USUBJID,ARM,AETERM,AESER,SOURCE
S0002,ARM1,neuropathy_-_motor,N,safety_v3:RESOLVED
S0002,ARM1,leukocytes,N,safety_v3:RESOLVED
S0002,ARM1,hypoalbuminemia,N,safety_v3:RESOLVED
S0003,ARM1,fatigue,N,safety_v3:RESOLVED
S0003,ARM1,platelets,N,safety_v3:RESOLVED
S0003,ARM1,seizures,N,safety_v3:RESOLVED
S0003,ARM1,neuropathy_-_motor,N,safety_v3:RESOLVED
S0003,ARM1,arthralgia,N,safety_v3:RESOLVED
S0003,ARM1,myalgia,N,safety_v3:RESOLVED
S0003,ARM1,dizziness,N,safety_v3:RESOLVED
S0003,ARM1,catheter_related_infection,N,safety_v3:RESOLVED
S0003,ARM1,depression_dominant,N,safety_v3:RESOLVED
S0003,ARM1,hypernatremia,N,safety_v3:RESOLVED
S0003,ARM1,coughing,N,safety_v3:RESOLVED
S0003,ARM1,leukocytes,N,safety_v3:RESOLVED
S0003,ARM1,hypocalcemia,N,safety_v3:RESOLVED
S0003,ARM1,hypoalbuminemia,N,safety_v3:RESOLVED
S0004,ARM1,fatigue,N,safety_v3:RESOLVED
S0004,ARM1,platelets,N,safety_v3:RESOLVED
S0004,ARM1,seizures,N,safety_v3:RESOLVED
S0004,ARM1,nausea,N,safety_v3:RESOLVED
S0004,ARM1,alopecia,N,safety_v3:RESOLVED
S0004,ARM1,hemoglobin_normal_12_16_gm,N,safety_v3:RESOLVED
S0004,ARM1,neuropathy_-_motor,N,safety_v3:RESOLVED
S0004,ARM1,arthralgia,N,safety_v3:RESOLVED
S0004,ARM1,myalgia,N,safety_v3:RESOLVED
S0004,ARM1,catheter_related_infection,N,safety_v3:RESOLVED
S0004,ARM1,sleeplessness,N,safety_v3:RESOLVED
S0004,ARM1,depression_dominant,N,safety_v3:RESOLVED
S0004,ARM1,dyspnea,N,safety_v3:RESOLVED
S0004,ARM1,hypernatremia,N,safety_v3:RESOLVED
S0004,ARM1,anemia,N,safety_v3:RESOLVED
S0004,ARM1,coughing,N,safety_v3:RESOLVED
S0004,ARM1,sweating,N,safety_v3:RESOLVED
S0004,ARM1,leukocytes,N,safety_v3:RESOLVED
S0004,ARM1,hypocalcemia,N,safety_v3:RESOLVED
S0004,ARM1,sensory_neuropathy,N,safety_v3:RESOLVED
S0004,ARM1,gastrointestinal,N,safety_v3:RESOLVED
S0004,ARM1,hypoalbuminemia,N,safety_v3:RESOLVED
S0005,ARM1,fatigue,N,safety_v3:RESOLVED
S0005,ARM1,platelets,N,safety_v3:RESOLVED
S0005,ARM1,seizures,N,safety_v3:RESOLVED
S0005,ARM1,constipation,N,safety_v3:RESOLVED
S0005,ARM1,nausea,N,safety_v3:RESOLVED
S0005,ARM1,alopecia,N,safety_v3:RESOLVED
S0005,ARM1,hemoglobin_normal_12_16_gm,N,safety_v3:RESOLVED
S0005,ARM1,neuropathy_-_motor,N,safety_v3:RESOLVED
S0005,ARM1,arthralgia,N,safety_v3:RESOLVED
S0005,ARM1,myalgia,N,safety_v3:RESOLVED
S0005,ARM1,vomiting,N,safety_v3:RESOLVED
S0005,ARM1,anorexia,N,safety_v3:RESOLVED
S0005,ARM1,dizziness,N,safety_v3:RESOLVED
S0005,ARM1,catheter_related_infection,N,safety_v3:RESOLVED
S0005,ARM1,sleeplessness,N,safety_v3:RESOLVED
S0005,ARM1,depression_dominant,N,safety_v3:RESOLVED
S0005,ARM1,dyspnea,N,safety_v3:RESOLVED
S0005,ARM1,hypernatremia,N,safety_v3:RESOLVED
S0005,ARM1,anemia,N,safety_v3:RESOLVED
S0005,ARM1,coughing,N,safety_v3:RESOLVED
S0005,ARM1,neutropenia,N,safety_v3:RESOLVED
S0005,ARM1,decreased_platelet_count,N,safety_v3:RESOLVED
S0005,ARM1,alanine_aminotransferase_increased,N,safety_v3:RESOLVED
S0005,ARM1,fever,N,safety_v3:RESOLVED
S0005,ARM1,leukocytes,N,safety_v3:RESOLVED
S0005,ARM1,hypocalcemia,N,safety_v3:RESOLVED
S0005,ARM1,hyponatremia,N,safety_v3:RESOLVED
S0005,ARM1,sensory_neuropathy,N,safety_v3:RESOLVED
S0005,ARM1,hypokalemia,N,safety_v3:RESOLVED
S0005,ARM1,gastrointestinal,N,safety_v3:RESOLVED
S0005,ARM1,hypoalbuminemia,N,safety_v3:RESOLVED
S0005,ARM1,rash_erythematous_macules_or_papules,N,safety_v3:RESOLVED
S0005,ARM1,blurred_vision,N,safety_v3:RESOLVED
S0005,ARM1,dry_skin,N,safety_v3:RESOLVED
S0005,ARM1,upper_respiratory_infections,N,safety_v3:RESOLVED
S0005,ARM1,platelets,Y,safety_v3:RESOLVED
S0005,ARM1,seizures,Y,safety_v3:RESOLVED
S0005,ARM1,neutrophils,Y,safety_v3:RESOLVED
S0005,ARM1,hemoglobin_normal_12_16_gm,Y,safety_v3:RESOLVED
S0010,ARM1,fatigue,N,safety_v3:RESOLVED
S0010,ARM1,platelets,N,safety_v3:RESOLVED
S0010,ARM1,seizures,N,safety_v3:RESOLVED
S0010,ARM1,constipation,N,safety_v3:RESOLVED
S0010,ARM1,alopecia,N,safety_v3:RESOLVED
S0010,ARM1,hemoglobin_normal_12_16_gm,N,safety_v3:RESOLVED
S0010,ARM1,neuropathy_-_motor,N,safety_v3:RESOLVED
S0010,ARM1,headache,N,safety_v3:RESOLVED
S0010,ARM1,arthralgia,N,safety_v3:RESOLVED
S0010,ARM1,myalgia,N,safety_v3:RESOLVED
S0010,ARM1,anorexia,N,safety_v3:RESOLVED
S0010,ARM1,dizziness,N,safety_v3:RESOLVED
S0010,ARM1,catheter_related_infection,N,safety_v3:RESOLVED
S0010,ARM1,sleeplessness,N,safety_v3:RESOLVED
S0010,ARM1,depression_dominant,N,safety_v3:RESOLVED
S0010,ARM1,dyspnea,N,safety_v3:RESOLVED
S0010,ARM1,hypernatremia,N,safety_v3:RESOLVED
S0010,ARM1,coughing,N,safety_v3:RESOLVED
S0010,ARM1,neutropenia,N,safety_v3:RESOLVED
S0010,ARM1,hypophosphatemia,N,safety_v3:RESOLVED
S0010,ARM1,diarrhea,N,safety_v3:RESOLVED
S0010,ARM1,sweating,N,safety_v3:RESOLVED
S0010,ARM1,fever,N,safety_v3:RESOLVED
S0010,ARM1,leukocytes,N,safety_v3:RESOLVED
S0010,ARM1,hypocalcemia,N,safety_v3:RESOLVED
S0010,ARM1,sensory_neuropathy,N,safety_v3:RESOLVED
S0010,ARM1,hypokalemia,N,safety_v3:RESOLVED
S0010,ARM1,gastrointestinal,N,safety_v3:RESOLVED
S0010,ARM1,hypoalbuminemia,N,safety_v3:RESOLVED
S0010,ARM1,rash_erythematous_macules_or_papules,N,safety_v3:RESOLVED
S0010,ARM1,dry_skin,N,safety_v3:RESOLVED
S0010,ARM1,platelets,Y,safety_v3:RESOLVED
S0010,ARM1,seizures,Y,safety_v3:RESOLVED
S0010,ARM1,thrombosis/thrombus/embolism,Y,safety_v3:RESOLVED
S0010,ARM1,neutropenia,Y,safety_v3:RESOLVED
S0011,ARM1,platelets,N,safety_v3:RESOLVED
S0011,ARM1,alopecia,N,safety_v3:RESOLVED
S0011,ARM1,hemoglobin_normal_12_16_gm,N,safety_v3:RESOLVED
S0011,ARM1,neuropathy_-_motor,N,safety_v3:RESOLVED
S0011,ARM1,arthralgia,N,safety_v3:RESOLVED
S0011,ARM1,myalgia,N,safety_v3:RESOLVED
S0011,ARM1,catheter_related_infection,N,safety_v3:RESOLVED
S0011,ARM1,depression_dominant,N,safety_v3:RESOLVED
S0011,ARM1,hypernatremia,N,safety_v3:RESOLVED
S0011,ARM1,leukocytes,N,safety_v3:RESOLVED
S0011,ARM1,hypocalcemia,N,safety_v3:RESOLVED
S0011,ARM1,sensory_neuropathy,N,safety_v3:RESOLVED
S0011,ARM1,hypoalbuminemia,N,safety_v3:RESOLVED
S0012,ARM1,fatigue,N,safety_v3:RESOLVED
S0012,ARM1,seizures,N,safety_v3:RESOLVED
S0012,ARM1,constipation,N,safety_v3:RESOLVED
S0012,ARM1,alopecia,N,safety_v3:RESOLVED
S0012,ARM1,neuropathy_-_motor,N,safety_v3:RESOLVED
S0012,ARM1,myalgia,N,safety_v3:RESOLVED
S0012,ARM1,catheter_related_infection,N,safety_v3:RESOLVED
S0012,ARM1,sleeplessness,N,safety_v3:RESOLVED
S0012,ARM1,depression_dominant,N,safety_v3:RESOLVED
S0012,ARM1,hypernatremia,N,safety_v3:RESOLVED
S0012,ARM1,coughing,N,safety_v3:RESOLVED
S0012,ARM1,leukocytes,N,safety_v3:RESOLVED
S0012,ARM1,hypocalcemia,N,safety_v3:RESOLVED
S0012,ARM1,sensory_neuropathy,N,safety_v3:RESOLVED
S0012,ARM1,hypoalbuminemia,N,safety_v3:RESOLVED
S0013,ARM1,seizures,N,safety_v3:RESOLVED
S0013,ARM1,constipation,N,safety_v3:RESOLVED
S0013,ARM1,alopecia,N,safety_v3:RESOLVED
S0013,ARM1,hemoglobin_normal_12_16_gm,N,safety_v3:RESOLVED
S0013,ARM1,neuropathy_-_motor,N,safety_v3:RESOLVED
S0013,ARM1,arthralgia,N,safety_v3:RESOLVED
S0013,ARM1,myalgia,N,safety_v3:RESOLVED
S0013,ARM1,catheter_related_infection,N,safety_v3:RESOLVED
S0013,ARM1,sleeplessness,N,safety_v3:RESOLVED
S0013,ARM1,depression_dominant,N,safety_v3:RESOLVED
S0013,ARM1,hypernatremia,N,safety_v3:RESOLVED
S0013,ARM1,coughing,N,safety_v3:RESOLVED
S0013,ARM1,leukocytes,N,safety_v3:RESOLVED
S0013,ARM1,hypocalcemia,N,safety_v3:RESOLVED
S0013,ARM1,sensory_neuropathy,N,safety_v3:RESOLVED
S0013,ARM1,hypoalbuminemia,N,safety_v3:RESOLVED
S0014,ARM1,fatigue,N,safety_v3:RESOLVED
S0014,ARM1,platelets,N,safety_v3:RESOLVED
S0014,ARM1,seizures,N,safety_v3:RESOLVED
S0014,ARM1,constipation,N,safety_v3:RESOLVED
S0014,ARM1,nausea,N,safety_v3:RESOLVED
S0014,ARM1,alopecia,N,safety_v3:RESOLVED
S0014,ARM1,hemoglobin_normal_12_16_gm,N,safety_v3:RESOLVED
S0014,ARM1,neuropathy_-_motor,N,safety_v3:RESOLVED
S0014,ARM1,headache,N,safety_v3:RESOLVED
S0014,ARM1,arthralgia,N,safety_v3:RESOLVED
S0014,ARM1,myalgia,N,safety_v3:RESOLVED
S0014,ARM1,vomiting,N,safety_v3:RESOLVED
S0014,ARM1,anorexia,N,safety_v3:RESOLVED
S0014,ARM1,dizziness,N,safety_v3:RESOLVED
S0014,ARM1,muscle_weakness,N,safety_v3:RESOLVED
S0014,ARM1,catheter_related_infection,N,safety_v3:RESOLVED
S0014,ARM1,sleeplessness,N,safety_v3:RESOLVED
S0014,ARM1,depression_dominant,N,safety_v3:RESOLVED
S0014,ARM1,dyspnea,N,safety_v3:RESOLVED
S0014,ARM1,hypernatremia,N,safety_v3:RESOLVED
S0014,ARM1,anemia,N,safety_v3:RESOLVED
S0014,ARM1,hypercholesterolemia,N,safety_v3:RESOLVED
S0014,ARM1,coughing,N,safety_v3:RESOLVED
S0014,ARM1,anxiety,N,safety_v3:RESOLVED
S0014,ARM1,neutropenia,N,safety_v3:RESOLVED
S0014,ARM1,hypophosphatemia,N,safety_v3:RESOLVED
S0014,ARM1,diarrhea,N,safety_v3:RESOLVED
S0014,ARM1,alanine_aminotransferase_increased,N,safety_v3:RESOLVED
S0014,ARM1,sweating,N,safety_v3:RESOLVED
S0014,ARM1,pain_other,N,safety_v3:RESOLVED
S0014,ARM1,fever,N,safety_v3:RESOLVED
S0014,ARM1,leukocytes,N,safety_v3:RESOLVED
S0014,ARM1,hypocalcemia,N,safety_v3:RESOLVED
S0014,ARM1,hyponatremia,N,safety_v3:RESOLVED
S0014,ARM1,sensory_neuropathy,N,safety_v3:RESOLVED
S0014,ARM1,weight_loss,N,safety_v3:RESOLVED
S0014,ARM1,hypokalemia,N,safety_v3:RESOLVED
S0014,ARM1,gastrointestinal,N,safety_v3:RESOLVED
S0014,ARM1,hypoalbuminemia,N,safety_v3:RESOLVED
S0014,ARM1,neutrophils,N,safety_v3:RESOLVED
S0014,ARM1,blurred_vision,N,safety_v3:RESOLVED
S0014,ARM1,hypesthesia,N,safety_v3:RESOLVED
S0014,ARM1,dry_skin,N,safety_v3:RESOLVED
S0014,ARM1,platelets,Y,safety_v3:RESOLVED
S0014,ARM1,seizures,Y,safety_v3:RESOLVED
S0014,ARM1,thrombosis/thrombus/embolism,Y,safety_v3:RESOLVED
S0014,ARM1,neutrophils,Y,safety_v3:RESOLVED
S0014,ARM1,white_blood_cell_count_decreased,Y,safety_v3:RESOLVED
S0014,ARM1,hemoglobin_normal_12_16_gm,Y,safety_v3:RESOLVED
S0016,ARM1,fatigue,N,safety_v3:RESOLVED
S0016,ARM1,platelets,N,safety_v3:RESOLVED
S0016,ARM1,seizures,N,safety_v3:RESOLVED
S0016,ARM1,constipation,N,safety_v3:RESOLVED
S0016,ARM1,nausea,N,safety_v3:RESOLVED
S0016,ARM1,alopecia,N,safety_v3:RESOLVED
S0016,ARM1,neuropathy_-_motor,N,safety_v3:RESOLVED
S0016,ARM1,arthralgia,N,safety_v3:RESOLVED
S0016,ARM1,myalgia,N,safety_v3:RESOLVED
S0016,ARM1,catheter_related_infection,N,safety_v3:RESOLVED
S0016,ARM1,sleeplessness,N,safety_v3:RESOLVED
S0016,ARM1,depression_dominant,N,safety_v3:RESOLVED
S0016,ARM1,dyspnea,N,safety_v3:RESOLVED
S0016,ARM1,hypernatremia,N,safety_v3:RESOLVED
S0016,ARM1,coughing,N,safety_v3:RESOLVED
S0016,ARM1,hypophosphatemia,N,safety_v3:RESOLVED
S0016,ARM1,sweating,N,safety_v3:RESOLVED
S0016,ARM1,leukocytes,N,safety_v3:RESOLVED
S0016,ARM1,hypocalcemia,N,safety_v3:RESOLVED
S0016,ARM1,sensory_neuropathy,N,safety_v3:RESOLVED
S0016,ARM1,hypoalbuminemia,N,safety_v3:RESOLVED
S0023,ARM1,fatigue,N,safety_v3:RESOLVED
S0023,ARM1,seizures,N,safety_v3:RESOLVED
S0023,ARM1,constipation,N,safety_v3:RESOLVED
S0023,ARM1,alopecia,N,safety_v3:RESOLVED
S0023,ARM1,neuropathy_-_motor,N,safety_v3:RESOLVED
S0023,ARM1,arthralgia,N,safety_v3:RESOLVED
S0023,ARM1,myalgia,N,safety_v3:RESOLVED
S0023,ARM1,anorexia,N,safety_v3:RESOLVED
S0023,ARM1,dizziness,N,safety_v3:RESOLVED
S0023,ARM1,catheter_related_infection,N,safety_v3:RESOLVED
S0023,ARM1,depression_dominant,N,safety_v3:RESOLVED
S0023,ARM1,hypernatremia,N,safety_v3:RESOLVED
S0023,ARM1,anemia,N,safety_v3:RESOLVED
S0023,ARM1,coughing,N,safety_v3:RESOLVED
S0023,ARM1,leukocytes,N,safety_v3:RESOLVED
S0023,ARM1,hypocalcemia,N,safety_v3:RESOLVED
S0023,ARM1,sensory_neuropathy,N,safety_v3:RESOLVED
S0023,ARM1,gastrointestinal,N,safety_v3:RESOLVED
S0023,ARM1,hypoalbuminemia,N,safety_v3:RESOLVED
S0023,ARM1,blurred_vision,N,safety_v3:RESOLVED
S0025,ARM1,seizures,N,safety_v3:RESOLVED
S0025,ARM1,neuropathy_-_motor,N,safety_v3:RESOLVED
S0025,ARM1,arthralgia,N,safety_v3:RESOLVED
S0025,ARM1,myalgia,N,safety_v3:RESOLVED
S0025,ARM1,catheter_related_infection,N,safety_v3:RESOLVED
S0025,ARM1,depression_dominant,N,safety_v3:RESOLVED
S0025,ARM1,dyspnea,N,safety_v3:RESOLVED
S0025,ARM1,hypernatremia,N,safety_v3:RESOLVED
S0025,ARM1,leukocytes,N,safety_v3:RESOLVED
S0025,ARM1,hypocalcemia,N,safety_v3:RESOLVED
S0025,ARM1,sensory_neuropathy,N,safety_v3:RESOLVED
S0025,ARM1,hypoalbuminemia,N,safety_v3:RESOLVED
S0028,ARM1,fatigue,N,safety_v3:RESOLVED
S0028,ARM1,seizures,N,safety_v3:RESOLVED
S0028,ARM1,constipation,N,safety_v3:RESOLVED
S0028,ARM1,alopecia,N,safety_v3:RESOLVED
S0028,ARM1,neuropathy_-_motor,N,safety_v3:RESOLVED
S0028,ARM1,myalgia,N,safety_v3:RESOLVED
S0028,ARM1,catheter_related_infection,N,safety_v3:RESOLVED
S0028,ARM1,sleeplessness,N,safety_v3:RESOLVED
S0028,ARM1,depression_dominant,N,safety_v3:RESOLVED
S0028,ARM1,dyspnea,N,safety_v3:RESOLVED
S0028,ARM1,hypernatremia,N,safety_v3:RESOLVED
S0028,ARM1,coughing,N,safety_v3:RESOLVED
S0028,ARM1,alanine_aminotransferase_increased,N,safety_v3:RESOLVED
S0028,ARM1,leukocytes,N,safety_v3:RESOLVED
S0028,ARM1,hypocalcemia,N,safety_v3:RESOLVED
S0028,ARM1,hypoalbuminemia,N,safety_v3:RESOLVED
S0029,ARM1,seizures,N,safety_v3:RESOLVED
S0029,ARM1,neuropathy_-_motor,N,safety_v3:RESOLVED
S0029,ARM1,arthralgia,N,safety_v3:RESOLVED
S0029,ARM1,myalgia,N,safety_v3:RESOLVED
S0029,ARM1,catheter_related_infection,N,safety_v3:RESOLVED
S0029,ARM1,depression_dominant,N,safety_v3:RESOLVED
S0029,ARM1,hypernatremia,N,safety_v3:RESOLVED
S0029,ARM1,leukocytes,N,safety_v3:RESOLVED
S0029,ARM1,sensory_neuropathy,N,safety_v3:RESOLVED
S0029,ARM1,hypoalbuminemia,N,safety_v3:RESOLVED
S0031,ARM1,fatigue,N,safety_v3:RESOLVED
S0031,ARM1,seizures,N,safety_v3:RESOLVED
S0031,ARM1,nausea,N,safety_v3:RESOLVED
S0031,ARM1,alopecia,N,safety_v3:RESOLVED
S0031,ARM1,neuropathy_-_motor,N,safety_v3:RESOLVED
S0031,ARM1,arthralgia,N,safety_v3:RESOLVED
S0031,ARM1,myalgia,N,safety_v3:RESOLVED
S0031,ARM1,anorexia,N,safety_v3:RESOLVED
S0031,ARM1,dizziness,N,safety_v3:RESOLVED
S0031,ARM1,catheter_related_infection,N,safety_v3:RESOLVED
S0031,ARM1,sleeplessness,N,safety_v3:RESOLVED
S0031,ARM1,depression_dominant,N,safety_v3:RESOLVED
S0031,ARM1,hypernatremia,N,safety_v3:RESOLVED
S0031,ARM1,anemia,N,safety_v3:RESOLVED
S0031,ARM1,coughing,N,safety_v3:RESOLVED
S0031,ARM1,neutropenia,N,safety_v3:RESOLVED
S0031,ARM1,leukocytes,N,safety_v3:RESOLVED
S0031,ARM1,hypocalcemia,N,safety_v3:RESOLVED
S0031,ARM1,sensory_neuropathy,N,safety_v3:RESOLVED
S0031,ARM1,hypoalbuminemia,N,safety_v3:RESOLVED
S0031,ARM1,platelets,Y,safety_v3:RESOLVED
S0031,ARM1,neutrophils,Y,safety_v3:RESOLVED
S0033,ARM1,nausea,N,safety_v3:RESOLVED
S0033,ARM1,neuropathy_-_motor,N,safety_v3:RESOLVED
S0033,ARM1,myalgia,N,safety_v3:RESOLVED
S0033,ARM1,catheter_related_infection,N,safety_v3:RESOLVED
S0033,ARM1,depression_dominant,N,safety_v3:RESOLVED
S0033,ARM1,hypernatremia,N,safety_v3:RESOLVED
S0033,ARM1,coughing,N,safety_v3:RESOLVED
S0033,ARM1,leukocytes,N,safety_v3:RESOLVED
S0033,ARM1,sensory_neuropathy,N,safety_v3:RESOLVED
S0033,ARM1,gastrointestinal,N,safety_v3:RESOLVED
S0033,ARM1,hypoalbuminemia,N,safety_v3:RESOLVED
S0033,ARM1,blurred_vision,N,safety_v3:RESOLVED
S0034,ARM1,seizures,N,safety_v3:RESOLVED
S0034,ARM1,neuropathy_-_motor,N,safety_v3:RESOLVED
S0034,ARM1,myalgia,N,safety_v3:RESOLVED
S0034,ARM1,depression_dominant,N,safety_v3:RESOLVED
S0034,ARM1,hypernatremia,N,safety_v3:RESOLVED
S0034,ARM1,leukocytes,N,safety_v3:RESOLVED
S0034,ARM1,hypocalcemia,N,safety_v3:RESOLVED
S0034,ARM1,sensory_neuropathy,N,safety_v3:RESOLVED
S0034,ARM1,hypoalbuminemia,N,safety_v3:RESOLVED
S0036,ARM1,fatigue,N,safety_v3:RESOLVED
S0036,ARM1,platelets,N,safety_v3:RESOLVED
S0036,ARM1,seizures,N,safety_v3:RESOLVED
S0036,ARM1,constipation,N,safety_v3:RESOLVED
S0036,ARM1,alopecia,N,safety_v3:RESOLVED
S0036,ARM1,hemoglobin_normal_12_16_gm,N,safety_v3:RESOLVED
S0036,ARM1,neuropathy_-_motor,N,safety_v3:RESOLVED
S0036,ARM1,arthralgia,N,safety_v3:RESOLVED
S0036,ARM1,myalgia,N,safety_v3:RESOLVED
S0036,ARM1,anorexia,N,safety_v3:RESOLVED
S0036,ARM1,dizziness,N,safety_v3:RESOLVED
S0036,ARM1,catheter_related_infection,N,safety_v3:RESOLVED
S0036,ARM1,depression_dominant,N,safety_v3:RESOLVED
S0036,ARM1,hypernatremia,N,safety_v3:RESOLVED
S0036,ARM1,coughing,N,safety_v3:RESOLVED
S0036,ARM1,sweating,N,safety_v3:RESOLVED
S0036,ARM1,fever,N,safety_v3:RESOLVED
S0036,ARM1,leukocytes,N,safety_v3:RESOLVED
S0036,ARM1,hypocalcemia,N,safety_v3:RESOLVED
S0036,ARM1,sensory_neuropathy,N,safety_v3:RESOLVED
S0036,ARM1,gastrointestinal,N,safety_v3:RESOLVED
S0036,ARM1,hypoalbuminemia,N,safety_v3:RESOLVED
S0036,ARM1,blurred_vision,N,safety_v3:RESOLVED
S0036,ARM1,seizures,Y,safety_v3:RESOLVED
S0037,ARM1,seizures,N,safety_v3:RESOLVED
S0037,ARM1,neuropathy_-_motor,N,safety_v3:RESOLVED
S0037,ARM1,myalgia,N,safety_v3:RESOLVED
S0037,ARM1,anorexia,N,safety_v3:RESOLVED
S0037,ARM1,depression_dominant,N,safety_v3:RESOLVED
S0037,ARM1,hypernatremia,N,safety_v3:RESOLVED
S0037,ARM1,leukocytes,N,safety_v3:RESOLVED
S0037,ARM1,sensory_neuropathy,N,safety_v3:RESOLVED
S0037,ARM1,hypoalbuminemia,N,safety_v3:RESOLVED
S0039,ARM1,fatigue,N,safety_v3:RESOLVED
S0039,ARM1,platelets,N,safety_v3:RESOLVED
S0039,ARM1,seizures,N,safety_v3:RESOLVED
S0039,ARM1,constipation,N,safety_v3:RESOLVED
S0039,ARM1,nausea,N,safety_v3:RESOLVED
S0039,ARM1,alopecia,N,safety_v3:RESOLVED
S0039,ARM1,neuropathy_-_motor,N,safety_v3:RESOLVED
S0039,ARM1,headache,N,safety_v3:RESOLVED
S0039,ARM1,arthralgia,N,safety_v3:RESOLVED
S0039,ARM1,myalgia,N,safety_v3:RESOLVED
S0039,ARM1,anorexia,N,safety_v3:RESOLVED
S0039,ARM1,catheter_related_infection,N,safety_v3:RESOLVED
S0039,ARM1,sleeplessness,N,safety_v3:RESOLVED
S0039,ARM1,depression_dominant,N,safety_v3:RESOLVED
S0039,ARM1,hypernatremia,N,safety_v3:RESOLVED
S0039,ARM1,coughing,N,safety_v3:RESOLVED
S0039,ARM1,hypophosphatemia,N,safety_v3:RESOLVED
S0039,ARM1,sweating,N,safety_v3:RESOLVED
S0039,ARM1,fever,N,safety_v3:RESOLVED
S0039,ARM1,leukocytes,N,safety_v3:RESOLVED
S0039,ARM1,hypocalcemia,N,safety_v3:RESOLVED
S0039,ARM1,sensory_neuropathy,N,safety_v3:RESOLVED
S0039,ARM1,gastrointestinal,N,safety_v3:RESOLVED
S0039,ARM1,hypoalbuminemia,N,safety_v3:RESOLVED
S0039,ARM1,blurred_vision,N,safety_v3:RESOLVED
S0039,ARM1,dry_skin,N,safety_v3:RESOLVED
S0039,ARM1,seizures,Y,safety_v3:RESOLVED
S0039,ARM1,neutrophils,Y,safety_v3:RESOLVED
S0043,ARM1,fatigue,N,safety_v3:RESOLVED
S0043,ARM1,platelets,N,safety_v3:RESOLVED
S0043,ARM1,seizures,N,safety_v3:RESOLVED
S0043,ARM1,constipation,N,safety_v3:RESOLVED
S0043,ARM1,nausea,N,safety_v3:RESOLVED
S0043,ARM1,alopecia,N,safety_v3:RESOLVED
S0043,ARM1,hemoglobin_normal_12_16_gm,N,safety_v3:RESOLVED
S0043,ARM1,neuropathy_-_motor,N,safety_v3:RESOLVED
S0043,ARM1,headache,N,safety_v3:RESOLVED
S0043,ARM1,arthralgia,N,safety_v3:RESOLVED
S0043,ARM1,myalgia,N,safety_v3:RESOLVED
S0043,ARM1,vomiting,N,safety_v3:RESOLVED
S0043,ARM1,anorexia,N,safety_v3:RESOLVED
S0043,ARM1,dizziness,N,safety_v3:RESOLVED
S0043,ARM1,catheter_related_infection,N,safety_v3:RESOLVED
S0043,ARM1,sleeplessness,N,safety_v3:RESOLVED
S0043,ARM1,depression_dominant,N,safety_v3:RESOLVED
S0043,ARM1,dyspnea,N,safety_v3:RESOLVED
S0043,ARM1,hypernatremia,N,safety_v3:RESOLVED
S0043,ARM1,anemia,N,safety_v3:RESOLVED
S0043,ARM1,coughing,N,safety_v3:RESOLVED
S0043,ARM1,anxiety,N,safety_v3:RESOLVED
S0043,ARM1,neutropenia,N,safety_v3:RESOLVED
S0043,ARM1,hypophosphatemia,N,safety_v3:RESOLVED
S0043,ARM1,diarrhea,N,safety_v3:RESOLVED
S0043,ARM1,alanine_aminotransferase_increased,N,safety_v3:RESOLVED
S0043,ARM1,sweating,N,safety_v3:RESOLVED
S0043,ARM1,pain_other,N,safety_v3:RESOLVED
S0043,ARM1,fever,N,safety_v3:RESOLVED
S0043,ARM1,leukocytes,N,safety_v3:RESOLVED
S0043,ARM1,hypocalcemia,N,safety_v3:RESOLVED
S0043,ARM1,sensory_neuropathy,N,safety_v3:RESOLVED
S0043,ARM1,gastrointestinal,N,safety_v3:RESOLVED
S0043,ARM1,hypoalbuminemia,N,safety_v3:RESOLVED
S0043,ARM1,blurred_vision,N,safety_v3:RESOLVED
S0043,ARM1,upper_respiratory_infections,N,safety_v3:RESOLVED
S0043,ARM1,platelets,Y,safety_v3:RESOLVED
S0043,ARM1,seizures,Y,safety_v3:RESOLVED
S0043,ARM1,neutrophils,Y,safety_v3:RESOLVED
S0043,ARM1,hemoglobin_normal_12_16_gm,Y,safety_v3:RESOLVED
S0044,ARM1,neuropathy_-_motor,N,safety_v3:RESOLVED
S0044,ARM1,myalgia,N,safety_v3:RESOLVED
S0044,ARM1,depression_dominant,N,safety_v3:RESOLVED
S0044,ARM1,hypernatremia,N,safety_v3:RESOLVED
S0044,ARM1,leukocytes,N,safety_v3:RESOLVED
S0044,ARM1,hypoalbuminemia,N,safety_v3:RESOLVED
S0045,ARM1,fatigue,N,safety_v3:RESOLVED
S0045,ARM1,platelets,N,safety_v3:RESOLVED
S0045,ARM1,seizures,N,safety_v3:RESOLVED
S0045,ARM1,constipation,N,safety_v3:RESOLVED
S0045,ARM1,nausea,N,safety_v3:RESOLVED
S0045,ARM1,alopecia,N,safety_v3:RESOLVED
S0045,ARM1,hemoglobin_normal_12_16_gm,N,safety_v3:RESOLVED
S0045,ARM1,neuropathy_-_motor,N,safety_v3:RESOLVED
S0045,ARM1,headache,N,safety_v3:RESOLVED
S0045,ARM1,arthralgia,N,safety_v3:RESOLVED
S0045,ARM1,myalgia,N,safety_v3:RESOLVED
S0045,ARM1,anorexia,N,safety_v3:RESOLVED
S0045,ARM1,dizziness,N,safety_v3:RESOLVED
S0045,ARM1,catheter_related_infection,N,safety_v3:RESOLVED
S0045,ARM1,sleeplessness,N,safety_v3:RESOLVED
S0045,ARM1,depression_dominant,N,safety_v3:RESOLVED
S0045,ARM1,dyspnea,N,safety_v3:RESOLVED
S0045,ARM1,hypernatremia,N,safety_v3:RESOLVED
S0045,ARM1,anemia,N,safety_v3:RESOLVED
S0045,ARM1,coughing,N,safety_v3:RESOLVED
S0045,ARM1,neutropenia,N,safety_v3:RESOLVED
S0045,ARM1,sweating,N,safety_v3:RESOLVED
S0045,ARM1,peripheral_motor_neuropathy,N,safety_v3:RESOLVED
S0045,ARM1,fever,N,safety_v3:RESOLVED
S0045,ARM1,leukocytes,N,safety_v3:RESOLVED
S0045,ARM1,hypocalcemia,N,safety_v3:RESOLVED
S0045,ARM1,sensory_neuropathy,N,safety_v3:RESOLVED
S0045,ARM1,hyperglycemia,N,safety_v3:RESOLVED
S0045,ARM1,hypokalemia,N,safety_v3:RESOLVED
S0045,ARM1,gastrointestinal,N,safety_v3:RESOLVED
S0045,ARM1,hypoalbuminemia,N,safety_v3:RESOLVED
S0045,ARM1,blurred_vision,N,safety_v3:RESOLVED
S0045,ARM1,dry_skin,N,safety_v3:RESOLVED
S0045,ARM1,platelets,Y,safety_v3:RESOLVED
S0045,ARM1,neutrophils,Y,safety_v3:RESOLVED
S0047,ARM1,fatigue,N,safety_v3:RESOLVED
S0047,ARM1,platelets,N,safety_v3:RESOLVED
S0047,ARM1,seizures,N,safety_v3:RESOLVED
S0047,ARM1,constipation,N,safety_v3:RESOLVED
S0047,ARM1,nausea,N,safety_v3:RESOLVED
S0047,ARM1,alopecia,N,safety_v3:RESOLVED
S0047,ARM1,hemoglobin_normal_12_16_gm,N,safety_v3:RESOLVED
S0047,ARM1,neuropathy_-_motor,N,safety_v3:RESOLVED
S0047,ARM1,arthralgia,N,safety_v3:RESOLVED
S0047,ARM1,myalgia,N,safety_v3:RESOLVED
S0047,ARM1,vomiting,N,safety_v3:RESOLVED
S0047,ARM1,anorexia,N,safety_v3:RESOLVED
S0047,ARM1,dizziness,N,safety_v3:RESOLVED
S0047,ARM1,muscle_weakness,N,safety_v3:RESOLVED
S0047,ARM1,catheter_related_infection,N,safety_v3:RESOLVED
S0047,ARM1,sleeplessness,N,safety_v3:RESOLVED
S0047,ARM1,depression_dominant,N,safety_v3:RESOLVED
S0047,ARM1,dyspnea,N,safety_v3:RESOLVED
S0047,ARM1,hypernatremia,N,safety_v3:RESOLVED
S0047,ARM1,anemia,N,safety_v3:RESOLVED
S0047,ARM1,coughing,N,safety_v3:RESOLVED
S0047,ARM1,anxiety,N,safety_v3:RESOLVED
S0047,ARM1,hypophosphatemia,N,safety_v3:RESOLVED
S0047,ARM1,sweating,N,safety_v3:RESOLVED
S0047,ARM1,fever,N,safety_v3:RESOLVED
S0047,ARM1,leukocytes,N,safety_v3:RESOLVED
S0047,ARM1,hypocalcemia,N,safety_v3:RESOLVED
S0047,ARM1,sensory_neuropathy,N,safety_v3:RESOLVED
S0047,ARM1,hypokalemia,N,safety_v3:RESOLVED
S0047,ARM1,gastrointestinal,N,safety_v3:RESOLVED
S0047,ARM1,hypoalbuminemia,N,safety_v3:RESOLVED
S0047,ARM1,rash_erythematous_macules_or_papules,N,safety_v3:RESOLVED
S0047,ARM1,blurred_vision,N,safety_v3:RESOLVED
S0047,ARM1,leukocytes_(total_wbc),N,safety_v3:RESOLVED
S0047,ARM1,dry_skin,N,safety_v3:RESOLVED
S0047,ARM1,upper_respiratory_infections,N,safety_v3:RESOLVED
S0047,ARM1,platelets,Y,safety_v3:RESOLVED
S0047,ARM1,seizures,Y,safety_v3:RESOLVED
S0047,ARM1,thrombosis/thrombus/embolism,Y,safety_v3:RESOLVED
S0047,ARM1,neutrophils,Y,safety_v3:RESOLVED
S0047,ARM1,hypokalemia,Y,safety_v3:RESOLVED
S0049,ARM1,fatigue,N,safety_v3:RESOLVED
S0049,ARM1,platelets,N,safety_v3:RESOLVED
S0049,ARM1,seizures,N,safety_v3:RESOLVED
S0049,ARM1,constipation,N,safety_v3:RESOLVED
S0049,ARM1,alopecia,N,safety_v3:RESOLVED
S0049,ARM1,hemoglobin_normal_12_16_gm,N,safety_v3:RESOLVED
S0049,ARM1,neuropathy_-_motor,N,safety_v3:RESOLVED
S0049,ARM1,arthralgia,N,safety_v3:RESOLVED
S0049,ARM1,myalgia,N,safety_v3:RESOLVED
S0049,ARM1,anorexia,N,safety_v3:RESOLVED
S0049,ARM1,dizziness,N,safety_v3:RESOLVED
S0049,ARM1,catheter_related_infection,N,safety_v3:RESOLVED
S0049,ARM1,depression_dominant,N,safety_v3:RESOLVED
S0049,ARM1,hypernatremia,N,safety_v3:RESOLVED
S0049,ARM1,coughing,N,safety_v3:RESOLVED
S0049,ARM1,anxiety,N,safety_v3:RESOLVED
S0049,ARM1,neutropenia,N,safety_v3:RESOLVED
S0049,ARM1,fever,N,safety_v3:RESOLVED
S0049,ARM1,leukocytes,N,safety_v3:RESOLVED
S0049,ARM1,hypocalcemia,N,safety_v3:RESOLVED
S0049,ARM1,hypoalbuminemia,N,safety_v3:RESOLVED
S0049,ARM1,blurred_vision,N,safety_v3:RESOLVED
S0049,ARM1,platelets,Y,safety_v3:RESOLVED
S0049,ARM1,seizures,Y,safety_v3:RESOLVED
S0053,ARM1,fatigue,N,safety_v3:RESOLVED
S0053,ARM1,seizures,N,safety_v3:RESOLVED
S0053,ARM1,constipation,N,safety_v3:RESOLVED
S0053,ARM1,nausea,N,safety_v3:RESOLVED
S0053,ARM1,alopecia,N,safety_v3:RESOLVED
S0053,ARM1,hemoglobin_normal_12_16_gm,N,safety_v3:RESOLVED
S0053,ARM1,neuropathy_-_motor,N,safety_v3:RESOLVED
S0053,ARM1,headache,N,safety_v3:RESOLVED
S0053,ARM1,arthralgia,N,safety_v3:RESOLVED
S0053,ARM1,myalgia,N,safety_v3:RESOLVED
S0053,ARM1,anorexia,N,safety_v3:RESOLVED
S0053,ARM1,dizziness,N,safety_v3:RESOLVED
S0053,ARM1,catheter_related_infection,N,safety_v3:RESOLVED
S0053,ARM1,sleeplessness,N,safety_v3:RESOLVED
S0053,ARM1,depression_dominant,N,safety_v3:RESOLVED
S0053,ARM1,dyspnea,N,safety_v3:RESOLVED
S0053,ARM1,hypernatremia,N,safety_v3:RESOLVED
S0053,ARM1,anemia,N,safety_v3:RESOLVED
S0053,ARM1,hypercholesterolemia,N,safety_v3:RESOLVED
S0053,ARM1,coughing,N,safety_v3:RESOLVED
S0053,ARM1,anxiety,N,safety_v3:RESOLVED
S0053,ARM1,hypophosphatemia,N,safety_v3:RESOLVED
S0053,ARM1,diarrhea,N,safety_v3:RESOLVED
S0053,ARM1,alanine_aminotransferase_increased,N,safety_v3:RESOLVED
S0053,ARM1,sweating,N,safety_v3:RESOLVED
S0053,ARM1,fever,N,safety_v3:RESOLVED
S0053,ARM1,leukocytes,N,safety_v3:RESOLVED
S0053,ARM1,hypocalcemia,N,safety_v3:RESOLVED
S0053,ARM1,sensory_neuropathy,N,safety_v3:RESOLVED
S0053,ARM1,gastrointestinal,N,safety_v3:RESOLVED
S0053,ARM1,hypoalbuminemia,N,safety_v3:RESOLVED
S0053,ARM1,blurred_vision,N,safety_v3:RESOLVED
S0053,ARM1,dry_skin,N,safety_v3:RESOLVED
S0053,ARM1,upper_respiratory_infections,N,safety_v3:RESOLVED
S0053,ARM1,seizures,Y,safety_v3:RESOLVED
S0053,ARM1,thrombosis/thrombus/embolism,Y,safety_v3:RESOLVED
S0053,ARM1,white_blood_cell_count_decreased,Y,safety_v3:RESOLVED
S0056,ARM1,fatigue,N,safety_v3:RESOLVED
S0056,ARM1,platelets,N,safety_v3:RESOLVED
S0056,ARM1,seizures,N,safety_v3:RESOLVED
S0056,ARM1,constipation,N,safety_v3:RESOLVED
S0056,ARM1,nausea,N,safety_v3:RESOLVED
S0056,ARM1,alopecia,N,safety_v3:RESOLVED
S0056,ARM1,hemoglobin_normal_12_16_gm,N,safety_v3:RESOLVED
S0056,ARM1,neuropathy_-_motor,N,safety_v3:RESOLVED
S0056,ARM1,arthralgia,N,safety_v3:RESOLVED
S0056,ARM1,myalgia,N,safety_v3:RESOLVED
S0056,ARM1,anorexia,N,safety_v3:RESOLVED
S0056,ARM1,dizziness,N,safety_v3:RESOLVED
S0056,ARM1,catheter_related_infection,N,safety_v3:RESOLVED
S0056,ARM1,sleeplessness,N,safety_v3:RESOLVED
S0056,ARM1,depression_dominant,N,safety_v3:RESOLVED
S0056,ARM1,dyspnea,N,safety_v3:RESOLVED
S0056,ARM1,hypernatremia,N,safety_v3:RESOLVED
S0056,ARM1,coughing,N,safety_v3:RESOLVED
S0056,ARM1,neutropenia,N,safety_v3:RESOLVED
S0056,ARM1,leukocytes,N,safety_v3:RESOLVED
S0056,ARM1,hypocalcemia,N,safety_v3:RESOLVED
S0056,ARM1,sensory_neuropathy,N,safety_v3:RESOLVED
S0056,ARM1,gastrointestinal,N,safety_v3:RESOLVED
S0056,ARM1,hypoalbuminemia,N,safety_v3:RESOLVED
S0056,ARM1,leukocytes_(total_wbc),N,safety_v3:RESOLVED
S0056,ARM1,dry_skin,N,safety_v3:RESOLVED
S0056,ARM1,platelets,Y,safety_v3:RESOLVED
S0056,ARM1,seizures,Y,safety_v3:RESOLVED
S0056,ARM1,hemoglobin_normal_12_16_gm,Y,safety_v3:RESOLVED
S0058,ARM1,neuropathy_-_motor,N,safety_v3:RESOLVED
S0058,ARM1,arthralgia,N,safety_v3:RESOLVED
S0058,ARM1,myalgia,N,safety_v3:RESOLVED
S0058,ARM1,catheter_related_infection,N,safety_v3:RESOLVED
S0058,ARM1,depression_dominant,N,safety_v3:RESOLVED
S0058,ARM1,hypernatremia,N,safety_v3:RESOLVED
S0058,ARM1,neutropenia,N,safety_v3:RESOLVED
S0058,ARM1,leukocytes,N,safety_v3:RESOLVED
S0058,ARM1,hypocalcemia,N,safety_v3:RESOLVED
S0058,ARM1,hypoalbuminemia,N,safety_v3:RESOLVED
S0059,ARM1,seizures,N,safety_v3:RESOLVED
S0059,ARM1,nausea,N,safety_v3:RESOLVED
S0059,ARM1,alopecia,N,safety_v3:RESOLVED
S0059,ARM1,neuropathy_-_motor,N,safety_v3:RESOLVED
S0059,ARM1,arthralgia,N,safety_v3:RESOLVED
S0059,ARM1,myalgia,N,safety_v3:RESOLVED
S0059,ARM1,anorexia,N,safety_v3:RESOLVED
S0059,ARM1,dizziness,N,safety_v3:RESOLVED
S0059,ARM1,muscle_weakness,N,safety_v3:RESOLVED
S0059,ARM1,catheter_related_infection,N,safety_v3:RESOLVED
S0059,ARM1,sleeplessness,N,safety_v3:RESOLVED
S0059,ARM1,depression_dominant,N,safety_v3:RESOLVED
S0059,ARM1,hypernatremia,N,safety_v3:RESOLVED
S0059,ARM1,coughing,N,safety_v3:RESOLVED
S0059,ARM1,hypophosphatemia,N,safety_v3:RESOLVED
S0059,ARM1,sweating,N,safety_v3:RESOLVED
S0059,ARM1,fever,N,safety_v3:RESOLVED
S0059,ARM1,leukocytes,N,safety_v3:RESOLVED
S0059,ARM1,hypocalcemia,N,safety_v3:RESOLVED
S0059,ARM1,sensory_neuropathy,N,safety_v3:RESOLVED
S0059,ARM1,gastrointestinal,N,safety_v3:RESOLVED
S0059,ARM1,hypoalbuminemia,N,safety_v3:RESOLVED
S0059,ARM1,blurred_vision,N,safety_v3:RESOLVED
S0061,ARM1,seizures,N,safety_v3:RESOLVED
S0061,ARM1,alopecia,N,safety_v3:RESOLVED
S0061,ARM1,neuropathy_-_motor,N,safety_v3:RESOLVED
S0061,ARM1,arthralgia,N,safety_v3:RESOLVED
S0061,ARM1,myalgia,N,safety_v3:RESOLVED
S0061,ARM1,dizziness,N,safety_v3:RESOLVED
S0061,ARM1,catheter_related_infection,N,safety_v3:RESOLVED
S0061,ARM1,depression_dominant,N,safety_v3:RESOLVED
S0061,ARM1,hypernatremia,N,safety_v3:RESOLVED
S0061,ARM1,coughing,N,safety_v3:RESOLVED
S0061,ARM1,leukocytes,N,safety_v3:RESOLVED
S0061,ARM1,hypocalcemia,N,safety_v3:RESOLVED
S0061,ARM1,hypoalbuminemia,N,safety_v3:RESOLVED
S0062,ARM1,fatigue,N,safety_v3:RESOLVED
S0062,ARM1,platelets,N,safety_v3:RESOLVED
S0062,ARM1,seizures,N,safety_v3:RESOLVED
S0062,ARM1,constipation,N,safety_v3:RESOLVED
S0062,ARM1,alopecia,N,safety_v3:RESOLVED
S0062,ARM1,neuropathy_-_motor,N,safety_v3:RESOLVED
S0062,ARM1,arthralgia,N,safety_v3:RESOLVED
S0062,ARM1,myalgia,N,safety_v3:RESOLVED
S0062,ARM1,dizziness,N,safety_v3:RESOLVED
S0062,ARM1,catheter_related_infection,N,safety_v3:RESOLVED
S0062,ARM1,depression_dominant,N,safety_v3:RESOLVED
S0062,ARM1,dyspnea,N,safety_v3:RESOLVED
S0062,ARM1,hypernatremia,N,safety_v3:RESOLVED
S0062,ARM1,coughing,N,safety_v3:RESOLVED
S0062,ARM1,fever,N,safety_v3:RESOLVED
S0062,ARM1,leukocytes,N,safety_v3:RESOLVED
S0062,ARM1,hypocalcemia,N,safety_v3:RESOLVED
S0062,ARM1,sensory_neuropathy,N,safety_v3:RESOLVED
S0062,ARM1,gastrointestinal,N,safety_v3:RESOLVED
S0062,ARM1,hypoalbuminemia,N,safety_v3:RESOLVED
S0062,ARM1,blurred_vision,N,safety_v3:RESOLVED
S0062,ARM1,seizures,Y,safety_v3:RESOLVED
S0064,ARM1,fatigue,N,safety_v3:RESOLVED
S0064,ARM1,platelets,N,safety_v3:RESOLVED
S0064,ARM1,seizures,N,safety_v3:RESOLVED
S0064,ARM1,constipation,N,safety_v3:RESOLVED
S0064,ARM1,nausea,N,safety_v3:RESOLVED
S0064,ARM1,alopecia,N,safety_v3:RESOLVED
S0064,ARM1,hemoglobin_normal_12_16_gm,N,safety_v3:RESOLVED
S0064,ARM1,neuropathy_-_motor,N,safety_v3:RESOLVED
S0064,ARM1,headache,N,safety_v3:RESOLVED
S0064,ARM1,arthralgia,N,safety_v3:RESOLVED
S0064,ARM1,myalgia,N,safety_v3:RESOLVED
S0064,ARM1,vomiting,N,safety_v3:RESOLVED
S0064,ARM1,anorexia,N,safety_v3:RESOLVED
S0064,ARM1,dizziness,N,safety_v3:RESOLVED
S0064,ARM1,catheter_related_infection,N,safety_v3:RESOLVED
S0064,ARM1,depression_dominant,N,safety_v3:RESOLVED
S0064,ARM1,dyspnea,N,safety_v3:RESOLVED
S0064,ARM1,hypernatremia,N,safety_v3:RESOLVED
S0064,ARM1,anemia,N,safety_v3:RESOLVED
S0064,ARM1,hypercholesterolemia,N,safety_v3:RESOLVED
S0064,ARM1,coughing,N,safety_v3:RESOLVED
S0064,ARM1,neutropenia,N,safety_v3:RESOLVED
S0064,ARM1,hypophosphatemia,N,safety_v3:RESOLVED
S0064,ARM1,alanine_aminotransferase_increased,N,safety_v3:RESOLVED
S0064,ARM1,fever,N,safety_v3:RESOLVED
S0064,ARM1,leukocytes,N,safety_v3:RESOLVED
S0064,ARM1,hypocalcemia,N,safety_v3:RESOLVED
S0064,ARM1,sensory_neuropathy,N,safety_v3:RESOLVED
S0064,ARM1,hyperglycemia,N,safety_v3:RESOLVED
S0064,ARM1,gastrointestinal,N,safety_v3:RESOLVED
S0064,ARM1,edema,N,safety_v3:RESOLVED
S0064,ARM1,hypoalbuminemia,N,safety_v3:RESOLVED
S0064,ARM1,blurred_vision,N,safety_v3:RESOLVED
S0064,ARM1,leukocytes_(total_wbc),N,safety_v3:RESOLVED
S0064,ARM1,hypesthesia,N,safety_v3:RESOLVED
S0064,ARM1,seizures,Y,safety_v3:RESOLVED
S0065,ARM1,fatigue,N,safety_v3:RESOLVED
S0065,ARM1,seizures,N,safety_v3:RESOLVED
S0065,ARM1,constipation,N,safety_v3:RESOLVED
S0065,ARM1,alopecia,N,safety_v3:RESOLVED
S0065,ARM1,neuropathy_-_motor,N,safety_v3:RESOLVED
S0065,ARM1,arthralgia,N,safety_v3:RESOLVED
S0065,ARM1,myalgia,N,safety_v3:RESOLVED
S0065,ARM1,anorexia,N,safety_v3:RESOLVED
S0065,ARM1,dizziness,N,safety_v3:RESOLVED
S0065,ARM1,muscle_weakness,N,safety_v3:RESOLVED
S0065,ARM1,catheter_related_infection,N,safety_v3:RESOLVED
S0065,ARM1,sleeplessness,N,safety_v3:RESOLVED
S0065,ARM1,depression_dominant,N,safety_v3:RESOLVED
S0065,ARM1,hypernatremia,N,safety_v3:RESOLVED
S0065,ARM1,coughing,N,safety_v3:RESOLVED
S0065,ARM1,anxiety,N,safety_v3:RESOLVED
S0065,ARM1,leukocytes,N,safety_v3:RESOLVED
S0065,ARM1,hypocalcemia,N,safety_v3:RESOLVED
S0065,ARM1,sensory_neuropathy,N,safety_v3:RESOLVED
S0065,ARM1,gastrointestinal,N,safety_v3:RESOLVED
S0065,ARM1,hypoalbuminemia,N,safety_v3:RESOLVED
S0065,ARM1,blurred_vision,N,safety_v3:RESOLVED
S0065,ARM1,dry_skin,N,safety_v3:RESOLVED
S0065,ARM1,platelets,Y,safety_v3:RESOLVED
S0065,ARM1,seizures,Y,safety_v3:RESOLVED
S0066,ARM1,alopecia,N,safety_v3:RESOLVED
S0066,ARM1,neuropathy_-_motor,N,safety_v3:RESOLVED
S0066,ARM1,myalgia,N,safety_v3:RESOLVED
S0066,ARM1,catheter_related_infection,N,safety_v3:RESOLVED
S0066,ARM1,depression_dominant,N,safety_v3:RESOLVED
S0066,ARM1,leukocytes,N,safety_v3:RESOLVED
S0066,ARM1,hypoalbuminemia,N,safety_v3:RESOLVED
S0071,ARM1,fatigue,N,safety_v3:RESOLVED
S0071,ARM1,platelets,N,safety_v3:RESOLVED
S0071,ARM1,seizures,N,safety_v3:RESOLVED
S0071,ARM1,constipation,N,safety_v3:RESOLVED
S0071,ARM1,nausea,N,safety_v3:RESOLVED
S0071,ARM1,alopecia,N,safety_v3:RESOLVED
S0071,ARM1,hemoglobin_normal_12_16_gm,N,safety_v3:RESOLVED
S0071,ARM1,neuropathy_-_motor,N,safety_v3:RESOLVED
S0071,ARM1,arthralgia,N,safety_v3:RESOLVED
S0071,ARM1,myalgia,N,safety_v3:RESOLVED
S0071,ARM1,dizziness,N,safety_v3:RESOLVED
S0071,ARM1,catheter_related_infection,N,safety_v3:RESOLVED
S0071,ARM1,sleeplessness,N,safety_v3:RESOLVED
S0071,ARM1,depression_dominant,N,safety_v3:RESOLVED
S0071,ARM1,dyspnea,N,safety_v3:RESOLVED
S0071,ARM1,hypernatremia,N,safety_v3:RESOLVED
S0071,ARM1,anemia,N,safety_v3:RESOLVED
S0071,ARM1,coughing,N,safety_v3:RESOLVED
S0071,ARM1,hypophosphatemia,N,safety_v3:RESOLVED
S0071,ARM1,alanine_aminotransferase_increased,N,safety_v3:RESOLVED
S0071,ARM1,sweating,N,safety_v3:RESOLVED
S0071,ARM1,fever,N,safety_v3:RESOLVED
S0071,ARM1,leukocytes,N,safety_v3:RESOLVED
S0071,ARM1,hypocalcemia,N,safety_v3:RESOLVED
S0071,ARM1,sensory_neuropathy,N,safety_v3:RESOLVED
S0071,ARM1,hypokalemia,N,safety_v3:RESOLVED
S0071,ARM1,gastrointestinal,N,safety_v3:RESOLVED
S0071,ARM1,hypoalbuminemia,N,safety_v3:RESOLVED
S0071,ARM1,dry_skin,N,safety_v3:RESOLVED
S0071,ARM1,neutrophils,Y,safety_v3:RESOLVED
S0074,ARM1,platelets,N,safety_v3:RESOLVED
S0074,ARM1,seizures,N,safety_v3:RESOLVED
S0074,ARM1,constipation,N,safety_v3:RESOLVED
S0074,ARM1,nausea,N,safety_v3:RESOLVED
S0074,ARM1,alopecia,N,safety_v3:RESOLVED
S0074,ARM1,hemoglobin_normal_12_16_gm,N,safety_v3:RESOLVED
S0074,ARM1,neuropathy_-_motor,N,safety_v3:RESOLVED
S0074,ARM1,arthralgia,N,safety_v3:RESOLVED
S0074,ARM1,myalgia,N,safety_v3:RESOLVED
S0074,ARM1,anorexia,N,safety_v3:RESOLVED
S0074,ARM1,catheter_related_infection,N,safety_v3:RESOLVED
S0074,ARM1,sleeplessness,N,safety_v3:RESOLVED
S0074,ARM1,depression_dominant,N,safety_v3:RESOLVED
S0074,ARM1,dyspnea,N,safety_v3:RESOLVED
S0074,ARM1,hypernatremia,N,safety_v3:RESOLVED
S0074,ARM1,anemia,N,safety_v3:RESOLVED
S0074,ARM1,hypercholesterolemia,N,safety_v3:RESOLVED
S0074,ARM1,coughing,N,safety_v3:RESOLVED
S0074,ARM1,hypophosphatemia,N,safety_v3:RESOLVED
S0074,ARM1,alanine_aminotransferase_increased,N,safety_v3:RESOLVED
S0074,ARM1,leukocytes,N,safety_v3:RESOLVED
S0074,ARM1,hypocalcemia,N,safety_v3:RESOLVED
S0074,ARM1,sensory_neuropathy,N,safety_v3:RESOLVED
S0074,ARM1,gastrointestinal,N,safety_v3:RESOLVED
S0074,ARM1,hypoalbuminemia,N,safety_v3:RESOLVED
S0074,ARM1,blurred_vision,N,safety_v3:RESOLVED
S0075,ARM1,fatigue,N,safety_v3:RESOLVED
S0075,ARM1,platelets,N,safety_v3:RESOLVED
S0075,ARM1,seizures,N,safety_v3:RESOLVED
S0075,ARM1,constipation,N,safety_v3:RESOLVED
S0075,ARM1,nausea,N,safety_v3:RESOLVED
S0075,ARM1,alopecia,N,safety_v3:RESOLVED
S0075,ARM1,hemoglobin_normal_12_16_gm,N,safety_v3:RESOLVED
S0075,ARM1,neuropathy_-_motor,N,safety_v3:RESOLVED
S0075,ARM1,headache,N,safety_v3:RESOLVED
S0075,ARM1,arthralgia,N,safety_v3:RESOLVED
S0075,ARM1,myalgia,N,safety_v3:RESOLVED
S0075,ARM1,vomiting,N,safety_v3:RESOLVED
S0075,ARM1,anorexia,N,safety_v3:RESOLVED
S0075,ARM1,dizziness,N,safety_v3:RESOLVED
S0075,ARM1,muscle_weakness,N,safety_v3:RESOLVED
S0075,ARM1,catheter_related_infection,N,safety_v3:RESOLVED
S0075,ARM1,sleeplessness,N,safety_v3:RESOLVED
S0075,ARM1,depression_dominant,N,safety_v3:RESOLVED
S0075,ARM1,dyspnea,N,safety_v3:RESOLVED
S0075,ARM1,hypernatremia,N,safety_v3:RESOLVED
S0075,ARM1,anemia,N,safety_v3:RESOLVED
S0075,ARM1,coughing,N,safety_v3:RESOLVED
S0075,ARM1,anxiety,N,safety_v3:RESOLVED
S0075,ARM1,neutropenia,N,safety_v3:RESOLVED
S0075,ARM1,hypophosphatemia,N,safety_v3:RESOLVED
S0075,ARM1,diarrhea,N,safety_v3:RESOLVED
S0075,ARM1,sweating,N,safety_v3:RESOLVED
S0075,ARM1,fever,N,safety_v3:RESOLVED
S0075,ARM1,leukocytes,N,safety_v3:RESOLVED
S0075,ARM1,hypocalcemia,N,safety_v3:RESOLVED
S0075,ARM1,hyponatremia,N,safety_v3:RESOLVED
S0075,ARM1,sensory_neuropathy,N,safety_v3:RESOLVED
S0075,ARM1,hyperglycemia,N,safety_v3:RESOLVED
S0075,ARM1,gastrointestinal,N,safety_v3:RESOLVED
S0075,ARM1,hypoalbuminemia,N,safety_v3:RESOLVED
S0075,ARM1,stomatitis,N,safety_v3:RESOLVED
S0075,ARM1,blurred_vision,N,safety_v3:RESOLVED
S0075,ARM1,hypesthesia,N,safety_v3:RESOLVED
S0075,ARM1,dry_skin,N,safety_v3:RESOLVED
S0075,ARM1,seizures,Y,safety_v3:RESOLVED
S0075,ARM1,neutrophils,Y,safety_v3:RESOLVED
S0075,ARM1,hemoglobin_normal_12_16_gm,Y,safety_v3:RESOLVED
S0077,ARM1,seizures,N,safety_v3:RESOLVED
S0077,ARM1,neuropathy_-_motor,N,safety_v3:RESOLVED
S0077,ARM1,myalgia,N,safety_v3:RESOLVED
S0077,ARM1,catheter_related_infection,N,safety_v3:RESOLVED
S0077,ARM1,depression_dominant,N,safety_v3:RESOLVED
S0077,ARM1,hypernatremia,N,safety_v3:RESOLVED
S0077,ARM1,coughing,N,safety_v3:RESOLVED
S0077,ARM1,leukocytes,N,safety_v3:RESOLVED
S0077,ARM1,hypocalcemia,N,safety_v3:RESOLVED
S0077,ARM1,hypoalbuminemia,N,safety_v3:RESOLVED
S0079,ARM1,fatigue,N,safety_v3:RESOLVED
S0079,ARM1,platelets,N,safety_v3:RESOLVED
S0079,ARM1,seizures,N,safety_v3:RESOLVED
S0079,ARM1,alopecia,N,safety_v3:RESOLVED
S0079,ARM1,neuropathy_-_motor,N,safety_v3:RESOLVED
S0079,ARM1,arthralgia,N,safety_v3:RESOLVED
S0079,ARM1,myalgia,N,safety_v3:RESOLVED
S0079,ARM1,anorexia,N,safety_v3:RESOLVED
S0079,ARM1,catheter_related_infection,N,safety_v3:RESOLVED
S0079,ARM1,sleeplessness,N,safety_v3:RESOLVED
S0079,ARM1,depression_dominant,N,safety_v3:RESOLVED
S0079,ARM1,hypernatremia,N,safety_v3:RESOLVED
S0079,ARM1,coughing,N,safety_v3:RESOLVED
S0079,ARM1,hypophosphatemia,N,safety_v3:RESOLVED
S0079,ARM1,leukocytes,N,safety_v3:RESOLVED
S0079,ARM1,hypocalcemia,N,safety_v3:RESOLVED
S0079,ARM1,gastrointestinal,N,safety_v3:RESOLVED
S0079,ARM1,hypoalbuminemia,N,safety_v3:RESOLVED
S0079,ARM1,blurred_vision,N,safety_v3:RESOLVED
S0080,ARM1,fatigue,N,safety_v3:RESOLVED
S0080,ARM1,platelets,N,safety_v3:RESOLVED
S0080,ARM1,seizures,N,safety_v3:RESOLVED
S0080,ARM1,constipation,N,safety_v3:RESOLVED
S0080,ARM1,nausea,N,safety_v3:RESOLVED
S0080,ARM1,alopecia,N,safety_v3:RESOLVED
S0080,ARM1,hemoglobin_normal_12_16_gm,N,safety_v3:RESOLVED
S0080,ARM1,neuropathy_-_motor,N,safety_v3:RESOLVED
S0080,ARM1,arthralgia,N,safety_v3:RESOLVED
S0080,ARM1,myalgia,N,safety_v3:RESOLVED
S0080,ARM1,anorexia,N,safety_v3:RESOLVED
S0080,ARM1,dizziness,N,safety_v3:RESOLVED
S0080,ARM1,catheter_related_infection,N,safety_v3:RESOLVED
S0080,ARM1,sleeplessness,N,safety_v3:RESOLVED
S0080,ARM1,depression_dominant,N,safety_v3:RESOLVED
S0080,ARM1,dyspnea,N,safety_v3:RESOLVED
S0080,ARM1,hypernatremia,N,safety_v3:RESOLVED
S0080,ARM1,anemia,N,safety_v3:RESOLVED
S0080,ARM1,coughing,N,safety_v3:RESOLVED
S0080,ARM1,decreased_platelet_count,N,safety_v3:RESOLVED
S0080,ARM1,hypophosphatemia,N,safety_v3:RESOLVED
S0080,ARM1,diarrhea,N,safety_v3:RESOLVED
S0080,ARM1,alanine_aminotransferase_increased,N,safety_v3:RESOLVED
S0080,ARM1,sweating,N,safety_v3:RESOLVED
S0080,ARM1,leukocytes,N,safety_v3:RESOLVED
S0080,ARM1,hypocalcemia,N,safety_v3:RESOLVED
S0080,ARM1,sensory_neuropathy,N,safety_v3:RESOLVED
S0080,ARM1,weight_loss,N,safety_v3:RESOLVED
S0080,ARM1,gastrointestinal,N,safety_v3:RESOLVED
S0080,ARM1,hypoalbuminemia,N,safety_v3:RESOLVED
S0080,ARM1,blurred_vision,N,safety_v3:RESOLVED
S0080,ARM1,hypesthesia,N,safety_v3:RESOLVED
S0080,ARM1,dry_skin,N,safety_v3:RESOLVED
S0080,ARM1,platelets,Y,safety_v3:RESOLVED
S0080,ARM1,seizures,Y,safety_v3:RESOLVED
S0080,ARM1,neutrophils,Y,safety_v3:RESOLVED
S0080,ARM1,hypokalemia,Y,safety_v3:RESOLVED
S0085,ARM1,seizures,N,safety_v3:RESOLVED
S0085,ARM1,neuropathy_-_motor,N,safety_v3:RESOLVED
S0085,ARM1,arthralgia,N,safety_v3:RESOLVED
S0085,ARM1,myalgia,N,safety_v3:RESOLVED
S0085,ARM1,depression_dominant,N,safety_v3:RESOLVED
S0085,ARM1,hypernatremia,N,safety_v3:RESOLVED
S0085,ARM1,leukocytes,N,safety_v3:RESOLVED
S0085,ARM1,hypoalbuminemia,N,safety_v3:RESOLVED
S0086,ARM1,fatigue,N,safety_v3:RESOLVED
S0086,ARM1,platelets,N,safety_v3:RESOLVED
S0086,ARM1,seizures,N,safety_v3:RESOLVED
S0086,ARM1,constipation,N,safety_v3:RESOLVED
S0086,ARM1,nausea,N,safety_v3:RESOLVED
S0086,ARM1,alopecia,N,safety_v3:RESOLVED
S0086,ARM1,hemoglobin_normal_12_16_gm,N,safety_v3:RESOLVED
S0086,ARM1,neuropathy_-_motor,N,safety_v3:RESOLVED
S0086,ARM1,headache,N,safety_v3:RESOLVED
S0086,ARM1,arthralgia,N,safety_v3:RESOLVED
S0086,ARM1,myalgia,N,safety_v3:RESOLVED
S0086,ARM1,vomiting,N,safety_v3:RESOLVED
S0086,ARM1,anorexia,N,safety_v3:RESOLVED
S0086,ARM1,dizziness,N,safety_v3:RESOLVED
S0086,ARM1,muscle_weakness,N,safety_v3:RESOLVED
S0086,ARM1,catheter_related_infection,N,safety_v3:RESOLVED
S0086,ARM1,sleeplessness,N,safety_v3:RESOLVED
S0086,ARM1,depression_dominant,N,safety_v3:RESOLVED
S0086,ARM1,dyspnea,N,safety_v3:RESOLVED
S0086,ARM1,hypernatremia,N,safety_v3:RESOLVED
S0086,ARM1,anemia,N,safety_v3:RESOLVED
S0086,ARM1,hypercholesterolemia,N,safety_v3:RESOLVED
S0086,ARM1,coughing,N,safety_v3:RESOLVED
S0086,ARM1,hypertriglyceridemia,N,safety_v3:RESOLVED
S0086,ARM1,anxiety,N,safety_v3:RESOLVED
S0086,ARM1,neutropenia,N,safety_v3:RESOLVED
S0086,ARM1,neutrophil_count_decreased,N,safety_v3:RESOLVED
S0086,ARM1,decreased_platelet_count,N,safety_v3:RESOLVED
S0086,ARM1,hypophosphatemia,N,safety_v3:RESOLVED
S0086,ARM1,diarrhea,N,safety_v3:RESOLVED
S0086,ARM1,alanine_aminotransferase_increased,N,safety_v3:RESOLVED
S0086,ARM1,sweating,N,safety_v3:RESOLVED
S0086,ARM1,peripheral_motor_neuropathy,N,safety_v3:RESOLVED
S0086,ARM1,pain_other,N,safety_v3:RESOLVED
S0086,ARM1,fever,N,safety_v3:RESOLVED
S0086,ARM1,leukocytes,N,safety_v3:RESOLVED
S0086,ARM1,hypocalcemia,N,safety_v3:RESOLVED
S0086,ARM1,hyponatremia,N,safety_v3:RESOLVED
S0086,ARM1,sensory_neuropathy,N,safety_v3:RESOLVED
S0086,ARM1,hyperglycemia,N,safety_v3:RESOLVED
S0086,ARM1,hypokalemia,N,safety_v3:RESOLVED
S0086,ARM1,gastrointestinal,N,safety_v3:RESOLVED
S0086,ARM1,edema,N,safety_v3:RESOLVED
S0086,ARM1,hypoalbuminemia,N,safety_v3:RESOLVED
S0086,ARM1,rash_erythematous_macules_or_papules,N,safety_v3:RESOLVED
S0086,ARM1,stomatitis,N,safety_v3:RESOLVED
S0086,ARM1,blurred_vision,N,safety_v3:RESOLVED
S0086,ARM1,leukocytes_(total_wbc),N,safety_v3:RESOLVED
S0086,ARM1,hypesthesia,N,safety_v3:RESOLVED
S0086,ARM1,dry_skin,N,safety_v3:RESOLVED
S0086,ARM1,hyperuricemia,N,safety_v3:RESOLVED
S0086,ARM1,platelets,Y,safety_v3:RESOLVED
S0086,ARM1,seizures,Y,safety_v3:RESOLVED
S0086,ARM1,neutrophils,Y,safety_v3:RESOLVED
S0086,ARM1,white_blood_cell_count_decreased,Y,safety_v3:RESOLVED
S0086,ARM1,hemoglobin_normal_12_16_gm,Y,safety_v3:RESOLVED
S0090,ARM1,neuropathy_-_motor,N,safety_v3:RESOLVED
S0090,ARM1,arthralgia,N,safety_v3:RESOLVED
S0090,ARM1,myalgia,N,safety_v3:RESOLVED
S0090,ARM1,depression_dominant,N,safety_v3:RESOLVED
S0090,ARM1,hypernatremia,N,safety_v3:RESOLVED
S0090,ARM1,coughing,N,safety_v3:RESOLVED
S0090,ARM1,leukocytes,N,safety_v3:RESOLVED
S0090,ARM1,hypocalcemia,N,safety_v3:RESOLVED
S0090,ARM1,hypoalbuminemia,N,safety_v3:RESOLVED
S0092,ARM1,fatigue,N,safety_v3:RESOLVED
S0092,ARM1,constipation,N,safety_v3:RESOLVED
S0092,ARM1,hemoglobin_normal_12_16_gm,N,safety_v3:RESOLVED
S0092,ARM1,neuropathy_-_motor,N,safety_v3:RESOLVED
S0092,ARM1,arthralgia,N,safety_v3:RESOLVED
S0092,ARM1,myalgia,N,safety_v3:RESOLVED
S0092,ARM1,catheter_related_infection,N,safety_v3:RESOLVED
S0092,ARM1,depression_dominant,N,safety_v3:RESOLVED
S0092,ARM1,dyspnea,N,safety_v3:RESOLVED
S0092,ARM1,hypernatremia,N,safety_v3:RESOLVED
S0092,ARM1,coughing,N,safety_v3:RESOLVED
S0092,ARM1,hypophosphatemia,N,safety_v3:RESOLVED
S0092,ARM1,leukocytes,N,safety_v3:RESOLVED
S0092,ARM1,hypocalcemia,N,safety_v3:RESOLVED
S0092,ARM1,sensory_neuropathy,N,safety_v3:RESOLVED
S0092,ARM1,hypoalbuminemia,N,safety_v3:RESOLVED
S0093,ARM1,seizures,N,safety_v3:RESOLVED
S0093,ARM1,nausea,N,safety_v3:RESOLVED
S0093,ARM1,neuropathy_-_motor,N,safety_v3:RESOLVED
S0093,ARM1,myalgia,N,safety_v3:RESOLVED
S0093,ARM1,catheter_related_infection,N,safety_v3:RESOLVED
S0093,ARM1,depression_dominant,N,safety_v3:RESOLVED
S0093,ARM1,hypernatremia,N,safety_v3:RESOLVED
S0093,ARM1,coughing,N,safety_v3:RESOLVED
S0093,ARM1,leukocytes,N,safety_v3:RESOLVED
S0093,ARM1,hypocalcemia,N,safety_v3:RESOLVED
S0093,ARM1,hypoalbuminemia,N,safety_v3:RESOLVED
S0094,ARM1,fatigue,N,safety_v3:RESOLVED
S0094,ARM1,platelets,N,safety_v3:RESOLVED
S0094,ARM1,seizures,N,safety_v3:RESOLVED
S0094,ARM1,constipation,N,safety_v3:RESOLVED
S0094,ARM1,nausea,N,safety_v3:RESOLVED
S0094,ARM1,alopecia,N,safety_v3:RESOLVED
S0094,ARM1,hemoglobin_normal_12_16_gm,N,safety_v3:RESOLVED
S0094,ARM1,neuropathy_-_motor,N,safety_v3:RESOLVED
S0094,ARM1,headache,N,safety_v3:RESOLVED
S0094,ARM1,arthralgia,N,safety_v3:RESOLVED
S0094,ARM1,myalgia,N,safety_v3:RESOLVED
S0094,ARM1,vomiting,N,safety_v3:RESOLVED
S0094,ARM1,anorexia,N,safety_v3:RESOLVED
S0094,ARM1,dizziness,N,safety_v3:RESOLVED
S0094,ARM1,catheter_related_infection,N,safety_v3:RESOLVED
S0094,ARM1,sleeplessness,N,safety_v3:RESOLVED
S0094,ARM1,depression_dominant,N,safety_v3:RESOLVED
S0094,ARM1,dyspnea,N,safety_v3:RESOLVED
S0094,ARM1,hypernatremia,N,safety_v3:RESOLVED
S0094,ARM1,anemia,N,safety_v3:RESOLVED
S0094,ARM1,hypercholesterolemia,N,safety_v3:RESOLVED
S0094,ARM1,coughing,N,safety_v3:RESOLVED
S0094,ARM1,anxiety,N,safety_v3:RESOLVED
S0094,ARM1,neutropenia,N,safety_v3:RESOLVED
S0094,ARM1,decreased_platelet_count,N,safety_v3:RESOLVED
S0094,ARM1,hypophosphatemia,N,safety_v3:RESOLVED
S0094,ARM1,diarrhea,N,safety_v3:RESOLVED
S0094,ARM1,alanine_aminotransferase_increased,N,safety_v3:RESOLVED
S0094,ARM1,fever,N,safety_v3:RESOLVED
S0094,ARM1,leukocytes,N,safety_v3:RESOLVED
S0094,ARM1,hypocalcemia,N,safety_v3:RESOLVED
S0094,ARM1,hyponatremia,N,safety_v3:RESOLVED
S0094,ARM1,sensory_neuropathy,N,safety_v3:RESOLVED
S0094,ARM1,weight_loss,N,safety_v3:RESOLVED
S0094,ARM1,gastrointestinal,N,safety_v3:RESOLVED
S0094,ARM1,hypoalbuminemia,N,safety_v3:RESOLVED
S0094,ARM1,blurred_vision,N,safety_v3:RESOLVED
S0094,ARM1,leukocytes_(total_wbc),N,safety_v3:RESOLVED
S0094,ARM1,rhinitis,N,safety_v3:RESOLVED
S0094,ARM1,dry_skin,N,safety_v3:RESOLVED
S0094,ARM1,allergic_rhinitis_disorder,N,safety_v3:RESOLVED
S0094,ARM1,seizures,Y,safety_v3:RESOLVED
S0094,ARM1,hemoglobin_normal_12_16_gm,Y,safety_v3:RESOLVED
S0096,ARM1,alopecia,N,safety_v3:RESOLVED
S0096,ARM1,neuropathy_-_motor,N,safety_v3:RESOLVED
S0096,ARM1,myalgia,N,safety_v3:RESOLVED
S0096,ARM1,depression_dominant,N,safety_v3:RESOLVED
S0096,ARM1,leukocytes,N,safety_v3:RESOLVED
S0096,ARM1,hypocalcemia,N,safety_v3:RESOLVED
S0096,ARM1,hypoalbuminemia,N,safety_v3:RESOLVED
S0098,ARM1,fatigue,N,safety_v3:RESOLVED
S0098,ARM1,seizures,N,safety_v3:RESOLVED
S0098,ARM1,nausea,N,safety_v3:RESOLVED
S0098,ARM1,alopecia,N,safety_v3:RESOLVED
S0098,ARM1,neuropathy_-_motor,N,safety_v3:RESOLVED
S0098,ARM1,arthralgia,N,safety_v3:RESOLVED
S0098,ARM1,myalgia,N,safety_v3:RESOLVED
S0098,ARM1,anorexia,N,safety_v3:RESOLVED
S0098,ARM1,depression_dominant,N,safety_v3:RESOLVED
S0098,ARM1,hypernatremia,N,safety_v3:RESOLVED
S0098,ARM1,coughing,N,safety_v3:RESOLVED
S0098,ARM1,hypophosphatemia,N,safety_v3:RESOLVED
S0098,ARM1,fever,N,safety_v3:RESOLVED
S0098,ARM1,leukocytes,N,safety_v3:RESOLVED
S0098,ARM1,hypocalcemia,N,safety_v3:RESOLVED
S0098,ARM1,sensory_neuropathy,N,safety_v3:RESOLVED
S0098,ARM1,gastrointestinal,N,safety_v3:RESOLVED
S0098,ARM1,hypoalbuminemia,N,safety_v3:RESOLVED
S0100,ARM1,constipation,N,safety_v3:RESOLVED
S0100,ARM1,alopecia,N,safety_v3:RESOLVED
S0100,ARM1,neuropathy_-_motor,N,safety_v3:RESOLVED
S0100,ARM1,arthralgia,N,safety_v3:RESOLVED
S0100,ARM1,myalgia,N,safety_v3:RESOLVED
S0100,ARM1,depression_dominant,N,safety_v3:RESOLVED
S0100,ARM1,hypernatremia,N,safety_v3:RESOLVED
S0100,ARM1,coughing,N,safety_v3:RESOLVED
S0100,ARM1,leukocytes,N,safety_v3:RESOLVED
S0100,ARM1,hypocalcemia,N,safety_v3:RESOLVED
S0100,ARM1,sensory_neuropathy,N,safety_v3:RESOLVED
S0100,ARM1,hypoalbuminemia,N,safety_v3:RESOLVED
S0101,ARM1,fatigue,N,safety_v3:RESOLVED
S0101,ARM1,platelets,N,safety_v3:RESOLVED
S0101,ARM1,seizures,N,safety_v3:RESOLVED
S0101,ARM1,constipation,N,safety_v3:RESOLVED
S0101,ARM1,nausea,N,safety_v3:RESOLVED
S0101,ARM1,alopecia,N,safety_v3:RESOLVED
S0101,ARM1,hemoglobin_normal_12_16_gm,N,safety_v3:RESOLVED
S0101,ARM1,neuropathy_-_motor,N,safety_v3:RESOLVED
S0101,ARM1,headache,N,safety_v3:RESOLVED
S0101,ARM1,arthralgia,N,safety_v3:RESOLVED
S0101,ARM1,myalgia,N,safety_v3:RESOLVED
S0101,ARM1,vomiting,N,safety_v3:RESOLVED
S0101,ARM1,anorexia,N,safety_v3:RESOLVED
S0101,ARM1,dizziness,N,safety_v3:RESOLVED
S0101,ARM1,muscle_weakness,N,safety_v3:RESOLVED
S0101,ARM1,catheter_related_infection,N,safety_v3:RESOLVED
S0101,ARM1,sleeplessness,N,safety_v3:RESOLVED
S0101,ARM1,depression_dominant,N,safety_v3:RESOLVED
S0101,ARM1,dyspnea,N,safety_v3:RESOLVED
S0101,ARM1,hypernatremia,N,safety_v3:RESOLVED
S0101,ARM1,anemia,N,safety_v3:RESOLVED
S0101,ARM1,hypercholesterolemia,N,safety_v3:RESOLVED
S0101,ARM1,coughing,N,safety_v3:RESOLVED
S0101,ARM1,anxiety,N,safety_v3:RESOLVED
S0101,ARM1,neutropenia,N,safety_v3:RESOLVED
S0101,ARM1,decreased_platelet_count,N,safety_v3:RESOLVED
S0101,ARM1,hypophosphatemia,N,safety_v3:RESOLVED
S0101,ARM1,diarrhea,N,safety_v3:RESOLVED
S0101,ARM1,alanine_aminotransferase_increased,N,safety_v3:RESOLVED
S0101,ARM1,sweating,N,safety_v3:RESOLVED
S0101,ARM1,leukocytes,N,safety_v3:RESOLVED
S0101,ARM1,hypocalcemia,N,safety_v3:RESOLVED
S0101,ARM1,sensory_neuropathy,N,safety_v3:RESOLVED
S0101,ARM1,weight_loss,N,safety_v3:RESOLVED
S0101,ARM1,hyperglycemia,N,safety_v3:RESOLVED
S0101,ARM1,hypokalemia,N,safety_v3:RESOLVED
S0101,ARM1,gastrointestinal,N,safety_v3:RESOLVED
S0101,ARM1,hypoalbuminemia,N,safety_v3:RESOLVED
S0101,ARM1,rash_erythematous_macules_or_papules,N,safety_v3:RESOLVED
S0101,ARM1,blurred_vision,N,safety_v3:RESOLVED
S0101,ARM1,leukocytes_(total_wbc),N,safety_v3:RESOLVED
S0101,ARM1,rhinitis,N,safety_v3:RESOLVED
S0101,ARM1,dry_skin,N,safety_v3:RESOLVED
S0101,ARM1,upper_respiratory_infections,N,safety_v3:RESOLVED
S0101,ARM1,seizures,Y,safety_v3:RESOLVED
S0101,ARM1,thrombosis/thrombus/embolism,Y,safety_v3:RESOLVED
S0101,ARM1,neutrophils,Y,safety_v3:RESOLVED
S0101,ARM1,hemoglobin_normal_12_16_gm,Y,safety_v3:RESOLVED
S0101,ARM1,hypokalemia,Y,safety_v3:RESOLVED
S0102,ARM1,fatigue,N,safety_v3:RESOLVED
S0102,ARM1,platelets,N,safety_v3:RESOLVED
S0102,ARM1,seizures,N,safety_v3:RESOLVED
S0102,ARM1,constipation,N,safety_v3:RESOLVED
S0102,ARM1,alopecia,N,safety_v3:RESOLVED
S0102,ARM1,hemoglobin_normal_12_16_gm,N,safety_v3:RESOLVED
S0102,ARM1,neuropathy_-_motor,N,safety_v3:RESOLVED
S0102,ARM1,arthralgia,N,safety_v3:RESOLVED
S0102,ARM1,myalgia,N,safety_v3:RESOLVED
S0102,ARM1,anorexia,N,safety_v3:RESOLVED
S0102,ARM1,dizziness,N,safety_v3:RESOLVED
S0102,ARM1,catheter_related_infection,N,safety_v3:RESOLVED
S0102,ARM1,depression_dominant,N,safety_v3:RESOLVED
S0102,ARM1,dyspnea,N,safety_v3:RESOLVED
S0102,ARM1,hypernatremia,N,safety_v3:RESOLVED
S0102,ARM1,anemia,N,safety_v3:RESOLVED
S0102,ARM1,coughing,N,safety_v3:RESOLVED
S0102,ARM1,anxiety,N,safety_v3:RESOLVED
S0102,ARM1,neutropenia,N,safety_v3:RESOLVED
S0102,ARM1,hypophosphatemia,N,safety_v3:RESOLVED
S0102,ARM1,sweating,N,safety_v3:RESOLVED
S0102,ARM1,leukocytes,N,safety_v3:RESOLVED
S0102,ARM1,hypocalcemia,N,safety_v3:RESOLVED
S0102,ARM1,sensory_neuropathy,N,safety_v3:RESOLVED
S0102,ARM1,weight_loss,N,safety_v3:RESOLVED
S0102,ARM1,gastrointestinal,N,safety_v3:RESOLVED
S0102,ARM1,hypoalbuminemia,N,safety_v3:RESOLVED
S0102,ARM1,blurred_vision,N,safety_v3:RESOLVED
S0102,ARM1,leukocytes_(total_wbc),N,safety_v3:RESOLVED
S0102,ARM1,rhinitis,N,safety_v3:RESOLVED
S0102,ARM1,neutrophils,Y,safety_v3:RESOLVED
S0103,ARM1,neuropathy_-_motor,N,safety_v3:RESOLVED
S0105,ARM1,fatigue,N,safety_v3:RESOLVED
S0105,ARM1,seizures,N,safety_v3:RESOLVED
S0105,ARM1,alopecia,N,safety_v3:RESOLVED
S0105,ARM1,neuropathy_-_motor,N,safety_v3:RESOLVED
S0105,ARM1,arthralgia,N,safety_v3:RESOLVED
S0105,ARM1,myalgia,N,safety_v3:RESOLVED
S0105,ARM1,catheter_related_infection,N,safety_v3:RESOLVED
S0105,ARM1,sleeplessness,N,safety_v3:RESOLVED
S0105,ARM1,depression_dominant,N,safety_v3:RESOLVED
S0105,ARM1,hypernatremia,N,safety_v3:RESOLVED
S0105,ARM1,leukocytes,N,safety_v3:RESOLVED
S0105,ARM1,hypocalcemia,N,safety_v3:RESOLVED
S0105,ARM1,sensory_neuropathy,N,safety_v3:RESOLVED
S0105,ARM1,hypoalbuminemia,N,safety_v3:RESOLVED
S0107,ARM1,neuropathy_-_motor,N,safety_v3:RESOLVED
S0107,ARM1,myalgia,N,safety_v3:RESOLVED
S0107,ARM1,depression_dominant,N,safety_v3:RESOLVED
S0107,ARM1,hypernatremia,N,safety_v3:RESOLVED
S0107,ARM1,leukocytes,N,safety_v3:RESOLVED
S0107,ARM1,hypocalcemia,N,safety_v3:RESOLVED
S0108,ARM1,seizures,N,safety_v3:RESOLVED
S0108,ARM1,alopecia,N,safety_v3:RESOLVED
S0108,ARM1,neuropathy_-_motor,N,safety_v3:RESOLVED
S0108,ARM1,myalgia,N,safety_v3:RESOLVED
S0108,ARM1,depression_dominant,N,safety_v3:RESOLVED
S0108,ARM1,hypernatremia,N,safety_v3:RESOLVED
S0108,ARM1,coughing,N,safety_v3:RESOLVED
S0108,ARM1,leukocytes,N,safety_v3:RESOLVED
S0108,ARM1,hypocalcemia,N,safety_v3:RESOLVED
S0108,ARM1,hypoalbuminemia,N,safety_v3:RESOLVED
S0109,ARM1,seizures,N,safety_v3:RESOLVED
S0109,ARM1,constipation,N,safety_v3:RESOLVED
S0109,ARM1,nausea,N,safety_v3:RESOLVED
S0109,ARM1,alopecia,N,safety_v3:RESOLVED
S0109,ARM1,neuropathy_-_motor,N,safety_v3:RESOLVED
S0109,ARM1,arthralgia,N,safety_v3:RESOLVED
S0109,ARM1,myalgia,N,safety_v3:RESOLVED
S0109,ARM1,catheter_related_infection,N,safety_v3:RESOLVED
S0109,ARM1,sleeplessness,N,safety_v3:RESOLVED
S0109,ARM1,depression_dominant,N,safety_v3:RESOLVED
S0109,ARM1,dyspnea,N,safety_v3:RESOLVED
S0109,ARM1,hypernatremia,N,safety_v3:RESOLVED
S0109,ARM1,anemia,N,safety_v3:RESOLVED
S0109,ARM1,coughing,N,safety_v3:RESOLVED
S0109,ARM1,neutropenia,N,safety_v3:RESOLVED
S0109,ARM1,decreased_platelet_count,N,safety_v3:RESOLVED
S0109,ARM1,peripheral_motor_neuropathy,N,safety_v3:RESOLVED
S0109,ARM1,leukocytes,N,safety_v3:RESOLVED
S0109,ARM1,hypocalcemia,N,safety_v3:RESOLVED
S0109,ARM1,sensory_neuropathy,N,safety_v3:RESOLVED
S0109,ARM1,gastrointestinal,N,safety_v3:RESOLVED
S0109,ARM1,hypoalbuminemia,N,safety_v3:RESOLVED
S0110,ARM1,neuropathy_-_motor,N,safety_v3:RESOLVED
S0110,ARM1,myalgia,N,safety_v3:RESOLVED
S0110,ARM1,catheter_related_infection,N,safety_v3:RESOLVED
S0110,ARM1,depression_dominant,N,safety_v3:RESOLVED
S0110,ARM1,leukocytes,N,safety_v3:RESOLVED
S0110,ARM1,hypoalbuminemia,N,safety_v3:RESOLVED
S0116,ARM1,seizures,N,safety_v3:RESOLVED
S0116,ARM1,alopecia,N,safety_v3:RESOLVED
S0116,ARM1,neuropathy_-_motor,N,safety_v3:RESOLVED
S0116,ARM1,myalgia,N,safety_v3:RESOLVED
S0116,ARM1,catheter_related_infection,N,safety_v3:RESOLVED
S0116,ARM1,depression_dominant,N,safety_v3:RESOLVED
S0116,ARM1,hypernatremia,N,safety_v3:RESOLVED
S0116,ARM1,coughing,N,safety_v3:RESOLVED
S0116,ARM1,hypophosphatemia,N,safety_v3:RESOLVED
S0116,ARM1,fever,N,safety_v3:RESOLVED
S0116,ARM1,leukocytes,N,safety_v3:RESOLVED
S0116,ARM1,hypocalcemia,N,safety_v3:RESOLVED
S0116,ARM1,hypoalbuminemia,N,safety_v3:RESOLVED
S0119,ARM1,fatigue,N,safety_v3:RESOLVED
S0119,ARM1,seizures,N,safety_v3:RESOLVED
S0119,ARM1,neuropathy_-_motor,N,safety_v3:RESOLVED
S0119,ARM1,arthralgia,N,safety_v3:RESOLVED
S0119,ARM1,myalgia,N,safety_v3:RESOLVED
S0119,ARM1,anorexia,N,safety_v3:RESOLVED
S0119,ARM1,catheter_related_infection,N,safety_v3:RESOLVED
S0119,ARM1,depression_dominant,N,safety_v3:RESOLVED
S0119,ARM1,hypernatremia,N,safety_v3:RESOLVED
S0119,ARM1,coughing,N,safety_v3:RESOLVED
S0119,ARM1,leukocytes,N,safety_v3:RESOLVED
S0119,ARM1,hypocalcemia,N,safety_v3:RESOLVED
S0119,ARM1,gastrointestinal,N,safety_v3:RESOLVED
S0119,ARM1,hypoalbuminemia,N,safety_v3:RESOLVED
S0122,ARM1,fatigue,N,safety_v3:RESOLVED
S0122,ARM1,platelets,N,safety_v3:RESOLVED
S0122,ARM1,seizures,N,safety_v3:RESOLVED
S0122,ARM1,constipation,N,safety_v3:RESOLVED
S0122,ARM1,nausea,N,safety_v3:RESOLVED
S0122,ARM1,alopecia,N,safety_v3:RESOLVED
S0122,ARM1,hemoglobin_normal_12_16_gm,N,safety_v3:RESOLVED
S0122,ARM1,neuropathy_-_motor,N,safety_v3:RESOLVED
S0122,ARM1,headache,N,safety_v3:RESOLVED
S0122,ARM1,arthralgia,N,safety_v3:RESOLVED
S0122,ARM1,myalgia,N,safety_v3:RESOLVED
S0122,ARM1,vomiting,N,safety_v3:RESOLVED
S0122,ARM1,anorexia,N,safety_v3:RESOLVED
S0122,ARM1,dizziness,N,safety_v3:RESOLVED
S0122,ARM1,muscle_weakness,N,safety_v3:RESOLVED
S0122,ARM1,catheter_related_infection,N,safety_v3:RESOLVED
S0122,ARM1,sleeplessness,N,safety_v3:RESOLVED
S0122,ARM1,depression_dominant,N,safety_v3:RESOLVED
S0122,ARM1,dyspnea,N,safety_v3:RESOLVED
S0122,ARM1,hypernatremia,N,safety_v3:RESOLVED
S0122,ARM1,anemia,N,safety_v3:RESOLVED
S0122,ARM1,hypercholesterolemia,N,safety_v3:RESOLVED
S0122,ARM1,coughing,N,safety_v3:RESOLVED
S0122,ARM1,anxiety,N,safety_v3:RESOLVED
S0122,ARM1,neutropenia,N,safety_v3:RESOLVED
S0122,ARM1,hypophosphatemia,N,safety_v3:RESOLVED
S0122,ARM1,diarrhea,N,safety_v3:RESOLVED
S0122,ARM1,alanine_aminotransferase_increased,N,safety_v3:RESOLVED
S0122,ARM1,sweating,N,safety_v3:RESOLVED
S0122,ARM1,fever,N,safety_v3:RESOLVED
S0122,ARM1,leukocytes,N,safety_v3:RESOLVED
S0122,ARM1,hypocalcemia,N,safety_v3:RESOLVED
S0122,ARM1,sensory_neuropathy,N,safety_v3:RESOLVED
S0122,ARM1,weight_loss,N,safety_v3:RESOLVED
S0122,ARM1,hyperglycemia,N,safety_v3:RESOLVED
S0122,ARM1,hypokalemia,N,safety_v3:RESOLVED
S0122,ARM1,gastrointestinal,N,safety_v3:RESOLVED
S0122,ARM1,hypoalbuminemia,N,safety_v3:RESOLVED
S0122,ARM1,blurred_vision,N,safety_v3:RESOLVED
S0122,ARM1,leukocytes_(total_wbc),N,safety_v3:RESOLVED
S0122,ARM1,rhinitis,N,safety_v3:RESOLVED
S0122,ARM1,dry_skin,N,safety_v3:RESOLVED
S0122,ARM1,platelets,Y,safety_v3:RESOLVED
S0122,ARM1,seizures,Y,safety_v3:RESOLVED
S0122,ARM1,hydrocephalus,Y,safety_v3:RESOLVED
S0124,ARM1,seizures,N,safety_v3:RESOLVED
S0124,ARM1,alopecia,N,safety_v3:RESOLVED
S0124,ARM1,neuropathy_-_motor,N,safety_v3:RESOLVED
S0124,ARM1,myalgia,N,safety_v3:RESOLVED
S0124,ARM1,catheter_related_infection,N,safety_v3:RESOLVED
S0124,ARM1,depression_dominant,N,safety_v3:RESOLVED
S0124,ARM1,hypernatremia,N,safety_v3:RESOLVED
S0124,ARM1,leukocytes,N,safety_v3:RESOLVED
S0124,ARM1,sensory_neuropathy,N,safety_v3:RESOLVED
S0124,ARM1,hypoalbuminemia,N,safety_v3:RESOLVED
S0127,ARM1,neuropathy_-_motor,N,safety_v3:RESOLVED
S0127,ARM1,myalgia,N,safety_v3:RESOLVED
S0127,ARM1,catheter_related_infection,N,safety_v3:RESOLVED
S0127,ARM1,leukocytes,N,safety_v3:RESOLVED
S0127,ARM1,hypoalbuminemia,N,safety_v3:RESOLVED
S0128,ARM1,fatigue,N,safety_v3:RESOLVED
S0128,ARM1,platelets,N,safety_v3:RESOLVED
S0128,ARM1,seizures,N,safety_v3:RESOLVED
S0128,ARM1,constipation,N,safety_v3:RESOLVED
S0128,ARM1,alopecia,N,safety_v3:RESOLVED
S0128,ARM1,hemoglobin_normal_12_16_gm,N,safety_v3:RESOLVED
S0128,ARM1,neuropathy_-_motor,N,safety_v3:RESOLVED
S0128,ARM1,arthralgia,N,safety_v3:RESOLVED
S0128,ARM1,myalgia,N,safety_v3:RESOLVED
S0128,ARM1,dizziness,N,safety_v3:RESOLVED
S0128,ARM1,catheter_related_infection,N,safety_v3:RESOLVED
S0128,ARM1,sleeplessness,N,safety_v3:RESOLVED
S0128,ARM1,depression_dominant,N,safety_v3:RESOLVED
S0128,ARM1,dyspnea,N,safety_v3:RESOLVED
S0128,ARM1,hypernatremia,N,safety_v3:RESOLVED
S0128,ARM1,coughing,N,safety_v3:RESOLVED
S0128,ARM1,diarrhea,N,safety_v3:RESOLVED
S0128,ARM1,leukocytes,N,safety_v3:RESOLVED
S0128,ARM1,hypocalcemia,N,safety_v3:RESOLVED
S0128,ARM1,sensory_neuropathy,N,safety_v3:RESOLVED
S0128,ARM1,gastrointestinal,N,safety_v3:RESOLVED
S0128,ARM1,hypoalbuminemia,N,safety_v3:RESOLVED
S0128,ARM1,dry_skin,N,safety_v3:RESOLVED
S0128,ARM1,hemoglobin_normal_12_16_gm,Y,safety_v3:RESOLVED
S0130,ARM1,neuropathy_-_motor,N,safety_v3:RESOLVED
S0130,ARM1,myalgia,N,safety_v3:RESOLVED
S0130,ARM1,depression_dominant,N,safety_v3:RESOLVED
S0130,ARM1,leukocytes,N,safety_v3:RESOLVED
S0131,ARM1,fatigue,N,safety_v3:RESOLVED
S0131,ARM1,seizures,N,safety_v3:RESOLVED
S0131,ARM1,nausea,N,safety_v3:RESOLVED
S0131,ARM1,alopecia,N,safety_v3:RESOLVED
S0131,ARM1,hemoglobin_normal_12_16_gm,N,safety_v3:RESOLVED
S0131,ARM1,neuropathy_-_motor,N,safety_v3:RESOLVED
S0131,ARM1,arthralgia,N,safety_v3:RESOLVED
S0131,ARM1,myalgia,N,safety_v3:RESOLVED
S0131,ARM1,anorexia,N,safety_v3:RESOLVED
S0131,ARM1,catheter_related_infection,N,safety_v3:RESOLVED
S0131,ARM1,depression_dominant,N,safety_v3:RESOLVED
S0131,ARM1,dyspnea,N,safety_v3:RESOLVED
S0131,ARM1,hypernatremia,N,safety_v3:RESOLVED
S0131,ARM1,anemia,N,safety_v3:RESOLVED
S0131,ARM1,coughing,N,safety_v3:RESOLVED
S0131,ARM1,sweating,N,safety_v3:RESOLVED
S0131,ARM1,leukocytes,N,safety_v3:RESOLVED
S0131,ARM1,hypocalcemia,N,safety_v3:RESOLVED
S0131,ARM1,sensory_neuropathy,N,safety_v3:RESOLVED
S0131,ARM1,hypoalbuminemia,N,safety_v3:RESOLVED
S0131,ARM1,blurred_vision,N,safety_v3:RESOLVED
S0131,ARM1,dry_skin,N,safety_v3:RESOLVED
S0131,ARM1,platelets,Y,safety_v3:RESOLVED
S0131,ARM1,seizures,Y,safety_v3:RESOLVED
S0132,ARM1,fatigue,N,safety_v3:RESOLVED
S0132,ARM1,seizures,N,safety_v3:RESOLVED
S0132,ARM1,constipation,N,safety_v3:RESOLVED
S0132,ARM1,nausea,N,safety_v3:RESOLVED
S0132,ARM1,alopecia,N,safety_v3:RESOLVED
S0132,ARM1,hemoglobin_normal_12_16_gm,N,safety_v3:RESOLVED
S0132,ARM1,neuropathy_-_motor,N,safety_v3:RESOLVED
S0132,ARM1,arthralgia,N,safety_v3:RESOLVED
S0132,ARM1,myalgia,N,safety_v3:RESOLVED
S0132,ARM1,vomiting,N,safety_v3:RESOLVED
S0132,ARM1,anorexia,N,safety_v3:RESOLVED
S0132,ARM1,dizziness,N,safety_v3:RESOLVED
S0132,ARM1,catheter_related_infection,N,safety_v3:RESOLVED
S0132,ARM1,sleeplessness,N,safety_v3:RESOLVED
S0132,ARM1,depression_dominant,N,safety_v3:RESOLVED
S0132,ARM1,dyspnea,N,safety_v3:RESOLVED
S0132,ARM1,hypernatremia,N,safety_v3:RESOLVED
S0132,ARM1,anemia,N,safety_v3:RESOLVED
S0132,ARM1,coughing,N,safety_v3:RESOLVED
S0132,ARM1,hypophosphatemia,N,safety_v3:RESOLVED
S0132,ARM1,alanine_aminotransferase_increased,N,safety_v3:RESOLVED
S0132,ARM1,fever,N,safety_v3:RESOLVED
S0132,ARM1,leukocytes,N,safety_v3:RESOLVED
S0132,ARM1,hypocalcemia,N,safety_v3:RESOLVED
S0132,ARM1,sensory_neuropathy,N,safety_v3:RESOLVED
S0132,ARM1,gastrointestinal,N,safety_v3:RESOLVED
S0132,ARM1,hypoalbuminemia,N,safety_v3:RESOLVED
S0132,ARM1,blurred_vision,N,safety_v3:RESOLVED
S0132,ARM1,platelets,Y,safety_v3:RESOLVED
S0135,ARM1,fatigue,N,safety_v3:RESOLVED
S0135,ARM1,platelets,N,safety_v3:RESOLVED
S0135,ARM1,seizures,N,safety_v3:RESOLVED
S0135,ARM1,nausea,N,safety_v3:RESOLVED
S0135,ARM1,alopecia,N,safety_v3:RESOLVED
S0135,ARM1,neuropathy_-_motor,N,safety_v3:RESOLVED
S0135,ARM1,arthralgia,N,safety_v3:RESOLVED
S0135,ARM1,myalgia,N,safety_v3:RESOLVED
S0135,ARM1,anorexia,N,safety_v3:RESOLVED
S0135,ARM1,catheter_related_infection,N,safety_v3:RESOLVED
S0135,ARM1,sleeplessness,N,safety_v3:RESOLVED
S0135,ARM1,depression_dominant,N,safety_v3:RESOLVED
S0135,ARM1,dyspnea,N,safety_v3:RESOLVED
S0135,ARM1,hypernatremia,N,safety_v3:RESOLVED
S0135,ARM1,coughing,N,safety_v3:RESOLVED
S0135,ARM1,leukocytes,N,safety_v3:RESOLVED
S0135,ARM1,hypocalcemia,N,safety_v3:RESOLVED
S0135,ARM1,sensory_neuropathy,N,safety_v3:RESOLVED
S0135,ARM1,hypoalbuminemia,N,safety_v3:RESOLVED
S0135,ARM1,blurred_vision,N,safety_v3:RESOLVED
S0135,ARM1,seizures,Y,safety_v3:RESOLVED
S0138,ARM1,neuropathy_-_motor,N,safety_v3:RESOLVED
S0138,ARM1,myalgia,N,safety_v3:RESOLVED
S0138,ARM1,anorexia,N,safety_v3:RESOLVED
S0138,ARM1,depression_dominant,N,safety_v3:RESOLVED
S0138,ARM1,hypernatremia,N,safety_v3:RESOLVED
S0138,ARM1,leukocytes,N,safety_v3:RESOLVED
S0138,ARM1,hypoalbuminemia,N,safety_v3:RESOLVED
S0139,ARM1,fatigue,N,safety_v3:RESOLVED
S0139,ARM1,platelets,N,safety_v3:RESOLVED
S0139,ARM1,seizures,N,safety_v3:RESOLVED
S0139,ARM1,constipation,N,safety_v3:RESOLVED
S0139,ARM1,nausea,N,safety_v3:RESOLVED
S0139,ARM1,alopecia,N,safety_v3:RESOLVED
S0139,ARM1,hemoglobin_normal_12_16_gm,N,safety_v3:RESOLVED
S0139,ARM1,neuropathy_-_motor,N,safety_v3:RESOLVED
S0139,ARM1,headache,N,safety_v3:RESOLVED
S0139,ARM1,arthralgia,N,safety_v3:RESOLVED
S0139,ARM1,myalgia,N,safety_v3:RESOLVED
S0139,ARM1,anorexia,N,safety_v3:RESOLVED
S0139,ARM1,dizziness,N,safety_v3:RESOLVED
S0139,ARM1,catheter_related_infection,N,safety_v3:RESOLVED
S0139,ARM1,sleeplessness,N,safety_v3:RESOLVED
S0139,ARM1,depression_dominant,N,safety_v3:RESOLVED
S0139,ARM1,dyspnea,N,safety_v3:RESOLVED
S0139,ARM1,hypernatremia,N,safety_v3:RESOLVED
S0139,ARM1,coughing,N,safety_v3:RESOLVED
S0139,ARM1,anxiety,N,safety_v3:RESOLVED
S0139,ARM1,neutropenia,N,safety_v3:RESOLVED
S0139,ARM1,hypophosphatemia,N,safety_v3:RESOLVED
S0139,ARM1,sweating,N,safety_v3:RESOLVED
S0139,ARM1,fever,N,safety_v3:RESOLVED
S0139,ARM1,leukocytes,N,safety_v3:RESOLVED
S0139,ARM1,hypocalcemia,N,safety_v3:RESOLVED
S0139,ARM1,sensory_neuropathy,N,safety_v3:RESOLVED
S0139,ARM1,gastrointestinal,N,safety_v3:RESOLVED
S0139,ARM1,hypoalbuminemia,N,safety_v3:RESOLVED
S0139,ARM1,rash_erythematous_macules_or_papules,N,safety_v3:RESOLVED
S0139,ARM1,blurred_vision,N,safety_v3:RESOLVED
S0139,ARM1,leukocytes_(total_wbc),N,safety_v3:RESOLVED
S0139,ARM1,neutrophils,Y,safety_v3:RESOLVED
S0142,ARM1,seizures,N,safety_v3:RESOLVED
S0142,ARM1,neuropathy_-_motor,N,safety_v3:RESOLVED
S0142,ARM1,myalgia,N,safety_v3:RESOLVED
S0142,ARM1,depression_dominant,N,safety_v3:RESOLVED
S0142,ARM1,hypernatremia,N,safety_v3:RESOLVED
S0142,ARM1,leukocytes,N,safety_v3:RESOLVED
S0142,ARM1,hypoalbuminemia,N,safety_v3:RESOLVED
S0144,ARM1,fatigue,N,safety_v3:RESOLVED
S0144,ARM1,platelets,N,safety_v3:RESOLVED
S0144,ARM1,seizures,N,safety_v3:RESOLVED
S0144,ARM1,nausea,N,safety_v3:RESOLVED
S0144,ARM1,alopecia,N,safety_v3:RESOLVED
S0144,ARM1,neuropathy_-_motor,N,safety_v3:RESOLVED
S0144,ARM1,headache,N,safety_v3:RESOLVED
S0144,ARM1,arthralgia,N,safety_v3:RESOLVED
S0144,ARM1,myalgia,N,safety_v3:RESOLVED
S0144,ARM1,anorexia,N,safety_v3:RESOLVED
S0144,ARM1,dizziness,N,safety_v3:RESOLVED
S0144,ARM1,catheter_related_infection,N,safety_v3:RESOLVED
S0144,ARM1,depression_dominant,N,safety_v3:RESOLVED
S0144,ARM1,hypernatremia,N,safety_v3:RESOLVED
S0144,ARM1,anemia,N,safety_v3:RESOLVED
S0144,ARM1,coughing,N,safety_v3:RESOLVED
S0144,ARM1,neutropenia,N,safety_v3:RESOLVED
S0144,ARM1,hypophosphatemia,N,safety_v3:RESOLVED
S0144,ARM1,sweating,N,safety_v3:RESOLVED
S0144,ARM1,leukocytes,N,safety_v3:RESOLVED
S0144,ARM1,hypocalcemia,N,safety_v3:RESOLVED
S0144,ARM1,sensory_neuropathy,N,safety_v3:RESOLVED
S0144,ARM1,hypoalbuminemia,N,safety_v3:RESOLVED
S0144,ARM1,blurred_vision,N,safety_v3:RESOLVED
S0145,ARM1,seizures,N,safety_v3:RESOLVED
S0145,ARM1,alopecia,N,safety_v3:RESOLVED
S0145,ARM1,hemoglobin_normal_12_16_gm,N,safety_v3:RESOLVED
S0145,ARM1,neuropathy_-_motor,N,safety_v3:RESOLVED
S0145,ARM1,myalgia,N,safety_v3:RESOLVED
S0145,ARM1,anorexia,N,safety_v3:RESOLVED
S0145,ARM1,catheter_related_infection,N,safety_v3:RESOLVED
S0145,ARM1,sleeplessness,N,safety_v3:RESOLVED
S0145,ARM1,depression_dominant,N,safety_v3:RESOLVED
S0145,ARM1,hypernatremia,N,safety_v3:RESOLVED
S0145,ARM1,coughing,N,safety_v3:RESOLVED
S0145,ARM1,hypophosphatemia,N,safety_v3:RESOLVED
S0145,ARM1,sweating,N,safety_v3:RESOLVED
S0145,ARM1,leukocytes,N,safety_v3:RESOLVED
S0145,ARM1,hypocalcemia,N,safety_v3:RESOLVED
S0145,ARM1,sensory_neuropathy,N,safety_v3:RESOLVED
S0145,ARM1,hypoalbuminemia,N,safety_v3:RESOLVED
S0146,ARM1,fatigue,N,safety_v3:RESOLVED
S0146,ARM1,platelets,N,safety_v3:RESOLVED
S0146,ARM1,seizures,N,safety_v3:RESOLVED
S0146,ARM1,constipation,N,safety_v3:RESOLVED
S0146,ARM1,alopecia,N,safety_v3:RESOLVED
S0146,ARM1,neuropathy_-_motor,N,safety_v3:RESOLVED
S0146,ARM1,arthralgia,N,safety_v3:RESOLVED
S0146,ARM1,myalgia,N,safety_v3:RESOLVED
S0146,ARM1,anorexia,N,safety_v3:RESOLVED
S0146,ARM1,catheter_related_infection,N,safety_v3:RESOLVED
S0146,ARM1,depression_dominant,N,safety_v3:RESOLVED
S0146,ARM1,hypernatremia,N,safety_v3:RESOLVED
S0146,ARM1,coughing,N,safety_v3:RESOLVED
S0146,ARM1,leukocytes,N,safety_v3:RESOLVED
S0146,ARM1,hypocalcemia,N,safety_v3:RESOLVED
S0146,ARM1,hypoalbuminemia,N,safety_v3:RESOLVED
S0146,ARM1,blurred_vision,N,safety_v3:RESOLVED
S0147,ARM1,platelets,N,safety_v3:RESOLVED
S0147,ARM1,seizures,N,safety_v3:RESOLVED
S0147,ARM1,constipation,N,safety_v3:RESOLVED
S0147,ARM1,alopecia,N,safety_v3:RESOLVED
S0147,ARM1,neuropathy_-_motor,N,safety_v3:RESOLVED
S0147,ARM1,arthralgia,N,safety_v3:RESOLVED
S0147,ARM1,myalgia,N,safety_v3:RESOLVED
S0147,ARM1,catheter_related_infection,N,safety_v3:RESOLVED
S0147,ARM1,depression_dominant,N,safety_v3:RESOLVED
S0147,ARM1,hypernatremia,N,safety_v3:RESOLVED
S0147,ARM1,coughing,N,safety_v3:RESOLVED
S0147,ARM1,fever,N,safety_v3:RESOLVED
S0147,ARM1,leukocytes,N,safety_v3:RESOLVED
S0147,ARM1,hypocalcemia,N,safety_v3:RESOLVED
S0147,ARM1,sensory_neuropathy,N,safety_v3:RESOLVED
S0147,ARM1,gastrointestinal,N,safety_v3:RESOLVED
S0147,ARM1,hypoalbuminemia,N,safety_v3:RESOLVED
S0149,ARM1,fatigue,N,safety_v3:RESOLVED
S0149,ARM1,seizures,N,safety_v3:RESOLVED
S0149,ARM1,constipation,N,safety_v3:RESOLVED
S0149,ARM1,nausea,N,safety_v3:RESOLVED
S0149,ARM1,alopecia,N,safety_v3:RESOLVED
S0149,ARM1,neuropathy_-_motor,N,safety_v3:RESOLVED
S0149,ARM1,arthralgia,N,safety_v3:RESOLVED
S0149,ARM1,myalgia,N,safety_v3:RESOLVED
S0149,ARM1,anorexia,N,safety_v3:RESOLVED
S0149,ARM1,dizziness,N,safety_v3:RESOLVED
S0149,ARM1,catheter_related_infection,N,safety_v3:RESOLVED
S0149,ARM1,sleeplessness,N,safety_v3:RESOLVED
S0149,ARM1,depression_dominant,N,safety_v3:RESOLVED
S0149,ARM1,dyspnea,N,safety_v3:RESOLVED
S0149,ARM1,hypernatremia,N,safety_v3:RESOLVED
S0149,ARM1,coughing,N,safety_v3:RESOLVED
S0149,ARM1,neutropenia,N,safety_v3:RESOLVED
S0149,ARM1,alanine_aminotransferase_increased,N,safety_v3:RESOLVED
S0149,ARM1,leukocytes,N,safety_v3:RESOLVED
S0149,ARM1,hypocalcemia,N,safety_v3:RESOLVED
S0149,ARM1,sensory_neuropathy,N,safety_v3:RESOLVED
S0149,ARM1,gastrointestinal,N,safety_v3:RESOLVED
S0149,ARM1,hypoalbuminemia,N,safety_v3:RESOLVED
S0149,ARM1,blurred_vision,N,safety_v3:RESOLVED
S0149,ARM1,neutrophils,Y,safety_v3:RESOLVED
S0151,ARM1,seizures,N,safety_v3:RESOLVED
S0151,ARM1,alopecia,N,safety_v3:RESOLVED
S0151,ARM1,hemoglobin_normal_12_16_gm,N,safety_v3:RESOLVED
S0151,ARM1,neuropathy_-_motor,N,safety_v3:RESOLVED
S0151,ARM1,arthralgia,N,safety_v3:RESOLVED
S0151,ARM1,myalgia,N,safety_v3:RESOLVED
S0151,ARM1,anorexia,N,safety_v3:RESOLVED
S0151,ARM1,catheter_related_infection,N,safety_v3:RESOLVED
S0151,ARM1,depression_dominant,N,safety_v3:RESOLVED
S0151,ARM1,dyspnea,N,safety_v3:RESOLVED
S0151,ARM1,hypernatremia,N,safety_v3:RESOLVED
S0151,ARM1,coughing,N,safety_v3:RESOLVED
S0151,ARM1,neutropenia,N,safety_v3:RESOLVED
S0151,ARM1,leukocytes,N,safety_v3:RESOLVED
S0151,ARM1,hypocalcemia,N,safety_v3:RESOLVED
S0151,ARM1,sensory_neuropathy,N,safety_v3:RESOLVED
S0151,ARM1,gastrointestinal,N,safety_v3:RESOLVED
S0151,ARM1,hypoalbuminemia,N,safety_v3:RESOLVED
S0151,ARM1,dry_skin,N,safety_v3:RESOLVED
S0152,ARM1,platelets,N,safety_v3:RESOLVED
S0152,ARM1,constipation,N,safety_v3:RESOLVED
S0152,ARM1,neuropathy_-_motor,N,safety_v3:RESOLVED
S0152,ARM1,myalgia,N,safety_v3:RESOLVED
S0152,ARM1,catheter_related_infection,N,safety_v3:RESOLVED
S0152,ARM1,depression_dominant,N,safety_v3:RESOLVED
S0152,ARM1,dyspnea,N,safety_v3:RESOLVED
S0152,ARM1,hypernatremia,N,safety_v3:RESOLVED
S0152,ARM1,coughing,N,safety_v3:RESOLVED
S0152,ARM1,leukocytes,N,safety_v3:RESOLVED
S0152,ARM1,hypocalcemia,N,safety_v3:RESOLVED
S0152,ARM1,sensory_neuropathy,N,safety_v3:RESOLVED
S0152,ARM1,hypoalbuminemia,N,safety_v3:RESOLVED
S0155,ARM1,fatigue,N,safety_v3:RESOLVED
S0155,ARM1,seizures,N,safety_v3:RESOLVED
S0155,ARM1,constipation,N,safety_v3:RESOLVED
S0155,ARM1,alopecia,N,safety_v3:RESOLVED
S0155,ARM1,hemoglobin_normal_12_16_gm,N,safety_v3:RESOLVED
S0155,ARM1,neuropathy_-_motor,N,safety_v3:RESOLVED
S0155,ARM1,arthralgia,N,safety_v3:RESOLVED
S0155,ARM1,myalgia,N,safety_v3:RESOLVED
S0155,ARM1,anorexia,N,safety_v3:RESOLVED
S0155,ARM1,catheter_related_infection,N,safety_v3:RESOLVED
S0155,ARM1,sleeplessness,N,safety_v3:RESOLVED
S0155,ARM1,depression_dominant,N,safety_v3:RESOLVED
S0155,ARM1,hypernatremia,N,safety_v3:RESOLVED
S0155,ARM1,coughing,N,safety_v3:RESOLVED
S0155,ARM1,leukocytes,N,safety_v3:RESOLVED
S0155,ARM1,hypocalcemia,N,safety_v3:RESOLVED
S0155,ARM1,sensory_neuropathy,N,safety_v3:RESOLVED
S0155,ARM1,hypoalbuminemia,N,safety_v3:RESOLVED
S0155,ARM1,blurred_vision,N,safety_v3:RESOLVED
S0155,ARM1,leukocytes_(total_wbc),N,safety_v3:RESOLVED
S0156,ARM1,fatigue,N,safety_v3:RESOLVED
S0156,ARM1,seizures,N,safety_v3:RESOLVED
S0156,ARM1,alopecia,N,safety_v3:RESOLVED
S0156,ARM1,hemoglobin_normal_12_16_gm,N,safety_v3:RESOLVED
S0156,ARM1,neuropathy_-_motor,N,safety_v3:RESOLVED
S0156,ARM1,myalgia,N,safety_v3:RESOLVED
S0156,ARM1,anorexia,N,safety_v3:RESOLVED
S0156,ARM1,catheter_related_infection,N,safety_v3:RESOLVED
S0156,ARM1,depression_dominant,N,safety_v3:RESOLVED
S0156,ARM1,dyspnea,N,safety_v3:RESOLVED
S0156,ARM1,hypernatremia,N,safety_v3:RESOLVED
S0156,ARM1,neutropenia,N,safety_v3:RESOLVED
S0156,ARM1,hypophosphatemia,N,safety_v3:RESOLVED
S0156,ARM1,leukocytes,N,safety_v3:RESOLVED
S0156,ARM1,hypocalcemia,N,safety_v3:RESOLVED
S0156,ARM1,sensory_neuropathy,N,safety_v3:RESOLVED
S0156,ARM1,hypoalbuminemia,N,safety_v3:RESOLVED
S0156,ARM1,blurred_vision,N,safety_v3:RESOLVED
S0157,ARM1,fatigue,N,safety_v3:RESOLVED
S0157,ARM1,platelets,N,safety_v3:RESOLVED
S0157,ARM1,seizures,N,safety_v3:RESOLVED
S0157,ARM1,constipation,N,safety_v3:RESOLVED
S0157,ARM1,nausea,N,safety_v3:RESOLVED
S0157,ARM1,alopecia,N,safety_v3:RESOLVED
S0157,ARM1,hemoglobin_normal_12_16_gm,N,safety_v3:RESOLVED
S0157,ARM1,neuropathy_-_motor,N,safety_v3:RESOLVED
S0157,ARM1,headache,N,safety_v3:RESOLVED
S0157,ARM1,arthralgia,N,safety_v3:RESOLVED
S0157,ARM1,myalgia,N,safety_v3:RESOLVED
S0157,ARM1,vomiting,N,safety_v3:RESOLVED
S0157,ARM1,anorexia,N,safety_v3:RESOLVED
S0157,ARM1,dizziness,N,safety_v3:RESOLVED
S0157,ARM1,muscle_weakness,N,safety_v3:RESOLVED
S0157,ARM1,catheter_related_infection,N,safety_v3:RESOLVED
S0157,ARM1,sleeplessness,N,safety_v3:RESOLVED
S0157,ARM1,depression_dominant,N,safety_v3:RESOLVED
S0157,ARM1,dyspnea,N,safety_v3:RESOLVED
S0157,ARM1,hypernatremia,N,safety_v3:RESOLVED
S0157,ARM1,anemia,N,safety_v3:RESOLVED
S0157,ARM1,hypercholesterolemia,N,safety_v3:RESOLVED
S0157,ARM1,coughing,N,safety_v3:RESOLVED
S0157,ARM1,decreased_platelet_count,N,safety_v3:RESOLVED
S0157,ARM1,hypophosphatemia,N,safety_v3:RESOLVED
S0157,ARM1,diarrhea,N,safety_v3:RESOLVED
S0157,ARM1,alanine_aminotransferase_increased,N,safety_v3:RESOLVED
S0157,ARM1,sweating,N,safety_v3:RESOLVED
S0157,ARM1,fever,N,safety_v3:RESOLVED
S0157,ARM1,leukocytes,N,safety_v3:RESOLVED
S0157,ARM1,hypocalcemia,N,safety_v3:RESOLVED
S0157,ARM1,hyponatremia,N,safety_v3:RESOLVED
S0157,ARM1,sensory_neuropathy,N,safety_v3:RESOLVED
S0157,ARM1,hyperglycemia,N,safety_v3:RESOLVED
S0157,ARM1,gastrointestinal,N,safety_v3:RESOLVED
S0157,ARM1,hypoalbuminemia,N,safety_v3:RESOLVED
S0157,ARM1,blurred_vision,N,safety_v3:RESOLVED
S0157,ARM1,leukocytes_(total_wbc),N,safety_v3:RESOLVED
S0157,ARM1,platelets,Y,safety_v3:RESOLVED
S0157,ARM1,neutrophils,Y,safety_v3:RESOLVED
S0157,ARM1,hemoglobin_normal_12_16_gm,Y,safety_v3:RESOLVED
S0158,ARM1,fatigue,N,safety_v3:RESOLVED
S0158,ARM1,platelets,N,safety_v3:RESOLVED
S0158,ARM1,seizures,N,safety_v3:RESOLVED
S0158,ARM1,constipation,N,safety_v3:RESOLVED
S0158,ARM1,nausea,N,safety_v3:RESOLVED
S0158,ARM1,alopecia,N,safety_v3:RESOLVED
S0158,ARM1,hemoglobin_normal_12_16_gm,N,safety_v3:RESOLVED
S0158,ARM1,neuropathy_-_motor,N,safety_v3:RESOLVED
S0158,ARM1,headache,N,safety_v3:RESOLVED
S0158,ARM1,arthralgia,N,safety_v3:RESOLVED
S0158,ARM1,myalgia,N,safety_v3:RESOLVED
S0158,ARM1,vomiting,N,safety_v3:RESOLVED
S0158,ARM1,anorexia,N,safety_v3:RESOLVED
S0158,ARM1,dizziness,N,safety_v3:RESOLVED
S0158,ARM1,catheter_related_infection,N,safety_v3:RESOLVED
S0158,ARM1,sleeplessness,N,safety_v3:RESOLVED
S0158,ARM1,depression_dominant,N,safety_v3:RESOLVED
S0158,ARM1,dyspnea,N,safety_v3:RESOLVED
S0158,ARM1,hypernatremia,N,safety_v3:RESOLVED
S0158,ARM1,anemia,N,safety_v3:RESOLVED
S0158,ARM1,coughing,N,safety_v3:RESOLVED
S0158,ARM1,neutropenia,N,safety_v3:RESOLVED
S0158,ARM1,decreased_platelet_count,N,safety_v3:RESOLVED
S0158,ARM1,diarrhea,N,safety_v3:RESOLVED
S0158,ARM1,alanine_aminotransferase_increased,N,safety_v3:RESOLVED
S0158,ARM1,sweating,N,safety_v3:RESOLVED
S0158,ARM1,fever,N,safety_v3:RESOLVED
S0158,ARM1,leukocytes,N,safety_v3:RESOLVED
S0158,ARM1,hypocalcemia,N,safety_v3:RESOLVED
S0158,ARM1,sensory_neuropathy,N,safety_v3:RESOLVED
S0158,ARM1,hypokalemia,N,safety_v3:RESOLVED
S0158,ARM1,gastrointestinal,N,safety_v3:RESOLVED
S0158,ARM1,hypoalbuminemia,N,safety_v3:RESOLVED
S0158,ARM1,blurred_vision,N,safety_v3:RESOLVED
S0158,ARM1,dry_skin,N,safety_v3:RESOLVED
S0158,ARM1,seizures,Y,safety_v3:RESOLVED
S0158,ARM1,neutrophils,Y,safety_v3:RESOLVED
S0159,ARM1,seizures,N,safety_v3:RESOLVED
S0159,ARM1,neuropathy_-_motor,N,safety_v3:RESOLVED
S0159,ARM1,depression_dominant,N,safety_v3:RESOLVED
S0159,ARM1,leukocytes,N,safety_v3:RESOLVED
S0159,ARM1,hypoalbuminemia,N,safety_v3:RESOLVED
S0160,ARM1,fatigue,N,safety_v3:RESOLVED
S0160,ARM1,platelets,N,safety_v3:RESOLVED
S0160,ARM1,seizures,N,safety_v3:RESOLVED
S0160,ARM1,constipation,N,safety_v3:RESOLVED
S0160,ARM1,alopecia,N,safety_v3:RESOLVED
S0160,ARM1,hemoglobin_normal_12_16_gm,N,safety_v3:RESOLVED
S0160,ARM1,neuropathy_-_motor,N,safety_v3:RESOLVED
S0160,ARM1,headache,N,safety_v3:RESOLVED
S0160,ARM1,arthralgia,N,safety_v3:RESOLVED
S0160,ARM1,myalgia,N,safety_v3:RESOLVED
S0160,ARM1,vomiting,N,safety_v3:RESOLVED
S0160,ARM1,anorexia,N,safety_v3:RESOLVED
S0160,ARM1,dizziness,N,safety_v3:RESOLVED
S0160,ARM1,catheter_related_infection,N,safety_v3:RESOLVED
S0160,ARM1,sleeplessness,N,safety_v3:RESOLVED
S0160,ARM1,depression_dominant,N,safety_v3:RESOLVED
S0160,ARM1,dyspnea,N,safety_v3:RESOLVED
S0160,ARM1,hypernatremia,N,safety_v3:RESOLVED
S0160,ARM1,anemia,N,safety_v3:RESOLVED
S0160,ARM1,coughing,N,safety_v3:RESOLVED
S0160,ARM1,hypertriglyceridemia,N,safety_v3:RESOLVED
S0160,ARM1,anxiety,N,safety_v3:RESOLVED
S0160,ARM1,neutropenia,N,safety_v3:RESOLVED
S0160,ARM1,neutrophil_count_decreased,N,safety_v3:RESOLVED
S0160,ARM1,decreased_platelet_count,N,safety_v3:RESOLVED
S0160,ARM1,hypophosphatemia,N,safety_v3:RESOLVED
S0160,ARM1,diarrhea,N,safety_v3:RESOLVED
S0160,ARM1,alanine_aminotransferase_increased,N,safety_v3:RESOLVED
S0160,ARM1,sweating,N,safety_v3:RESOLVED
S0160,ARM1,fever,N,safety_v3:RESOLVED
S0160,ARM1,dysgeusia,N,safety_v3:RESOLVED
S0160,ARM1,leukocytes,N,safety_v3:RESOLVED
S0160,ARM1,hypocalcemia,N,safety_v3:RESOLVED
S0160,ARM1,hyponatremia,N,safety_v3:RESOLVED
S0160,ARM1,sensory_neuropathy,N,safety_v3:RESOLVED
S0160,ARM1,weight_loss,N,safety_v3:RESOLVED
S0160,ARM1,hyperglycemia,N,safety_v3:RESOLVED
S0160,ARM1,hypokalemia,N,safety_v3:RESOLVED
S0160,ARM1,gastrointestinal,N,safety_v3:RESOLVED
S0160,ARM1,hypoalbuminemia,N,safety_v3:RESOLVED
S0160,ARM1,blurred_vision,N,safety_v3:RESOLVED
S0160,ARM1,leukocytes_(total_wbc),N,safety_v3:RESOLVED
S0160,ARM1,rhinitis,N,safety_v3:RESOLVED
S0160,ARM1,upper_respiratory_infections,N,safety_v3:RESOLVED
S0160,ARM1,platelets,Y,safety_v3:RESOLVED
S0160,ARM1,seizures,Y,safety_v3:RESOLVED
S0160,ARM1,neutrophils,Y,safety_v3:RESOLVED
S0160,ARM1,white_blood_cell_count_decreased,Y,safety_v3:RESOLVED
S0161,ARM1,fatigue,N,safety_v3:RESOLVED
S0161,ARM1,seizures,N,safety_v3:RESOLVED
S0161,ARM1,constipation,N,safety_v3:RESOLVED
S0161,ARM1,alopecia,N,safety_v3:RESOLVED
S0161,ARM1,neuropathy_-_motor,N,safety_v3:RESOLVED
S0161,ARM1,arthralgia,N,safety_v3:RESOLVED
S0161,ARM1,myalgia,N,safety_v3:RESOLVED
S0161,ARM1,catheter_related_infection,N,safety_v3:RESOLVED
S0161,ARM1,depression_dominant,N,safety_v3:RESOLVED
S0161,ARM1,hypernatremia,N,safety_v3:RESOLVED
S0161,ARM1,leukocytes,N,safety_v3:RESOLVED
S0161,ARM1,hypocalcemia,N,safety_v3:RESOLVED
S0161,ARM1,gastrointestinal,N,safety_v3:RESOLVED
S0161,ARM1,hypoalbuminemia,N,safety_v3:RESOLVED
S0164,ARM1,fatigue,N,safety_v3:RESOLVED
S0164,ARM1,seizures,N,safety_v3:RESOLVED
S0164,ARM1,constipation,N,safety_v3:RESOLVED
S0164,ARM1,alopecia,N,safety_v3:RESOLVED
S0164,ARM1,hemoglobin_normal_12_16_gm,N,safety_v3:RESOLVED
S0164,ARM1,neuropathy_-_motor,N,safety_v3:RESOLVED
S0164,ARM1,arthralgia,N,safety_v3:RESOLVED
S0164,ARM1,myalgia,N,safety_v3:RESOLVED
S0164,ARM1,anorexia,N,safety_v3:RESOLVED
S0164,ARM1,catheter_related_infection,N,safety_v3:RESOLVED
S0164,ARM1,sleeplessness,N,safety_v3:RESOLVED
S0164,ARM1,depression_dominant,N,safety_v3:RESOLVED
S0164,ARM1,dyspnea,N,safety_v3:RESOLVED
S0164,ARM1,hypernatremia,N,safety_v3:RESOLVED
S0164,ARM1,coughing,N,safety_v3:RESOLVED
S0164,ARM1,neutropenia,N,safety_v3:RESOLVED
S0164,ARM1,hypophosphatemia,N,safety_v3:RESOLVED
S0164,ARM1,leukocytes,N,safety_v3:RESOLVED
S0164,ARM1,hypocalcemia,N,safety_v3:RESOLVED
S0164,ARM1,sensory_neuropathy,N,safety_v3:RESOLVED
S0164,ARM1,gastrointestinal,N,safety_v3:RESOLVED
S0164,ARM1,hypoalbuminemia,N,safety_v3:RESOLVED
S0164,ARM1,blurred_vision,N,safety_v3:RESOLVED
S0164,ARM1,seizures,Y,safety_v3:RESOLVED
S0164,ARM1,hemoglobin_normal_12_16_gm,Y,safety_v3:RESOLVED
S0169,ARM1,fatigue,N,safety_v3:RESOLVED
S0169,ARM1,platelets,N,safety_v3:RESOLVED
S0169,ARM1,seizures,N,safety_v3:RESOLVED
S0169,ARM1,nausea,N,safety_v3:RESOLVED
S0169,ARM1,neuropathy_-_motor,N,safety_v3:RESOLVED
S0169,ARM1,arthralgia,N,safety_v3:RESOLVED
S0169,ARM1,myalgia,N,safety_v3:RESOLVED
S0169,ARM1,anorexia,N,safety_v3:RESOLVED
S0169,ARM1,catheter_related_infection,N,safety_v3:RESOLVED
S0169,ARM1,depression_dominant,N,safety_v3:RESOLVED
S0169,ARM1,hypernatremia,N,safety_v3:RESOLVED
S0169,ARM1,leukocytes,N,safety_v3:RESOLVED
S0169,ARM1,hypocalcemia,N,safety_v3:RESOLVED
S0169,ARM1,sensory_neuropathy,N,safety_v3:RESOLVED
S0169,ARM1,gastrointestinal,N,safety_v3:RESOLVED
S0169,ARM1,hypoalbuminemia,N,safety_v3:RESOLVED
S0171,ARM1,fatigue,N,safety_v3:RESOLVED
S0171,ARM1,platelets,N,safety_v3:RESOLVED
S0171,ARM1,seizures,N,safety_v3:RESOLVED
S0171,ARM1,constipation,N,safety_v3:RESOLVED
S0171,ARM1,nausea,N,safety_v3:RESOLVED
S0171,ARM1,alopecia,N,safety_v3:RESOLVED
S0171,ARM1,hemoglobin_normal_12_16_gm,N,safety_v3:RESOLVED
S0171,ARM1,neuropathy_-_motor,N,safety_v3:RESOLVED
S0171,ARM1,headache,N,safety_v3:RESOLVED
S0171,ARM1,arthralgia,N,safety_v3:RESOLVED
S0171,ARM1,myalgia,N,safety_v3:RESOLVED
S0171,ARM1,vomiting,N,safety_v3:RESOLVED
S0171,ARM1,anorexia,N,safety_v3:RESOLVED
S0171,ARM1,dizziness,N,safety_v3:RESOLVED
S0171,ARM1,catheter_related_infection,N,safety_v3:RESOLVED
S0171,ARM1,sleeplessness,N,safety_v3:RESOLVED
S0171,ARM1,depression_dominant,N,safety_v3:RESOLVED
S0171,ARM1,dyspnea,N,safety_v3:RESOLVED
S0171,ARM1,hypernatremia,N,safety_v3:RESOLVED
S0171,ARM1,anemia,N,safety_v3:RESOLVED
S0171,ARM1,coughing,N,safety_v3:RESOLVED
S0171,ARM1,anxiety,N,safety_v3:RESOLVED
S0171,ARM1,hypophosphatemia,N,safety_v3:RESOLVED
S0171,ARM1,diarrhea,N,safety_v3:RESOLVED
S0171,ARM1,fever,N,safety_v3:RESOLVED
S0171,ARM1,leukocytes,N,safety_v3:RESOLVED
S0171,ARM1,hypocalcemia,N,safety_v3:RESOLVED
S0171,ARM1,hyponatremia,N,safety_v3:RESOLVED
S0171,ARM1,sensory_neuropathy,N,safety_v3:RESOLVED
S0171,ARM1,weight_loss,N,safety_v3:RESOLVED
S0171,ARM1,gastrointestinal,N,safety_v3:RESOLVED
S0171,ARM1,hypoalbuminemia,N,safety_v3:RESOLVED
S0171,ARM1,blurred_vision,N,safety_v3:RESOLVED
S0171,ARM1,leukocytes_(total_wbc),N,safety_v3:RESOLVED
S0171,ARM1,dry_skin,N,safety_v3:RESOLVED
S0171,ARM1,platelets,Y,safety_v3:RESOLVED
S0171,ARM1,seizures,Y,safety_v3:RESOLVED
S0171,ARM1,thrombosis/thrombus/embolism,Y,safety_v3:RESOLVED
S0171,ARM1,neutrophils,Y,safety_v3:RESOLVED
S0171,ARM1,white_blood_cell_count_decreased,Y,safety_v3:RESOLVED
S0172,ARM1,neuropathy_-_motor,N,safety_v3:RESOLVED
S0172,ARM1,arthralgia,N,safety_v3:RESOLVED
S0172,ARM1,myalgia,N,safety_v3:RESOLVED
S0172,ARM1,catheter_related_infection,N,safety_v3:RESOLVED
S0172,ARM1,depression_dominant,N,safety_v3:RESOLVED
S0172,ARM1,hypernatremia,N,safety_v3:RESOLVED
S0172,ARM1,coughing,N,safety_v3:RESOLVED
S0172,ARM1,leukocytes,N,safety_v3:RESOLVED
S0172,ARM1,hypocalcemia,N,safety_v3:RESOLVED
S0172,ARM1,hypoalbuminemia,N,safety_v3:RESOLVED
S0172,ARM1,blurred_vision,N,safety_v3:RESOLVED
S0173,ARM1,seizures,N,safety_v3:RESOLVED
S0173,ARM1,neuropathy_-_motor,N,safety_v3:RESOLVED
S0173,ARM1,myalgia,N,safety_v3:RESOLVED
S0173,ARM1,catheter_related_infection,N,safety_v3:RESOLVED
S0173,ARM1,depression_dominant,N,safety_v3:RESOLVED
S0173,ARM1,coughing,N,safety_v3:RESOLVED
S0173,ARM1,hypophosphatemia,N,safety_v3:RESOLVED
S0173,ARM1,leukocytes,N,safety_v3:RESOLVED
S0173,ARM1,hypocalcemia,N,safety_v3:RESOLVED
S0173,ARM1,sensory_neuropathy,N,safety_v3:RESOLVED
S0173,ARM1,hypoalbuminemia,N,safety_v3:RESOLVED
S0174,ARM1,constipation,N,safety_v3:RESOLVED
S0174,ARM1,alopecia,N,safety_v3:RESOLVED
S0174,ARM1,neuropathy_-_motor,N,safety_v3:RESOLVED
S0174,ARM1,arthralgia,N,safety_v3:RESOLVED
S0174,ARM1,myalgia,N,safety_v3:RESOLVED
S0174,ARM1,catheter_related_infection,N,safety_v3:RESOLVED
S0174,ARM1,depression_dominant,N,safety_v3:RESOLVED
S0174,ARM1,hypernatremia,N,safety_v3:RESOLVED
S0174,ARM1,coughing,N,safety_v3:RESOLVED
S0174,ARM1,leukocytes,N,safety_v3:RESOLVED
S0174,ARM1,hypocalcemia,N,safety_v3:RESOLVED
S0174,ARM1,sensory_neuropathy,N,safety_v3:RESOLVED
S0174,ARM1,hypoalbuminemia,N,safety_v3:RESOLVED
S0174,ARM1,blurred_vision,N,safety_v3:RESOLVED
S0178,ARM1,fatigue,N,safety_v3:RESOLVED
S0178,ARM1,platelets,N,safety_v3:RESOLVED
S0178,ARM1,seizures,N,safety_v3:RESOLVED
S0178,ARM1,constipation,N,safety_v3:RESOLVED
S0178,ARM1,nausea,N,safety_v3:RESOLVED
S0178,ARM1,alopecia,N,safety_v3:RESOLVED
S0178,ARM1,hemoglobin_normal_12_16_gm,N,safety_v3:RESOLVED
S0178,ARM1,neuropathy_-_motor,N,safety_v3:RESOLVED
S0178,ARM1,arthralgia,N,safety_v3:RESOLVED
S0178,ARM1,myalgia,N,safety_v3:RESOLVED
S0178,ARM1,vomiting,N,safety_v3:RESOLVED
S0178,ARM1,anorexia,N,safety_v3:RESOLVED
S0178,ARM1,catheter_related_infection,N,safety_v3:RESOLVED
S0178,ARM1,sleeplessness,N,safety_v3:RESOLVED
S0178,ARM1,depression_dominant,N,safety_v3:RESOLVED
S0178,ARM1,hypernatremia,N,safety_v3:RESOLVED
S0178,ARM1,anemia,N,safety_v3:RESOLVED
S0178,ARM1,coughing,N,safety_v3:RESOLVED
S0178,ARM1,hypophosphatemia,N,safety_v3:RESOLVED
S0178,ARM1,leukocytes,N,safety_v3:RESOLVED
S0178,ARM1,hypocalcemia,N,safety_v3:RESOLVED
S0178,ARM1,sensory_neuropathy,N,safety_v3:RESOLVED
S0178,ARM1,gastrointestinal,N,safety_v3:RESOLVED
S0178,ARM1,hypoalbuminemia,N,safety_v3:RESOLVED
S0178,ARM1,blurred_vision,N,safety_v3:RESOLVED
S0179,ARM1,fatigue,N,safety_v3:RESOLVED
S0179,ARM1,platelets,N,safety_v3:RESOLVED
S0179,ARM1,seizures,N,safety_v3:RESOLVED
S0179,ARM1,constipation,N,safety_v3:RESOLVED
S0179,ARM1,nausea,N,safety_v3:RESOLVED
S0179,ARM1,alopecia,N,safety_v3:RESOLVED
S0179,ARM1,hemoglobin_normal_12_16_gm,N,safety_v3:RESOLVED
S0179,ARM1,neuropathy_-_motor,N,safety_v3:RESOLVED
S0179,ARM1,headache,N,safety_v3:RESOLVED
S0179,ARM1,arthralgia,N,safety_v3:RESOLVED
S0179,ARM1,myalgia,N,safety_v3:RESOLVED
S0179,ARM1,vomiting,N,safety_v3:RESOLVED
S0179,ARM1,anorexia,N,safety_v3:RESOLVED
S0179,ARM1,dizziness,N,safety_v3:RESOLVED
S0179,ARM1,catheter_related_infection,N,safety_v3:RESOLVED
S0179,ARM1,sleeplessness,N,safety_v3:RESOLVED
S0179,ARM1,depression_dominant,N,safety_v3:RESOLVED
S0179,ARM1,dyspnea,N,safety_v3:RESOLVED
S0179,ARM1,hypernatremia,N,safety_v3:RESOLVED
S0179,ARM1,anemia,N,safety_v3:RESOLVED
S0179,ARM1,coughing,N,safety_v3:RESOLVED
S0179,ARM1,anxiety,N,safety_v3:RESOLVED
S0179,ARM1,hypophosphatemia,N,safety_v3:RESOLVED
S0179,ARM1,alanine_aminotransferase_increased,N,safety_v3:RESOLVED
S0179,ARM1,sweating,N,safety_v3:RESOLVED
S0179,ARM1,fever,N,safety_v3:RESOLVED
S0179,ARM1,leukocytes,N,safety_v3:RESOLVED
S0179,ARM1,hypocalcemia,N,safety_v3:RESOLVED
S0179,ARM1,sensory_neuropathy,N,safety_v3:RESOLVED
S0179,ARM1,hypokalemia,N,safety_v3:RESOLVED
S0179,ARM1,gastrointestinal,N,safety_v3:RESOLVED
S0179,ARM1,hypoalbuminemia,N,safety_v3:RESOLVED
S0179,ARM1,blurred_vision,N,safety_v3:RESOLVED
S0179,ARM1,dry_skin,N,safety_v3:RESOLVED
S0179,ARM1,neutrophils,Y,safety_v3:RESOLVED
S0179,ARM1,hemoglobin_normal_12_16_gm,Y,safety_v3:RESOLVED
S0180,ARM1,fatigue,N,safety_v3:RESOLVED
S0180,ARM1,platelets,N,safety_v3:RESOLVED
S0180,ARM1,seizures,N,safety_v3:RESOLVED
S0180,ARM1,constipation,N,safety_v3:RESOLVED
S0180,ARM1,nausea,N,safety_v3:RESOLVED
S0180,ARM1,alopecia,N,safety_v3:RESOLVED
S0180,ARM1,hemoglobin_normal_12_16_gm,N,safety_v3:RESOLVED
S0180,ARM1,neuropathy_-_motor,N,safety_v3:RESOLVED
S0180,ARM1,headache,N,safety_v3:RESOLVED
S0180,ARM1,arthralgia,N,safety_v3:RESOLVED
S0180,ARM1,myalgia,N,safety_v3:RESOLVED
S0180,ARM1,vomiting,N,safety_v3:RESOLVED
S0180,ARM1,anorexia,N,safety_v3:RESOLVED
S0180,ARM1,dizziness,N,safety_v3:RESOLVED
S0180,ARM1,muscle_weakness,N,safety_v3:RESOLVED
S0180,ARM1,catheter_related_infection,N,safety_v3:RESOLVED
S0180,ARM1,sleeplessness,N,safety_v3:RESOLVED
S0180,ARM1,depression_dominant,N,safety_v3:RESOLVED
S0180,ARM1,dyspnea,N,safety_v3:RESOLVED
S0180,ARM1,hypernatremia,N,safety_v3:RESOLVED
S0180,ARM1,anemia,N,safety_v3:RESOLVED
S0180,ARM1,hypercholesterolemia,N,safety_v3:RESOLVED
S0180,ARM1,coughing,N,safety_v3:RESOLVED
S0180,ARM1,anxiety,N,safety_v3:RESOLVED
S0180,ARM1,neutropenia,N,safety_v3:RESOLVED
S0180,ARM1,decreased_platelet_count,N,safety_v3:RESOLVED
S0180,ARM1,hypophosphatemia,N,safety_v3:RESOLVED
S0180,ARM1,diarrhea,N,safety_v3:RESOLVED
S0180,ARM1,alanine_aminotransferase_increased,N,safety_v3:RESOLVED
S0180,ARM1,sweating,N,safety_v3:RESOLVED
S0180,ARM1,peripheral_motor_neuropathy,N,safety_v3:RESOLVED
S0180,ARM1,pain_other,N,safety_v3:RESOLVED
S0180,ARM1,fever,N,safety_v3:RESOLVED
S0180,ARM1,dysgeusia,N,safety_v3:RESOLVED
S0180,ARM1,leukocytes,N,safety_v3:RESOLVED
S0180,ARM1,hypocalcemia,N,safety_v3:RESOLVED
S0180,ARM1,sensory_neuropathy,N,safety_v3:RESOLVED
S0180,ARM1,hypokalemia,N,safety_v3:RESOLVED
S0180,ARM1,gastrointestinal,N,safety_v3:RESOLVED
S0180,ARM1,hypoalbuminemia,N,safety_v3:RESOLVED
S0180,ARM1,rash_erythematous_macules_or_papules,N,safety_v3:RESOLVED
S0180,ARM1,stomatitis,N,safety_v3:RESOLVED
S0180,ARM1,blurred_vision,N,safety_v3:RESOLVED
S0180,ARM1,leukocytes_(total_wbc),N,safety_v3:RESOLVED
S0180,ARM1,hypesthesia,N,safety_v3:RESOLVED
S0180,ARM1,rhinitis,N,safety_v3:RESOLVED
S0180,ARM1,dry_skin,N,safety_v3:RESOLVED
S0180,ARM1,allergic_rhinitis_disorder,N,safety_v3:RESOLVED
S0180,ARM1,platelets,Y,safety_v3:RESOLVED
S0180,ARM1,seizures,Y,safety_v3:RESOLVED
S0180,ARM1,thrombosis/thrombus/embolism,Y,safety_v3:RESOLVED
S0180,ARM1,neutrophils,Y,safety_v3:RESOLVED
S0180,ARM1,hemoglobin_normal_12_16_gm,Y,safety_v3:RESOLVED
S0180,ARM1,headache,Y,safety_v3:RESOLVED
S0181,ARM1,fatigue,N,safety_v3:RESOLVED
S0181,ARM1,platelets,N,safety_v3:RESOLVED
S0181,ARM1,seizures,N,safety_v3:RESOLVED
S0181,ARM1,constipation,N,safety_v3:RESOLVED
S0181,ARM1,alopecia,N,safety_v3:RESOLVED
S0181,ARM1,hemoglobin_normal_12_16_gm,N,safety_v3:RESOLVED
S0181,ARM1,neuropathy_-_motor,N,safety_v3:RESOLVED
S0181,ARM1,headache,N,safety_v3:RESOLVED
S0181,ARM1,arthralgia,N,safety_v3:RESOLVED
S0181,ARM1,myalgia,N,safety_v3:RESOLVED
S0181,ARM1,vomiting,N,safety_v3:RESOLVED
S0181,ARM1,anorexia,N,safety_v3:RESOLVED
S0181,ARM1,dizziness,N,safety_v3:RESOLVED
S0181,ARM1,catheter_related_infection,N,safety_v3:RESOLVED
S0181,ARM1,sleeplessness,N,safety_v3:RESOLVED
S0181,ARM1,depression_dominant,N,safety_v3:RESOLVED
S0181,ARM1,dyspnea,N,safety_v3:RESOLVED
S0181,ARM1,hypernatremia,N,safety_v3:RESOLVED
S0181,ARM1,anemia,N,safety_v3:RESOLVED
S0181,ARM1,coughing,N,safety_v3:RESOLVED
S0181,ARM1,hypophosphatemia,N,safety_v3:RESOLVED
S0181,ARM1,diarrhea,N,safety_v3:RESOLVED
S0181,ARM1,fever,N,safety_v3:RESOLVED
S0181,ARM1,leukocytes,N,safety_v3:RESOLVED
S0181,ARM1,hypocalcemia,N,safety_v3:RESOLVED
S0181,ARM1,sensory_neuropathy,N,safety_v3:RESOLVED
S0181,ARM1,hypoalbuminemia,N,safety_v3:RESOLVED
S0181,ARM1,blurred_vision,N,safety_v3:RESOLVED
S0181,ARM1,dry_skin,N,safety_v3:RESOLVED
S0181,ARM1,neutrophils,Y,safety_v3:RESOLVED
S0182,ARM1,fatigue,N,safety_v3:RESOLVED
S0182,ARM1,platelets,N,safety_v3:RESOLVED
S0182,ARM1,seizures,N,safety_v3:RESOLVED
S0182,ARM1,alopecia,N,safety_v3:RESOLVED
S0182,ARM1,hemoglobin_normal_12_16_gm,N,safety_v3:RESOLVED
S0182,ARM1,neuropathy_-_motor,N,safety_v3:RESOLVED
S0182,ARM1,arthralgia,N,safety_v3:RESOLVED
S0182,ARM1,myalgia,N,safety_v3:RESOLVED
S0182,ARM1,catheter_related_infection,N,safety_v3:RESOLVED
S0182,ARM1,sleeplessness,N,safety_v3:RESOLVED
S0182,ARM1,depression_dominant,N,safety_v3:RESOLVED
S0182,ARM1,hypernatremia,N,safety_v3:RESOLVED
S0182,ARM1,coughing,N,safety_v3:RESOLVED
S0182,ARM1,hypophosphatemia,N,safety_v3:RESOLVED
S0182,ARM1,leukocytes,N,safety_v3:RESOLVED
S0182,ARM1,hypocalcemia,N,safety_v3:RESOLVED
S0182,ARM1,sensory_neuropathy,N,safety_v3:RESOLVED
S0182,ARM1,hypoalbuminemia,N,safety_v3:RESOLVED
S0182,ARM1,blurred_vision,N,safety_v3:RESOLVED
S0186,ARM1,fatigue,N,safety_v3:RESOLVED
S0186,ARM1,platelets,N,safety_v3:RESOLVED
S0186,ARM1,seizures,N,safety_v3:RESOLVED
S0186,ARM1,constipation,N,safety_v3:RESOLVED
S0186,ARM1,nausea,N,safety_v3:RESOLVED
S0186,ARM1,alopecia,N,safety_v3:RESOLVED
S0186,ARM1,hemoglobin_normal_12_16_gm,N,safety_v3:RESOLVED
S0186,ARM1,neuropathy_-_motor,N,safety_v3:RESOLVED
S0186,ARM1,arthralgia,N,safety_v3:RESOLVED
S0186,ARM1,myalgia,N,safety_v3:RESOLVED
S0186,ARM1,anorexia,N,safety_v3:RESOLVED
S0186,ARM1,dizziness,N,safety_v3:RESOLVED
S0186,ARM1,catheter_related_infection,N,safety_v3:RESOLVED
S0186,ARM1,sleeplessness,N,safety_v3:RESOLVED
S0186,ARM1,depression_dominant,N,safety_v3:RESOLVED
S0186,ARM1,dyspnea,N,safety_v3:RESOLVED
S0186,ARM1,hypernatremia,N,safety_v3:RESOLVED
S0186,ARM1,coughing,N,safety_v3:RESOLVED
S0186,ARM1,neutropenia,N,safety_v3:RESOLVED
S0186,ARM1,hypophosphatemia,N,safety_v3:RESOLVED
S0186,ARM1,diarrhea,N,safety_v3:RESOLVED
S0186,ARM1,sweating,N,safety_v3:RESOLVED
S0186,ARM1,leukocytes,N,safety_v3:RESOLVED
S0186,ARM1,hypocalcemia,N,safety_v3:RESOLVED
S0186,ARM1,sensory_neuropathy,N,safety_v3:RESOLVED
S0186,ARM1,hyperglycemia,N,safety_v3:RESOLVED
S0186,ARM1,gastrointestinal,N,safety_v3:RESOLVED
S0186,ARM1,hypoalbuminemia,N,safety_v3:RESOLVED
S0186,ARM1,blurred_vision,N,safety_v3:RESOLVED
S0186,ARM1,dry_skin,N,safety_v3:RESOLVED
S0186,ARM1,neutrophils,Y,safety_v3:RESOLVED
S0188,ARM1,fatigue,N,safety_v3:RESOLVED
S0188,ARM1,platelets,N,safety_v3:RESOLVED
S0188,ARM1,seizures,N,safety_v3:RESOLVED
S0188,ARM1,alopecia,N,safety_v3:RESOLVED
S0188,ARM1,neuropathy_-_motor,N,safety_v3:RESOLVED
S0188,ARM1,arthralgia,N,safety_v3:RESOLVED
S0188,ARM1,myalgia,N,safety_v3:RESOLVED
S0188,ARM1,anorexia,N,safety_v3:RESOLVED
S0188,ARM1,catheter_related_infection,N,safety_v3:RESOLVED
S0188,ARM1,sleeplessness,N,safety_v3:RESOLVED
S0188,ARM1,depression_dominant,N,safety_v3:RESOLVED
S0188,ARM1,hypernatremia,N,safety_v3:RESOLVED
S0188,ARM1,coughing,N,safety_v3:RESOLVED
S0188,ARM1,neutropenia,N,safety_v3:RESOLVED
S0188,ARM1,decreased_platelet_count,N,safety_v3:RESOLVED
S0188,ARM1,sweating,N,safety_v3:RESOLVED
S0188,ARM1,leukocytes,N,safety_v3:RESOLVED
S0188,ARM1,hypocalcemia,N,safety_v3:RESOLVED
S0188,ARM1,sensory_neuropathy,N,safety_v3:RESOLVED
S0188,ARM1,hypoalbuminemia,N,safety_v3:RESOLVED
S0188,ARM1,leukocytes_(total_wbc),N,safety_v3:RESOLVED
S0188,ARM1,seizures,Y,safety_v3:RESOLVED
S0194,ARM1,seizures,N,safety_v3:RESOLVED
S0194,ARM1,constipation,N,safety_v3:RESOLVED
S0194,ARM1,alopecia,N,safety_v3:RESOLVED
S0194,ARM1,neuropathy_-_motor,N,safety_v3:RESOLVED
S0194,ARM1,arthralgia,N,safety_v3:RESOLVED
S0194,ARM1,myalgia,N,safety_v3:RESOLVED
S0194,ARM1,anorexia,N,safety_v3:RESOLVED
S0194,ARM1,catheter_related_infection,N,safety_v3:RESOLVED
S0194,ARM1,sleeplessness,N,safety_v3:RESOLVED
S0194,ARM1,depression_dominant,N,safety_v3:RESOLVED
S0194,ARM1,hypernatremia,N,safety_v3:RESOLVED
S0194,ARM1,coughing,N,safety_v3:RESOLVED
S0194,ARM1,hypophosphatemia,N,safety_v3:RESOLVED
S0194,ARM1,leukocytes,N,safety_v3:RESOLVED
S0194,ARM1,hypocalcemia,N,safety_v3:RESOLVED
S0194,ARM1,sensory_neuropathy,N,safety_v3:RESOLVED
S0194,ARM1,gastrointestinal,N,safety_v3:RESOLVED
S0194,ARM1,hypoalbuminemia,N,safety_v3:RESOLVED
S0194,ARM1,seizures,Y,safety_v3:RESOLVED
S0194,ARM1,neutrophils,Y,safety_v3:RESOLVED
S0196,ARM1,seizures,N,safety_v3:RESOLVED
S0196,ARM1,constipation,N,safety_v3:RESOLVED
S0196,ARM1,nausea,N,safety_v3:RESOLVED
S0196,ARM1,alopecia,N,safety_v3:RESOLVED
S0196,ARM1,hemoglobin_normal_12_16_gm,N,safety_v3:RESOLVED
S0196,ARM1,neuropathy_-_motor,N,safety_v3:RESOLVED
S0196,ARM1,arthralgia,N,safety_v3:RESOLVED
S0196,ARM1,myalgia,N,safety_v3:RESOLVED
S0196,ARM1,catheter_related_infection,N,safety_v3:RESOLVED
S0196,ARM1,depression_dominant,N,safety_v3:RESOLVED
S0196,ARM1,hypernatremia,N,safety_v3:RESOLVED
S0196,ARM1,coughing,N,safety_v3:RESOLVED
S0196,ARM1,leukocytes,N,safety_v3:RESOLVED
S0196,ARM1,hypocalcemia,N,safety_v3:RESOLVED
S0196,ARM1,sensory_neuropathy,N,safety_v3:RESOLVED
S0196,ARM1,hypoalbuminemia,N,safety_v3:RESOLVED
S0197,ARM1,seizures,N,safety_v3:RESOLVED
S0197,ARM1,neuropathy_-_motor,N,safety_v3:RESOLVED
S0197,ARM1,arthralgia,N,safety_v3:RESOLVED
S0197,ARM1,myalgia,N,safety_v3:RESOLVED
S0197,ARM1,depression_dominant,N,safety_v3:RESOLVED
S0197,ARM1,hypernatremia,N,safety_v3:RESOLVED
S0197,ARM1,coughing,N,safety_v3:RESOLVED
S0197,ARM1,leukocytes,N,safety_v3:RESOLVED
S0197,ARM1,hypocalcemia,N,safety_v3:RESOLVED
S0197,ARM1,sensory_neuropathy,N,safety_v3:RESOLVED
S0197,ARM1,hypoalbuminemia,N,safety_v3:RESOLVED
S0199,ARM1,seizures,N,safety_v3:RESOLVED
S0199,ARM1,neuropathy_-_motor,N,safety_v3:RESOLVED
S0199,ARM1,headache,N,safety_v3:RESOLVED
S0199,ARM1,myalgia,N,safety_v3:RESOLVED
S0199,ARM1,catheter_related_infection,N,safety_v3:RESOLVED
S0199,ARM1,depression_dominant,N,safety_v3:RESOLVED
S0199,ARM1,hypernatremia,N,safety_v3:RESOLVED
S0199,ARM1,coughing,N,safety_v3:RESOLVED
S0199,ARM1,leukocytes,N,safety_v3:RESOLVED
S0199,ARM1,hypocalcemia,N,safety_v3:RESOLVED
S0199,ARM1,sensory_neuropathy,N,safety_v3:RESOLVED
S0199,ARM1,gastrointestinal,N,safety_v3:RESOLVED
S0199,ARM1,hypoalbuminemia,N,safety_v3:RESOLVED
S0199,ARM1,blurred_vision,N,safety_v3:RESOLVED
S0200,ARM1,fatigue,N,safety_v3:RESOLVED
S0200,ARM1,platelets,N,safety_v3:RESOLVED
S0200,ARM1,seizures,N,safety_v3:RESOLVED
S0200,ARM1,constipation,N,safety_v3:RESOLVED
S0200,ARM1,nausea,N,safety_v3:RESOLVED
S0200,ARM1,alopecia,N,safety_v3:RESOLVED
S0200,ARM1,hemoglobin_normal_12_16_gm,N,safety_v3:RESOLVED
S0200,ARM1,neuropathy_-_motor,N,safety_v3:RESOLVED
S0200,ARM1,headache,N,safety_v3:RESOLVED
S0200,ARM1,arthralgia,N,safety_v3:RESOLVED
S0200,ARM1,myalgia,N,safety_v3:RESOLVED
S0200,ARM1,anorexia,N,safety_v3:RESOLVED
S0200,ARM1,dizziness,N,safety_v3:RESOLVED
S0200,ARM1,catheter_related_infection,N,safety_v3:RESOLVED
S0200,ARM1,sleeplessness,N,safety_v3:RESOLVED
S0200,ARM1,depression_dominant,N,safety_v3:RESOLVED
S0200,ARM1,dyspnea,N,safety_v3:RESOLVED
S0200,ARM1,hypernatremia,N,safety_v3:RESOLVED
S0200,ARM1,anemia,N,safety_v3:RESOLVED
S0200,ARM1,hypercholesterolemia,N,safety_v3:RESOLVED
S0200,ARM1,coughing,N,safety_v3:RESOLVED
S0200,ARM1,anxiety,N,safety_v3:RESOLVED
S0200,ARM1,neutropenia,N,safety_v3:RESOLVED
S0200,ARM1,hypophosphatemia,N,safety_v3:RESOLVED
S0200,ARM1,alanine_aminotransferase_increased,N,safety_v3:RESOLVED
S0200,ARM1,sweating,N,safety_v3:RESOLVED
S0200,ARM1,leukocytes,N,safety_v3:RESOLVED
S0200,ARM1,hypocalcemia,N,safety_v3:RESOLVED
S0200,ARM1,sensory_neuropathy,N,safety_v3:RESOLVED
S0200,ARM1,weight_loss,N,safety_v3:RESOLVED
S0200,ARM1,hyperglycemia,N,safety_v3:RESOLVED
S0200,ARM1,hypokalemia,N,safety_v3:RESOLVED
S0200,ARM1,gastrointestinal,N,safety_v3:RESOLVED
S0200,ARM1,hypoalbuminemia,N,safety_v3:RESOLVED
S0200,ARM1,blurred_vision,N,safety_v3:RESOLVED
S0200,ARM1,rhinitis,N,safety_v3:RESOLVED
S0200,ARM1,dry_skin,N,safety_v3:RESOLVED
S0200,ARM1,platelets,Y,safety_v3:RESOLVED
S0200,ARM1,seizures,Y,safety_v3:RESOLVED
S0200,ARM1,neutrophils,Y,safety_v3:RESOLVED
S0206,ARM1,fatigue,N,safety_v3:RESOLVED
S0206,ARM1,platelets,N,safety_v3:RESOLVED
S0206,ARM1,seizures,N,safety_v3:RESOLVED
S0206,ARM1,constipation,N,safety_v3:RESOLVED
S0206,ARM1,nausea,N,safety_v3:RESOLVED
S0206,ARM1,alopecia,N,safety_v3:RESOLVED
S0206,ARM1,neuropathy_-_motor,N,safety_v3:RESOLVED
S0206,ARM1,arthralgia,N,safety_v3:RESOLVED
S0206,ARM1,myalgia,N,safety_v3:RESOLVED
S0206,ARM1,anorexia,N,safety_v3:RESOLVED
S0206,ARM1,dizziness,N,safety_v3:RESOLVED
S0206,ARM1,catheter_related_infection,N,safety_v3:RESOLVED
S0206,ARM1,sleeplessness,N,safety_v3:RESOLVED
S0206,ARM1,depression_dominant,N,safety_v3:RESOLVED
S0206,ARM1,dyspnea,N,safety_v3:RESOLVED
S0206,ARM1,hypernatremia,N,safety_v3:RESOLVED
S0206,ARM1,coughing,N,safety_v3:RESOLVED
S0206,ARM1,hypophosphatemia,N,safety_v3:RESOLVED
S0206,ARM1,leukocytes,N,safety_v3:RESOLVED
S0206,ARM1,hypocalcemia,N,safety_v3:RESOLVED
S0206,ARM1,sensory_neuropathy,N,safety_v3:RESOLVED
S0206,ARM1,gastrointestinal,N,safety_v3:RESOLVED
S0206,ARM1,hypoalbuminemia,N,safety_v3:RESOLVED
S0206,ARM1,blurred_vision,N,safety_v3:RESOLVED
S0208,ARM1,fatigue,N,safety_v3:RESOLVED
S0208,ARM1,platelets,N,safety_v3:RESOLVED
S0208,ARM1,seizures,N,safety_v3:RESOLVED
S0208,ARM1,alopecia,N,safety_v3:RESOLVED
S0208,ARM1,neuropathy_-_motor,N,safety_v3:RESOLVED
S0208,ARM1,arthralgia,N,safety_v3:RESOLVED
S0208,ARM1,myalgia,N,safety_v3:RESOLVED
S0208,ARM1,anorexia,N,safety_v3:RESOLVED
S0208,ARM1,dizziness,N,safety_v3:RESOLVED
S0208,ARM1,catheter_related_infection,N,safety_v3:RESOLVED
S0208,ARM1,depression_dominant,N,safety_v3:RESOLVED
S0208,ARM1,dyspnea,N,safety_v3:RESOLVED
S0208,ARM1,hypernatremia,N,safety_v3:RESOLVED
S0208,ARM1,anemia,N,safety_v3:RESOLVED
S0208,ARM1,coughing,N,safety_v3:RESOLVED
S0208,ARM1,fever,N,safety_v3:RESOLVED
S0208,ARM1,leukocytes,N,safety_v3:RESOLVED
S0208,ARM1,hypocalcemia,N,safety_v3:RESOLVED
S0208,ARM1,sensory_neuropathy,N,safety_v3:RESOLVED
S0208,ARM1,hypoalbuminemia,N,safety_v3:RESOLVED
S0208,ARM1,blurred_vision,N,safety_v3:RESOLVED
S0208,ARM1,platelets,Y,safety_v3:RESOLVED
S0208,ARM1,seizures,Y,safety_v3:RESOLVED
S0208,ARM1,hemoglobin_normal_12_16_gm,Y,safety_v3:RESOLVED
S0209,ARM1,fatigue,N,safety_v3:RESOLVED
S0209,ARM1,platelets,N,safety_v3:RESOLVED
S0209,ARM1,seizures,N,safety_v3:RESOLVED
S0209,ARM1,constipation,N,safety_v3:RESOLVED
S0209,ARM1,nausea,N,safety_v3:RESOLVED
S0209,ARM1,neuropathy-motor,N,safety_v3:RESOLVED
S0209,ARM1,alopecia,N,safety_v3:RESOLVED
S0209,ARM1,hemoglobin_normal_12_16_gm,N,safety_v3:RESOLVED
S0209,ARM1,neuropathy_-_motor,N,safety_v3:RESOLVED
S0209,ARM1,headache,N,safety_v3:RESOLVED
S0209,ARM1,arthralgia,N,safety_v3:RESOLVED
S0209,ARM1,myalgia,N,safety_v3:RESOLVED
S0209,ARM1,vomiting,N,safety_v3:RESOLVED
S0209,ARM1,anorexia,N,safety_v3:RESOLVED
S0209,ARM1,dizziness,N,safety_v3:RESOLVED
S0209,ARM1,muscle_weakness,N,safety_v3:RESOLVED
S0209,ARM1,catheter_related_infection,N,safety_v3:RESOLVED
S0209,ARM1,sleeplessness,N,safety_v3:RESOLVED
S0209,ARM1,depression_dominant,N,safety_v3:RESOLVED
S0209,ARM1,leukopenia,N,safety_v3:RESOLVED
S0209,ARM1,dyspnea,N,safety_v3:RESOLVED
S0209,ARM1,hypernatremia,N,safety_v3:RESOLVED
S0209,ARM1,anemia,N,safety_v3:RESOLVED
S0209,ARM1,hypercholesterolemia,N,safety_v3:RESOLVED
S0209,ARM1,coughing,N,safety_v3:RESOLVED
S0209,ARM1,anxiety,N,safety_v3:RESOLVED
S0209,ARM1,neutropenia,N,safety_v3:RESOLVED
S0209,ARM1,neutrophil_count_decreased,N,safety_v3:RESOLVED
S0209,ARM1,decreased_platelet_count,N,safety_v3:RESOLVED
S0209,ARM1,hypophosphatemia,N,safety_v3:RESOLVED
S0209,ARM1,diarrhea,N,safety_v3:RESOLVED
S0209,ARM1,alanine_aminotransferase_increased,N,safety_v3:RESOLVED
S0209,ARM1,sweating,N,safety_v3:RESOLVED
S0209,ARM1,peripheral_motor_neuropathy,N,safety_v3:RESOLVED
S0209,ARM1,pain_other,N,safety_v3:RESOLVED
S0209,ARM1,fever,N,safety_v3:RESOLVED
S0209,ARM1,dysgeusia,N,safety_v3:RESOLVED
S0209,ARM1,leukocytes,N,safety_v3:RESOLVED
S0209,ARM1,hypocalcemia,N,safety_v3:RESOLVED
S0209,ARM1,hyponatremia,N,safety_v3:RESOLVED
S0209,ARM1,sensory_neuropathy,N,safety_v3:RESOLVED
S0209,ARM1,weight_loss,N,safety_v3:RESOLVED
S0209,ARM1,hyperglycemia,N,safety_v3:RESOLVED
S0209,ARM1,hypokalemia,N,safety_v3:RESOLVED
S0209,ARM1,gastrointestinal,N,safety_v3:RESOLVED
S0209,ARM1,edema,N,safety_v3:RESOLVED
S0209,ARM1,hypoalbuminemia,N,safety_v3:RESOLVED
S0209,ARM1,rash_erythematous_macules_or_papules,N,safety_v3:RESOLVED
S0209,ARM1,stomatitis,N,safety_v3:RESOLVED
S0209,ARM1,blurred_vision,N,safety_v3:RESOLVED
S0209,ARM1,leukocytes_(total_wbc),N,safety_v3:RESOLVED
S0209,ARM1,hypesthesia,N,safety_v3:RESOLVED
S0209,ARM1,rhinitis,N,safety_v3:RESOLVED
S0209,ARM1,dry_skin,N,safety_v3:RESOLVED
S0209,ARM1,allergic_rhinitis_disorder,N,safety_v3:RESOLVED
S0209,ARM1,upper_respiratory_infections,N,safety_v3:RESOLVED
S0209,ARM1,hyperuricemia,N,safety_v3:RESOLVED
S0209,ARM1,platelets,Y,safety_v3:RESOLVED
S0209,ARM1,seizures,Y,safety_v3:RESOLVED
S0209,ARM1,thrombosis/thrombus/embolism,Y,safety_v3:RESOLVED
S0209,ARM1,neutrophils,Y,safety_v3:RESOLVED
S0209,ARM1,white_blood_cell_count_decreased,Y,safety_v3:RESOLVED
S0209,ARM1,hemoglobin_normal_12_16_gm,Y,safety_v3:RESOLVED
S0209,ARM1,fever,Y,safety_v3:RESOLVED
S0209,ARM1,thrombosis,Y,safety_v3:RESOLVED
S0209,ARM1,neutropenia,Y,safety_v3:RESOLVED
S0209,ARM1,alanine_aminotransferase_increased,Y,safety_v3:RESOLVED
S0209,ARM1,headache,Y,safety_v3:RESOLVED
S0209,ARM1,decreased_platelet_count,Y,safety_v3:RESOLVED
S0210,ARM1,fatigue,N,safety_v3:RESOLVED
S0210,ARM1,platelets,N,safety_v3:RESOLVED
S0210,ARM1,seizures,N,safety_v3:RESOLVED
S0210,ARM1,constipation,N,safety_v3:RESOLVED
S0210,ARM1,alopecia,N,safety_v3:RESOLVED
S0210,ARM1,hemoglobin_normal_12_16_gm,N,safety_v3:RESOLVED
S0210,ARM1,neuropathy_-_motor,N,safety_v3:RESOLVED
S0210,ARM1,arthralgia,N,safety_v3:RESOLVED
S0210,ARM1,myalgia,N,safety_v3:RESOLVED
S0210,ARM1,anorexia,N,safety_v3:RESOLVED
S0210,ARM1,dizziness,N,safety_v3:RESOLVED
S0210,ARM1,catheter_related_infection,N,safety_v3:RESOLVED
S0210,ARM1,sleeplessness,N,safety_v3:RESOLVED
S0210,ARM1,depression_dominant,N,safety_v3:RESOLVED
S0210,ARM1,dyspnea,N,safety_v3:RESOLVED
S0210,ARM1,hypernatremia,N,safety_v3:RESOLVED
S0210,ARM1,hypercholesterolemia,N,safety_v3:RESOLVED
S0210,ARM1,coughing,N,safety_v3:RESOLVED
S0210,ARM1,hypophosphatemia,N,safety_v3:RESOLVED
S0210,ARM1,leukocytes,N,safety_v3:RESOLVED
S0210,ARM1,hypocalcemia,N,safety_v3:RESOLVED
S0210,ARM1,sensory_neuropathy,N,safety_v3:RESOLVED
S0210,ARM1,hypoalbuminemia,N,safety_v3:RESOLVED
S0210,ARM1,blurred_vision,N,safety_v3:RESOLVED
S0210,ARM1,hypesthesia,N,safety_v3:RESOLVED
S0210,ARM1,platelets,Y,safety_v3:RESOLVED
S0210,ARM1,neutrophils,Y,safety_v3:RESOLVED
S0213,ARM1,fatigue,N,safety_v3:RESOLVED
S0213,ARM1,platelets,N,safety_v3:RESOLVED
S0213,ARM1,seizures,N,safety_v3:RESOLVED
S0213,ARM1,alopecia,N,safety_v3:RESOLVED
S0213,ARM1,hemoglobin_normal_12_16_gm,N,safety_v3:RESOLVED
S0213,ARM1,neuropathy_-_motor,N,safety_v3:RESOLVED
S0213,ARM1,arthralgia,N,safety_v3:RESOLVED
S0213,ARM1,myalgia,N,safety_v3:RESOLVED
S0213,ARM1,anorexia,N,safety_v3:RESOLVED
S0213,ARM1,dizziness,N,safety_v3:RESOLVED
S0213,ARM1,catheter_related_infection,N,safety_v3:RESOLVED
S0213,ARM1,sleeplessness,N,safety_v3:RESOLVED
S0213,ARM1,depression_dominant,N,safety_v3:RESOLVED
S0213,ARM1,dyspnea,N,safety_v3:RESOLVED
S0213,ARM1,hypernatremia,N,safety_v3:RESOLVED
S0213,ARM1,coughing,N,safety_v3:RESOLVED
S0213,ARM1,leukocytes,N,safety_v3:RESOLVED
S0213,ARM1,hypocalcemia,N,safety_v3:RESOLVED
S0213,ARM1,gastrointestinal,N,safety_v3:RESOLVED
S0213,ARM1,hypoalbuminemia,N,safety_v3:RESOLVED
S0213,ARM1,leukocytes_(total_wbc),N,safety_v3:RESOLVED
S0214,ARM1,seizures,N,safety_v3:RESOLVED
S0214,ARM1,constipation,N,safety_v3:RESOLVED
S0214,ARM1,nausea,N,safety_v3:RESOLVED
S0214,ARM1,alopecia,N,safety_v3:RESOLVED
S0214,ARM1,neuropathy_-_motor,N,safety_v3:RESOLVED
S0214,ARM1,arthralgia,N,safety_v3:RESOLVED
S0214,ARM1,myalgia,N,safety_v3:RESOLVED
S0214,ARM1,anorexia,N,safety_v3:RESOLVED
S0214,ARM1,catheter_related_infection,N,safety_v3:RESOLVED
S0214,ARM1,sleeplessness,N,safety_v3:RESOLVED
S0214,ARM1,depression_dominant,N,safety_v3:RESOLVED
S0214,ARM1,hypernatremia,N,safety_v3:RESOLVED
S0214,ARM1,coughing,N,safety_v3:RESOLVED
S0214,ARM1,hypophosphatemia,N,safety_v3:RESOLVED
S0214,ARM1,leukocytes,N,safety_v3:RESOLVED
S0214,ARM1,hypocalcemia,N,safety_v3:RESOLVED
S0214,ARM1,sensory_neuropathy,N,safety_v3:RESOLVED
S0214,ARM1,gastrointestinal,N,safety_v3:RESOLVED
S0214,ARM1,hypoalbuminemia,N,safety_v3:RESOLVED
S0214,ARM1,blurred_vision,N,safety_v3:RESOLVED
S0216,ARM1,seizures,N,safety_v3:RESOLVED
S0216,ARM1,alopecia,N,safety_v3:RESOLVED
S0216,ARM1,neuropathy_-_motor,N,safety_v3:RESOLVED
S0216,ARM1,arthralgia,N,safety_v3:RESOLVED
S0216,ARM1,myalgia,N,safety_v3:RESOLVED
S0216,ARM1,catheter_related_infection,N,safety_v3:RESOLVED
S0216,ARM1,depression_dominant,N,safety_v3:RESOLVED
S0216,ARM1,hypernatremia,N,safety_v3:RESOLVED
S0216,ARM1,hypophosphatemia,N,safety_v3:RESOLVED
S0216,ARM1,leukocytes,N,safety_v3:RESOLVED
S0216,ARM1,sensory_neuropathy,N,safety_v3:RESOLVED
S0216,ARM1,hypoalbuminemia,N,safety_v3:RESOLVED
S0219,ARM1,alopecia,N,safety_v3:RESOLVED
S0219,ARM1,neuropathy_-_motor,N,safety_v3:RESOLVED
S0219,ARM1,myalgia,N,safety_v3:RESOLVED
S0219,ARM1,catheter_related_infection,N,safety_v3:RESOLVED
S0219,ARM1,depression_dominant,N,safety_v3:RESOLVED
S0219,ARM1,hypocalcemia,N,safety_v3:RESOLVED
S0219,ARM1,hypoalbuminemia,N,safety_v3:RESOLVED
S0220,ARM1,fatigue,N,safety_v3:RESOLVED
S0220,ARM1,seizures,N,safety_v3:RESOLVED
S0220,ARM1,alopecia,N,safety_v3:RESOLVED
S0220,ARM1,neuropathy_-_motor,N,safety_v3:RESOLVED
S0220,ARM1,arthralgia,N,safety_v3:RESOLVED
S0220,ARM1,myalgia,N,safety_v3:RESOLVED
S0220,ARM1,catheter_related_infection,N,safety_v3:RESOLVED
S0220,ARM1,depression_dominant,N,safety_v3:RESOLVED
S0220,ARM1,hypernatremia,N,safety_v3:RESOLVED
S0220,ARM1,coughing,N,safety_v3:RESOLVED
S0220,ARM1,leukocytes,N,safety_v3:RESOLVED
S0220,ARM1,hypoalbuminemia,N,safety_v3:RESOLVED
S0221,ARM1,platelets,N,safety_v3:RESOLVED
S0221,ARM1,seizures,N,safety_v3:RESOLVED
S0221,ARM1,constipation,N,safety_v3:RESOLVED
S0221,ARM1,alopecia,N,safety_v3:RESOLVED
S0221,ARM1,hemoglobin_normal_12_16_gm,N,safety_v3:RESOLVED
S0221,ARM1,neuropathy_-_motor,N,safety_v3:RESOLVED
S0221,ARM1,arthralgia,N,safety_v3:RESOLVED
S0221,ARM1,myalgia,N,safety_v3:RESOLVED
S0221,ARM1,catheter_related_infection,N,safety_v3:RESOLVED
S0221,ARM1,sleeplessness,N,safety_v3:RESOLVED
S0221,ARM1,depression_dominant,N,safety_v3:RESOLVED
S0221,ARM1,dyspnea,N,safety_v3:RESOLVED
S0221,ARM1,hypernatremia,N,safety_v3:RESOLVED
S0221,ARM1,anemia,N,safety_v3:RESOLVED
S0221,ARM1,coughing,N,safety_v3:RESOLVED
S0221,ARM1,neutropenia,N,safety_v3:RESOLVED
S0221,ARM1,hypophosphatemia,N,safety_v3:RESOLVED
S0221,ARM1,sweating,N,safety_v3:RESOLVED
S0221,ARM1,fever,N,safety_v3:RESOLVED
S0221,ARM1,leukocytes,N,safety_v3:RESOLVED
S0221,ARM1,hypocalcemia,N,safety_v3:RESOLVED
S0221,ARM1,gastrointestinal,N,safety_v3:RESOLVED
S0221,ARM1,hypoalbuminemia,N,safety_v3:RESOLVED
S0221,ARM1,blurred_vision,N,safety_v3:RESOLVED
S0221,ARM1,platelets,Y,safety_v3:RESOLVED
S0224,ARM1,fatigue,N,safety_v3:RESOLVED
S0224,ARM1,alopecia,N,safety_v3:RESOLVED
S0224,ARM1,neuropathy_-_motor,N,safety_v3:RESOLVED
S0224,ARM1,arthralgia,N,safety_v3:RESOLVED
S0224,ARM1,myalgia,N,safety_v3:RESOLVED
S0224,ARM1,catheter_related_infection,N,safety_v3:RESOLVED
S0224,ARM1,sleeplessness,N,safety_v3:RESOLVED
S0224,ARM1,depression_dominant,N,safety_v3:RESOLVED
S0224,ARM1,hypernatremia,N,safety_v3:RESOLVED
S0224,ARM1,leukocytes,N,safety_v3:RESOLVED
S0224,ARM1,sensory_neuropathy,N,safety_v3:RESOLVED
S0224,ARM1,hypoalbuminemia,N,safety_v3:RESOLVED
S0231,ARM1,seizures,N,safety_v3:RESOLVED
S0231,ARM1,neuropathy_-_motor,N,safety_v3:RESOLVED
S0231,ARM1,myalgia,N,safety_v3:RESOLVED
S0231,ARM1,depression_dominant,N,safety_v3:RESOLVED
S0231,ARM1,leukocytes,N,safety_v3:RESOLVED
S0231,ARM1,hypoalbuminemia,N,safety_v3:RESOLVED
S0239,ARM1,fatigue,N,safety_v3:RESOLVED
S0239,ARM1,platelets,N,safety_v3:RESOLVED
S0239,ARM1,seizures,N,safety_v3:RESOLVED
S0239,ARM1,constipation,N,safety_v3:RESOLVED
S0239,ARM1,nausea,N,safety_v3:RESOLVED
S0239,ARM1,alopecia,N,safety_v3:RESOLVED
S0239,ARM1,hemoglobin_normal_12_16_gm,N,safety_v3:RESOLVED
S0239,ARM1,neuropathy_-_motor,N,safety_v3:RESOLVED
S0239,ARM1,arthralgia,N,safety_v3:RESOLVED
S0239,ARM1,myalgia,N,safety_v3:RESOLVED
S0239,ARM1,vomiting,N,safety_v3:RESOLVED
S0239,ARM1,anorexia,N,safety_v3:RESOLVED
S0239,ARM1,dizziness,N,safety_v3:RESOLVED
S0239,ARM1,catheter_related_infection,N,safety_v3:RESOLVED
S0239,ARM1,sleeplessness,N,safety_v3:RESOLVED
S0239,ARM1,depression_dominant,N,safety_v3:RESOLVED
S0239,ARM1,dyspnea,N,safety_v3:RESOLVED
S0239,ARM1,hypernatremia,N,safety_v3:RESOLVED
S0239,ARM1,anemia,N,safety_v3:RESOLVED
S0239,ARM1,hypercholesterolemia,N,safety_v3:RESOLVED
S0239,ARM1,coughing,N,safety_v3:RESOLVED
S0239,ARM1,anxiety,N,safety_v3:RESOLVED
S0239,ARM1,neutropenia,N,safety_v3:RESOLVED
S0239,ARM1,decreased_platelet_count,N,safety_v3:RESOLVED
S0239,ARM1,hypophosphatemia,N,safety_v3:RESOLVED
S0239,ARM1,alanine_aminotransferase_increased,N,safety_v3:RESOLVED
S0239,ARM1,sweating,N,safety_v3:RESOLVED
S0239,ARM1,fever,N,safety_v3:RESOLVED
S0239,ARM1,leukocytes,N,safety_v3:RESOLVED
S0239,ARM1,hypocalcemia,N,safety_v3:RESOLVED
S0239,ARM1,sensory_neuropathy,N,safety_v3:RESOLVED
S0239,ARM1,hyperglycemia,N,safety_v3:RESOLVED
S0239,ARM1,hypokalemia,N,safety_v3:RESOLVED
S0239,ARM1,gastrointestinal,N,safety_v3:RESOLVED
S0239,ARM1,hypoalbuminemia,N,safety_v3:RESOLVED
S0239,ARM1,blurred_vision,N,safety_v3:RESOLVED
S0239,ARM1,dry_skin,N,safety_v3:RESOLVED
S0239,ARM1,platelets,Y,safety_v3:RESOLVED
S0239,ARM1,seizures,Y,safety_v3:RESOLVED
S0239,ARM1,thrombosis/thrombus/embolism,Y,safety_v3:RESOLVED
S0239,ARM1,neutrophils,Y,safety_v3:RESOLVED
S0239,ARM1,hemoglobin_normal_12_16_gm,Y,safety_v3:RESOLVED
S0240,ARM1,seizures,N,safety_v3:RESOLVED
S0240,ARM1,constipation,N,safety_v3:RESOLVED
S0240,ARM1,neuropathy_-_motor,N,safety_v3:RESOLVED
S0240,ARM1,myalgia,N,safety_v3:RESOLVED
S0240,ARM1,catheter_related_infection,N,safety_v3:RESOLVED
S0240,ARM1,depression_dominant,N,safety_v3:RESOLVED
S0240,ARM1,hypernatremia,N,safety_v3:RESOLVED
S0240,ARM1,coughing,N,safety_v3:RESOLVED
S0240,ARM1,leukocytes,N,safety_v3:RESOLVED
S0240,ARM1,hypocalcemia,N,safety_v3:RESOLVED
S0240,ARM1,sensory_neuropathy,N,safety_v3:RESOLVED
S0240,ARM1,hypoalbuminemia,N,safety_v3:RESOLVED
S0241,ARM1,neuropathy_-_motor,N,safety_v3:RESOLVED
S0241,ARM1,depression_dominant,N,safety_v3:RESOLVED
S0241,ARM1,hypernatremia,N,safety_v3:RESOLVED
S0241,ARM1,leukocytes,N,safety_v3:RESOLVED
S0241,ARM1,hypoalbuminemia,N,safety_v3:RESOLVED
S0242,ARM1,fatigue,N,safety_v3:RESOLVED
S0242,ARM1,platelets,N,safety_v3:RESOLVED
S0242,ARM1,seizures,N,safety_v3:RESOLVED
S0242,ARM1,constipation,N,safety_v3:RESOLVED
S0242,ARM1,nausea,N,safety_v3:RESOLVED
S0242,ARM1,alopecia,N,safety_v3:RESOLVED
S0242,ARM1,neuropathy_-_motor,N,safety_v3:RESOLVED
S0242,ARM1,arthralgia,N,safety_v3:RESOLVED
S0242,ARM1,myalgia,N,safety_v3:RESOLVED
S0242,ARM1,catheter_related_infection,N,safety_v3:RESOLVED
S0242,ARM1,sleeplessness,N,safety_v3:RESOLVED
S0242,ARM1,depression_dominant,N,safety_v3:RESOLVED
S0242,ARM1,hypernatremia,N,safety_v3:RESOLVED
S0242,ARM1,anemia,N,safety_v3:RESOLVED
S0242,ARM1,coughing,N,safety_v3:RESOLVED
S0242,ARM1,hypophosphatemia,N,safety_v3:RESOLVED
S0242,ARM1,diarrhea,N,safety_v3:RESOLVED
S0242,ARM1,leukocytes,N,safety_v3:RESOLVED
S0242,ARM1,hypocalcemia,N,safety_v3:RESOLVED
S0242,ARM1,hypoalbuminemia,N,safety_v3:RESOLVED
S0243,ARM1,neuropathy_-_motor,N,safety_v3:RESOLVED
S0243,ARM1,myalgia,N,safety_v3:RESOLVED
S0243,ARM1,hypernatremia,N,safety_v3:RESOLVED
S0243,ARM1,leukocytes,N,safety_v3:RESOLVED
S0243,ARM1,hypoalbuminemia,N,safety_v3:RESOLVED
S0245,ARM1,fatigue,N,safety_v3:RESOLVED
S0245,ARM1,platelets,N,safety_v3:RESOLVED
S0245,ARM1,seizures,N,safety_v3:RESOLVED
S0245,ARM1,constipation,N,safety_v3:RESOLVED
S0245,ARM1,nausea,N,safety_v3:RESOLVED
S0245,ARM1,alopecia,N,safety_v3:RESOLVED
S0245,ARM1,hemoglobin_normal_12_16_gm,N,safety_v3:RESOLVED
S0245,ARM1,neuropathy_-_motor,N,safety_v3:RESOLVED
S0245,ARM1,headache,N,safety_v3:RESOLVED
S0245,ARM1,arthralgia,N,safety_v3:RESOLVED
S0245,ARM1,myalgia,N,safety_v3:RESOLVED
S0245,ARM1,vomiting,N,safety_v3:RESOLVED
S0245,ARM1,anorexia,N,safety_v3:RESOLVED
S0245,ARM1,dizziness,N,safety_v3:RESOLVED
S0245,ARM1,catheter_related_infection,N,safety_v3:RESOLVED
S0245,ARM1,sleeplessness,N,safety_v3:RESOLVED
S0245,ARM1,depression_dominant,N,safety_v3:RESOLVED
S0245,ARM1,dyspnea,N,safety_v3:RESOLVED
S0245,ARM1,hypernatremia,N,safety_v3:RESOLVED
S0245,ARM1,anemia,N,safety_v3:RESOLVED
S0245,ARM1,coughing,N,safety_v3:RESOLVED
S0245,ARM1,neutropenia,N,safety_v3:RESOLVED
S0245,ARM1,decreased_platelet_count,N,safety_v3:RESOLVED
S0245,ARM1,hypophosphatemia,N,safety_v3:RESOLVED
S0245,ARM1,diarrhea,N,safety_v3:RESOLVED
S0245,ARM1,alanine_aminotransferase_increased,N,safety_v3:RESOLVED
S0245,ARM1,sweating,N,safety_v3:RESOLVED
S0245,ARM1,fever,N,safety_v3:RESOLVED
S0245,ARM1,leukocytes,N,safety_v3:RESOLVED
S0245,ARM1,hypocalcemia,N,safety_v3:RESOLVED
S0245,ARM1,hyponatremia,N,safety_v3:RESOLVED
S0245,ARM1,sensory_neuropathy,N,safety_v3:RESOLVED
S0245,ARM1,hyperglycemia,N,safety_v3:RESOLVED
S0245,ARM1,hypokalemia,N,safety_v3:RESOLVED
S0245,ARM1,gastrointestinal,N,safety_v3:RESOLVED
S0245,ARM1,hypoalbuminemia,N,safety_v3:RESOLVED
S0245,ARM1,blurred_vision,N,safety_v3:RESOLVED
S0245,ARM1,hypesthesia,N,safety_v3:RESOLVED
S0245,ARM1,seizures,Y,safety_v3:RESOLVED
S0245,ARM1,neutrophils,Y,safety_v3:RESOLVED
S0245,ARM1,hemoglobin_normal_12_16_gm,Y,safety_v3:RESOLVED
S0245,ARM1,hypokalemia,Y,safety_v3:RESOLVED
S0247,ARM1,fatigue,N,safety_v3:RESOLVED
S0247,ARM1,seizures,N,safety_v3:RESOLVED
S0247,ARM1,constipation,N,safety_v3:RESOLVED
S0247,ARM1,nausea,N,safety_v3:RESOLVED
S0247,ARM1,alopecia,N,safety_v3:RESOLVED
S0247,ARM1,hemoglobin_normal_12_16_gm,N,safety_v3:RESOLVED
S0247,ARM1,neuropathy_-_motor,N,safety_v3:RESOLVED
S0247,ARM1,arthralgia,N,safety_v3:RESOLVED
S0247,ARM1,myalgia,N,safety_v3:RESOLVED
S0247,ARM1,anorexia,N,safety_v3:RESOLVED
S0247,ARM1,dizziness,N,safety_v3:RESOLVED
S0247,ARM1,muscle_weakness,N,safety_v3:RESOLVED
S0247,ARM1,catheter_related_infection,N,safety_v3:RESOLVED
S0247,ARM1,sleeplessness,N,safety_v3:RESOLVED
S0247,ARM1,depression_dominant,N,safety_v3:RESOLVED
S0247,ARM1,hypernatremia,N,safety_v3:RESOLVED
S0247,ARM1,anemia,N,safety_v3:RESOLVED
S0247,ARM1,coughing,N,safety_v3:RESOLVED
S0247,ARM1,hypophosphatemia,N,safety_v3:RESOLVED
S0247,ARM1,alanine_aminotransferase_increased,N,safety_v3:RESOLVED
S0247,ARM1,sweating,N,safety_v3:RESOLVED
S0247,ARM1,fever,N,safety_v3:RESOLVED
S0247,ARM1,leukocytes,N,safety_v3:RESOLVED
S0247,ARM1,hypocalcemia,N,safety_v3:RESOLVED
S0247,ARM1,sensory_neuropathy,N,safety_v3:RESOLVED
S0247,ARM1,gastrointestinal,N,safety_v3:RESOLVED
S0247,ARM1,hypoalbuminemia,N,safety_v3:RESOLVED
S0247,ARM1,blurred_vision,N,safety_v3:RESOLVED
S0247,ARM1,upper_respiratory_infections,N,safety_v3:RESOLVED
S0247,ARM1,seizures,Y,safety_v3:RESOLVED
S0248,ARM1,fatigue,N,safety_v3:RESOLVED
S0248,ARM1,platelets,N,safety_v3:RESOLVED
S0248,ARM1,seizures,N,safety_v3:RESOLVED
S0248,ARM1,constipation,N,safety_v3:RESOLVED
S0248,ARM1,nausea,N,safety_v3:RESOLVED
S0248,ARM1,alopecia,N,safety_v3:RESOLVED
S0248,ARM1,hemoglobin_normal_12_16_gm,N,safety_v3:RESOLVED
S0248,ARM1,neuropathy_-_motor,N,safety_v3:RESOLVED
S0248,ARM1,headache,N,safety_v3:RESOLVED
S0248,ARM1,arthralgia,N,safety_v3:RESOLVED
S0248,ARM1,myalgia,N,safety_v3:RESOLVED
S0248,ARM1,anorexia,N,safety_v3:RESOLVED
S0248,ARM1,catheter_related_infection,N,safety_v3:RESOLVED
S0248,ARM1,sleeplessness,N,safety_v3:RESOLVED
S0248,ARM1,depression_dominant,N,safety_v3:RESOLVED
S0248,ARM1,dyspnea,N,safety_v3:RESOLVED
S0248,ARM1,hypernatremia,N,safety_v3:RESOLVED
S0248,ARM1,anemia,N,safety_v3:RESOLVED
S0248,ARM1,coughing,N,safety_v3:RESOLVED
S0248,ARM1,hypophosphatemia,N,safety_v3:RESOLVED
S0248,ARM1,diarrhea,N,safety_v3:RESOLVED
S0248,ARM1,sweating,N,safety_v3:RESOLVED
S0248,ARM1,fever,N,safety_v3:RESOLVED
S0248,ARM1,leukocytes,N,safety_v3:RESOLVED
S0248,ARM1,hypocalcemia,N,safety_v3:RESOLVED
S0248,ARM1,sensory_neuropathy,N,safety_v3:RESOLVED
S0248,ARM1,gastrointestinal,N,safety_v3:RESOLVED
S0248,ARM1,hypoalbuminemia,N,safety_v3:RESOLVED
S0248,ARM1,blurred_vision,N,safety_v3:RESOLVED
S0248,ARM1,leukocytes_(total_wbc),N,safety_v3:RESOLVED
S0248,ARM1,hypesthesia,N,safety_v3:RESOLVED
S0248,ARM1,rhinitis,N,safety_v3:RESOLVED
S0248,ARM1,dry_skin,N,safety_v3:RESOLVED
S0248,ARM1,seizures,Y,safety_v3:RESOLVED
S0248,ARM1,neutrophils,Y,safety_v3:RESOLVED
S0251,ARM1,fatigue,N,safety_v3:RESOLVED
S0251,ARM1,platelets,N,safety_v3:RESOLVED
S0251,ARM1,seizures,N,safety_v3:RESOLVED
S0251,ARM1,constipation,N,safety_v3:RESOLVED
S0251,ARM1,nausea,N,safety_v3:RESOLVED
S0251,ARM1,alopecia,N,safety_v3:RESOLVED
S0251,ARM1,hemoglobin_normal_12_16_gm,N,safety_v3:RESOLVED
S0251,ARM1,neuropathy_-_motor,N,safety_v3:RESOLVED
S0251,ARM1,arthralgia,N,safety_v3:RESOLVED
S0251,ARM1,myalgia,N,safety_v3:RESOLVED
S0251,ARM1,anorexia,N,safety_v3:RESOLVED
S0251,ARM1,dizziness,N,safety_v3:RESOLVED
S0251,ARM1,catheter_related_infection,N,safety_v3:RESOLVED
S0251,ARM1,sleeplessness,N,safety_v3:RESOLVED
S0251,ARM1,depression_dominant,N,safety_v3:RESOLVED
S0251,ARM1,hypernatremia,N,safety_v3:RESOLVED
S0251,ARM1,coughing,N,safety_v3:RESOLVED
S0251,ARM1,hypophosphatemia,N,safety_v3:RESOLVED
S0251,ARM1,fever,N,safety_v3:RESOLVED
S0251,ARM1,leukocytes,N,safety_v3:RESOLVED
S0251,ARM1,hypocalcemia,N,safety_v3:RESOLVED
S0251,ARM1,sensory_neuropathy,N,safety_v3:RESOLVED
S0251,ARM1,hyperglycemia,N,safety_v3:RESOLVED
S0251,ARM1,gastrointestinal,N,safety_v3:RESOLVED
S0251,ARM1,hypoalbuminemia,N,safety_v3:RESOLVED
S0251,ARM1,blurred_vision,N,safety_v3:RESOLVED
S0251,ARM1,dry_skin,N,safety_v3:RESOLVED
S0251,ARM1,platelets,Y,safety_v3:RESOLVED
S0251,ARM1,neutrophils,Y,safety_v3:RESOLVED
S0251,ARM1,hemoglobin_normal_12_16_gm,Y,safety_v3:RESOLVED
S0253,ARM1,seizures,N,safety_v3:RESOLVED
S0253,ARM1,neuropathy_-_motor,N,safety_v3:RESOLVED
S0253,ARM1,myalgia,N,safety_v3:RESOLVED
S0253,ARM1,catheter_related_infection,N,safety_v3:RESOLVED
S0253,ARM1,depression_dominant,N,safety_v3:RESOLVED
S0253,ARM1,hypernatremia,N,safety_v3:RESOLVED
S0253,ARM1,coughing,N,safety_v3:RESOLVED
S0253,ARM1,leukocytes,N,safety_v3:RESOLVED
S0253,ARM1,hypocalcemia,N,safety_v3:RESOLVED
S0253,ARM1,hypoalbuminemia,N,safety_v3:RESOLVED
S0253,ARM1,leukocytes_(total_wbc),N,safety_v3:RESOLVED
S0255,ARM1,neuropathy_-_motor,N,safety_v3:RESOLVED
S0255,ARM1,arthralgia,N,safety_v3:RESOLVED
S0255,ARM1,myalgia,N,safety_v3:RESOLVED
S0255,ARM1,depression_dominant,N,safety_v3:RESOLVED
S0255,ARM1,hypernatremia,N,safety_v3:RESOLVED
S0255,ARM1,leukocytes,N,safety_v3:RESOLVED
S0255,ARM1,hypoalbuminemia,N,safety_v3:RESOLVED
S0256,ARM1,fatigue,N,safety_v3:RESOLVED
S0256,ARM1,platelets,N,safety_v3:RESOLVED
S0256,ARM1,seizures,N,safety_v3:RESOLVED
S0256,ARM1,nausea,N,safety_v3:RESOLVED
S0256,ARM1,neuropathy_-_motor,N,safety_v3:RESOLVED
S0256,ARM1,arthralgia,N,safety_v3:RESOLVED
S0256,ARM1,myalgia,N,safety_v3:RESOLVED
S0256,ARM1,catheter_related_infection,N,safety_v3:RESOLVED
S0256,ARM1,sleeplessness,N,safety_v3:RESOLVED
S0256,ARM1,depression_dominant,N,safety_v3:RESOLVED
S0256,ARM1,hypernatremia,N,safety_v3:RESOLVED
S0256,ARM1,coughing,N,safety_v3:RESOLVED
S0256,ARM1,leukocytes,N,safety_v3:RESOLVED
S0256,ARM1,hypocalcemia,N,safety_v3:RESOLVED
S0256,ARM1,sensory_neuropathy,N,safety_v3:RESOLVED
S0256,ARM1,gastrointestinal,N,safety_v3:RESOLVED
S0256,ARM1,hypoalbuminemia,N,safety_v3:RESOLVED
S0258,ARM1,fatigue,N,safety_v3:RESOLVED
S0258,ARM1,seizures,N,safety_v3:RESOLVED
S0258,ARM1,alopecia,N,safety_v3:RESOLVED
S0258,ARM1,neuropathy_-_motor,N,safety_v3:RESOLVED
S0258,ARM1,arthralgia,N,safety_v3:RESOLVED
S0258,ARM1,myalgia,N,safety_v3:RESOLVED
S0258,ARM1,anorexia,N,safety_v3:RESOLVED
S0258,ARM1,dizziness,N,safety_v3:RESOLVED
S0258,ARM1,catheter_related_infection,N,safety_v3:RESOLVED
S0258,ARM1,depression_dominant,N,safety_v3:RESOLVED
S0258,ARM1,hypernatremia,N,safety_v3:RESOLVED
S0258,ARM1,coughing,N,safety_v3:RESOLVED
S0258,ARM1,hypophosphatemia,N,safety_v3:RESOLVED
S0258,ARM1,leukocytes,N,safety_v3:RESOLVED
S0258,ARM1,hypocalcemia,N,safety_v3:RESOLVED
S0258,ARM1,sensory_neuropathy,N,safety_v3:RESOLVED
S0258,ARM1,gastrointestinal,N,safety_v3:RESOLVED
S0258,ARM1,hypoalbuminemia,N,safety_v3:RESOLVED
S0260,ARM1,seizures,N,safety_v3:RESOLVED
S0260,ARM1,constipation,N,safety_v3:RESOLVED
S0260,ARM1,alopecia,N,safety_v3:RESOLVED
S0260,ARM1,neuropathy_-_motor,N,safety_v3:RESOLVED
S0260,ARM1,arthralgia,N,safety_v3:RESOLVED
S0260,ARM1,myalgia,N,safety_v3:RESOLVED
S0260,ARM1,anorexia,N,safety_v3:RESOLVED
S0260,ARM1,catheter_related_infection,N,safety_v3:RESOLVED
S0260,ARM1,sleeplessness,N,safety_v3:RESOLVED
S0260,ARM1,depression_dominant,N,safety_v3:RESOLVED
S0260,ARM1,dyspnea,N,safety_v3:RESOLVED
S0260,ARM1,hypernatremia,N,safety_v3:RESOLVED
S0260,ARM1,coughing,N,safety_v3:RESOLVED
S0260,ARM1,leukocytes,N,safety_v3:RESOLVED
S0260,ARM1,hypocalcemia,N,safety_v3:RESOLVED
S0260,ARM1,sensory_neuropathy,N,safety_v3:RESOLVED
S0260,ARM1,hypoalbuminemia,N,safety_v3:RESOLVED
S0262,ARM1,platelets,N,safety_v3:RESOLVED
S0262,ARM1,seizures,N,safety_v3:RESOLVED
S0262,ARM1,neuropathy_-_motor,N,safety_v3:RESOLVED
S0262,ARM1,arthralgia,N,safety_v3:RESOLVED
S0262,ARM1,myalgia,N,safety_v3:RESOLVED
S0262,ARM1,anorexia,N,safety_v3:RESOLVED
S0262,ARM1,catheter_related_infection,N,safety_v3:RESOLVED
S0262,ARM1,depression_dominant,N,safety_v3:RESOLVED
S0262,ARM1,hypernatremia,N,safety_v3:RESOLVED
S0262,ARM1,coughing,N,safety_v3:RESOLVED
S0262,ARM1,leukocytes,N,safety_v3:RESOLVED
S0262,ARM1,hypocalcemia,N,safety_v3:RESOLVED
S0262,ARM1,gastrointestinal,N,safety_v3:RESOLVED
S0262,ARM1,hypoalbuminemia,N,safety_v3:RESOLVED
S0264,ARM1,platelets,N,safety_v3:RESOLVED
S0264,ARM1,seizures,N,safety_v3:RESOLVED
S0264,ARM1,constipation,N,safety_v3:RESOLVED
S0264,ARM1,nausea,N,safety_v3:RESOLVED
S0264,ARM1,alopecia,N,safety_v3:RESOLVED
S0264,ARM1,hemoglobin_normal_12_16_gm,N,safety_v3:RESOLVED
S0264,ARM1,neuropathy_-_motor,N,safety_v3:RESOLVED
S0264,ARM1,arthralgia,N,safety_v3:RESOLVED
S0264,ARM1,myalgia,N,safety_v3:RESOLVED
S0264,ARM1,vomiting,N,safety_v3:RESOLVED
S0264,ARM1,anorexia,N,safety_v3:RESOLVED
S0264,ARM1,dizziness,N,safety_v3:RESOLVED
S0264,ARM1,muscle_weakness,N,safety_v3:RESOLVED
S0264,ARM1,catheter_related_infection,N,safety_v3:RESOLVED
S0264,ARM1,sleeplessness,N,safety_v3:RESOLVED
S0264,ARM1,depression_dominant,N,safety_v3:RESOLVED
S0264,ARM1,dyspnea,N,safety_v3:RESOLVED
S0264,ARM1,hypernatremia,N,safety_v3:RESOLVED
S0264,ARM1,anemia,N,safety_v3:RESOLVED
S0264,ARM1,coughing,N,safety_v3:RESOLVED
S0264,ARM1,hypophosphatemia,N,safety_v3:RESOLVED
S0264,ARM1,diarrhea,N,safety_v3:RESOLVED
S0264,ARM1,alanine_aminotransferase_increased,N,safety_v3:RESOLVED
S0264,ARM1,sweating,N,safety_v3:RESOLVED
S0264,ARM1,fever,N,safety_v3:RESOLVED
S0264,ARM1,leukocytes,N,safety_v3:RESOLVED
S0264,ARM1,hypocalcemia,N,safety_v3:RESOLVED
S0264,ARM1,hyponatremia,N,safety_v3:RESOLVED
S0264,ARM1,sensory_neuropathy,N,safety_v3:RESOLVED
S0264,ARM1,hypokalemia,N,safety_v3:RESOLVED
S0264,ARM1,gastrointestinal,N,safety_v3:RESOLVED
S0264,ARM1,hypoalbuminemia,N,safety_v3:RESOLVED
S0264,ARM1,blurred_vision,N,safety_v3:RESOLVED
S0265,ARM1,fatigue,N,safety_v3:RESOLVED
S0265,ARM1,platelets,N,safety_v3:RESOLVED
S0265,ARM1,seizures,N,safety_v3:RESOLVED
S0265,ARM1,constipation,N,safety_v3:RESOLVED
S0265,ARM1,nausea,N,safety_v3:RESOLVED
S0265,ARM1,alopecia,N,safety_v3:RESOLVED
S0265,ARM1,hemoglobin_normal_12_16_gm,N,safety_v3:RESOLVED
S0265,ARM1,neuropathy_-_motor,N,safety_v3:RESOLVED
S0265,ARM1,headache,N,safety_v3:RESOLVED
S0265,ARM1,arthralgia,N,safety_v3:RESOLVED
S0265,ARM1,myalgia,N,safety_v3:RESOLVED
S0265,ARM1,anorexia,N,safety_v3:RESOLVED
S0265,ARM1,dizziness,N,safety_v3:RESOLVED
S0265,ARM1,catheter_related_infection,N,safety_v3:RESOLVED
S0265,ARM1,depression_dominant,N,safety_v3:RESOLVED
S0265,ARM1,dyspnea,N,safety_v3:RESOLVED
S0265,ARM1,hypernatremia,N,safety_v3:RESOLVED
S0265,ARM1,coughing,N,safety_v3:RESOLVED
S0265,ARM1,hypophosphatemia,N,safety_v3:RESOLVED
S0265,ARM1,alanine_aminotransferase_increased,N,safety_v3:RESOLVED
S0265,ARM1,sweating,N,safety_v3:RESOLVED
S0265,ARM1,fever,N,safety_v3:RESOLVED
S0265,ARM1,leukocytes,N,safety_v3:RESOLVED
S0265,ARM1,hypocalcemia,N,safety_v3:RESOLVED
S0265,ARM1,sensory_neuropathy,N,safety_v3:RESOLVED
S0265,ARM1,gastrointestinal,N,safety_v3:RESOLVED
S0265,ARM1,hypoalbuminemia,N,safety_v3:RESOLVED
S0265,ARM1,blurred_vision,N,safety_v3:RESOLVED
S0265,ARM1,leukocytes_(total_wbc),N,safety_v3:RESOLVED
S0265,ARM1,dry_skin,N,safety_v3:RESOLVED
S0265,ARM1,platelets,Y,safety_v3:RESOLVED
S0265,ARM1,seizures,Y,safety_v3:RESOLVED
S0265,ARM1,neutrophils,Y,safety_v3:RESOLVED
S0266,ARM1,fatigue,N,safety_v3:RESOLVED
S0266,ARM1,platelets,N,safety_v3:RESOLVED
S0266,ARM1,seizures,N,safety_v3:RESOLVED
S0266,ARM1,constipation,N,safety_v3:RESOLVED
S0266,ARM1,nausea,N,safety_v3:RESOLVED
S0266,ARM1,alopecia,N,safety_v3:RESOLVED
S0266,ARM1,hemoglobin_normal_12_16_gm,N,safety_v3:RESOLVED
S0266,ARM1,neuropathy_-_motor,N,safety_v3:RESOLVED
S0266,ARM1,arthralgia,N,safety_v3:RESOLVED
S0266,ARM1,myalgia,N,safety_v3:RESOLVED
S0266,ARM1,anorexia,N,safety_v3:RESOLVED
S0266,ARM1,dizziness,N,safety_v3:RESOLVED
S0266,ARM1,catheter_related_infection,N,safety_v3:RESOLVED
S0266,ARM1,sleeplessness,N,safety_v3:RESOLVED
S0266,ARM1,depression_dominant,N,safety_v3:RESOLVED
S0266,ARM1,dyspnea,N,safety_v3:RESOLVED
S0266,ARM1,hypernatremia,N,safety_v3:RESOLVED
S0266,ARM1,anemia,N,safety_v3:RESOLVED
S0266,ARM1,coughing,N,safety_v3:RESOLVED
S0266,ARM1,neutropenia,N,safety_v3:RESOLVED
S0266,ARM1,hypophosphatemia,N,safety_v3:RESOLVED
S0266,ARM1,alanine_aminotransferase_increased,N,safety_v3:RESOLVED
S0266,ARM1,sweating,N,safety_v3:RESOLVED
S0266,ARM1,fever,N,safety_v3:RESOLVED
S0266,ARM1,leukocytes,N,safety_v3:RESOLVED
S0266,ARM1,hypocalcemia,N,safety_v3:RESOLVED
S0266,ARM1,sensory_neuropathy,N,safety_v3:RESOLVED
S0266,ARM1,gastrointestinal,N,safety_v3:RESOLVED
S0266,ARM1,hypoalbuminemia,N,safety_v3:RESOLVED
S0266,ARM1,blurred_vision,N,safety_v3:RESOLVED
S0266,ARM1,hypesthesia,N,safety_v3:RESOLVED
S0266,ARM1,dry_skin,N,safety_v3:RESOLVED
S0266,ARM1,platelets,Y,safety_v3:RESOLVED
S0266,ARM1,neutrophils,Y,safety_v3:RESOLVED
S0266,ARM1,alanine_aminotransferase_increased,Y,safety_v3:RESOLVED
S0267,ARM1,seizures,N,safety_v3:RESOLVED
S0267,ARM1,nausea,N,safety_v3:RESOLVED
S0267,ARM1,alopecia,N,safety_v3:RESOLVED
S0267,ARM1,neuropathy_-_motor,N,safety_v3:RESOLVED
S0267,ARM1,arthralgia,N,safety_v3:RESOLVED
S0267,ARM1,myalgia,N,safety_v3:RESOLVED
S0267,ARM1,catheter_related_infection,N,safety_v3:RESOLVED
S0267,ARM1,depression_dominant,N,safety_v3:RESOLVED
S0267,ARM1,hypernatremia,N,safety_v3:RESOLVED
S0267,ARM1,anemia,N,safety_v3:RESOLVED
S0267,ARM1,leukocytes,N,safety_v3:RESOLVED
S0267,ARM1,hypocalcemia,N,safety_v3:RESOLVED
S0267,ARM1,gastrointestinal,N,safety_v3:RESOLVED
S0267,ARM1,hypoalbuminemia,N,safety_v3:RESOLVED
S0268,ARM1,seizures,N,safety_v3:RESOLVED
S0268,ARM1,alopecia,N,safety_v3:RESOLVED
S0268,ARM1,neuropathy_-_motor,N,safety_v3:RESOLVED
S0268,ARM1,myalgia,N,safety_v3:RESOLVED
S0268,ARM1,catheter_related_infection,N,safety_v3:RESOLVED
S0268,ARM1,depression_dominant,N,safety_v3:RESOLVED
S0268,ARM1,hypernatremia,N,safety_v3:RESOLVED
S0268,ARM1,coughing,N,safety_v3:RESOLVED
S0268,ARM1,leukocytes,N,safety_v3:RESOLVED
S0268,ARM1,hypocalcemia,N,safety_v3:RESOLVED
S0268,ARM1,hypoalbuminemia,N,safety_v3:RESOLVED
S0269,ARM1,fatigue,N,safety_v3:RESOLVED
S0269,ARM1,platelets,N,safety_v3:RESOLVED
S0269,ARM1,seizures,N,safety_v3:RESOLVED
S0269,ARM1,constipation,N,safety_v3:RESOLVED
S0269,ARM1,alopecia,N,safety_v3:RESOLVED
S0269,ARM1,hemoglobin_normal_12_16_gm,N,safety_v3:RESOLVED
S0269,ARM1,neuropathy_-_motor,N,safety_v3:RESOLVED
S0269,ARM1,arthralgia,N,safety_v3:RESOLVED
S0269,ARM1,myalgia,N,safety_v3:RESOLVED
S0269,ARM1,dizziness,N,safety_v3:RESOLVED
S0269,ARM1,catheter_related_infection,N,safety_v3:RESOLVED
S0269,ARM1,sleeplessness,N,safety_v3:RESOLVED
S0269,ARM1,depression_dominant,N,safety_v3:RESOLVED
S0269,ARM1,dyspnea,N,safety_v3:RESOLVED
S0269,ARM1,hypernatremia,N,safety_v3:RESOLVED
S0269,ARM1,coughing,N,safety_v3:RESOLVED
S0269,ARM1,sweating,N,safety_v3:RESOLVED
S0269,ARM1,fever,N,safety_v3:RESOLVED
S0269,ARM1,leukocytes,N,safety_v3:RESOLVED
S0269,ARM1,hypocalcemia,N,safety_v3:RESOLVED
S0269,ARM1,sensory_neuropathy,N,safety_v3:RESOLVED
S0269,ARM1,gastrointestinal,N,safety_v3:RESOLVED
S0269,ARM1,hypoalbuminemia,N,safety_v3:RESOLVED
S0269,ARM1,blurred_vision,N,safety_v3:RESOLVED
S0273,ARM1,fatigue,N,safety_v3:RESOLVED
S0273,ARM1,seizures,N,safety_v3:RESOLVED
S0273,ARM1,alopecia,N,safety_v3:RESOLVED
S0273,ARM1,neuropathy_-_motor,N,safety_v3:RESOLVED
S0273,ARM1,arthralgia,N,safety_v3:RESOLVED
S0273,ARM1,myalgia,N,safety_v3:RESOLVED
S0273,ARM1,anorexia,N,safety_v3:RESOLVED
S0273,ARM1,depression_dominant,N,safety_v3:RESOLVED
S0273,ARM1,hypernatremia,N,safety_v3:RESOLVED
S0273,ARM1,coughing,N,safety_v3:RESOLVED
S0273,ARM1,sweating,N,safety_v3:RESOLVED
S0273,ARM1,leukocytes,N,safety_v3:RESOLVED
S0273,ARM1,hypocalcemia,N,safety_v3:RESOLVED
S0273,ARM1,sensory_neuropathy,N,safety_v3:RESOLVED
S0273,ARM1,hypoalbuminemia,N,safety_v3:RESOLVED
S0273,ARM1,blurred_vision,N,safety_v3:RESOLVED
S0274,ARM1,seizures,N,safety_v3:RESOLVED
S0274,ARM1,alopecia,N,safety_v3:RESOLVED
S0274,ARM1,neuropathy_-_motor,N,safety_v3:RESOLVED
S0274,ARM1,myalgia,N,safety_v3:RESOLVED
S0274,ARM1,dizziness,N,safety_v3:RESOLVED
S0274,ARM1,catheter_related_infection,N,safety_v3:RESOLVED
S0274,ARM1,depression_dominant,N,safety_v3:RESOLVED
S0274,ARM1,hypernatremia,N,safety_v3:RESOLVED
S0274,ARM1,coughing,N,safety_v3:RESOLVED
S0274,ARM1,leukocytes,N,safety_v3:RESOLVED
S0274,ARM1,hypocalcemia,N,safety_v3:RESOLVED
S0274,ARM1,sensory_neuropathy,N,safety_v3:RESOLVED
S0274,ARM1,hypoalbuminemia,N,safety_v3:RESOLVED
S0275,ARM1,neuropathy_-_motor,N,safety_v3:RESOLVED
S0275,ARM1,myalgia,N,safety_v3:RESOLVED
S0275,ARM1,leukocytes,N,safety_v3:RESOLVED
S0275,ARM1,hypoalbuminemia,N,safety_v3:RESOLVED
S0281,ARM1,fatigue,N,safety_v3:RESOLVED
S0281,ARM1,platelets,N,safety_v3:RESOLVED
S0281,ARM1,seizures,N,safety_v3:RESOLVED
S0281,ARM1,constipation,N,safety_v3:RESOLVED
S0281,ARM1,nausea,N,safety_v3:RESOLVED
S0281,ARM1,alopecia,N,safety_v3:RESOLVED
S0281,ARM1,neuropathy_-_motor,N,safety_v3:RESOLVED
S0281,ARM1,arthralgia,N,safety_v3:RESOLVED
S0281,ARM1,myalgia,N,safety_v3:RESOLVED
S0281,ARM1,catheter_related_infection,N,safety_v3:RESOLVED
S0281,ARM1,depression_dominant,N,safety_v3:RESOLVED
S0281,ARM1,hypernatremia,N,safety_v3:RESOLVED
S0281,ARM1,anemia,N,safety_v3:RESOLVED
S0281,ARM1,coughing,N,safety_v3:RESOLVED
S0281,ARM1,fever,N,safety_v3:RESOLVED
S0281,ARM1,leukocytes,N,safety_v3:RESOLVED
S0281,ARM1,hypocalcemia,N,safety_v3:RESOLVED
S0281,ARM1,sensory_neuropathy,N,safety_v3:RESOLVED
S0281,ARM1,hypoalbuminemia,N,safety_v3:RESOLVED
S0281,ARM1,blurred_vision,N,safety_v3:RESOLVED
S0283,ARM1,fatigue,N,safety_v3:RESOLVED
S0283,ARM1,platelets,N,safety_v3:RESOLVED
S0283,ARM1,seizures,N,safety_v3:RESOLVED
S0283,ARM1,constipation,N,safety_v3:RESOLVED
S0283,ARM1,nausea,N,safety_v3:RESOLVED
S0283,ARM1,alopecia,N,safety_v3:RESOLVED
S0283,ARM1,hemoglobin_normal_12_16_gm,N,safety_v3:RESOLVED
S0283,ARM1,neuropathy_-_motor,N,safety_v3:RESOLVED
S0283,ARM1,headache,N,safety_v3:RESOLVED
S0283,ARM1,arthralgia,N,safety_v3:RESOLVED
S0283,ARM1,myalgia,N,safety_v3:RESOLVED
S0283,ARM1,anorexia,N,safety_v3:RESOLVED
S0283,ARM1,dizziness,N,safety_v3:RESOLVED
S0283,ARM1,catheter_related_infection,N,safety_v3:RESOLVED
S0283,ARM1,sleeplessness,N,safety_v3:RESOLVED
S0283,ARM1,depression_dominant,N,safety_v3:RESOLVED
S0283,ARM1,hypernatremia,N,safety_v3:RESOLVED
S0283,ARM1,coughing,N,safety_v3:RESOLVED
S0283,ARM1,anxiety,N,safety_v3:RESOLVED
S0283,ARM1,neutropenia,N,safety_v3:RESOLVED
S0283,ARM1,hypophosphatemia,N,safety_v3:RESOLVED
S0283,ARM1,sweating,N,safety_v3:RESOLVED
S0283,ARM1,leukocytes,N,safety_v3:RESOLVED
S0283,ARM1,hypocalcemia,N,safety_v3:RESOLVED
S0283,ARM1,sensory_neuropathy,N,safety_v3:RESOLVED
S0283,ARM1,gastrointestinal,N,safety_v3:RESOLVED
S0283,ARM1,hypoalbuminemia,N,safety_v3:RESOLVED
S0283,ARM1,blurred_vision,N,safety_v3:RESOLVED
S0283,ARM1,leukocytes_(total_wbc),N,safety_v3:RESOLVED
S0283,ARM1,dry_skin,N,safety_v3:RESOLVED
S0283,ARM1,seizures,Y,safety_v3:RESOLVED
S0283,ARM1,neutrophils,Y,safety_v3:RESOLVED
S0284,ARM1,seizures,N,safety_v3:RESOLVED
S0284,ARM1,alopecia,N,safety_v3:RESOLVED
S0284,ARM1,neuropathy_-_motor,N,safety_v3:RESOLVED
S0284,ARM1,myalgia,N,safety_v3:RESOLVED
S0284,ARM1,sleeplessness,N,safety_v3:RESOLVED
S0284,ARM1,depression_dominant,N,safety_v3:RESOLVED
S0284,ARM1,hypernatremia,N,safety_v3:RESOLVED
S0284,ARM1,leukocytes,N,safety_v3:RESOLVED
S0284,ARM1,hypocalcemia,N,safety_v3:RESOLVED
S0284,ARM1,sensory_neuropathy,N,safety_v3:RESOLVED
S0284,ARM1,hypoalbuminemia,N,safety_v3:RESOLVED
S0285,ARM1,fatigue,N,safety_v3:RESOLVED
S0285,ARM1,platelets,N,safety_v3:RESOLVED
S0285,ARM1,seizures,N,safety_v3:RESOLVED
S0285,ARM1,constipation,N,safety_v3:RESOLVED
S0285,ARM1,nausea,N,safety_v3:RESOLVED
S0285,ARM1,alopecia,N,safety_v3:RESOLVED
S0285,ARM1,hemoglobin_normal_12_16_gm,N,safety_v3:RESOLVED
S0285,ARM1,neuropathy_-_motor,N,safety_v3:RESOLVED
S0285,ARM1,headache,N,safety_v3:RESOLVED
S0285,ARM1,arthralgia,N,safety_v3:RESOLVED
S0285,ARM1,myalgia,N,safety_v3:RESOLVED
S0285,ARM1,dizziness,N,safety_v3:RESOLVED
S0285,ARM1,catheter_related_infection,N,safety_v3:RESOLVED
S0285,ARM1,sleeplessness,N,safety_v3:RESOLVED
S0285,ARM1,depression_dominant,N,safety_v3:RESOLVED
S0285,ARM1,hypernatremia,N,safety_v3:RESOLVED
S0285,ARM1,hypercholesterolemia,N,safety_v3:RESOLVED
S0285,ARM1,coughing,N,safety_v3:RESOLVED
S0285,ARM1,neutropenia,N,safety_v3:RESOLVED
S0285,ARM1,fever,N,safety_v3:RESOLVED
S0285,ARM1,leukocytes,N,safety_v3:RESOLVED
S0285,ARM1,hypocalcemia,N,safety_v3:RESOLVED
S0285,ARM1,sensory_neuropathy,N,safety_v3:RESOLVED
S0285,ARM1,hypokalemia,N,safety_v3:RESOLVED
S0285,ARM1,gastrointestinal,N,safety_v3:RESOLVED
S0285,ARM1,hypoalbuminemia,N,safety_v3:RESOLVED
S0285,ARM1,platelets,Y,safety_v3:RESOLVED
S0286,ARM1,seizures,N,safety_v3:RESOLVED
S0286,ARM1,neuropathy_-_motor,N,safety_v3:RESOLVED
S0286,ARM1,myalgia,N,safety_v3:RESOLVED
S0286,ARM1,depression_dominant,N,safety_v3:RESOLVED
S0286,ARM1,hypoalbuminemia,N,safety_v3:RESOLVED
S0288,ARM1,fatigue,N,safety_v3:RESOLVED
S0288,ARM1,platelets,N,safety_v3:RESOLVED
S0288,ARM1,seizures,N,safety_v3:RESOLVED
S0288,ARM1,constipation,N,safety_v3:RESOLVED
S0288,ARM1,nausea,N,safety_v3:RESOLVED
S0288,ARM1,alopecia,N,safety_v3:RESOLVED
S0288,ARM1,hemoglobin_normal_12_16_gm,N,safety_v3:RESOLVED
S0288,ARM1,neuropathy_-_motor,N,safety_v3:RESOLVED
S0288,ARM1,arthralgia,N,safety_v3:RESOLVED
S0288,ARM1,myalgia,N,safety_v3:RESOLVED
S0288,ARM1,anorexia,N,safety_v3:RESOLVED
S0288,ARM1,dizziness,N,safety_v3:RESOLVED
S0288,ARM1,catheter_related_infection,N,safety_v3:RESOLVED
S0288,ARM1,sleeplessness,N,safety_v3:RESOLVED
S0288,ARM1,depression_dominant,N,safety_v3:RESOLVED
S0288,ARM1,hypernatremia,N,safety_v3:RESOLVED
S0288,ARM1,anemia,N,safety_v3:RESOLVED
S0288,ARM1,coughing,N,safety_v3:RESOLVED
S0288,ARM1,neutropenia,N,safety_v3:RESOLVED
S0288,ARM1,hypophosphatemia,N,safety_v3:RESOLVED
S0288,ARM1,alanine_aminotransferase_increased,N,safety_v3:RESOLVED
S0288,ARM1,leukocytes,N,safety_v3:RESOLVED
S0288,ARM1,hypocalcemia,N,safety_v3:RESOLVED
S0288,ARM1,sensory_neuropathy,N,safety_v3:RESOLVED
S0288,ARM1,hyperglycemia,N,safety_v3:RESOLVED
S0288,ARM1,gastrointestinal,N,safety_v3:RESOLVED
S0288,ARM1,hypoalbuminemia,N,safety_v3:RESOLVED
S0288,ARM1,leukocytes_(total_wbc),N,safety_v3:RESOLVED
S0288,ARM1,seizures,Y,safety_v3:RESOLVED
S0288,ARM1,neutrophils,Y,safety_v3:RESOLVED
S0289,ARM1,fatigue,N,safety_v3:RESOLVED
S0289,ARM1,seizures,N,safety_v3:RESOLVED
S0289,ARM1,constipation,N,safety_v3:RESOLVED
S0289,ARM1,nausea,N,safety_v3:RESOLVED
S0289,ARM1,alopecia,N,safety_v3:RESOLVED
S0289,ARM1,neuropathy_-_motor,N,safety_v3:RESOLVED
S0289,ARM1,arthralgia,N,safety_v3:RESOLVED
S0289,ARM1,myalgia,N,safety_v3:RESOLVED
S0289,ARM1,anorexia,N,safety_v3:RESOLVED
S0289,ARM1,catheter_related_infection,N,safety_v3:RESOLVED
S0289,ARM1,depression_dominant,N,safety_v3:RESOLVED
S0289,ARM1,hypernatremia,N,safety_v3:RESOLVED
S0289,ARM1,coughing,N,safety_v3:RESOLVED
S0289,ARM1,hypophosphatemia,N,safety_v3:RESOLVED
S0289,ARM1,sweating,N,safety_v3:RESOLVED
S0289,ARM1,leukocytes,N,safety_v3:RESOLVED
S0289,ARM1,hypocalcemia,N,safety_v3:RESOLVED
S0289,ARM1,sensory_neuropathy,N,safety_v3:RESOLVED
S0289,ARM1,gastrointestinal,N,safety_v3:RESOLVED
S0289,ARM1,hypoalbuminemia,N,safety_v3:RESOLVED
S0289,ARM1,dry_skin,N,safety_v3:RESOLVED
S0294,ARM1,neuropathy_-_motor,N,safety_v3:RESOLVED
S0294,ARM1,arthralgia,N,safety_v3:RESOLVED
S0294,ARM1,myalgia,N,safety_v3:RESOLVED
S0294,ARM1,depression_dominant,N,safety_v3:RESOLVED
S0294,ARM1,hypernatremia,N,safety_v3:RESOLVED
S0294,ARM1,leukocytes,N,safety_v3:RESOLVED
S0295,ARM1,fatigue,N,safety_v3:RESOLVED
S0295,ARM1,seizures,N,safety_v3:RESOLVED
S0295,ARM1,nausea,N,safety_v3:RESOLVED
S0295,ARM1,alopecia,N,safety_v3:RESOLVED
S0295,ARM1,neuropathy_-_motor,N,safety_v3:RESOLVED
S0295,ARM1,arthralgia,N,safety_v3:RESOLVED
S0295,ARM1,myalgia,N,safety_v3:RESOLVED
S0295,ARM1,anorexia,N,safety_v3:RESOLVED
S0295,ARM1,dizziness,N,safety_v3:RESOLVED
S0295,ARM1,catheter_related_infection,N,safety_v3:RESOLVED
S0295,ARM1,sleeplessness,N,safety_v3:RESOLVED
S0295,ARM1,depression_dominant,N,safety_v3:RESOLVED
S0295,ARM1,hypernatremia,N,safety_v3:RESOLVED
S0295,ARM1,coughing,N,safety_v3:RESOLVED
S0295,ARM1,leukocytes,N,safety_v3:RESOLVED
S0295,ARM1,hypocalcemia,N,safety_v3:RESOLVED
S0295,ARM1,sensory_neuropathy,N,safety_v3:RESOLVED
S0295,ARM1,hypoalbuminemia,N,safety_v3:RESOLVED
S0295,ARM1,blurred_vision,N,safety_v3:RESOLVED
S0298,ARM1,fatigue,N,safety_v3:RESOLVED
S0298,ARM1,platelets,N,safety_v3:RESOLVED
S0298,ARM1,seizures,N,safety_v3:RESOLVED
S0298,ARM1,constipation,N,safety_v3:RESOLVED
S0298,ARM1,nausea,N,safety_v3:RESOLVED
S0298,ARM1,alopecia,N,safety_v3:RESOLVED
S0298,ARM1,neuropathy_-_motor,N,safety_v3:RESOLVED
S0298,ARM1,arthralgia,N,safety_v3:RESOLVED
S0298,ARM1,myalgia,N,safety_v3:RESOLVED
S0298,ARM1,anorexia,N,safety_v3:RESOLVED
S0298,ARM1,dizziness,N,safety_v3:RESOLVED
S0298,ARM1,catheter_related_infection,N,safety_v3:RESOLVED
S0298,ARM1,sleeplessness,N,safety_v3:RESOLVED
S0298,ARM1,depression_dominant,N,safety_v3:RESOLVED
S0298,ARM1,hypernatremia,N,safety_v3:RESOLVED
S0298,ARM1,hypercholesterolemia,N,safety_v3:RESOLVED
S0298,ARM1,coughing,N,safety_v3:RESOLVED
S0298,ARM1,hypophosphatemia,N,safety_v3:RESOLVED
S0298,ARM1,alanine_aminotransferase_increased,N,safety_v3:RESOLVED
S0298,ARM1,sweating,N,safety_v3:RESOLVED
S0298,ARM1,leukocytes,N,safety_v3:RESOLVED
S0298,ARM1,hypocalcemia,N,safety_v3:RESOLVED
S0298,ARM1,sensory_neuropathy,N,safety_v3:RESOLVED
S0298,ARM1,gastrointestinal,N,safety_v3:RESOLVED
S0298,ARM1,hypoalbuminemia,N,safety_v3:RESOLVED
S0298,ARM1,blurred_vision,N,safety_v3:RESOLVED
S0302,ARM1,fatigue,N,safety_v3:RESOLVED
S0302,ARM1,seizures,N,safety_v3:RESOLVED
S0302,ARM1,neuropathy_-_motor,N,safety_v3:RESOLVED
S0302,ARM1,myalgia,N,safety_v3:RESOLVED
S0302,ARM1,catheter_related_infection,N,safety_v3:RESOLVED
S0302,ARM1,depression_dominant,N,safety_v3:RESOLVED
S0302,ARM1,hypernatremia,N,safety_v3:RESOLVED
S0302,ARM1,coughing,N,safety_v3:RESOLVED
S0302,ARM1,leukocytes,N,safety_v3:RESOLVED
S0302,ARM1,hypocalcemia,N,safety_v3:RESOLVED
S0302,ARM1,sensory_neuropathy,N,safety_v3:RESOLVED
S0302,ARM1,hypoalbuminemia,N,safety_v3:RESOLVED
S0303,ARM1,fatigue,N,safety_v3:RESOLVED
S0303,ARM1,platelets,N,safety_v3:RESOLVED
S0303,ARM1,seizures,N,safety_v3:RESOLVED
S0303,ARM1,nausea,N,safety_v3:RESOLVED
S0303,ARM1,alopecia,N,safety_v3:RESOLVED
S0303,ARM1,neuropathy_-_motor,N,safety_v3:RESOLVED
S0303,ARM1,arthralgia,N,safety_v3:RESOLVED
S0303,ARM1,myalgia,N,safety_v3:RESOLVED
S0303,ARM1,anorexia,N,safety_v3:RESOLVED
S0303,ARM1,catheter_related_infection,N,safety_v3:RESOLVED
S0303,ARM1,sleeplessness,N,safety_v3:RESOLVED
S0303,ARM1,depression_dominant,N,safety_v3:RESOLVED
S0303,ARM1,hypernatremia,N,safety_v3:RESOLVED
S0303,ARM1,anemia,N,safety_v3:RESOLVED
S0303,ARM1,coughing,N,safety_v3:RESOLVED
S0303,ARM1,hypophosphatemia,N,safety_v3:RESOLVED
S0303,ARM1,diarrhea,N,safety_v3:RESOLVED
S0303,ARM1,leukocytes,N,safety_v3:RESOLVED
S0303,ARM1,hypocalcemia,N,safety_v3:RESOLVED
S0303,ARM1,sensory_neuropathy,N,safety_v3:RESOLVED
S0303,ARM1,gastrointestinal,N,safety_v3:RESOLVED
S0303,ARM1,hypoalbuminemia,N,safety_v3:RESOLVED
S0303,ARM1,platelets,Y,safety_v3:RESOLVED
S0304,ARM1,fatigue,N,safety_v3:RESOLVED
S0304,ARM1,platelets,N,safety_v3:RESOLVED
S0304,ARM1,seizures,N,safety_v3:RESOLVED
S0304,ARM1,constipation,N,safety_v3:RESOLVED
S0304,ARM1,nausea,N,safety_v3:RESOLVED
S0304,ARM1,alopecia,N,safety_v3:RESOLVED
S0304,ARM1,hemoglobin_normal_12_16_gm,N,safety_v3:RESOLVED
S0304,ARM1,neuropathy_-_motor,N,safety_v3:RESOLVED
S0304,ARM1,arthralgia,N,safety_v3:RESOLVED
S0304,ARM1,myalgia,N,safety_v3:RESOLVED
S0304,ARM1,vomiting,N,safety_v3:RESOLVED
S0304,ARM1,anorexia,N,safety_v3:RESOLVED
S0304,ARM1,dizziness,N,safety_v3:RESOLVED
S0304,ARM1,muscle_weakness,N,safety_v3:RESOLVED
S0304,ARM1,catheter_related_infection,N,safety_v3:RESOLVED
S0304,ARM1,sleeplessness,N,safety_v3:RESOLVED
S0304,ARM1,depression_dominant,N,safety_v3:RESOLVED
S0304,ARM1,dyspnea,N,safety_v3:RESOLVED
S0304,ARM1,hypernatremia,N,safety_v3:RESOLVED
S0304,ARM1,anemia,N,safety_v3:RESOLVED
S0304,ARM1,hypercholesterolemia,N,safety_v3:RESOLVED
S0304,ARM1,coughing,N,safety_v3:RESOLVED
S0304,ARM1,anxiety,N,safety_v3:RESOLVED
S0304,ARM1,decreased_platelet_count,N,safety_v3:RESOLVED
S0304,ARM1,hypophosphatemia,N,safety_v3:RESOLVED
S0304,ARM1,diarrhea,N,safety_v3:RESOLVED
S0304,ARM1,alanine_aminotransferase_increased,N,safety_v3:RESOLVED
S0304,ARM1,sweating,N,safety_v3:RESOLVED
S0304,ARM1,leukocytes,N,safety_v3:RESOLVED
S0304,ARM1,hypocalcemia,N,safety_v3:RESOLVED
S0304,ARM1,sensory_neuropathy,N,safety_v3:RESOLVED
S0304,ARM1,gastrointestinal,N,safety_v3:RESOLVED
S0304,ARM1,hypoalbuminemia,N,safety_v3:RESOLVED
S0304,ARM1,blurred_vision,N,safety_v3:RESOLVED
S0304,ARM1,leukocytes_(total_wbc),N,safety_v3:RESOLVED
S0304,ARM1,hypesthesia,N,safety_v3:RESOLVED
S0304,ARM1,seizures,Y,safety_v3:RESOLVED
S0304,ARM1,thrombosis/thrombus/embolism,Y,safety_v3:RESOLVED
S0306,ARM1,fatigue,N,safety_v3:RESOLVED
S0306,ARM1,seizures,N,safety_v3:RESOLVED
S0306,ARM1,nausea,N,safety_v3:RESOLVED
S0306,ARM1,alopecia,N,safety_v3:RESOLVED
S0306,ARM1,hemoglobin_normal_12_16_gm,N,safety_v3:RESOLVED
S0306,ARM1,neuropathy_-_motor,N,safety_v3:RESOLVED
S0306,ARM1,arthralgia,N,safety_v3:RESOLVED
S0306,ARM1,myalgia,N,safety_v3:RESOLVED
S0306,ARM1,dizziness,N,safety_v3:RESOLVED
S0306,ARM1,catheter_related_infection,N,safety_v3:RESOLVED
S0306,ARM1,sleeplessness,N,safety_v3:RESOLVED
S0306,ARM1,depression_dominant,N,safety_v3:RESOLVED
S0306,ARM1,dyspnea,N,safety_v3:RESOLVED
S0306,ARM1,hypernatremia,N,safety_v3:RESOLVED
S0306,ARM1,coughing,N,safety_v3:RESOLVED
S0306,ARM1,hypophosphatemia,N,safety_v3:RESOLVED
S0306,ARM1,sweating,N,safety_v3:RESOLVED
S0306,ARM1,leukocytes,N,safety_v3:RESOLVED
S0306,ARM1,hypocalcemia,N,safety_v3:RESOLVED
S0306,ARM1,hypoalbuminemia,N,safety_v3:RESOLVED
S0306,ARM1,platelets,Y,safety_v3:RESOLVED
S0306,ARM1,seizures,Y,safety_v3:RESOLVED
S0310,ARM1,fatigue,N,safety_v3:RESOLVED
S0310,ARM1,platelets,N,safety_v3:RESOLVED
S0310,ARM1,seizures,N,safety_v3:RESOLVED
S0310,ARM1,constipation,N,safety_v3:RESOLVED
S0310,ARM1,nausea,N,safety_v3:RESOLVED
S0310,ARM1,alopecia,N,safety_v3:RESOLVED
S0310,ARM1,hemoglobin_normal_12_16_gm,N,safety_v3:RESOLVED
S0310,ARM1,neuropathy_-_motor,N,safety_v3:RESOLVED
S0310,ARM1,headache,N,safety_v3:RESOLVED
S0310,ARM1,arthralgia,N,safety_v3:RESOLVED
S0310,ARM1,myalgia,N,safety_v3:RESOLVED
S0310,ARM1,vomiting,N,safety_v3:RESOLVED
S0310,ARM1,anorexia,N,safety_v3:RESOLVED
S0310,ARM1,dizziness,N,safety_v3:RESOLVED
S0310,ARM1,catheter_related_infection,N,safety_v3:RESOLVED
S0310,ARM1,sleeplessness,N,safety_v3:RESOLVED
S0310,ARM1,depression_dominant,N,safety_v3:RESOLVED
S0310,ARM1,dyspnea,N,safety_v3:RESOLVED
S0310,ARM1,hypernatremia,N,safety_v3:RESOLVED
S0310,ARM1,anemia,N,safety_v3:RESOLVED
S0310,ARM1,hypercholesterolemia,N,safety_v3:RESOLVED
S0310,ARM1,coughing,N,safety_v3:RESOLVED
S0310,ARM1,neutropenia,N,safety_v3:RESOLVED
S0310,ARM1,decreased_platelet_count,N,safety_v3:RESOLVED
S0310,ARM1,alanine_aminotransferase_increased,N,safety_v3:RESOLVED
S0310,ARM1,leukocytes,N,safety_v3:RESOLVED
S0310,ARM1,hypocalcemia,N,safety_v3:RESOLVED
S0310,ARM1,sensory_neuropathy,N,safety_v3:RESOLVED
S0310,ARM1,gastrointestinal,N,safety_v3:RESOLVED
S0310,ARM1,hypoalbuminemia,N,safety_v3:RESOLVED
S0310,ARM1,blurred_vision,N,safety_v3:RESOLVED
S0310,ARM1,leukocytes_(total_wbc),N,safety_v3:RESOLVED
S0310,ARM1,dry_skin,N,safety_v3:RESOLVED
S0310,ARM1,platelets,Y,safety_v3:RESOLVED
S0310,ARM1,hemoglobin_normal_12_16_gm,Y,safety_v3:RESOLVED
S0311,ARM1,fatigue,N,safety_v3:RESOLVED
S0311,ARM1,platelets,N,safety_v3:RESOLVED
S0311,ARM1,seizures,N,safety_v3:RESOLVED
S0311,ARM1,constipation,N,safety_v3:RESOLVED
S0311,ARM1,nausea,N,safety_v3:RESOLVED
S0311,ARM1,alopecia,N,safety_v3:RESOLVED
S0311,ARM1,hemoglobin_normal_12_16_gm,N,safety_v3:RESOLVED
S0311,ARM1,neuropathy_-_motor,N,safety_v3:RESOLVED
S0311,ARM1,arthralgia,N,safety_v3:RESOLVED
S0311,ARM1,myalgia,N,safety_v3:RESOLVED
S0311,ARM1,vomiting,N,safety_v3:RESOLVED
S0311,ARM1,anorexia,N,safety_v3:RESOLVED
S0311,ARM1,dizziness,N,safety_v3:RESOLVED
S0311,ARM1,muscle_weakness,N,safety_v3:RESOLVED
S0311,ARM1,catheter_related_infection,N,safety_v3:RESOLVED
S0311,ARM1,sleeplessness,N,safety_v3:RESOLVED
S0311,ARM1,depression_dominant,N,safety_v3:RESOLVED
S0311,ARM1,dyspnea,N,safety_v3:RESOLVED
S0311,ARM1,hypernatremia,N,safety_v3:RESOLVED
S0311,ARM1,anemia,N,safety_v3:RESOLVED
S0311,ARM1,hypercholesterolemia,N,safety_v3:RESOLVED
S0311,ARM1,coughing,N,safety_v3:RESOLVED
S0311,ARM1,neutropenia,N,safety_v3:RESOLVED
S0311,ARM1,decreased_platelet_count,N,safety_v3:RESOLVED
S0311,ARM1,hypophosphatemia,N,safety_v3:RESOLVED
S0311,ARM1,diarrhea,N,safety_v3:RESOLVED
S0311,ARM1,sweating,N,safety_v3:RESOLVED
S0311,ARM1,fever,N,safety_v3:RESOLVED
S0311,ARM1,leukocytes,N,safety_v3:RESOLVED
S0311,ARM1,hypocalcemia,N,safety_v3:RESOLVED
S0311,ARM1,sensory_neuropathy,N,safety_v3:RESOLVED
S0311,ARM1,hyperglycemia,N,safety_v3:RESOLVED
S0311,ARM1,gastrointestinal,N,safety_v3:RESOLVED
S0311,ARM1,hypoalbuminemia,N,safety_v3:RESOLVED
S0311,ARM1,blurred_vision,N,safety_v3:RESOLVED
S0311,ARM1,hypesthesia,N,safety_v3:RESOLVED
S0311,ARM1,rhinitis,N,safety_v3:RESOLVED
S0311,ARM1,dry_skin,N,safety_v3:RESOLVED
S0311,ARM1,seizures,Y,safety_v3:RESOLVED
S0311,ARM1,thrombosis/thrombus/embolism,Y,safety_v3:RESOLVED
S0311,ARM1,neutrophils,Y,safety_v3:RESOLVED
S0313,ARM1,seizures,N,safety_v3:RESOLVED
S0313,ARM1,nausea,N,safety_v3:RESOLVED
S0313,ARM1,alopecia,N,safety_v3:RESOLVED
S0313,ARM1,neuropathy_-_motor,N,safety_v3:RESOLVED
S0313,ARM1,myalgia,N,safety_v3:RESOLVED
S0313,ARM1,anorexia,N,safety_v3:RESOLVED
S0313,ARM1,catheter_related_infection,N,safety_v3:RESOLVED
S0313,ARM1,depression_dominant,N,safety_v3:RESOLVED
S0313,ARM1,dyspnea,N,safety_v3:RESOLVED
S0313,ARM1,hypernatremia,N,safety_v3:RESOLVED
S0313,ARM1,coughing,N,safety_v3:RESOLVED
S0313,ARM1,sweating,N,safety_v3:RESOLVED
S0313,ARM1,leukocytes,N,safety_v3:RESOLVED
S0313,ARM1,hypocalcemia,N,safety_v3:RESOLVED
S0313,ARM1,sensory_neuropathy,N,safety_v3:RESOLVED
S0313,ARM1,gastrointestinal,N,safety_v3:RESOLVED
S0313,ARM1,hypoalbuminemia,N,safety_v3:RESOLVED
S0313,ARM1,blurred_vision,N,safety_v3:RESOLVED
S0313,ARM1,leukocytes_(total_wbc),N,safety_v3:RESOLVED
S0314,ARM1,fatigue,N,safety_v3:RESOLVED
S0314,ARM1,platelets,N,safety_v3:RESOLVED
S0314,ARM1,seizures,N,safety_v3:RESOLVED
S0314,ARM1,constipation,N,safety_v3:RESOLVED
S0314,ARM1,nausea,N,safety_v3:RESOLVED
S0314,ARM1,alopecia,N,safety_v3:RESOLVED
S0314,ARM1,hemoglobin_normal_12_16_gm,N,safety_v3:RESOLVED
S0314,ARM1,neuropathy_-_motor,N,safety_v3:RESOLVED
S0314,ARM1,arthralgia,N,safety_v3:RESOLVED
S0314,ARM1,myalgia,N,safety_v3:RESOLVED
S0314,ARM1,vomiting,N,safety_v3:RESOLVED
S0314,ARM1,anorexia,N,safety_v3:RESOLVED
S0314,ARM1,dizziness,N,safety_v3:RESOLVED
S0314,ARM1,catheter_related_infection,N,safety_v3:RESOLVED
S0314,ARM1,sleeplessness,N,safety_v3:RESOLVED
S0314,ARM1,depression_dominant,N,safety_v3:RESOLVED
S0314,ARM1,dyspnea,N,safety_v3:RESOLVED
S0314,ARM1,hypernatremia,N,safety_v3:RESOLVED
S0314,ARM1,anemia,N,safety_v3:RESOLVED
S0314,ARM1,coughing,N,safety_v3:RESOLVED
S0314,ARM1,neutropenia,N,safety_v3:RESOLVED
S0314,ARM1,hypophosphatemia,N,safety_v3:RESOLVED
S0314,ARM1,diarrhea,N,safety_v3:RESOLVED
S0314,ARM1,alanine_aminotransferase_increased,N,safety_v3:RESOLVED
S0314,ARM1,sweating,N,safety_v3:RESOLVED
S0314,ARM1,fever,N,safety_v3:RESOLVED
S0314,ARM1,leukocytes,N,safety_v3:RESOLVED
S0314,ARM1,hypocalcemia,N,safety_v3:RESOLVED
S0314,ARM1,hyponatremia,N,safety_v3:RESOLVED
S0314,ARM1,sensory_neuropathy,N,safety_v3:RESOLVED
S0314,ARM1,weight_loss,N,safety_v3:RESOLVED
S0314,ARM1,hypokalemia,N,safety_v3:RESOLVED
S0314,ARM1,gastrointestinal,N,safety_v3:RESOLVED
S0314,ARM1,hypoalbuminemia,N,safety_v3:RESOLVED
S0314,ARM1,stomatitis,N,safety_v3:RESOLVED
S0314,ARM1,blurred_vision,N,safety_v3:RESOLVED
S0314,ARM1,dry_skin,N,safety_v3:RESOLVED
S0314,ARM1,upper_respiratory_infections,N,safety_v3:RESOLVED
S0314,ARM1,platelets,Y,safety_v3:RESOLVED
S0314,ARM1,seizures,Y,safety_v3:RESOLVED
S0314,ARM1,neutrophils,Y,safety_v3:RESOLVED
S0316,ARM1,fatigue,N,safety_v3:RESOLVED
S0316,ARM1,platelets,N,safety_v3:RESOLVED
S0316,ARM1,seizures,N,safety_v3:RESOLVED
S0316,ARM1,constipation,N,safety_v3:RESOLVED
S0316,ARM1,nausea,N,safety_v3:RESOLVED
S0316,ARM1,alopecia,N,safety_v3:RESOLVED
S0316,ARM1,hemoglobin_normal_12_16_gm,N,safety_v3:RESOLVED
S0316,ARM1,neuropathy_-_motor,N,safety_v3:RESOLVED
S0316,ARM1,headache,N,safety_v3:RESOLVED
S0316,ARM1,arthralgia,N,safety_v3:RESOLVED
S0316,ARM1,myalgia,N,safety_v3:RESOLVED
S0316,ARM1,vomiting,N,safety_v3:RESOLVED
S0316,ARM1,anorexia,N,safety_v3:RESOLVED
S0316,ARM1,dizziness,N,safety_v3:RESOLVED
S0316,ARM1,muscle_weakness,N,safety_v3:RESOLVED
S0316,ARM1,catheter_related_infection,N,safety_v3:RESOLVED
S0316,ARM1,sleeplessness,N,safety_v3:RESOLVED
S0316,ARM1,depression_dominant,N,safety_v3:RESOLVED
S0316,ARM1,dyspnea,N,safety_v3:RESOLVED
S0316,ARM1,hypernatremia,N,safety_v3:RESOLVED
S0316,ARM1,anemia,N,safety_v3:RESOLVED
S0316,ARM1,coughing,N,safety_v3:RESOLVED
S0316,ARM1,anxiety,N,safety_v3:RESOLVED
S0316,ARM1,neutropenia,N,safety_v3:RESOLVED
S0316,ARM1,decreased_platelet_count,N,safety_v3:RESOLVED
S0316,ARM1,hypophosphatemia,N,safety_v3:RESOLVED
S0316,ARM1,diarrhea,N,safety_v3:RESOLVED
S0316,ARM1,alanine_aminotransferase_increased,N,safety_v3:RESOLVED
S0316,ARM1,sweating,N,safety_v3:RESOLVED
S0316,ARM1,pain_other,N,safety_v3:RESOLVED
S0316,ARM1,fever,N,safety_v3:RESOLVED
S0316,ARM1,leukocytes,N,safety_v3:RESOLVED
S0316,ARM1,hypocalcemia,N,safety_v3:RESOLVED
S0316,ARM1,hyponatremia,N,safety_v3:RESOLVED
S0316,ARM1,sensory_neuropathy,N,safety_v3:RESOLVED
S0316,ARM1,weight_loss,N,safety_v3:RESOLVED
S0316,ARM1,hypokalemia,N,safety_v3:RESOLVED
S0316,ARM1,gastrointestinal,N,safety_v3:RESOLVED
S0316,ARM1,hypoalbuminemia,N,safety_v3:RESOLVED
S0316,ARM1,blurred_vision,N,safety_v3:RESOLVED
S0316,ARM1,leukocytes_(total_wbc),N,safety_v3:RESOLVED
S0316,ARM1,hypesthesia,N,safety_v3:RESOLVED
S0316,ARM1,dry_skin,N,safety_v3:RESOLVED
S0316,ARM1,platelets,Y,safety_v3:RESOLVED
S0316,ARM1,neutrophils,Y,safety_v3:RESOLVED
S0316,ARM1,hemoglobin_normal_12_16_gm,Y,safety_v3:RESOLVED
S0316,ARM1,hypokalemia,Y,safety_v3:RESOLVED
S0318,ARM1,fatigue,N,safety_v3:RESOLVED
S0318,ARM1,platelets,N,safety_v3:RESOLVED
S0318,ARM1,seizures,N,safety_v3:RESOLVED
S0318,ARM1,constipation,N,safety_v3:RESOLVED
S0318,ARM1,alopecia,N,safety_v3:RESOLVED
S0318,ARM1,neuropathy_-_motor,N,safety_v3:RESOLVED
S0318,ARM1,myalgia,N,safety_v3:RESOLVED
S0318,ARM1,anorexia,N,safety_v3:RESOLVED
S0318,ARM1,dizziness,N,safety_v3:RESOLVED
S0318,ARM1,catheter_related_infection,N,safety_v3:RESOLVED
S0318,ARM1,sleeplessness,N,safety_v3:RESOLVED
S0318,ARM1,depression_dominant,N,safety_v3:RESOLVED
S0318,ARM1,hypernatremia,N,safety_v3:RESOLVED
S0318,ARM1,hypercholesterolemia,N,safety_v3:RESOLVED
S0318,ARM1,coughing,N,safety_v3:RESOLVED
S0318,ARM1,hypophosphatemia,N,safety_v3:RESOLVED
S0318,ARM1,sweating,N,safety_v3:RESOLVED
S0318,ARM1,leukocytes,N,safety_v3:RESOLVED
S0318,ARM1,hypocalcemia,N,safety_v3:RESOLVED
S0318,ARM1,sensory_neuropathy,N,safety_v3:RESOLVED
S0318,ARM1,hypoalbuminemia,N,safety_v3:RESOLVED
S0318,ARM1,dry_skin,N,safety_v3:RESOLVED
S0318,ARM1,seizures,Y,safety_v3:RESOLVED
S0318,ARM1,neutrophils,Y,safety_v3:RESOLVED
S0320,ARM1,seizures,N,safety_v3:RESOLVED
S0320,ARM1,alopecia,N,safety_v3:RESOLVED
S0320,ARM1,neuropathy_-_motor,N,safety_v3:RESOLVED
S0320,ARM1,arthralgia,N,safety_v3:RESOLVED
S0320,ARM1,myalgia,N,safety_v3:RESOLVED
S0320,ARM1,depression_dominant,N,safety_v3:RESOLVED
S0320,ARM1,leukocytes,N,safety_v3:RESOLVED
S0320,ARM1,hypocalcemia,N,safety_v3:RESOLVED
S0320,ARM1,hypoalbuminemia,N,safety_v3:RESOLVED
S0321,ARM1,seizures,N,safety_v3:RESOLVED
S0321,ARM1,constipation,N,safety_v3:RESOLVED
S0321,ARM1,alopecia,N,safety_v3:RESOLVED
S0321,ARM1,neuropathy_-_motor,N,safety_v3:RESOLVED
S0321,ARM1,arthralgia,N,safety_v3:RESOLVED
S0321,ARM1,myalgia,N,safety_v3:RESOLVED
S0321,ARM1,catheter_related_infection,N,safety_v3:RESOLVED
S0321,ARM1,depression_dominant,N,safety_v3:RESOLVED
S0321,ARM1,hypernatremia,N,safety_v3:RESOLVED
S0321,ARM1,coughing,N,safety_v3:RESOLVED
S0321,ARM1,neutropenia,N,safety_v3:RESOLVED
S0321,ARM1,leukocytes,N,safety_v3:RESOLVED
S0321,ARM1,hypocalcemia,N,safety_v3:RESOLVED
S0321,ARM1,sensory_neuropathy,N,safety_v3:RESOLVED
S0321,ARM1,hypoalbuminemia,N,safety_v3:RESOLVED
S0322,ARM1,seizures,N,safety_v3:RESOLVED
S0322,ARM1,neuropathy_-_motor,N,safety_v3:RESOLVED
S0322,ARM1,arthralgia,N,safety_v3:RESOLVED
S0322,ARM1,myalgia,N,safety_v3:RESOLVED
S0322,ARM1,catheter_related_infection,N,safety_v3:RESOLVED
S0322,ARM1,depression_dominant,N,safety_v3:RESOLVED
S0322,ARM1,hypernatremia,N,safety_v3:RESOLVED
S0322,ARM1,coughing,N,safety_v3:RESOLVED
S0322,ARM1,leukocytes,N,safety_v3:RESOLVED
S0322,ARM1,sensory_neuropathy,N,safety_v3:RESOLVED
S0322,ARM1,hypoalbuminemia,N,safety_v3:RESOLVED
S0323,ARM1,fatigue,N,safety_v3:RESOLVED
S0323,ARM1,platelets,N,safety_v3:RESOLVED
S0323,ARM1,seizures,N,safety_v3:RESOLVED
S0323,ARM1,constipation,N,safety_v3:RESOLVED
S0323,ARM1,nausea,N,safety_v3:RESOLVED
S0323,ARM1,alopecia,N,safety_v3:RESOLVED
S0323,ARM1,neuropathy_-_motor,N,safety_v3:RESOLVED
S0323,ARM1,headache,N,safety_v3:RESOLVED
S0323,ARM1,arthralgia,N,safety_v3:RESOLVED
S0323,ARM1,myalgia,N,safety_v3:RESOLVED
S0323,ARM1,vomiting,N,safety_v3:RESOLVED
S0323,ARM1,catheter_related_infection,N,safety_v3:RESOLVED
S0323,ARM1,sleeplessness,N,safety_v3:RESOLVED
S0323,ARM1,depression_dominant,N,safety_v3:RESOLVED
S0323,ARM1,hypernatremia,N,safety_v3:RESOLVED
S0323,ARM1,coughing,N,safety_v3:RESOLVED
S0323,ARM1,hypophosphatemia,N,safety_v3:RESOLVED
S0323,ARM1,sweating,N,safety_v3:RESOLVED
S0323,ARM1,leukocytes,N,safety_v3:RESOLVED
S0323,ARM1,hypocalcemia,N,safety_v3:RESOLVED
S0323,ARM1,sensory_neuropathy,N,safety_v3:RESOLVED
S0323,ARM1,hypoalbuminemia,N,safety_v3:RESOLVED
S0323,ARM1,blurred_vision,N,safety_v3:RESOLVED
S0324,ARM1,fatigue,N,safety_v3:RESOLVED
S0324,ARM1,platelets,N,safety_v3:RESOLVED
S0324,ARM1,seizures,N,safety_v3:RESOLVED
S0324,ARM1,constipation,N,safety_v3:RESOLVED
S0324,ARM1,alopecia,N,safety_v3:RESOLVED
S0324,ARM1,hemoglobin_normal_12_16_gm,N,safety_v3:RESOLVED
S0324,ARM1,neuropathy_-_motor,N,safety_v3:RESOLVED
S0324,ARM1,arthralgia,N,safety_v3:RESOLVED
S0324,ARM1,myalgia,N,safety_v3:RESOLVED
S0324,ARM1,anorexia,N,safety_v3:RESOLVED
S0324,ARM1,catheter_related_infection,N,safety_v3:RESOLVED
S0324,ARM1,sleeplessness,N,safety_v3:RESOLVED
S0324,ARM1,depression_dominant,N,safety_v3:RESOLVED
S0324,ARM1,hypernatremia,N,safety_v3:RESOLVED
S0324,ARM1,anemia,N,safety_v3:RESOLVED
S0324,ARM1,coughing,N,safety_v3:RESOLVED
S0324,ARM1,sweating,N,safety_v3:RESOLVED
S0324,ARM1,fever,N,safety_v3:RESOLVED
S0324,ARM1,leukocytes,N,safety_v3:RESOLVED
S0324,ARM1,hypocalcemia,N,safety_v3:RESOLVED
S0324,ARM1,sensory_neuropathy,N,safety_v3:RESOLVED
S0324,ARM1,hypokalemia,N,safety_v3:RESOLVED
S0324,ARM1,gastrointestinal,N,safety_v3:RESOLVED
S0324,ARM1,hypoalbuminemia,N,safety_v3:RESOLVED
S0324,ARM1,blurred_vision,N,safety_v3:RESOLVED
S0324,ARM1,hemoglobin_normal_12_16_gm,Y,safety_v3:RESOLVED
S0326,ARM1,neuropathy_-_motor,N,safety_v3:RESOLVED
S0326,ARM1,myalgia,N,safety_v3:RESOLVED
S0326,ARM1,catheter_related_infection,N,safety_v3:RESOLVED
S0326,ARM1,depression_dominant,N,safety_v3:RESOLVED
S0326,ARM1,leukocytes,N,safety_v3:RESOLVED
S0326,ARM1,hypocalcemia,N,safety_v3:RESOLVED
S0326,ARM1,hypoalbuminemia,N,safety_v3:RESOLVED
S0327,ARM1,neuropathy_-_motor,N,safety_v3:RESOLVED
S0327,ARM1,myalgia,N,safety_v3:RESOLVED
S0327,ARM1,depression_dominant,N,safety_v3:RESOLVED
S0327,ARM1,hypernatremia,N,safety_v3:RESOLVED
S0327,ARM1,leukocytes,N,safety_v3:RESOLVED
S0327,ARM1,hypoalbuminemia,N,safety_v3:RESOLVED
S0330,ARM1,neuropathy_-_sensory,N,safety_v3:RESOLVED
S0330,ARM1,fatigue,N,safety_v3:RESOLVED
S0330,ARM1,platelets,N,safety_v3:RESOLVED
S0330,ARM1,seizures,N,safety_v3:RESOLVED
S0330,ARM1,constipation,N,safety_v3:RESOLVED
S0330,ARM1,nausea,N,safety_v3:RESOLVED
S0330,ARM1,neuropathy-motor,N,safety_v3:RESOLVED
S0330,ARM1,alopecia,N,safety_v3:RESOLVED
S0330,ARM1,hemoglobin_normal_12_16_gm,N,safety_v3:RESOLVED
S0330,ARM1,neuropathy_-_motor,N,safety_v3:RESOLVED
S0330,ARM1,headache,N,safety_v3:RESOLVED
S0330,ARM1,arthralgia,N,safety_v3:RESOLVED
S0330,ARM1,myalgia,N,safety_v3:RESOLVED
S0330,ARM1,vomiting,N,safety_v3:RESOLVED
S0330,ARM1,anorexia,N,safety_v3:RESOLVED
S0330,ARM1,dizziness,N,safety_v3:RESOLVED
S0330,ARM1,muscle_weakness,N,safety_v3:RESOLVED
S0330,ARM1,catheter_related_infection,N,safety_v3:RESOLVED
S0330,ARM1,sleeplessness,N,safety_v3:RESOLVED
S0330,ARM1,depression_dominant,N,safety_v3:RESOLVED
S0330,ARM1,leukopenia,N,safety_v3:RESOLVED
S0330,ARM1,dyspnea,N,safety_v3:RESOLVED
S0330,ARM1,hypernatremia,N,safety_v3:RESOLVED
S0330,ARM1,anemia,N,safety_v3:RESOLVED
S0330,ARM1,hypercholesterolemia,N,safety_v3:RESOLVED
S0330,ARM1,coughing,N,safety_v3:RESOLVED
S0330,ARM1,hypertriglyceridemia,N,safety_v3:RESOLVED
S0330,ARM1,anxiety,N,safety_v3:RESOLVED
S0330,ARM1,neutropenia,N,safety_v3:RESOLVED
S0330,ARM1,neutrophil_count_decreased,N,safety_v3:RESOLVED
S0330,ARM1,decreased_platelet_count,N,safety_v3:RESOLVED
S0330,ARM1,hypophosphatemia,N,safety_v3:RESOLVED
S0330,ARM1,diarrhea,N,safety_v3:RESOLVED
S0330,ARM1,alanine_aminotransferase_increased,N,safety_v3:RESOLVED
S0330,ARM1,sweating,N,safety_v3:RESOLVED
S0330,ARM1,peripheral_motor_neuropathy,N,safety_v3:RESOLVED
S0330,ARM1,pain_other,N,safety_v3:RESOLVED
S0330,ARM1,fever,N,safety_v3:RESOLVED
S0330,ARM1,dysgeusia,N,safety_v3:RESOLVED
S0330,ARM1,leukocytes,N,safety_v3:RESOLVED
S0330,ARM1,hypocalcemia,N,safety_v3:RESOLVED
S0330,ARM1,hyponatremia,N,safety_v3:RESOLVED
S0330,ARM1,sensory_neuropathy,N,safety_v3:RESOLVED
S0330,ARM1,weight_loss,N,safety_v3:RESOLVED
S0330,ARM1,hyperglycemia,N,safety_v3:RESOLVED
S0330,ARM1,hypokalemia,N,safety_v3:RESOLVED
S0330,ARM1,gastrointestinal,N,safety_v3:RESOLVED
S0330,ARM1,edema,N,safety_v3:RESOLVED
S0330,ARM1,hypoalbuminemia,N,safety_v3:RESOLVED
S0330,ARM1,rash_erythematous_macules_or_papules,N,safety_v3:RESOLVED
S0330,ARM1,stomatitis,N,safety_v3:RESOLVED
S0330,ARM1,blurred_vision,N,safety_v3:RESOLVED
S0330,ARM1,leukocytes_(total_wbc),N,safety_v3:RESOLVED
S0330,ARM1,hypesthesia,N,safety_v3:RESOLVED
S0330,ARM1,rhinitis,N,safety_v3:RESOLVED
S0330,ARM1,dry_skin,N,safety_v3:RESOLVED
S0330,ARM1,allergic_rhinitis_disorder,N,safety_v3:RESOLVED
S0330,ARM1,upper_respiratory_infections,N,safety_v3:RESOLVED
S0330,ARM1,hyperuricemia,N,safety_v3:RESOLVED
S0330,ARM1,platelets,Y,safety_v3:RESOLVED
S0330,ARM1,seizures,Y,safety_v3:RESOLVED
S0330,ARM1,thrombosis/thrombus/embolism,Y,safety_v3:RESOLVED
S0330,ARM1,neutrophils,Y,safety_v3:RESOLVED
S0330,ARM1,white_blood_cell_count_decreased,Y,safety_v3:RESOLVED
S0330,ARM1,hemoglobin_normal_12_16_gm,Y,safety_v3:RESOLVED
S0330,ARM1,fever,Y,safety_v3:RESOLVED
S0330,ARM1,thrombosis,Y,safety_v3:RESOLVED
S0330,ARM1,neutropenia,Y,safety_v3:RESOLVED
S0330,ARM1,hypokalemia,Y,safety_v3:RESOLVED
S0330,ARM1,decreased_platelet_count,Y,safety_v3:RESOLVED
S0332,ARM1,neuropathy_-_motor,N,safety_v3:RESOLVED
S0332,ARM1,anorexia,N,safety_v3:RESOLVED
S0332,ARM1,depression_dominant,N,safety_v3:RESOLVED
S0332,ARM1,hypernatremia,N,safety_v3:RESOLVED
S0332,ARM1,leukocytes,N,safety_v3:RESOLVED
S0332,ARM1,hypocalcemia,N,safety_v3:RESOLVED
S0332,ARM1,sensory_neuropathy,N,safety_v3:RESOLVED
S0332,ARM1,hypoalbuminemia,N,safety_v3:RESOLVED
S0333,ARM1,neuropathy_-_sensory,N,safety_v3:RESOLVED
S0333,ARM1,fatigue,N,safety_v3:RESOLVED
S0333,ARM1,platelets,N,safety_v3:RESOLVED
S0333,ARM1,seizures,N,safety_v3:RESOLVED
S0333,ARM1,constipation,N,safety_v3:RESOLVED
S0333,ARM1,nausea,N,safety_v3:RESOLVED
S0333,ARM1,neuropathy-motor,N,safety_v3:RESOLVED
S0333,ARM1,alopecia,N,safety_v3:RESOLVED
S0333,ARM1,hemoglobin_normal_12_16_gm,N,safety_v3:RESOLVED
S0333,ARM1,neuropathy_-_motor,N,safety_v3:RESOLVED
S0333,ARM1,headache,N,safety_v3:RESOLVED
S0333,ARM1,arthralgia,N,safety_v3:RESOLVED
S0333,ARM1,myalgia,N,safety_v3:RESOLVED
S0333,ARM1,vomiting,N,safety_v3:RESOLVED
S0333,ARM1,anorexia,N,safety_v3:RESOLVED
S0333,ARM1,dizziness,N,safety_v3:RESOLVED
S0333,ARM1,muscle_weakness,N,safety_v3:RESOLVED
S0333,ARM1,catheter_related_infection,N,safety_v3:RESOLVED
S0333,ARM1,sleeplessness,N,safety_v3:RESOLVED
S0333,ARM1,depression_dominant,N,safety_v3:RESOLVED
S0333,ARM1,leukopenia,N,safety_v3:RESOLVED
S0333,ARM1,dyspnea,N,safety_v3:RESOLVED
S0333,ARM1,hypernatremia,N,safety_v3:RESOLVED
S0333,ARM1,anemia,N,safety_v3:RESOLVED
S0333,ARM1,hypercholesterolemia,N,safety_v3:RESOLVED
S0333,ARM1,coughing,N,safety_v3:RESOLVED
S0333,ARM1,hypertriglyceridemia,N,safety_v3:RESOLVED
S0333,ARM1,anxiety,N,safety_v3:RESOLVED
S0333,ARM1,neutropenia,N,safety_v3:RESOLVED
S0333,ARM1,neutrophil_count_decreased,N,safety_v3:RESOLVED
S0333,ARM1,decreased_platelet_count,N,safety_v3:RESOLVED
S0333,ARM1,hypophosphatemia,N,safety_v3:RESOLVED
S0333,ARM1,diarrhea,N,safety_v3:RESOLVED
S0333,ARM1,alanine_aminotransferase_increased,N,safety_v3:RESOLVED
S0333,ARM1,sweating,N,safety_v3:RESOLVED
S0333,ARM1,peripheral_motor_neuropathy,N,safety_v3:RESOLVED
S0333,ARM1,pain_other,N,safety_v3:RESOLVED
S0333,ARM1,fever,N,safety_v3:RESOLVED
S0333,ARM1,dysgeusia,N,safety_v3:RESOLVED
S0333,ARM1,leukocytes,N,safety_v3:RESOLVED
S0333,ARM1,hypocalcemia,N,safety_v3:RESOLVED
S0333,ARM1,hyponatremia,N,safety_v3:RESOLVED
S0333,ARM1,neutrophils/granulocytes_(anc/agc),N,safety_v3:RESOLVED
S0333,ARM1,sensory_neuropathy,N,safety_v3:RESOLVED
S0333,ARM1,weight_loss,N,safety_v3:RESOLVED
S0333,ARM1,hyperglycemia,N,safety_v3:RESOLVED
S0333,ARM1,hypokalemia,N,safety_v3:RESOLVED
S0333,ARM1,gastrointestinal,N,safety_v3:RESOLVED
S0333,ARM1,edema,N,safety_v3:RESOLVED
S0333,ARM1,hypoalbuminemia,N,safety_v3:RESOLVED
S0333,ARM1,neutrophils,N,safety_v3:RESOLVED
S0333,ARM1,stomatitis,N,safety_v3:RESOLVED
S0333,ARM1,blurred_vision,N,safety_v3:RESOLVED
S0333,ARM1,leukocytes_(total_wbc),N,safety_v3:RESOLVED
S0333,ARM1,hypesthesia,N,safety_v3:RESOLVED
S0333,ARM1,rhinitis,N,safety_v3:RESOLVED
S0333,ARM1,dry_skin,N,safety_v3:RESOLVED
S0333,ARM1,allergic_rhinitis_disorder,N,safety_v3:RESOLVED
S0333,ARM1,upper_respiratory_infections,N,safety_v3:RESOLVED
S0333,ARM1,hyperuricemia,N,safety_v3:RESOLVED
S0333,ARM1,lymphocyte_count_decreased,N,safety_v3:RESOLVED
S0333,ARM1,platelets,Y,safety_v3:RESOLVED
S0333,ARM1,seizures,Y,safety_v3:RESOLVED
S0333,ARM1,thrombosis/thrombus/embolism,Y,safety_v3:RESOLVED
S0333,ARM1,neutrophils,Y,safety_v3:RESOLVED
S0333,ARM1,white_blood_cell_count_decreased,Y,safety_v3:RESOLVED
S0333,ARM1,hemoglobin_normal_12_16_gm,Y,safety_v3:RESOLVED
S0333,ARM1,fever,Y,safety_v3:RESOLVED
S0333,ARM1,thrombosis,Y,safety_v3:RESOLVED
S0333,ARM1,hypokalemia,Y,safety_v3:RESOLVED
S0333,ARM1,alanine_aminotransferase_increased,Y,safety_v3:RESOLVED
S0333,ARM1,headache,Y,safety_v3:RESOLVED
S0333,ARM1,decreased_platelet_count,Y,safety_v3:RESOLVED
S0333,ARM1,hydrocephalus,Y,safety_v3:RESOLVED
S0337,ARM1,fatigue,N,safety_v3:RESOLVED
S0337,ARM1,seizures,N,safety_v3:RESOLVED
S0337,ARM1,constipation,N,safety_v3:RESOLVED
S0337,ARM1,alopecia,N,safety_v3:RESOLVED
S0337,ARM1,neuropathy_-_motor,N,safety_v3:RESOLVED
S0337,ARM1,arthralgia,N,safety_v3:RESOLVED
S0337,ARM1,myalgia,N,safety_v3:RESOLVED
S0337,ARM1,anorexia,N,safety_v3:RESOLVED
S0337,ARM1,catheter_related_infection,N,safety_v3:RESOLVED
S0337,ARM1,sleeplessness,N,safety_v3:RESOLVED
S0337,ARM1,depression_dominant,N,safety_v3:RESOLVED
S0337,ARM1,hypernatremia,N,safety_v3:RESOLVED
S0337,ARM1,coughing,N,safety_v3:RESOLVED
S0337,ARM1,hypophosphatemia,N,safety_v3:RESOLVED
S0337,ARM1,leukocytes,N,safety_v3:RESOLVED
S0337,ARM1,hypocalcemia,N,safety_v3:RESOLVED
S0337,ARM1,hypoalbuminemia,N,safety_v3:RESOLVED
S0337,ARM1,blurred_vision,N,safety_v3:RESOLVED
S0338,ARM1,platelets,N,safety_v3:RESOLVED
S0338,ARM1,seizures,N,safety_v3:RESOLVED
S0338,ARM1,constipation,N,safety_v3:RESOLVED
S0338,ARM1,nausea,N,safety_v3:RESOLVED
S0338,ARM1,alopecia,N,safety_v3:RESOLVED
S0338,ARM1,hemoglobin_normal_12_16_gm,N,safety_v3:RESOLVED
S0338,ARM1,neuropathy_-_motor,N,safety_v3:RESOLVED
S0338,ARM1,arthralgia,N,safety_v3:RESOLVED
S0338,ARM1,myalgia,N,safety_v3:RESOLVED
S0338,ARM1,anorexia,N,safety_v3:RESOLVED
S0338,ARM1,dizziness,N,safety_v3:RESOLVED
S0338,ARM1,catheter_related_infection,N,safety_v3:RESOLVED
S0338,ARM1,sleeplessness,N,safety_v3:RESOLVED
S0338,ARM1,depression_dominant,N,safety_v3:RESOLVED
S0338,ARM1,dyspnea,N,safety_v3:RESOLVED
S0338,ARM1,hypernatremia,N,safety_v3:RESOLVED
S0338,ARM1,coughing,N,safety_v3:RESOLVED
S0338,ARM1,decreased_platelet_count,N,safety_v3:RESOLVED
S0338,ARM1,hypophosphatemia,N,safety_v3:RESOLVED
S0338,ARM1,alanine_aminotransferase_increased,N,safety_v3:RESOLVED
S0338,ARM1,sweating,N,safety_v3:RESOLVED
S0338,ARM1,fever,N,safety_v3:RESOLVED
S0338,ARM1,leukocytes,N,safety_v3:RESOLVED
S0338,ARM1,hypocalcemia,N,safety_v3:RESOLVED
S0338,ARM1,sensory_neuropathy,N,safety_v3:RESOLVED
S0338,ARM1,hypoalbuminemia,N,safety_v3:RESOLVED
S0338,ARM1,blurred_vision,N,safety_v3:RESOLVED
S0340,ARM1,fatigue,N,safety_v3:RESOLVED
S0340,ARM1,seizures,N,safety_v3:RESOLVED
S0340,ARM1,alopecia,N,safety_v3:RESOLVED
S0340,ARM1,neuropathy_-_motor,N,safety_v3:RESOLVED
S0340,ARM1,arthralgia,N,safety_v3:RESOLVED
S0340,ARM1,myalgia,N,safety_v3:RESOLVED
S0340,ARM1,dizziness,N,safety_v3:RESOLVED
S0340,ARM1,catheter_related_infection,N,safety_v3:RESOLVED
S0340,ARM1,depression_dominant,N,safety_v3:RESOLVED
S0340,ARM1,dyspnea,N,safety_v3:RESOLVED
S0340,ARM1,hypernatremia,N,safety_v3:RESOLVED
S0340,ARM1,coughing,N,safety_v3:RESOLVED
S0340,ARM1,hypophosphatemia,N,safety_v3:RESOLVED
S0340,ARM1,fever,N,safety_v3:RESOLVED
S0340,ARM1,leukocytes,N,safety_v3:RESOLVED
S0340,ARM1,hypocalcemia,N,safety_v3:RESOLVED
S0340,ARM1,sensory_neuropathy,N,safety_v3:RESOLVED
S0340,ARM1,hypoalbuminemia,N,safety_v3:RESOLVED
S0340,ARM1,blurred_vision,N,safety_v3:RESOLVED
S0342,ARM1,seizures,N,safety_v3:RESOLVED
S0342,ARM1,nausea,N,safety_v3:RESOLVED
S0342,ARM1,alopecia,N,safety_v3:RESOLVED
S0342,ARM1,neuropathy_-_motor,N,safety_v3:RESOLVED
S0342,ARM1,arthralgia,N,safety_v3:RESOLVED
S0342,ARM1,myalgia,N,safety_v3:RESOLVED
S0342,ARM1,anorexia,N,safety_v3:RESOLVED
S0342,ARM1,catheter_related_infection,N,safety_v3:RESOLVED
S0342,ARM1,depression_dominant,N,safety_v3:RESOLVED
S0342,ARM1,hypernatremia,N,safety_v3:RESOLVED
S0342,ARM1,leukocytes,N,safety_v3:RESOLVED
S0342,ARM1,hypocalcemia,N,safety_v3:RESOLVED
S0342,ARM1,hypoalbuminemia,N,safety_v3:RESOLVED
S0342,ARM1,blurred_vision,N,safety_v3:RESOLVED
S0344,ARM1,neuropathy_-_motor,N,safety_v3:RESOLVED
S0344,ARM1,myalgia,N,safety_v3:RESOLVED
S0344,ARM1,catheter_related_infection,N,safety_v3:RESOLVED
S0344,ARM1,depression_dominant,N,safety_v3:RESOLVED
S0344,ARM1,hypernatremia,N,safety_v3:RESOLVED
S0344,ARM1,leukocytes,N,safety_v3:RESOLVED
S0344,ARM1,hypocalcemia,N,safety_v3:RESOLVED
S0344,ARM1,hypoalbuminemia,N,safety_v3:RESOLVED
S0347,ARM1,fatigue,N,safety_v3:RESOLVED
S0347,ARM1,seizures,N,safety_v3:RESOLVED
S0347,ARM1,nausea,N,safety_v3:RESOLVED
S0347,ARM1,alopecia,N,safety_v3:RESOLVED
S0347,ARM1,neuropathy_-_motor,N,safety_v3:RESOLVED
S0347,ARM1,arthralgia,N,safety_v3:RESOLVED
S0347,ARM1,myalgia,N,safety_v3:RESOLVED
S0347,ARM1,anorexia,N,safety_v3:RESOLVED
S0347,ARM1,catheter_related_infection,N,safety_v3:RESOLVED
S0347,ARM1,depression_dominant,N,safety_v3:RESOLVED
S0347,ARM1,hypernatremia,N,safety_v3:RESOLVED
S0347,ARM1,coughing,N,safety_v3:RESOLVED
S0347,ARM1,leukocytes,N,safety_v3:RESOLVED
S0347,ARM1,hypocalcemia,N,safety_v3:RESOLVED
S0347,ARM1,hyperglycemia,N,safety_v3:RESOLVED
S0347,ARM1,hypoalbuminemia,N,safety_v3:RESOLVED
S0349,ARM1,seizures,N,safety_v3:RESOLVED
S0349,ARM1,neuropathy_-_motor,N,safety_v3:RESOLVED
S0349,ARM1,myalgia,N,safety_v3:RESOLVED
S0349,ARM1,depression_dominant,N,safety_v3:RESOLVED
S0349,ARM1,coughing,N,safety_v3:RESOLVED
S0349,ARM1,leukocytes,N,safety_v3:RESOLVED
S0349,ARM1,hypocalcemia,N,safety_v3:RESOLVED
S0349,ARM1,hypoalbuminemia,N,safety_v3:RESOLVED
S0349,ARM1,blurred_vision,N,safety_v3:RESOLVED
S0351,ARM1,seizures,N,safety_v3:RESOLVED
S0351,ARM1,constipation,N,safety_v3:RESOLVED
S0351,ARM1,nausea,N,safety_v3:RESOLVED
S0351,ARM1,alopecia,N,safety_v3:RESOLVED
S0351,ARM1,neuropathy_-_motor,N,safety_v3:RESOLVED
S0351,ARM1,arthralgia,N,safety_v3:RESOLVED
S0351,ARM1,myalgia,N,safety_v3:RESOLVED
S0351,ARM1,anorexia,N,safety_v3:RESOLVED
S0351,ARM1,catheter_related_infection,N,safety_v3:RESOLVED
S0351,ARM1,depression_dominant,N,safety_v3:RESOLVED
S0351,ARM1,dyspnea,N,safety_v3:RESOLVED
S0351,ARM1,hypernatremia,N,safety_v3:RESOLVED
S0351,ARM1,coughing,N,safety_v3:RESOLVED
S0351,ARM1,neutropenia,N,safety_v3:RESOLVED
S0351,ARM1,alanine_aminotransferase_increased,N,safety_v3:RESOLVED
S0351,ARM1,sweating,N,safety_v3:RESOLVED
S0351,ARM1,fever,N,safety_v3:RESOLVED
S0351,ARM1,leukocytes,N,safety_v3:RESOLVED
S0351,ARM1,hypocalcemia,N,safety_v3:RESOLVED
S0351,ARM1,sensory_neuropathy,N,safety_v3:RESOLVED
S0351,ARM1,gastrointestinal,N,safety_v3:RESOLVED
S0351,ARM1,hypoalbuminemia,N,safety_v3:RESOLVED
S0351,ARM1,platelets,Y,safety_v3:RESOLVED
S0352,ARM1,fatigue,N,safety_v3:RESOLVED
S0352,ARM1,seizures,N,safety_v3:RESOLVED
S0352,ARM1,constipation,N,safety_v3:RESOLVED
S0352,ARM1,nausea,N,safety_v3:RESOLVED
S0352,ARM1,alopecia,N,safety_v3:RESOLVED
S0352,ARM1,hemoglobin_normal_12_16_gm,N,safety_v3:RESOLVED
S0352,ARM1,neuropathy_-_motor,N,safety_v3:RESOLVED
S0352,ARM1,headache,N,safety_v3:RESOLVED
S0352,ARM1,arthralgia,N,safety_v3:RESOLVED
S0352,ARM1,myalgia,N,safety_v3:RESOLVED
S0352,ARM1,vomiting,N,safety_v3:RESOLVED
S0352,ARM1,anorexia,N,safety_v3:RESOLVED
S0352,ARM1,dizziness,N,safety_v3:RESOLVED
S0352,ARM1,catheter_related_infection,N,safety_v3:RESOLVED
S0352,ARM1,sleeplessness,N,safety_v3:RESOLVED
S0352,ARM1,depression_dominant,N,safety_v3:RESOLVED
S0352,ARM1,dyspnea,N,safety_v3:RESOLVED
S0352,ARM1,hypernatremia,N,safety_v3:RESOLVED
S0352,ARM1,anemia,N,safety_v3:RESOLVED
S0352,ARM1,coughing,N,safety_v3:RESOLVED
S0352,ARM1,anxiety,N,safety_v3:RESOLVED
S0352,ARM1,neutropenia,N,safety_v3:RESOLVED
S0352,ARM1,hypophosphatemia,N,safety_v3:RESOLVED
S0352,ARM1,diarrhea,N,safety_v3:RESOLVED
S0352,ARM1,alanine_aminotransferase_increased,N,safety_v3:RESOLVED
S0352,ARM1,sweating,N,safety_v3:RESOLVED
S0352,ARM1,fever,N,safety_v3:RESOLVED
S0352,ARM1,leukocytes,N,safety_v3:RESOLVED
S0352,ARM1,hypocalcemia,N,safety_v3:RESOLVED
S0352,ARM1,sensory_neuropathy,N,safety_v3:RESOLVED
S0352,ARM1,gastrointestinal,N,safety_v3:RESOLVED
S0352,ARM1,hypoalbuminemia,N,safety_v3:RESOLVED
S0352,ARM1,blurred_vision,N,safety_v3:RESOLVED
S0352,ARM1,leukocytes_(total_wbc),N,safety_v3:RESOLVED
S0352,ARM1,rhinitis,N,safety_v3:RESOLVED
S0352,ARM1,platelets,Y,safety_v3:RESOLVED
S0352,ARM1,seizures,Y,safety_v3:RESOLVED
S0352,ARM1,neutrophils,Y,safety_v3:RESOLVED
S0353,ARM1,neuropathy_-_motor,N,safety_v3:RESOLVED
S0353,ARM1,depression_dominant,N,safety_v3:RESOLVED
S0353,ARM1,leukocytes,N,safety_v3:RESOLVED
S0353,ARM1,hypoalbuminemia,N,safety_v3:RESOLVED
S0355,ARM1,neuropathy_-_motor,N,safety_v3:RESOLVED
S0355,ARM1,hypernatremia,N,safety_v3:RESOLVED
S0355,ARM1,leukocytes,N,safety_v3:RESOLVED
S0355,ARM1,hypoalbuminemia,N,safety_v3:RESOLVED
S0356,ARM1,fatigue,N,safety_v3:RESOLVED
S0356,ARM1,platelets,N,safety_v3:RESOLVED
S0356,ARM1,seizures,N,safety_v3:RESOLVED
S0356,ARM1,constipation,N,safety_v3:RESOLVED
S0356,ARM1,nausea,N,safety_v3:RESOLVED
S0356,ARM1,alopecia,N,safety_v3:RESOLVED
S0356,ARM1,hemoglobin_normal_12_16_gm,N,safety_v3:RESOLVED
S0356,ARM1,neuropathy_-_motor,N,safety_v3:RESOLVED
S0356,ARM1,headache,N,safety_v3:RESOLVED
S0356,ARM1,arthralgia,N,safety_v3:RESOLVED
S0356,ARM1,myalgia,N,safety_v3:RESOLVED
S0356,ARM1,vomiting,N,safety_v3:RESOLVED
S0356,ARM1,anorexia,N,safety_v3:RESOLVED
S0356,ARM1,dizziness,N,safety_v3:RESOLVED
S0356,ARM1,muscle_weakness,N,safety_v3:RESOLVED
S0356,ARM1,catheter_related_infection,N,safety_v3:RESOLVED
S0356,ARM1,sleeplessness,N,safety_v3:RESOLVED
S0356,ARM1,depression_dominant,N,safety_v3:RESOLVED
S0356,ARM1,hypernatremia,N,safety_v3:RESOLVED
S0356,ARM1,anemia,N,safety_v3:RESOLVED
S0356,ARM1,hypercholesterolemia,N,safety_v3:RESOLVED
S0356,ARM1,coughing,N,safety_v3:RESOLVED
S0356,ARM1,neutropenia,N,safety_v3:RESOLVED
S0356,ARM1,neutrophil_count_decreased,N,safety_v3:RESOLVED
S0356,ARM1,decreased_platelet_count,N,safety_v3:RESOLVED
S0356,ARM1,hypophosphatemia,N,safety_v3:RESOLVED
S0356,ARM1,diarrhea,N,safety_v3:RESOLVED
S0356,ARM1,sweating,N,safety_v3:RESOLVED
S0356,ARM1,fever,N,safety_v3:RESOLVED
S0356,ARM1,leukocytes,N,safety_v3:RESOLVED
S0356,ARM1,hypocalcemia,N,safety_v3:RESOLVED
S0356,ARM1,hyponatremia,N,safety_v3:RESOLVED
S0356,ARM1,sensory_neuropathy,N,safety_v3:RESOLVED
S0356,ARM1,weight_loss,N,safety_v3:RESOLVED
S0356,ARM1,hyperglycemia,N,safety_v3:RESOLVED
S0356,ARM1,gastrointestinal,N,safety_v3:RESOLVED
S0356,ARM1,hypoalbuminemia,N,safety_v3:RESOLVED
S0356,ARM1,blurred_vision,N,safety_v3:RESOLVED
S0356,ARM1,leukocytes_(total_wbc),N,safety_v3:RESOLVED
S0356,ARM1,rhinitis,N,safety_v3:RESOLVED
S0356,ARM1,dry_skin,N,safety_v3:RESOLVED
S0356,ARM1,upper_respiratory_infections,N,safety_v3:RESOLVED
S0356,ARM1,seizures,Y,safety_v3:RESOLVED
S0356,ARM1,thrombosis/thrombus/embolism,Y,safety_v3:RESOLVED
S0356,ARM1,neutrophils,Y,safety_v3:RESOLVED
S0356,ARM1,hemoglobin_normal_12_16_gm,Y,safety_v3:RESOLVED
S0356,ARM1,alanine_aminotransferase_increased,Y,safety_v3:RESOLVED
S0358,ARM1,platelets,N,safety_v3:RESOLVED
S0358,ARM1,seizures,N,safety_v3:RESOLVED
S0358,ARM1,alopecia,N,safety_v3:RESOLVED
S0358,ARM1,neuropathy_-_motor,N,safety_v3:RESOLVED
S0358,ARM1,arthralgia,N,safety_v3:RESOLVED
S0358,ARM1,myalgia,N,safety_v3:RESOLVED
S0358,ARM1,anorexia,N,safety_v3:RESOLVED
S0358,ARM1,dizziness,N,safety_v3:RESOLVED
S0358,ARM1,catheter_related_infection,N,safety_v3:RESOLVED
S0358,ARM1,depression_dominant,N,safety_v3:RESOLVED
S0358,ARM1,hypernatremia,N,safety_v3:RESOLVED
S0358,ARM1,anemia,N,safety_v3:RESOLVED
S0358,ARM1,coughing,N,safety_v3:RESOLVED
S0358,ARM1,neutropenia,N,safety_v3:RESOLVED
S0358,ARM1,sweating,N,safety_v3:RESOLVED
S0358,ARM1,leukocytes,N,safety_v3:RESOLVED
S0358,ARM1,hypocalcemia,N,safety_v3:RESOLVED
S0358,ARM1,sensory_neuropathy,N,safety_v3:RESOLVED
S0358,ARM1,gastrointestinal,N,safety_v3:RESOLVED
S0358,ARM1,hypoalbuminemia,N,safety_v3:RESOLVED
S0359,ARM1,fatigue,N,safety_v3:RESOLVED
S0359,ARM1,platelets,N,safety_v3:RESOLVED
S0359,ARM1,seizures,N,safety_v3:RESOLVED
S0359,ARM1,nausea,N,safety_v3:RESOLVED
S0359,ARM1,alopecia,N,safety_v3:RESOLVED
S0359,ARM1,neuropathy_-_motor,N,safety_v3:RESOLVED
S0359,ARM1,myalgia,N,safety_v3:RESOLVED
S0359,ARM1,anorexia,N,safety_v3:RESOLVED
S0359,ARM1,catheter_related_infection,N,safety_v3:RESOLVED
S0359,ARM1,sleeplessness,N,safety_v3:RESOLVED
S0359,ARM1,depression_dominant,N,safety_v3:RESOLVED
S0359,ARM1,hypernatremia,N,safety_v3:RESOLVED
S0359,ARM1,coughing,N,safety_v3:RESOLVED
S0359,ARM1,leukocytes,N,safety_v3:RESOLVED
S0359,ARM1,hypocalcemia,N,safety_v3:RESOLVED
S0359,ARM1,sensory_neuropathy,N,safety_v3:RESOLVED
S0359,ARM1,hypoalbuminemia,N,safety_v3:RESOLVED
S0360,ARM1,neuropathy_-_motor,N,safety_v3:RESOLVED
S0360,ARM1,hypernatremia,N,safety_v3:RESOLVED
S0360,ARM1,hypocalcemia,N,safety_v3:RESOLVED
S0360,ARM1,hypoalbuminemia,N,safety_v3:RESOLVED
S0362,ARM1,fatigue,N,safety_v3:RESOLVED
S0362,ARM1,seizures,N,safety_v3:RESOLVED
S0362,ARM1,nausea,N,safety_v3:RESOLVED
S0362,ARM1,alopecia,N,safety_v3:RESOLVED
S0362,ARM1,hemoglobin_normal_12_16_gm,N,safety_v3:RESOLVED
S0362,ARM1,neuropathy_-_motor,N,safety_v3:RESOLVED
S0362,ARM1,arthralgia,N,safety_v3:RESOLVED
S0362,ARM1,myalgia,N,safety_v3:RESOLVED
S0362,ARM1,anorexia,N,safety_v3:RESOLVED
S0362,ARM1,dizziness,N,safety_v3:RESOLVED
S0362,ARM1,catheter_related_infection,N,safety_v3:RESOLVED
S0362,ARM1,sleeplessness,N,safety_v3:RESOLVED
S0362,ARM1,depression_dominant,N,safety_v3:RESOLVED
S0362,ARM1,hypernatremia,N,safety_v3:RESOLVED
S0362,ARM1,coughing,N,safety_v3:RESOLVED
S0362,ARM1,anxiety,N,safety_v3:RESOLVED
S0362,ARM1,neutropenia,N,safety_v3:RESOLVED
S0362,ARM1,hypophosphatemia,N,safety_v3:RESOLVED
S0362,ARM1,leukocytes,N,safety_v3:RESOLVED
S0362,ARM1,hypocalcemia,N,safety_v3:RESOLVED
S0362,ARM1,sensory_neuropathy,N,safety_v3:RESOLVED
S0362,ARM1,gastrointestinal,N,safety_v3:RESOLVED
S0362,ARM1,hypoalbuminemia,N,safety_v3:RESOLVED
S0362,ARM1,seizures,Y,safety_v3:RESOLVED
S0362,ARM1,neutrophils,Y,safety_v3:RESOLVED
S0363,ARM1,fatigue,N,safety_v3:RESOLVED
S0363,ARM1,platelets,N,safety_v3:RESOLVED
S0363,ARM1,seizures,N,safety_v3:RESOLVED
S0363,ARM1,constipation,N,safety_v3:RESOLVED
S0363,ARM1,nausea,N,safety_v3:RESOLVED
S0363,ARM1,alopecia,N,safety_v3:RESOLVED
S0363,ARM1,neuropathy_-_motor,N,safety_v3:RESOLVED
S0363,ARM1,headache,N,safety_v3:RESOLVED
S0363,ARM1,arthralgia,N,safety_v3:RESOLVED
S0363,ARM1,myalgia,N,safety_v3:RESOLVED
S0363,ARM1,anorexia,N,safety_v3:RESOLVED
S0363,ARM1,dizziness,N,safety_v3:RESOLVED
S0363,ARM1,muscle_weakness,N,safety_v3:RESOLVED
S0363,ARM1,catheter_related_infection,N,safety_v3:RESOLVED
S0363,ARM1,sleeplessness,N,safety_v3:RESOLVED
S0363,ARM1,depression_dominant,N,safety_v3:RESOLVED
S0363,ARM1,dyspnea,N,safety_v3:RESOLVED
S0363,ARM1,hypernatremia,N,safety_v3:RESOLVED
S0363,ARM1,anemia,N,safety_v3:RESOLVED
S0363,ARM1,coughing,N,safety_v3:RESOLVED
S0363,ARM1,anxiety,N,safety_v3:RESOLVED
S0363,ARM1,decreased_platelet_count,N,safety_v3:RESOLVED
S0363,ARM1,hypophosphatemia,N,safety_v3:RESOLVED
S0363,ARM1,alanine_aminotransferase_increased,N,safety_v3:RESOLVED
S0363,ARM1,sweating,N,safety_v3:RESOLVED
S0363,ARM1,fever,N,safety_v3:RESOLVED
S0363,ARM1,leukocytes,N,safety_v3:RESOLVED
S0363,ARM1,hypocalcemia,N,safety_v3:RESOLVED
S0363,ARM1,sensory_neuropathy,N,safety_v3:RESOLVED
S0363,ARM1,hyperglycemia,N,safety_v3:RESOLVED
S0363,ARM1,hypokalemia,N,safety_v3:RESOLVED
S0363,ARM1,gastrointestinal,N,safety_v3:RESOLVED
S0363,ARM1,hypoalbuminemia,N,safety_v3:RESOLVED
S0363,ARM1,blurred_vision,N,safety_v3:RESOLVED
S0363,ARM1,leukocytes_(total_wbc),N,safety_v3:RESOLVED
S0363,ARM1,platelets,Y,safety_v3:RESOLVED
S0363,ARM1,seizures,Y,safety_v3:RESOLVED
S0363,ARM1,neutrophils,Y,safety_v3:RESOLVED
S0363,ARM1,white_blood_cell_count_decreased,Y,safety_v3:RESOLVED
S0363,ARM1,hemoglobin_normal_12_16_gm,Y,safety_v3:RESOLVED
S0365,ARM1,fatigue,N,safety_v3:RESOLVED
S0365,ARM1,platelets,N,safety_v3:RESOLVED
S0365,ARM1,seizures,N,safety_v3:RESOLVED
S0365,ARM1,constipation,N,safety_v3:RESOLVED
S0365,ARM1,nausea,N,safety_v3:RESOLVED
S0365,ARM1,alopecia,N,safety_v3:RESOLVED
S0365,ARM1,neuropathy_-_motor,N,safety_v3:RESOLVED
S0365,ARM1,arthralgia,N,safety_v3:RESOLVED
S0365,ARM1,myalgia,N,safety_v3:RESOLVED
S0365,ARM1,anorexia,N,safety_v3:RESOLVED
S0365,ARM1,dizziness,N,safety_v3:RESOLVED
S0365,ARM1,catheter_related_infection,N,safety_v3:RESOLVED
S0365,ARM1,sleeplessness,N,safety_v3:RESOLVED
S0365,ARM1,depression_dominant,N,safety_v3:RESOLVED
S0365,ARM1,dyspnea,N,safety_v3:RESOLVED
S0365,ARM1,hypernatremia,N,safety_v3:RESOLVED
S0365,ARM1,anemia,N,safety_v3:RESOLVED
S0365,ARM1,coughing,N,safety_v3:RESOLVED
S0365,ARM1,neutropenia,N,safety_v3:RESOLVED
S0365,ARM1,decreased_platelet_count,N,safety_v3:RESOLVED
S0365,ARM1,hypophosphatemia,N,safety_v3:RESOLVED
S0365,ARM1,fever,N,safety_v3:RESOLVED
S0365,ARM1,leukocytes,N,safety_v3:RESOLVED
S0365,ARM1,hypocalcemia,N,safety_v3:RESOLVED
S0365,ARM1,sensory_neuropathy,N,safety_v3:RESOLVED
S0365,ARM1,hypoalbuminemia,N,safety_v3:RESOLVED
S0365,ARM1,blurred_vision,N,safety_v3:RESOLVED
S0365,ARM1,seizures,Y,safety_v3:RESOLVED
S0365,ARM1,neutrophils,Y,safety_v3:RESOLVED
S0365,ARM1,hemoglobin_normal_12_16_gm,Y,safety_v3:RESOLVED
S0366,ARM1,neuropathy_-_motor,N,safety_v3:RESOLVED
S0366,ARM1,depression_dominant,N,safety_v3:RESOLVED
S0366,ARM1,hypernatremia,N,safety_v3:RESOLVED
S0366,ARM1,leukocytes,N,safety_v3:RESOLVED
S0366,ARM1,hypoalbuminemia,N,safety_v3:RESOLVED
S0367,ARM1,seizures,N,safety_v3:RESOLVED
S0367,ARM1,neuropathy_-_motor,N,safety_v3:RESOLVED
S0367,ARM1,myalgia,N,safety_v3:RESOLVED
S0367,ARM1,hypernatremia,N,safety_v3:RESOLVED
S0367,ARM1,leukocytes,N,safety_v3:RESOLVED
S0367,ARM1,hypoalbuminemia,N,safety_v3:RESOLVED
S0370,ARM1,fatigue,N,safety_v3:RESOLVED
S0370,ARM1,platelets,N,safety_v3:RESOLVED
S0370,ARM1,seizures,N,safety_v3:RESOLVED
S0370,ARM1,constipation,N,safety_v3:RESOLVED
S0370,ARM1,nausea,N,safety_v3:RESOLVED
S0370,ARM1,alopecia,N,safety_v3:RESOLVED
S0370,ARM1,hemoglobin_normal_12_16_gm,N,safety_v3:RESOLVED
S0370,ARM1,neuropathy_-_motor,N,safety_v3:RESOLVED
S0370,ARM1,arthralgia,N,safety_v3:RESOLVED
S0370,ARM1,myalgia,N,safety_v3:RESOLVED
S0370,ARM1,anorexia,N,safety_v3:RESOLVED
S0370,ARM1,catheter_related_infection,N,safety_v3:RESOLVED
S0370,ARM1,sleeplessness,N,safety_v3:RESOLVED
S0370,ARM1,depression_dominant,N,safety_v3:RESOLVED
S0370,ARM1,dyspnea,N,safety_v3:RESOLVED
S0370,ARM1,hypernatremia,N,safety_v3:RESOLVED
S0370,ARM1,anemia,N,safety_v3:RESOLVED
S0370,ARM1,coughing,N,safety_v3:RESOLVED
S0370,ARM1,neutropenia,N,safety_v3:RESOLVED
S0370,ARM1,hypophosphatemia,N,safety_v3:RESOLVED
S0370,ARM1,fever,N,safety_v3:RESOLVED
S0370,ARM1,leukocytes,N,safety_v3:RESOLVED
S0370,ARM1,hypocalcemia,N,safety_v3:RESOLVED
S0370,ARM1,sensory_neuropathy,N,safety_v3:RESOLVED
S0370,ARM1,hypokalemia,N,safety_v3:RESOLVED
S0370,ARM1,gastrointestinal,N,safety_v3:RESOLVED
S0370,ARM1,hypoalbuminemia,N,safety_v3:RESOLVED
S0370,ARM1,blurred_vision,N,safety_v3:RESOLVED
S0370,ARM1,neutrophils,Y,safety_v3:RESOLVED
S0379,ARM1,fatigue,N,safety_v3:RESOLVED
S0379,ARM1,platelets,N,safety_v3:RESOLVED
S0379,ARM1,seizures,N,safety_v3:RESOLVED
S0379,ARM1,constipation,N,safety_v3:RESOLVED
S0379,ARM1,nausea,N,safety_v3:RESOLVED
S0379,ARM1,alopecia,N,safety_v3:RESOLVED
S0379,ARM1,hemoglobin_normal_12_16_gm,N,safety_v3:RESOLVED
S0379,ARM1,neuropathy_-_motor,N,safety_v3:RESOLVED
S0379,ARM1,headache,N,safety_v3:RESOLVED
S0379,ARM1,arthralgia,N,safety_v3:RESOLVED
S0379,ARM1,myalgia,N,safety_v3:RESOLVED
S0379,ARM1,anorexia,N,safety_v3:RESOLVED
S0379,ARM1,dizziness,N,safety_v3:RESOLVED
S0379,ARM1,catheter_related_infection,N,safety_v3:RESOLVED
S0379,ARM1,sleeplessness,N,safety_v3:RESOLVED
S0379,ARM1,depression_dominant,N,safety_v3:RESOLVED
S0379,ARM1,dyspnea,N,safety_v3:RESOLVED
S0379,ARM1,hypernatremia,N,safety_v3:RESOLVED
S0379,ARM1,coughing,N,safety_v3:RESOLVED
S0379,ARM1,neutropenia,N,safety_v3:RESOLVED
S0379,ARM1,decreased_platelet_count,N,safety_v3:RESOLVED
S0379,ARM1,hypophosphatemia,N,safety_v3:RESOLVED
S0379,ARM1,diarrhea,N,safety_v3:RESOLVED
S0379,ARM1,alanine_aminotransferase_increased,N,safety_v3:RESOLVED
S0379,ARM1,sweating,N,safety_v3:RESOLVED
S0379,ARM1,leukocytes,N,safety_v3:RESOLVED
S0379,ARM1,hypocalcemia,N,safety_v3:RESOLVED
S0379,ARM1,hyponatremia,N,safety_v3:RESOLVED
S0379,ARM1,sensory_neuropathy,N,safety_v3:RESOLVED
S0379,ARM1,weight_loss,N,safety_v3:RESOLVED
S0379,ARM1,hyperglycemia,N,safety_v3:RESOLVED
S0379,ARM1,gastrointestinal,N,safety_v3:RESOLVED
S0379,ARM1,hypoalbuminemia,N,safety_v3:RESOLVED
S0379,ARM1,blurred_vision,N,safety_v3:RESOLVED
S0379,ARM1,dry_skin,N,safety_v3:RESOLVED
S0379,ARM1,neutrophils,Y,safety_v3:RESOLVED
S0379,ARM1,hemoglobin_normal_12_16_gm,Y,safety_v3:RESOLVED
S0380,ARM1,seizures,N,safety_v3:RESOLVED
S0380,ARM1,alopecia,N,safety_v3:RESOLVED
S0380,ARM1,neuropathy_-_motor,N,safety_v3:RESOLVED
S0380,ARM1,myalgia,N,safety_v3:RESOLVED
S0380,ARM1,catheter_related_infection,N,safety_v3:RESOLVED
S0380,ARM1,depression_dominant,N,safety_v3:RESOLVED
S0380,ARM1,hypernatremia,N,safety_v3:RESOLVED
S0380,ARM1,leukocytes,N,safety_v3:RESOLVED
S0380,ARM1,hypocalcemia,N,safety_v3:RESOLVED
S0380,ARM1,hypoalbuminemia,N,safety_v3:RESOLVED
S0380,ARM1,blurred_vision,N,safety_v3:RESOLVED
S0382,ARM1,fatigue,N,safety_v3:RESOLVED
S0382,ARM1,seizures,N,safety_v3:RESOLVED
S0382,ARM1,alopecia,N,safety_v3:RESOLVED
S0382,ARM1,neuropathy_-_motor,N,safety_v3:RESOLVED
S0382,ARM1,arthralgia,N,safety_v3:RESOLVED
S0382,ARM1,myalgia,N,safety_v3:RESOLVED
S0382,ARM1,vomiting,N,safety_v3:RESOLVED
S0382,ARM1,dizziness,N,safety_v3:RESOLVED
S0382,ARM1,catheter_related_infection,N,safety_v3:RESOLVED
S0382,ARM1,depression_dominant,N,safety_v3:RESOLVED
S0382,ARM1,hypernatremia,N,safety_v3:RESOLVED
S0382,ARM1,coughing,N,safety_v3:RESOLVED
S0382,ARM1,leukocytes,N,safety_v3:RESOLVED
S0382,ARM1,hypocalcemia,N,safety_v3:RESOLVED
S0382,ARM1,sensory_neuropathy,N,safety_v3:RESOLVED
S0382,ARM1,gastrointestinal,N,safety_v3:RESOLVED
S0382,ARM1,hypoalbuminemia,N,safety_v3:RESOLVED
S0382,ARM1,blurred_vision,N,safety_v3:RESOLVED
S0386,ARM1,fatigue,N,safety_v3:RESOLVED
S0386,ARM1,seizures,N,safety_v3:RESOLVED
S0386,ARM1,alopecia,N,safety_v3:RESOLVED
S0386,ARM1,neuropathy_-_motor,N,safety_v3:RESOLVED
S0386,ARM1,arthralgia,N,safety_v3:RESOLVED
S0386,ARM1,myalgia,N,safety_v3:RESOLVED
S0386,ARM1,anorexia,N,safety_v3:RESOLVED
S0386,ARM1,depression_dominant,N,safety_v3:RESOLVED
S0386,ARM1,hypernatremia,N,safety_v3:RESOLVED
S0386,ARM1,coughing,N,safety_v3:RESOLVED
S0386,ARM1,leukocytes,N,safety_v3:RESOLVED
S0386,ARM1,hypocalcemia,N,safety_v3:RESOLVED
S0386,ARM1,hypoalbuminemia,N,safety_v3:RESOLVED
S0386,ARM1,blurred_vision,N,safety_v3:RESOLVED
S0387,ARM1,platelets,N,safety_v3:RESOLVED
S0387,ARM1,seizures,N,safety_v3:RESOLVED
S0387,ARM1,alopecia,N,safety_v3:RESOLVED
S0387,ARM1,neuropathy_-_motor,N,safety_v3:RESOLVED
S0387,ARM1,arthralgia,N,safety_v3:RESOLVED
S0387,ARM1,myalgia,N,safety_v3:RESOLVED
S0387,ARM1,anorexia,N,safety_v3:RESOLVED
S0387,ARM1,catheter_related_infection,N,safety_v3:RESOLVED
S0387,ARM1,sleeplessness,N,safety_v3:RESOLVED
S0387,ARM1,depression_dominant,N,safety_v3:RESOLVED
S0387,ARM1,hypernatremia,N,safety_v3:RESOLVED
S0387,ARM1,coughing,N,safety_v3:RESOLVED
S0387,ARM1,fever,N,safety_v3:RESOLVED
S0387,ARM1,leukocytes,N,safety_v3:RESOLVED
S0387,ARM1,hypocalcemia,N,safety_v3:RESOLVED
S0387,ARM1,gastrointestinal,N,safety_v3:RESOLVED
S0387,ARM1,hypoalbuminemia,N,safety_v3:RESOLVED
S0387,ARM1,blurred_vision,N,safety_v3:RESOLVED
S0391,ARM1,fatigue,N,safety_v3:RESOLVED
S0391,ARM1,platelets,N,safety_v3:RESOLVED
S0391,ARM1,seizures,N,safety_v3:RESOLVED
S0391,ARM1,constipation,N,safety_v3:RESOLVED
S0391,ARM1,alopecia,N,safety_v3:RESOLVED
S0391,ARM1,hemoglobin_normal_12_16_gm,N,safety_v3:RESOLVED
S0391,ARM1,neuropathy_-_motor,N,safety_v3:RESOLVED
S0391,ARM1,arthralgia,N,safety_v3:RESOLVED
S0391,ARM1,myalgia,N,safety_v3:RESOLVED
S0391,ARM1,vomiting,N,safety_v3:RESOLVED
S0391,ARM1,anorexia,N,safety_v3:RESOLVED
S0391,ARM1,dizziness,N,safety_v3:RESOLVED
S0391,ARM1,catheter_related_infection,N,safety_v3:RESOLVED
S0391,ARM1,sleeplessness,N,safety_v3:RESOLVED
S0391,ARM1,depression_dominant,N,safety_v3:RESOLVED
S0391,ARM1,hypernatremia,N,safety_v3:RESOLVED
S0391,ARM1,anemia,N,safety_v3:RESOLVED
S0391,ARM1,coughing,N,safety_v3:RESOLVED
S0391,ARM1,anxiety,N,safety_v3:RESOLVED
S0391,ARM1,neutropenia,N,safety_v3:RESOLVED
S0391,ARM1,hypophosphatemia,N,safety_v3:RESOLVED
S0391,ARM1,diarrhea,N,safety_v3:RESOLVED
S0391,ARM1,sweating,N,safety_v3:RESOLVED
S0391,ARM1,fever,N,safety_v3:RESOLVED
S0391,ARM1,leukocytes,N,safety_v3:RESOLVED
S0391,ARM1,hypocalcemia,N,safety_v3:RESOLVED
S0391,ARM1,sensory_neuropathy,N,safety_v3:RESOLVED
S0391,ARM1,hyperglycemia,N,safety_v3:RESOLVED
S0391,ARM1,gastrointestinal,N,safety_v3:RESOLVED
S0391,ARM1,hypoalbuminemia,N,safety_v3:RESOLVED
S0391,ARM1,blurred_vision,N,safety_v3:RESOLVED
S0391,ARM1,platelets,Y,safety_v3:RESOLVED
S0391,ARM1,seizures,Y,safety_v3:RESOLVED
S0391,ARM1,neutrophils,Y,safety_v3:RESOLVED
S0392,ARM1,seizures,N,safety_v3:RESOLVED
S0392,ARM1,constipation,N,safety_v3:RESOLVED
S0392,ARM1,alopecia,N,safety_v3:RESOLVED
S0392,ARM1,neuropathy_-_motor,N,safety_v3:RESOLVED
S0392,ARM1,arthralgia,N,safety_v3:RESOLVED
S0392,ARM1,myalgia,N,safety_v3:RESOLVED
S0392,ARM1,anorexia,N,safety_v3:RESOLVED
S0392,ARM1,depression_dominant,N,safety_v3:RESOLVED
S0392,ARM1,hypernatremia,N,safety_v3:RESOLVED
S0392,ARM1,sweating,N,safety_v3:RESOLVED
S0392,ARM1,leukocytes,N,safety_v3:RESOLVED
S0392,ARM1,hypocalcemia,N,safety_v3:RESOLVED
S0392,ARM1,hypoalbuminemia,N,safety_v3:RESOLVED
S0395,ARM1,fatigue,N,safety_v3:RESOLVED
S0395,ARM1,platelets,N,safety_v3:RESOLVED
S0395,ARM1,seizures,N,safety_v3:RESOLVED
S0395,ARM1,constipation,N,safety_v3:RESOLVED
S0395,ARM1,nausea,N,safety_v3:RESOLVED
S0395,ARM1,alopecia,N,safety_v3:RESOLVED
S0395,ARM1,hemoglobin_normal_12_16_gm,N,safety_v3:RESOLVED
S0395,ARM1,neuropathy_-_motor,N,safety_v3:RESOLVED
S0395,ARM1,arthralgia,N,safety_v3:RESOLVED
S0395,ARM1,myalgia,N,safety_v3:RESOLVED
S0395,ARM1,vomiting,N,safety_v3:RESOLVED
S0395,ARM1,anorexia,N,safety_v3:RESOLVED
S0395,ARM1,dizziness,N,safety_v3:RESOLVED
S0395,ARM1,muscle_weakness,N,safety_v3:RESOLVED
S0395,ARM1,catheter_related_infection,N,safety_v3:RESOLVED
S0395,ARM1,sleeplessness,N,safety_v3:RESOLVED
S0395,ARM1,depression_dominant,N,safety_v3:RESOLVED
S0395,ARM1,hypernatremia,N,safety_v3:RESOLVED
S0395,ARM1,anemia,N,safety_v3:RESOLVED
S0395,ARM1,hypercholesterolemia,N,safety_v3:RESOLVED
S0395,ARM1,coughing,N,safety_v3:RESOLVED
S0395,ARM1,neutropenia,N,safety_v3:RESOLVED
S0395,ARM1,hypophosphatemia,N,safety_v3:RESOLVED
S0395,ARM1,diarrhea,N,safety_v3:RESOLVED
S0395,ARM1,sweating,N,safety_v3:RESOLVED
S0395,ARM1,fever,N,safety_v3:RESOLVED
S0395,ARM1,leukocytes,N,safety_v3:RESOLVED
S0395,ARM1,hypocalcemia,N,safety_v3:RESOLVED
S0395,ARM1,sensory_neuropathy,N,safety_v3:RESOLVED
S0395,ARM1,gastrointestinal,N,safety_v3:RESOLVED
S0395,ARM1,hypoalbuminemia,N,safety_v3:RESOLVED
S0395,ARM1,blurred_vision,N,safety_v3:RESOLVED
S0395,ARM1,leukocytes_(total_wbc),N,safety_v3:RESOLVED
S0395,ARM1,rhinitis,N,safety_v3:RESOLVED
S0395,ARM1,seizures,Y,safety_v3:RESOLVED
S0395,ARM1,thrombosis/thrombus/embolism,Y,safety_v3:RESOLVED
S0395,ARM1,neutrophils,Y,safety_v3:RESOLVED
S0395,ARM1,hemoglobin_normal_12_16_gm,Y,safety_v3:RESOLVED
S0396,ARM1,seizures,N,safety_v3:RESOLVED
S0396,ARM1,constipation,N,safety_v3:RESOLVED
S0396,ARM1,alopecia,N,safety_v3:RESOLVED
S0396,ARM1,hemoglobin_normal_12_16_gm,N,safety_v3:RESOLVED
S0396,ARM1,neuropathy_-_motor,N,safety_v3:RESOLVED
S0396,ARM1,myalgia,N,safety_v3:RESOLVED
S0396,ARM1,catheter_related_infection,N,safety_v3:RESOLVED
S0396,ARM1,depression_dominant,N,safety_v3:RESOLVED
S0396,ARM1,hypernatremia,N,safety_v3:RESOLVED
S0396,ARM1,coughing,N,safety_v3:RESOLVED
S0396,ARM1,leukocytes,N,safety_v3:RESOLVED
S0396,ARM1,hypocalcemia,N,safety_v3:RESOLVED
S0396,ARM1,sensory_neuropathy,N,safety_v3:RESOLVED
S0396,ARM1,hypoalbuminemia,N,safety_v3:RESOLVED
S0397,ARM1,alopecia,N,safety_v3:RESOLVED
S0397,ARM1,neuropathy_-_motor,N,safety_v3:RESOLVED
S0397,ARM1,myalgia,N,safety_v3:RESOLVED
S0397,ARM1,catheter_related_infection,N,safety_v3:RESOLVED
S0397,ARM1,depression_dominant,N,safety_v3:RESOLVED
S0397,ARM1,leukocytes,N,safety_v3:RESOLVED
S0397,ARM1,hypoalbuminemia,N,safety_v3:RESOLVED
S0398,ARM1,fatigue,N,safety_v3:RESOLVED
S0398,ARM1,platelets,N,safety_v3:RESOLVED
S0398,ARM1,seizures,N,safety_v3:RESOLVED
S0398,ARM1,nausea,N,safety_v3:RESOLVED
S0398,ARM1,alopecia,N,safety_v3:RESOLVED
S0398,ARM1,neuropathy_-_motor,N,safety_v3:RESOLVED
S0398,ARM1,arthralgia,N,safety_v3:RESOLVED
S0398,ARM1,myalgia,N,safety_v3:RESOLVED
S0398,ARM1,anorexia,N,safety_v3:RESOLVED
S0398,ARM1,dizziness,N,safety_v3:RESOLVED
S0398,ARM1,catheter_related_infection,N,safety_v3:RESOLVED
S0398,ARM1,sleeplessness,N,safety_v3:RESOLVED
S0398,ARM1,depression_dominant,N,safety_v3:RESOLVED
S0398,ARM1,dyspnea,N,safety_v3:RESOLVED
S0398,ARM1,hypernatremia,N,safety_v3:RESOLVED
S0398,ARM1,anemia,N,safety_v3:RESOLVED
S0398,ARM1,hypercholesterolemia,N,safety_v3:RESOLVED
S0398,ARM1,coughing,N,safety_v3:RESOLVED
S0398,ARM1,hypertriglyceridemia,N,safety_v3:RESOLVED
S0398,ARM1,anxiety,N,safety_v3:RESOLVED
S0398,ARM1,neutropenia,N,safety_v3:RESOLVED
S0398,ARM1,hypophosphatemia,N,safety_v3:RESOLVED
S0398,ARM1,fever,N,safety_v3:RESOLVED
S0398,ARM1,leukocytes,N,safety_v3:RESOLVED
S0398,ARM1,hypocalcemia,N,safety_v3:RESOLVED
S0398,ARM1,hyponatremia,N,safety_v3:RESOLVED
S0398,ARM1,sensory_neuropathy,N,safety_v3:RESOLVED
S0398,ARM1,gastrointestinal,N,safety_v3:RESOLVED
S0398,ARM1,hypoalbuminemia,N,safety_v3:RESOLVED
S0398,ARM1,rhinitis,N,safety_v3:RESOLVED
S0398,ARM1,platelets,Y,safety_v3:RESOLVED
S0398,ARM1,seizures,Y,safety_v3:RESOLVED
S0398,ARM1,neutrophils,Y,safety_v3:RESOLVED
S0001,ARM2,neuropathy_-_sensory,N,safety_v3:RESOLVED
S0001,ARM2,fatigue,N,safety_v3:RESOLVED
S0001,ARM2,platelets,N,safety_v3:RESOLVED
S0001,ARM2,nausea,N,safety_v3:RESOLVED
S0001,ARM2,hemoglobin_normal_12_16_gm,N,safety_v3:RESOLVED
S0001,ARM2,neuropathy_-_motor,N,safety_v3:RESOLVED
S0001,ARM2,anorexia,N,safety_v3:RESOLVED
S0001,ARM2,muscle_weakness,N,safety_v3:RESOLVED
S0001,ARM2,catheter_related_infection,N,safety_v3:RESOLVED
S0001,ARM2,neutropenia,N,safety_v3:RESOLVED
S0001,ARM2,neutrophil_count_decreased,N,safety_v3:RESOLVED
S0001,ARM2,decreased_platelet_count,N,safety_v3:RESOLVED
S0001,ARM2,thrombocytopenia,N,safety_v3:RESOLVED
S0001,ARM2,alanine_aminotransferase_increased,N,safety_v3:RESOLVED
S0001,ARM2,sweating,N,safety_v3:RESOLVED
S0001,ARM2,peripheral_motor_neuropathy,N,safety_v3:RESOLVED
S0001,ARM2,fever,N,safety_v3:RESOLVED
S0001,ARM2,hyperglycemia,N,safety_v3:RESOLVED
S0001,ARM2,gastrointestinal,N,safety_v3:RESOLVED
S0001,ARM2,neutrophils,N,safety_v3:RESOLVED
S0001,ARM2,upper_respiratory_infections,N,safety_v3:RESOLVED
S0001,ARM2,thrombosis,Y,safety_v3:RESOLVED
S0006,ARM2,neuropathy_-_sensory,N,safety_v3:RESOLVED
S0006,ARM2,platelets,N,safety_v3:RESOLVED
S0006,ARM2,seizures,N,safety_v3:RESOLVED
S0006,ARM2,nausea,N,safety_v3:RESOLVED
S0006,ARM2,neuropathy-motor,N,safety_v3:RESOLVED
S0006,ARM2,hemoglobin_normal_12_16_gm,N,safety_v3:RESOLVED
S0006,ARM2,neuropathy_-_motor,N,safety_v3:RESOLVED
S0006,ARM2,headache,N,safety_v3:RESOLVED
S0006,ARM2,arthralgia,N,safety_v3:RESOLVED
S0006,ARM2,vomiting,N,safety_v3:RESOLVED
S0006,ARM2,anorexia,N,safety_v3:RESOLVED
S0006,ARM2,muscle_weakness,N,safety_v3:RESOLVED
S0006,ARM2,catheter_related_infection,N,safety_v3:RESOLVED
S0006,ARM2,neutrophil_count_decreased,N,safety_v3:RESOLVED
S0006,ARM2,thrombocytopenia,N,safety_v3:RESOLVED
S0006,ARM2,hypokalemia,N,safety_v3:RESOLVED
S0006,ARM2,blurred_vision,N,safety_v3:RESOLVED
S0006,ARM2,allergic_rhinitis_disorder,N,safety_v3:RESOLVED
S0007,ARM2,neuropathy_-_sensory,N,safety_v3:RESOLVED
S0007,ARM2,fatigue,N,safety_v3:RESOLVED
S0007,ARM2,platelets,N,safety_v3:RESOLVED
S0007,ARM2,seizures,N,safety_v3:RESOLVED
S0007,ARM2,nausea,N,safety_v3:RESOLVED
S0007,ARM2,hemoglobin_normal_12_16_gm,N,safety_v3:RESOLVED
S0007,ARM2,headache,N,safety_v3:RESOLVED
S0007,ARM2,arthralgia,N,safety_v3:RESOLVED
S0007,ARM2,muscle_weakness,N,safety_v3:RESOLVED
S0007,ARM2,catheter_related_infection,N,safety_v3:RESOLVED
S0007,ARM2,dyspnea,N,safety_v3:RESOLVED
S0007,ARM2,hypernatremia,N,safety_v3:RESOLVED
S0007,ARM2,anemia,N,safety_v3:RESOLVED
S0007,ARM2,coughing,N,safety_v3:RESOLVED
S0007,ARM2,neutrophil_count_decreased,N,safety_v3:RESOLVED
S0007,ARM2,hypophosphatemia,N,safety_v3:RESOLVED
S0007,ARM2,sweating,N,safety_v3:RESOLVED
S0007,ARM2,hyperglycemia,N,safety_v3:RESOLVED
S0007,ARM2,gastrointestinal,N,safety_v3:RESOLVED
S0007,ARM2,dry_skin,N,safety_v3:RESOLVED
S0007,ARM2,upper_respiratory_infections,N,safety_v3:RESOLVED
S0007,ARM2,thrombosis/thrombus/embolism,Y,safety_v3:RESOLVED
S0008,ARM2,neuropathy_-_sensory,N,safety_v3:RESOLVED
S0008,ARM2,fatigue,N,safety_v3:RESOLVED
S0008,ARM2,platelets,N,safety_v3:RESOLVED
S0008,ARM2,nausea,N,safety_v3:RESOLVED
S0008,ARM2,hemoglobin_normal_12_16_gm,N,safety_v3:RESOLVED
S0008,ARM2,dizziness,N,safety_v3:RESOLVED
S0008,ARM2,muscle_weakness,N,safety_v3:RESOLVED
S0008,ARM2,sleeplessness,N,safety_v3:RESOLVED
S0008,ARM2,depression_dominant,N,safety_v3:RESOLVED
S0008,ARM2,dyspnea,N,safety_v3:RESOLVED
S0008,ARM2,hypernatremia,N,safety_v3:RESOLVED
S0008,ARM2,anemia,N,safety_v3:RESOLVED
S0008,ARM2,coughing,N,safety_v3:RESOLVED
S0008,ARM2,hypertriglyceridemia,N,safety_v3:RESOLVED
S0008,ARM2,anxiety,N,safety_v3:RESOLVED
S0008,ARM2,neutropenia,N,safety_v3:RESOLVED
S0008,ARM2,neutrophil_count_decreased,N,safety_v3:RESOLVED
S0008,ARM2,thrombocytopenia,N,safety_v3:RESOLVED
S0008,ARM2,hyperkalemia,N,safety_v3:RESOLVED
S0008,ARM2,weight_loss,N,safety_v3:RESOLVED
S0009,ARM2,neuropathy_-_sensory,N,safety_v3:RESOLVED
S0009,ARM2,fatigue,N,safety_v3:RESOLVED
S0009,ARM2,platelets,N,safety_v3:RESOLVED
S0009,ARM2,constipation,N,safety_v3:RESOLVED
S0009,ARM2,nausea,N,safety_v3:RESOLVED
S0009,ARM2,alopecia,N,safety_v3:RESOLVED
S0009,ARM2,hemoglobin_normal_12_16_gm,N,safety_v3:RESOLVED
S0009,ARM2,myalgia,N,safety_v3:RESOLVED
S0009,ARM2,vomiting,N,safety_v3:RESOLVED
S0009,ARM2,dizziness,N,safety_v3:RESOLVED
S0009,ARM2,muscle_weakness,N,safety_v3:RESOLVED
S0009,ARM2,neutropenia,N,safety_v3:RESOLVED
S0009,ARM2,neutrophil_count_decreased,N,safety_v3:RESOLVED
S0009,ARM2,sweating,N,safety_v3:RESOLVED
S0009,ARM2,hypokalemia,N,safety_v3:RESOLVED
S0009,ARM2,neutrophils,N,safety_v3:RESOLVED
S0015,ARM2,neuropathy_-_sensory,N,safety_v3:RESOLVED
S0015,ARM2,fatigue,N,safety_v3:RESOLVED
S0015,ARM2,platelets,N,safety_v3:RESOLVED
S0015,ARM2,nausea,N,safety_v3:RESOLVED
S0015,ARM2,vomiting,N,safety_v3:RESOLVED
S0015,ARM2,anorexia,N,safety_v3:RESOLVED
S0015,ARM2,muscle_weakness,N,safety_v3:RESOLVED
S0015,ARM2,sleeplessness,N,safety_v3:RESOLVED
S0015,ARM2,dyspnea,N,safety_v3:RESOLVED
S0015,ARM2,neutropenia,N,safety_v3:RESOLVED
S0015,ARM2,thrombocytopenia,N,safety_v3:RESOLVED
S0015,ARM2,hyperkalemia,N,safety_v3:RESOLVED
S0015,ARM2,sweating,N,safety_v3:RESOLVED
S0015,ARM2,fever,N,safety_v3:RESOLVED
S0015,ARM2,hypocalcemia,N,safety_v3:RESOLVED
S0017,ARM2,neuropathy_-_sensory,N,safety_v3:RESOLVED
S0017,ARM2,fatigue,N,safety_v3:RESOLVED
S0017,ARM2,platelets,N,safety_v3:RESOLVED
S0017,ARM2,nausea,N,safety_v3:RESOLVED
S0017,ARM2,headache,N,safety_v3:RESOLVED
S0017,ARM2,vomiting,N,safety_v3:RESOLVED
S0017,ARM2,anorexia,N,safety_v3:RESOLVED
S0017,ARM2,muscle_weakness,N,safety_v3:RESOLVED
S0017,ARM2,hypernatremia,N,safety_v3:RESOLVED
S0017,ARM2,anemia,N,safety_v3:RESOLVED
S0017,ARM2,neutrophil_count_decreased,N,safety_v3:RESOLVED
S0017,ARM2,thrombocytopenia,N,safety_v3:RESOLVED
S0017,ARM2,hyperkalemia,N,safety_v3:RESOLVED
S0017,ARM2,gastrointestinal,N,safety_v3:RESOLVED
S0017,ARM2,hypoalbuminemia,N,safety_v3:RESOLVED
S0017,ARM2,neutrophils,N,safety_v3:RESOLVED
S0017,ARM2,stomatitis,N,safety_v3:RESOLVED
S0017,ARM2,upper_respiratory_infections,N,safety_v3:RESOLVED
S0018,ARM2,neuropathy_-_sensory,N,safety_v3:RESOLVED
S0018,ARM2,platelets,N,safety_v3:RESOLVED
S0018,ARM2,seizures,N,safety_v3:RESOLVED
S0018,ARM2,nausea,N,safety_v3:RESOLVED
S0018,ARM2,alopecia,N,safety_v3:RESOLVED
S0018,ARM2,hemoglobin_normal_12_16_gm,N,safety_v3:RESOLVED
S0018,ARM2,neuropathy_-_motor,N,safety_v3:RESOLVED
S0018,ARM2,muscle_weakness,N,safety_v3:RESOLVED
S0018,ARM2,hypernatremia,N,safety_v3:RESOLVED
S0018,ARM2,neutropenia,N,safety_v3:RESOLVED
S0018,ARM2,neutrophil_count_decreased,N,safety_v3:RESOLVED
S0018,ARM2,thrombocytopenia,N,safety_v3:RESOLVED
S0018,ARM2,neutrophils,N,safety_v3:RESOLVED
S0018,ARM2,thrombosis/thrombus/embolism,Y,safety_v3:RESOLVED
S0019,ARM2,neuropathy_-_sensory,N,safety_v3:RESOLVED
S0019,ARM2,fatigue,N,safety_v3:RESOLVED
S0019,ARM2,platelets,N,safety_v3:RESOLVED
S0019,ARM2,seizures,N,safety_v3:RESOLVED
S0019,ARM2,nausea,N,safety_v3:RESOLVED
S0019,ARM2,hemoglobin_normal_12_16_gm,N,safety_v3:RESOLVED
S0019,ARM2,vomiting,N,safety_v3:RESOLVED
S0019,ARM2,anorexia,N,safety_v3:RESOLVED
S0019,ARM2,muscle_weakness,N,safety_v3:RESOLVED
S0019,ARM2,catheter_related_infection,N,safety_v3:RESOLVED
S0019,ARM2,sleeplessness,N,safety_v3:RESOLVED
S0019,ARM2,dyspnea,N,safety_v3:RESOLVED
S0019,ARM2,anemia,N,safety_v3:RESOLVED
S0019,ARM2,hypertriglyceridemia,N,safety_v3:RESOLVED
S0019,ARM2,neutrophil_count_decreased,N,safety_v3:RESOLVED
S0019,ARM2,hyperkalemia,N,safety_v3:RESOLVED
S0019,ARM2,alanine_aminotransferase_increased,N,safety_v3:RESOLVED
S0019,ARM2,fever,N,safety_v3:RESOLVED
S0019,ARM2,upper_respiratory_infections,N,safety_v3:RESOLVED
S0020,ARM2,neuropathy_-_sensory,N,safety_v3:RESOLVED
S0020,ARM2,fatigue,N,safety_v3:RESOLVED
S0020,ARM2,platelets,N,safety_v3:RESOLVED
S0020,ARM2,nausea,N,safety_v3:RESOLVED
S0020,ARM2,hemoglobin_normal_12_16_gm,N,safety_v3:RESOLVED
S0020,ARM2,arthralgia,N,safety_v3:RESOLVED
S0020,ARM2,myalgia,N,safety_v3:RESOLVED
S0020,ARM2,vomiting,N,safety_v3:RESOLVED
S0020,ARM2,muscle_weakness,N,safety_v3:RESOLVED
S0020,ARM2,dyspnea,N,safety_v3:RESOLVED
S0020,ARM2,hypernatremia,N,safety_v3:RESOLVED
S0020,ARM2,anemia,N,safety_v3:RESOLVED
S0020,ARM2,hypertriglyceridemia,N,safety_v3:RESOLVED
S0020,ARM2,anxiety,N,safety_v3:RESOLVED
S0020,ARM2,neutropenia,N,safety_v3:RESOLVED
S0020,ARM2,hypocalcemia,N,safety_v3:RESOLVED
S0020,ARM2,gastrointestinal,N,safety_v3:RESOLVED
S0021,ARM2,neuropathy_-_sensory,N,safety_v3:RESOLVED
S0021,ARM2,fatigue,N,safety_v3:RESOLVED
S0021,ARM2,platelets,N,safety_v3:RESOLVED
S0021,ARM2,nausea,N,safety_v3:RESOLVED
S0021,ARM2,alopecia,N,safety_v3:RESOLVED
S0021,ARM2,neuropathy_-_motor,N,safety_v3:RESOLVED
S0021,ARM2,vomiting,N,safety_v3:RESOLVED
S0021,ARM2,muscle_weakness,N,safety_v3:RESOLVED
S0021,ARM2,dyspnea,N,safety_v3:RESOLVED
S0021,ARM2,hypernatremia,N,safety_v3:RESOLVED
S0021,ARM2,neutropenia,N,safety_v3:RESOLVED
S0021,ARM2,neutrophil_count_decreased,N,safety_v3:RESOLVED
S0021,ARM2,thrombocytopenia,N,safety_v3:RESOLVED
S0021,ARM2,hypophosphatemia,N,safety_v3:RESOLVED
S0021,ARM2,rash_erythematous_macules_or_papules,N,safety_v3:RESOLVED
S0021,ARM2,alanine_aminotransferase_increased,Y,safety_v3:RESOLVED
S0021,ARM2,hydrocephalus,Y,safety_v3:RESOLVED
S0022,ARM2,neuropathy_-_sensory,N,safety_v3:RESOLVED
S0022,ARM2,fatigue,N,safety_v3:RESOLVED
S0022,ARM2,platelets,N,safety_v3:RESOLVED
S0022,ARM2,nausea,N,safety_v3:RESOLVED
S0022,ARM2,hemoglobin_normal_12_16_gm,N,safety_v3:RESOLVED
S0022,ARM2,muscle_weakness,N,safety_v3:RESOLVED
S0022,ARM2,dyspnea,N,safety_v3:RESOLVED
S0022,ARM2,hypernatremia,N,safety_v3:RESOLVED
S0022,ARM2,anxiety,N,safety_v3:RESOLVED
S0022,ARM2,neutrophil_count_decreased,N,safety_v3:RESOLVED
S0022,ARM2,sweating,N,safety_v3:RESOLVED
S0022,ARM2,fever,N,safety_v3:RESOLVED
S0024,ARM2,neuropathy_-_sensory,N,safety_v3:RESOLVED
S0024,ARM2,platelets,N,safety_v3:RESOLVED
S0024,ARM2,nausea,N,safety_v3:RESOLVED
S0024,ARM2,neuropathy-motor,N,safety_v3:RESOLVED
S0024,ARM2,alopecia,N,safety_v3:RESOLVED
S0024,ARM2,hemoglobin_normal_12_16_gm,N,safety_v3:RESOLVED
S0024,ARM2,headache,N,safety_v3:RESOLVED
S0024,ARM2,arthralgia,N,safety_v3:RESOLVED
S0024,ARM2,vomiting,N,safety_v3:RESOLVED
S0024,ARM2,anorexia,N,safety_v3:RESOLVED
S0024,ARM2,muscle_weakness,N,safety_v3:RESOLVED
S0024,ARM2,catheter_related_infection,N,safety_v3:RESOLVED
S0024,ARM2,dyspnea,N,safety_v3:RESOLVED
S0024,ARM2,hypernatremia,N,safety_v3:RESOLVED
S0024,ARM2,anxiety,N,safety_v3:RESOLVED
S0024,ARM2,neutropenia,N,safety_v3:RESOLVED
S0024,ARM2,neutrophil_count_decreased,N,safety_v3:RESOLVED
S0024,ARM2,thrombocytopenia,N,safety_v3:RESOLVED
S0024,ARM2,peripheral_motor_neuropathy,N,safety_v3:RESOLVED
S0024,ARM2,hypoalbuminemia,N,safety_v3:RESOLVED
S0024,ARM2,upper_respiratory_infections,N,safety_v3:RESOLVED
S0024,ARM2,white_blood_cell_count_decreased,Y,safety_v3:RESOLVED
S0026,ARM2,neuropathy_-_sensory,N,safety_v3:RESOLVED
S0026,ARM2,fatigue,N,safety_v3:RESOLVED
S0026,ARM2,platelets,N,safety_v3:RESOLVED
S0026,ARM2,headache,N,safety_v3:RESOLVED
S0026,ARM2,anorexia,N,safety_v3:RESOLVED
S0026,ARM2,muscle_weakness,N,safety_v3:RESOLVED
S0026,ARM2,hypernatremia,N,safety_v3:RESOLVED
S0026,ARM2,coughing,N,safety_v3:RESOLVED
S0026,ARM2,anxiety,N,safety_v3:RESOLVED
S0026,ARM2,neutropenia,N,safety_v3:RESOLVED
S0026,ARM2,neutrophil_count_decreased,N,safety_v3:RESOLVED
S0026,ARM2,peripheral_motor_neuropathy,N,safety_v3:RESOLVED
S0026,ARM2,allergic_rhinitis_disorder,N,safety_v3:RESOLVED
S0027,ARM2,neuropathy_-_sensory,N,safety_v3:RESOLVED
S0027,ARM2,fatigue,N,safety_v3:RESOLVED
S0027,ARM2,platelets,N,safety_v3:RESOLVED
S0027,ARM2,nausea,N,safety_v3:RESOLVED
S0027,ARM2,neuropathy-motor,N,safety_v3:RESOLVED
S0027,ARM2,alopecia,N,safety_v3:RESOLVED
S0027,ARM2,hemoglobin_normal_12_16_gm,N,safety_v3:RESOLVED
S0027,ARM2,headache,N,safety_v3:RESOLVED
S0027,ARM2,myalgia,N,safety_v3:RESOLVED
S0027,ARM2,muscle_weakness,N,safety_v3:RESOLVED
S0027,ARM2,coughing,N,safety_v3:RESOLVED
S0027,ARM2,neutropenia,N,safety_v3:RESOLVED
S0027,ARM2,neutrophil_count_decreased,N,safety_v3:RESOLVED
S0027,ARM2,alanine_aminotransferase_increased,N,safety_v3:RESOLVED
S0027,ARM2,hypocalcemia,N,safety_v3:RESOLVED
S0027,ARM2,edema,N,safety_v3:RESOLVED
S0027,ARM2,allergic_rhinitis_disorder,N,safety_v3:RESOLVED
S0030,ARM2,neuropathy_-_sensory,N,safety_v3:RESOLVED
S0030,ARM2,platelets,N,safety_v3:RESOLVED
S0030,ARM2,nausea,N,safety_v3:RESOLVED
S0030,ARM2,hemoglobin_normal_12_16_gm,N,safety_v3:RESOLVED
S0030,ARM2,muscle_weakness,N,safety_v3:RESOLVED
S0030,ARM2,catheter_related_infection,N,safety_v3:RESOLVED
S0030,ARM2,dyspnea,N,safety_v3:RESOLVED
S0030,ARM2,hypernatremia,N,safety_v3:RESOLVED
S0030,ARM2,coughing,N,safety_v3:RESOLVED
S0030,ARM2,hypertriglyceridemia,N,safety_v3:RESOLVED
S0030,ARM2,anxiety,N,safety_v3:RESOLVED
S0030,ARM2,neutropenia,N,safety_v3:RESOLVED
S0030,ARM2,neutrophil_count_decreased,N,safety_v3:RESOLVED
S0030,ARM2,decreased_platelet_count,N,safety_v3:RESOLVED
S0030,ARM2,thrombocytopenia,N,safety_v3:RESOLVED
S0030,ARM2,alanine_aminotransferase_increased,N,safety_v3:RESOLVED
S0030,ARM2,sweating,N,safety_v3:RESOLVED
S0030,ARM2,fever,N,safety_v3:RESOLVED
S0030,ARM2,edema,N,safety_v3:RESOLVED
S0030,ARM2,hypoalbuminemia,N,safety_v3:RESOLVED
S0030,ARM2,thrombosis/thrombus/embolism,Y,safety_v3:RESOLVED
S0032,ARM2,neuropathy_-_sensory,N,safety_v3:RESOLVED
S0032,ARM2,fatigue,N,safety_v3:RESOLVED
S0032,ARM2,platelets,N,safety_v3:RESOLVED
S0032,ARM2,alopecia,N,safety_v3:RESOLVED
S0032,ARM2,hemoglobin_normal_12_16_gm,N,safety_v3:RESOLVED
S0032,ARM2,arthralgia,N,safety_v3:RESOLVED
S0032,ARM2,vomiting,N,safety_v3:RESOLVED
S0032,ARM2,anorexia,N,safety_v3:RESOLVED
S0032,ARM2,muscle_weakness,N,safety_v3:RESOLVED
S0032,ARM2,neutrophil_count_decreased,N,safety_v3:RESOLVED
S0032,ARM2,thrombocytopenia,N,safety_v3:RESOLVED
S0032,ARM2,peripheral_motor_neuropathy,N,safety_v3:RESOLVED
S0032,ARM2,hypokalemia,N,safety_v3:RESOLVED
S0035,ARM2,neuropathy_-_sensory,N,safety_v3:RESOLVED
S0035,ARM2,fatigue,N,safety_v3:RESOLVED
S0035,ARM2,platelets,N,safety_v3:RESOLVED
S0035,ARM2,constipation,N,safety_v3:RESOLVED
S0035,ARM2,nausea,N,safety_v3:RESOLVED
S0035,ARM2,hemoglobin_normal_12_16_gm,N,safety_v3:RESOLVED
S0035,ARM2,headache,N,safety_v3:RESOLVED
S0035,ARM2,arthralgia,N,safety_v3:RESOLVED
S0035,ARM2,myalgia,N,safety_v3:RESOLVED
S0035,ARM2,vomiting,N,safety_v3:RESOLVED
S0035,ARM2,dizziness,N,safety_v3:RESOLVED
S0035,ARM2,muscle_weakness,N,safety_v3:RESOLVED
S0035,ARM2,depression_dominant,N,safety_v3:RESOLVED
S0035,ARM2,dyspnea,N,safety_v3:RESOLVED
S0035,ARM2,hypernatremia,N,safety_v3:RESOLVED
S0035,ARM2,hypertriglyceridemia,N,safety_v3:RESOLVED
S0035,ARM2,neutropenia,N,safety_v3:RESOLVED
S0035,ARM2,neutrophil_count_decreased,N,safety_v3:RESOLVED
S0035,ARM2,peripheral_motor_neuropathy,N,safety_v3:RESOLVED
S0035,ARM2,pain_other,N,safety_v3:RESOLVED
S0035,ARM2,neutrophils,Y,safety_v3:RESOLVED
S0035,ARM2,white_blood_cell_count_decreased,Y,safety_v3:RESOLVED
S0038,ARM2,neuropathy_-_sensory,N,safety_v3:RESOLVED
S0038,ARM2,fatigue,N,safety_v3:RESOLVED
S0038,ARM2,platelets,N,safety_v3:RESOLVED
S0038,ARM2,constipation,N,safety_v3:RESOLVED
S0038,ARM2,nausea,N,safety_v3:RESOLVED
S0038,ARM2,hemoglobin_normal_12_16_gm,N,safety_v3:RESOLVED
S0038,ARM2,myalgia,N,safety_v3:RESOLVED
S0038,ARM2,vomiting,N,safety_v3:RESOLVED
S0038,ARM2,dizziness,N,safety_v3:RESOLVED
S0038,ARM2,muscle_weakness,N,safety_v3:RESOLVED
S0038,ARM2,catheter_related_infection,N,safety_v3:RESOLVED
S0038,ARM2,dyspnea,N,safety_v3:RESOLVED
S0038,ARM2,anemia,N,safety_v3:RESOLVED
S0038,ARM2,coughing,N,safety_v3:RESOLVED
S0038,ARM2,hypertriglyceridemia,N,safety_v3:RESOLVED
S0038,ARM2,neutropenia,N,safety_v3:RESOLVED
S0038,ARM2,neutrophil_count_decreased,N,safety_v3:RESOLVED
S0038,ARM2,thrombocytopenia,N,safety_v3:RESOLVED
S0038,ARM2,sweating,N,safety_v3:RESOLVED
S0038,ARM2,peripheral_motor_neuropathy,N,safety_v3:RESOLVED
S0038,ARM2,hypocalcemia,N,safety_v3:RESOLVED
S0038,ARM2,hyperglycemia,N,safety_v3:RESOLVED
S0038,ARM2,gastrointestinal,N,safety_v3:RESOLVED
S0040,ARM2,neuropathy_-_sensory,N,safety_v3:RESOLVED
S0040,ARM2,fatigue,N,safety_v3:RESOLVED
S0040,ARM2,platelets,N,safety_v3:RESOLVED
S0040,ARM2,constipation,N,safety_v3:RESOLVED
S0040,ARM2,hemoglobin_normal_12_16_gm,N,safety_v3:RESOLVED
S0040,ARM2,arthralgia,N,safety_v3:RESOLVED
S0040,ARM2,vomiting,N,safety_v3:RESOLVED
S0040,ARM2,dizziness,N,safety_v3:RESOLVED
S0040,ARM2,muscle_weakness,N,safety_v3:RESOLVED
S0040,ARM2,sleeplessness,N,safety_v3:RESOLVED
S0040,ARM2,dyspnea,N,safety_v3:RESOLVED
S0040,ARM2,hypernatremia,N,safety_v3:RESOLVED
S0040,ARM2,neutropenia,N,safety_v3:RESOLVED
S0040,ARM2,neutrophil_count_decreased,N,safety_v3:RESOLVED
S0040,ARM2,peripheral_motor_neuropathy,N,safety_v3:RESOLVED
S0040,ARM2,dysgeusia,N,safety_v3:RESOLVED
S0040,ARM2,weight_loss,N,safety_v3:RESOLVED
S0040,ARM2,hypokalemia,N,safety_v3:RESOLVED
S0040,ARM2,rhinitis,N,safety_v3:RESOLVED
S0040,ARM2,hypokalemia,Y,safety_v3:RESOLVED
S0041,ARM2,neuropathy_-_sensory,N,safety_v3:RESOLVED
S0041,ARM2,fatigue,N,safety_v3:RESOLVED
S0041,ARM2,platelets,N,safety_v3:RESOLVED
S0041,ARM2,constipation,N,safety_v3:RESOLVED
S0041,ARM2,nausea,N,safety_v3:RESOLVED
S0041,ARM2,neuropathy-motor,N,safety_v3:RESOLVED
S0041,ARM2,alopecia,N,safety_v3:RESOLVED
S0041,ARM2,hemoglobin_normal_12_16_gm,N,safety_v3:RESOLVED
S0041,ARM2,neuropathy_-_motor,N,safety_v3:RESOLVED
S0041,ARM2,headache,N,safety_v3:RESOLVED
S0041,ARM2,arthralgia,N,safety_v3:RESOLVED
S0041,ARM2,muscle_weakness,N,safety_v3:RESOLVED
S0041,ARM2,dyspnea,N,safety_v3:RESOLVED
S0041,ARM2,hypernatremia,N,safety_v3:RESOLVED
S0041,ARM2,anemia,N,safety_v3:RESOLVED
S0041,ARM2,neutropenia,N,safety_v3:RESOLVED
S0041,ARM2,neutrophil_count_decreased,N,safety_v3:RESOLVED
S0041,ARM2,thrombocytopenia,N,safety_v3:RESOLVED
S0041,ARM2,alanine_aminotransferase_increased,N,safety_v3:RESOLVED
S0041,ARM2,sweating,N,safety_v3:RESOLVED
S0041,ARM2,gastrointestinal,N,safety_v3:RESOLVED
S0042,ARM2,neuropathy_-_sensory,N,safety_v3:RESOLVED
S0042,ARM2,platelets,N,safety_v3:RESOLVED
S0042,ARM2,constipation,N,safety_v3:RESOLVED
S0042,ARM2,nausea,N,safety_v3:RESOLVED
S0042,ARM2,hemoglobin_normal_12_16_gm,N,safety_v3:RESOLVED
S0042,ARM2,headache,N,safety_v3:RESOLVED
S0042,ARM2,muscle_weakness,N,safety_v3:RESOLVED
S0042,ARM2,dyspnea,N,safety_v3:RESOLVED
S0042,ARM2,coughing,N,safety_v3:RESOLVED
S0042,ARM2,hypertriglyceridemia,N,safety_v3:RESOLVED
S0042,ARM2,anxiety,N,safety_v3:RESOLVED
S0042,ARM2,neutrophil_count_decreased,N,safety_v3:RESOLVED
S0042,ARM2,hypokalemia,N,safety_v3:RESOLVED
S0042,ARM2,gastrointestinal,N,safety_v3:RESOLVED
S0042,ARM2,hydrocephalus,Y,safety_v3:RESOLVED
S0046,ARM2,neuropathy_-_sensory,N,safety_v3:RESOLVED
S0046,ARM2,platelets,N,safety_v3:RESOLVED
S0046,ARM2,constipation,N,safety_v3:RESOLVED
S0046,ARM2,nausea,N,safety_v3:RESOLVED
S0046,ARM2,alopecia,N,safety_v3:RESOLVED
S0046,ARM2,arthralgia,N,safety_v3:RESOLVED
S0046,ARM2,myalgia,N,safety_v3:RESOLVED
S0046,ARM2,vomiting,N,safety_v3:RESOLVED
S0046,ARM2,dizziness,N,safety_v3:RESOLVED
S0046,ARM2,muscle_weakness,N,safety_v3:RESOLVED
S0046,ARM2,catheter_related_infection,N,safety_v3:RESOLVED
S0046,ARM2,hypernatremia,N,safety_v3:RESOLVED
S0046,ARM2,hypertriglyceridemia,N,safety_v3:RESOLVED
S0046,ARM2,neutropenia,N,safety_v3:RESOLVED
S0046,ARM2,neutrophil_count_decreased,N,safety_v3:RESOLVED
S0046,ARM2,hyperkalemia,N,safety_v3:RESOLVED
S0046,ARM2,sweating,N,safety_v3:RESOLVED
S0046,ARM2,dry_skin,N,safety_v3:RESOLVED
S0046,ARM2,platelets,Y,safety_v3:RESOLVED
S0048,ARM2,neuropathy_-_sensory,N,safety_v3:RESOLVED
S0048,ARM2,fatigue,N,safety_v3:RESOLVED
S0048,ARM2,platelets,N,safety_v3:RESOLVED
S0048,ARM2,nausea,N,safety_v3:RESOLVED
S0048,ARM2,alopecia,N,safety_v3:RESOLVED
S0048,ARM2,hemoglobin_normal_12_16_gm,N,safety_v3:RESOLVED
S0048,ARM2,arthralgia,N,safety_v3:RESOLVED
S0048,ARM2,vomiting,N,safety_v3:RESOLVED
S0048,ARM2,muscle_weakness,N,safety_v3:RESOLVED
S0048,ARM2,catheter_related_infection,N,safety_v3:RESOLVED
S0048,ARM2,dyspnea,N,safety_v3:RESOLVED
S0048,ARM2,hypernatremia,N,safety_v3:RESOLVED
S0048,ARM2,anxiety,N,safety_v3:RESOLVED
S0048,ARM2,neutropenia,N,safety_v3:RESOLVED
S0048,ARM2,neutrophil_count_decreased,N,safety_v3:RESOLVED
S0048,ARM2,thrombocytopenia,N,safety_v3:RESOLVED
S0048,ARM2,sweating,N,safety_v3:RESOLVED
S0048,ARM2,fever,N,safety_v3:RESOLVED
S0048,ARM2,gastrointestinal,N,safety_v3:RESOLVED
S0050,ARM2,neuropathy_-_sensory,N,safety_v3:RESOLVED
S0050,ARM2,platelets,N,safety_v3:RESOLVED
S0050,ARM2,nausea,N,safety_v3:RESOLVED
S0050,ARM2,alopecia,N,safety_v3:RESOLVED
S0050,ARM2,hemoglobin_normal_12_16_gm,N,safety_v3:RESOLVED
S0050,ARM2,myalgia,N,safety_v3:RESOLVED
S0050,ARM2,vomiting,N,safety_v3:RESOLVED
S0050,ARM2,dizziness,N,safety_v3:RESOLVED
S0050,ARM2,muscle_weakness,N,safety_v3:RESOLVED
S0050,ARM2,catheter_related_infection,N,safety_v3:RESOLVED
S0050,ARM2,dyspnea,N,safety_v3:RESOLVED
S0050,ARM2,hypernatremia,N,safety_v3:RESOLVED
S0050,ARM2,anemia,N,safety_v3:RESOLVED
S0050,ARM2,anxiety,N,safety_v3:RESOLVED
S0050,ARM2,neutropenia,N,safety_v3:RESOLVED
S0050,ARM2,decreased_platelet_count,N,safety_v3:RESOLVED
S0050,ARM2,thrombocytopenia,N,safety_v3:RESOLVED
S0050,ARM2,fever,N,safety_v3:RESOLVED
S0050,ARM2,hypokalemia,N,safety_v3:RESOLVED
S0050,ARM2,neutrophils,N,safety_v3:RESOLVED
S0050,ARM2,dry_skin,N,safety_v3:RESOLVED
S0051,ARM2,neuropathy_-_sensory,N,safety_v3:RESOLVED
S0051,ARM2,fatigue,N,safety_v3:RESOLVED
S0051,ARM2,platelets,N,safety_v3:RESOLVED
S0051,ARM2,constipation,N,safety_v3:RESOLVED
S0051,ARM2,nausea,N,safety_v3:RESOLVED
S0051,ARM2,neuropathy-motor,N,safety_v3:RESOLVED
S0051,ARM2,hemoglobin_normal_12_16_gm,N,safety_v3:RESOLVED
S0051,ARM2,arthralgia,N,safety_v3:RESOLVED
S0051,ARM2,myalgia,N,safety_v3:RESOLVED
S0051,ARM2,vomiting,N,safety_v3:RESOLVED
S0051,ARM2,muscle_weakness,N,safety_v3:RESOLVED
S0051,ARM2,catheter_related_infection,N,safety_v3:RESOLVED
S0051,ARM2,dyspnea,N,safety_v3:RESOLVED
S0051,ARM2,hypernatremia,N,safety_v3:RESOLVED
S0051,ARM2,neutropenia,N,safety_v3:RESOLVED
S0051,ARM2,neutrophil_count_decreased,N,safety_v3:RESOLVED
S0051,ARM2,hypophosphatemia,N,safety_v3:RESOLVED
S0051,ARM2,fever,N,safety_v3:RESOLVED
S0051,ARM2,stomatitis,N,safety_v3:RESOLVED
S0051,ARM2,rhinitis,N,safety_v3:RESOLVED
S0051,ARM2,upper_respiratory_infections,N,safety_v3:RESOLVED
S0052,ARM2,neuropathy_-_sensory,N,safety_v3:RESOLVED
S0052,ARM2,fatigue,N,safety_v3:RESOLVED
S0052,ARM2,platelets,N,safety_v3:RESOLVED
S0052,ARM2,constipation,N,safety_v3:RESOLVED
S0052,ARM2,nausea,N,safety_v3:RESOLVED
S0052,ARM2,neuropathy-motor,N,safety_v3:RESOLVED
S0052,ARM2,headache,N,safety_v3:RESOLVED
S0052,ARM2,myalgia,N,safety_v3:RESOLVED
S0052,ARM2,vomiting,N,safety_v3:RESOLVED
S0052,ARM2,anorexia,N,safety_v3:RESOLVED
S0052,ARM2,dizziness,N,safety_v3:RESOLVED
S0052,ARM2,muscle_weakness,N,safety_v3:RESOLVED
S0052,ARM2,dyspnea,N,safety_v3:RESOLVED
S0052,ARM2,hypernatremia,N,safety_v3:RESOLVED
S0052,ARM2,anemia,N,safety_v3:RESOLVED
S0052,ARM2,hypertriglyceridemia,N,safety_v3:RESOLVED
S0052,ARM2,neutropenia,N,safety_v3:RESOLVED
S0052,ARM2,neutrophil_count_decreased,N,safety_v3:RESOLVED
S0052,ARM2,decreased_platelet_count,N,safety_v3:RESOLVED
S0052,ARM2,upper_respiratory_infections,N,safety_v3:RESOLVED
S0054,ARM2,neuropathy_-_sensory,N,safety_v3:RESOLVED
S0054,ARM2,fatigue,N,safety_v3:RESOLVED
S0054,ARM2,platelets,N,safety_v3:RESOLVED
S0054,ARM2,constipation,N,safety_v3:RESOLVED
S0054,ARM2,nausea,N,safety_v3:RESOLVED
S0054,ARM2,hemoglobin_normal_12_16_gm,N,safety_v3:RESOLVED
S0054,ARM2,arthralgia,N,safety_v3:RESOLVED
S0054,ARM2,dizziness,N,safety_v3:RESOLVED
S0054,ARM2,muscle_weakness,N,safety_v3:RESOLVED
S0054,ARM2,dyspnea,N,safety_v3:RESOLVED
S0054,ARM2,neutropenia,N,safety_v3:RESOLVED
S0054,ARM2,neutrophil_count_decreased,N,safety_v3:RESOLVED
S0054,ARM2,thrombocytopenia,N,safety_v3:RESOLVED
S0054,ARM2,allergic_rhinitis_disorder,N,safety_v3:RESOLVED
S0054,ARM2,upper_respiratory_infections,N,safety_v3:RESOLVED
S0054,ARM2,hyperuricemia,N,safety_v3:RESOLVED
S0054,ARM2,platelets,Y,safety_v3:RESOLVED
S0055,ARM2,neuropathy_-_sensory,N,safety_v3:RESOLVED
S0055,ARM2,platelets,N,safety_v3:RESOLVED
S0055,ARM2,nausea,N,safety_v3:RESOLVED
S0055,ARM2,neuropathy-motor,N,safety_v3:RESOLVED
S0055,ARM2,hemoglobin_normal_12_16_gm,N,safety_v3:RESOLVED
S0055,ARM2,myalgia,N,safety_v3:RESOLVED
S0055,ARM2,vomiting,N,safety_v3:RESOLVED
S0055,ARM2,anorexia,N,safety_v3:RESOLVED
S0055,ARM2,muscle_weakness,N,safety_v3:RESOLVED
S0055,ARM2,dyspnea,N,safety_v3:RESOLVED
S0055,ARM2,hypertriglyceridemia,N,safety_v3:RESOLVED
S0055,ARM2,neutropenia,N,safety_v3:RESOLVED
S0055,ARM2,neutrophil_count_decreased,N,safety_v3:RESOLVED
S0055,ARM2,hypocalcemia,N,safety_v3:RESOLVED
S0055,ARM2,gastrointestinal,N,safety_v3:RESOLVED
S0055,ARM2,platelets,Y,safety_v3:RESOLVED
S0057,ARM2,neuropathy_-_sensory,N,safety_v3:RESOLVED
S0057,ARM2,fatigue,N,safety_v3:RESOLVED
S0057,ARM2,platelets,N,safety_v3:RESOLVED
S0057,ARM2,nausea,N,safety_v3:RESOLVED
S0057,ARM2,hemoglobin_normal_12_16_gm,N,safety_v3:RESOLVED
S0057,ARM2,arthralgia,N,safety_v3:RESOLVED
S0057,ARM2,vomiting,N,safety_v3:RESOLVED
S0057,ARM2,dizziness,N,safety_v3:RESOLVED
S0057,ARM2,muscle_weakness,N,safety_v3:RESOLVED
S0057,ARM2,catheter_related_infection,N,safety_v3:RESOLVED
S0057,ARM2,coughing,N,safety_v3:RESOLVED
S0057,ARM2,anxiety,N,safety_v3:RESOLVED
S0057,ARM2,neutrophil_count_decreased,N,safety_v3:RESOLVED
S0057,ARM2,hypophosphatemia,N,safety_v3:RESOLVED
S0057,ARM2,sweating,N,safety_v3:RESOLVED
S0057,ARM2,peripheral_motor_neuropathy,N,safety_v3:RESOLVED
S0057,ARM2,fever,N,safety_v3:RESOLVED
S0057,ARM2,gastrointestinal,N,safety_v3:RESOLVED
S0057,ARM2,neutrophils,N,safety_v3:RESOLVED
S0057,ARM2,platelets,Y,safety_v3:RESOLVED
S0060,ARM2,neuropathy_-_sensory,N,safety_v3:RESOLVED
S0060,ARM2,fatigue,N,safety_v3:RESOLVED
S0060,ARM2,platelets,N,safety_v3:RESOLVED
S0060,ARM2,nausea,N,safety_v3:RESOLVED
S0060,ARM2,neuropathy-motor,N,safety_v3:RESOLVED
S0060,ARM2,hemoglobin_normal_12_16_gm,N,safety_v3:RESOLVED
S0060,ARM2,headache,N,safety_v3:RESOLVED
S0060,ARM2,arthralgia,N,safety_v3:RESOLVED
S0060,ARM2,myalgia,N,safety_v3:RESOLVED
S0060,ARM2,vomiting,N,safety_v3:RESOLVED
S0060,ARM2,muscle_weakness,N,safety_v3:RESOLVED
S0060,ARM2,depression_dominant,N,safety_v3:RESOLVED
S0060,ARM2,dyspnea,N,safety_v3:RESOLVED
S0060,ARM2,anemia,N,safety_v3:RESOLVED
S0060,ARM2,neutropenia,N,safety_v3:RESOLVED
S0060,ARM2,neutrophil_count_decreased,N,safety_v3:RESOLVED
S0060,ARM2,thrombocytopenia,N,safety_v3:RESOLVED
S0060,ARM2,sweating,N,safety_v3:RESOLVED
S0060,ARM2,gastrointestinal,N,safety_v3:RESOLVED
S0063,ARM2,neuropathy_-_sensory,N,safety_v3:RESOLVED
S0063,ARM2,fatigue,N,safety_v3:RESOLVED
S0063,ARM2,platelets,N,safety_v3:RESOLVED
S0063,ARM2,seizures,N,safety_v3:RESOLVED
S0063,ARM2,nausea,N,safety_v3:RESOLVED
S0063,ARM2,neuropathy_-_motor,N,safety_v3:RESOLVED
S0063,ARM2,vomiting,N,safety_v3:RESOLVED
S0063,ARM2,muscle_weakness,N,safety_v3:RESOLVED
S0063,ARM2,dyspnea,N,safety_v3:RESOLVED
S0063,ARM2,hypernatremia,N,safety_v3:RESOLVED
S0063,ARM2,anemia,N,safety_v3:RESOLVED
S0063,ARM2,coughing,N,safety_v3:RESOLVED
S0063,ARM2,hypertriglyceridemia,N,safety_v3:RESOLVED
S0063,ARM2,neutrophil_count_decreased,N,safety_v3:RESOLVED
S0063,ARM2,thrombocytopenia,N,safety_v3:RESOLVED
S0063,ARM2,gastrointestinal,N,safety_v3:RESOLVED
S0063,ARM2,edema,N,safety_v3:RESOLVED
S0067,ARM2,neuropathy_-_sensory,N,safety_v3:RESOLVED
S0067,ARM2,platelets,N,safety_v3:RESOLVED
S0067,ARM2,constipation,N,safety_v3:RESOLVED
S0067,ARM2,nausea,N,safety_v3:RESOLVED
S0067,ARM2,hemoglobin_normal_12_16_gm,N,safety_v3:RESOLVED
S0067,ARM2,myalgia,N,safety_v3:RESOLVED
S0067,ARM2,vomiting,N,safety_v3:RESOLVED
S0067,ARM2,dizziness,N,safety_v3:RESOLVED
S0067,ARM2,muscle_weakness,N,safety_v3:RESOLVED
S0067,ARM2,hypernatremia,N,safety_v3:RESOLVED
S0067,ARM2,anemia,N,safety_v3:RESOLVED
S0067,ARM2,hypertriglyceridemia,N,safety_v3:RESOLVED
S0067,ARM2,anxiety,N,safety_v3:RESOLVED
S0067,ARM2,neutropenia,N,safety_v3:RESOLVED
S0067,ARM2,neutrophil_count_decreased,N,safety_v3:RESOLVED
S0067,ARM2,thrombocytopenia,N,safety_v3:RESOLVED
S0067,ARM2,hyponatremia,N,safety_v3:RESOLVED
S0067,ARM2,gastrointestinal,N,safety_v3:RESOLVED
S0067,ARM2,allergic_rhinitis_disorder,N,safety_v3:RESOLVED
S0067,ARM2,thrombosis,Y,safety_v3:RESOLVED
S0068,ARM2,neuropathy_-_sensory,N,safety_v3:RESOLVED
S0068,ARM2,fatigue,N,safety_v3:RESOLVED
S0068,ARM2,platelets,N,safety_v3:RESOLVED
S0068,ARM2,nausea,N,safety_v3:RESOLVED
S0068,ARM2,hemoglobin_normal_12_16_gm,N,safety_v3:RESOLVED
S0068,ARM2,neuropathy_-_motor,N,safety_v3:RESOLVED
S0068,ARM2,myalgia,N,safety_v3:RESOLVED
S0068,ARM2,vomiting,N,safety_v3:RESOLVED
S0068,ARM2,anorexia,N,safety_v3:RESOLVED
S0068,ARM2,catheter_related_infection,N,safety_v3:RESOLVED
S0068,ARM2,sleeplessness,N,safety_v3:RESOLVED
S0068,ARM2,depression_dominant,N,safety_v3:RESOLVED
S0068,ARM2,anxiety,N,safety_v3:RESOLVED
S0068,ARM2,neutropenia,N,safety_v3:RESOLVED
S0068,ARM2,neutrophil_count_decreased,N,safety_v3:RESOLVED
S0069,ARM2,neuropathy_-_sensory,N,safety_v3:RESOLVED
S0069,ARM2,fatigue,N,safety_v3:RESOLVED
S0069,ARM2,platelets,N,safety_v3:RESOLVED
S0069,ARM2,nausea,N,safety_v3:RESOLVED
S0069,ARM2,alopecia,N,safety_v3:RESOLVED
S0069,ARM2,hemoglobin_normal_12_16_gm,N,safety_v3:RESOLVED
S0069,ARM2,arthralgia,N,safety_v3:RESOLVED
S0069,ARM2,myalgia,N,safety_v3:RESOLVED
S0069,ARM2,muscle_weakness,N,safety_v3:RESOLVED
S0069,ARM2,dyspnea,N,safety_v3:RESOLVED
S0069,ARM2,hypernatremia,N,safety_v3:RESOLVED
S0069,ARM2,neutropenia,N,safety_v3:RESOLVED
S0069,ARM2,hyperkalemia,N,safety_v3:RESOLVED
S0069,ARM2,alanine_aminotransferase_increased,N,safety_v3:RESOLVED
S0069,ARM2,sweating,N,safety_v3:RESOLVED
S0069,ARM2,hypocalcemia,N,safety_v3:RESOLVED
S0069,ARM2,stomatitis,N,safety_v3:RESOLVED
S0069,ARM2,upper_respiratory_infections,N,safety_v3:RESOLVED
S0070,ARM2,neuropathy_-_sensory,N,safety_v3:RESOLVED
S0070,ARM2,fatigue,N,safety_v3:RESOLVED
S0070,ARM2,platelets,N,safety_v3:RESOLVED
S0070,ARM2,nausea,N,safety_v3:RESOLVED
S0070,ARM2,alopecia,N,safety_v3:RESOLVED
S0070,ARM2,hemoglobin_normal_12_16_gm,N,safety_v3:RESOLVED
S0070,ARM2,myalgia,N,safety_v3:RESOLVED
S0070,ARM2,vomiting,N,safety_v3:RESOLVED
S0070,ARM2,muscle_weakness,N,safety_v3:RESOLVED
S0070,ARM2,catheter_related_infection,N,safety_v3:RESOLVED
S0070,ARM2,dyspnea,N,safety_v3:RESOLVED
S0070,ARM2,hypernatremia,N,safety_v3:RESOLVED
S0070,ARM2,anxiety,N,safety_v3:RESOLVED
S0070,ARM2,neutropenia,N,safety_v3:RESOLVED
S0070,ARM2,neutrophil_count_decreased,N,safety_v3:RESOLVED
S0070,ARM2,upper_respiratory_infections,N,safety_v3:RESOLVED
S0070,ARM2,hydrocephalus,Y,safety_v3:RESOLVED
S0072,ARM2,neuropathy_-_sensory,N,safety_v3:RESOLVED
S0072,ARM2,fatigue,N,safety_v3:RESOLVED
S0072,ARM2,platelets,N,safety_v3:RESOLVED
S0072,ARM2,nausea,N,safety_v3:RESOLVED
S0072,ARM2,hemoglobin_normal_12_16_gm,N,safety_v3:RESOLVED
S0072,ARM2,myalgia,N,safety_v3:RESOLVED
S0072,ARM2,muscle_weakness,N,safety_v3:RESOLVED
S0072,ARM2,catheter_related_infection,N,safety_v3:RESOLVED
S0072,ARM2,hypernatremia,N,safety_v3:RESOLVED
S0072,ARM2,anemia,N,safety_v3:RESOLVED
S0072,ARM2,neutropenia,N,safety_v3:RESOLVED
S0072,ARM2,neutrophil_count_decreased,N,safety_v3:RESOLVED
S0072,ARM2,alanine_aminotransferase_increased,N,safety_v3:RESOLVED
S0072,ARM2,allergic_rhinitis_disorder,N,safety_v3:RESOLVED
S0073,ARM2,neuropathy_-_sensory,N,safety_v3:RESOLVED
S0073,ARM2,platelets,N,safety_v3:RESOLVED
S0073,ARM2,hemoglobin_normal_12_16_gm,N,safety_v3:RESOLVED
S0073,ARM2,headache,N,safety_v3:RESOLVED
S0073,ARM2,myalgia,N,safety_v3:RESOLVED
S0073,ARM2,vomiting,N,safety_v3:RESOLVED
S0073,ARM2,anorexia,N,safety_v3:RESOLVED
S0073,ARM2,muscle_weakness,N,safety_v3:RESOLVED
S0073,ARM2,depression_dominant,N,safety_v3:RESOLVED
S0073,ARM2,dyspnea,N,safety_v3:RESOLVED
S0073,ARM2,hypernatremia,N,safety_v3:RESOLVED
S0073,ARM2,anemia,N,safety_v3:RESOLVED
S0073,ARM2,coughing,N,safety_v3:RESOLVED
S0073,ARM2,thrombocytopenia,N,safety_v3:RESOLVED
S0073,ARM2,hypophosphatemia,N,safety_v3:RESOLVED
S0073,ARM2,peripheral_motor_neuropathy,N,safety_v3:RESOLVED
S0073,ARM2,fever,N,safety_v3:RESOLVED
S0073,ARM2,gastrointestinal,N,safety_v3:RESOLVED
S0073,ARM2,blurred_vision,N,safety_v3:RESOLVED
S0076,ARM2,neuropathy_-_sensory,N,safety_v3:RESOLVED
S0076,ARM2,fatigue,N,safety_v3:RESOLVED
S0076,ARM2,platelets,N,safety_v3:RESOLVED
S0076,ARM2,nausea,N,safety_v3:RESOLVED
S0076,ARM2,neuropathy-motor,N,safety_v3:RESOLVED
S0076,ARM2,hemoglobin_normal_12_16_gm,N,safety_v3:RESOLVED
S0076,ARM2,headache,N,safety_v3:RESOLVED
S0076,ARM2,myalgia,N,safety_v3:RESOLVED
S0076,ARM2,dizziness,N,safety_v3:RESOLVED
S0076,ARM2,muscle_weakness,N,safety_v3:RESOLVED
S0076,ARM2,sleeplessness,N,safety_v3:RESOLVED
S0076,ARM2,dyspnea,N,safety_v3:RESOLVED
S0076,ARM2,anemia,N,safety_v3:RESOLVED
S0076,ARM2,anxiety,N,safety_v3:RESOLVED
S0076,ARM2,neutropenia,N,safety_v3:RESOLVED
S0076,ARM2,neutrophil_count_decreased,N,safety_v3:RESOLVED
S0076,ARM2,thrombosis/thrombus/embolism,Y,safety_v3:RESOLVED
S0078,ARM2,neuropathy_-_sensory,N,safety_v3:RESOLVED
S0078,ARM2,fatigue,N,safety_v3:RESOLVED
S0078,ARM2,platelets,N,safety_v3:RESOLVED
S0078,ARM2,constipation,N,safety_v3:RESOLVED
S0078,ARM2,nausea,N,safety_v3:RESOLVED
S0078,ARM2,hemoglobin_normal_12_16_gm,N,safety_v3:RESOLVED
S0078,ARM2,headache,N,safety_v3:RESOLVED
S0078,ARM2,arthralgia,N,safety_v3:RESOLVED
S0078,ARM2,vomiting,N,safety_v3:RESOLVED
S0078,ARM2,anorexia,N,safety_v3:RESOLVED
S0078,ARM2,muscle_weakness,N,safety_v3:RESOLVED
S0078,ARM2,dyspnea,N,safety_v3:RESOLVED
S0078,ARM2,neutropenia,N,safety_v3:RESOLVED
S0078,ARM2,neutrophil_count_decreased,N,safety_v3:RESOLVED
S0078,ARM2,hyperkalemia,N,safety_v3:RESOLVED
S0078,ARM2,hypocalcemia,N,safety_v3:RESOLVED
S0078,ARM2,hypokalemia,N,safety_v3:RESOLVED
S0078,ARM2,dry_skin,N,safety_v3:RESOLVED
S0081,ARM2,neuropathy_-_sensory,N,safety_v3:RESOLVED
S0081,ARM2,fatigue,N,safety_v3:RESOLVED
S0081,ARM2,platelets,N,safety_v3:RESOLVED
S0081,ARM2,constipation,N,safety_v3:RESOLVED
S0081,ARM2,alopecia,N,safety_v3:RESOLVED
S0081,ARM2,hemoglobin_normal_12_16_gm,N,safety_v3:RESOLVED
S0081,ARM2,vomiting,N,safety_v3:RESOLVED
S0081,ARM2,muscle_weakness,N,safety_v3:RESOLVED
S0081,ARM2,catheter_related_infection,N,safety_v3:RESOLVED
S0081,ARM2,dyspnea,N,safety_v3:RESOLVED
S0081,ARM2,hypernatremia,N,safety_v3:RESOLVED
S0081,ARM2,coughing,N,safety_v3:RESOLVED
S0081,ARM2,hypertriglyceridemia,N,safety_v3:RESOLVED
S0081,ARM2,hyperkalemia,N,safety_v3:RESOLVED
S0081,ARM2,hypocalcemia,N,safety_v3:RESOLVED
S0081,ARM2,upper_respiratory_infections,N,safety_v3:RESOLVED
S0081,ARM2,thrombosis/thrombus/embolism,Y,safety_v3:RESOLVED
S0082,ARM2,neuropathy_-_sensory,N,safety_v3:RESOLVED
S0082,ARM2,fatigue,N,safety_v3:RESOLVED
S0082,ARM2,platelets,N,safety_v3:RESOLVED
S0082,ARM2,nausea,N,safety_v3:RESOLVED
S0082,ARM2,hemoglobin_normal_12_16_gm,N,safety_v3:RESOLVED
S0082,ARM2,arthralgia,N,safety_v3:RESOLVED
S0082,ARM2,vomiting,N,safety_v3:RESOLVED
S0082,ARM2,muscle_weakness,N,safety_v3:RESOLVED
S0082,ARM2,dyspnea,N,safety_v3:RESOLVED
S0082,ARM2,hypernatremia,N,safety_v3:RESOLVED
S0082,ARM2,anxiety,N,safety_v3:RESOLVED
S0082,ARM2,neutropenia,N,safety_v3:RESOLVED
S0082,ARM2,neutrophil_count_decreased,N,safety_v3:RESOLVED
S0082,ARM2,decreased_platelet_count,N,safety_v3:RESOLVED
S0082,ARM2,sweating,N,safety_v3:RESOLVED
S0082,ARM2,fever,N,safety_v3:RESOLVED
S0082,ARM2,rhinitis,N,safety_v3:RESOLVED
S0083,ARM2,neuropathy_-_sensory,N,safety_v3:RESOLVED
S0083,ARM2,fatigue,N,safety_v3:RESOLVED
S0083,ARM2,platelets,N,safety_v3:RESOLVED
S0083,ARM2,nausea,N,safety_v3:RESOLVED
S0083,ARM2,hemoglobin_normal_12_16_gm,N,safety_v3:RESOLVED
S0083,ARM2,arthralgia,N,safety_v3:RESOLVED
S0083,ARM2,vomiting,N,safety_v3:RESOLVED
S0083,ARM2,dizziness,N,safety_v3:RESOLVED
S0083,ARM2,muscle_weakness,N,safety_v3:RESOLVED
S0083,ARM2,dyspnea,N,safety_v3:RESOLVED
S0083,ARM2,hypercholesterolemia,N,safety_v3:RESOLVED
S0083,ARM2,hypertriglyceridemia,N,safety_v3:RESOLVED
S0083,ARM2,anxiety,N,safety_v3:RESOLVED
S0083,ARM2,decreased_platelet_count,N,safety_v3:RESOLVED
S0083,ARM2,hyponatremia,N,safety_v3:RESOLVED
S0083,ARM2,gastrointestinal,N,safety_v3:RESOLVED
S0084,ARM2,neuropathy_-_sensory,N,safety_v3:RESOLVED
S0084,ARM2,fatigue,N,safety_v3:RESOLVED
S0084,ARM2,platelets,N,safety_v3:RESOLVED
S0084,ARM2,nausea,N,safety_v3:RESOLVED
S0084,ARM2,hemoglobin_normal_12_16_gm,N,safety_v3:RESOLVED
S0084,ARM2,dizziness,N,safety_v3:RESOLVED
S0084,ARM2,muscle_weakness,N,safety_v3:RESOLVED
S0084,ARM2,catheter_related_infection,N,safety_v3:RESOLVED
S0084,ARM2,dyspnea,N,safety_v3:RESOLVED
S0084,ARM2,neutropenia,N,safety_v3:RESOLVED
S0084,ARM2,neutrophil_count_decreased,N,safety_v3:RESOLVED
S0084,ARM2,thrombocytopenia,N,safety_v3:RESOLVED
S0084,ARM2,hyperkalemia,N,safety_v3:RESOLVED
S0084,ARM2,sweating,N,safety_v3:RESOLVED
S0084,ARM2,platelets,Y,safety_v3:RESOLVED
S0087,ARM2,neuropathy_-_sensory,N,safety_v3:RESOLVED
S0087,ARM2,fatigue,N,safety_v3:RESOLVED
S0087,ARM2,platelets,N,safety_v3:RESOLVED
S0087,ARM2,nausea,N,safety_v3:RESOLVED
S0087,ARM2,hemoglobin_normal_12_16_gm,N,safety_v3:RESOLVED
S0087,ARM2,neuropathy_-_motor,N,safety_v3:RESOLVED
S0087,ARM2,arthralgia,N,safety_v3:RESOLVED
S0087,ARM2,vomiting,N,safety_v3:RESOLVED
S0087,ARM2,muscle_weakness,N,safety_v3:RESOLVED
S0087,ARM2,depression_dominant,N,safety_v3:RESOLVED
S0087,ARM2,dyspnea,N,safety_v3:RESOLVED
S0087,ARM2,neutropenia,N,safety_v3:RESOLVED
S0087,ARM2,neutrophil_count_decreased,N,safety_v3:RESOLVED
S0087,ARM2,thrombocytopenia,N,safety_v3:RESOLVED
S0087,ARM2,sweating,N,safety_v3:RESOLVED
S0087,ARM2,stomatitis,N,safety_v3:RESOLVED
S0087,ARM2,upper_respiratory_infections,N,safety_v3:RESOLVED
S0088,ARM2,neuropathy_-_sensory,N,safety_v3:RESOLVED
S0088,ARM2,fatigue,N,safety_v3:RESOLVED
S0088,ARM2,platelets,N,safety_v3:RESOLVED
S0088,ARM2,nausea,N,safety_v3:RESOLVED
S0088,ARM2,alopecia,N,safety_v3:RESOLVED
S0088,ARM2,hemoglobin_normal_12_16_gm,N,safety_v3:RESOLVED
S0088,ARM2,arthralgia,N,safety_v3:RESOLVED
S0088,ARM2,vomiting,N,safety_v3:RESOLVED
S0088,ARM2,dizziness,N,safety_v3:RESOLVED
S0088,ARM2,muscle_weakness,N,safety_v3:RESOLVED
S0088,ARM2,catheter_related_infection,N,safety_v3:RESOLVED
S0088,ARM2,hypernatremia,N,safety_v3:RESOLVED
S0088,ARM2,anemia,N,safety_v3:RESOLVED
S0088,ARM2,hypertriglyceridemia,N,safety_v3:RESOLVED
S0088,ARM2,neutropenia,N,safety_v3:RESOLVED
S0088,ARM2,sweating,N,safety_v3:RESOLVED
S0088,ARM2,gastrointestinal,N,safety_v3:RESOLVED
S0089,ARM2,neuropathy_-_sensory,N,safety_v3:RESOLVED
S0089,ARM2,fatigue,N,safety_v3:RESOLVED
S0089,ARM2,platelets,N,safety_v3:RESOLVED
S0089,ARM2,constipation,N,safety_v3:RESOLVED
S0089,ARM2,neuropathy-motor,N,safety_v3:RESOLVED
S0089,ARM2,alopecia,N,safety_v3:RESOLVED
S0089,ARM2,hemoglobin_normal_12_16_gm,N,safety_v3:RESOLVED
S0089,ARM2,arthralgia,N,safety_v3:RESOLVED
S0089,ARM2,myalgia,N,safety_v3:RESOLVED
S0089,ARM2,vomiting,N,safety_v3:RESOLVED
S0089,ARM2,anorexia,N,safety_v3:RESOLVED
S0089,ARM2,muscle_weakness,N,safety_v3:RESOLVED
S0089,ARM2,hypernatremia,N,safety_v3:RESOLVED
S0089,ARM2,neutropenia,N,safety_v3:RESOLVED
S0089,ARM2,neutrophil_count_decreased,N,safety_v3:RESOLVED
S0089,ARM2,thrombocytopenia,N,safety_v3:RESOLVED
S0089,ARM2,sweating,N,safety_v3:RESOLVED
S0089,ARM2,peripheral_motor_neuropathy,N,safety_v3:RESOLVED
S0089,ARM2,hypoalbuminemia,N,safety_v3:RESOLVED
S0089,ARM2,neutrophils,N,safety_v3:RESOLVED
S0091,ARM2,neuropathy_-_sensory,N,safety_v3:RESOLVED
S0091,ARM2,fatigue,N,safety_v3:RESOLVED
S0091,ARM2,platelets,N,safety_v3:RESOLVED
S0091,ARM2,nausea,N,safety_v3:RESOLVED
S0091,ARM2,hemoglobin_normal_12_16_gm,N,safety_v3:RESOLVED
S0091,ARM2,arthralgia,N,safety_v3:RESOLVED
S0091,ARM2,anorexia,N,safety_v3:RESOLVED
S0091,ARM2,muscle_weakness,N,safety_v3:RESOLVED
S0091,ARM2,coughing,N,safety_v3:RESOLVED
S0091,ARM2,hypertriglyceridemia,N,safety_v3:RESOLVED
S0091,ARM2,neutropenia,N,safety_v3:RESOLVED
S0091,ARM2,neutrophil_count_decreased,N,safety_v3:RESOLVED
S0091,ARM2,hyperkalemia,N,safety_v3:RESOLVED
S0091,ARM2,gastrointestinal,N,safety_v3:RESOLVED
S0091,ARM2,upper_respiratory_infections,N,safety_v3:RESOLVED
S0095,ARM2,neuropathy_-_sensory,N,safety_v3:RESOLVED
S0095,ARM2,fatigue,N,safety_v3:RESOLVED
S0095,ARM2,platelets,N,safety_v3:RESOLVED
S0095,ARM2,nausea,N,safety_v3:RESOLVED
S0095,ARM2,alopecia,N,safety_v3:RESOLVED
S0095,ARM2,hemoglobin_normal_12_16_gm,N,safety_v3:RESOLVED
S0095,ARM2,myalgia,N,safety_v3:RESOLVED
S0095,ARM2,dizziness,N,safety_v3:RESOLVED
S0095,ARM2,muscle_weakness,N,safety_v3:RESOLVED
S0095,ARM2,catheter_related_infection,N,safety_v3:RESOLVED
S0095,ARM2,dyspnea,N,safety_v3:RESOLVED
S0095,ARM2,neutropenia,N,safety_v3:RESOLVED
S0095,ARM2,neutrophil_count_decreased,N,safety_v3:RESOLVED
S0095,ARM2,decreased_platelet_count,N,safety_v3:RESOLVED
S0095,ARM2,rhinitis,N,safety_v3:RESOLVED
S0097,ARM2,neuropathy_-_sensory,N,safety_v3:RESOLVED
S0097,ARM2,fatigue,N,safety_v3:RESOLVED
S0097,ARM2,platelets,N,safety_v3:RESOLVED
S0097,ARM2,nausea,N,safety_v3:RESOLVED
S0097,ARM2,alopecia,N,safety_v3:RESOLVED
S0097,ARM2,hemoglobin_normal_12_16_gm,N,safety_v3:RESOLVED
S0097,ARM2,arthralgia,N,safety_v3:RESOLVED
S0097,ARM2,vomiting,N,safety_v3:RESOLVED
S0097,ARM2,muscle_weakness,N,safety_v3:RESOLVED
S0097,ARM2,dyspnea,N,safety_v3:RESOLVED
S0097,ARM2,hypernatremia,N,safety_v3:RESOLVED
S0097,ARM2,coughing,N,safety_v3:RESOLVED
S0097,ARM2,hypertriglyceridemia,N,safety_v3:RESOLVED
S0097,ARM2,thrombocytopenia,N,safety_v3:RESOLVED
S0097,ARM2,hyperkalemia,N,safety_v3:RESOLVED
S0097,ARM2,hyponatremia,N,safety_v3:RESOLVED
S0097,ARM2,hypokalemia,N,safety_v3:RESOLVED
S0097,ARM2,gastrointestinal,N,safety_v3:RESOLVED
S0097,ARM2,allergic_rhinitis_disorder,N,safety_v3:RESOLVED
S0097,ARM2,thrombosis/thrombus/embolism,Y,safety_v3:RESOLVED
S0099,ARM2,neuropathy_-_sensory,N,safety_v3:RESOLVED
S0099,ARM2,fatigue,N,safety_v3:RESOLVED
S0099,ARM2,platelets,N,safety_v3:RESOLVED
S0099,ARM2,nausea,N,safety_v3:RESOLVED
S0099,ARM2,neuropathy-motor,N,safety_v3:RESOLVED
S0099,ARM2,hemoglobin_normal_12_16_gm,N,safety_v3:RESOLVED
S0099,ARM2,neuropathy_-_motor,N,safety_v3:RESOLVED
S0099,ARM2,vomiting,N,safety_v3:RESOLVED
S0099,ARM2,dizziness,N,safety_v3:RESOLVED
S0099,ARM2,muscle_weakness,N,safety_v3:RESOLVED
S0099,ARM2,hypernatremia,N,safety_v3:RESOLVED
S0099,ARM2,neutropenia,N,safety_v3:RESOLVED
S0099,ARM2,thrombocytopenia,N,safety_v3:RESOLVED
S0099,ARM2,alanine_aminotransferase_increased,N,safety_v3:RESOLVED
S0099,ARM2,sweating,N,safety_v3:RESOLVED
S0099,ARM2,dysgeusia,N,safety_v3:RESOLVED
S0099,ARM2,hypocalcemia,N,safety_v3:RESOLVED
S0099,ARM2,hypokalemia,N,safety_v3:RESOLVED
S0099,ARM2,gastrointestinal,N,safety_v3:RESOLVED
S0099,ARM2,platelets,Y,safety_v3:RESOLVED
S0099,ARM2,fever,Y,safety_v3:RESOLVED
S0104,ARM2,neuropathy_-_sensory,N,safety_v3:RESOLVED
S0104,ARM2,fatigue,N,safety_v3:RESOLVED
S0104,ARM2,platelets,N,safety_v3:RESOLVED
S0104,ARM2,seizures,N,safety_v3:RESOLVED
S0104,ARM2,nausea,N,safety_v3:RESOLVED
S0104,ARM2,hemoglobin_normal_12_16_gm,N,safety_v3:RESOLVED
S0104,ARM2,arthralgia,N,safety_v3:RESOLVED
S0104,ARM2,vomiting,N,safety_v3:RESOLVED
S0104,ARM2,anorexia,N,safety_v3:RESOLVED
S0104,ARM2,dizziness,N,safety_v3:RESOLVED
S0104,ARM2,muscle_weakness,N,safety_v3:RESOLVED
S0104,ARM2,sleeplessness,N,safety_v3:RESOLVED
S0104,ARM2,hypernatremia,N,safety_v3:RESOLVED
S0104,ARM2,neutropenia,N,safety_v3:RESOLVED
S0104,ARM2,thrombocytopenia,N,safety_v3:RESOLVED
S0104,ARM2,hypocalcemia,N,safety_v3:RESOLVED
S0104,ARM2,edema,N,safety_v3:RESOLVED
S0106,ARM2,neuropathy_-_sensory,N,safety_v3:RESOLVED
S0106,ARM2,fatigue,N,safety_v3:RESOLVED
S0106,ARM2,platelets,N,safety_v3:RESOLVED
S0106,ARM2,nausea,N,safety_v3:RESOLVED
S0106,ARM2,alopecia,N,safety_v3:RESOLVED
S0106,ARM2,hemoglobin_normal_12_16_gm,N,safety_v3:RESOLVED
S0106,ARM2,headache,N,safety_v3:RESOLVED
S0106,ARM2,dizziness,N,safety_v3:RESOLVED
S0106,ARM2,muscle_weakness,N,safety_v3:RESOLVED
S0106,ARM2,depression_dominant,N,safety_v3:RESOLVED
S0106,ARM2,dyspnea,N,safety_v3:RESOLVED
S0106,ARM2,anemia,N,safety_v3:RESOLVED
S0106,ARM2,neutropenia,N,safety_v3:RESOLVED
S0106,ARM2,neutrophil_count_decreased,N,safety_v3:RESOLVED
S0106,ARM2,gastrointestinal,N,safety_v3:RESOLVED
S0106,ARM2,neutrophils,N,safety_v3:RESOLVED
S0106,ARM2,thrombosis/thrombus/embolism,Y,safety_v3:RESOLVED
S0106,ARM2,thrombosis,Y,safety_v3:RESOLVED
S0111,ARM2,neuropathy_-_sensory,N,safety_v3:RESOLVED
S0111,ARM2,fatigue,N,safety_v3:RESOLVED
S0111,ARM2,platelets,N,safety_v3:RESOLVED
S0111,ARM2,constipation,N,safety_v3:RESOLVED
S0111,ARM2,nausea,N,safety_v3:RESOLVED
S0111,ARM2,hemoglobin_normal_12_16_gm,N,safety_v3:RESOLVED
S0111,ARM2,headache,N,safety_v3:RESOLVED
S0111,ARM2,anorexia,N,safety_v3:RESOLVED
S0111,ARM2,muscle_weakness,N,safety_v3:RESOLVED
S0111,ARM2,sleeplessness,N,safety_v3:RESOLVED
S0111,ARM2,dyspnea,N,safety_v3:RESOLVED
S0111,ARM2,hypernatremia,N,safety_v3:RESOLVED
S0111,ARM2,anemia,N,safety_v3:RESOLVED
S0111,ARM2,coughing,N,safety_v3:RESOLVED
S0111,ARM2,neutropenia,N,safety_v3:RESOLVED
S0111,ARM2,neutrophil_count_decreased,N,safety_v3:RESOLVED
S0111,ARM2,thrombocytopenia,N,safety_v3:RESOLVED
S0111,ARM2,hyperkalemia,N,safety_v3:RESOLVED
S0111,ARM2,gastrointestinal,N,safety_v3:RESOLVED
S0111,ARM2,rhinitis,N,safety_v3:RESOLVED
S0111,ARM2,thrombosis/thrombus/embolism,Y,safety_v3:RESOLVED
S0112,ARM2,neuropathy_-_sensory,N,safety_v3:RESOLVED
S0112,ARM2,fatigue,N,safety_v3:RESOLVED
S0112,ARM2,platelets,N,safety_v3:RESOLVED
S0112,ARM2,constipation,N,safety_v3:RESOLVED
S0112,ARM2,nausea,N,safety_v3:RESOLVED
S0112,ARM2,hemoglobin_normal_12_16_gm,N,safety_v3:RESOLVED
S0112,ARM2,myalgia,N,safety_v3:RESOLVED
S0112,ARM2,vomiting,N,safety_v3:RESOLVED
S0112,ARM2,anorexia,N,safety_v3:RESOLVED
S0112,ARM2,muscle_weakness,N,safety_v3:RESOLVED
S0112,ARM2,dyspnea,N,safety_v3:RESOLVED
S0112,ARM2,hypernatremia,N,safety_v3:RESOLVED
S0112,ARM2,anemia,N,safety_v3:RESOLVED
S0112,ARM2,sweating,N,safety_v3:RESOLVED
S0112,ARM2,fever,N,safety_v3:RESOLVED
S0112,ARM2,neutrophils,Y,safety_v3:RESOLVED
S0113,ARM2,neuropathy_-_sensory,N,safety_v3:RESOLVED
S0113,ARM2,fatigue,N,safety_v3:RESOLVED
S0113,ARM2,platelets,N,safety_v3:RESOLVED
S0113,ARM2,constipation,N,safety_v3:RESOLVED
S0113,ARM2,hemoglobin_normal_12_16_gm,N,safety_v3:RESOLVED
S0113,ARM2,neuropathy_-_motor,N,safety_v3:RESOLVED
S0113,ARM2,vomiting,N,safety_v3:RESOLVED
S0113,ARM2,anorexia,N,safety_v3:RESOLVED
S0113,ARM2,dizziness,N,safety_v3:RESOLVED
S0113,ARM2,muscle_weakness,N,safety_v3:RESOLVED
S0113,ARM2,dyspnea,N,safety_v3:RESOLVED
S0113,ARM2,hypernatremia,N,safety_v3:RESOLVED
S0113,ARM2,anxiety,N,safety_v3:RESOLVED
S0113,ARM2,neutropenia,N,safety_v3:RESOLVED
S0113,ARM2,neutrophil_count_decreased,N,safety_v3:RESOLVED
S0113,ARM2,hyperkalemia,N,safety_v3:RESOLVED
S0113,ARM2,alanine_aminotransferase_increased,N,safety_v3:RESOLVED
S0113,ARM2,sweating,N,safety_v3:RESOLVED
S0113,ARM2,peripheral_motor_neuropathy,N,safety_v3:RESOLVED
S0113,ARM2,neutrophils,N,safety_v3:RESOLVED
S0113,ARM2,upper_respiratory_infections,N,safety_v3:RESOLVED
S0114,ARM2,neuropathy_-_sensory,N,safety_v3:RESOLVED
S0114,ARM2,platelets,N,safety_v3:RESOLVED
S0114,ARM2,nausea,N,safety_v3:RESOLVED
S0114,ARM2,alopecia,N,safety_v3:RESOLVED
S0114,ARM2,hemoglobin_normal_12_16_gm,N,safety_v3:RESOLVED
S0114,ARM2,headache,N,safety_v3:RESOLVED
S0114,ARM2,vomiting,N,safety_v3:RESOLVED
S0114,ARM2,dizziness,N,safety_v3:RESOLVED
S0114,ARM2,muscle_weakness,N,safety_v3:RESOLVED
S0114,ARM2,hypernatremia,N,safety_v3:RESOLVED
S0114,ARM2,anemia,N,safety_v3:RESOLVED
S0114,ARM2,anxiety,N,safety_v3:RESOLVED
S0114,ARM2,neutrophil_count_decreased,N,safety_v3:RESOLVED
S0114,ARM2,thrombocytopenia,N,safety_v3:RESOLVED
S0114,ARM2,sweating,N,safety_v3:RESOLVED
S0114,ARM2,peripheral_motor_neuropathy,N,safety_v3:RESOLVED
S0114,ARM2,gastrointestinal,N,safety_v3:RESOLVED
S0114,ARM2,hydrocephalus,Y,safety_v3:RESOLVED
S0115,ARM2,neuropathy_-_sensory,N,safety_v3:RESOLVED
S0115,ARM2,fatigue,N,safety_v3:RESOLVED
S0115,ARM2,platelets,N,safety_v3:RESOLVED
S0115,ARM2,constipation,N,safety_v3:RESOLVED
S0115,ARM2,nausea,N,safety_v3:RESOLVED
S0115,ARM2,headache,N,safety_v3:RESOLVED
S0115,ARM2,muscle_weakness,N,safety_v3:RESOLVED
S0115,ARM2,hypernatremia,N,safety_v3:RESOLVED
S0115,ARM2,anemia,N,safety_v3:RESOLVED
S0115,ARM2,coughing,N,safety_v3:RESOLVED
S0115,ARM2,hypertriglyceridemia,N,safety_v3:RESOLVED
S0115,ARM2,neutrophil_count_decreased,N,safety_v3:RESOLVED
S0115,ARM2,thrombocytopenia,N,safety_v3:RESOLVED
S0115,ARM2,peripheral_motor_neuropathy,N,safety_v3:RESOLVED
S0115,ARM2,fever,N,safety_v3:RESOLVED
S0115,ARM2,sensory_neuropathy,N,safety_v3:RESOLVED
S0115,ARM2,rhinitis,N,safety_v3:RESOLVED
S0115,ARM2,allergic_rhinitis_disorder,N,safety_v3:RESOLVED
S0115,ARM2,thrombosis/thrombus/embolism,Y,safety_v3:RESOLVED
S0115,ARM2,hypokalemia,Y,safety_v3:RESOLVED
S0117,ARM2,neuropathy_-_sensory,N,safety_v3:RESOLVED
S0117,ARM2,platelets,N,safety_v3:RESOLVED
S0117,ARM2,nausea,N,safety_v3:RESOLVED
S0117,ARM2,hemoglobin_normal_12_16_gm,N,safety_v3:RESOLVED
S0117,ARM2,muscle_weakness,N,safety_v3:RESOLVED
S0117,ARM2,catheter_related_infection,N,safety_v3:RESOLVED
S0117,ARM2,depression_dominant,N,safety_v3:RESOLVED
S0117,ARM2,dyspnea,N,safety_v3:RESOLVED
S0117,ARM2,neutrophil_count_decreased,N,safety_v3:RESOLVED
S0117,ARM2,fever,N,safety_v3:RESOLVED
S0117,ARM2,gastrointestinal,N,safety_v3:RESOLVED
S0117,ARM2,hypoalbuminemia,N,safety_v3:RESOLVED
S0117,ARM2,blurred_vision,N,safety_v3:RESOLVED
S0117,ARM2,neutrophils,Y,safety_v3:RESOLVED
S0118,ARM2,neuropathy_-_sensory,N,safety_v3:RESOLVED
S0118,ARM2,fatigue,N,safety_v3:RESOLVED
S0118,ARM2,platelets,N,safety_v3:RESOLVED
S0118,ARM2,constipation,N,safety_v3:RESOLVED
S0118,ARM2,nausea,N,safety_v3:RESOLVED
S0118,ARM2,hemoglobin_normal_12_16_gm,N,safety_v3:RESOLVED
S0118,ARM2,arthralgia,N,safety_v3:RESOLVED
S0118,ARM2,myalgia,N,safety_v3:RESOLVED
S0118,ARM2,vomiting,N,safety_v3:RESOLVED
S0118,ARM2,muscle_weakness,N,safety_v3:RESOLVED
S0118,ARM2,anemia,N,safety_v3:RESOLVED
S0118,ARM2,coughing,N,safety_v3:RESOLVED
S0118,ARM2,hypertriglyceridemia,N,safety_v3:RESOLVED
S0118,ARM2,anxiety,N,safety_v3:RESOLVED
S0118,ARM2,neutropenia,N,safety_v3:RESOLVED
S0118,ARM2,neutrophil_count_decreased,N,safety_v3:RESOLVED
S0118,ARM2,hyperkalemia,N,safety_v3:RESOLVED
S0118,ARM2,hypocalcemia,N,safety_v3:RESOLVED
S0118,ARM2,hypokalemia,N,safety_v3:RESOLVED
S0118,ARM2,gastrointestinal,N,safety_v3:RESOLVED
S0120,ARM2,neuropathy_-_sensory,N,safety_v3:RESOLVED
S0120,ARM2,fatigue,N,safety_v3:RESOLVED
S0120,ARM2,platelets,N,safety_v3:RESOLVED
S0120,ARM2,seizures,N,safety_v3:RESOLVED
S0120,ARM2,nausea,N,safety_v3:RESOLVED
S0120,ARM2,hemoglobin_normal_12_16_gm,N,safety_v3:RESOLVED
S0120,ARM2,neuropathy_-_motor,N,safety_v3:RESOLVED
S0120,ARM2,myalgia,N,safety_v3:RESOLVED
S0120,ARM2,vomiting,N,safety_v3:RESOLVED
S0120,ARM2,anorexia,N,safety_v3:RESOLVED
S0120,ARM2,muscle_weakness,N,safety_v3:RESOLVED
S0120,ARM2,catheter_related_infection,N,safety_v3:RESOLVED
S0120,ARM2,hypernatremia,N,safety_v3:RESOLVED
S0120,ARM2,anemia,N,safety_v3:RESOLVED
S0120,ARM2,neutropenia,N,safety_v3:RESOLVED
S0120,ARM2,neutrophil_count_decreased,N,safety_v3:RESOLVED
S0120,ARM2,thrombocytopenia,N,safety_v3:RESOLVED
S0120,ARM2,peripheral_motor_neuropathy,N,safety_v3:RESOLVED
S0120,ARM2,hypocalcemia,N,safety_v3:RESOLVED
S0121,ARM2,neuropathy_-_sensory,N,safety_v3:RESOLVED
S0121,ARM2,fatigue,N,safety_v3:RESOLVED
S0121,ARM2,platelets,N,safety_v3:RESOLVED
S0121,ARM2,nausea,N,safety_v3:RESOLVED
S0121,ARM2,hemoglobin_normal_12_16_gm,N,safety_v3:RESOLVED
S0121,ARM2,arthralgia,N,safety_v3:RESOLVED
S0121,ARM2,vomiting,N,safety_v3:RESOLVED
S0121,ARM2,dizziness,N,safety_v3:RESOLVED
S0121,ARM2,muscle_weakness,N,safety_v3:RESOLVED
S0121,ARM2,dyspnea,N,safety_v3:RESOLVED
S0121,ARM2,neutrophil_count_decreased,N,safety_v3:RESOLVED
S0121,ARM2,thrombocytopenia,N,safety_v3:RESOLVED
S0121,ARM2,alanine_aminotransferase_increased,N,safety_v3:RESOLVED
S0121,ARM2,sweating,N,safety_v3:RESOLVED
S0121,ARM2,hypokalemia,N,safety_v3:RESOLVED
S0121,ARM2,gastrointestinal,N,safety_v3:RESOLVED
S0121,ARM2,upper_respiratory_infections,N,safety_v3:RESOLVED
S0121,ARM2,white_blood_cell_count_decreased,Y,safety_v3:RESOLVED
S0123,ARM2,neuropathy_-_sensory,N,safety_v3:RESOLVED
S0123,ARM2,fatigue,N,safety_v3:RESOLVED
S0123,ARM2,platelets,N,safety_v3:RESOLVED
S0123,ARM2,seizures,N,safety_v3:RESOLVED
S0123,ARM2,constipation,N,safety_v3:RESOLVED
S0123,ARM2,nausea,N,safety_v3:RESOLVED
S0123,ARM2,neuropathy-motor,N,safety_v3:RESOLVED
S0123,ARM2,alopecia,N,safety_v3:RESOLVED
S0123,ARM2,hemoglobin_normal_12_16_gm,N,safety_v3:RESOLVED
S0123,ARM2,headache,N,safety_v3:RESOLVED
S0123,ARM2,arthralgia,N,safety_v3:RESOLVED
S0123,ARM2,anorexia,N,safety_v3:RESOLVED
S0123,ARM2,muscle_weakness,N,safety_v3:RESOLVED
S0123,ARM2,catheter_related_infection,N,safety_v3:RESOLVED
S0123,ARM2,dyspnea,N,safety_v3:RESOLVED
S0123,ARM2,hypernatremia,N,safety_v3:RESOLVED
S0123,ARM2,coughing,N,safety_v3:RESOLVED
S0123,ARM2,neutropenia,N,safety_v3:RESOLVED
S0123,ARM2,neutrophil_count_decreased,N,safety_v3:RESOLVED
S0123,ARM2,decreased_platelet_count,N,safety_v3:RESOLVED
S0123,ARM2,thrombocytopenia,N,safety_v3:RESOLVED
S0123,ARM2,hyperkalemia,N,safety_v3:RESOLVED
S0123,ARM2,hypocalcemia,N,safety_v3:RESOLVED
S0123,ARM2,neutrophils,N,safety_v3:RESOLVED
S0123,ARM2,rhinitis,N,safety_v3:RESOLVED
S0125,ARM2,neuropathy_-_sensory,N,safety_v3:RESOLVED
S0125,ARM2,fatigue,N,safety_v3:RESOLVED
S0125,ARM2,platelets,N,safety_v3:RESOLVED
S0125,ARM2,nausea,N,safety_v3:RESOLVED
S0125,ARM2,alopecia,N,safety_v3:RESOLVED
S0125,ARM2,hemoglobin_normal_12_16_gm,N,safety_v3:RESOLVED
S0125,ARM2,dizziness,N,safety_v3:RESOLVED
S0125,ARM2,muscle_weakness,N,safety_v3:RESOLVED
S0125,ARM2,catheter_related_infection,N,safety_v3:RESOLVED
S0125,ARM2,dyspnea,N,safety_v3:RESOLVED
S0125,ARM2,hypernatremia,N,safety_v3:RESOLVED
S0125,ARM2,coughing,N,safety_v3:RESOLVED
S0125,ARM2,hypertriglyceridemia,N,safety_v3:RESOLVED
S0125,ARM2,anxiety,N,safety_v3:RESOLVED
S0125,ARM2,neutropenia,N,safety_v3:RESOLVED
S0125,ARM2,hypophosphatemia,N,safety_v3:RESOLVED
S0125,ARM2,hypokalemia,N,safety_v3:RESOLVED
S0125,ARM2,gastrointestinal,N,safety_v3:RESOLVED
S0125,ARM2,upper_respiratory_infections,N,safety_v3:RESOLVED
S0125,ARM2,hypokalemia,Y,safety_v3:RESOLVED
S0126,ARM2,neuropathy_-_sensory,N,safety_v3:RESOLVED
S0126,ARM2,fatigue,N,safety_v3:RESOLVED
S0126,ARM2,platelets,N,safety_v3:RESOLVED
S0126,ARM2,seizures,N,safety_v3:RESOLVED
S0126,ARM2,nausea,N,safety_v3:RESOLVED
S0126,ARM2,hemoglobin_normal_12_16_gm,N,safety_v3:RESOLVED
S0126,ARM2,headache,N,safety_v3:RESOLVED
S0126,ARM2,myalgia,N,safety_v3:RESOLVED
S0126,ARM2,vomiting,N,safety_v3:RESOLVED
S0126,ARM2,anorexia,N,safety_v3:RESOLVED
S0126,ARM2,muscle_weakness,N,safety_v3:RESOLVED
S0126,ARM2,dyspnea,N,safety_v3:RESOLVED
S0126,ARM2,neutropenia,N,safety_v3:RESOLVED
S0126,ARM2,neutrophil_count_decreased,N,safety_v3:RESOLVED
S0126,ARM2,sweating,N,safety_v3:RESOLVED
S0126,ARM2,hypokalemia,N,safety_v3:RESOLVED
S0126,ARM2,upper_respiratory_infections,N,safety_v3:RESOLVED
S0129,ARM2,neuropathy_-_sensory,N,safety_v3:RESOLVED
S0129,ARM2,fatigue,N,safety_v3:RESOLVED
S0129,ARM2,platelets,N,safety_v3:RESOLVED
S0129,ARM2,seizures,N,safety_v3:RESOLVED
S0129,ARM2,nausea,N,safety_v3:RESOLVED
S0129,ARM2,hemoglobin_normal_12_16_gm,N,safety_v3:RESOLVED
S0129,ARM2,dizziness,N,safety_v3:RESOLVED
S0129,ARM2,muscle_weakness,N,safety_v3:RESOLVED
S0129,ARM2,dyspnea,N,safety_v3:RESOLVED
S0129,ARM2,hypernatremia,N,safety_v3:RESOLVED
S0129,ARM2,neutropenia,N,safety_v3:RESOLVED
S0129,ARM2,neutrophil_count_decreased,N,safety_v3:RESOLVED
S0129,ARM2,thrombocytopenia,N,safety_v3:RESOLVED
S0129,ARM2,hyperkalemia,N,safety_v3:RESOLVED
S0129,ARM2,blurred_vision,N,safety_v3:RESOLVED
S0129,ARM2,upper_respiratory_infections,N,safety_v3:RESOLVED
S0133,ARM2,neuropathy_-_sensory,N,safety_v3:RESOLVED
S0133,ARM2,platelets,N,safety_v3:RESOLVED
S0133,ARM2,nausea,N,safety_v3:RESOLVED
S0133,ARM2,hemoglobin_normal_12_16_gm,N,safety_v3:RESOLVED
S0133,ARM2,headache,N,safety_v3:RESOLVED
S0133,ARM2,arthralgia,N,safety_v3:RESOLVED
S0133,ARM2,myalgia,N,safety_v3:RESOLVED
S0133,ARM2,muscle_weakness,N,safety_v3:RESOLVED
S0133,ARM2,catheter_related_infection,N,safety_v3:RESOLVED
S0133,ARM2,dyspnea,N,safety_v3:RESOLVED
S0133,ARM2,hypertriglyceridemia,N,safety_v3:RESOLVED
S0133,ARM2,neutropenia,N,safety_v3:RESOLVED
S0133,ARM2,neutrophil_count_decreased,N,safety_v3:RESOLVED
S0133,ARM2,hyperkalemia,N,safety_v3:RESOLVED
S0133,ARM2,alanine_aminotransferase_increased,N,safety_v3:RESOLVED
S0133,ARM2,sweating,N,safety_v3:RESOLVED
S0133,ARM2,hypocalcemia,N,safety_v3:RESOLVED
S0133,ARM2,sensory_neuropathy,N,safety_v3:RESOLVED
S0133,ARM2,rhinitis,N,safety_v3:RESOLVED
S0133,ARM2,thrombosis/thrombus/embolism,Y,safety_v3:RESOLVED
S0134,ARM2,neuropathy_-_sensory,N,safety_v3:RESOLVED
S0134,ARM2,fatigue,N,safety_v3:RESOLVED
S0134,ARM2,platelets,N,safety_v3:RESOLVED
S0134,ARM2,nausea,N,safety_v3:RESOLVED
S0134,ARM2,alopecia,N,safety_v3:RESOLVED
S0134,ARM2,hemoglobin_normal_12_16_gm,N,safety_v3:RESOLVED
S0134,ARM2,headache,N,safety_v3:RESOLVED
S0134,ARM2,vomiting,N,safety_v3:RESOLVED
S0134,ARM2,anorexia,N,safety_v3:RESOLVED
S0134,ARM2,muscle_weakness,N,safety_v3:RESOLVED
S0134,ARM2,depression_dominant,N,safety_v3:RESOLVED
S0134,ARM2,dyspnea,N,safety_v3:RESOLVED
S0134,ARM2,coughing,N,safety_v3:RESOLVED
S0134,ARM2,neutropenia,N,safety_v3:RESOLVED
S0134,ARM2,hypophosphatemia,N,safety_v3:RESOLVED
S0134,ARM2,hypokalemia,N,safety_v3:RESOLVED
S0134,ARM2,platelets,Y,safety_v3:RESOLVED
S0136,ARM2,neuropathy_-_sensory,N,safety_v3:RESOLVED
S0136,ARM2,fatigue,N,safety_v3:RESOLVED
S0136,ARM2,platelets,N,safety_v3:RESOLVED
S0136,ARM2,constipation,N,safety_v3:RESOLVED
S0136,ARM2,nausea,N,safety_v3:RESOLVED
S0136,ARM2,neuropathy-motor,N,safety_v3:RESOLVED
S0136,ARM2,hemoglobin_normal_12_16_gm,N,safety_v3:RESOLVED
S0136,ARM2,headache,N,safety_v3:RESOLVED
S0136,ARM2,arthralgia,N,safety_v3:RESOLVED
S0136,ARM2,anorexia,N,safety_v3:RESOLVED
S0136,ARM2,muscle_weakness,N,safety_v3:RESOLVED
S0136,ARM2,dyspnea,N,safety_v3:RESOLVED
S0136,ARM2,hypernatremia,N,safety_v3:RESOLVED
S0136,ARM2,anemia,N,safety_v3:RESOLVED
S0136,ARM2,neutropenia,N,safety_v3:RESOLVED
S0136,ARM2,neutrophil_count_decreased,N,safety_v3:RESOLVED
S0136,ARM2,decreased_platelet_count,N,safety_v3:RESOLVED
S0136,ARM2,thrombocytopenia,N,safety_v3:RESOLVED
S0136,ARM2,hypophosphatemia,N,safety_v3:RESOLVED
S0136,ARM2,alanine_aminotransferase_increased,N,safety_v3:RESOLVED
S0136,ARM2,sweating,N,safety_v3:RESOLVED
S0136,ARM2,fever,N,safety_v3:RESOLVED
S0136,ARM2,hypokalemia,N,safety_v3:RESOLVED
S0136,ARM2,gastrointestinal,N,safety_v3:RESOLVED
S0136,ARM2,neutrophils,N,safety_v3:RESOLVED
S0136,ARM2,stomatitis,N,safety_v3:RESOLVED
S0136,ARM2,dry_skin,N,safety_v3:RESOLVED
S0136,ARM2,upper_respiratory_infections,N,safety_v3:RESOLVED
S0137,ARM2,neuropathy_-_sensory,N,safety_v3:RESOLVED
S0137,ARM2,fatigue,N,safety_v3:RESOLVED
S0137,ARM2,platelets,N,safety_v3:RESOLVED
S0137,ARM2,constipation,N,safety_v3:RESOLVED
S0137,ARM2,nausea,N,safety_v3:RESOLVED
S0137,ARM2,neuropathy-motor,N,safety_v3:RESOLVED
S0137,ARM2,hemoglobin_normal_12_16_gm,N,safety_v3:RESOLVED
S0137,ARM2,myalgia,N,safety_v3:RESOLVED
S0137,ARM2,anorexia,N,safety_v3:RESOLVED
S0137,ARM2,muscle_weakness,N,safety_v3:RESOLVED
S0137,ARM2,catheter_related_infection,N,safety_v3:RESOLVED
S0137,ARM2,anemia,N,safety_v3:RESOLVED
S0137,ARM2,hypertriglyceridemia,N,safety_v3:RESOLVED
S0137,ARM2,neutropenia,N,safety_v3:RESOLVED
S0137,ARM2,neutrophil_count_decreased,N,safety_v3:RESOLVED
S0137,ARM2,decreased_platelet_count,N,safety_v3:RESOLVED
S0137,ARM2,thrombocytopenia,N,safety_v3:RESOLVED
S0137,ARM2,hyperkalemia,N,safety_v3:RESOLVED
S0137,ARM2,peripheral_motor_neuropathy,N,safety_v3:RESOLVED
S0137,ARM2,neutrophils,N,safety_v3:RESOLVED
S0137,ARM2,platelets,Y,safety_v3:RESOLVED
S0137,ARM2,thrombosis/thrombus/embolism,Y,safety_v3:RESOLVED
S0140,ARM2,neuropathy_-_sensory,N,safety_v3:RESOLVED
S0140,ARM2,fatigue,N,safety_v3:RESOLVED
S0140,ARM2,platelets,N,safety_v3:RESOLVED
S0140,ARM2,constipation,N,safety_v3:RESOLVED
S0140,ARM2,neuropathy-motor,N,safety_v3:RESOLVED
S0140,ARM2,alopecia,N,safety_v3:RESOLVED
S0140,ARM2,neuropathy_-_motor,N,safety_v3:RESOLVED
S0140,ARM2,headache,N,safety_v3:RESOLVED
S0140,ARM2,arthralgia,N,safety_v3:RESOLVED
S0140,ARM2,vomiting,N,safety_v3:RESOLVED
S0140,ARM2,dizziness,N,safety_v3:RESOLVED
S0140,ARM2,muscle_weakness,N,safety_v3:RESOLVED
S0140,ARM2,dyspnea,N,safety_v3:RESOLVED
S0140,ARM2,neutropenia,N,safety_v3:RESOLVED
S0140,ARM2,neutrophil_count_decreased,N,safety_v3:RESOLVED
S0140,ARM2,sweating,N,safety_v3:RESOLVED
S0140,ARM2,peripheral_motor_neuropathy,N,safety_v3:RESOLVED
S0140,ARM2,hypocalcemia,N,safety_v3:RESOLVED
S0140,ARM2,upper_respiratory_infections,N,safety_v3:RESOLVED
S0140,ARM2,thrombosis,Y,safety_v3:RESOLVED
S0141,ARM2,neuropathy_-_sensory,N,safety_v3:RESOLVED
S0141,ARM2,fatigue,N,safety_v3:RESOLVED
S0141,ARM2,platelets,N,safety_v3:RESOLVED
S0141,ARM2,nausea,N,safety_v3:RESOLVED
S0141,ARM2,hemoglobin_normal_12_16_gm,N,safety_v3:RESOLVED
S0141,ARM2,vomiting,N,safety_v3:RESOLVED
S0141,ARM2,anorexia,N,safety_v3:RESOLVED
S0141,ARM2,muscle_weakness,N,safety_v3:RESOLVED
S0141,ARM2,sleeplessness,N,safety_v3:RESOLVED
S0141,ARM2,coughing,N,safety_v3:RESOLVED
S0141,ARM2,neutropenia,N,safety_v3:RESOLVED
S0141,ARM2,neutrophil_count_decreased,N,safety_v3:RESOLVED
S0141,ARM2,decreased_platelet_count,N,safety_v3:RESOLVED
S0141,ARM2,thrombocytopenia,N,safety_v3:RESOLVED
S0141,ARM2,hypocalcemia,N,safety_v3:RESOLVED
S0141,ARM2,rhinitis,N,safety_v3:RESOLVED
S0143,ARM2,neuropathy_-_sensory,N,safety_v3:RESOLVED
S0143,ARM2,fatigue,N,safety_v3:RESOLVED
S0143,ARM2,platelets,N,safety_v3:RESOLVED
S0143,ARM2,seizures,N,safety_v3:RESOLVED
S0143,ARM2,nausea,N,safety_v3:RESOLVED
S0143,ARM2,neuropathy_-_motor,N,safety_v3:RESOLVED
S0143,ARM2,vomiting,N,safety_v3:RESOLVED
S0143,ARM2,anorexia,N,safety_v3:RESOLVED
S0143,ARM2,dizziness,N,safety_v3:RESOLVED
S0143,ARM2,muscle_weakness,N,safety_v3:RESOLVED
S0143,ARM2,catheter_related_infection,N,safety_v3:RESOLVED
S0143,ARM2,neutropenia,N,safety_v3:RESOLVED
S0143,ARM2,neutrophil_count_decreased,N,safety_v3:RESOLVED
S0143,ARM2,thrombocytopenia,N,safety_v3:RESOLVED
S0143,ARM2,peripheral_motor_neuropathy,N,safety_v3:RESOLVED
S0143,ARM2,fever,N,safety_v3:RESOLVED
S0143,ARM2,sensory_neuropathy,N,safety_v3:RESOLVED
S0143,ARM2,gastrointestinal,N,safety_v3:RESOLVED
S0143,ARM2,upper_respiratory_infections,N,safety_v3:RESOLVED
S0148,ARM2,neuropathy_-_sensory,N,safety_v3:RESOLVED
S0148,ARM2,fatigue,N,safety_v3:RESOLVED
S0148,ARM2,platelets,N,safety_v3:RESOLVED
S0148,ARM2,nausea,N,safety_v3:RESOLVED
S0148,ARM2,neuropathy-motor,N,safety_v3:RESOLVED
S0148,ARM2,hemoglobin_normal_12_16_gm,N,safety_v3:RESOLVED
S0148,ARM2,neuropathy_-_motor,N,safety_v3:RESOLVED
S0148,ARM2,vomiting,N,safety_v3:RESOLVED
S0148,ARM2,anorexia,N,safety_v3:RESOLVED
S0148,ARM2,dizziness,N,safety_v3:RESOLVED
S0148,ARM2,muscle_weakness,N,safety_v3:RESOLVED
S0148,ARM2,catheter_related_infection,N,safety_v3:RESOLVED
S0148,ARM2,sleeplessness,N,safety_v3:RESOLVED
S0148,ARM2,hypertriglyceridemia,N,safety_v3:RESOLVED
S0148,ARM2,neutropenia,N,safety_v3:RESOLVED
S0148,ARM2,neutrophil_count_decreased,N,safety_v3:RESOLVED
S0148,ARM2,decreased_platelet_count,N,safety_v3:RESOLVED
S0148,ARM2,peripheral_motor_neuropathy,N,safety_v3:RESOLVED
S0148,ARM2,gastrointestinal,N,safety_v3:RESOLVED
S0148,ARM2,neutrophils,N,safety_v3:RESOLVED
S0148,ARM2,stomatitis,N,safety_v3:RESOLVED
S0148,ARM2,rhinitis,N,safety_v3:RESOLVED
S0150,ARM2,neuropathy_-_sensory,N,safety_v3:RESOLVED
S0150,ARM2,fatigue,N,safety_v3:RESOLVED
S0150,ARM2,platelets,N,safety_v3:RESOLVED
S0150,ARM2,nausea,N,safety_v3:RESOLVED
S0150,ARM2,hemoglobin_normal_12_16_gm,N,safety_v3:RESOLVED
S0150,ARM2,neuropathy_-_motor,N,safety_v3:RESOLVED
S0150,ARM2,vomiting,N,safety_v3:RESOLVED
S0150,ARM2,muscle_weakness,N,safety_v3:RESOLVED
S0150,ARM2,dyspnea,N,safety_v3:RESOLVED
S0150,ARM2,hypernatremia,N,safety_v3:RESOLVED
S0150,ARM2,anemia,N,safety_v3:RESOLVED
S0150,ARM2,coughing,N,safety_v3:RESOLVED
S0150,ARM2,anxiety,N,safety_v3:RESOLVED
S0150,ARM2,neutropenia,N,safety_v3:RESOLVED
S0150,ARM2,neutrophil_count_decreased,N,safety_v3:RESOLVED
S0150,ARM2,thrombocytopenia,N,safety_v3:RESOLVED
S0150,ARM2,platelets,Y,safety_v3:RESOLVED
S0153,ARM2,neuropathy_-_sensory,N,safety_v3:RESOLVED
S0153,ARM2,fatigue,N,safety_v3:RESOLVED
S0153,ARM2,platelets,N,safety_v3:RESOLVED
S0153,ARM2,nausea,N,safety_v3:RESOLVED
S0153,ARM2,hemoglobin_normal_12_16_gm,N,safety_v3:RESOLVED
S0153,ARM2,myalgia,N,safety_v3:RESOLVED
S0153,ARM2,dizziness,N,safety_v3:RESOLVED
S0153,ARM2,muscle_weakness,N,safety_v3:RESOLVED
S0153,ARM2,dyspnea,N,safety_v3:RESOLVED
S0153,ARM2,hypernatremia,N,safety_v3:RESOLVED
S0153,ARM2,coughing,N,safety_v3:RESOLVED
S0153,ARM2,neutropenia,N,safety_v3:RESOLVED
S0153,ARM2,neutrophil_count_decreased,N,safety_v3:RESOLVED
S0153,ARM2,thrombocytopenia,N,safety_v3:RESOLVED
S0153,ARM2,sweating,N,safety_v3:RESOLVED
S0153,ARM2,peripheral_motor_neuropathy,N,safety_v3:RESOLVED
S0153,ARM2,platelets,Y,safety_v3:RESOLVED
S0153,ARM2,thrombosis/thrombus/embolism,Y,safety_v3:RESOLVED
S0154,ARM2,neuropathy_-_sensory,N,safety_v3:RESOLVED
S0154,ARM2,fatigue,N,safety_v3:RESOLVED
S0154,ARM2,seizures,N,safety_v3:RESOLVED
S0154,ARM2,nausea,N,safety_v3:RESOLVED
S0154,ARM2,hemoglobin_normal_12_16_gm,N,safety_v3:RESOLVED
S0154,ARM2,neuropathy_-_motor,N,safety_v3:RESOLVED
S0154,ARM2,arthralgia,N,safety_v3:RESOLVED
S0154,ARM2,myalgia,N,safety_v3:RESOLVED
S0154,ARM2,vomiting,N,safety_v3:RESOLVED
S0154,ARM2,anorexia,N,safety_v3:RESOLVED
S0154,ARM2,muscle_weakness,N,safety_v3:RESOLVED
S0154,ARM2,catheter_related_infection,N,safety_v3:RESOLVED
S0154,ARM2,dyspnea,N,safety_v3:RESOLVED
S0154,ARM2,hypernatremia,N,safety_v3:RESOLVED
S0154,ARM2,coughing,N,safety_v3:RESOLVED
S0154,ARM2,anxiety,N,safety_v3:RESOLVED
S0154,ARM2,neutropenia,N,safety_v3:RESOLVED
S0154,ARM2,neutrophil_count_decreased,N,safety_v3:RESOLVED
S0154,ARM2,thrombocytopenia,N,safety_v3:RESOLVED
S0154,ARM2,fever,N,safety_v3:RESOLVED
S0162,ARM2,neuropathy_-_sensory,N,safety_v3:RESOLVED
S0162,ARM2,platelets,N,safety_v3:RESOLVED
S0162,ARM2,nausea,N,safety_v3:RESOLVED
S0162,ARM2,hemoglobin_normal_12_16_gm,N,safety_v3:RESOLVED
S0162,ARM2,arthralgia,N,safety_v3:RESOLVED
S0162,ARM2,muscle_weakness,N,safety_v3:RESOLVED
S0162,ARM2,depression_dominant,N,safety_v3:RESOLVED
S0162,ARM2,dyspnea,N,safety_v3:RESOLVED
S0162,ARM2,hypernatremia,N,safety_v3:RESOLVED
S0162,ARM2,coughing,N,safety_v3:RESOLVED
S0162,ARM2,neutropenia,N,safety_v3:RESOLVED
S0162,ARM2,neutrophil_count_decreased,N,safety_v3:RESOLVED
S0162,ARM2,thrombocytopenia,N,safety_v3:RESOLVED
S0162,ARM2,peripheral_motor_neuropathy,N,safety_v3:RESOLVED
S0162,ARM2,pain_other,N,safety_v3:RESOLVED
S0162,ARM2,hyponatremia,N,safety_v3:RESOLVED
S0162,ARM2,hypokalemia,N,safety_v3:RESOLVED
S0162,ARM2,gastrointestinal,N,safety_v3:RESOLVED
S0162,ARM2,allergic_rhinitis_disorder,N,safety_v3:RESOLVED
S0162,ARM2,white_blood_cell_count_decreased,Y,safety_v3:RESOLVED
S0163,ARM2,neuropathy_-_sensory,N,safety_v3:RESOLVED
S0163,ARM2,fatigue,N,safety_v3:RESOLVED
S0163,ARM2,platelets,N,safety_v3:RESOLVED
S0163,ARM2,constipation,N,safety_v3:RESOLVED
S0163,ARM2,nausea,N,safety_v3:RESOLVED
S0163,ARM2,alopecia,N,safety_v3:RESOLVED
S0163,ARM2,hemoglobin_normal_12_16_gm,N,safety_v3:RESOLVED
S0163,ARM2,vomiting,N,safety_v3:RESOLVED
S0163,ARM2,muscle_weakness,N,safety_v3:RESOLVED
S0163,ARM2,hypernatremia,N,safety_v3:RESOLVED
S0163,ARM2,coughing,N,safety_v3:RESOLVED
S0163,ARM2,anxiety,N,safety_v3:RESOLVED
S0163,ARM2,neutropenia,N,safety_v3:RESOLVED
S0163,ARM2,neutrophil_count_decreased,N,safety_v3:RESOLVED
S0163,ARM2,thrombocytopenia,N,safety_v3:RESOLVED
S0163,ARM2,rhinitis,N,safety_v3:RESOLVED
S0165,ARM2,neuropathy_-_sensory,N,safety_v3:RESOLVED
S0165,ARM2,fatigue,N,safety_v3:RESOLVED
S0165,ARM2,platelets,N,safety_v3:RESOLVED
S0165,ARM2,nausea,N,safety_v3:RESOLVED
S0165,ARM2,hemoglobin_normal_12_16_gm,N,safety_v3:RESOLVED
S0165,ARM2,myalgia,N,safety_v3:RESOLVED
S0165,ARM2,anorexia,N,safety_v3:RESOLVED
S0165,ARM2,dizziness,N,safety_v3:RESOLVED
S0165,ARM2,muscle_weakness,N,safety_v3:RESOLVED
S0165,ARM2,hypertriglyceridemia,N,safety_v3:RESOLVED
S0165,ARM2,anxiety,N,safety_v3:RESOLVED
S0165,ARM2,neutropenia,N,safety_v3:RESOLVED
S0165,ARM2,neutrophil_count_decreased,N,safety_v3:RESOLVED
S0165,ARM2,decreased_platelet_count,N,safety_v3:RESOLVED
S0165,ARM2,thrombocytopenia,N,safety_v3:RESOLVED
S0165,ARM2,hyperkalemia,N,safety_v3:RESOLVED
S0165,ARM2,weight_loss,N,safety_v3:RESOLVED
S0165,ARM2,platelets,Y,safety_v3:RESOLVED
S0166,ARM2,neuropathy_-_sensory,N,safety_v3:RESOLVED
S0166,ARM2,fatigue,N,safety_v3:RESOLVED
S0166,ARM2,platelets,N,safety_v3:RESOLVED
S0166,ARM2,nausea,N,safety_v3:RESOLVED
S0166,ARM2,alopecia,N,safety_v3:RESOLVED
S0166,ARM2,hemoglobin_normal_12_16_gm,N,safety_v3:RESOLVED
S0166,ARM2,arthralgia,N,safety_v3:RESOLVED
S0166,ARM2,dizziness,N,safety_v3:RESOLVED
S0166,ARM2,muscle_weakness,N,safety_v3:RESOLVED
S0166,ARM2,dyspnea,N,safety_v3:RESOLVED
S0166,ARM2,hypernatremia,N,safety_v3:RESOLVED
S0166,ARM2,anemia,N,safety_v3:RESOLVED
S0166,ARM2,coughing,N,safety_v3:RESOLVED
S0166,ARM2,neutropenia,N,safety_v3:RESOLVED
S0166,ARM2,neutrophil_count_decreased,N,safety_v3:RESOLVED
S0166,ARM2,thrombocytopenia,N,safety_v3:RESOLVED
S0166,ARM2,peripheral_motor_neuropathy,N,safety_v3:RESOLVED
S0166,ARM2,gastrointestinal,N,safety_v3:RESOLVED
S0167,ARM2,neuropathy_-_sensory,N,safety_v3:RESOLVED
S0167,ARM2,fatigue,N,safety_v3:RESOLVED
S0167,ARM2,platelets,N,safety_v3:RESOLVED
S0167,ARM2,constipation,N,safety_v3:RESOLVED
S0167,ARM2,nausea,N,safety_v3:RESOLVED
S0167,ARM2,hemoglobin_normal_12_16_gm,N,safety_v3:RESOLVED
S0167,ARM2,vomiting,N,safety_v3:RESOLVED
S0167,ARM2,muscle_weakness,N,safety_v3:RESOLVED
S0167,ARM2,catheter_related_infection,N,safety_v3:RESOLVED
S0167,ARM2,dyspnea,N,safety_v3:RESOLVED
S0167,ARM2,hypertriglyceridemia,N,safety_v3:RESOLVED
S0167,ARM2,neutropenia,N,safety_v3:RESOLVED
S0167,ARM2,neutrophil_count_decreased,N,safety_v3:RESOLVED
S0167,ARM2,decreased_platelet_count,N,safety_v3:RESOLVED
S0167,ARM2,thrombocytopenia,N,safety_v3:RESOLVED
S0167,ARM2,peripheral_motor_neuropathy,N,safety_v3:RESOLVED
S0167,ARM2,upper_respiratory_infections,N,safety_v3:RESOLVED
S0168,ARM2,neuropathy_-_sensory,N,safety_v3:RESOLVED
S0168,ARM2,fatigue,N,safety_v3:RESOLVED
S0168,ARM2,platelets,N,safety_v3:RESOLVED
S0168,ARM2,nausea,N,safety_v3:RESOLVED
S0168,ARM2,alopecia,N,safety_v3:RESOLVED
S0168,ARM2,hemoglobin_normal_12_16_gm,N,safety_v3:RESOLVED
S0168,ARM2,arthralgia,N,safety_v3:RESOLVED
S0168,ARM2,myalgia,N,safety_v3:RESOLVED
S0168,ARM2,anorexia,N,safety_v3:RESOLVED
S0168,ARM2,dizziness,N,safety_v3:RESOLVED
S0168,ARM2,muscle_weakness,N,safety_v3:RESOLVED
S0168,ARM2,sleeplessness,N,safety_v3:RESOLVED
S0168,ARM2,sweating,N,safety_v3:RESOLVED
S0168,ARM2,hypoalbuminemia,N,safety_v3:RESOLVED
S0168,ARM2,neutrophils,N,safety_v3:RESOLVED
S0168,ARM2,blurred_vision,N,safety_v3:RESOLVED
S0168,ARM2,upper_respiratory_infections,N,safety_v3:RESOLVED
S0168,ARM2,platelets,Y,safety_v3:RESOLVED
S0170,ARM2,neuropathy_-_sensory,N,safety_v3:RESOLVED
S0170,ARM2,fatigue,N,safety_v3:RESOLVED
S0170,ARM2,platelets,N,safety_v3:RESOLVED
S0170,ARM2,nausea,N,safety_v3:RESOLVED
S0170,ARM2,neuropathy_-_motor,N,safety_v3:RESOLVED
S0170,ARM2,headache,N,safety_v3:RESOLVED
S0170,ARM2,arthralgia,N,safety_v3:RESOLVED
S0170,ARM2,vomiting,N,safety_v3:RESOLVED
S0170,ARM2,muscle_weakness,N,safety_v3:RESOLVED
S0170,ARM2,sleeplessness,N,safety_v3:RESOLVED
S0170,ARM2,dyspnea,N,safety_v3:RESOLVED
S0170,ARM2,hypernatremia,N,safety_v3:RESOLVED
S0170,ARM2,coughing,N,safety_v3:RESOLVED
S0170,ARM2,neutrophil_count_decreased,N,safety_v3:RESOLVED
S0170,ARM2,peripheral_motor_neuropathy,N,safety_v3:RESOLVED
S0170,ARM2,rhinitis,N,safety_v3:RESOLVED
S0175,ARM2,neuropathy_-_sensory,N,safety_v3:RESOLVED
S0175,ARM2,fatigue,N,safety_v3:RESOLVED
S0175,ARM2,platelets,N,safety_v3:RESOLVED
S0175,ARM2,nausea,N,safety_v3:RESOLVED
S0175,ARM2,alopecia,N,safety_v3:RESOLVED
S0175,ARM2,hemoglobin_normal_12_16_gm,N,safety_v3:RESOLVED
S0175,ARM2,muscle_weakness,N,safety_v3:RESOLVED
S0175,ARM2,catheter_related_infection,N,safety_v3:RESOLVED
S0175,ARM2,neutropenia,N,safety_v3:RESOLVED
S0175,ARM2,neutrophil_count_decreased,N,safety_v3:RESOLVED
S0175,ARM2,thrombocytopenia,N,safety_v3:RESOLVED
S0175,ARM2,alanine_aminotransferase_increased,N,safety_v3:RESOLVED
S0175,ARM2,sweating,N,safety_v3:RESOLVED
S0175,ARM2,hypocalcemia,N,safety_v3:RESOLVED
S0175,ARM2,hydrocephalus,Y,safety_v3:RESOLVED
S0176,ARM2,neuropathy_-_sensory,N,safety_v3:RESOLVED
S0176,ARM2,fatigue,N,safety_v3:RESOLVED
S0176,ARM2,platelets,N,safety_v3:RESOLVED
S0176,ARM2,seizures,N,safety_v3:RESOLVED
S0176,ARM2,nausea,N,safety_v3:RESOLVED
S0176,ARM2,hemoglobin_normal_12_16_gm,N,safety_v3:RESOLVED
S0176,ARM2,neuropathy_-_motor,N,safety_v3:RESOLVED
S0176,ARM2,headache,N,safety_v3:RESOLVED
S0176,ARM2,myalgia,N,safety_v3:RESOLVED
S0176,ARM2,vomiting,N,safety_v3:RESOLVED
S0176,ARM2,muscle_weakness,N,safety_v3:RESOLVED
S0176,ARM2,catheter_related_infection,N,safety_v3:RESOLVED
S0176,ARM2,sleeplessness,N,safety_v3:RESOLVED
S0176,ARM2,dyspnea,N,safety_v3:RESOLVED
S0176,ARM2,hypernatremia,N,safety_v3:RESOLVED
S0176,ARM2,anemia,N,safety_v3:RESOLVED
S0176,ARM2,neutropenia,N,safety_v3:RESOLVED
S0176,ARM2,neutrophil_count_decreased,N,safety_v3:RESOLVED
S0176,ARM2,hyperkalemia,N,safety_v3:RESOLVED
S0176,ARM2,sweating,N,safety_v3:RESOLVED
S0176,ARM2,rhinitis,N,safety_v3:RESOLVED
S0176,ARM2,upper_respiratory_infections,N,safety_v3:RESOLVED
S0176,ARM2,thrombosis/thrombus/embolism,Y,safety_v3:RESOLVED
S0177,ARM2,neuropathy_-_sensory,N,safety_v3:RESOLVED
S0177,ARM2,fatigue,N,safety_v3:RESOLVED
S0177,ARM2,platelets,N,safety_v3:RESOLVED
S0177,ARM2,nausea,N,safety_v3:RESOLVED
S0177,ARM2,hemoglobin_normal_12_16_gm,N,safety_v3:RESOLVED
S0177,ARM2,headache,N,safety_v3:RESOLVED
S0177,ARM2,arthralgia,N,safety_v3:RESOLVED
S0177,ARM2,vomiting,N,safety_v3:RESOLVED
S0177,ARM2,muscle_weakness,N,safety_v3:RESOLVED
S0177,ARM2,catheter_related_infection,N,safety_v3:RESOLVED
S0177,ARM2,dyspnea,N,safety_v3:RESOLVED
S0177,ARM2,hypernatremia,N,safety_v3:RESOLVED
S0177,ARM2,coughing,N,safety_v3:RESOLVED
S0177,ARM2,hypertriglyceridemia,N,safety_v3:RESOLVED
S0177,ARM2,neutrophil_count_decreased,N,safety_v3:RESOLVED
S0177,ARM2,hyperkalemia,N,safety_v3:RESOLVED
S0177,ARM2,peripheral_motor_neuropathy,N,safety_v3:RESOLVED
S0177,ARM2,neutrophils,N,safety_v3:RESOLVED
S0177,ARM2,platelets,Y,safety_v3:RESOLVED
S0183,ARM2,neuropathy_-_sensory,N,safety_v3:RESOLVED
S0183,ARM2,fatigue,N,safety_v3:RESOLVED
S0183,ARM2,platelets,N,safety_v3:RESOLVED
S0183,ARM2,seizures,N,safety_v3:RESOLVED
S0183,ARM2,nausea,N,safety_v3:RESOLVED
S0183,ARM2,alopecia,N,safety_v3:RESOLVED
S0183,ARM2,hemoglobin_normal_12_16_gm,N,safety_v3:RESOLVED
S0183,ARM2,headache,N,safety_v3:RESOLVED
S0183,ARM2,vomiting,N,safety_v3:RESOLVED
S0183,ARM2,muscle_weakness,N,safety_v3:RESOLVED
S0183,ARM2,sleeplessness,N,safety_v3:RESOLVED
S0183,ARM2,dyspnea,N,safety_v3:RESOLVED
S0183,ARM2,hypernatremia,N,safety_v3:RESOLVED
S0183,ARM2,coughing,N,safety_v3:RESOLVED
S0183,ARM2,neutropenia,N,safety_v3:RESOLVED
S0183,ARM2,neutrophil_count_decreased,N,safety_v3:RESOLVED
S0183,ARM2,thrombocytopenia,N,safety_v3:RESOLVED
S0183,ARM2,hypocalcemia,N,safety_v3:RESOLVED
S0183,ARM2,dry_skin,N,safety_v3:RESOLVED
S0183,ARM2,hydrocephalus,Y,safety_v3:RESOLVED
S0184,ARM2,neuropathy_-_sensory,N,safety_v3:RESOLVED
S0184,ARM2,fatigue,N,safety_v3:RESOLVED
S0184,ARM2,platelets,N,safety_v3:RESOLVED
S0184,ARM2,seizures,N,safety_v3:RESOLVED
S0184,ARM2,nausea,N,safety_v3:RESOLVED
S0184,ARM2,alopecia,N,safety_v3:RESOLVED
S0184,ARM2,muscle_weakness,N,safety_v3:RESOLVED
S0184,ARM2,dyspnea,N,safety_v3:RESOLVED
S0184,ARM2,anemia,N,safety_v3:RESOLVED
S0184,ARM2,hypertriglyceridemia,N,safety_v3:RESOLVED
S0184,ARM2,neutrophil_count_decreased,N,safety_v3:RESOLVED
S0184,ARM2,decreased_platelet_count,N,safety_v3:RESOLVED
S0184,ARM2,thrombocytopenia,N,safety_v3:RESOLVED
S0184,ARM2,hyperkalemia,N,safety_v3:RESOLVED
S0184,ARM2,rhinitis,N,safety_v3:RESOLVED
S0184,ARM2,thrombosis,Y,safety_v3:RESOLVED
S0185,ARM2,neuropathy_-_sensory,N,safety_v3:RESOLVED
S0185,ARM2,fatigue,N,safety_v3:RESOLVED
S0185,ARM2,platelets,N,safety_v3:RESOLVED
S0185,ARM2,constipation,N,safety_v3:RESOLVED
S0185,ARM2,nausea,N,safety_v3:RESOLVED
S0185,ARM2,neuropathy-motor,N,safety_v3:RESOLVED
S0185,ARM2,hemoglobin_normal_12_16_gm,N,safety_v3:RESOLVED
S0185,ARM2,headache,N,safety_v3:RESOLVED
S0185,ARM2,myalgia,N,safety_v3:RESOLVED
S0185,ARM2,muscle_weakness,N,safety_v3:RESOLVED
S0185,ARM2,catheter_related_infection,N,safety_v3:RESOLVED
S0185,ARM2,dyspnea,N,safety_v3:RESOLVED
S0185,ARM2,hypernatremia,N,safety_v3:RESOLVED
S0185,ARM2,coughing,N,safety_v3:RESOLVED
S0185,ARM2,neutropenia,N,safety_v3:RESOLVED
S0185,ARM2,gastrointestinal,N,safety_v3:RESOLVED
S0185,ARM2,upper_respiratory_infections,N,safety_v3:RESOLVED
S0185,ARM2,hyperuricemia,N,safety_v3:RESOLVED
S0185,ARM2,hydrocephalus,Y,safety_v3:RESOLVED
S0187,ARM2,neuropathy_-_sensory,N,safety_v3:RESOLVED
S0187,ARM2,fatigue,N,safety_v3:RESOLVED
S0187,ARM2,platelets,N,safety_v3:RESOLVED
S0187,ARM2,nausea,N,safety_v3:RESOLVED
S0187,ARM2,hemoglobin_normal_12_16_gm,N,safety_v3:RESOLVED
S0187,ARM2,neuropathy_-_motor,N,safety_v3:RESOLVED
S0187,ARM2,headache,N,safety_v3:RESOLVED
S0187,ARM2,muscle_weakness,N,safety_v3:RESOLVED
S0187,ARM2,dyspnea,N,safety_v3:RESOLVED
S0187,ARM2,hypernatremia,N,safety_v3:RESOLVED
S0187,ARM2,neutropenia,N,safety_v3:RESOLVED
S0187,ARM2,neutrophil_count_decreased,N,safety_v3:RESOLVED
S0189,ARM2,neuropathy_-_sensory,N,safety_v3:RESOLVED
S0189,ARM2,platelets,N,safety_v3:RESOLVED
S0189,ARM2,seizures,N,safety_v3:RESOLVED
S0189,ARM2,nausea,N,safety_v3:RESOLVED
S0189,ARM2,hemoglobin_normal_12_16_gm,N,safety_v3:RESOLVED
S0189,ARM2,arthralgia,N,safety_v3:RESOLVED
S0189,ARM2,dizziness,N,safety_v3:RESOLVED
S0189,ARM2,muscle_weakness,N,safety_v3:RESOLVED
S0189,ARM2,hypernatremia,N,safety_v3:RESOLVED
S0189,ARM2,neutrophil_count_decreased,N,safety_v3:RESOLVED
S0189,ARM2,thrombocytopenia,N,safety_v3:RESOLVED
S0189,ARM2,upper_respiratory_infections,N,safety_v3:RESOLVED
S0189,ARM2,hypokalemia,Y,safety_v3:RESOLVED
S0190,ARM2,neuropathy_-_sensory,N,safety_v3:RESOLVED
S0190,ARM2,fatigue,N,safety_v3:RESOLVED
S0190,ARM2,platelets,N,safety_v3:RESOLVED
S0190,ARM2,seizures,N,safety_v3:RESOLVED
S0190,ARM2,constipation,N,safety_v3:RESOLVED
S0190,ARM2,nausea,N,safety_v3:RESOLVED
S0190,ARM2,neuropathy-motor,N,safety_v3:RESOLVED
S0190,ARM2,alopecia,N,safety_v3:RESOLVED
S0190,ARM2,hemoglobin_normal_12_16_gm,N,safety_v3:RESOLVED
S0190,ARM2,headache,N,safety_v3:RESOLVED
S0190,ARM2,arthralgia,N,safety_v3:RESOLVED
S0190,ARM2,myalgia,N,safety_v3:RESOLVED
S0190,ARM2,vomiting,N,safety_v3:RESOLVED
S0190,ARM2,anorexia,N,safety_v3:RESOLVED
S0190,ARM2,muscle_weakness,N,safety_v3:RESOLVED
S0190,ARM2,dyspnea,N,safety_v3:RESOLVED
S0190,ARM2,anxiety,N,safety_v3:RESOLVED
S0190,ARM2,neutropenia,N,safety_v3:RESOLVED
S0190,ARM2,neutrophil_count_decreased,N,safety_v3:RESOLVED
S0190,ARM2,thrombocytopenia,N,safety_v3:RESOLVED
S0190,ARM2,alanine_aminotransferase_increased,N,safety_v3:RESOLVED
S0190,ARM2,peripheral_motor_neuropathy,N,safety_v3:RESOLVED
S0190,ARM2,hyponatremia,N,safety_v3:RESOLVED
S0190,ARM2,gastrointestinal,N,safety_v3:RESOLVED
S0191,ARM2,neuropathy_-_sensory,N,safety_v3:RESOLVED
S0191,ARM2,fatigue,N,safety_v3:RESOLVED
S0191,ARM2,platelets,N,safety_v3:RESOLVED
S0191,ARM2,nausea,N,safety_v3:RESOLVED
S0191,ARM2,alopecia,N,safety_v3:RESOLVED
S0191,ARM2,hemoglobin_normal_12_16_gm,N,safety_v3:RESOLVED
S0191,ARM2,arthralgia,N,safety_v3:RESOLVED
S0191,ARM2,muscle_weakness,N,safety_v3:RESOLVED
S0191,ARM2,dyspnea,N,safety_v3:RESOLVED
S0191,ARM2,neutropenia,N,safety_v3:RESOLVED
S0191,ARM2,neutrophil_count_decreased,N,safety_v3:RESOLVED
S0191,ARM2,thrombocytopenia,N,safety_v3:RESOLVED
S0191,ARM2,edema,N,safety_v3:RESOLVED
S0192,ARM2,neuropathy_-_sensory,N,safety_v3:RESOLVED
S0192,ARM2,fatigue,N,safety_v3:RESOLVED
S0192,ARM2,platelets,N,safety_v3:RESOLVED
S0192,ARM2,seizures,N,safety_v3:RESOLVED
S0192,ARM2,nausea,N,safety_v3:RESOLVED
S0192,ARM2,hemoglobin_normal_12_16_gm,N,safety_v3:RESOLVED
S0192,ARM2,arthralgia,N,safety_v3:RESOLVED
S0192,ARM2,vomiting,N,safety_v3:RESOLVED
S0192,ARM2,anorexia,N,safety_v3:RESOLVED
S0192,ARM2,muscle_weakness,N,safety_v3:RESOLVED
S0192,ARM2,dyspnea,N,safety_v3:RESOLVED
S0192,ARM2,hypernatremia,N,safety_v3:RESOLVED
S0192,ARM2,anemia,N,safety_v3:RESOLVED
S0192,ARM2,anxiety,N,safety_v3:RESOLVED
S0192,ARM2,neutropenia,N,safety_v3:RESOLVED
S0192,ARM2,neutrophil_count_decreased,N,safety_v3:RESOLVED
S0192,ARM2,decreased_platelet_count,N,safety_v3:RESOLVED
S0192,ARM2,weight_loss,N,safety_v3:RESOLVED
S0192,ARM2,gastrointestinal,N,safety_v3:RESOLVED
S0192,ARM2,upper_respiratory_infections,N,safety_v3:RESOLVED
S0193,ARM2,neuropathy_-_sensory,N,safety_v3:RESOLVED
S0193,ARM2,fatigue,N,safety_v3:RESOLVED
S0193,ARM2,platelets,N,safety_v3:RESOLVED
S0193,ARM2,constipation,N,safety_v3:RESOLVED
S0193,ARM2,nausea,N,safety_v3:RESOLVED
S0193,ARM2,alopecia,N,safety_v3:RESOLVED
S0193,ARM2,hemoglobin_normal_12_16_gm,N,safety_v3:RESOLVED
S0193,ARM2,neuropathy_-_motor,N,safety_v3:RESOLVED
S0193,ARM2,headache,N,safety_v3:RESOLVED
S0193,ARM2,myalgia,N,safety_v3:RESOLVED
S0193,ARM2,vomiting,N,safety_v3:RESOLVED
S0193,ARM2,dizziness,N,safety_v3:RESOLVED
S0193,ARM2,muscle_weakness,N,safety_v3:RESOLVED
S0193,ARM2,catheter_related_infection,N,safety_v3:RESOLVED
S0193,ARM2,dyspnea,N,safety_v3:RESOLVED
S0193,ARM2,hypernatremia,N,safety_v3:RESOLVED
S0193,ARM2,anemia,N,safety_v3:RESOLVED
S0193,ARM2,hypocalcemia,N,safety_v3:RESOLVED
S0193,ARM2,hypoalbuminemia,N,safety_v3:RESOLVED
S0193,ARM2,stomatitis,N,safety_v3:RESOLVED
S0193,ARM2,dry_skin,N,safety_v3:RESOLVED
S0195,ARM2,neuropathy_-_sensory,N,safety_v3:RESOLVED
S0195,ARM2,fatigue,N,safety_v3:RESOLVED
S0195,ARM2,platelets,N,safety_v3:RESOLVED
S0195,ARM2,nausea,N,safety_v3:RESOLVED
S0195,ARM2,hemoglobin_normal_12_16_gm,N,safety_v3:RESOLVED
S0195,ARM2,headache,N,safety_v3:RESOLVED
S0195,ARM2,arthralgia,N,safety_v3:RESOLVED
S0195,ARM2,myalgia,N,safety_v3:RESOLVED
S0195,ARM2,vomiting,N,safety_v3:RESOLVED
S0195,ARM2,anorexia,N,safety_v3:RESOLVED
S0195,ARM2,muscle_weakness,N,safety_v3:RESOLVED
S0195,ARM2,depression_dominant,N,safety_v3:RESOLVED
S0195,ARM2,dyspnea,N,safety_v3:RESOLVED
S0195,ARM2,hypernatremia,N,safety_v3:RESOLVED
S0195,ARM2,anemia,N,safety_v3:RESOLVED
S0195,ARM2,coughing,N,safety_v3:RESOLVED
S0195,ARM2,neutropenia,N,safety_v3:RESOLVED
S0195,ARM2,neutrophil_count_decreased,N,safety_v3:RESOLVED
S0195,ARM2,thrombocytopenia,N,safety_v3:RESOLVED
S0195,ARM2,hyperkalemia,N,safety_v3:RESOLVED
S0195,ARM2,hypokalemia,N,safety_v3:RESOLVED
S0198,ARM2,neuropathy_-_sensory,N,safety_v3:RESOLVED
S0198,ARM2,fatigue,N,safety_v3:RESOLVED
S0198,ARM2,platelets,N,safety_v3:RESOLVED
S0198,ARM2,alopecia,N,safety_v3:RESOLVED
S0198,ARM2,hemoglobin_normal_12_16_gm,N,safety_v3:RESOLVED
S0198,ARM2,neuropathy_-_motor,N,safety_v3:RESOLVED
S0198,ARM2,arthralgia,N,safety_v3:RESOLVED
S0198,ARM2,muscle_weakness,N,safety_v3:RESOLVED
S0198,ARM2,dyspnea,N,safety_v3:RESOLVED
S0198,ARM2,hypernatremia,N,safety_v3:RESOLVED
S0198,ARM2,anemia,N,safety_v3:RESOLVED
S0198,ARM2,neutrophil_count_decreased,N,safety_v3:RESOLVED
S0198,ARM2,sweating,N,safety_v3:RESOLVED
S0198,ARM2,allergic_rhinitis_disorder,N,safety_v3:RESOLVED
S0198,ARM2,upper_respiratory_infections,N,safety_v3:RESOLVED
S0198,ARM2,thrombosis/thrombus/embolism,Y,safety_v3:RESOLVED
S0201,ARM2,neuropathy_-_sensory,N,safety_v3:RESOLVED
S0201,ARM2,platelets,N,safety_v3:RESOLVED
S0201,ARM2,nausea,N,safety_v3:RESOLVED
S0201,ARM2,hemoglobin_normal_12_16_gm,N,safety_v3:RESOLVED
S0201,ARM2,arthralgia,N,safety_v3:RESOLVED
S0201,ARM2,vomiting,N,safety_v3:RESOLVED
S0201,ARM2,anorexia,N,safety_v3:RESOLVED
S0201,ARM2,muscle_weakness,N,safety_v3:RESOLVED
S0201,ARM2,dyspnea,N,safety_v3:RESOLVED
S0201,ARM2,hypernatremia,N,safety_v3:RESOLVED
S0201,ARM2,anemia,N,safety_v3:RESOLVED
S0201,ARM2,anxiety,N,safety_v3:RESOLVED
S0201,ARM2,neutropenia,N,safety_v3:RESOLVED
S0201,ARM2,neutrophil_count_decreased,N,safety_v3:RESOLVED
S0201,ARM2,thrombocytopenia,N,safety_v3:RESOLVED
S0201,ARM2,alanine_aminotransferase_increased,N,safety_v3:RESOLVED
S0201,ARM2,peripheral_motor_neuropathy,N,safety_v3:RESOLVED
S0201,ARM2,platelets,Y,safety_v3:RESOLVED
S0202,ARM2,neuropathy_-_sensory,N,safety_v3:RESOLVED
S0202,ARM2,fatigue,N,safety_v3:RESOLVED
S0202,ARM2,platelets,N,safety_v3:RESOLVED
S0202,ARM2,constipation,N,safety_v3:RESOLVED
S0202,ARM2,nausea,N,safety_v3:RESOLVED
S0202,ARM2,hemoglobin_normal_12_16_gm,N,safety_v3:RESOLVED
S0202,ARM2,muscle_weakness,N,safety_v3:RESOLVED
S0202,ARM2,catheter_related_infection,N,safety_v3:RESOLVED
S0202,ARM2,sleeplessness,N,safety_v3:RESOLVED
S0202,ARM2,hypernatremia,N,safety_v3:RESOLVED
S0202,ARM2,anxiety,N,safety_v3:RESOLVED
S0202,ARM2,sweating,N,safety_v3:RESOLVED
S0202,ARM2,peripheral_motor_neuropathy,N,safety_v3:RESOLVED
S0202,ARM2,rhinitis,N,safety_v3:RESOLVED
S0203,ARM2,neuropathy_-_sensory,N,safety_v3:RESOLVED
S0203,ARM2,platelets,N,safety_v3:RESOLVED
S0203,ARM2,seizures,N,safety_v3:RESOLVED
S0203,ARM2,nausea,N,safety_v3:RESOLVED
S0203,ARM2,hemoglobin_normal_12_16_gm,N,safety_v3:RESOLVED
S0203,ARM2,neuropathy_-_motor,N,safety_v3:RESOLVED
S0203,ARM2,headache,N,safety_v3:RESOLVED
S0203,ARM2,vomiting,N,safety_v3:RESOLVED
S0203,ARM2,muscle_weakness,N,safety_v3:RESOLVED
S0203,ARM2,depression_dominant,N,safety_v3:RESOLVED
S0203,ARM2,dyspnea,N,safety_v3:RESOLVED
S0203,ARM2,hypernatremia,N,safety_v3:RESOLVED
S0203,ARM2,anemia,N,safety_v3:RESOLVED
S0203,ARM2,coughing,N,safety_v3:RESOLVED
S0203,ARM2,anxiety,N,safety_v3:RESOLVED
S0203,ARM2,neutropenia,N,safety_v3:RESOLVED
S0203,ARM2,thrombocytopenia,N,safety_v3:RESOLVED
S0203,ARM2,diarrhea,N,safety_v3:RESOLVED
S0203,ARM2,hyperkalemia,N,safety_v3:RESOLVED
S0203,ARM2,fever,N,safety_v3:RESOLVED
S0203,ARM2,hypocalcemia,N,safety_v3:RESOLVED
S0203,ARM2,gastrointestinal,N,safety_v3:RESOLVED
S0203,ARM2,dry_skin,N,safety_v3:RESOLVED
S0203,ARM2,upper_respiratory_infections,N,safety_v3:RESOLVED
S0204,ARM2,neuropathy_-_sensory,N,safety_v3:RESOLVED
S0204,ARM2,fatigue,N,safety_v3:RESOLVED
S0204,ARM2,platelets,N,safety_v3:RESOLVED
S0204,ARM2,constipation,N,safety_v3:RESOLVED
S0204,ARM2,nausea,N,safety_v3:RESOLVED
S0204,ARM2,hemoglobin_normal_12_16_gm,N,safety_v3:RESOLVED
S0204,ARM2,neuropathy_-_motor,N,safety_v3:RESOLVED
S0204,ARM2,headache,N,safety_v3:RESOLVED
S0204,ARM2,arthralgia,N,safety_v3:RESOLVED
S0204,ARM2,vomiting,N,safety_v3:RESOLVED
S0204,ARM2,muscle_weakness,N,safety_v3:RESOLVED
S0204,ARM2,hypernatremia,N,safety_v3:RESOLVED
S0204,ARM2,neutrophil_count_decreased,N,safety_v3:RESOLVED
S0204,ARM2,hyperkalemia,N,safety_v3:RESOLVED
S0204,ARM2,alanine_aminotransferase_increased,N,safety_v3:RESOLVED
S0204,ARM2,upper_respiratory_infections,N,safety_v3:RESOLVED
S0205,ARM2,neuropathy_-_sensory,N,safety_v3:RESOLVED
S0205,ARM2,fatigue,N,safety_v3:RESOLVED
S0205,ARM2,platelets,N,safety_v3:RESOLVED
S0205,ARM2,nausea,N,safety_v3:RESOLVED
S0205,ARM2,headache,N,safety_v3:RESOLVED
S0205,ARM2,muscle_weakness,N,safety_v3:RESOLVED
S0205,ARM2,dyspnea,N,safety_v3:RESOLVED
S0205,ARM2,hypernatremia,N,safety_v3:RESOLVED
S0205,ARM2,anemia,N,safety_v3:RESOLVED
S0205,ARM2,neutropenia,N,safety_v3:RESOLVED
S0205,ARM2,neutrophil_count_decreased,N,safety_v3:RESOLVED
S0205,ARM2,hyperkalemia,N,safety_v3:RESOLVED
S0205,ARM2,sweating,N,safety_v3:RESOLVED
S0205,ARM2,rhinitis,N,safety_v3:RESOLVED
S0207,ARM2,neuropathy_-_sensory,N,safety_v3:RESOLVED
S0207,ARM2,fatigue,N,safety_v3:RESOLVED
S0207,ARM2,platelets,N,safety_v3:RESOLVED
S0207,ARM2,nausea,N,safety_v3:RESOLVED
S0207,ARM2,alopecia,N,safety_v3:RESOLVED
S0207,ARM2,hemoglobin_normal_12_16_gm,N,safety_v3:RESOLVED
S0207,ARM2,headache,N,safety_v3:RESOLVED
S0207,ARM2,vomiting,N,safety_v3:RESOLVED
S0207,ARM2,muscle_weakness,N,safety_v3:RESOLVED
S0207,ARM2,dyspnea,N,safety_v3:RESOLVED
S0207,ARM2,hypernatremia,N,safety_v3:RESOLVED
S0207,ARM2,anemia,N,safety_v3:RESOLVED
S0207,ARM2,anxiety,N,safety_v3:RESOLVED
S0207,ARM2,neutropenia,N,safety_v3:RESOLVED
S0207,ARM2,neutrophil_count_decreased,N,safety_v3:RESOLVED
S0207,ARM2,thrombocytopenia,N,safety_v3:RESOLVED
S0207,ARM2,gastrointestinal,N,safety_v3:RESOLVED
S0207,ARM2,platelets,Y,safety_v3:RESOLVED
S0207,ARM2,thrombosis,Y,safety_v3:RESOLVED
S0211,ARM2,neuropathy_-_sensory,N,safety_v3:RESOLVED
S0211,ARM2,fatigue,N,safety_v3:RESOLVED
S0211,ARM2,platelets,N,safety_v3:RESOLVED
S0211,ARM2,constipation,N,safety_v3:RESOLVED
S0211,ARM2,nausea,N,safety_v3:RESOLVED
S0211,ARM2,hemoglobin_normal_12_16_gm,N,safety_v3:RESOLVED
S0211,ARM2,headache,N,safety_v3:RESOLVED
S0211,ARM2,myalgia,N,safety_v3:RESOLVED
S0211,ARM2,anorexia,N,safety_v3:RESOLVED
S0211,ARM2,muscle_weakness,N,safety_v3:RESOLVED
S0211,ARM2,depression_dominant,N,safety_v3:RESOLVED
S0211,ARM2,hypernatremia,N,safety_v3:RESOLVED
S0211,ARM2,coughing,N,safety_v3:RESOLVED
S0211,ARM2,neutropenia,N,safety_v3:RESOLVED
S0211,ARM2,neutrophil_count_decreased,N,safety_v3:RESOLVED
S0211,ARM2,thrombocytopenia,N,safety_v3:RESOLVED
S0211,ARM2,hyperkalemia,N,safety_v3:RESOLVED
S0211,ARM2,thrombosis/thrombus/embolism,Y,safety_v3:RESOLVED
S0212,ARM2,neuropathy_-_sensory,N,safety_v3:RESOLVED
S0212,ARM2,fatigue,N,safety_v3:RESOLVED
S0212,ARM2,platelets,N,safety_v3:RESOLVED
S0212,ARM2,nausea,N,safety_v3:RESOLVED
S0212,ARM2,hemoglobin_normal_12_16_gm,N,safety_v3:RESOLVED
S0212,ARM2,arthralgia,N,safety_v3:RESOLVED
S0212,ARM2,vomiting,N,safety_v3:RESOLVED
S0212,ARM2,anorexia,N,safety_v3:RESOLVED
S0212,ARM2,muscle_weakness,N,safety_v3:RESOLVED
S0212,ARM2,catheter_related_infection,N,safety_v3:RESOLVED
S0212,ARM2,dyspnea,N,safety_v3:RESOLVED
S0212,ARM2,hypernatremia,N,safety_v3:RESOLVED
S0212,ARM2,anemia,N,safety_v3:RESOLVED
S0212,ARM2,coughing,N,safety_v3:RESOLVED
S0212,ARM2,neutropenia,N,safety_v3:RESOLVED
S0212,ARM2,hyperkalemia,N,safety_v3:RESOLVED
S0212,ARM2,hypokalemia,N,safety_v3:RESOLVED
S0212,ARM2,rhinitis,N,safety_v3:RESOLVED
S0215,ARM2,neuropathy_-_sensory,N,safety_v3:RESOLVED
S0215,ARM2,platelets,N,safety_v3:RESOLVED
S0215,ARM2,nausea,N,safety_v3:RESOLVED
S0215,ARM2,hemoglobin_normal_12_16_gm,N,safety_v3:RESOLVED
S0215,ARM2,muscle_weakness,N,safety_v3:RESOLVED
S0215,ARM2,catheter_related_infection,N,safety_v3:RESOLVED
S0215,ARM2,depression_dominant,N,safety_v3:RESOLVED
S0215,ARM2,hypernatremia,N,safety_v3:RESOLVED
S0215,ARM2,hypertriglyceridemia,N,safety_v3:RESOLVED
S0215,ARM2,neutropenia,N,safety_v3:RESOLVED
S0215,ARM2,neutrophil_count_decreased,N,safety_v3:RESOLVED
S0215,ARM2,peripheral_motor_neuropathy,N,safety_v3:RESOLVED
S0215,ARM2,dysgeusia,N,safety_v3:RESOLVED
S0215,ARM2,gastrointestinal,N,safety_v3:RESOLVED
S0215,ARM2,blurred_vision,N,safety_v3:RESOLVED
S0215,ARM2,rhinitis,N,safety_v3:RESOLVED
S0215,ARM2,upper_respiratory_infections,N,safety_v3:RESOLVED
S0217,ARM2,neuropathy_-_sensory,N,safety_v3:RESOLVED
S0217,ARM2,fatigue,N,safety_v3:RESOLVED
S0217,ARM2,platelets,N,safety_v3:RESOLVED
S0217,ARM2,nausea,N,safety_v3:RESOLVED
S0217,ARM2,hemoglobin_normal_12_16_gm,N,safety_v3:RESOLVED
S0217,ARM2,headache,N,safety_v3:RESOLVED
S0217,ARM2,myalgia,N,safety_v3:RESOLVED
S0217,ARM2,anorexia,N,safety_v3:RESOLVED
S0217,ARM2,dizziness,N,safety_v3:RESOLVED
S0217,ARM2,muscle_weakness,N,safety_v3:RESOLVED
S0217,ARM2,dyspnea,N,safety_v3:RESOLVED
S0217,ARM2,hypernatremia,N,safety_v3:RESOLVED
S0217,ARM2,coughing,N,safety_v3:RESOLVED
S0217,ARM2,neutropenia,N,safety_v3:RESOLVED
S0217,ARM2,neutrophil_count_decreased,N,safety_v3:RESOLVED
S0217,ARM2,thrombocytopenia,N,safety_v3:RESOLVED
S0217,ARM2,hypophosphatemia,N,safety_v3:RESOLVED
S0217,ARM2,hyperkalemia,N,safety_v3:RESOLVED
S0217,ARM2,alanine_aminotransferase_increased,N,safety_v3:RESOLVED
S0217,ARM2,hypocalcemia,N,safety_v3:RESOLVED
S0217,ARM2,hyperglycemia,N,safety_v3:RESOLVED
S0217,ARM2,gastrointestinal,N,safety_v3:RESOLVED
S0217,ARM2,neutrophils,N,safety_v3:RESOLVED
S0217,ARM2,neutrophils,Y,safety_v3:RESOLVED
S0218,ARM2,neuropathy_-_sensory,N,safety_v3:RESOLVED
S0218,ARM2,fatigue,N,safety_v3:RESOLVED
S0218,ARM2,seizures,N,safety_v3:RESOLVED
S0218,ARM2,nausea,N,safety_v3:RESOLVED
S0218,ARM2,hemoglobin_normal_12_16_gm,N,safety_v3:RESOLVED
S0218,ARM2,neuropathy_-_motor,N,safety_v3:RESOLVED
S0218,ARM2,headache,N,safety_v3:RESOLVED
S0218,ARM2,arthralgia,N,safety_v3:RESOLVED
S0218,ARM2,vomiting,N,safety_v3:RESOLVED
S0218,ARM2,anorexia,N,safety_v3:RESOLVED
S0218,ARM2,muscle_weakness,N,safety_v3:RESOLVED
S0218,ARM2,dyspnea,N,safety_v3:RESOLVED
S0218,ARM2,hypernatremia,N,safety_v3:RESOLVED
S0218,ARM2,neutropenia,N,safety_v3:RESOLVED
S0218,ARM2,neutrophil_count_decreased,N,safety_v3:RESOLVED
S0218,ARM2,sweating,N,safety_v3:RESOLVED
S0218,ARM2,hypokalemia,N,safety_v3:RESOLVED
S0218,ARM2,neutrophils,N,safety_v3:RESOLVED
S0218,ARM2,stomatitis,N,safety_v3:RESOLVED
S0222,ARM2,neuropathy_-_sensory,N,safety_v3:RESOLVED
S0222,ARM2,fatigue,N,safety_v3:RESOLVED
S0222,ARM2,platelets,N,safety_v3:RESOLVED
S0222,ARM2,constipation,N,safety_v3:RESOLVED
S0222,ARM2,nausea,N,safety_v3:RESOLVED
S0222,ARM2,hemoglobin_normal_12_16_gm,N,safety_v3:RESOLVED
S0222,ARM2,arthralgia,N,safety_v3:RESOLVED
S0222,ARM2,myalgia,N,safety_v3:RESOLVED
S0222,ARM2,vomiting,N,safety_v3:RESOLVED
S0222,ARM2,anorexia,N,safety_v3:RESOLVED
S0222,ARM2,muscle_weakness,N,safety_v3:RESOLVED
S0222,ARM2,hypernatremia,N,safety_v3:RESOLVED
S0222,ARM2,neutropenia,N,safety_v3:RESOLVED
S0222,ARM2,neutrophil_count_decreased,N,safety_v3:RESOLVED
S0222,ARM2,thrombocytopenia,N,safety_v3:RESOLVED
S0222,ARM2,peripheral_motor_neuropathy,N,safety_v3:RESOLVED
S0222,ARM2,gastrointestinal,N,safety_v3:RESOLVED
S0223,ARM2,neuropathy_-_sensory,N,safety_v3:RESOLVED
S0223,ARM2,fatigue,N,safety_v3:RESOLVED
S0223,ARM2,platelets,N,safety_v3:RESOLVED
S0223,ARM2,constipation,N,safety_v3:RESOLVED
S0223,ARM2,nausea,N,safety_v3:RESOLVED
S0223,ARM2,hemoglobin_normal_12_16_gm,N,safety_v3:RESOLVED
S0223,ARM2,arthralgia,N,safety_v3:RESOLVED
S0223,ARM2,myalgia,N,safety_v3:RESOLVED
S0223,ARM2,dyspnea,N,safety_v3:RESOLVED
S0223,ARM2,anxiety,N,safety_v3:RESOLVED
S0223,ARM2,neutropenia,N,safety_v3:RESOLVED
S0223,ARM2,neutrophil_count_decreased,N,safety_v3:RESOLVED
S0223,ARM2,alanine_aminotransferase_increased,N,safety_v3:RESOLVED
S0223,ARM2,sweating,N,safety_v3:RESOLVED
S0223,ARM2,gastrointestinal,N,safety_v3:RESOLVED
S0223,ARM2,hydrocephalus,Y,safety_v3:RESOLVED
S0225,ARM2,neuropathy_-_sensory,N,safety_v3:RESOLVED
S0225,ARM2,fatigue,N,safety_v3:RESOLVED
S0225,ARM2,platelets,N,safety_v3:RESOLVED
S0225,ARM2,nausea,N,safety_v3:RESOLVED
S0225,ARM2,hemoglobin_normal_12_16_gm,N,safety_v3:RESOLVED
S0225,ARM2,vomiting,N,safety_v3:RESOLVED
S0225,ARM2,muscle_weakness,N,safety_v3:RESOLVED
S0225,ARM2,dyspnea,N,safety_v3:RESOLVED
S0225,ARM2,hypernatremia,N,safety_v3:RESOLVED
S0225,ARM2,anemia,N,safety_v3:RESOLVED
S0225,ARM2,neutropenia,N,safety_v3:RESOLVED
S0225,ARM2,neutrophil_count_decreased,N,safety_v3:RESOLVED
S0225,ARM2,peripheral_motor_neuropathy,N,safety_v3:RESOLVED
S0225,ARM2,hypoalbuminemia,N,safety_v3:RESOLVED
S0226,ARM2,neuropathy_-_sensory,N,safety_v3:RESOLVED
S0226,ARM2,fatigue,N,safety_v3:RESOLVED
S0226,ARM2,platelets,N,safety_v3:RESOLVED
S0226,ARM2,constipation,N,safety_v3:RESOLVED
S0226,ARM2,nausea,N,safety_v3:RESOLVED
S0226,ARM2,hemoglobin_normal_12_16_gm,N,safety_v3:RESOLVED
S0226,ARM2,neuropathy_-_motor,N,safety_v3:RESOLVED
S0226,ARM2,dizziness,N,safety_v3:RESOLVED
S0226,ARM2,muscle_weakness,N,safety_v3:RESOLVED
S0226,ARM2,catheter_related_infection,N,safety_v3:RESOLVED
S0226,ARM2,dyspnea,N,safety_v3:RESOLVED
S0226,ARM2,hypernatremia,N,safety_v3:RESOLVED
S0226,ARM2,coughing,N,safety_v3:RESOLVED
S0226,ARM2,anxiety,N,safety_v3:RESOLVED
S0226,ARM2,neutropenia,N,safety_v3:RESOLVED
S0226,ARM2,decreased_platelet_count,N,safety_v3:RESOLVED
S0226,ARM2,hyperkalemia,N,safety_v3:RESOLVED
S0226,ARM2,hyperglycemia,N,safety_v3:RESOLVED
S0226,ARM2,gastrointestinal,N,safety_v3:RESOLVED
S0226,ARM2,rash_erythematous_macules_or_papules,N,safety_v3:RESOLVED
S0226,ARM2,rhinitis,N,safety_v3:RESOLVED
S0227,ARM2,neuropathy_-_sensory,N,safety_v3:RESOLVED
S0227,ARM2,fatigue,N,safety_v3:RESOLVED
S0227,ARM2,platelets,N,safety_v3:RESOLVED
S0227,ARM2,nausea,N,safety_v3:RESOLVED
S0227,ARM2,alopecia,N,safety_v3:RESOLVED
S0227,ARM2,hemoglobin_normal_12_16_gm,N,safety_v3:RESOLVED
S0227,ARM2,neuropathy_-_motor,N,safety_v3:RESOLVED
S0227,ARM2,anorexia,N,safety_v3:RESOLVED
S0227,ARM2,muscle_weakness,N,safety_v3:RESOLVED
S0227,ARM2,catheter_related_infection,N,safety_v3:RESOLVED
S0227,ARM2,hypernatremia,N,safety_v3:RESOLVED
S0227,ARM2,anemia,N,safety_v3:RESOLVED
S0227,ARM2,neutropenia,N,safety_v3:RESOLVED
S0227,ARM2,neutrophil_count_decreased,N,safety_v3:RESOLVED
S0227,ARM2,thrombocytopenia,N,safety_v3:RESOLVED
S0227,ARM2,peripheral_motor_neuropathy,N,safety_v3:RESOLVED
S0227,ARM2,rhinitis,N,safety_v3:RESOLVED
S0228,ARM2,neuropathy_-_sensory,N,safety_v3:RESOLVED
S0228,ARM2,fatigue,N,safety_v3:RESOLVED
S0228,ARM2,platelets,N,safety_v3:RESOLVED
S0228,ARM2,seizures,N,safety_v3:RESOLVED
S0228,ARM2,nausea,N,safety_v3:RESOLVED
S0228,ARM2,alopecia,N,safety_v3:RESOLVED
S0228,ARM2,hemoglobin_normal_12_16_gm,N,safety_v3:RESOLVED
S0228,ARM2,headache,N,safety_v3:RESOLVED
S0228,ARM2,anorexia,N,safety_v3:RESOLVED
S0228,ARM2,muscle_weakness,N,safety_v3:RESOLVED
S0228,ARM2,anemia,N,safety_v3:RESOLVED
S0228,ARM2,hypertriglyceridemia,N,safety_v3:RESOLVED
S0228,ARM2,anxiety,N,safety_v3:RESOLVED
S0228,ARM2,neutrophil_count_decreased,N,safety_v3:RESOLVED
S0228,ARM2,thrombocytopenia,N,safety_v3:RESOLVED
S0228,ARM2,peripheral_motor_neuropathy,N,safety_v3:RESOLVED
S0228,ARM2,thrombosis/thrombus/embolism,Y,safety_v3:RESOLVED
S0229,ARM2,neuropathy_-_sensory,N,safety_v3:RESOLVED
S0229,ARM2,fatigue,N,safety_v3:RESOLVED
S0229,ARM2,platelets,N,safety_v3:RESOLVED
S0229,ARM2,nausea,N,safety_v3:RESOLVED
S0229,ARM2,hemoglobin_normal_12_16_gm,N,safety_v3:RESOLVED
S0229,ARM2,arthralgia,N,safety_v3:RESOLVED
S0229,ARM2,myalgia,N,safety_v3:RESOLVED
S0229,ARM2,muscle_weakness,N,safety_v3:RESOLVED
S0229,ARM2,dyspnea,N,safety_v3:RESOLVED
S0229,ARM2,hypernatremia,N,safety_v3:RESOLVED
S0229,ARM2,hypertriglyceridemia,N,safety_v3:RESOLVED
S0229,ARM2,anxiety,N,safety_v3:RESOLVED
S0229,ARM2,neutrophil_count_decreased,N,safety_v3:RESOLVED
S0229,ARM2,hyperkalemia,N,safety_v3:RESOLVED
S0229,ARM2,dry_skin,N,safety_v3:RESOLVED
S0229,ARM2,thrombosis/thrombus/embolism,Y,safety_v3:RESOLVED
S0230,ARM2,neuropathy_-_sensory,N,safety_v3:RESOLVED
S0230,ARM2,platelets,N,safety_v3:RESOLVED
S0230,ARM2,constipation,N,safety_v3:RESOLVED
S0230,ARM2,nausea,N,safety_v3:RESOLVED
S0230,ARM2,myalgia,N,safety_v3:RESOLVED
S0230,ARM2,anorexia,N,safety_v3:RESOLVED
S0230,ARM2,muscle_weakness,N,safety_v3:RESOLVED
S0230,ARM2,dyspnea,N,safety_v3:RESOLVED
S0230,ARM2,anemia,N,safety_v3:RESOLVED
S0230,ARM2,neutropenia,N,safety_v3:RESOLVED
S0230,ARM2,neutrophil_count_decreased,N,safety_v3:RESOLVED
S0230,ARM2,hyperkalemia,N,safety_v3:RESOLVED
S0230,ARM2,peripheral_motor_neuropathy,N,safety_v3:RESOLVED
S0230,ARM2,weight_loss,N,safety_v3:RESOLVED
S0230,ARM2,stomatitis,N,safety_v3:RESOLVED
S0230,ARM2,platelets,Y,safety_v3:RESOLVED
S0232,ARM2,neuropathy_-_sensory,N,safety_v3:RESOLVED
S0232,ARM2,fatigue,N,safety_v3:RESOLVED
S0232,ARM2,platelets,N,safety_v3:RESOLVED
S0232,ARM2,nausea,N,safety_v3:RESOLVED
S0232,ARM2,alopecia,N,safety_v3:RESOLVED
S0232,ARM2,hemoglobin_normal_12_16_gm,N,safety_v3:RESOLVED
S0232,ARM2,vomiting,N,safety_v3:RESOLVED
S0232,ARM2,anorexia,N,safety_v3:RESOLVED
S0232,ARM2,muscle_weakness,N,safety_v3:RESOLVED
S0232,ARM2,dyspnea,N,safety_v3:RESOLVED
S0232,ARM2,hypertriglyceridemia,N,safety_v3:RESOLVED
S0232,ARM2,anxiety,N,safety_v3:RESOLVED
S0232,ARM2,gastrointestinal,N,safety_v3:RESOLVED
S0233,ARM2,neuropathy_-_sensory,N,safety_v3:RESOLVED
S0233,ARM2,fatigue,N,safety_v3:RESOLVED
S0233,ARM2,platelets,N,safety_v3:RESOLVED
S0233,ARM2,nausea,N,safety_v3:RESOLVED
S0233,ARM2,hemoglobin_normal_12_16_gm,N,safety_v3:RESOLVED
S0233,ARM2,neuropathy_-_motor,N,safety_v3:RESOLVED
S0233,ARM2,vomiting,N,safety_v3:RESOLVED
S0233,ARM2,muscle_weakness,N,safety_v3:RESOLVED
S0233,ARM2,catheter_related_infection,N,safety_v3:RESOLVED
S0233,ARM2,dyspnea,N,safety_v3:RESOLVED
S0233,ARM2,hypernatremia,N,safety_v3:RESOLVED
S0233,ARM2,hypertriglyceridemia,N,safety_v3:RESOLVED
S0233,ARM2,anxiety,N,safety_v3:RESOLVED
S0233,ARM2,neutropenia,N,safety_v3:RESOLVED
S0233,ARM2,neutrophil_count_decreased,N,safety_v3:RESOLVED
S0233,ARM2,thrombocytopenia,N,safety_v3:RESOLVED
S0233,ARM2,hypocalcemia,N,safety_v3:RESOLVED
S0234,ARM2,neuropathy_-_sensory,N,safety_v3:RESOLVED
S0234,ARM2,fatigue,N,safety_v3:RESOLVED
S0234,ARM2,platelets,N,safety_v3:RESOLVED
S0234,ARM2,constipation,N,safety_v3:RESOLVED
S0234,ARM2,nausea,N,safety_v3:RESOLVED
S0234,ARM2,hemoglobin_normal_12_16_gm,N,safety_v3:RESOLVED
S0234,ARM2,headache,N,safety_v3:RESOLVED
S0234,ARM2,arthralgia,N,safety_v3:RESOLVED
S0234,ARM2,myalgia,N,safety_v3:RESOLVED
S0234,ARM2,vomiting,N,safety_v3:RESOLVED
S0234,ARM2,muscle_weakness,N,safety_v3:RESOLVED
S0234,ARM2,dyspnea,N,safety_v3:RESOLVED
S0234,ARM2,coughing,N,safety_v3:RESOLVED
S0234,ARM2,anxiety,N,safety_v3:RESOLVED
S0234,ARM2,neutropenia,N,safety_v3:RESOLVED
S0234,ARM2,neutrophil_count_decreased,N,safety_v3:RESOLVED
S0234,ARM2,decreased_platelet_count,N,safety_v3:RESOLVED
S0234,ARM2,sweating,N,safety_v3:RESOLVED
S0234,ARM2,gastrointestinal,N,safety_v3:RESOLVED
S0234,ARM2,allergic_rhinitis_disorder,N,safety_v3:RESOLVED
S0235,ARM2,neuropathy_-_sensory,N,safety_v3:RESOLVED
S0235,ARM2,fatigue,N,safety_v3:RESOLVED
S0235,ARM2,platelets,N,safety_v3:RESOLVED
S0235,ARM2,nausea,N,safety_v3:RESOLVED
S0235,ARM2,alopecia,N,safety_v3:RESOLVED
S0235,ARM2,hemoglobin_normal_12_16_gm,N,safety_v3:RESOLVED
S0235,ARM2,arthralgia,N,safety_v3:RESOLVED
S0235,ARM2,myalgia,N,safety_v3:RESOLVED
S0235,ARM2,vomiting,N,safety_v3:RESOLVED
S0235,ARM2,muscle_weakness,N,safety_v3:RESOLVED
S0235,ARM2,sleeplessness,N,safety_v3:RESOLVED
S0235,ARM2,dyspnea,N,safety_v3:RESOLVED
S0235,ARM2,hypernatremia,N,safety_v3:RESOLVED
S0235,ARM2,neutropenia,N,safety_v3:RESOLVED
S0235,ARM2,neutrophil_count_decreased,N,safety_v3:RESOLVED
S0235,ARM2,gastrointestinal,N,safety_v3:RESOLVED
S0236,ARM2,neuropathy_-_sensory,N,safety_v3:RESOLVED
S0236,ARM2,fatigue,N,safety_v3:RESOLVED
S0236,ARM2,platelets,N,safety_v3:RESOLVED
S0236,ARM2,seizures,N,safety_v3:RESOLVED
S0236,ARM2,nausea,N,safety_v3:RESOLVED
S0236,ARM2,hemoglobin_normal_12_16_gm,N,safety_v3:RESOLVED
S0236,ARM2,neuropathy_-_motor,N,safety_v3:RESOLVED
S0236,ARM2,headache,N,safety_v3:RESOLVED
S0236,ARM2,vomiting,N,safety_v3:RESOLVED
S0236,ARM2,muscle_weakness,N,safety_v3:RESOLVED
S0236,ARM2,dyspnea,N,safety_v3:RESOLVED
S0236,ARM2,hypertriglyceridemia,N,safety_v3:RESOLVED
S0236,ARM2,neutropenia,N,safety_v3:RESOLVED
S0236,ARM2,neutrophil_count_decreased,N,safety_v3:RESOLVED
S0236,ARM2,thrombocytopenia,N,safety_v3:RESOLVED
S0236,ARM2,alanine_aminotransferase_increased,N,safety_v3:RESOLVED
S0236,ARM2,sweating,N,safety_v3:RESOLVED
S0236,ARM2,white_blood_cell_count_decreased,Y,safety_v3:RESOLVED
S0236,ARM2,hydrocephalus,Y,safety_v3:RESOLVED
S0237,ARM2,neuropathy_-_sensory,N,safety_v3:RESOLVED
S0237,ARM2,fatigue,N,safety_v3:RESOLVED
S0237,ARM2,platelets,N,safety_v3:RESOLVED
S0237,ARM2,nausea,N,safety_v3:RESOLVED
S0237,ARM2,alopecia,N,safety_v3:RESOLVED
S0237,ARM2,hemoglobin_normal_12_16_gm,N,safety_v3:RESOLVED
S0237,ARM2,vomiting,N,safety_v3:RESOLVED
S0237,ARM2,anorexia,N,safety_v3:RESOLVED
S0237,ARM2,muscle_weakness,N,safety_v3:RESOLVED
S0237,ARM2,catheter_related_infection,N,safety_v3:RESOLVED
S0237,ARM2,hypernatremia,N,safety_v3:RESOLVED
S0237,ARM2,anemia,N,safety_v3:RESOLVED
S0237,ARM2,coughing,N,safety_v3:RESOLVED
S0237,ARM2,anxiety,N,safety_v3:RESOLVED
S0237,ARM2,neutrophil_count_decreased,N,safety_v3:RESOLVED
S0237,ARM2,allergic_rhinitis_disorder,N,safety_v3:RESOLVED
S0237,ARM2,upper_respiratory_infections,N,safety_v3:RESOLVED
S0238,ARM2,neuropathy_-_sensory,N,safety_v3:RESOLVED
S0238,ARM2,fatigue,N,safety_v3:RESOLVED
S0238,ARM2,platelets,N,safety_v3:RESOLVED
S0238,ARM2,hemoglobin_normal_12_16_gm,N,safety_v3:RESOLVED
S0238,ARM2,neuropathy_-_motor,N,safety_v3:RESOLVED
S0238,ARM2,myalgia,N,safety_v3:RESOLVED
S0238,ARM2,vomiting,N,safety_v3:RESOLVED
S0238,ARM2,muscle_weakness,N,safety_v3:RESOLVED
S0238,ARM2,catheter_related_infection,N,safety_v3:RESOLVED
S0238,ARM2,dyspnea,N,safety_v3:RESOLVED
S0238,ARM2,neutropenia,N,safety_v3:RESOLVED
S0238,ARM2,neutrophil_count_decreased,N,safety_v3:RESOLVED
S0238,ARM2,thrombocytopenia,N,safety_v3:RESOLVED
S0238,ARM2,gastrointestinal,N,safety_v3:RESOLVED
S0244,ARM2,neuropathy_-_sensory,N,safety_v3:RESOLVED
S0244,ARM2,fatigue,N,safety_v3:RESOLVED
S0244,ARM2,platelets,N,safety_v3:RESOLVED
S0244,ARM2,nausea,N,safety_v3:RESOLVED
S0244,ARM2,alopecia,N,safety_v3:RESOLVED
S0244,ARM2,hemoglobin_normal_12_16_gm,N,safety_v3:RESOLVED
S0244,ARM2,neuropathy_-_motor,N,safety_v3:RESOLVED
S0244,ARM2,arthralgia,N,safety_v3:RESOLVED
S0244,ARM2,myalgia,N,safety_v3:RESOLVED
S0244,ARM2,vomiting,N,safety_v3:RESOLVED
S0244,ARM2,anorexia,N,safety_v3:RESOLVED
S0244,ARM2,muscle_weakness,N,safety_v3:RESOLVED
S0244,ARM2,catheter_related_infection,N,safety_v3:RESOLVED
S0244,ARM2,depression_dominant,N,safety_v3:RESOLVED
S0244,ARM2,dyspnea,N,safety_v3:RESOLVED
S0244,ARM2,anemia,N,safety_v3:RESOLVED
S0244,ARM2,neutropenia,N,safety_v3:RESOLVED
S0244,ARM2,neutrophil_count_decreased,N,safety_v3:RESOLVED
S0244,ARM2,decreased_platelet_count,N,safety_v3:RESOLVED
S0244,ARM2,peripheral_motor_neuropathy,N,safety_v3:RESOLVED
S0244,ARM2,fever,N,safety_v3:RESOLVED
S0244,ARM2,hypocalcemia,N,safety_v3:RESOLVED
S0244,ARM2,neutrophils,N,safety_v3:RESOLVED
S0244,ARM2,upper_respiratory_infections,N,safety_v3:RESOLVED
S0244,ARM2,thrombosis/thrombus/embolism,Y,safety_v3:RESOLVED
S0246,ARM2,neuropathy_-_sensory,N,safety_v3:RESOLVED
S0246,ARM2,fatigue,N,safety_v3:RESOLVED
S0246,ARM2,platelets,N,safety_v3:RESOLVED
S0246,ARM2,constipation,N,safety_v3:RESOLVED
S0246,ARM2,nausea,N,safety_v3:RESOLVED
S0246,ARM2,neuropathy-motor,N,safety_v3:RESOLVED
S0246,ARM2,hemoglobin_normal_12_16_gm,N,safety_v3:RESOLVED
S0246,ARM2,headache,N,safety_v3:RESOLVED
S0246,ARM2,arthralgia,N,safety_v3:RESOLVED
S0246,ARM2,vomiting,N,safety_v3:RESOLVED
S0246,ARM2,muscle_weakness,N,safety_v3:RESOLVED
S0246,ARM2,catheter_related_infection,N,safety_v3:RESOLVED
S0246,ARM2,dyspnea,N,safety_v3:RESOLVED
S0246,ARM2,hypernatremia,N,safety_v3:RESOLVED
S0246,ARM2,neutrophil_count_decreased,N,safety_v3:RESOLVED
S0246,ARM2,sweating,N,safety_v3:RESOLVED
S0246,ARM2,edema,N,safety_v3:RESOLVED
S0246,ARM2,hypoalbuminemia,N,safety_v3:RESOLVED
S0246,ARM2,allergic_rhinitis_disorder,N,safety_v3:RESOLVED
S0246,ARM2,upper_respiratory_infections,N,safety_v3:RESOLVED
S0249,ARM2,neuropathy_-_sensory,N,safety_v3:RESOLVED
S0249,ARM2,fatigue,N,safety_v3:RESOLVED
S0249,ARM2,platelets,N,safety_v3:RESOLVED
S0249,ARM2,nausea,N,safety_v3:RESOLVED
S0249,ARM2,neuropathy-motor,N,safety_v3:RESOLVED
S0249,ARM2,vomiting,N,safety_v3:RESOLVED
S0249,ARM2,dizziness,N,safety_v3:RESOLVED
S0249,ARM2,muscle_weakness,N,safety_v3:RESOLVED
S0249,ARM2,catheter_related_infection,N,safety_v3:RESOLVED
S0249,ARM2,hypernatremia,N,safety_v3:RESOLVED
S0249,ARM2,anemia,N,safety_v3:RESOLVED
S0249,ARM2,hypertriglyceridemia,N,safety_v3:RESOLVED
S0249,ARM2,anxiety,N,safety_v3:RESOLVED
S0249,ARM2,neutropenia,N,safety_v3:RESOLVED
S0249,ARM2,decreased_platelet_count,N,safety_v3:RESOLVED
S0249,ARM2,thrombocytopenia,N,safety_v3:RESOLVED
S0249,ARM2,alanine_aminotransferase_increased,N,safety_v3:RESOLVED
S0249,ARM2,edema,N,safety_v3:RESOLVED
S0249,ARM2,platelets,Y,safety_v3:RESOLVED
S0250,ARM2,neuropathy_-_sensory,N,safety_v3:RESOLVED
S0250,ARM2,fatigue,N,safety_v3:RESOLVED
S0250,ARM2,platelets,N,safety_v3:RESOLVED
S0250,ARM2,nausea,N,safety_v3:RESOLVED
S0250,ARM2,neuropathy-motor,N,safety_v3:RESOLVED
S0250,ARM2,hemoglobin_normal_12_16_gm,N,safety_v3:RESOLVED
S0250,ARM2,neuropathy_-_motor,N,safety_v3:RESOLVED
S0250,ARM2,arthralgia,N,safety_v3:RESOLVED
S0250,ARM2,anorexia,N,safety_v3:RESOLVED
S0250,ARM2,muscle_weakness,N,safety_v3:RESOLVED
S0250,ARM2,dyspnea,N,safety_v3:RESOLVED
S0250,ARM2,hypertriglyceridemia,N,safety_v3:RESOLVED
S0250,ARM2,neutrophil_count_decreased,N,safety_v3:RESOLVED
S0250,ARM2,hyperkalemia,N,safety_v3:RESOLVED
S0250,ARM2,platelets,Y,safety_v3:RESOLVED
S0250,ARM2,seizures,Y,safety_v3:RESOLVED
S0252,ARM2,neuropathy_-_sensory,N,safety_v3:RESOLVED
S0252,ARM2,fatigue,N,safety_v3:RESOLVED
S0252,ARM2,platelets,N,safety_v3:RESOLVED
S0252,ARM2,nausea,N,safety_v3:RESOLVED
S0252,ARM2,neuropathy-motor,N,safety_v3:RESOLVED
S0252,ARM2,hemoglobin_normal_12_16_gm,N,safety_v3:RESOLVED
S0252,ARM2,headache,N,safety_v3:RESOLVED
S0252,ARM2,anorexia,N,safety_v3:RESOLVED
S0252,ARM2,muscle_weakness,N,safety_v3:RESOLVED
S0252,ARM2,dyspnea,N,safety_v3:RESOLVED
S0252,ARM2,hypernatremia,N,safety_v3:RESOLVED
S0252,ARM2,hypertriglyceridemia,N,safety_v3:RESOLVED
S0252,ARM2,anxiety,N,safety_v3:RESOLVED
S0252,ARM2,neutropenia,N,safety_v3:RESOLVED
S0252,ARM2,thrombocytopenia,N,safety_v3:RESOLVED
S0252,ARM2,pain_other,N,safety_v3:RESOLVED
S0252,ARM2,hypokalemia,N,safety_v3:RESOLVED
S0252,ARM2,seizures,Y,safety_v3:RESOLVED
S0254,ARM2,neuropathy_-_sensory,N,safety_v3:RESOLVED
S0254,ARM2,fatigue,N,safety_v3:RESOLVED
S0254,ARM2,platelets,N,safety_v3:RESOLVED
S0254,ARM2,nausea,N,safety_v3:RESOLVED
S0254,ARM2,hemoglobin_normal_12_16_gm,N,safety_v3:RESOLVED
S0254,ARM2,anorexia,N,safety_v3:RESOLVED
S0254,ARM2,dizziness,N,safety_v3:RESOLVED
S0254,ARM2,muscle_weakness,N,safety_v3:RESOLVED
S0254,ARM2,hypernatremia,N,safety_v3:RESOLVED
S0254,ARM2,neutropenia,N,safety_v3:RESOLVED
S0254,ARM2,neutrophil_count_decreased,N,safety_v3:RESOLVED
S0254,ARM2,thrombocytopenia,N,safety_v3:RESOLVED
S0254,ARM2,sweating,N,safety_v3:RESOLVED
S0254,ARM2,fever,N,safety_v3:RESOLVED
S0254,ARM2,gastrointestinal,N,safety_v3:RESOLVED
S0257,ARM2,neuropathy_-_sensory,N,safety_v3:RESOLVED
S0257,ARM2,fatigue,N,safety_v3:RESOLVED
S0257,ARM2,nausea,N,safety_v3:RESOLVED
S0257,ARM2,alopecia,N,safety_v3:RESOLVED
S0257,ARM2,hemoglobin_normal_12_16_gm,N,safety_v3:RESOLVED
S0257,ARM2,arthralgia,N,safety_v3:RESOLVED
S0257,ARM2,myalgia,N,safety_v3:RESOLVED
S0257,ARM2,vomiting,N,safety_v3:RESOLVED
S0257,ARM2,dizziness,N,safety_v3:RESOLVED
S0257,ARM2,muscle_weakness,N,safety_v3:RESOLVED
S0257,ARM2,dyspnea,N,safety_v3:RESOLVED
S0257,ARM2,hypernatremia,N,safety_v3:RESOLVED
S0257,ARM2,coughing,N,safety_v3:RESOLVED
S0257,ARM2,neutropenia,N,safety_v3:RESOLVED
S0257,ARM2,neutrophil_count_decreased,N,safety_v3:RESOLVED
S0257,ARM2,diarrhea,N,safety_v3:RESOLVED
S0257,ARM2,gastrointestinal,N,safety_v3:RESOLVED
S0257,ARM2,neutrophils,N,safety_v3:RESOLVED
S0259,ARM2,neuropathy_-_sensory,N,safety_v3:RESOLVED
S0259,ARM2,fatigue,N,safety_v3:RESOLVED
S0259,ARM2,platelets,N,safety_v3:RESOLVED
S0259,ARM2,seizures,N,safety_v3:RESOLVED
S0259,ARM2,nausea,N,safety_v3:RESOLVED
S0259,ARM2,neuropathy_-_motor,N,safety_v3:RESOLVED
S0259,ARM2,arthralgia,N,safety_v3:RESOLVED
S0259,ARM2,vomiting,N,safety_v3:RESOLVED
S0259,ARM2,muscle_weakness,N,safety_v3:RESOLVED
S0259,ARM2,catheter_related_infection,N,safety_v3:RESOLVED
S0259,ARM2,hypernatremia,N,safety_v3:RESOLVED
S0259,ARM2,anemia,N,safety_v3:RESOLVED
S0259,ARM2,anxiety,N,safety_v3:RESOLVED
S0259,ARM2,neutropenia,N,safety_v3:RESOLVED
S0259,ARM2,neutrophil_count_decreased,N,safety_v3:RESOLVED
S0259,ARM2,neutrophils,N,safety_v3:RESOLVED
S0259,ARM2,upper_respiratory_infections,N,safety_v3:RESOLVED
S0259,ARM2,platelets,Y,safety_v3:RESOLVED
S0261,ARM2,neuropathy_-_sensory,N,safety_v3:RESOLVED
S0261,ARM2,platelets,N,safety_v3:RESOLVED
S0261,ARM2,constipation,N,safety_v3:RESOLVED
S0261,ARM2,nausea,N,safety_v3:RESOLVED
S0261,ARM2,alopecia,N,safety_v3:RESOLVED
S0261,ARM2,hemoglobin_normal_12_16_gm,N,safety_v3:RESOLVED
S0261,ARM2,neuropathy_-_motor,N,safety_v3:RESOLVED
S0261,ARM2,arthralgia,N,safety_v3:RESOLVED
S0261,ARM2,myalgia,N,safety_v3:RESOLVED
S0261,ARM2,dizziness,N,safety_v3:RESOLVED
S0261,ARM2,muscle_weakness,N,safety_v3:RESOLVED
S0261,ARM2,catheter_related_infection,N,safety_v3:RESOLVED
S0261,ARM2,sleeplessness,N,safety_v3:RESOLVED
S0261,ARM2,neutropenia,N,safety_v3:RESOLVED
S0261,ARM2,neutrophil_count_decreased,N,safety_v3:RESOLVED
S0261,ARM2,hyperkalemia,N,safety_v3:RESOLVED
S0261,ARM2,hypokalemia,N,safety_v3:RESOLVED
S0261,ARM2,gastrointestinal,N,safety_v3:RESOLVED
S0261,ARM2,edema,N,safety_v3:RESOLVED
S0263,ARM2,neuropathy_-_sensory,N,safety_v3:RESOLVED
S0263,ARM2,fatigue,N,safety_v3:RESOLVED
S0263,ARM2,platelets,N,safety_v3:RESOLVED
S0263,ARM2,nausea,N,safety_v3:RESOLVED
S0263,ARM2,hemoglobin_normal_12_16_gm,N,safety_v3:RESOLVED
S0263,ARM2,neuropathy_-_motor,N,safety_v3:RESOLVED
S0263,ARM2,headache,N,safety_v3:RESOLVED
S0263,ARM2,myalgia,N,safety_v3:RESOLVED
S0263,ARM2,vomiting,N,safety_v3:RESOLVED
S0263,ARM2,anorexia,N,safety_v3:RESOLVED
S0263,ARM2,muscle_weakness,N,safety_v3:RESOLVED
S0263,ARM2,catheter_related_infection,N,safety_v3:RESOLVED
S0263,ARM2,sleeplessness,N,safety_v3:RESOLVED
S0263,ARM2,depression_dominant,N,safety_v3:RESOLVED
S0263,ARM2,dyspnea,N,safety_v3:RESOLVED
S0263,ARM2,hypernatremia,N,safety_v3:RESOLVED
S0263,ARM2,hypertriglyceridemia,N,safety_v3:RESOLVED
S0263,ARM2,neutropenia,N,safety_v3:RESOLVED
S0263,ARM2,hyperkalemia,N,safety_v3:RESOLVED
S0263,ARM2,pain_other,N,safety_v3:RESOLVED
S0263,ARM2,fever,N,safety_v3:RESOLVED
S0263,ARM2,sensory_neuropathy,N,safety_v3:RESOLVED
S0263,ARM2,blurred_vision,N,safety_v3:RESOLVED
S0263,ARM2,hypokalemia,Y,safety_v3:RESOLVED
S0270,ARM2,neuropathy_-_sensory,N,safety_v3:RESOLVED
S0270,ARM2,fatigue,N,safety_v3:RESOLVED
S0270,ARM2,platelets,N,safety_v3:RESOLVED
S0270,ARM2,seizures,N,safety_v3:RESOLVED
S0270,ARM2,nausea,N,safety_v3:RESOLVED
S0270,ARM2,alopecia,N,safety_v3:RESOLVED
S0270,ARM2,hemoglobin_normal_12_16_gm,N,safety_v3:RESOLVED
S0270,ARM2,neuropathy_-_motor,N,safety_v3:RESOLVED
S0270,ARM2,vomiting,N,safety_v3:RESOLVED
S0270,ARM2,muscle_weakness,N,safety_v3:RESOLVED
S0270,ARM2,dyspnea,N,safety_v3:RESOLVED
S0270,ARM2,anemia,N,safety_v3:RESOLVED
S0270,ARM2,coughing,N,safety_v3:RESOLVED
S0270,ARM2,neutropenia,N,safety_v3:RESOLVED
S0270,ARM2,hyperkalemia,N,safety_v3:RESOLVED
S0270,ARM2,gastrointestinal,N,safety_v3:RESOLVED
S0270,ARM2,neutrophils,Y,safety_v3:RESOLVED
S0271,ARM2,neuropathy_-_sensory,N,safety_v3:RESOLVED
S0271,ARM2,fatigue,N,safety_v3:RESOLVED
S0271,ARM2,platelets,N,safety_v3:RESOLVED
S0271,ARM2,constipation,N,safety_v3:RESOLVED
S0271,ARM2,nausea,N,safety_v3:RESOLVED
S0271,ARM2,neuropathy-motor,N,safety_v3:RESOLVED
S0271,ARM2,alopecia,N,safety_v3:RESOLVED
S0271,ARM2,hemoglobin_normal_12_16_gm,N,safety_v3:RESOLVED
S0271,ARM2,headache,N,safety_v3:RESOLVED
S0271,ARM2,myalgia,N,safety_v3:RESOLVED
S0271,ARM2,vomiting,N,safety_v3:RESOLVED
S0271,ARM2,dizziness,N,safety_v3:RESOLVED
S0271,ARM2,muscle_weakness,N,safety_v3:RESOLVED
S0271,ARM2,dyspnea,N,safety_v3:RESOLVED
S0271,ARM2,neutropenia,N,safety_v3:RESOLVED
S0271,ARM2,neutrophil_count_decreased,N,safety_v3:RESOLVED
S0271,ARM2,peripheral_motor_neuropathy,N,safety_v3:RESOLVED
S0271,ARM2,edema,N,safety_v3:RESOLVED
S0271,ARM2,allergic_rhinitis_disorder,N,safety_v3:RESOLVED
S0272,ARM2,neuropathy_-_sensory,N,safety_v3:RESOLVED
S0272,ARM2,fatigue,N,safety_v3:RESOLVED
S0272,ARM2,platelets,N,safety_v3:RESOLVED
S0272,ARM2,constipation,N,safety_v3:RESOLVED
S0272,ARM2,nausea,N,safety_v3:RESOLVED
S0272,ARM2,hemoglobin_normal_12_16_gm,N,safety_v3:RESOLVED
S0272,ARM2,neuropathy_-_motor,N,safety_v3:RESOLVED
S0272,ARM2,vomiting,N,safety_v3:RESOLVED
S0272,ARM2,anorexia,N,safety_v3:RESOLVED
S0272,ARM2,muscle_weakness,N,safety_v3:RESOLVED
S0272,ARM2,depression_dominant,N,safety_v3:RESOLVED
S0272,ARM2,dyspnea,N,safety_v3:RESOLVED
S0272,ARM2,hypertriglyceridemia,N,safety_v3:RESOLVED
S0272,ARM2,neutropenia,N,safety_v3:RESOLVED
S0272,ARM2,neutrophil_count_decreased,N,safety_v3:RESOLVED
S0272,ARM2,hyperkalemia,N,safety_v3:RESOLVED
S0272,ARM2,hypocalcemia,N,safety_v3:RESOLVED
S0272,ARM2,gastrointestinal,N,safety_v3:RESOLVED
S0272,ARM2,stomatitis,N,safety_v3:RESOLVED
S0272,ARM2,hydrocephalus,Y,safety_v3:RESOLVED
S0276,ARM2,neuropathy_-_sensory,N,safety_v3:RESOLVED
S0276,ARM2,fatigue,N,safety_v3:RESOLVED
S0276,ARM2,platelets,N,safety_v3:RESOLVED
S0276,ARM2,nausea,N,safety_v3:RESOLVED
S0276,ARM2,hemoglobin_normal_12_16_gm,N,safety_v3:RESOLVED
S0276,ARM2,arthralgia,N,safety_v3:RESOLVED
S0276,ARM2,muscle_weakness,N,safety_v3:RESOLVED
S0276,ARM2,catheter_related_infection,N,safety_v3:RESOLVED
S0276,ARM2,dyspnea,N,safety_v3:RESOLVED
S0276,ARM2,hypernatremia,N,safety_v3:RESOLVED
S0276,ARM2,anxiety,N,safety_v3:RESOLVED
S0276,ARM2,neutropenia,N,safety_v3:RESOLVED
S0276,ARM2,fever,N,safety_v3:RESOLVED
S0276,ARM2,gastrointestinal,N,safety_v3:RESOLVED
S0276,ARM2,rhinitis,N,safety_v3:RESOLVED
S0277,ARM2,neuropathy_-_sensory,N,safety_v3:RESOLVED
S0277,ARM2,fatigue,N,safety_v3:RESOLVED
S0277,ARM2,platelets,N,safety_v3:RESOLVED
S0277,ARM2,constipation,N,safety_v3:RESOLVED
S0277,ARM2,nausea,N,safety_v3:RESOLVED
S0277,ARM2,neuropathy-motor,N,safety_v3:RESOLVED
S0277,ARM2,alopecia,N,safety_v3:RESOLVED
S0277,ARM2,hemoglobin_normal_12_16_gm,N,safety_v3:RESOLVED
S0277,ARM2,myalgia,N,safety_v3:RESOLVED
S0277,ARM2,vomiting,N,safety_v3:RESOLVED
S0277,ARM2,muscle_weakness,N,safety_v3:RESOLVED
S0277,ARM2,catheter_related_infection,N,safety_v3:RESOLVED
S0277,ARM2,dyspnea,N,safety_v3:RESOLVED
S0277,ARM2,hypernatremia,N,safety_v3:RESOLVED
S0277,ARM2,neutropenia,N,safety_v3:RESOLVED
S0277,ARM2,thrombocytopenia,N,safety_v3:RESOLVED
S0278,ARM2,neuropathy_-_sensory,N,safety_v3:RESOLVED
S0278,ARM2,fatigue,N,safety_v3:RESOLVED
S0278,ARM2,platelets,N,safety_v3:RESOLVED
S0278,ARM2,nausea,N,safety_v3:RESOLVED
S0278,ARM2,hemoglobin_normal_12_16_gm,N,safety_v3:RESOLVED
S0278,ARM2,dizziness,N,safety_v3:RESOLVED
S0278,ARM2,sleeplessness,N,safety_v3:RESOLVED
S0278,ARM2,hypernatremia,N,safety_v3:RESOLVED
S0278,ARM2,coughing,N,safety_v3:RESOLVED
S0278,ARM2,neutropenia,N,safety_v3:RESOLVED
S0278,ARM2,neutrophil_count_decreased,N,safety_v3:RESOLVED
S0278,ARM2,thrombocytopenia,N,safety_v3:RESOLVED
S0278,ARM2,peripheral_motor_neuropathy,N,safety_v3:RESOLVED
S0278,ARM2,hypocalcemia,N,safety_v3:RESOLVED
S0278,ARM2,hyponatremia,N,safety_v3:RESOLVED
S0278,ARM2,hyperuricemia,N,safety_v3:RESOLVED
S0278,ARM2,hypokalemia,Y,safety_v3:RESOLVED
S0279,ARM2,neuropathy_-_sensory,N,safety_v3:RESOLVED
S0279,ARM2,fatigue,N,safety_v3:RESOLVED
S0279,ARM2,platelets,N,safety_v3:RESOLVED
S0279,ARM2,nausea,N,safety_v3:RESOLVED
S0279,ARM2,alopecia,N,safety_v3:RESOLVED
S0279,ARM2,hemoglobin_normal_12_16_gm,N,safety_v3:RESOLVED
S0279,ARM2,headache,N,safety_v3:RESOLVED
S0279,ARM2,arthralgia,N,safety_v3:RESOLVED
S0279,ARM2,vomiting,N,safety_v3:RESOLVED
S0279,ARM2,dizziness,N,safety_v3:RESOLVED
S0279,ARM2,muscle_weakness,N,safety_v3:RESOLVED
S0279,ARM2,catheter_related_infection,N,safety_v3:RESOLVED
S0279,ARM2,neutropenia,N,safety_v3:RESOLVED
S0279,ARM2,thrombocytopenia,N,safety_v3:RESOLVED
S0279,ARM2,peripheral_motor_neuropathy,N,safety_v3:RESOLVED
S0279,ARM2,hypokalemia,N,safety_v3:RESOLVED
S0279,ARM2,gastrointestinal,N,safety_v3:RESOLVED
S0279,ARM2,stomatitis,N,safety_v3:RESOLVED
S0279,ARM2,platelets,Y,safety_v3:RESOLVED
S0280,ARM2,neuropathy_-_sensory,N,safety_v3:RESOLVED
S0280,ARM2,fatigue,N,safety_v3:RESOLVED
S0280,ARM2,platelets,N,safety_v3:RESOLVED
S0280,ARM2,seizures,N,safety_v3:RESOLVED
S0280,ARM2,constipation,N,safety_v3:RESOLVED
S0280,ARM2,nausea,N,safety_v3:RESOLVED
S0280,ARM2,alopecia,N,safety_v3:RESOLVED
S0280,ARM2,hemoglobin_normal_12_16_gm,N,safety_v3:RESOLVED
S0280,ARM2,neuropathy_-_motor,N,safety_v3:RESOLVED
S0280,ARM2,arthralgia,N,safety_v3:RESOLVED
S0280,ARM2,myalgia,N,safety_v3:RESOLVED
S0280,ARM2,muscle_weakness,N,safety_v3:RESOLVED
S0280,ARM2,catheter_related_infection,N,safety_v3:RESOLVED
S0280,ARM2,hypernatremia,N,safety_v3:RESOLVED
S0280,ARM2,anemia,N,safety_v3:RESOLVED
S0280,ARM2,hypertriglyceridemia,N,safety_v3:RESOLVED
S0280,ARM2,anxiety,N,safety_v3:RESOLVED
S0280,ARM2,neutropenia,N,safety_v3:RESOLVED
S0280,ARM2,hyperkalemia,N,safety_v3:RESOLVED
S0280,ARM2,sweating,N,safety_v3:RESOLVED
S0280,ARM2,fever,N,safety_v3:RESOLVED
S0280,ARM2,weight_loss,N,safety_v3:RESOLVED
S0280,ARM2,platelets,Y,safety_v3:RESOLVED
S0280,ARM2,thrombosis/thrombus/embolism,Y,safety_v3:RESOLVED
S0282,ARM2,neuropathy_-_sensory,N,safety_v3:RESOLVED
S0282,ARM2,fatigue,N,safety_v3:RESOLVED
S0282,ARM2,platelets,N,safety_v3:RESOLVED
S0282,ARM2,nausea,N,safety_v3:RESOLVED
S0282,ARM2,neuropathy-motor,N,safety_v3:RESOLVED
S0282,ARM2,hemoglobin_normal_12_16_gm,N,safety_v3:RESOLVED
S0282,ARM2,arthralgia,N,safety_v3:RESOLVED
S0282,ARM2,vomiting,N,safety_v3:RESOLVED
S0282,ARM2,anorexia,N,safety_v3:RESOLVED
S0282,ARM2,dizziness,N,safety_v3:RESOLVED
S0282,ARM2,muscle_weakness,N,safety_v3:RESOLVED
S0282,ARM2,hypernatremia,N,safety_v3:RESOLVED
S0282,ARM2,coughing,N,safety_v3:RESOLVED
S0282,ARM2,hypertriglyceridemia,N,safety_v3:RESOLVED
S0282,ARM2,neutropenia,N,safety_v3:RESOLVED
S0282,ARM2,neutrophil_count_decreased,N,safety_v3:RESOLVED
S0282,ARM2,fever,N,safety_v3:RESOLVED
S0282,ARM2,gastrointestinal,N,safety_v3:RESOLVED
S0282,ARM2,thrombosis/thrombus/embolism,Y,safety_v3:RESOLVED
S0287,ARM2,neuropathy_-_sensory,N,safety_v3:RESOLVED
S0287,ARM2,fatigue,N,safety_v3:RESOLVED
S0287,ARM2,platelets,N,safety_v3:RESOLVED
S0287,ARM2,nausea,N,safety_v3:RESOLVED
S0287,ARM2,neuropathy-motor,N,safety_v3:RESOLVED
S0287,ARM2,hemoglobin_normal_12_16_gm,N,safety_v3:RESOLVED
S0287,ARM2,neuropathy_-_motor,N,safety_v3:RESOLVED
S0287,ARM2,headache,N,safety_v3:RESOLVED
S0287,ARM2,arthralgia,N,safety_v3:RESOLVED
S0287,ARM2,vomiting,N,safety_v3:RESOLVED
S0287,ARM2,dizziness,N,safety_v3:RESOLVED
S0287,ARM2,muscle_weakness,N,safety_v3:RESOLVED
S0287,ARM2,anemia,N,safety_v3:RESOLVED
S0287,ARM2,thrombocytopenia,N,safety_v3:RESOLVED
S0287,ARM2,dysgeusia,N,safety_v3:RESOLVED
S0287,ARM2,rhinitis,N,safety_v3:RESOLVED
S0290,ARM2,neuropathy_-_sensory,N,safety_v3:RESOLVED
S0290,ARM2,platelets,N,safety_v3:RESOLVED
S0290,ARM2,seizures,N,safety_v3:RESOLVED
S0290,ARM2,nausea,N,safety_v3:RESOLVED
S0290,ARM2,alopecia,N,safety_v3:RESOLVED
S0290,ARM2,hemoglobin_normal_12_16_gm,N,safety_v3:RESOLVED
S0290,ARM2,arthralgia,N,safety_v3:RESOLVED
S0290,ARM2,anorexia,N,safety_v3:RESOLVED
S0290,ARM2,dizziness,N,safety_v3:RESOLVED
S0290,ARM2,muscle_weakness,N,safety_v3:RESOLVED
S0290,ARM2,catheter_related_infection,N,safety_v3:RESOLVED
S0290,ARM2,hypernatremia,N,safety_v3:RESOLVED
S0290,ARM2,anemia,N,safety_v3:RESOLVED
S0290,ARM2,hypertriglyceridemia,N,safety_v3:RESOLVED
S0290,ARM2,neutropenia,N,safety_v3:RESOLVED
S0290,ARM2,neutrophil_count_decreased,N,safety_v3:RESOLVED
S0290,ARM2,hypokalemia,N,safety_v3:RESOLVED
S0290,ARM2,gastrointestinal,N,safety_v3:RESOLVED
S0290,ARM2,blurred_vision,N,safety_v3:RESOLVED
S0290,ARM2,rhinitis,N,safety_v3:RESOLVED
S0290,ARM2,upper_respiratory_infections,N,safety_v3:RESOLVED
S0290,ARM2,platelets,Y,safety_v3:RESOLVED
S0291,ARM2,neuropathy_-_sensory,N,safety_v3:RESOLVED
S0291,ARM2,fatigue,N,safety_v3:RESOLVED
S0291,ARM2,platelets,N,safety_v3:RESOLVED
S0291,ARM2,nausea,N,safety_v3:RESOLVED
S0291,ARM2,hemoglobin_normal_12_16_gm,N,safety_v3:RESOLVED
S0291,ARM2,myalgia,N,safety_v3:RESOLVED
S0291,ARM2,vomiting,N,safety_v3:RESOLVED
S0291,ARM2,dizziness,N,safety_v3:RESOLVED
S0291,ARM2,muscle_weakness,N,safety_v3:RESOLVED
S0291,ARM2,sleeplessness,N,safety_v3:RESOLVED
S0291,ARM2,dyspnea,N,safety_v3:RESOLVED
S0291,ARM2,hypernatremia,N,safety_v3:RESOLVED
S0291,ARM2,hypertriglyceridemia,N,safety_v3:RESOLVED
S0291,ARM2,neutropenia,N,safety_v3:RESOLVED
S0291,ARM2,neutrophil_count_decreased,N,safety_v3:RESOLVED
S0291,ARM2,decreased_platelet_count,N,safety_v3:RESOLVED
S0291,ARM2,thrombocytopenia,N,safety_v3:RESOLVED
S0291,ARM2,weight_loss,N,safety_v3:RESOLVED
S0291,ARM2,stomatitis,N,safety_v3:RESOLVED
S0292,ARM2,neuropathy_-_sensory,N,safety_v3:RESOLVED
S0292,ARM2,fatigue,N,safety_v3:RESOLVED
S0292,ARM2,platelets,N,safety_v3:RESOLVED
S0292,ARM2,constipation,N,safety_v3:RESOLVED
S0292,ARM2,nausea,N,safety_v3:RESOLVED
S0292,ARM2,neuropathy-motor,N,safety_v3:RESOLVED
S0292,ARM2,hemoglobin_normal_12_16_gm,N,safety_v3:RESOLVED
S0292,ARM2,arthralgia,N,safety_v3:RESOLVED
S0292,ARM2,vomiting,N,safety_v3:RESOLVED
S0292,ARM2,muscle_weakness,N,safety_v3:RESOLVED
S0292,ARM2,catheter_related_infection,N,safety_v3:RESOLVED
S0292,ARM2,dyspnea,N,safety_v3:RESOLVED
S0292,ARM2,anxiety,N,safety_v3:RESOLVED
S0292,ARM2,neutropenia,N,safety_v3:RESOLVED
S0292,ARM2,neutrophil_count_decreased,N,safety_v3:RESOLVED
S0292,ARM2,thrombocytopenia,N,safety_v3:RESOLVED
S0292,ARM2,hyperkalemia,N,safety_v3:RESOLVED
S0292,ARM2,stomatitis,N,safety_v3:RESOLVED
S0293,ARM2,neuropathy_-_sensory,N,safety_v3:RESOLVED
S0293,ARM2,fatigue,N,safety_v3:RESOLVED
S0293,ARM2,platelets,N,safety_v3:RESOLVED
S0293,ARM2,nausea,N,safety_v3:RESOLVED
S0293,ARM2,hemoglobin_normal_12_16_gm,N,safety_v3:RESOLVED
S0293,ARM2,headache,N,safety_v3:RESOLVED
S0293,ARM2,arthralgia,N,safety_v3:RESOLVED
S0293,ARM2,vomiting,N,safety_v3:RESOLVED
S0293,ARM2,muscle_weakness,N,safety_v3:RESOLVED
S0293,ARM2,sleeplessness,N,safety_v3:RESOLVED
S0293,ARM2,dyspnea,N,safety_v3:RESOLVED
S0293,ARM2,hypernatremia,N,safety_v3:RESOLVED
S0293,ARM2,anxiety,N,safety_v3:RESOLVED
S0293,ARM2,neutropenia,N,safety_v3:RESOLVED
S0293,ARM2,neutrophil_count_decreased,N,safety_v3:RESOLVED
S0293,ARM2,thrombocytopenia,N,safety_v3:RESOLVED
S0293,ARM2,hypokalemia,N,safety_v3:RESOLVED
S0293,ARM2,gastrointestinal,N,safety_v3:RESOLVED
S0293,ARM2,rash_erythematous_macules_or_papules,N,safety_v3:RESOLVED
S0293,ARM2,blurred_vision,N,safety_v3:RESOLVED
S0293,ARM2,upper_respiratory_infections,N,safety_v3:RESOLVED
S0296,ARM2,neuropathy_-_sensory,N,safety_v3:RESOLVED
S0296,ARM2,fatigue,N,safety_v3:RESOLVED
S0296,ARM2,platelets,N,safety_v3:RESOLVED
S0296,ARM2,nausea,N,safety_v3:RESOLVED
S0296,ARM2,alopecia,N,safety_v3:RESOLVED
S0296,ARM2,hemoglobin_normal_12_16_gm,N,safety_v3:RESOLVED
S0296,ARM2,vomiting,N,safety_v3:RESOLVED
S0296,ARM2,anorexia,N,safety_v3:RESOLVED
S0296,ARM2,dizziness,N,safety_v3:RESOLVED
S0296,ARM2,muscle_weakness,N,safety_v3:RESOLVED
S0296,ARM2,dyspnea,N,safety_v3:RESOLVED
S0296,ARM2,anemia,N,safety_v3:RESOLVED
S0296,ARM2,hypertriglyceridemia,N,safety_v3:RESOLVED
S0296,ARM2,neutropenia,N,safety_v3:RESOLVED
S0296,ARM2,neutrophil_count_decreased,N,safety_v3:RESOLVED
S0296,ARM2,pain_other,N,safety_v3:RESOLVED
S0296,ARM2,hypokalemia,N,safety_v3:RESOLVED
S0296,ARM2,gastrointestinal,N,safety_v3:RESOLVED
S0297,ARM2,neuropathy_-_sensory,N,safety_v3:RESOLVED
S0297,ARM2,fatigue,N,safety_v3:RESOLVED
S0297,ARM2,platelets,N,safety_v3:RESOLVED
S0297,ARM2,constipation,N,safety_v3:RESOLVED
S0297,ARM2,nausea,N,safety_v3:RESOLVED
S0297,ARM2,hemoglobin_normal_12_16_gm,N,safety_v3:RESOLVED
S0297,ARM2,headache,N,safety_v3:RESOLVED
S0297,ARM2,vomiting,N,safety_v3:RESOLVED
S0297,ARM2,muscle_weakness,N,safety_v3:RESOLVED
S0297,ARM2,dyspnea,N,safety_v3:RESOLVED
S0297,ARM2,hypernatremia,N,safety_v3:RESOLVED
S0297,ARM2,neutrophil_count_decreased,N,safety_v3:RESOLVED
S0297,ARM2,thrombocytopenia,N,safety_v3:RESOLVED
S0297,ARM2,gastrointestinal,N,safety_v3:RESOLVED
S0297,ARM2,rash_erythematous_macules_or_papules,N,safety_v3:RESOLVED
S0297,ARM2,stomatitis,N,safety_v3:RESOLVED
S0297,ARM2,platelets,Y,safety_v3:RESOLVED
S0299,ARM2,neuropathy_-_sensory,N,safety_v3:RESOLVED
S0299,ARM2,platelets,N,safety_v3:RESOLVED
S0299,ARM2,nausea,N,safety_v3:RESOLVED
S0299,ARM2,neuropathy-motor,N,safety_v3:RESOLVED
S0299,ARM2,hemoglobin_normal_12_16_gm,N,safety_v3:RESOLVED
S0299,ARM2,neuropathy_-_motor,N,safety_v3:RESOLVED
S0299,ARM2,anorexia,N,safety_v3:RESOLVED
S0299,ARM2,muscle_weakness,N,safety_v3:RESOLVED
S0299,ARM2,hypernatremia,N,safety_v3:RESOLVED
S0299,ARM2,anemia,N,safety_v3:RESOLVED
S0299,ARM2,neutropenia,N,safety_v3:RESOLVED
S0299,ARM2,neutrophil_count_decreased,N,safety_v3:RESOLVED
S0299,ARM2,dysgeusia,N,safety_v3:RESOLVED
S0299,ARM2,hypocalcemia,N,safety_v3:RESOLVED
S0300,ARM2,neuropathy_-_sensory,N,safety_v3:RESOLVED
S0300,ARM2,fatigue,N,safety_v3:RESOLVED
S0300,ARM2,platelets,N,safety_v3:RESOLVED
S0300,ARM2,constipation,N,safety_v3:RESOLVED
S0300,ARM2,nausea,N,safety_v3:RESOLVED
S0300,ARM2,alopecia,N,safety_v3:RESOLVED
S0300,ARM2,hemoglobin_normal_12_16_gm,N,safety_v3:RESOLVED
S0300,ARM2,headache,N,safety_v3:RESOLVED
S0300,ARM2,arthralgia,N,safety_v3:RESOLVED
S0300,ARM2,vomiting,N,safety_v3:RESOLVED
S0300,ARM2,muscle_weakness,N,safety_v3:RESOLVED
S0300,ARM2,depression_dominant,N,safety_v3:RESOLVED
S0300,ARM2,dyspnea,N,safety_v3:RESOLVED
S0300,ARM2,hypernatremia,N,safety_v3:RESOLVED
S0300,ARM2,hypertriglyceridemia,N,safety_v3:RESOLVED
S0300,ARM2,anxiety,N,safety_v3:RESOLVED
S0300,ARM2,neutrophil_count_decreased,N,safety_v3:RESOLVED
S0300,ARM2,hypokalemia,N,safety_v3:RESOLVED
S0300,ARM2,allergic_rhinitis_disorder,N,safety_v3:RESOLVED
S0301,ARM2,neuropathy_-_sensory,N,safety_v3:RESOLVED
S0301,ARM2,platelets,N,safety_v3:RESOLVED
S0301,ARM2,constipation,N,safety_v3:RESOLVED
S0301,ARM2,nausea,N,safety_v3:RESOLVED
S0301,ARM2,alopecia,N,safety_v3:RESOLVED
S0301,ARM2,hemoglobin_normal_12_16_gm,N,safety_v3:RESOLVED
S0301,ARM2,headache,N,safety_v3:RESOLVED
S0301,ARM2,myalgia,N,safety_v3:RESOLVED
S0301,ARM2,dizziness,N,safety_v3:RESOLVED
S0301,ARM2,muscle_weakness,N,safety_v3:RESOLVED
S0301,ARM2,depression_dominant,N,safety_v3:RESOLVED
S0301,ARM2,hypernatremia,N,safety_v3:RESOLVED
S0301,ARM2,coughing,N,safety_v3:RESOLVED
S0301,ARM2,neutropenia,N,safety_v3:RESOLVED
S0301,ARM2,neutrophil_count_decreased,N,safety_v3:RESOLVED
S0301,ARM2,thrombocytopenia,N,safety_v3:RESOLVED
S0301,ARM2,hyperkalemia,N,safety_v3:RESOLVED
S0301,ARM2,sweating,N,safety_v3:RESOLVED
S0301,ARM2,peripheral_motor_neuropathy,N,safety_v3:RESOLVED
S0301,ARM2,hypocalcemia,N,safety_v3:RESOLVED
S0301,ARM2,upper_respiratory_infections,N,safety_v3:RESOLVED
S0301,ARM2,platelets,Y,safety_v3:RESOLVED
S0305,ARM2,neuropathy_-_sensory,N,safety_v3:RESOLVED
S0305,ARM2,fatigue,N,safety_v3:RESOLVED
S0305,ARM2,platelets,N,safety_v3:RESOLVED
S0305,ARM2,nausea,N,safety_v3:RESOLVED
S0305,ARM2,neuropathy-motor,N,safety_v3:RESOLVED
S0305,ARM2,alopecia,N,safety_v3:RESOLVED
S0305,ARM2,hemoglobin_normal_12_16_gm,N,safety_v3:RESOLVED
S0305,ARM2,arthralgia,N,safety_v3:RESOLVED
S0305,ARM2,vomiting,N,safety_v3:RESOLVED
S0305,ARM2,muscle_weakness,N,safety_v3:RESOLVED
S0305,ARM2,catheter_related_infection,N,safety_v3:RESOLVED
S0305,ARM2,anemia,N,safety_v3:RESOLVED
S0305,ARM2,coughing,N,safety_v3:RESOLVED
S0305,ARM2,hypertriglyceridemia,N,safety_v3:RESOLVED
S0305,ARM2,neutropenia,N,safety_v3:RESOLVED
S0305,ARM2,neutrophil_count_decreased,N,safety_v3:RESOLVED
S0305,ARM2,gastrointestinal,N,safety_v3:RESOLVED
S0305,ARM2,rhinitis,N,safety_v3:RESOLVED
S0305,ARM2,upper_respiratory_infections,N,safety_v3:RESOLVED
S0307,ARM2,neuropathy_-_sensory,N,safety_v3:RESOLVED
S0307,ARM2,fatigue,N,safety_v3:RESOLVED
S0307,ARM2,platelets,N,safety_v3:RESOLVED
S0307,ARM2,seizures,N,safety_v3:RESOLVED
S0307,ARM2,constipation,N,safety_v3:RESOLVED
S0307,ARM2,nausea,N,safety_v3:RESOLVED
S0307,ARM2,hemoglobin_normal_12_16_gm,N,safety_v3:RESOLVED
S0307,ARM2,headache,N,safety_v3:RESOLVED
S0307,ARM2,arthralgia,N,safety_v3:RESOLVED
S0307,ARM2,myalgia,N,safety_v3:RESOLVED
S0307,ARM2,vomiting,N,safety_v3:RESOLVED
S0307,ARM2,anorexia,N,safety_v3:RESOLVED
S0307,ARM2,muscle_weakness,N,safety_v3:RESOLVED
S0307,ARM2,depression_dominant,N,safety_v3:RESOLVED
S0307,ARM2,dyspnea,N,safety_v3:RESOLVED
S0307,ARM2,hypertriglyceridemia,N,safety_v3:RESOLVED
S0307,ARM2,anxiety,N,safety_v3:RESOLVED
S0307,ARM2,neutropenia,N,safety_v3:RESOLVED
S0307,ARM2,neutrophil_count_decreased,N,safety_v3:RESOLVED
S0307,ARM2,hyperkalemia,N,safety_v3:RESOLVED
S0307,ARM2,sweating,N,safety_v3:RESOLVED
S0307,ARM2,peripheral_motor_neuropathy,N,safety_v3:RESOLVED
S0308,ARM2,neuropathy_-_sensory,N,safety_v3:RESOLVED
S0308,ARM2,fatigue,N,safety_v3:RESOLVED
S0308,ARM2,platelets,N,safety_v3:RESOLVED
S0308,ARM2,constipation,N,safety_v3:RESOLVED
S0308,ARM2,nausea,N,safety_v3:RESOLVED
S0308,ARM2,alopecia,N,safety_v3:RESOLVED
S0308,ARM2,hemoglobin_normal_12_16_gm,N,safety_v3:RESOLVED
S0308,ARM2,neuropathy_-_motor,N,safety_v3:RESOLVED
S0308,ARM2,arthralgia,N,safety_v3:RESOLVED
S0308,ARM2,myalgia,N,safety_v3:RESOLVED
S0308,ARM2,anorexia,N,safety_v3:RESOLVED
S0308,ARM2,dizziness,N,safety_v3:RESOLVED
S0308,ARM2,muscle_weakness,N,safety_v3:RESOLVED
S0308,ARM2,hypernatremia,N,safety_v3:RESOLVED
S0308,ARM2,anemia,N,safety_v3:RESOLVED
S0308,ARM2,coughing,N,safety_v3:RESOLVED
S0308,ARM2,hypertriglyceridemia,N,safety_v3:RESOLVED
S0308,ARM2,anxiety,N,safety_v3:RESOLVED
S0308,ARM2,neutrophil_count_decreased,N,safety_v3:RESOLVED
S0308,ARM2,rhinitis,N,safety_v3:RESOLVED
S0308,ARM2,upper_respiratory_infections,N,safety_v3:RESOLVED
S0308,ARM2,thrombosis/thrombus/embolism,Y,safety_v3:RESOLVED
S0309,ARM2,neuropathy_-_sensory,N,safety_v3:RESOLVED
S0309,ARM2,fatigue,N,safety_v3:RESOLVED
S0309,ARM2,platelets,N,safety_v3:RESOLVED
S0309,ARM2,nausea,N,safety_v3:RESOLVED
S0309,ARM2,alopecia,N,safety_v3:RESOLVED
S0309,ARM2,hemoglobin_normal_12_16_gm,N,safety_v3:RESOLVED
S0309,ARM2,arthralgia,N,safety_v3:RESOLVED
S0309,ARM2,vomiting,N,safety_v3:RESOLVED
S0309,ARM2,muscle_weakness,N,safety_v3:RESOLVED
S0309,ARM2,catheter_related_infection,N,safety_v3:RESOLVED
S0309,ARM2,dyspnea,N,safety_v3:RESOLVED
S0309,ARM2,neutropenia,N,safety_v3:RESOLVED
S0309,ARM2,neutrophil_count_decreased,N,safety_v3:RESOLVED
S0309,ARM2,gastrointestinal,N,safety_v3:RESOLVED
S0309,ARM2,allergic_rhinitis_disorder,N,safety_v3:RESOLVED
S0309,ARM2,upper_respiratory_infections,N,safety_v3:RESOLVED
S0309,ARM2,hypokalemia,Y,safety_v3:RESOLVED
S0312,ARM2,neuropathy_-_sensory,N,safety_v3:RESOLVED
S0312,ARM2,fatigue,N,safety_v3:RESOLVED
S0312,ARM2,platelets,N,safety_v3:RESOLVED
S0312,ARM2,nausea,N,safety_v3:RESOLVED
S0312,ARM2,hemoglobin_normal_12_16_gm,N,safety_v3:RESOLVED
S0312,ARM2,myalgia,N,safety_v3:RESOLVED
S0312,ARM2,vomiting,N,safety_v3:RESOLVED
S0312,ARM2,anorexia,N,safety_v3:RESOLVED
S0312,ARM2,muscle_weakness,N,safety_v3:RESOLVED
S0312,ARM2,anemia,N,safety_v3:RESOLVED
S0312,ARM2,coughing,N,safety_v3:RESOLVED
S0312,ARM2,hypertriglyceridemia,N,safety_v3:RESOLVED
S0312,ARM2,neutropenia,N,safety_v3:RESOLVED
S0312,ARM2,neutrophil_count_decreased,N,safety_v3:RESOLVED
S0312,ARM2,alanine_aminotransferase_increased,N,safety_v3:RESOLVED
S0312,ARM2,sweating,N,safety_v3:RESOLVED
S0312,ARM2,hyperuricemia,N,safety_v3:RESOLVED
S0315,ARM2,neuropathy_-_sensory,N,safety_v3:RESOLVED
S0315,ARM2,fatigue,N,safety_v3:RESOLVED
S0315,ARM2,platelets,N,safety_v3:RESOLVED
S0315,ARM2,seizures,N,safety_v3:RESOLVED
S0315,ARM2,nausea,N,safety_v3:RESOLVED
S0315,ARM2,hemoglobin_normal_12_16_gm,N,safety_v3:RESOLVED
S0315,ARM2,vomiting,N,safety_v3:RESOLVED
S0315,ARM2,anorexia,N,safety_v3:RESOLVED
S0315,ARM2,muscle_weakness,N,safety_v3:RESOLVED
S0315,ARM2,sleeplessness,N,safety_v3:RESOLVED
S0315,ARM2,hypernatremia,N,safety_v3:RESOLVED
S0315,ARM2,neutropenia,N,safety_v3:RESOLVED
S0315,ARM2,neutrophil_count_decreased,N,safety_v3:RESOLVED
S0315,ARM2,decreased_platelet_count,N,safety_v3:RESOLVED
S0315,ARM2,sweating,N,safety_v3:RESOLVED
S0315,ARM2,peripheral_motor_neuropathy,N,safety_v3:RESOLVED
S0317,ARM2,neuropathy_-_sensory,N,safety_v3:RESOLVED
S0317,ARM2,fatigue,N,safety_v3:RESOLVED
S0317,ARM2,platelets,N,safety_v3:RESOLVED
S0317,ARM2,nausea,N,safety_v3:RESOLVED
S0317,ARM2,hemoglobin_normal_12_16_gm,N,safety_v3:RESOLVED
S0317,ARM2,headache,N,safety_v3:RESOLVED
S0317,ARM2,myalgia,N,safety_v3:RESOLVED
S0317,ARM2,dizziness,N,safety_v3:RESOLVED
S0317,ARM2,muscle_weakness,N,safety_v3:RESOLVED
S0317,ARM2,dyspnea,N,safety_v3:RESOLVED
S0317,ARM2,hypertriglyceridemia,N,safety_v3:RESOLVED
S0317,ARM2,anxiety,N,safety_v3:RESOLVED
S0317,ARM2,neutropenia,N,safety_v3:RESOLVED
S0317,ARM2,neutrophil_count_decreased,N,safety_v3:RESOLVED
S0317,ARM2,peripheral_motor_neuropathy,N,safety_v3:RESOLVED
S0317,ARM2,gastrointestinal,N,safety_v3:RESOLVED
S0317,ARM2,hypoalbuminemia,N,safety_v3:RESOLVED
S0317,ARM2,upper_respiratory_infections,N,safety_v3:RESOLVED
S0317,ARM2,white_blood_cell_count_decreased,Y,safety_v3:RESOLVED
S0319,ARM2,neuropathy_-_sensory,N,safety_v3:RESOLVED
S0319,ARM2,fatigue,N,safety_v3:RESOLVED
S0319,ARM2,platelets,N,safety_v3:RESOLVED
S0319,ARM2,seizures,N,safety_v3:RESOLVED
S0319,ARM2,constipation,N,safety_v3:RESOLVED
S0319,ARM2,nausea,N,safety_v3:RESOLVED
S0319,ARM2,neuropathy-motor,N,safety_v3:RESOLVED
S0319,ARM2,arthralgia,N,safety_v3:RESOLVED
S0319,ARM2,vomiting,N,safety_v3:RESOLVED
S0319,ARM2,dizziness,N,safety_v3:RESOLVED
S0319,ARM2,muscle_weakness,N,safety_v3:RESOLVED
S0319,ARM2,catheter_related_infection,N,safety_v3:RESOLVED
S0319,ARM2,hypernatremia,N,safety_v3:RESOLVED
S0319,ARM2,anemia,N,safety_v3:RESOLVED
S0319,ARM2,neutropenia,N,safety_v3:RESOLVED
S0319,ARM2,alanine_aminotransferase_increased,N,safety_v3:RESOLVED
S0319,ARM2,weight_loss,N,safety_v3:RESOLVED
S0319,ARM2,thrombosis/thrombus/embolism,Y,safety_v3:RESOLVED
S0325,ARM2,neuropathy_-_sensory,N,safety_v3:RESOLVED
S0325,ARM2,fatigue,N,safety_v3:RESOLVED
S0325,ARM2,platelets,N,safety_v3:RESOLVED
S0325,ARM2,nausea,N,safety_v3:RESOLVED
S0325,ARM2,neuropathy-motor,N,safety_v3:RESOLVED
S0325,ARM2,hemoglobin_normal_12_16_gm,N,safety_v3:RESOLVED
S0325,ARM2,neuropathy_-_motor,N,safety_v3:RESOLVED
S0325,ARM2,vomiting,N,safety_v3:RESOLVED
S0325,ARM2,anorexia,N,safety_v3:RESOLVED
S0325,ARM2,muscle_weakness,N,safety_v3:RESOLVED
S0325,ARM2,hypernatremia,N,safety_v3:RESOLVED
S0325,ARM2,coughing,N,safety_v3:RESOLVED
S0325,ARM2,neutropenia,N,safety_v3:RESOLVED
S0325,ARM2,neutrophil_count_decreased,N,safety_v3:RESOLVED
S0325,ARM2,thrombocytopenia,N,safety_v3:RESOLVED
S0325,ARM2,hypocalcemia,N,safety_v3:RESOLVED
S0325,ARM2,upper_respiratory_infections,N,safety_v3:RESOLVED
S0325,ARM2,platelets,Y,safety_v3:RESOLVED
S0328,ARM2,neuropathy_-_sensory,N,safety_v3:RESOLVED
S0328,ARM2,platelets,N,safety_v3:RESOLVED
S0328,ARM2,constipation,N,safety_v3:RESOLVED
S0328,ARM2,nausea,N,safety_v3:RESOLVED
S0328,ARM2,alopecia,N,safety_v3:RESOLVED
S0328,ARM2,hemoglobin_normal_12_16_gm,N,safety_v3:RESOLVED
S0328,ARM2,arthralgia,N,safety_v3:RESOLVED
S0328,ARM2,myalgia,N,safety_v3:RESOLVED
S0328,ARM2,vomiting,N,safety_v3:RESOLVED
S0328,ARM2,muscle_weakness,N,safety_v3:RESOLVED
S0328,ARM2,hypernatremia,N,safety_v3:RESOLVED
S0328,ARM2,neutropenia,N,safety_v3:RESOLVED
S0328,ARM2,neutrophil_count_decreased,N,safety_v3:RESOLVED
S0328,ARM2,peripheral_motor_neuropathy,N,safety_v3:RESOLVED
S0328,ARM2,dysgeusia,N,safety_v3:RESOLVED
S0328,ARM2,gastrointestinal,N,safety_v3:RESOLVED
S0328,ARM2,rhinitis,N,safety_v3:RESOLVED
S0329,ARM2,neuropathy_-_sensory,N,safety_v3:RESOLVED
S0329,ARM2,fatigue,N,safety_v3:RESOLVED
S0329,ARM2,platelets,N,safety_v3:RESOLVED
S0329,ARM2,nausea,N,safety_v3:RESOLVED
S0329,ARM2,neuropathy-motor,N,safety_v3:RESOLVED
S0329,ARM2,alopecia,N,safety_v3:RESOLVED
S0329,ARM2,hemoglobin_normal_12_16_gm,N,safety_v3:RESOLVED
S0329,ARM2,neuropathy_-_motor,N,safety_v3:RESOLVED
S0329,ARM2,arthralgia,N,safety_v3:RESOLVED
S0329,ARM2,vomiting,N,safety_v3:RESOLVED
S0329,ARM2,anorexia,N,safety_v3:RESOLVED
S0329,ARM2,dizziness,N,safety_v3:RESOLVED
S0329,ARM2,muscle_weakness,N,safety_v3:RESOLVED
S0329,ARM2,dyspnea,N,safety_v3:RESOLVED
S0329,ARM2,hypernatremia,N,safety_v3:RESOLVED
S0329,ARM2,anemia,N,safety_v3:RESOLVED
S0329,ARM2,neutrophil_count_decreased,N,safety_v3:RESOLVED
S0329,ARM2,thrombocytopenia,N,safety_v3:RESOLVED
S0329,ARM2,peripheral_motor_neuropathy,N,safety_v3:RESOLVED
S0329,ARM2,gastrointestinal,N,safety_v3:RESOLVED
S0329,ARM2,dry_skin,N,safety_v3:RESOLVED
S0329,ARM2,thrombosis/thrombus/embolism,Y,safety_v3:RESOLVED
S0331,ARM2,neuropathy_-_sensory,N,safety_v3:RESOLVED
S0331,ARM2,fatigue,N,safety_v3:RESOLVED
S0331,ARM2,platelets,N,safety_v3:RESOLVED
S0331,ARM2,nausea,N,safety_v3:RESOLVED
S0331,ARM2,hemoglobin_normal_12_16_gm,N,safety_v3:RESOLVED
S0331,ARM2,neuropathy_-_motor,N,safety_v3:RESOLVED
S0331,ARM2,headache,N,safety_v3:RESOLVED
S0331,ARM2,arthralgia,N,safety_v3:RESOLVED
S0331,ARM2,dizziness,N,safety_v3:RESOLVED
S0331,ARM2,muscle_weakness,N,safety_v3:RESOLVED
S0331,ARM2,dyspnea,N,safety_v3:RESOLVED
S0331,ARM2,anemia,N,safety_v3:RESOLVED
S0331,ARM2,coughing,N,safety_v3:RESOLVED
S0331,ARM2,neutropenia,N,safety_v3:RESOLVED
S0331,ARM2,neutrophil_count_decreased,N,safety_v3:RESOLVED
S0331,ARM2,alanine_aminotransferase_increased,N,safety_v3:RESOLVED
S0331,ARM2,neutrophils,N,safety_v3:RESOLVED
S0331,ARM2,rhinitis,N,safety_v3:RESOLVED
S0331,ARM2,neutrophils,Y,safety_v3:RESOLVED
S0334,ARM2,neuropathy_-_sensory,N,safety_v3:RESOLVED
S0334,ARM2,fatigue,N,safety_v3:RESOLVED
S0334,ARM2,platelets,N,safety_v3:RESOLVED
S0334,ARM2,nausea,N,safety_v3:RESOLVED
S0334,ARM2,hemoglobin_normal_12_16_gm,N,safety_v3:RESOLVED
S0334,ARM2,neuropathy_-_motor,N,safety_v3:RESOLVED
S0334,ARM2,arthralgia,N,safety_v3:RESOLVED
S0334,ARM2,myalgia,N,safety_v3:RESOLVED
S0334,ARM2,vomiting,N,safety_v3:RESOLVED
S0334,ARM2,muscle_weakness,N,safety_v3:RESOLVED
S0334,ARM2,dyspnea,N,safety_v3:RESOLVED
S0334,ARM2,anemia,N,safety_v3:RESOLVED
S0334,ARM2,coughing,N,safety_v3:RESOLVED
S0334,ARM2,neutropenia,N,safety_v3:RESOLVED
S0334,ARM2,neutrophil_count_decreased,N,safety_v3:RESOLVED
S0334,ARM2,weight_loss,N,safety_v3:RESOLVED
S0334,ARM2,hypokalemia,N,safety_v3:RESOLVED
S0334,ARM2,neutrophils,N,safety_v3:RESOLVED
S0335,ARM2,neuropathy_-_sensory,N,safety_v3:RESOLVED
S0335,ARM2,fatigue,N,safety_v3:RESOLVED
S0335,ARM2,platelets,N,safety_v3:RESOLVED
S0335,ARM2,nausea,N,safety_v3:RESOLVED
S0335,ARM2,hemoglobin_normal_12_16_gm,N,safety_v3:RESOLVED
S0335,ARM2,vomiting,N,safety_v3:RESOLVED
S0335,ARM2,muscle_weakness,N,safety_v3:RESOLVED
S0335,ARM2,catheter_related_infection,N,safety_v3:RESOLVED
S0335,ARM2,sleeplessness,N,safety_v3:RESOLVED
S0335,ARM2,dyspnea,N,safety_v3:RESOLVED
S0335,ARM2,anxiety,N,safety_v3:RESOLVED
S0335,ARM2,neutrophil_count_decreased,N,safety_v3:RESOLVED
S0335,ARM2,decreased_platelet_count,N,safety_v3:RESOLVED
S0335,ARM2,thrombocytopenia,N,safety_v3:RESOLVED
S0335,ARM2,fever,N,safety_v3:RESOLVED
S0335,ARM2,dysgeusia,N,safety_v3:RESOLVED
S0335,ARM2,rhinitis,N,safety_v3:RESOLVED
S0335,ARM2,platelets,Y,safety_v3:RESOLVED
S0336,ARM2,neuropathy_-_sensory,N,safety_v3:RESOLVED
S0336,ARM2,fatigue,N,safety_v3:RESOLVED
S0336,ARM2,platelets,N,safety_v3:RESOLVED
S0336,ARM2,seizures,N,safety_v3:RESOLVED
S0336,ARM2,nausea,N,safety_v3:RESOLVED
S0336,ARM2,neuropathy-motor,N,safety_v3:RESOLVED
S0336,ARM2,alopecia,N,safety_v3:RESOLVED
S0336,ARM2,hemoglobin_normal_12_16_gm,N,safety_v3:RESOLVED
S0336,ARM2,dizziness,N,safety_v3:RESOLVED
S0336,ARM2,muscle_weakness,N,safety_v3:RESOLVED
S0336,ARM2,catheter_related_infection,N,safety_v3:RESOLVED
S0336,ARM2,hypernatremia,N,safety_v3:RESOLVED
S0336,ARM2,anemia,N,safety_v3:RESOLVED
S0336,ARM2,coughing,N,safety_v3:RESOLVED
S0336,ARM2,anxiety,N,safety_v3:RESOLVED
S0336,ARM2,neutrophil_count_decreased,N,safety_v3:RESOLVED
S0336,ARM2,thrombocytopenia,N,safety_v3:RESOLVED
S0336,ARM2,sweating,N,safety_v3:RESOLVED
S0336,ARM2,peripheral_motor_neuropathy,N,safety_v3:RESOLVED
S0336,ARM2,hyponatremia,N,safety_v3:RESOLVED
S0336,ARM2,gastrointestinal,N,safety_v3:RESOLVED
S0336,ARM2,hydrocephalus,Y,safety_v3:RESOLVED
S0339,ARM2,neuropathy_-_sensory,N,safety_v3:RESOLVED
S0339,ARM2,fatigue,N,safety_v3:RESOLVED
S0339,ARM2,platelets,N,safety_v3:RESOLVED
S0339,ARM2,seizures,N,safety_v3:RESOLVED
S0339,ARM2,nausea,N,safety_v3:RESOLVED
S0339,ARM2,hemoglobin_normal_12_16_gm,N,safety_v3:RESOLVED
S0339,ARM2,neuropathy_-_motor,N,safety_v3:RESOLVED
S0339,ARM2,arthralgia,N,safety_v3:RESOLVED
S0339,ARM2,anorexia,N,safety_v3:RESOLVED
S0339,ARM2,muscle_weakness,N,safety_v3:RESOLVED
S0339,ARM2,hypernatremia,N,safety_v3:RESOLVED
S0339,ARM2,hypertriglyceridemia,N,safety_v3:RESOLVED
S0339,ARM2,neutropenia,N,safety_v3:RESOLVED
S0339,ARM2,neutrophil_count_decreased,N,safety_v3:RESOLVED
S0339,ARM2,alanine_aminotransferase_increased,N,safety_v3:RESOLVED
S0339,ARM2,sweating,N,safety_v3:RESOLVED
S0339,ARM2,hypocalcemia,N,safety_v3:RESOLVED
S0339,ARM2,hypokalemia,N,safety_v3:RESOLVED
S0339,ARM2,dry_skin,N,safety_v3:RESOLVED
S0341,ARM2,neuropathy_-_sensory,N,safety_v3:RESOLVED
S0341,ARM2,fatigue,N,safety_v3:RESOLVED
S0341,ARM2,platelets,N,safety_v3:RESOLVED
S0341,ARM2,nausea,N,safety_v3:RESOLVED
S0341,ARM2,alopecia,N,safety_v3:RESOLVED
S0341,ARM2,hemoglobin_normal_12_16_gm,N,safety_v3:RESOLVED
S0341,ARM2,headache,N,safety_v3:RESOLVED
S0341,ARM2,vomiting,N,safety_v3:RESOLVED
S0341,ARM2,muscle_weakness,N,safety_v3:RESOLVED
S0341,ARM2,dyspnea,N,safety_v3:RESOLVED
S0341,ARM2,hypernatremia,N,safety_v3:RESOLVED
S0341,ARM2,anxiety,N,safety_v3:RESOLVED
S0341,ARM2,neutropenia,N,safety_v3:RESOLVED
S0341,ARM2,neutrophil_count_decreased,N,safety_v3:RESOLVED
S0341,ARM2,thrombocytopenia,N,safety_v3:RESOLVED
S0341,ARM2,fever,N,safety_v3:RESOLVED
S0341,ARM2,thrombosis/thrombus/embolism,Y,safety_v3:RESOLVED
S0343,ARM2,neuropathy_-_sensory,N,safety_v3:RESOLVED
S0343,ARM2,fatigue,N,safety_v3:RESOLVED
S0343,ARM2,platelets,N,safety_v3:RESOLVED
S0343,ARM2,nausea,N,safety_v3:RESOLVED
S0343,ARM2,alopecia,N,safety_v3:RESOLVED
S0343,ARM2,hemoglobin_normal_12_16_gm,N,safety_v3:RESOLVED
S0343,ARM2,myalgia,N,safety_v3:RESOLVED
S0343,ARM2,vomiting,N,safety_v3:RESOLVED
S0343,ARM2,anorexia,N,safety_v3:RESOLVED
S0343,ARM2,dizziness,N,safety_v3:RESOLVED
S0343,ARM2,muscle_weakness,N,safety_v3:RESOLVED
S0343,ARM2,dyspnea,N,safety_v3:RESOLVED
S0343,ARM2,anemia,N,safety_v3:RESOLVED
S0343,ARM2,anxiety,N,safety_v3:RESOLVED
S0343,ARM2,neutropenia,N,safety_v3:RESOLVED
S0343,ARM2,neutrophil_count_decreased,N,safety_v3:RESOLVED
S0343,ARM2,hyperkalemia,N,safety_v3:RESOLVED
S0343,ARM2,sweating,N,safety_v3:RESOLVED
S0343,ARM2,hyperglycemia,N,safety_v3:RESOLVED
S0343,ARM2,hypokalemia,N,safety_v3:RESOLVED
S0343,ARM2,gastrointestinal,N,safety_v3:RESOLVED
S0345,ARM2,neuropathy_-_sensory,N,safety_v3:RESOLVED
S0345,ARM2,platelets,N,safety_v3:RESOLVED
S0345,ARM2,seizures,N,safety_v3:RESOLVED
S0345,ARM2,nausea,N,safety_v3:RESOLVED
S0345,ARM2,alopecia,N,safety_v3:RESOLVED
S0345,ARM2,hemoglobin_normal_12_16_gm,N,safety_v3:RESOLVED
S0345,ARM2,neuropathy_-_motor,N,safety_v3:RESOLVED
S0345,ARM2,headache,N,safety_v3:RESOLVED
S0345,ARM2,vomiting,N,safety_v3:RESOLVED
S0345,ARM2,anorexia,N,safety_v3:RESOLVED
S0345,ARM2,muscle_weakness,N,safety_v3:RESOLVED
S0345,ARM2,dyspnea,N,safety_v3:RESOLVED
S0345,ARM2,hypernatremia,N,safety_v3:RESOLVED
S0345,ARM2,hypertriglyceridemia,N,safety_v3:RESOLVED
S0345,ARM2,neutropenia,N,safety_v3:RESOLVED
S0345,ARM2,neutrophil_count_decreased,N,safety_v3:RESOLVED
S0345,ARM2,decreased_platelet_count,N,safety_v3:RESOLVED
S0345,ARM2,thrombocytopenia,N,safety_v3:RESOLVED
S0345,ARM2,hypocalcemia,N,safety_v3:RESOLVED
S0345,ARM2,stomatitis,N,safety_v3:RESOLVED
S0346,ARM2,neuropathy_-_sensory,N,safety_v3:RESOLVED
S0346,ARM2,fatigue,N,safety_v3:RESOLVED
S0346,ARM2,platelets,N,safety_v3:RESOLVED
S0346,ARM2,seizures,N,safety_v3:RESOLVED
S0346,ARM2,nausea,N,safety_v3:RESOLVED
S0346,ARM2,neuropathy-motor,N,safety_v3:RESOLVED
S0346,ARM2,hemoglobin_normal_12_16_gm,N,safety_v3:RESOLVED
S0346,ARM2,myalgia,N,safety_v3:RESOLVED
S0346,ARM2,vomiting,N,safety_v3:RESOLVED
S0346,ARM2,anorexia,N,safety_v3:RESOLVED
S0346,ARM2,muscle_weakness,N,safety_v3:RESOLVED
S0346,ARM2,dyspnea,N,safety_v3:RESOLVED
S0346,ARM2,anxiety,N,safety_v3:RESOLVED
S0346,ARM2,neutropenia,N,safety_v3:RESOLVED
S0346,ARM2,neutrophil_count_decreased,N,safety_v3:RESOLVED
S0346,ARM2,thrombocytopenia,N,safety_v3:RESOLVED
S0346,ARM2,alanine_aminotransferase_increased,N,safety_v3:RESOLVED
S0346,ARM2,sweating,N,safety_v3:RESOLVED
S0346,ARM2,fever,N,safety_v3:RESOLVED
S0346,ARM2,sensory_neuropathy,N,safety_v3:RESOLVED
S0346,ARM2,gastrointestinal,N,safety_v3:RESOLVED
S0348,ARM2,neuropathy_-_sensory,N,safety_v3:RESOLVED
S0348,ARM2,fatigue,N,safety_v3:RESOLVED
S0348,ARM2,platelets,N,safety_v3:RESOLVED
S0348,ARM2,nausea,N,safety_v3:RESOLVED
S0348,ARM2,hemoglobin_normal_12_16_gm,N,safety_v3:RESOLVED
S0348,ARM2,headache,N,safety_v3:RESOLVED
S0348,ARM2,arthralgia,N,safety_v3:RESOLVED
S0348,ARM2,vomiting,N,safety_v3:RESOLVED
S0348,ARM2,muscle_weakness,N,safety_v3:RESOLVED
S0348,ARM2,catheter_related_infection,N,safety_v3:RESOLVED
S0348,ARM2,dyspnea,N,safety_v3:RESOLVED
S0348,ARM2,anemia,N,safety_v3:RESOLVED
S0348,ARM2,anxiety,N,safety_v3:RESOLVED
S0348,ARM2,neutropenia,N,safety_v3:RESOLVED
S0348,ARM2,neutrophil_count_decreased,N,safety_v3:RESOLVED
S0348,ARM2,thrombocytopenia,N,safety_v3:RESOLVED
S0348,ARM2,weight_loss,N,safety_v3:RESOLVED
S0348,ARM2,gastrointestinal,N,safety_v3:RESOLVED
S0350,ARM2,neuropathy_-_sensory,N,safety_v3:RESOLVED
S0350,ARM2,fatigue,N,safety_v3:RESOLVED
S0350,ARM2,platelets,N,safety_v3:RESOLVED
S0350,ARM2,seizures,N,safety_v3:RESOLVED
S0350,ARM2,nausea,N,safety_v3:RESOLVED
S0350,ARM2,hemoglobin_normal_12_16_gm,N,safety_v3:RESOLVED
S0350,ARM2,headache,N,safety_v3:RESOLVED
S0350,ARM2,myalgia,N,safety_v3:RESOLVED
S0350,ARM2,vomiting,N,safety_v3:RESOLVED
S0350,ARM2,neutropenia,N,safety_v3:RESOLVED
S0350,ARM2,neutrophil_count_decreased,N,safety_v3:RESOLVED
S0350,ARM2,thrombocytopenia,N,safety_v3:RESOLVED
S0350,ARM2,alanine_aminotransferase_increased,N,safety_v3:RESOLVED
S0350,ARM2,sweating,N,safety_v3:RESOLVED
S0350,ARM2,peripheral_motor_neuropathy,N,safety_v3:RESOLVED
S0350,ARM2,hypokalemia,N,safety_v3:RESOLVED
S0350,ARM2,blurred_vision,N,safety_v3:RESOLVED
S0350,ARM2,rhinitis,N,safety_v3:RESOLVED
S0350,ARM2,thrombosis/thrombus/embolism,Y,safety_v3:RESOLVED
S0350,ARM2,hypokalemia,Y,safety_v3:RESOLVED
S0354,ARM2,neuropathy_-_sensory,N,safety_v3:RESOLVED
S0354,ARM2,fatigue,N,safety_v3:RESOLVED
S0354,ARM2,platelets,N,safety_v3:RESOLVED
S0354,ARM2,seizures,N,safety_v3:RESOLVED
S0354,ARM2,nausea,N,safety_v3:RESOLVED
S0354,ARM2,hemoglobin_normal_12_16_gm,N,safety_v3:RESOLVED
S0354,ARM2,neuropathy_-_motor,N,safety_v3:RESOLVED
S0354,ARM2,headache,N,safety_v3:RESOLVED
S0354,ARM2,vomiting,N,safety_v3:RESOLVED
S0354,ARM2,muscle_weakness,N,safety_v3:RESOLVED
S0354,ARM2,catheter_related_infection,N,safety_v3:RESOLVED
S0354,ARM2,anemia,N,safety_v3:RESOLVED
S0354,ARM2,neutrophil_count_decreased,N,safety_v3:RESOLVED
S0354,ARM2,fever,N,safety_v3:RESOLVED
S0354,ARM2,hypocalcemia,N,safety_v3:RESOLVED
S0354,ARM2,weight_loss,N,safety_v3:RESOLVED
S0357,ARM2,neuropathy_-_sensory,N,safety_v3:RESOLVED
S0357,ARM2,fatigue,N,safety_v3:RESOLVED
S0357,ARM2,platelets,N,safety_v3:RESOLVED
S0357,ARM2,constipation,N,safety_v3:RESOLVED
S0357,ARM2,nausea,N,safety_v3:RESOLVED
S0357,ARM2,alopecia,N,safety_v3:RESOLVED
S0357,ARM2,hemoglobin_normal_12_16_gm,N,safety_v3:RESOLVED
S0357,ARM2,neuropathy_-_motor,N,safety_v3:RESOLVED
S0357,ARM2,vomiting,N,safety_v3:RESOLVED
S0357,ARM2,muscle_weakness,N,safety_v3:RESOLVED
S0357,ARM2,catheter_related_infection,N,safety_v3:RESOLVED
S0357,ARM2,dyspnea,N,safety_v3:RESOLVED
S0357,ARM2,anxiety,N,safety_v3:RESOLVED
S0357,ARM2,neutropenia,N,safety_v3:RESOLVED
S0357,ARM2,hyperkalemia,N,safety_v3:RESOLVED
S0357,ARM2,fever,N,safety_v3:RESOLVED
S0357,ARM2,dysgeusia,N,safety_v3:RESOLVED
S0357,ARM2,allergic_rhinitis_disorder,N,safety_v3:RESOLVED
S0357,ARM2,upper_respiratory_infections,N,safety_v3:RESOLVED
S0361,ARM2,neuropathy_-_sensory,N,safety_v3:RESOLVED
S0361,ARM2,fatigue,N,safety_v3:RESOLVED
S0361,ARM2,platelets,N,safety_v3:RESOLVED
S0361,ARM2,nausea,N,safety_v3:RESOLVED
S0361,ARM2,alopecia,N,safety_v3:RESOLVED
S0361,ARM2,hemoglobin_normal_12_16_gm,N,safety_v3:RESOLVED
S0361,ARM2,neuropathy_-_motor,N,safety_v3:RESOLVED
S0361,ARM2,headache,N,safety_v3:RESOLVED
S0361,ARM2,arthralgia,N,safety_v3:RESOLVED
S0361,ARM2,vomiting,N,safety_v3:RESOLVED
S0361,ARM2,anorexia,N,safety_v3:RESOLVED
S0361,ARM2,muscle_weakness,N,safety_v3:RESOLVED
S0361,ARM2,dyspnea,N,safety_v3:RESOLVED
S0361,ARM2,neutrophil_count_decreased,N,safety_v3:RESOLVED
S0361,ARM2,gastrointestinal,N,safety_v3:RESOLVED
S0361,ARM2,edema,N,safety_v3:RESOLVED
S0361,ARM2,platelets,Y,safety_v3:RESOLVED
S0364,ARM2,neuropathy_-_sensory,N,safety_v3:RESOLVED
S0364,ARM2,fatigue,N,safety_v3:RESOLVED
S0364,ARM2,platelets,N,safety_v3:RESOLVED
S0364,ARM2,nausea,N,safety_v3:RESOLVED
S0364,ARM2,alopecia,N,safety_v3:RESOLVED
S0364,ARM2,hemoglobin_normal_12_16_gm,N,safety_v3:RESOLVED
S0364,ARM2,headache,N,safety_v3:RESOLVED
S0364,ARM2,vomiting,N,safety_v3:RESOLVED
S0364,ARM2,anorexia,N,safety_v3:RESOLVED
S0364,ARM2,muscle_weakness,N,safety_v3:RESOLVED
S0364,ARM2,dyspnea,N,safety_v3:RESOLVED
S0364,ARM2,anemia,N,safety_v3:RESOLVED
S0368,ARM2,neuropathy_-_sensory,N,safety_v3:RESOLVED
S0368,ARM2,fatigue,N,safety_v3:RESOLVED
S0368,ARM2,platelets,N,safety_v3:RESOLVED
S0368,ARM2,nausea,N,safety_v3:RESOLVED
S0368,ARM2,neuropathy_-_motor,N,safety_v3:RESOLVED
S0368,ARM2,headache,N,safety_v3:RESOLVED
S0368,ARM2,arthralgia,N,safety_v3:RESOLVED
S0368,ARM2,muscle_weakness,N,safety_v3:RESOLVED
S0368,ARM2,hypernatremia,N,safety_v3:RESOLVED
S0368,ARM2,hypertriglyceridemia,N,safety_v3:RESOLVED
S0368,ARM2,anxiety,N,safety_v3:RESOLVED
S0368,ARM2,neutropenia,N,safety_v3:RESOLVED
S0368,ARM2,neutrophil_count_decreased,N,safety_v3:RESOLVED
S0368,ARM2,decreased_platelet_count,N,safety_v3:RESOLVED
S0368,ARM2,alanine_aminotransferase_increased,N,safety_v3:RESOLVED
S0368,ARM2,fever,N,safety_v3:RESOLVED
S0368,ARM2,hypocalcemia,N,safety_v3:RESOLVED
S0368,ARM2,hypokalemia,N,safety_v3:RESOLVED
S0368,ARM2,upper_respiratory_infections,N,safety_v3:RESOLVED
S0368,ARM2,thrombosis/thrombus/embolism,Y,safety_v3:RESOLVED
S0369,ARM2,neuropathy_-_sensory,N,safety_v3:RESOLVED
S0369,ARM2,fatigue,N,safety_v3:RESOLVED
S0369,ARM2,platelets,N,safety_v3:RESOLVED
S0369,ARM2,nausea,N,safety_v3:RESOLVED
S0369,ARM2,neuropathy-motor,N,safety_v3:RESOLVED
S0369,ARM2,hemoglobin_normal_12_16_gm,N,safety_v3:RESOLVED
S0369,ARM2,neuropathy_-_motor,N,safety_v3:RESOLVED
S0369,ARM2,headache,N,safety_v3:RESOLVED
S0369,ARM2,myalgia,N,safety_v3:RESOLVED
S0369,ARM2,anorexia,N,safety_v3:RESOLVED
S0369,ARM2,muscle_weakness,N,safety_v3:RESOLVED
S0369,ARM2,catheter_related_infection,N,safety_v3:RESOLVED
S0369,ARM2,coughing,N,safety_v3:RESOLVED
S0369,ARM2,neutrophil_count_decreased,N,safety_v3:RESOLVED
S0369,ARM2,decreased_platelet_count,N,safety_v3:RESOLVED
S0369,ARM2,thrombocytopenia,N,safety_v3:RESOLVED
S0369,ARM2,sweating,N,safety_v3:RESOLVED
S0369,ARM2,edema,N,safety_v3:RESOLVED
S0369,ARM2,rhinitis,N,safety_v3:RESOLVED
S0371,ARM2,neuropathy_-_sensory,N,safety_v3:RESOLVED
S0371,ARM2,fatigue,N,safety_v3:RESOLVED
S0371,ARM2,nausea,N,safety_v3:RESOLVED
S0371,ARM2,alopecia,N,safety_v3:RESOLVED
S0371,ARM2,hemoglobin_normal_12_16_gm,N,safety_v3:RESOLVED
S0371,ARM2,neuropathy_-_motor,N,safety_v3:RESOLVED
S0371,ARM2,headache,N,safety_v3:RESOLVED
S0371,ARM2,arthralgia,N,safety_v3:RESOLVED
S0371,ARM2,myalgia,N,safety_v3:RESOLVED
S0371,ARM2,dizziness,N,safety_v3:RESOLVED
S0371,ARM2,muscle_weakness,N,safety_v3:RESOLVED
S0371,ARM2,dyspnea,N,safety_v3:RESOLVED
S0371,ARM2,hypertriglyceridemia,N,safety_v3:RESOLVED
S0371,ARM2,neutropenia,N,safety_v3:RESOLVED
S0371,ARM2,neutrophil_count_decreased,N,safety_v3:RESOLVED
S0371,ARM2,alanine_aminotransferase_increased,N,safety_v3:RESOLVED
S0371,ARM2,peripheral_motor_neuropathy,N,safety_v3:RESOLVED
S0371,ARM2,hypocalcemia,N,safety_v3:RESOLVED
S0371,ARM2,hypokalemia,N,safety_v3:RESOLVED
S0371,ARM2,gastrointestinal,N,safety_v3:RESOLVED
S0371,ARM2,upper_respiratory_infections,N,safety_v3:RESOLVED
S0372,ARM2,neuropathy_-_sensory,N,safety_v3:RESOLVED
S0372,ARM2,fatigue,N,safety_v3:RESOLVED
S0372,ARM2,platelets,N,safety_v3:RESOLVED
S0372,ARM2,seizures,N,safety_v3:RESOLVED
S0372,ARM2,constipation,N,safety_v3:RESOLVED
S0372,ARM2,nausea,N,safety_v3:RESOLVED
S0372,ARM2,hemoglobin_normal_12_16_gm,N,safety_v3:RESOLVED
S0372,ARM2,arthralgia,N,safety_v3:RESOLVED
S0372,ARM2,vomiting,N,safety_v3:RESOLVED
S0372,ARM2,anorexia,N,safety_v3:RESOLVED
S0372,ARM2,muscle_weakness,N,safety_v3:RESOLVED
S0372,ARM2,catheter_related_infection,N,safety_v3:RESOLVED
S0372,ARM2,dyspnea,N,safety_v3:RESOLVED
S0372,ARM2,hypernatremia,N,safety_v3:RESOLVED
S0372,ARM2,anemia,N,safety_v3:RESOLVED
S0372,ARM2,hypertriglyceridemia,N,safety_v3:RESOLVED
S0372,ARM2,neutropenia,N,safety_v3:RESOLVED
S0372,ARM2,neutrophil_count_decreased,N,safety_v3:RESOLVED
S0372,ARM2,peripheral_motor_neuropathy,N,safety_v3:RESOLVED
S0372,ARM2,hypocalcemia,N,safety_v3:RESOLVED
S0372,ARM2,gastrointestinal,N,safety_v3:RESOLVED
S0373,ARM2,neuropathy_-_sensory,N,safety_v3:RESOLVED
S0373,ARM2,fatigue,N,safety_v3:RESOLVED
S0373,ARM2,platelets,N,safety_v3:RESOLVED
S0373,ARM2,constipation,N,safety_v3:RESOLVED
S0373,ARM2,nausea,N,safety_v3:RESOLVED
S0373,ARM2,neuropathy-motor,N,safety_v3:RESOLVED
S0373,ARM2,hemoglobin_normal_12_16_gm,N,safety_v3:RESOLVED
S0373,ARM2,arthralgia,N,safety_v3:RESOLVED
S0373,ARM2,myalgia,N,safety_v3:RESOLVED
S0373,ARM2,vomiting,N,safety_v3:RESOLVED
S0373,ARM2,muscle_weakness,N,safety_v3:RESOLVED
S0373,ARM2,catheter_related_infection,N,safety_v3:RESOLVED
S0373,ARM2,anemia,N,safety_v3:RESOLVED
S0373,ARM2,coughing,N,safety_v3:RESOLVED
S0373,ARM2,hypertriglyceridemia,N,safety_v3:RESOLVED
S0373,ARM2,neutropenia,N,safety_v3:RESOLVED
S0373,ARM2,neutrophil_count_decreased,N,safety_v3:RESOLVED
S0373,ARM2,alanine_aminotransferase_increased,N,safety_v3:RESOLVED
S0373,ARM2,peripheral_motor_neuropathy,N,safety_v3:RESOLVED
S0373,ARM2,hypocalcemia,N,safety_v3:RESOLVED
S0373,ARM2,upper_respiratory_infections,N,safety_v3:RESOLVED
S0373,ARM2,white_blood_cell_count_decreased,Y,safety_v3:RESOLVED
S0374,ARM2,neuropathy_-_sensory,N,safety_v3:RESOLVED
S0374,ARM2,fatigue,N,safety_v3:RESOLVED
S0374,ARM2,platelets,N,safety_v3:RESOLVED
S0374,ARM2,nausea,N,safety_v3:RESOLVED
S0374,ARM2,hemoglobin_normal_12_16_gm,N,safety_v3:RESOLVED
S0374,ARM2,arthralgia,N,safety_v3:RESOLVED
S0374,ARM2,myalgia,N,safety_v3:RESOLVED
S0374,ARM2,vomiting,N,safety_v3:RESOLVED
S0374,ARM2,anorexia,N,safety_v3:RESOLVED
S0374,ARM2,muscle_weakness,N,safety_v3:RESOLVED
S0374,ARM2,catheter_related_infection,N,safety_v3:RESOLVED
S0374,ARM2,dyspnea,N,safety_v3:RESOLVED
S0374,ARM2,neutrophil_count_decreased,N,safety_v3:RESOLVED
S0374,ARM2,thrombocytopenia,N,safety_v3:RESOLVED
S0374,ARM2,peripheral_motor_neuropathy,N,safety_v3:RESOLVED
S0374,ARM2,gastrointestinal,N,safety_v3:RESOLVED
S0374,ARM2,allergic_rhinitis_disorder,N,safety_v3:RESOLVED
S0374,ARM2,upper_respiratory_infections,N,safety_v3:RESOLVED
S0375,ARM2,neuropathy_-_sensory,N,safety_v3:RESOLVED
S0375,ARM2,fatigue,N,safety_v3:RESOLVED
S0375,ARM2,platelets,N,safety_v3:RESOLVED
S0375,ARM2,nausea,N,safety_v3:RESOLVED
S0375,ARM2,alopecia,N,safety_v3:RESOLVED
S0375,ARM2,hemoglobin_normal_12_16_gm,N,safety_v3:RESOLVED
S0375,ARM2,headache,N,safety_v3:RESOLVED
S0375,ARM2,arthralgia,N,safety_v3:RESOLVED
S0375,ARM2,vomiting,N,safety_v3:RESOLVED
S0375,ARM2,dizziness,N,safety_v3:RESOLVED
S0375,ARM2,muscle_weakness,N,safety_v3:RESOLVED
S0375,ARM2,dyspnea,N,safety_v3:RESOLVED
S0375,ARM2,hypernatremia,N,safety_v3:RESOLVED
S0375,ARM2,anemia,N,safety_v3:RESOLVED
S0375,ARM2,hypertriglyceridemia,N,safety_v3:RESOLVED
S0375,ARM2,neutropenia,N,safety_v3:RESOLVED
S0375,ARM2,neutrophil_count_decreased,N,safety_v3:RESOLVED
S0375,ARM2,thrombocytopenia,N,safety_v3:RESOLVED
S0375,ARM2,peripheral_motor_neuropathy,N,safety_v3:RESOLVED
S0376,ARM2,neuropathy_-_sensory,N,safety_v3:RESOLVED
S0376,ARM2,fatigue,N,safety_v3:RESOLVED
S0376,ARM2,platelets,N,safety_v3:RESOLVED
S0376,ARM2,constipation,N,safety_v3:RESOLVED
S0376,ARM2,nausea,N,safety_v3:RESOLVED
S0376,ARM2,hemoglobin_normal_12_16_gm,N,safety_v3:RESOLVED
S0376,ARM2,vomiting,N,safety_v3:RESOLVED
S0376,ARM2,dizziness,N,safety_v3:RESOLVED
S0376,ARM2,muscle_weakness,N,safety_v3:RESOLVED
S0376,ARM2,catheter_related_infection,N,safety_v3:RESOLVED
S0376,ARM2,dyspnea,N,safety_v3:RESOLVED
S0376,ARM2,anemia,N,safety_v3:RESOLVED
S0376,ARM2,anxiety,N,safety_v3:RESOLVED
S0376,ARM2,neutropenia,N,safety_v3:RESOLVED
S0376,ARM2,neutrophil_count_decreased,N,safety_v3:RESOLVED
S0376,ARM2,thrombocytopenia,N,safety_v3:RESOLVED
S0376,ARM2,fever,N,safety_v3:RESOLVED
S0376,ARM2,gastrointestinal,N,safety_v3:RESOLVED
S0376,ARM2,upper_respiratory_infections,N,safety_v3:RESOLVED
S0377,ARM2,neuropathy_-_sensory,N,safety_v3:RESOLVED
S0377,ARM2,platelets,N,safety_v3:RESOLVED
S0377,ARM2,constipation,N,safety_v3:RESOLVED
S0377,ARM2,nausea,N,safety_v3:RESOLVED
S0377,ARM2,hemoglobin_normal_12_16_gm,N,safety_v3:RESOLVED
S0377,ARM2,neuropathy_-_motor,N,safety_v3:RESOLVED
S0377,ARM2,muscle_weakness,N,safety_v3:RESOLVED
S0377,ARM2,hypernatremia,N,safety_v3:RESOLVED
S0377,ARM2,anemia,N,safety_v3:RESOLVED
S0377,ARM2,anxiety,N,safety_v3:RESOLVED
S0377,ARM2,neutropenia,N,safety_v3:RESOLVED
S0377,ARM2,neutrophil_count_decreased,N,safety_v3:RESOLVED
S0377,ARM2,thrombocytopenia,N,safety_v3:RESOLVED
S0377,ARM2,sweating,N,safety_v3:RESOLVED
S0377,ARM2,edema,N,safety_v3:RESOLVED
S0377,ARM2,rhinitis,N,safety_v3:RESOLVED
S0378,ARM2,neuropathy_-_sensory,N,safety_v3:RESOLVED
S0378,ARM2,fatigue,N,safety_v3:RESOLVED
S0378,ARM2,platelets,N,safety_v3:RESOLVED
S0378,ARM2,nausea,N,safety_v3:RESOLVED
S0378,ARM2,alopecia,N,safety_v3:RESOLVED
S0378,ARM2,hemoglobin_normal_12_16_gm,N,safety_v3:RESOLVED
S0378,ARM2,headache,N,safety_v3:RESOLVED
S0378,ARM2,vomiting,N,safety_v3:RESOLVED
S0378,ARM2,anorexia,N,safety_v3:RESOLVED
S0378,ARM2,dizziness,N,safety_v3:RESOLVED
S0378,ARM2,muscle_weakness,N,safety_v3:RESOLVED
S0378,ARM2,catheter_related_infection,N,safety_v3:RESOLVED
S0378,ARM2,dyspnea,N,safety_v3:RESOLVED
S0378,ARM2,anxiety,N,safety_v3:RESOLVED
S0378,ARM2,neutropenia,N,safety_v3:RESOLVED
S0378,ARM2,neutrophil_count_decreased,N,safety_v3:RESOLVED
S0378,ARM2,thrombocytopenia,N,safety_v3:RESOLVED
S0378,ARM2,peripheral_motor_neuropathy,N,safety_v3:RESOLVED
S0378,ARM2,dysgeusia,N,safety_v3:RESOLVED
S0378,ARM2,gastrointestinal,N,safety_v3:RESOLVED
S0378,ARM2,upper_respiratory_infections,N,safety_v3:RESOLVED
S0378,ARM2,lymphocyte_count_decreased,N,safety_v3:RESOLVED
S0381,ARM2,neuropathy_-_sensory,N,safety_v3:RESOLVED
S0381,ARM2,fatigue,N,safety_v3:RESOLVED
S0381,ARM2,nausea,N,safety_v3:RESOLVED
S0381,ARM2,alopecia,N,safety_v3:RESOLVED
S0381,ARM2,hemoglobin_normal_12_16_gm,N,safety_v3:RESOLVED
S0381,ARM2,arthralgia,N,safety_v3:RESOLVED
S0381,ARM2,vomiting,N,safety_v3:RESOLVED
S0381,ARM2,anorexia,N,safety_v3:RESOLVED
S0381,ARM2,muscle_weakness,N,safety_v3:RESOLVED
S0381,ARM2,dyspnea,N,safety_v3:RESOLVED
S0381,ARM2,coughing,N,safety_v3:RESOLVED
S0381,ARM2,anxiety,N,safety_v3:RESOLVED
S0381,ARM2,neutropenia,N,safety_v3:RESOLVED
S0381,ARM2,neutrophil_count_decreased,N,safety_v3:RESOLVED
S0381,ARM2,decreased_platelet_count,N,safety_v3:RESOLVED
S0381,ARM2,hyperkalemia,N,safety_v3:RESOLVED
S0381,ARM2,hypokalemia,N,safety_v3:RESOLVED
S0381,ARM2,hyperuricemia,N,safety_v3:RESOLVED
S0381,ARM2,thrombosis/thrombus/embolism,Y,safety_v3:RESOLVED
S0383,ARM2,neuropathy_-_sensory,N,safety_v3:RESOLVED
S0383,ARM2,platelets,N,safety_v3:RESOLVED
S0383,ARM2,seizures,N,safety_v3:RESOLVED
S0383,ARM2,constipation,N,safety_v3:RESOLVED
S0383,ARM2,nausea,N,safety_v3:RESOLVED
S0383,ARM2,hemoglobin_normal_12_16_gm,N,safety_v3:RESOLVED
S0383,ARM2,arthralgia,N,safety_v3:RESOLVED
S0383,ARM2,myalgia,N,safety_v3:RESOLVED
S0383,ARM2,vomiting,N,safety_v3:RESOLVED
S0383,ARM2,muscle_weakness,N,safety_v3:RESOLVED
S0383,ARM2,neutrophil_count_decreased,N,safety_v3:RESOLVED
S0383,ARM2,thrombocytopenia,N,safety_v3:RESOLVED
S0383,ARM2,peripheral_motor_neuropathy,N,safety_v3:RESOLVED
S0383,ARM2,weight_loss,N,safety_v3:RESOLVED
S0383,ARM2,gastrointestinal,N,safety_v3:RESOLVED
S0383,ARM2,edema,N,safety_v3:RESOLVED
S0383,ARM2,dry_skin,N,safety_v3:RESOLVED
S0383,ARM2,upper_respiratory_infections,N,safety_v3:RESOLVED
S0383,ARM2,thrombosis/thrombus/embolism,Y,safety_v3:RESOLVED
S0384,ARM2,neuropathy_-_sensory,N,safety_v3:RESOLVED
S0384,ARM2,fatigue,N,safety_v3:RESOLVED
S0384,ARM2,platelets,N,safety_v3:RESOLVED
S0384,ARM2,nausea,N,safety_v3:RESOLVED
S0384,ARM2,myalgia,N,safety_v3:RESOLVED
S0384,ARM2,vomiting,N,safety_v3:RESOLVED
S0384,ARM2,dizziness,N,safety_v3:RESOLVED
S0384,ARM2,muscle_weakness,N,safety_v3:RESOLVED
S0384,ARM2,anemia,N,safety_v3:RESOLVED
S0384,ARM2,neutropenia,N,safety_v3:RESOLVED
S0384,ARM2,neutrophil_count_decreased,N,safety_v3:RESOLVED
S0384,ARM2,thrombocytopenia,N,safety_v3:RESOLVED
S0384,ARM2,sweating,N,safety_v3:RESOLVED
S0384,ARM2,peripheral_motor_neuropathy,N,safety_v3:RESOLVED
S0384,ARM2,gastrointestinal,N,safety_v3:RESOLVED
S0384,ARM2,upper_respiratory_infections,N,safety_v3:RESOLVED
S0385,ARM2,neuropathy_-_sensory,N,safety_v3:RESOLVED
S0385,ARM2,fatigue,N,safety_v3:RESOLVED
S0385,ARM2,platelets,N,safety_v3:RESOLVED
S0385,ARM2,nausea,N,safety_v3:RESOLVED
S0385,ARM2,hemoglobin_normal_12_16_gm,N,safety_v3:RESOLVED
S0385,ARM2,arthralgia,N,safety_v3:RESOLVED
S0385,ARM2,myalgia,N,safety_v3:RESOLVED
S0385,ARM2,dizziness,N,safety_v3:RESOLVED
S0385,ARM2,muscle_weakness,N,safety_v3:RESOLVED
S0385,ARM2,depression_dominant,N,safety_v3:RESOLVED
S0385,ARM2,hypernatremia,N,safety_v3:RESOLVED
S0385,ARM2,coughing,N,safety_v3:RESOLVED
S0385,ARM2,hypertriglyceridemia,N,safety_v3:RESOLVED
S0385,ARM2,thrombocytopenia,N,safety_v3:RESOLVED
S0385,ARM2,hyperkalemia,N,safety_v3:RESOLVED
S0385,ARM2,sweating,N,safety_v3:RESOLVED
S0385,ARM2,peripheral_motor_neuropathy,N,safety_v3:RESOLVED
S0385,ARM2,hypokalemia,N,safety_v3:RESOLVED
S0385,ARM2,gastrointestinal,N,safety_v3:RESOLVED
S0385,ARM2,upper_respiratory_infections,N,safety_v3:RESOLVED
S0385,ARM2,seizures,Y,safety_v3:RESOLVED
S0388,ARM2,neuropathy_-_sensory,N,safety_v3:RESOLVED
S0388,ARM2,fatigue,N,safety_v3:RESOLVED
S0388,ARM2,platelets,N,safety_v3:RESOLVED
S0388,ARM2,constipation,N,safety_v3:RESOLVED
S0388,ARM2,nausea,N,safety_v3:RESOLVED
S0388,ARM2,alopecia,N,safety_v3:RESOLVED
S0388,ARM2,hemoglobin_normal_12_16_gm,N,safety_v3:RESOLVED
S0388,ARM2,arthralgia,N,safety_v3:RESOLVED
S0388,ARM2,myalgia,N,safety_v3:RESOLVED
S0388,ARM2,anorexia,N,safety_v3:RESOLVED
S0388,ARM2,dizziness,N,safety_v3:RESOLVED
S0388,ARM2,muscle_weakness,N,safety_v3:RESOLVED
S0388,ARM2,coughing,N,safety_v3:RESOLVED
S0388,ARM2,anxiety,N,safety_v3:RESOLVED
S0388,ARM2,neutropenia,N,safety_v3:RESOLVED
S0388,ARM2,neutrophil_count_decreased,N,safety_v3:RESOLVED
S0388,ARM2,hyperkalemia,N,safety_v3:RESOLVED
S0388,ARM2,sweating,N,safety_v3:RESOLVED
S0388,ARM2,pain_other,N,safety_v3:RESOLVED
S0388,ARM2,edema,N,safety_v3:RESOLVED
S0389,ARM2,neuropathy_-_sensory,N,safety_v3:RESOLVED
S0389,ARM2,fatigue,N,safety_v3:RESOLVED
S0389,ARM2,platelets,N,safety_v3:RESOLVED
S0389,ARM2,nausea,N,safety_v3:RESOLVED
S0389,ARM2,neuropathy-motor,N,safety_v3:RESOLVED
S0389,ARM2,alopecia,N,safety_v3:RESOLVED
S0389,ARM2,hemoglobin_normal_12_16_gm,N,safety_v3:RESOLVED
S0389,ARM2,vomiting,N,safety_v3:RESOLVED
S0389,ARM2,muscle_weakness,N,safety_v3:RESOLVED
S0389,ARM2,depression_dominant,N,safety_v3:RESOLVED
S0389,ARM2,dyspnea,N,safety_v3:RESOLVED
S0389,ARM2,coughing,N,safety_v3:RESOLVED
S0389,ARM2,neutropenia,N,safety_v3:RESOLVED
S0389,ARM2,alanine_aminotransferase_increased,N,safety_v3:RESOLVED
S0389,ARM2,fever,N,safety_v3:RESOLVED
S0389,ARM2,hypokalemia,N,safety_v3:RESOLVED
S0389,ARM2,rhinitis,N,safety_v3:RESOLVED
S0389,ARM2,allergic_rhinitis_disorder,N,safety_v3:RESOLVED
S0390,ARM2,neuropathy_-_sensory,N,safety_v3:RESOLVED
S0390,ARM2,platelets,N,safety_v3:RESOLVED
S0390,ARM2,nausea,N,safety_v3:RESOLVED
S0390,ARM2,neuropathy-motor,N,safety_v3:RESOLVED
S0390,ARM2,alopecia,N,safety_v3:RESOLVED
S0390,ARM2,hemoglobin_normal_12_16_gm,N,safety_v3:RESOLVED
S0390,ARM2,vomiting,N,safety_v3:RESOLVED
S0390,ARM2,anorexia,N,safety_v3:RESOLVED
S0390,ARM2,dizziness,N,safety_v3:RESOLVED
S0390,ARM2,muscle_weakness,N,safety_v3:RESOLVED
S0390,ARM2,hypernatremia,N,safety_v3:RESOLVED
S0390,ARM2,anemia,N,safety_v3:RESOLVED
S0390,ARM2,neutrophil_count_decreased,N,safety_v3:RESOLVED
S0390,ARM2,sweating,N,safety_v3:RESOLVED
S0390,ARM2,hypocalcemia,N,safety_v3:RESOLVED
S0390,ARM2,hypokalemia,N,safety_v3:RESOLVED
S0390,ARM2,upper_respiratory_infections,N,safety_v3:RESOLVED
S0393,ARM2,neuropathy_-_sensory,N,safety_v3:RESOLVED
S0393,ARM2,fatigue,N,safety_v3:RESOLVED
S0393,ARM2,platelets,N,safety_v3:RESOLVED
S0393,ARM2,constipation,N,safety_v3:RESOLVED
S0393,ARM2,nausea,N,safety_v3:RESOLVED
S0393,ARM2,neuropathy-motor,N,safety_v3:RESOLVED
S0393,ARM2,alopecia,N,safety_v3:RESOLVED
S0393,ARM2,headache,N,safety_v3:RESOLVED
S0393,ARM2,vomiting,N,safety_v3:RESOLVED
S0393,ARM2,muscle_weakness,N,safety_v3:RESOLVED
S0393,ARM2,catheter_related_infection,N,safety_v3:RESOLVED
S0393,ARM2,depression_dominant,N,safety_v3:RESOLVED
S0393,ARM2,hypernatremia,N,safety_v3:RESOLVED
S0393,ARM2,anemia,N,safety_v3:RESOLVED
S0393,ARM2,coughing,N,safety_v3:RESOLVED
S0393,ARM2,hypertriglyceridemia,N,safety_v3:RESOLVED
S0393,ARM2,neutrophil_count_decreased,N,safety_v3:RESOLVED
S0393,ARM2,weight_loss,N,safety_v3:RESOLVED
S0393,ARM2,gastrointestinal,N,safety_v3:RESOLVED
S0393,ARM2,rash_erythematous_macules_or_papules,N,safety_v3:RESOLVED
S0393,ARM2,upper_respiratory_infections,N,safety_v3:RESOLVED
S0394,ARM2,neuropathy_-_sensory,N,safety_v3:RESOLVED
S0394,ARM2,fatigue,N,safety_v3:RESOLVED
S0394,ARM2,platelets,N,safety_v3:RESOLVED
S0394,ARM2,nausea,N,safety_v3:RESOLVED
S0394,ARM2,hemoglobin_normal_12_16_gm,N,safety_v3:RESOLVED
S0394,ARM2,arthralgia,N,safety_v3:RESOLVED
S0394,ARM2,vomiting,N,safety_v3:RESOLVED
S0394,ARM2,muscle_weakness,N,safety_v3:RESOLVED
S0394,ARM2,catheter_related_infection,N,safety_v3:RESOLVED
S0394,ARM2,sleeplessness,N,safety_v3:RESOLVED
S0394,ARM2,anemia,N,safety_v3:RESOLVED
S0394,ARM2,anxiety,N,safety_v3:RESOLVED
S0394,ARM2,neutrophil_count_decreased,N,safety_v3:RESOLVED
S0394,ARM2,thrombocytopenia,N,safety_v3:RESOLVED
S0394,ARM2,diarrhea,N,safety_v3:RESOLVED
S0394,ARM2,hyperkalemia,N,safety_v3:RESOLVED
S0394,ARM2,sweating,N,safety_v3:RESOLVED
S0394,ARM2,hypocalcemia,N,safety_v3:RESOLVED
S0394,ARM2,hyponatremia,N,safety_v3:RESOLVED
S0394,ARM2,hypokalemia,N,safety_v3:RESOLVED
S0394,ARM2,thrombosis/thrombus/embolism,Y,safety_v3:RESOLVED
S0399,ARM2,neuropathy_-_sensory,N,safety_v3:RESOLVED
S0399,ARM2,fatigue,N,safety_v3:RESOLVED
S0399,ARM2,platelets,N,safety_v3:RESOLVED
S0399,ARM2,nausea,N,safety_v3:RESOLVED
S0399,ARM2,hemoglobin_normal_12_16_gm,N,safety_v3:RESOLVED
S0399,ARM2,headache,N,safety_v3:RESOLVED
S0399,ARM2,vomiting,N,safety_v3:RESOLVED
S0399,ARM2,dizziness,N,safety_v3:RESOLVED
S0399,ARM2,muscle_weakness,N,safety_v3:RESOLVED
S0399,ARM2,dyspnea,N,safety_v3:RESOLVED
S0399,ARM2,neutropenia,N,safety_v3:RESOLVED
S0399,ARM2,neutrophil_count_decreased,N,safety_v3:RESOLVED
S0399,ARM2,hyperkalemia,N,safety_v3:RESOLVED
S0399,ARM2,peripheral_motor_neuropathy,N,safety_v3:RESOLVED
S0399,ARM2,blurred_vision,N,safety_v3:RESOLVED
S0399,ARM2,dry_skin,N,safety_v3:RESOLVED
S0400,ARM2,neuropathy_-_sensory,N,safety_v3:RESOLVED
S0400,ARM2,fatigue,N,safety_v3:RESOLVED
S0400,ARM2,platelets,N,safety_v3:RESOLVED
S0400,ARM2,nausea,N,safety_v3:RESOLVED
S0400,ARM2,hemoglobin_normal_12_16_gm,N,safety_v3:RESOLVED
S0400,ARM2,headache,N,safety_v3:RESOLVED
S0400,ARM2,myalgia,N,safety_v3:RESOLVED
S0400,ARM2,vomiting,N,safety_v3:RESOLVED
S0400,ARM2,anorexia,N,safety_v3:RESOLVED
S0400,ARM2,muscle_weakness,N,safety_v3:RESOLVED
S0400,ARM2,neutropenia,N,safety_v3:RESOLVED
S0400,ARM2,neutrophil_count_decreased,N,safety_v3:RESOLVED
