USUBJID,EXTRT,CYCLE,EXDOSE,PLANNED_ADMIN,ACTUAL_ADMIN
S0001,pembrolizumab,1,200 mg,1,1
S0001,gemcitabine,1,1000 mg/m2,2,2
S0001,carboplatin,1,5 auc,2,2
S0001,pembrolizumab,2,200 mg,1,1
S0001,gemcitabine,2,1000 mg/m2,2,2
S0001,carboplatin,2,5 auc,2,2
S0001,pembrolizumab,3,200 mg,1,1
S0001,gemcitabine,3,1000 mg/m2,2,2
S0001,carboplatin,3,5 auc,2,2
S0001,pembrolizumab,4,200 mg,1,1
S0001,gemcitabine,4,1000 mg/m2,2,2
S0001,carboplatin,4,5 auc,2,2
S0002,pemigatinib,1,18 mg,21,21
S0002,pembrolizumab,1,200 mg,1,1
S0002,pemigatinib,2,13.5 mg,21,21
S0002,pembrolizumab,2,200 mg,1,1
S0002,pemigatinib,3,13.5 mg,21,21
S0002,pembrolizumab,3,200 mg,1,1
S0002,pemigatinib,4,13.5 mg,1,1
S0002,pembrolizumab,4,200 mg,1,1
S0003,pemigatinib,1,18 mg,21,21
S0003,pemigatinib,2,13.5 mg,21,21
S0003,pemigatinib,3,13.5 mg,21,21
S0003,pemigatinib,4,13.5 mg,1,1
S0004,pembrolizumab,1,200 mg,1,1
S0004,gemcitabine,1,1000 mg/m2,2,2
S0004,carboplatin,1,5 auc,2,2
S0004,pembrolizumab,2,200 mg,1,1
S0004,gemcitabine,2,1000 mg/m2,2,2
S0004,carboplatin,2,5 auc,2,2
S0004,pembrolizumab,3,200 mg,1,1
S0004,gemcitabine,3,1000 mg/m2,2,2
S0004,carboplatin,3,5 auc,2,2
S0004,pembrolizumab,4,200 mg,1,1
S0004,gemcitabine,4,1000 mg/m2,2,2
S0004,carboplatin,4,5 auc,2,2
S0005,pemigatinib,1,18 mg,21,21
S0005,pembrolizumab,1,200 mg,1,1
S0005,pemigatinib,2,13.5 mg,21,21
S0005,pembrolizumab,2,200 mg,1,1
S0005,pemigatinib,3,13.5 mg,21,21
S0005,pembrolizumab,3,200 mg,1,1
S0005,pemigatinib,4,13.5 mg,1,1
S0005,pembrolizumab,4,200 mg,1,1
S0006,pembrolizumab,1,200 mg,1,1
S0006,gemcitabine,1,1000 mg/m2,2,2
S0006,carboplatin,1,5 auc,2,2
S0006,pembrolizumab,2,200 mg,1,1
S0006,gemcitabine,2,1000 mg/m2,2,2
S0006,carboplatin,2,5 auc,2,2
S0006,pembrolizumab,3,200 mg,1,1
S0006,gemcitabine,3,1000 mg/m2,2,2
S0006,carboplatin,3,5 auc,2,2
S0007,pembrolizumab,1,200 mg,1,1
S0007,gemcitabine,1,1000 mg/m2,2,2
S0007,carboplatin,1,5 auc,2,2
S0007,pembrolizumab,2,200 mg,1,1
S0007,gemcitabine,2,1000 mg/m2,2,2
S0007,carboplatin,2,5 auc,2,2
S0007,pembrolizumab,3,200 mg,1,1
S0007,gemcitabine,3,1000 mg/m2,2,2
S0007,carboplatin,3,5 auc,2,2
S0007,pembrolizumab,4,200 mg,1,1
S0007,gemcitabine,4,1000 mg/m2,2,2
S0007,carboplatin,4,5 auc,2,2
S0008,pemigatinib,1,18 mg,21,21
S0008,pemigatinib,2,13.5 mg,21,21
S0008,pemigatinib,3,13.5 mg,21,21
S0008,pemigatinib,4,13.5 mg,1,1
S0009,pemigatinib,1,18 mg,21,21
S0009,pembrolizumab,1,200 mg,1,1
S0009,pemigatinib,2,13.5 mg,21,21
S0009,pembrolizumab,2,200 mg,1,1
S0009,pemigatinib,3,13.5 mg,21,21
S0009,pembrolizumab,3,200 mg,1,1
S0009,pemigatinib,4,13.5 mg,21,21
S0009,pembrolizumab,4,200 mg,1,1
S0010,pemigatinib,1,18 mg,21,21
S0010,pembrolizumab,1,200 mg,1,1
S0010,pemigatinib,2,13.5 mg,21,21
S0010,pembrolizumab,2,200 mg,1,1
S0010,pemigatinib,3,13.5 mg,21,21
S0010,pembrolizumab,3,200 mg,1,1
S0010,pemigatinib,4,13.5 mg,21,21
S0010,pembrolizumab,4,200 mg,1,1
S0011,pembrolizumab,1,200 mg,1,1
S0011,gemcitabine,1,1000 mg/m2,2,2
S0011,carboplatin,1,5 auc,2,2
S0011,pembrolizumab,2,200 mg,1,1
S0011,gemcitabine,2,1000 mg/m2,2,2
S0011,carboplatin,2,5 auc,2,2
S0011,pembrolizumab,3,200 mg,1,1
S0011,gemcitabine,3,1000 mg/m2,2,2
S0011,carboplatin,3,5 auc,2,2
S0011,pembrolizumab,4,200 mg,1,1
S0011,gemcitabine,4,1000 mg/m2,2,2
S0011,carboplatin,4,5 auc,2,2
S0012,pemigatinib,1,18 mg,21,21
S0012,pembrolizumab,1,200 mg,1,1
S0012,pemigatinib,2,13.5 mg,21,21
S0012,pembrolizumab,2,200 mg,1,1
S0012,pemigatinib,3,13.5 mg,21,21
S0012,pembrolizumab,3,200 mg,1,1
S0012,pemigatinib,4,13.5 mg,1,1
S0012,pembrolizumab,4,200 mg,1,1
S0013,pemigatinib,1,18 mg,21,21
S0013,pemigatinib,2,13.5 mg,21,21
S0013,pemigatinib,3,13.5 mg,21,21
S0013,pemigatinib,4,13.5 mg,21,21
S0014,pemigatinib,1,18 mg,21,21
S0014,pembrolizumab,1,200 mg,1,1
S0014,pemigatinib,2,13.5 mg,21,21
S0014,pembrolizumab,2,200 mg,1,1
S0014,pemigatinib,3,13.5 mg,21,21
S0014,pembrolizumab,3,200 mg,1,1
S0014,pemigatinib,4,13.5 mg,21,21
S0014,pembrolizumab,4,200 mg,1,1
S0015,pembrolizumab,1,200 mg,1,1
S0015,gemcitabine,1,1000 mg/m2,2,2
S0015,carboplatin,1,5 auc,2,2
S0015,pembrolizumab,2,200 mg,1,1
S0015,gemcitabine,2,1000 mg/m2,2,2
S0015,carboplatin,2,5 auc,2,2
S0015,pembrolizumab,3,200 mg,1,1
S0015,gemcitabine,3,1000 mg/m2,2,2
S0015,carboplatin,3,5 auc,2,2
S0015,pembrolizumab,4,200 mg,1,1
S0015,gemcitabine,4,1000 mg/m2,2,2
S0015,carboplatin,4,5 auc,2,2
S0016,pembrolizumab,1,200 mg,1,1
S0016,gemcitabine,1,1000 mg/m2,2,2
S0016,carboplatin,1,5 auc,2,2
S0016,pembrolizumab,2,200 mg,1,1
S0016,gemcitabine,2,1000 mg/m2,2,2
S0016,carboplatin,2,5 auc,2,2
S0016,pembrolizumab,3,200 mg,1,1
S0016,gemcitabine,3,1000 mg/m2,2,2
S0016,carboplatin,3,5 auc,2,2
S0016,pembrolizumab,4,200 mg,1,1
S0016,gemcitabine,4,1000 mg/m2,2,2
S0016,carboplatin,4,5 auc,2,2
S0017,pembrolizumab,1,200 mg,1,1
S0017,gemcitabine,1,1000 mg/m2,2,2
S0017,carboplatin,1,5 auc,2,2
S0017,pembrolizumab,2,200 mg,1,1
S0017,gemcitabine,2,1000 mg/m2,2,2
S0017,carboplatin,2,5 auc,2,2
S0017,pembrolizumab,3,200 mg,1,1
S0017,gemcitabine,3,1000 mg/m2,2,2
S0017,carboplatin,3,5 auc,2,2
S0017,pembrolizumab,4,200 mg,1,1
S0017,gemcitabine,4,1000 mg/m2,2,2
S0017,carboplatin,4,5 auc,2,2
S0018,pembrolizumab,1,200 mg,1,1
S0018,gemcitabine,1,1000 mg/m2,2,2
S0018,carboplatin,1,5 auc,2,2
S0018,pembrolizumab,2,200 mg,1,1
S0018,gemcitabine,2,1000 mg/m2,2,2
S0018,carboplatin,2,5 auc,2,2
S0018,pembrolizumab,3,200 mg,1,1
S0018,gemcitabine,3,1000 mg/m2,2,2
S0018,carboplatin,3,5 auc,2,2
S0018,pembrolizumab,4,200 mg,1,1
S0018,gemcitabine,4,1000 mg/m2,2,2
S0018,carboplatin,4,5 auc,2,2
S0019,pemigatinib,1,18 mg,21,21
S0019,pembrolizumab,1,200 mg,1,1
S0019,pemigatinib,2,13.5 mg,21,21
S0019,pembrolizumab,2,200 mg,1,1
S0019,pemigatinib,3,13.5 mg,21,21
S0019,pembrolizumab,3,200 mg,1,1
S0019,pemigatinib,4,13.5 mg,21,21
S0019,pembrolizumab,4,200 mg,1,1
S0020,pemigatinib,1,18 mg,21,21
S0020,pemigatinib,2,13.5 mg,21,21
S0020,pemigatinib,3,13.5 mg,21,21
S0020,pemigatinib,4,13.5 mg,1,1
S0021,pemigatinib,1,18 mg,21,21
S0021,pemigatinib,2,13.5 mg,21,21
S0021,pemigatinib,3,13.5 mg,21,21
S0021,pemigatinib,4,13.5 mg,21,21
S0022,pemigatinib,1,18 mg,17,17
S0022,pembrolizumab,1,200 mg,1,0
S0023,pembrolizumab,1,200 mg,1,1
S0023,gemcitabine,1,1000 mg/m2,2,2
S0023,carboplatin,1,5 auc,2,2
S0023,pembrolizumab,2,200 mg,1,1
S0023,gemcitabine,2,1000 mg/m2,2,2
S0023,carboplatin,2,5 auc,2,2
S0023,pembrolizumab,3,200 mg,1,1
S0023,gemcitabine,3,1000 mg/m2,2,2
S0023,carboplatin,3,5 auc,2,2
S0023,pembrolizumab,4,200 mg,1,1
S0023,gemcitabine,4,1000 mg/m2,2,2
S0023,carboplatin,4,5 auc,2,2
S0024,pemigatinib,1,18 mg,21,21
S0024,pembrolizumab,1,200 mg,1,1
S0024,pemigatinib,2,13.5 mg,21,21
S0024,pembrolizumab,2,200 mg,1,1
S0024,pemigatinib,3,13.5 mg,21,21
S0024,pembrolizumab,3,200 mg,1,1
S0024,pemigatinib,4,13.5 mg,21,21
S0024,pembrolizumab,4,200 mg,1,1
S0025,pemigatinib,1,18 mg,21,21
S0025,pemigatinib,2,13.5 mg,19,19
S0026,pemigatinib,1,18 mg,21,21
S0026,pembrolizumab,1,200 mg,1,1
S0026,pemigatinib,2,13.5 mg,21,21
S0026,pembrolizumab,2,200 mg,1,1
S0026,pemigatinib,3,13.5 mg,21,21
S0026,pembrolizumab,3,200 mg,1,1
S0026,pemigatinib,4,13.5 mg,21,21
S0026,pembrolizumab,4,200 mg,1,1
S0027,pembrolizumab,1,200 mg,1,1
S0027,gemcitabine,1,1000 mg/m2,2,2
S0027,carboplatin,1,5 auc,2,2
S0027,pembrolizumab,2,200 mg,1,1
S0027,gemcitabine,2,1000 mg/m2,2,2
S0027,carboplatin,2,5 auc,2,2
S0027,pembrolizumab,3,200 mg,1,1
S0027,gemcitabine,3,1000 mg/m2,2,2
S0027,carboplatin,3,5 auc,2,2
S0027,pembrolizumab,4,200 mg,1,1
S0027,gemcitabine,4,1000 mg/m2,2,2
S0027,carboplatin,4,5 auc,2,2
S0028,pemigatinib,1,18 mg,21,21
S0028,pemigatinib,2,13.5 mg,21,21
S0028,pemigatinib,3,13.5 mg,21,21
S0028,pemigatinib,4,13.5 mg,21,21
S0029,pemigatinib,1,18 mg,12,12
S0029,pembrolizumab,1,200 mg,1,1
S0030,pemigatinib,1,18 mg,21,21
S0030,pemigatinib,2,13.5 mg,21,21
S0030,pemigatinib,3,13.5 mg,21,21
S0030,pemigatinib,4,13.5 mg,21,21
S0031,pembrolizumab,1,200 mg,1,1
S0031,gemcitabine,1,1000 mg/m2,2,2
S0031,carboplatin,1,5 auc,2,2
S0031,pembrolizumab,2,200 mg,1,1
S0031,gemcitabine,2,1000 mg/m2,2,2
S0031,carboplatin,2,5 auc,2,2
S0031,pembrolizumab,3,200 mg,1,1
S0031,gemcitabine,3,1000 mg/m2,2,2
S0031,carboplatin,3,5 auc,2,2
S0031,pembrolizumab,4,200 mg,1,1
S0031,gemcitabine,4,1000 mg/m2,1,1
S0031,carboplatin,4,5 auc,1,1
S0032,pembrolizumab,1,200 mg,1,1
S0032,gemcitabine,1,1000 mg/m2,2,2
S0032,carboplatin,1,5 auc,2,2
S0032,pembrolizumab,2,200 mg,1,1
S0032,gemcitabine,2,1000 mg/m2,2,2
S0032,carboplatin,2,5 auc,2,2
S0032,pembrolizumab,3,200 mg,1,1
S0032,gemcitabine,3,1000 mg/m2,2,2
S0032,carboplatin,3,5 auc,2,2
S0032,pembrolizumab,4,200 mg,1,1
S0032,gemcitabine,4,1000 mg/m2,1,1
S0032,carboplatin,4,5 auc,1,1
S0033,pembrolizumab,1,200 mg,1,1
S0033,gemcitabine,1,1000 mg/m2,2,2
S0033,carboplatin,1,5 auc,2,2
S0033,pembrolizumab,2,200 mg,1,1
S0033,gemcitabine,2,1000 mg/m2,2,2
S0033,carboplatin,2,5 auc,2,2
S0034,pemigatinib,1,18 mg,21,21
S0034,pembrolizumab,1,200 mg,1,1
S0034,pemigatinib,2,13.5 mg,21,21
S0034,pembrolizumab,2,200 mg,1,1
S0034,pemigatinib,3,13.5 mg,21,21
S0034,pembrolizumab,3,200 mg,1,1
S0034,pemigatinib,4,13.5 mg,21,21
S0034,pembrolizumab,4,200 mg,1,1
S0035,pemigatinib,1,18 mg,21,21
S0035,pembrolizumab,1,200 mg,1,1
S0035,pemigatinib,2,13.5 mg,21,21
S0035,pembrolizumab,2,200 mg,1,1
S0035,pemigatinib,3,13.5 mg,21,21
S0035,pembrolizumab,3,200 mg,1,1
S0035,pemigatinib,4,13.5 mg,21,21
S0035,pembrolizumab,4,200 mg,1,1
S0036,pembrolizumab,1,200 mg,1,1
S0036,gemcitabine,1,1000 mg/m2,2,2
S0036,carboplatin,1,5 auc,2,2
S0036,pembrolizumab,2,200 mg,1,1
S0036,gemcitabine,2,1000 mg/m2,2,2
S0036,carboplatin,2,5 auc,2,2
S0036,pembrolizumab,3,200 mg,1,1
S0036,gemcitabine,3,1000 mg/m2,2,2
S0036,carboplatin,3,5 auc,2,2
S0036,pembrolizumab,4,200 mg,1,1
S0036,gemcitabine,4,1000 mg/m2,2,2
S0036,carboplatin,4,5 auc,2,2
S0037,pembrolizumab,1,200 mg,1,1
S0037,gemcitabine,1,1000 mg/m2,2,2
S0037,carboplatin,1,5 auc,2,2
S0037,pembrolizumab,2,200 mg,1,1
S0037,gemcitabine,2,1000 mg/m2,2,2
S0037,carboplatin,2,5 auc,2,2
S0037,pembrolizumab,3,200 mg,1,1
S0037,gemcitabine,3,1000 mg/m2,2,2
S0037,carboplatin,3,5 auc,2,2
S0037,pembrolizumab,4,200 mg,1,1
S0037,gemcitabine,4,1000 mg/m2,2,2
S0037,carboplatin,4,5 auc,2,2
S0038,pembrolizumab,1,200 mg,1,1
S0038,gemcitabine,1,1000 mg/m2,2,2
S0038,carboplatin,1,5 auc,2,2
S0038,pembrolizumab,2,200 mg,1,1
S0038,gemcitabine,2,1000 mg/m2,2,2
S0038,carboplatin,2,5 auc,2,2
S0038,pembrolizumab,3,200 mg,1,1
S0038,gemcitabine,3,1000 mg/m2,2,2
S0038,carboplatin,3,5 auc,2,2
S0038,pembrolizumab,4,200 mg,1,1
S0038,gemcitabine,4,1000 mg/m2,1,1
S0038,carboplatin,4,5 auc,1,1
S0039,pemigatinib,1,18 mg,21,21
S0039,pembrolizumab,1,200 mg,1,1
S0039,pemigatinib,2,13.5 mg,21,21
S0039,pembrolizumab,2,200 mg,1,1
S0039,pemigatinib,3,13.5 mg,21,21
S0039,pembrolizumab,3,200 mg,1,1
S0039,pemigatinib,4,13.5 mg,21,21
S0039,pembrolizumab,4,200 mg,1,1
S0040,pemigatinib,1,18 mg,21,21
S0040,pembrolizumab,1,200 mg,1,1
S0040,pemigatinib,2,13.5 mg,21,21
S0040,pembrolizumab,2,200 mg,1,1
S0040,pemigatinib,3,13.5 mg,21,21
S0040,pembrolizumab,3,200 mg,1,1
S0040,pemigatinib,4,13.5 mg,1,1
S0040,pembrolizumab,4,200 mg,1,1
S0041,pembrolizumab,1,200 mg,1,1
S0041,gemcitabine,1,1000 mg/m2,2,2
S0041,carboplatin,1,5 auc,2,2
S0041,pembrolizumab,2,200 mg,1,0
S0041,gemcitabine,2,1000 mg/m2,2,2
S0041,carboplatin,2,5 auc,2,2
S0041,pembrolizumab,3,200 mg,1,0
S0041,gemcitabine,3,1000 mg/m2,2,2
S0041,carboplatin,3,5 auc,2,2
S0041,pembrolizumab,4,200 mg,1,0
S0041,gemcitabine,4,1000 mg/m2,1,1
S0041,carboplatin,4,5 auc,1,1
S0042,pembrolizumab,1,200 mg,1,1
S0042,gemcitabine,1,1000 mg/m2,2,2
S0042,carboplatin,1,5 auc,2,2
S0042,pembrolizumab,2,200 mg,1,1
S0042,gemcitabine,2,1000 mg/m2,2,2
S0042,carboplatin,2,5 auc,2,2
S0042,pembrolizumab,3,200 mg,1,1
S0042,gemcitabine,3,1000 mg/m2,2,2
S0042,carboplatin,3,5 auc,2,2
S0042,pembrolizumab,4,200 mg,1,1
S0042,gemcitabine,4,1000 mg/m2,2,2
S0042,carboplatin,4,5 auc,2,2
S0043,pembrolizumab,1,200 mg,1,1
S0043,gemcitabine,1,1000 mg/m2,2,2
S0043,carboplatin,1,5 auc,2,2
S0043,pembrolizumab,2,200 mg,1,1
S0043,gemcitabine,2,1000 mg/m2,2,2
S0043,carboplatin,2,5 auc,2,2
S0043,pembrolizumab,3,200 mg,1,1
S0043,gemcitabine,3,1000 mg/m2,2,2
S0043,carboplatin,3,5 auc,2,2
S0043,pembrolizumab,4,200 mg,1,1
S0043,gemcitabine,4,1000 mg/m2,1,1
S0043,carboplatin,4,5 auc,1,1
S0044,pemigatinib,1,18 mg,21,21
S0044,pemigatinib,2,13.5 mg,21,21
S0044,pemigatinib,3,13.5 mg,21,21
S0044,pemigatinib,4,13.5 mg,21,21
S0045,pembrolizumab,1,200 mg,1,1
S0045,gemcitabine,1,1000 mg/m2,2,2
S0045,carboplatin,1,5 auc,2,2
S0045,pembrolizumab,2,200 mg,1,1
S0045,gemcitabine,2,1000 mg/m2,2,2
S0045,carboplatin,2,5 auc,2,2
S0045,pembrolizumab,3,200 mg,1,1
S0045,gemcitabine,3,1000 mg/m2,2,2
S0045,carboplatin,3,5 auc,2,2
S0045,pembrolizumab,4,200 mg,1,1
S0045,gemcitabine,4,1000 mg/m2,2,2
S0045,carboplatin,4,5 auc,2,2
S0046,pemigatinib,1,18 mg,21,21
S0046,pemigatinib,2,13.5 mg,21,21
S0046,pemigatinib,3,13.5 mg,21,21
S0046,pemigatinib,4,13.5 mg,1,1
S0047,pemigatinib,1,18 mg,21,21
S0047,pemigatinib,2,13.5 mg,21,21
S0047,pemigatinib,3,13.5 mg,21,21
S0047,pemigatinib,4,13.5 mg,21,21
S0048,pemigatinib,1,18 mg,21,21
S0048,pemigatinib,2,13.5 mg,21,21
S0048,pemigatinib,3,13.5 mg,21,21
S0048,pemigatinib,4,13.5 mg,1,1
S0049,pembrolizumab,1,200 mg,1,1
S0049,gemcitabine,1,1000 mg/m2,2,2
S0049,carboplatin,1,5 auc,2,2
S0049,pembrolizumab,2,200 mg,1,1
S0049,gemcitabine,2,1000 mg/m2,2,2
S0049,carboplatin,2,5 auc,2,2
S0049,pembrolizumab,3,200 mg,1,1
S0049,gemcitabine,3,1000 mg/m2,2,2
S0049,carboplatin,3,5 auc,2,2
S0049,pembrolizumab,4,200 mg,1,1
S0049,gemcitabine,4,1000 mg/m2,2,2
S0049,carboplatin,4,5 auc,2,2
S0050,pembrolizumab,1,200 mg,1,1
S0050,gemcitabine,1,1000 mg/m2,2,2
S0050,carboplatin,1,5 auc,2,2
S0050,pembrolizumab,2,200 mg,1,1
S0050,gemcitabine,2,1000 mg/m2,2,2
S0050,carboplatin,2,5 auc,2,2
S0050,pembrolizumab,3,200 mg,1,1
S0050,gemcitabine,3,1000 mg/m2,2,2
S0050,carboplatin,3,5 auc,2,2
S0050,pembrolizumab,4,200 mg,1,1
S0050,gemcitabine,4,1000 mg/m2,2,2
S0050,carboplatin,4,5 auc,2,2
S0051,pemigatinib,1,18 mg,21,21
S0051,pembrolizumab,1,200 mg,1,1
S0051,pemigatinib,2,13.5 mg,21,21
S0051,pembrolizumab,2,200 mg,1,1
S0051,pemigatinib,3,13.5 mg,21,21
S0051,pembrolizumab,3,200 mg,1,1
S0051,pemigatinib,4,13.5 mg,21,21
S0051,pembrolizumab,4,200 mg,1,1
S0052,pembrolizumab,1,200 mg,1,1
S0052,gemcitabine,1,1000 mg/m2,2,2
S0052,carboplatin,1,5 auc,2,2
S0052,pembrolizumab,2,200 mg,1,1
S0052,gemcitabine,2,1000 mg/m2,2,2
S0052,carboplatin,2,5 auc,2,2
S0052,pembrolizumab,3,200 mg,1,1
S0052,gemcitabine,3,1000 mg/m2,2,2
S0052,carboplatin,3,5 auc,2,2
S0053,pemigatinib,1,18 mg,21,21
S0053,pemigatinib,2,13.5 mg,4,4
S0054,pembrolizumab,1,200 mg,1,1
S0054,gemcitabine,1,1000 mg/m2,2,2
S0054,carboplatin,1,5 auc,2,2
S0054,pembrolizumab,2,200 mg,1,1
S0054,gemcitabine,2,1000 mg/m2,2,2
S0054,carboplatin,2,5 auc,2,2
S0054,pembrolizumab,3,200 mg,1,1
S0054,gemcitabine,3,1000 mg/m2,2,2
S0054,carboplatin,3,5 auc,2,2
S0054,pembrolizumab,4,200 mg,1,1
S0054,gemcitabine,4,1000 mg/m2,1,1
S0054,carboplatin,4,5 auc,1,1
S0055,pemigatinib,1,18 mg,21,21
S0055,pembrolizumab,1,200 mg,1,1
S0055,pemigatinib,2,13.5 mg,21,21
S0055,pembrolizumab,2,200 mg,1,1
S0055,pemigatinib,3,13.5 mg,21,21
S0055,pembrolizumab,3,200 mg,1,1
S0055,pemigatinib,4,13.5 mg,21,21
S0055,pembrolizumab,4,200 mg,1,1
S0056,pemigatinib,1,18 mg,21,21
S0056,pemigatinib,2,13.5 mg,21,21
S0056,pemigatinib,3,13.5 mg,21,21
S0056,pemigatinib,4,13.5 mg,21,21
S0057,pembrolizumab,1,200 mg,1,1
S0057,gemcitabine,1,1000 mg/m2,2,2
S0057,carboplatin,1,5 auc,2,2
S0057,pembrolizumab,2,200 mg,1,1
S0057,gemcitabine,2,1000 mg/m2,2,2
S0057,carboplatin,2,5 auc,2,2
S0057,pembrolizumab,3,200 mg,1,1
S0057,gemcitabine,3,1000 mg/m2,2,2
S0057,carboplatin,3,5 auc,2,2
S0057,pembrolizumab,4,200 mg,1,1
S0057,gemcitabine,4,1000 mg/m2,1,1
S0057,carboplatin,4,5 auc,1,1
S0058,pemigatinib,1,18 mg,21,21
S0058,pemigatinib,2,13.5 mg,21,21
S0058,pemigatinib,3,13.5 mg,21,21
S0058,pemigatinib,4,13.5 mg,21,21
S0059,pemigatinib,1,18 mg,21,21
S0059,pemigatinib,2,13.5 mg,21,21
S0059,pemigatinib,3,13.5 mg,21,21
S0059,pemigatinib,4,13.5 mg,21,21
S0060,pemigatinib,1,18 mg,21,21
S0060,pemigatinib,2,13.5 mg,21,21
S0060,pemigatinib,3,13.5 mg,21,21
S0060,pemigatinib,4,13.5 mg,21,21
S0061,pembrolizumab,1,200 mg,1,1
S0061,gemcitabine,1,1000 mg/m2,2,2
S0061,carboplatin,1,5 auc,2,2
S0061,pembrolizumab,2,200 mg,1,1
S0061,gemcitabine,2,1000 mg/m2,2,2
S0061,carboplatin,2,5 auc,2,2
S0061,pembrolizumab,3,200 mg,1,1
S0061,gemcitabine,3,1000 mg/m2,2,2
S0061,carboplatin,3,5 auc,2,2
S0061,pembrolizumab,4,200 mg,1,1
S0061,gemcitabine,4,1000 mg/m2,2,2
S0061,carboplatin,4,5 auc,2,2
S0062,pemigatinib,1,18 mg,21,21
S0062,pembrolizumab,1,200 mg,1,1
S0062,pemigatinib,2,13.5 mg,21,21
S0062,pembrolizumab,2,200 mg,1,1
S0062,pemigatinib,3,13.5 mg,21,21
S0062,pembrolizumab,3,200 mg,1,1
S0062,pemigatinib,4,13.5 mg,21,21
S0062,pembrolizumab,4,200 mg,1,1
S0063,pemigatinib,1,18 mg,21,21
S0063,pemigatinib,2,13.5 mg,21,21
S0063,pemigatinib,3,13.5 mg,21,21
S0063,pemigatinib,4,13.5 mg,21,21
S0064,pembrolizumab,1,200 mg,1,1
S0064,gemcitabine,1,1000 mg/m2,2,2
S0064,carboplatin,1,5 auc,2,2
S0064,pembrolizumab,2,200 mg,1,1
S0064,gemcitabine,2,1000 mg/m2,2,2
S0064,carboplatin,2,5 auc,2,2
S0064,pembrolizumab,3,200 mg,1,1
S0064,gemcitabine,3,1000 mg/m2,2,2
S0064,carboplatin,3,5 auc,2,2
S0064,pembrolizumab,4,200 mg,1,1
S0064,gemcitabine,4,1000 mg/m2,1,1
S0064,carboplatin,4,5 auc,1,1
S0065,pemigatinib,1,18 mg,21,21
S0065,pemigatinib,2,13.5 mg,21,21
S0065,pemigatinib,3,13.5 mg,21,21
S0065,pemigatinib,4,13.5 mg,21,21
S0066,pemigatinib,1,18 mg,21,21
S0066,pembrolizumab,1,200 mg,1,1
S0066,pemigatinib,2,13.5 mg,21,21
S0066,pembrolizumab,2,200 mg,1,1
S0066,pemigatinib,3,13.5 mg,21,21
S0066,pembrolizumab,3,200 mg,1,1
S0066,pemigatinib,4,13.5 mg,21,21
S0066,pembrolizumab,4,200 mg,1,1
S0067,pemigatinib,1,18 mg,21,21
S0067,pemigatinib,2,13.5 mg,21,21
S0067,pemigatinib,3,13.5 mg,21,21
S0067,pemigatinib,4,13.5 mg,1,1
S0068,pemigatinib,1,18 mg,21,21
S0068,pembrolizumab,1,200 mg,1,1
S0068,pemigatinib,2,13.5 mg,21,21
S0068,pembrolizumab,2,200 mg,1,1
S0068,pemigatinib,3,13.5 mg,21,21
S0068,pembrolizumab,3,200 mg,1,1
S0068,pemigatinib,4,13.5 mg,21,21
S0068,pembrolizumab,4,200 mg,1,1
S0069,pemigatinib,1,18 mg,21,21
S0069,pembrolizumab,1,200 mg,1,1
S0069,pemigatinib,2,13.5 mg,21,21
S0069,pembrolizumab,2,200 mg,1,1
S0069,pemigatinib,3,13.5 mg,21,21
S0069,pembrolizumab,3,200 mg,1,1
S0069,pemigatinib,4,13.5 mg,1,1
S0069,pembrolizumab,4,200 mg,1,1
S0070,pemigatinib,1,18 mg,21,21
S0070,pembrolizumab,1,200 mg,1,1
S0070,pemigatinib,2,13.5 mg,21,21
S0070,pembrolizumab,2,200 mg,1,1
S0070,pemigatinib,3,13.5 mg,21,21
S0070,pembrolizumab,3,200 mg,1,1
S0070,pemigatinib,4,13.5 mg,1,1
S0070,pembrolizumab,4,200 mg,1,1
S0071,pembrolizumab,1,200 mg,1,1
S0071,gemcitabine,1,1000 mg/m2,2,2
S0071,carboplatin,1,5 auc,2,2
S0071,pembrolizumab,2,200 mg,1,1
S0071,gemcitabine,2,1000 mg/m2,2,2
S0071,carboplatin,2,5 auc,2,2
S0071,pembrolizumab,3,200 mg,1,1
S0071,gemcitabine,3,1000 mg/m2,2,2
S0071,carboplatin,3,5 auc,2,2
S0071,pembrolizumab,4,200 mg,1,1
S0071,gemcitabine,4,1000 mg/m2,1,1
S0071,carboplatin,4,5 auc,1,1
S0072,pemigatinib,1,18 mg,21,21
S0072,pembrolizumab,1,200 mg,1,1
S0072,pemigatinib,2,13.5 mg,21,21
S0072,pembrolizumab,2,200 mg,1,1
S0072,pemigatinib,3,13.5 mg,21,21
S0072,pembrolizumab,3,200 mg,1,1
S0072,pemigatinib,4,13.5 mg,1,1
S0072,pembrolizumab,4,200 mg,1,1
S0073,pembrolizumab,1,200 mg,1,1
S0073,gemcitabine,1,1000 mg/m2,2,2
S0073,carboplatin,1,5 auc,2,2
S0073,pembrolizumab,2,200 mg,1,1
S0073,gemcitabine,2,1000 mg/m2,2,2
S0073,carboplatin,2,5 auc,2,2
S0073,pembrolizumab,3,200 mg,1,1
S0073,gemcitabine,3,1000 mg/m2,2,2
S0073,carboplatin,3,5 auc,2,2
S0073,pembrolizumab,4,200 mg,1,1
S0073,gemcitabine,4,1000 mg/m2,2,2
S0073,carboplatin,4,5 auc,2,2
S0074,pembrolizumab,1,200 mg,1,1
S0074,gemcitabine,1,1000 mg/m2,2,2
S0074,carboplatin,1,5 auc,2,2
S0074,pembrolizumab,2,200 mg,1,1
S0074,gemcitabine,2,1000 mg/m2,2,2
S0074,carboplatin,2,5 auc,2,2
S0074,pembrolizumab,3,200 mg,1,1
S0074,gemcitabine,3,1000 mg/m2,2,2
S0074,carboplatin,3,5 auc,2,2
S0074,pembrolizumab,4,200 mg,1,1
S0074,gemcitabine,4,1000 mg/m2,2,2
S0074,carboplatin,4,5 auc,2,2
S0075,pembrolizumab,1,200 mg,1,1
S0075,gemcitabine,1,1000 mg/m2,2,2
S0075,carboplatin,1,5 auc,2,2
S0075,pembrolizumab,2,200 mg,1,1
S0075,gemcitabine,2,1000 mg/m2,2,2
S0075,carboplatin,2,5 auc,2,2
S0075,pembrolizumab,3,200 mg,1,1
S0075,gemcitabine,3,1000 mg/m2,2,2
S0075,carboplatin,3,5 auc,2,2
S0075,pembrolizumab,4,200 mg,1,1
S0075,gemcitabine,4,1000 mg/m2,1,1
S0075,carboplatin,4,5 auc,1,1
S0076,pembrolizumab,1,200 mg,1,1
S0076,gemcitabine,1,1000 mg/m2,2,2
S0076,carboplatin,1,5 auc,2,2
S0076,pembrolizumab,2,200 mg,1,1
S0076,gemcitabine,2,1000 mg/m2,2,2
S0076,carboplatin,2,5 auc,2,2
S0076,pembrolizumab,3,200 mg,1,1
S0076,gemcitabine,3,1000 mg/m2,2,2
S0076,carboplatin,3,5 auc,2,2
S0076,pembrolizumab,4,200 mg,1,1
S0076,gemcitabine,4,1000 mg/m2,1,1
S0076,carboplatin,4,5 auc,1,1
S0077,pemigatinib,1,18 mg,21,21
S0077,pemigatinib,2,13.5 mg,21,21
S0077,pemigatinib,3,13.5 mg,21,21
S0077,pemigatinib,4,13.5 mg,21,21
S0078,pembrolizumab,1,200 mg,1,1
S0078,gemcitabine,1,1000 mg/m2,2,2
S0078,carboplatin,1,5 auc,2,2
S0078,pembrolizumab,2,200 mg,1,1
S0078,gemcitabine,2,1000 mg/m2,2,2
S0078,carboplatin,2,5 auc,2,2
S0078,pembrolizumab,3,200 mg,1,1
S0078,gemcitabine,3,1000 mg/m2,2,2
S0078,carboplatin,3,5 auc,2,2
S0078,pembrolizumab,4,200 mg,1,1
S0078,gemcitabine,4,1000 mg/m2,1,1
S0078,carboplatin,4,5 auc,1,1
S0079,pemigatinib,1,18 mg,21,21
S0079,pemigatinib,2,13.5 mg,21,21
S0079,pemigatinib,3,13.5 mg,21,21
S0079,pemigatinib,4,13.5 mg,1,1
S0080,pemigatinib,1,18 mg,7,7
S0081,pembrolizumab,1,200 mg,1,1
S0081,gemcitabine,1,1000 mg/m2,2,2
S0081,carboplatin,1,5 auc,2,2
S0081,pembrolizumab,2,200 mg,1,1
S0081,gemcitabine,2,1000 mg/m2,2,2
S0081,carboplatin,2,5 auc,2,2
S0081,pembrolizumab,3,200 mg,1,1
S0081,gemcitabine,3,1000 mg/m2,2,2
S0081,carboplatin,3,5 auc,2,2
S0081,pembrolizumab,4,200 mg,1,1
S0081,gemcitabine,4,1000 mg/m2,1,1
S0081,carboplatin,4,5 auc,1,1
S0082,pemigatinib,1,18 mg,21,21
S0082,pembrolizumab,1,200 mg,1,1
S0082,pemigatinib,2,13.5 mg,21,21
S0082,pembrolizumab,2,200 mg,1,1
S0082,pemigatinib,3,13.5 mg,21,21
S0082,pembrolizumab,3,200 mg,1,1
S0082,pemigatinib,4,13.5 mg,21,21
S0082,pembrolizumab,4,200 mg,1,1
S0083,pembrolizumab,1,200 mg,1,1
S0083,gemcitabine,1,1000 mg/m2,2,2
S0083,carboplatin,1,5 auc,2,2
S0083,pembrolizumab,2,200 mg,1,1
S0083,gemcitabine,2,1000 mg/m2,2,2
S0083,carboplatin,2,5 auc,2,2
S0083,pembrolizumab,3,200 mg,1,1
S0083,gemcitabine,3,1000 mg/m2,2,2
S0083,carboplatin,3,5 auc,2,2
S0083,pembrolizumab,4,200 mg,1,1
S0083,gemcitabine,4,1000 mg/m2,1,1
S0083,carboplatin,4,5 auc,1,1
S0084,pemigatinib,1,18 mg,21,21
S0084,pemigatinib,2,13.5 mg,21,21
S0084,pemigatinib,3,13.5 mg,21,21
S0084,pemigatinib,4,13.5 mg,21,21
S0085,pemigatinib,1,18 mg,21,21
S0085,pembrolizumab,1,200 mg,1,1
S0085,pemigatinib,2,13.5 mg,21,21
S0085,pembrolizumab,2,200 mg,1,1
S0085,pemigatinib,3,13.5 mg,21,21
S0085,pembrolizumab,3,200 mg,1,1
S0085,pemigatinib,4,13.5 mg,21,21
S0085,pembrolizumab,4,200 mg,1,1
S0086,pemigatinib,1,18 mg,21,21
S0086,pembrolizumab,1,200 mg,1,1
S0086,pemigatinib,2,13.5 mg,21,21
S0086,pembrolizumab,2,200 mg,1,1
S0086,pemigatinib,3,13.5 mg,21,21
S0086,pembrolizumab,3,200 mg,1,1
S0086,pemigatinib,4,13.5 mg,21,21
S0086,pembrolizumab,4,200 mg,1,1
S0087,pembrolizumab,1,200 mg,1,1
S0087,gemcitabine,1,1000 mg/m2,2,2
S0087,carboplatin,1,5 auc,2,2
S0087,pembrolizumab,2,200 mg,1,1
S0087,gemcitabine,2,1000 mg/m2,2,2
S0087,carboplatin,2,5 auc,2,2
S0087,pembrolizumab,3,200 mg,1,1
S0087,gemcitabine,3,1000 mg/m2,2,2
S0087,carboplatin,3,5 auc,2,2
S0087,pembrolizumab,4,200 mg,1,1
S0087,gemcitabine,4,1000 mg/m2,1,1
S0087,carboplatin,4,5 auc,1,1
S0088,pemigatinib,1,18 mg,21,21
S0088,pemigatinib,2,13.5 mg,21,21
S0088,pemigatinib,3,13.5 mg,21,21
S0088,pemigatinib,4,13.5 mg,1,1
S0089,pembrolizumab,1,200 mg,1,1
S0089,gemcitabine,1,1000 mg/m2,2,2
S0089,carboplatin,1,5 auc,2,2
S0089,pembrolizumab,2,200 mg,1,1
S0089,gemcitabine,2,1000 mg/m2,2,2
S0089,carboplatin,2,5 auc,2,2
S0089,pembrolizumab,3,200 mg,1,1
S0089,gemcitabine,3,1000 mg/m2,2,2
S0089,carboplatin,3,5 auc,2,2
S0089,pembrolizumab,4,200 mg,1,1
S0089,gemcitabine,4,1000 mg/m2,2,2
S0089,carboplatin,4,5 auc,2,2
S0090,pembrolizumab,1,200 mg,1,1
S0090,gemcitabine,1,1000 mg/m2,2,2
S0090,carboplatin,1,5 auc,2,2
S0090,pembrolizumab,2,200 mg,1,1
S0090,gemcitabine,2,1000 mg/m2,2,2
S0090,carboplatin,2,5 auc,2,2
S0090,pembrolizumab,3,200 mg,1,1
S0090,gemcitabine,3,1000 mg/m2,2,2
S0090,carboplatin,3,5 auc,2,2
S0090,pembrolizumab,4,200 mg,1,1
S0090,gemcitabine,4,1000 mg/m2,2,2
S0090,carboplatin,4,5 auc,2,2
S0091,pemigatinib,1,18 mg,12,12
S0092,pembrolizumab,1,200 mg,1,1
S0092,gemcitabine,1,1000 mg/m2,2,2
S0092,carboplatin,1,5 auc,2,2
S0092,pembrolizumab,2,200 mg,1,1
S0092,gemcitabine,2,1000 mg/m2,2,2
S0092,carboplatin,2,5 auc,2,2
S0092,pembrolizumab,3,200 mg,1,1
S0092,gemcitabine,3,1000 mg/m2,2,2
S0092,carboplatin,3,5 auc,2,2
S0092,pembrolizumab,4,200 mg,1,1
S0092,gemcitabine,4,1000 mg/m2,1,1
S0092,carboplatin,4,5 auc,1,1
S0093,pembrolizumab,1,200 mg,1,1
S0093,gemcitabine,1,1000 mg/m2,2,2
S0093,carboplatin,1,5 auc,2,2
S0093,pembrolizumab,2,200 mg,1,1
S0093,gemcitabine,2,1000 mg/m2,2,2
S0093,carboplatin,2,5 auc,2,2
S0093,pembrolizumab,3,200 mg,1,1
S0093,gemcitabine,3,1000 mg/m2,2,2
S0093,carboplatin,3,5 auc,2,2
S0093,pembrolizumab,4,200 mg,1,1
S0093,gemcitabine,4,1000 mg/m2,2,2
S0093,carboplatin,4,5 auc,2,2
S0094,pemigatinib,1,18 mg,21,21
S0094,pembrolizumab,1,200 mg,1,1
S0094,pemigatinib,2,13.5 mg,21,21
S0094,pembrolizumab,2,200 mg,1,1
S0094,pemigatinib,3,13.5 mg,21,21
S0094,pembrolizumab,3,200 mg,1,1
S0094,pemigatinib,4,13.5 mg,21,21
S0094,pembrolizumab,4,200 mg,1,1
S0095,pembrolizumab,1,200 mg,1,1
S0095,gemcitabine,1,1000 mg/m2,2,2
S0095,carboplatin,1,5 auc,2,2
S0095,pembrolizumab,2,200 mg,1,1
S0095,gemcitabine,2,1000 mg/m2,2,2
S0095,carboplatin,2,5 auc,2,2
S0095,pembrolizumab,3,200 mg,1,1
S0095,gemcitabine,3,1000 mg/m2,2,2
S0095,carboplatin,3,5 auc,2,2
S0095,pembrolizumab,4,200 mg,1,1
S0095,gemcitabine,4,1000 mg/m2,1,1
S0095,carboplatin,4,5 auc,1,1
S0096,pemigatinib,1,18 mg,21,21
S0096,pemigatinib,2,13.5 mg,21,21
S0096,pemigatinib,3,13.5 mg,21,21
S0096,pemigatinib,4,13.5 mg,1,1
S0097,pemigatinib,1,18 mg,21,21
S0097,pemigatinib,2,13.5 mg,21,21
S0097,pemigatinib,3,13.5 mg,21,21
S0097,pemigatinib,4,13.5 mg,21,21
S0098,pembrolizumab,1,200 mg,1,1
S0098,gemcitabine,1,1000 mg/m2,2,2
S0098,carboplatin,1,5 auc,2,2
S0098,pembrolizumab,2,200 mg,1,1
S0098,gemcitabine,2,1000 mg/m2,2,2
S0098,carboplatin,2,5 auc,2,2
S0098,pembrolizumab,3,200 mg,1,1
S0098,gemcitabine,3,1000 mg/m2,2,2
S0098,carboplatin,3,5 auc,2,2
S0098,pembrolizumab,4,200 mg,1,1
S0098,gemcitabine,4,1000 mg/m2,1,1
S0098,carboplatin,4,5 auc,1,1
S0099,pemigatinib,1,18 mg,21,21
S0099,pemigatinib,2,13.5 mg,21,21
S0099,pemigatinib,3,13.5 mg,21,21
S0099,pemigatinib,4,13.5 mg,21,21
S0100,pemigatinib,1,18 mg,21,21
S0100,pembrolizumab,1,200 mg,1,1
S0100,pemigatinib,2,13.5 mg,21,21
S0100,pembrolizumab,2,200 mg,1,1
S0100,pemigatinib,3,13.5 mg,21,21
S0100,pembrolizumab,3,200 mg,1,1
S0100,pemigatinib,4,13.5 mg,21,21
S0100,pembrolizumab,4,200 mg,1,1
S0101,pemigatinib,1,18 mg,21,21
S0101,pemigatinib,2,13.5 mg,21,21
S0101,pemigatinib,3,13.5 mg,21,21
S0101,pemigatinib,4,13.5 mg,1,1
S0102,pembrolizumab,1,200 mg,1,1
S0102,gemcitabine,1,1000 mg/m2,2,2
S0102,carboplatin,1,5 auc,2,2
S0102,pembrolizumab,2,200 mg,1,1
S0102,gemcitabine,2,1000 mg/m2,2,2
S0102,carboplatin,2,5 auc,2,2
S0102,pembrolizumab,3,200 mg,1,1
S0102,gemcitabine,3,1000 mg/m2,2,2
S0102,carboplatin,3,5 auc,2,2
S0102,pembrolizumab,4,200 mg,1,1
S0102,gemcitabine,4,1000 mg/m2,2,2
S0102,carboplatin,4,5 auc,2,2
S0103,pembrolizumab,1,200 mg,1,1
S0103,gemcitabine,1,1000 mg/m2,2,2
S0103,carboplatin,1,5 auc,2,2
S0103,pembrolizumab,2,200 mg,1,1
S0103,gemcitabine,2,1000 mg/m2,2,2
S0103,carboplatin,2,5 auc,2,2
S0103,pembrolizumab,3,200 mg,1,1
S0103,gemcitabine,3,1000 mg/m2,2,2
S0103,carboplatin,3,5 auc,2,2
S0103,pembrolizumab,4,200 mg,1,1
S0103,gemcitabine,4,1000 mg/m2,2,2
S0103,carboplatin,4,5 auc,2,2
S0104,pembrolizumab,1,200 mg,1,1
S0104,gemcitabine,1,1000 mg/m2,2,2
S0104,carboplatin,1,5 auc,2,2
S0104,pembrolizumab,2,200 mg,1,1
S0104,gemcitabine,2,1000 mg/m2,2,2
S0104,carboplatin,2,5 auc,2,2
S0104,pembrolizumab,3,200 mg,1,1
S0104,gemcitabine,3,1000 mg/m2,2,2
S0104,carboplatin,3,5 auc,2,2
S0104,pembrolizumab,4,200 mg,1,1
S0104,gemcitabine,4,1000 mg/m2,2,2
S0104,carboplatin,4,5 auc,2,2
S0105,pemigatinib,1,18 mg,21,21
S0105,pembrolizumab,1,200 mg,1,1
S0105,pemigatinib,2,13.5 mg,21,21
S0105,pembrolizumab,2,200 mg,1,1
S0105,pemigatinib,3,13.5 mg,21,21
S0105,pembrolizumab,3,200 mg,1,1
S0105,pemigatinib,4,13.5 mg,21,21
S0105,pembrolizumab,4,200 mg,1,1
S0106,pemigatinib,1,18 mg,21,21
S0106,pembrolizumab,1,200 mg,1,1
S0106,pemigatinib,2,13.5 mg,21,21
S0106,pembrolizumab,2,200 mg,1,1
S0106,pemigatinib,3,13.5 mg,21,21
S0106,pembrolizumab,3,200 mg,1,1
S0106,pemigatinib,4,13.5 mg,1,1
S0106,pembrolizumab,4,200 mg,1,1
S0107,pembrolizumab,1,200 mg,1,1
S0107,gemcitabine,1,1000 mg/m2,2,2
S0107,carboplatin,1,5 auc,2,2
S0107,pembrolizumab,2,200 mg,1,1
S0107,gemcitabine,2,1000 mg/m2,2,2
S0107,carboplatin,2,5 auc,2,2
S0107,pembrolizumab,3,200 mg,1,1
S0107,gemcitabine,3,1000 mg/m2,2,2
S0107,carboplatin,3,5 auc,2,2
S0107,pembrolizumab,4,200 mg,1,1
S0107,gemcitabine,4,1000 mg/m2,1,1
S0107,carboplatin,4,5 auc,1,1
S0108,pemigatinib,1,18 mg,21,21
S0108,pemigatinib,2,13.5 mg,21,21
S0108,pemigatinib,3,13.5 mg,21,21
S0108,pemigatinib,4,13.5 mg,21,21
S0109,pemigatinib,1,18 mg,21,21
S0109,pembrolizumab,1,200 mg,1,1
S0109,pemigatinib,2,13.5 mg,21,21
S0109,pembrolizumab,2,200 mg,1,1
S0109,pemigatinib,3,13.5 mg,21,21
S0109,pembrolizumab,3,200 mg,1,1
S0109,pemigatinib,4,13.5 mg,21,21
S0109,pembrolizumab,4,200 mg,1,1
S0110,pembrolizumab,1,200 mg,1,1
S0110,gemcitabine,1,1000 mg/m2,2,2
S0110,carboplatin,1,5 auc,2,2
S0110,pembrolizumab,2,200 mg,1,1
S0110,gemcitabine,2,1000 mg/m2,2,2
S0110,carboplatin,2,5 auc,2,2
S0110,pembrolizumab,3,200 mg,1,1
S0110,gemcitabine,3,1000 mg/m2,2,2
S0110,carboplatin,3,5 auc,2,2
S0110,pembrolizumab,4,200 mg,1,1
S0110,gemcitabine,4,1000 mg/m2,1,1
S0110,carboplatin,4,5 auc,1,1
S0111,pembrolizumab,1,200 mg,1,1
S0111,gemcitabine,1,1000 mg/m2,2,2
S0111,carboplatin,1,5 auc,2,2
S0111,pembrolizumab,2,200 mg,1,1
S0111,gemcitabine,2,1000 mg/m2,2,2
S0111,carboplatin,2,5 auc,2,2
S0111,pembrolizumab,3,200 mg,1,1
S0111,gemcitabine,3,1000 mg/m2,2,2
S0111,carboplatin,3,5 auc,2,2
S0111,pembrolizumab,4,200 mg,1,1
S0111,gemcitabine,4,1000 mg/m2,2,2
S0111,carboplatin,4,5 auc,2,2
S0112,pemigatinib,1,18 mg,21,21
S0112,pembrolizumab,1,200 mg,1,1
S0112,pemigatinib,2,13.5 mg,21,21
S0112,pembrolizumab,2,200 mg,1,1
S0112,pemigatinib,3,13.5 mg,21,21
S0112,pembrolizumab,3,200 mg,1,1
S0112,pemigatinib,4,13.5 mg,21,21
S0112,pembrolizumab,4,200 mg,1,1
S0113,pembrolizumab,1,200 mg,1,1
S0113,gemcitabine,1,1000 mg/m2,2,2
S0113,carboplatin,1,5 auc,2,2
S0113,pembrolizumab,2,200 mg,1,1
S0113,gemcitabine,2,1000 mg/m2,2,2
S0113,carboplatin,2,5 auc,2,2
S0113,pembrolizumab,3,200 mg,1,1
S0113,gemcitabine,3,1000 mg/m2,2,2
S0113,carboplatin,3,5 auc,2,2
S0113,pembrolizumab,4,200 mg,1,1
S0113,gemcitabine,4,1000 mg/m2,1,1
S0113,carboplatin,4,5 auc,1,1
S0114,pemigatinib,1,18 mg,21,21
S0114,pembrolizumab,1,200 mg,1,1
S0114,pemigatinib,2,13.5 mg,21,21
S0114,pembrolizumab,2,200 mg,1,1
S0114,pemigatinib,3,13.5 mg,21,21
S0114,pembrolizumab,3,200 mg,1,1
S0114,pemigatinib,4,13.5 mg,21,21
S0114,pembrolizumab,4,200 mg,1,1
S0115,pemigatinib,1,18 mg,21,21
S0115,pemigatinib,2,13.5 mg,21,21
S0115,pemigatinib,3,13.5 mg,21,21
S0115,pemigatinib,4,13.5 mg,1,1
S0116,pembrolizumab,1,200 mg,1,1
S0116,gemcitabine,1,1000 mg/m2,2,2
S0116,carboplatin,1,5 auc,2,2
S0116,pembrolizumab,2,200 mg,1,1
S0116,gemcitabine,2,1000 mg/m2,2,2
S0116,carboplatin,2,5 auc,2,2
S0116,pembrolizumab,3,200 mg,1,1
S0116,gemcitabine,3,1000 mg/m2,2,2
S0116,carboplatin,3,5 auc,2,2
S0116,pembrolizumab,4,200 mg,1,1
S0116,gemcitabine,4,1000 mg/m2,2,2
S0116,carboplatin,4,5 auc,2,2
S0117,pembrolizumab,1,200 mg,1,1
S0117,gemcitabine,1,1000 mg/m2,2,2
S0117,carboplatin,1,5 auc,2,2
S0117,pembrolizumab,2,200 mg,1,1
S0117,gemcitabine,2,1000 mg/m2,2,2
S0117,carboplatin,2,5 auc,2,2
S0117,pembrolizumab,3,200 mg,1,1
S0117,gemcitabine,3,1000 mg/m2,1,1
S0117,carboplatin,3,5 auc,2,2
S0118,pembrolizumab,1,200 mg,1,1
S0118,gemcitabine,1,1000 mg/m2,2,2
S0118,carboplatin,1,5 auc,2,2
S0118,pembrolizumab,2,200 mg,1,1
S0118,gemcitabine,2,1000 mg/m2,2,2
S0118,carboplatin,2,5 auc,2,2
S0118,pembrolizumab,3,200 mg,1,1
S0118,gemcitabine,3,1000 mg/m2,2,2
S0118,carboplatin,3,5 auc,2,2
S0118,pembrolizumab,4,200 mg,1,1
S0118,gemcitabine,4,1000 mg/m2,1,1
S0118,carboplatin,4,5 auc,2,2
S0119,pemigatinib,1,18 mg,21,21
S0119,pembrolizumab,1,200 mg,1,1
S0119,pemigatinib,2,13.5 mg,21,21
S0119,pembrolizumab,2,200 mg,1,1
S0119,pemigatinib,3,13.5 mg,21,21
S0119,pembrolizumab,3,200 mg,1,1
S0119,pemigatinib,4,13.5 mg,21,21
S0119,pembrolizumab,4,200 mg,1,1
S0120,pembrolizumab,1,200 mg,1,1
S0120,gemcitabine,1,1000 mg/m2,2,2
S0120,carboplatin,1,5 auc,2,2
S0120,pembrolizumab,2,200 mg,1,1
S0120,gemcitabine,2,1000 mg/m2,2,2
S0120,carboplatin,2,5 auc,2,2
S0120,pembrolizumab,3,200 mg,1,1
S0120,gemcitabine,3,1000 mg/m2,2,2
S0120,carboplatin,3,5 auc,2,2
S0121,pemigatinib,1,18 mg,21,21
S0121,pembrolizumab,1,200 mg,1,1
S0121,pemigatinib,2,13.5 mg,21,21
S0121,pembrolizumab,2,200 mg,1,1
S0121,pemigatinib,3,13.5 mg,21,21
S0121,pembrolizumab,3,200 mg,1,1
S0121,pemigatinib,4,13.5 mg,1,1
S0121,pembrolizumab,4,200 mg,1,1
S0122,pembrolizumab,1,200 mg,1,1
S0122,gemcitabine,1,1000 mg/m2,2,2
S0122,carboplatin,1,5 auc,2,2
S0122,pembrolizumab,2,200 mg,1,1
S0122,gemcitabine,2,1000 mg/m2,2,2
S0122,carboplatin,2,5 auc,2,2
S0122,pembrolizumab,3,200 mg,1,1
S0122,gemcitabine,3,1000 mg/m2,2,2
S0122,carboplatin,3,5 auc,2,2
S0122,pembrolizumab,4,200 mg,1,1
S0122,gemcitabine,4,1000 mg/m2,2,2
S0122,carboplatin,4,5 auc,2,2
S0123,pemigatinib,1,18 mg,21,21
S0123,pemigatinib,2,13.5 mg,21,21
S0123,pemigatinib,3,13.5 mg,21,21
S0123,pemigatinib,4,13.5 mg,1,1
S0124,pemigatinib,1,18 mg,21,21
S0124,pembrolizumab,1,200 mg,1,1
S0124,pemigatinib,2,13.5 mg,21,21
S0124,pembrolizumab,2,200 mg,1,1
S0124,pemigatinib,3,13.5 mg,21,21
S0124,pembrolizumab,3,200 mg,1,1
S0124,pemigatinib,4,13.5 mg,21,21
S0124,pembrolizumab,4,200 mg,1,1
S0125,pemigatinib,1,18 mg,21,21
S0125,pembrolizumab,1,200 mg,1,1
S0125,pemigatinib,2,13.5 mg,21,21
S0125,pembrolizumab,2,200 mg,1,1
S0125,pemigatinib,3,13.5 mg,21,21
S0125,pembrolizumab,3,200 mg,1,1
S0125,pemigatinib,4,13.5 mg,21,21
S0125,pembrolizumab,4,200 mg,1,1
S0126,pemigatinib,1,18 mg,21,21
S0126,pembrolizumab,1,200 mg,1,1
S0126,pemigatinib,2,13.5 mg,21,21
S0126,pembrolizumab,2,200 mg,1,1
S0126,pemigatinib,3,13.5 mg,21,21
S0126,pembrolizumab,3,200 mg,1,1
S0126,pemigatinib,4,13.5 mg,1,1
S0126,pembrolizumab,4,200 mg,1,1
S0127,pembrolizumab,1,200 mg,1,1
S0127,gemcitabine,1,1000 mg/m2,2,2
S0127,carboplatin,1,5 auc,2,2
S0127,pembrolizumab,2,200 mg,1,1
S0127,gemcitabine,2,1000 mg/m2,2,2
S0127,carboplatin,2,5 auc,2,2
S0127,pembrolizumab,3,200 mg,1,1
S0127,gemcitabine,3,1000 mg/m2,2,2
S0127,carboplatin,3,5 auc,2,2
S0127,pembrolizumab,4,200 mg,1,1
S0127,gemcitabine,4,1000 mg/m2,1,1
S0127,carboplatin,4,5 auc,1,1
S0128,pembrolizumab,1,200 mg,1,1
S0128,gemcitabine,1,1000 mg/m2,2,2
S0128,carboplatin,1,5 auc,2,2
S0128,pembrolizumab,2,200 mg,1,1
S0128,gemcitabine,2,1000 mg/m2,2,2
S0128,carboplatin,2,5 auc,2,2
S0128,pembrolizumab,3,200 mg,1,1
S0128,gemcitabine,3,1000 mg/m2,2,2
S0128,carboplatin,3,5 auc,2,2
S0128,pembrolizumab,4,200 mg,1,1
S0128,gemcitabine,4,1000 mg/m2,2,2
S0128,carboplatin,4,5 auc,2,2
S0129,pemigatinib,1,18 mg,21,21
S0129,pemigatinib,2,13.5 mg,21,21
S0129,pemigatinib,3,13.5 mg,21,21
S0129,pemigatinib,4,13.5 mg,21,21
S0130,pembrolizumab,1,200 mg,1,1
S0130,gemcitabine,1,1000 mg/m2,2,2
S0130,carboplatin,1,5 auc,2,2
S0130,pembrolizumab,2,200 mg,1,1
S0130,gemcitabine,2,1000 mg/m2,2,2
S0130,carboplatin,2,5 auc,2,2
S0130,pembrolizumab,3,200 mg,1,1
S0130,gemcitabine,3,1000 mg/m2,2,2
S0130,carboplatin,3,5 auc,2,2
S0130,pembrolizumab,4,200 mg,1,1
S0130,gemcitabine,4,1000 mg/m2,2,2
S0130,carboplatin,4,5 auc,2,2
S0131,pembrolizumab,1,200 mg,1,1
S0131,gemcitabine,1,1000 mg/m2,2,2
S0131,carboplatin,1,5 auc,2,2
S0131,pembrolizumab,2,200 mg,1,1
S0131,gemcitabine,2,1000 mg/m2,2,2
S0131,carboplatin,2,5 auc,2,2
S0131,pembrolizumab,3,200 mg,1,1
S0131,gemcitabine,3,1000 mg/m2,2,2
S0131,carboplatin,3,5 auc,2,2
S0131,pembrolizumab,4,200 mg,1,1
S0131,gemcitabine,4,1000 mg/m2,2,2
S0131,carboplatin,4,5 auc,2,2
S0132,pemigatinib,1,18 mg,21,21
S0132,pemigatinib,2,13.5 mg,21,21
S0132,pemigatinib,3,13.5 mg,21,21
S0132,pemigatinib,4,13.5 mg,21,21
S0133,pembrolizumab,1,200 mg,1,1
S0133,gemcitabine,1,1000 mg/m2,2,2
S0133,carboplatin,1,5 auc,2,2
S0133,pembrolizumab,2,200 mg,1,1
S0133,gemcitabine,2,1000 mg/m2,2,2
S0133,carboplatin,2,5 auc,2,2
S0133,pembrolizumab,3,200 mg,1,1
S0133,gemcitabine,3,1000 mg/m2,2,2
S0133,carboplatin,3,5 auc,2,2
S0133,pembrolizumab,4,200 mg,1,1
S0133,gemcitabine,4,1000 mg/m2,2,2
S0133,carboplatin,4,5 auc,2,2
S0134,pembrolizumab,1,200 mg,1,1
S0134,gemcitabine,1,1000 mg/m2,2,2
S0134,carboplatin,1,5 auc,2,2
S0134,pembrolizumab,2,200 mg,1,1
S0134,gemcitabine,2,1000 mg/m2,2,2
S0134,carboplatin,2,5 auc,2,2
S0134,pembrolizumab,3,200 mg,1,1
S0134,gemcitabine,3,1000 mg/m2,2,2
S0134,carboplatin,3,5 auc,2,2
S0134,pembrolizumab,4,200 mg,1,1
S0134,gemcitabine,4,1000 mg/m2,2,2
S0134,carboplatin,4,5 auc,2,2
S0135,pembrolizumab,1,200 mg,1,1
S0135,gemcitabine,1,1000 mg/m2,2,2
S0135,carboplatin,1,5 auc,2,2
S0135,pembrolizumab,2,200 mg,1,1
S0135,gemcitabine,2,1000 mg/m2,2,2
S0135,carboplatin,2,5 auc,2,2
S0135,pembrolizumab,3,200 mg,1,1
S0135,gemcitabine,3,1000 mg/m2,2,2
S0135,carboplatin,3,5 auc,2,2
S0135,pembrolizumab,4,200 mg,1,1
S0135,gemcitabine,4,1000 mg/m2,2,2
S0135,carboplatin,4,5 auc,2,2
S0136,pembrolizumab,1,200 mg,1,1
S0136,gemcitabine,1,1000 mg/m2,2,2
S0136,carboplatin,1,5 auc,2,2
S0136,pembrolizumab,2,200 mg,1,1
S0136,gemcitabine,2,1000 mg/m2,2,2
S0136,carboplatin,2,5 auc,2,2
S0136,pembrolizumab,3,200 mg,1,1
S0136,gemcitabine,3,1000 mg/m2,2,2
S0136,carboplatin,3,5 auc,2,2
S0136,pembrolizumab,4,200 mg,1,1
S0136,gemcitabine,4,1000 mg/m2,2,2
S0136,carboplatin,4,5 auc,2,2
S0137,pembrolizumab,1,200 mg,1,1
S0137,gemcitabine,1,1000 mg/m2,2,2
S0137,carboplatin,1,5 auc,2,2
S0137,pembrolizumab,2,200 mg,1,1
S0137,gemcitabine,2,1000 mg/m2,2,2
S0137,carboplatin,2,5 auc,2,2
S0137,pembrolizumab,3,200 mg,1,1
S0137,gemcitabine,3,1000 mg/m2,2,2
S0137,carboplatin,3,5 auc,2,2
S0138,pembrolizumab,1,200 mg,1,1
S0138,gemcitabine,1,1000 mg/m2,2,2
S0138,carboplatin,1,5 auc,2,2
S0138,pembrolizumab,2,200 mg,1,1
S0138,gemcitabine,2,1000 mg/m2,2,2
S0138,carboplatin,2,5 auc,2,2
S0138,pembrolizumab,3,200 mg,1,1
S0138,gemcitabine,3,1000 mg/m2,2,2
S0138,carboplatin,3,5 auc,2,2
S0138,pembrolizumab,4,200 mg,1,1
S0138,gemcitabine,4,1000 mg/m2,2,2
S0138,carboplatin,4,5 auc,2,2
S0139,pemigatinib,1,18 mg,21,21
S0139,pemigatinib,2,13.5 mg,21,21
S0139,pemigatinib,3,13.5 mg,21,21
S0139,pemigatinib,4,13.5 mg,1,1
S0140,pemigatinib,1,18 mg,21,21
S0140,pembrolizumab,1,200 mg,1,1
S0140,pemigatinib,2,13.5 mg,21,21
S0140,pembrolizumab,2,200 mg,1,1
S0140,pemigatinib,3,13.5 mg,21,21
S0140,pembrolizumab,3,200 mg,1,1
S0140,pemigatinib,4,13.5 mg,21,21
S0140,pembrolizumab,4,200 mg,1,1
S0141,pemigatinib,1,18 mg,21,21
S0141,pembrolizumab,1,200 mg,1,1
S0141,pemigatinib,2,13.5 mg,21,21
S0141,pembrolizumab,2,200 mg,1,1
S0141,pemigatinib,3,13.5 mg,21,21
S0141,pembrolizumab,3,200 mg,1,1
S0141,pemigatinib,4,13.5 mg,1,1
S0141,pembrolizumab,4,200 mg,1,1
S0142,pemigatinib,1,18 mg,21,21
S0142,pemigatinib,2,13.5 mg,21,21
S0142,pemigatinib,3,13.5 mg,21,21
S0142,pemigatinib,4,13.5 mg,21,21
S0143,pemigatinib,1,18 mg,12,12
S0143,pembrolizumab,1,200 mg,1,1
S0144,pemigatinib,1,18 mg,21,21
S0144,pemigatinib,2,13.5 mg,21,21
S0144,pemigatinib,3,13.5 mg,21,21
S0144,pemigatinib,4,13.5 mg,1,1
S0145,pemigatinib,1,18 mg,21,21
S0145,pembrolizumab,1,200 mg,1,1
S0145,pemigatinib,2,13.5 mg,21,21
S0145,pembrolizumab,2,200 mg,1,1
S0145,pemigatinib,3,13.5 mg,21,21
S0145,pembrolizumab,3,200 mg,1,1
S0145,pemigatinib,4,13.5 mg,21,21
S0145,pembrolizumab,4,200 mg,1,1
S0146,pemigatinib,1,18 mg,21,21
S0146,pembrolizumab,1,200 mg,1,1
S0146,pemigatinib,2,13.5 mg,21,21
S0146,pembrolizumab,2,200 mg,1,1
S0146,pemigatinib,3,13.5 mg,21,21
S0146,pembrolizumab,3,200 mg,1,0
S0146,pemigatinib,4,13.5 mg,1,1
S0146,pembrolizumab,4,200 mg,1,0
S0147,pembrolizumab,1,200 mg,1,1
S0147,gemcitabine,1,1000 mg/m2,2,2
S0147,carboplatin,1,5 auc,2,2
S0147,pembrolizumab,2,200 mg,1,1
S0147,gemcitabine,2,1000 mg/m2,2,2
S0147,carboplatin,2,5 auc,2,2
S0147,pembrolizumab,3,200 mg,1,1
S0147,gemcitabine,3,1000 mg/m2,2,2
S0147,carboplatin,3,5 auc,2,2
S0147,pembrolizumab,4,200 mg,1,1
S0147,gemcitabine,4,1000 mg/m2,1,1
S0147,carboplatin,4,5 auc,1,1
S0148,pemigatinib,1,18 mg,21,21
S0148,pembrolizumab,1,200 mg,1,1
S0148,pemigatinib,2,13.5 mg,21,21
S0148,pembrolizumab,2,200 mg,1,1
S0148,pemigatinib,3,13.5 mg,21,21
S0148,pembrolizumab,3,200 mg,1,1
S0148,pemigatinib,4,13.5 mg,21,21
S0148,pembrolizumab,4,200 mg,1,1
S0149,pemigatinib,1,18 mg,21,21
S0149,pemigatinib,2,13.5 mg,21,21
S0149,pemigatinib,3,13.5 mg,21,21
S0149,pemigatinib,4,13.5 mg,21,21
S0150,pembrolizumab,1,200 mg,1,1
S0150,gemcitabine,1,1000 mg/m2,2,2
S0150,carboplatin,1,5 auc,2,2
S0150,pembrolizumab,2,200 mg,1,1
S0150,gemcitabine,2,1000 mg/m2,2,2
S0150,carboplatin,2,5 auc,2,2
S0150,pembrolizumab,3,200 mg,1,1
S0150,gemcitabine,3,1000 mg/m2,2,2
S0150,carboplatin,3,5 auc,2,2
S0150,pembrolizumab,4,200 mg,1,1
S0150,gemcitabine,4,1000 mg/m2,2,2
S0150,carboplatin,4,5 auc,2,2
S0151,pemigatinib,1,18 mg,21,21
S0151,pembrolizumab,1,200 mg,1,1
S0151,pemigatinib,2,13.5 mg,21,21
S0151,pembrolizumab,2,200 mg,1,1
S0151,pemigatinib,3,13.5 mg,21,21
S0151,pembrolizumab,3,200 mg,1,1
S0151,pemigatinib,4,13.5 mg,1,1
S0151,pembrolizumab,4,200 mg,1,1
S0152,pembrolizumab,1,200 mg,1,1
S0152,gemcitabine,1,1000 mg/m2,2,2
S0152,carboplatin,1,5 auc,2,2
S0152,pembrolizumab,2,200 mg,1,1
S0152,gemcitabine,2,1000 mg/m2,2,2
S0152,carboplatin,2,5 auc,2,2
S0152,pembrolizumab,3,200 mg,1,1
S0152,gemcitabine,3,1000 mg/m2,2,2
S0152,carboplatin,3,5 auc,2,2
S0152,pembrolizumab,4,200 mg,1,1
S0152,gemcitabine,4,1000 mg/m2,1,1
S0152,carboplatin,4,5 auc,1,1
S0153,pemigatinib,1,18 mg,21,21
S0153,pembrolizumab,1,200 mg,1,1
S0153,pemigatinib,2,13.5 mg,21,21
S0153,pembrolizumab,2,200 mg,1,1
S0153,pemigatinib,3,13.5 mg,21,21
S0153,pembrolizumab,3,200 mg,1,1
S0153,pemigatinib,4,13.5 mg,21,21
S0153,pembrolizumab,4,200 mg,1,1
S0154,pembrolizumab,1,200 mg,1,1
S0154,gemcitabine,1,1000 mg/m2,2,2
S0154,carboplatin,1,5 auc,2,2
S0154,pembrolizumab,2,200 mg,1,1
S0154,gemcitabine,2,1000 mg/m2,1,1
S0154,carboplatin,2,5 auc,2,2
S0155,pembrolizumab,1,200 mg,1,1
S0155,gemcitabine,1,1000 mg/m2,2,2
S0155,carboplatin,1,5 auc,2,2
S0155,pembrolizumab,2,200 mg,1,1
S0155,gemcitabine,2,1000 mg/m2,2,2
S0155,carboplatin,2,5 auc,2,2
S0155,pembrolizumab,3,200 mg,1,1
S0155,gemcitabine,3,1000 mg/m2,2,2
S0155,carboplatin,3,5 auc,2,2
S0155,pembrolizumab,4,200 mg,1,1
S0155,gemcitabine,4,1000 mg/m2,1,1
S0155,carboplatin,4,5 auc,1,1
S0156,pemigatinib,1,18 mg,21,21
S0156,pembrolizumab,1,200 mg,1,1
S0156,pemigatinib,2,13.5 mg,21,21
S0156,pembrolizumab,2,200 mg,1,1
S0156,pemigatinib,3,13.5 mg,21,21
S0156,pembrolizumab,3,200 mg,1,1
S0156,pemigatinib,4,13.5 mg,1,1
S0156,pembrolizumab,4,200 mg,1,1
S0157,pemigatinib,1,18 mg,21,21
S0157,pembrolizumab,1,200 mg,1,1
S0157,pemigatinib,2,13.5 mg,21,21
S0157,pembrolizumab,2,200 mg,1,1
S0157,pemigatinib,3,13.5 mg,21,21
S0157,pembrolizumab,3,200 mg,1,1
S0157,pemigatinib,4,13.5 mg,1,1
S0157,pembrolizumab,4,200 mg,1,1
S0158,pembrolizumab,1,200 mg,1,1
S0158,gemcitabine,1,1000 mg/m2,2,2
S0158,carboplatin,1,5 auc,2,2
S0158,pembrolizumab,2,200 mg,1,1
S0158,gemcitabine,2,1000 mg/m2,2,2
S0158,carboplatin,2,5 auc,2,2
S0158,pembrolizumab,3,200 mg,1,1
S0158,gemcitabine,3,1000 mg/m2,2,2
S0158,carboplatin,3,5 auc,2,2
S0158,pembrolizumab,4,200 mg,1,1
S0158,gemcitabine,4,1000 mg/m2,2,2
S0158,carboplatin,4,5 auc,2,2
S0159,pembrolizumab,1,200 mg,1,1
S0159,gemcitabine,1,1000 mg/m2,2,2
S0159,carboplatin,1,5 auc,2,2
S0159,pembrolizumab,2,200 mg,1,1
S0159,gemcitabine,2,1000 mg/m2,2,2
S0159,carboplatin,2,5 auc,2,2
S0159,pembrolizumab,3,200 mg,1,1
S0159,gemcitabine,3,1000 mg/m2,2,2
S0159,carboplatin,3,5 auc,2,2
S0159,pembrolizumab,4,200 mg,1,1
S0159,gemcitabine,4,1000 mg/m2,2,2
S0159,carboplatin,4,5 auc,2,2
S0160,pemigatinib,1,18 mg,21,21
S0160,pemigatinib,2,13.5 mg,21,21
S0160,pemigatinib,3,13.5 mg,21,21
S0160,pemigatinib,4,13.5 mg,21,21
S0161,pembrolizumab,1,200 mg,1,1
S0161,gemcitabine,1,1000 mg/m2,2,2
S0161,carboplatin,1,5 auc,2,2
S0161,pembrolizumab,2,200 mg,1,1
S0161,gemcitabine,2,1000 mg/m2,2,2
S0161,carboplatin,2,5 auc,2,2
S0161,pembrolizumab,3,200 mg,1,0
S0161,gemcitabine,3,1000 mg/m2,2,2
S0161,carboplatin,3,5 auc,2,2
S0161,pembrolizumab,4,200 mg,1,0
S0161,gemcitabine,4,1000 mg/m2,1,1
S0161,carboplatin,4,5 auc,1,1
S0162,pembrolizumab,1,200 mg,1,1
S0162,gemcitabine,1,1000 mg/m2,2,2
S0162,carboplatin,1,5 auc,2,2
S0162,pembrolizumab,2,200 mg,1,1
S0162,gemcitabine,2,1000 mg/m2,2,2
S0162,carboplatin,2,5 auc,2,2
S0162,pembrolizumab,3,200 mg,1,1
S0162,gemcitabine,3,1000 mg/m2,2,2
S0162,carboplatin,3,5 auc,2,2
S0162,pembrolizumab,4,200 mg,1,1
S0162,gemcitabine,4,1000 mg/m2,1,1
S0162,carboplatin,4,5 auc,1,1
S0163,pembrolizumab,1,200 mg,1,1
S0163,gemcitabine,1,1000 mg/m2,2,2
S0163,carboplatin,1,5 auc,2,2
S0163,pembrolizumab,2,200 mg,1,1
S0163,gemcitabine,2,1000 mg/m2,2,2
S0163,carboplatin,2,5 auc,2,2
S0163,pembrolizumab,3,200 mg,1,1
S0163,gemcitabine,3,1000 mg/m2,2,2
S0163,carboplatin,3,5 auc,2,2
S0163,pembrolizumab,4,200 mg,1,1
S0163,gemcitabine,4,1000 mg/m2,2,2
S0163,carboplatin,4,5 auc,2,2
S0164,pemigatinib,1,18 mg,21,21
S0164,pemigatinib,2,13.5 mg,21,21
S0164,pemigatinib,3,13.5 mg,21,21
S0164,pemigatinib,4,13.5 mg,21,21
S0165,pembrolizumab,1,200 mg,1,1
S0165,gemcitabine,1,1000 mg/m2,2,2
S0165,carboplatin,1,5 auc,2,2
S0165,pembrolizumab,2,200 mg,1,1
S0165,gemcitabine,2,1000 mg/m2,2,2
S0165,carboplatin,2,5 auc,2,2
S0165,pembrolizumab,3,200 mg,1,1
S0165,gemcitabine,3,1000 mg/m2,2,2
S0165,carboplatin,3,5 auc,2,2
S0165,pembrolizumab,4,200 mg,1,1
S0165,gemcitabine,4,1000 mg/m2,1,1
S0165,carboplatin,4,5 auc,1,1
S0166,pemigatinib,1,18 mg,21,21
S0166,pemigatinib,2,13.5 mg,21,21
S0166,pemigatinib,3,13.5 mg,21,21
S0166,pemigatinib,4,13.5 mg,21,21
S0167,pembrolizumab,1,200 mg,1,1
S0167,gemcitabine,1,1000 mg/m2,2,2
S0167,carboplatin,1,5 auc,2,2
S0167,pembrolizumab,2,200 mg,1,1
S0167,gemcitabine,2,1000 mg/m2,2,2
S0167,carboplatin,2,5 auc,2,2
S0167,pembrolizumab,3,200 mg,1,1
S0167,gemcitabine,3,1000 mg/m2,2,2
S0167,carboplatin,3,5 auc,2,2
S0167,pembrolizumab,4,200 mg,1,0
S0167,gemcitabine,4,1000 mg/m2,2,2
S0167,carboplatin,4,5 auc,2,2
S0168,pemigatinib,1,18 mg,21,21
S0168,pemigatinib,2,13.5 mg,21,21
S0168,pemigatinib,3,13.5 mg,21,21
S0168,pemigatinib,4,13.5 mg,1,1
S0169,pembrolizumab,1,200 mg,1,1
S0169,gemcitabine,1,1000 mg/m2,2,2
S0169,carboplatin,1,5 auc,2,2
S0169,pembrolizumab,2,200 mg,1,1
S0169,gemcitabine,2,1000 mg/m2,2,2
S0169,carboplatin,2,5 auc,2,2
S0169,pembrolizumab,3,200 mg,1,1
S0169,gemcitabine,3,1000 mg/m2,2,2
S0169,carboplatin,3,5 auc,2,2
S0169,pembrolizumab,4,200 mg,1,1
S0169,gemcitabine,4,1000 mg/m2,2,2
S0169,carboplatin,4,5 auc,2,2
S0170,pembrolizumab,1,200 mg,1,1
S0170,gemcitabine,1,1000 mg/m2,2,2
S0170,carboplatin,1,5 auc,2,2
S0170,pembrolizumab,2,200 mg,1,1
S0170,gemcitabine,2,1000 mg/m2,2,2
S0170,carboplatin,2,5 auc,2,2
S0170,pembrolizumab,3,200 mg,1,1
S0170,gemcitabine,3,1000 mg/m2,2,2
S0170,carboplatin,3,5 auc,2,2
S0170,pembrolizumab,4,200 mg,1,1
S0170,gemcitabine,4,1000 mg/m2,1,1
S0170,carboplatin,4,5 auc,1,1
S0171,pembrolizumab,1,200 mg,1,1
S0171,gemcitabine,1,1000 mg/m2,2,2
S0171,carboplatin,1,5 auc,2,2
S0171,pembrolizumab,2,200 mg,1,1
S0171,gemcitabine,2,1000 mg/m2,2,2
S0171,carboplatin,2,5 auc,2,2
S0171,pembrolizumab,3,200 mg,1,1
S0171,gemcitabine,3,1000 mg/m2,2,2
S0171,carboplatin,3,5 auc,2,2
S0171,pembrolizumab,4,200 mg,1,1
S0171,gemcitabine,4,1000 mg/m2,2,2
S0171,carboplatin,4,5 auc,2,2
S0172,pemigatinib,1,18 mg,21,21
S0172,pembrolizumab,1,200 mg,1,1
S0172,pemigatinib,2,13.5 mg,21,21
S0172,pembrolizumab,2,200 mg,1,1
S0172,pemigatinib,3,13.5 mg,21,21
S0172,pembrolizumab,3,200 mg,1,1
S0172,pemigatinib,4,13.5 mg,21,21
S0172,pembrolizumab,4,200 mg,1,1
S0173,pembrolizumab,1,200 mg,1,1
S0173,gemcitabine,1,1000 mg/m2,2,2
S0173,carboplatin,1,5 auc,2,2
S0173,pembrolizumab,2,200 mg,1,1
S0173,gemcitabine,2,1000 mg/m2,2,2
S0173,carboplatin,2,5 auc,2,2
S0173,pembrolizumab,3,200 mg,1,1
S0173,gemcitabine,3,1000 mg/m2,2,2
S0173,carboplatin,3,5 auc,2,2
S0173,pembrolizumab,4,200 mg,1,1
S0173,gemcitabine,4,1000 mg/m2,2,2
S0173,carboplatin,4,5 auc,2,2
S0174,pembrolizumab,1,200 mg,1,1
S0174,gemcitabine,1,1000 mg/m2,2,2
S0174,carboplatin,1,5 auc,2,2
S0174,pembrolizumab,2,200 mg,1,1
S0174,gemcitabine,2,1000 mg/m2,2,2
S0174,carboplatin,2,5 auc,2,2
S0174,pembrolizumab,3,200 mg,1,1
S0174,gemcitabine,3,1000 mg/m2,2,2
S0174,carboplatin,3,5 auc,2,2
S0174,pembrolizumab,4,200 mg,1,1
S0174,gemcitabine,4,1000 mg/m2,2,2
S0174,carboplatin,4,5 auc,2,2
S0175,pemigatinib,1,18 mg,21,21
S0175,pembrolizumab,1,200 mg,1,1
S0175,pemigatinib,2,13.5 mg,21,21
S0175,pembrolizumab,2,200 mg,1,1
S0175,pemigatinib,3,13.5 mg,21,21
S0175,pembrolizumab,3,200 mg,1,1
S0175,pemigatinib,4,13.5 mg,21,21
S0175,pembrolizumab,4,200 mg,1,1
S0176,pemigatinib,1,18 mg,21,21
S0176,pembrolizumab,1,200 mg,1,1
S0176,pemigatinib,2,13.5 mg,21,21
S0176,pembrolizumab,2,200 mg,1,1
S0176,pemigatinib,3,13.5 mg,21,21
S0176,pembrolizumab,3,200 mg,1,1
S0176,pemigatinib,4,13.5 mg,21,21
S0176,pembrolizumab,4,200 mg,1,1
S0177,pembrolizumab,1,200 mg,1,1
S0177,gemcitabine,1,1000 mg/m2,2,2
S0177,carboplatin,1,5 auc,2,2
S0177,pembrolizumab,2,200 mg,1,1
S0177,gemcitabine,2,1000 mg/m2,2,2
S0177,carboplatin,2,5 auc,2,2
S0177,pembrolizumab,3,200 mg,1,1
S0177,gemcitabine,3,1000 mg/m2,2,2
S0177,carboplatin,3,5 auc,2,2
S0177,pembrolizumab,4,200 mg,1,1
S0177,gemcitabine,4,1000 mg/m2,2,2
S0177,carboplatin,4,5 auc,2,2
S0178,pemigatinib,1,18 mg,21,21
S0178,pembrolizumab,1,200 mg,1,1
S0178,pemigatinib,2,13.5 mg,21,21
S0178,pembrolizumab,2,200 mg,1,1
S0178,pemigatinib,3,13.5 mg,21,21
S0178,pembrolizumab,3,200 mg,1,1
S0178,pemigatinib,4,13.5 mg,21,21
S0178,pembrolizumab,4,200 mg,1,1
S0179,pembrolizumab,1,200 mg,1,1
S0179,gemcitabine,1,1000 mg/m2,2,2
S0179,carboplatin,1,5 auc,2,2
S0179,pembrolizumab,2,200 mg,1,1
S0179,gemcitabine,2,1000 mg/m2,2,2
S0179,carboplatin,2,5 auc,2,2
S0179,pembrolizumab,3,200 mg,1,1
S0179,gemcitabine,3,1000 mg/m2,2,2
S0179,carboplatin,3,5 auc,2,2
S0179,pembrolizumab,4,200 mg,1,1
S0179,gemcitabine,4,1000 mg/m2,2,2
S0179,carboplatin,4,5 auc,2,2
S0180,pembrolizumab,1,200 mg,1,1
S0180,gemcitabine,1,1000 mg/m2,2,2
S0180,carboplatin,1,5 auc,2,2
S0180,pembrolizumab,2,200 mg,1,1
S0180,gemcitabine,2,1000 mg/m2,2,2
S0180,carboplatin,2,5 auc,2,2
S0180,pembrolizumab,3,200 mg,1,1
S0180,gemcitabine,3,1000 mg/m2,2,2
S0180,carboplatin,3,5 auc,2,2
S0180,pembrolizumab,4,200 mg,1,1
S0180,gemcitabine,4,1000 mg/m2,2,2
S0180,carboplatin,4,5 auc,2,2
S0181,pembrolizumab,1,200 mg,1,1
S0181,gemcitabine,1,1000 mg/m2,2,2
S0181,carboplatin,1,5 auc,2,2
S0181,pembrolizumab,2,200 mg,1,1
S0181,gemcitabine,2,1000 mg/m2,2,2
S0181,carboplatin,2,5 auc,2,2
S0181,pembrolizumab,3,200 mg,1,1
S0181,gemcitabine,3,1000 mg/m2,2,2
S0181,carboplatin,3,5 auc,2,2
S0181,pembrolizumab,4,200 mg,1,1
S0181,gemcitabine,4,1000 mg/m2,2,2
S0181,carboplatin,4,5 auc,2,2
S0182,pembrolizumab,1,200 mg,1,1
S0182,gemcitabine,1,1000 mg/m2,2,2
S0182,carboplatin,1,5 auc,2,2
S0182,pembrolizumab,2,200 mg,1,1
S0182,gemcitabine,2,1000 mg/m2,2,2
S0182,carboplatin,2,5 auc,2,2
S0182,pembrolizumab,3,200 mg,1,1
S0182,gemcitabine,3,1000 mg/m2,2,2
S0182,carboplatin,3,5 auc,2,2
S0182,pembrolizumab,4,200 mg,1,1
S0182,gemcitabine,4,1000 mg/m2,2,2
S0182,carboplatin,4,5 auc,2,2
S0183,pemigatinib,1,18 mg,21,21
S0183,pembrolizumab,1,200 mg,1,1
S0183,pemigatinib,2,13.5 mg,21,21
S0183,pembrolizumab,2,200 mg,1,1
S0183,pemigatinib,3,13.5 mg,21,21
S0183,pembrolizumab,3,200 mg,1,1
S0183,pemigatinib,4,13.5 mg,1,1
S0183,pembrolizumab,4,200 mg,1,1
S0184,pemigatinib,1,18 mg,21,21
S0184,pembrolizumab,1,200 mg,1,1
S0184,pemigatinib,2,13.5 mg,21,21
S0184,pembrolizumab,2,200 mg,1,0
S0184,pemigatinib,3,13.5 mg,21,21
S0184,pembrolizumab,3,200 mg,1,1
S0184,pemigatinib,4,13.5 mg,1,1
S0184,pembrolizumab,4,200 mg,1,1
S0185,pembrolizumab,1,200 mg,1,1
S0185,gemcitabine,1,1000 mg/m2,2,2
S0185,carboplatin,1,5 auc,2,2
S0185,pembrolizumab,2,200 mg,1,1
S0185,gemcitabine,2,1000 mg/m2,2,2
S0185,carboplatin,2,5 auc,2,2
S0185,pembrolizumab,3,200 mg,1,1
S0185,gemcitabine,3,1000 mg/m2,1,1
S0185,carboplatin,3,5 auc,2,2
S0186,pemigatinib,1,18 mg,21,21
S0186,pemigatinib,2,13.5 mg,21,21
S0186,pemigatinib,3,13.5 mg,21,21
S0186,pemigatinib,4,13.5 mg,21,21
S0187,pemigatinib,1,18 mg,21,21
S0187,pembrolizumab,1,200 mg,1,1
S0187,pemigatinib,2,13.5 mg,21,21
S0187,pembrolizumab,2,200 mg,1,1
S0187,pemigatinib,3,13.5 mg,21,21
S0187,pembrolizumab,3,200 mg,1,0
S0187,pemigatinib,4,13.5 mg,21,21
S0187,pembrolizumab,4,200 mg,1,0
S0188,pembrolizumab,1,200 mg,1,1
S0188,gemcitabine,1,1000 mg/m2,1,1
S0188,carboplatin,1,5 auc,2,2
S0189,pemigatinib,1,18 mg,21,21
S0189,pembrolizumab,1,200 mg,1,1
S0189,pemigatinib,2,13.5 mg,5,5
S0189,pembrolizumab,2,200 mg,1,1
S0190,pembrolizumab,1,200 mg,1,1
S0190,gemcitabine,1,1000 mg/m2,2,2
S0190,carboplatin,1,5 auc,2,2
S0190,pembrolizumab,2,200 mg,1,1
S0190,gemcitabine,2,1000 mg/m2,2,2
S0190,carboplatin,2,5 auc,2,2
S0190,pembrolizumab,3,200 mg,1,1
S0190,gemcitabine,3,1000 mg/m2,2,2
S0190,carboplatin,3,5 auc,2,2
S0190,pembrolizumab,4,200 mg,1,1
S0190,gemcitabine,4,1000 mg/m2,2,2
S0190,carboplatin,4,5 auc,2,2
S0191,pembrolizumab,1,200 mg,1,1
S0191,gemcitabine,1,1000 mg/m2,2,2
S0191,carboplatin,1,5 auc,2,2
S0191,pembrolizumab,2,200 mg,1,1
S0191,gemcitabine,2,1000 mg/m2,2,2
S0191,carboplatin,2,5 auc,2,2
S0191,pembrolizumab,3,200 mg,1,1
S0191,gemcitabine,3,1000 mg/m2,2,2
S0191,carboplatin,3,5 auc,2,2
S0191,pembrolizumab,4,200 mg,1,1
S0191,gemcitabine,4,1000 mg/m2,2,2
S0191,carboplatin,4,5 auc,2,2
S0192,pembrolizumab,1,200 mg,1,1
S0192,gemcitabine,1,1000 mg/m2,2,2
S0192,carboplatin,1,5 auc,2,2
S0192,pembrolizumab,2,200 mg,1,1
S0192,gemcitabine,2,1000 mg/m2,2,2
S0192,carboplatin,2,5 auc,2,2
S0192,pembrolizumab,3,200 mg,1,1
S0192,gemcitabine,3,1000 mg/m2,2,2
S0192,carboplatin,3,5 auc,2,2
S0192,pembrolizumab,4,200 mg,1,1
S0192,gemcitabine,4,1000 mg/m2,1,1
S0192,carboplatin,4,5 auc,1,1
S0193,pemigatinib,1,18 mg,21,21
S0193,pembrolizumab,1,200 mg,1,1
S0193,pemigatinib,2,13.5 mg,21,21
S0193,pembrolizumab,2,200 mg,1,1
S0193,pemigatinib,3,13.5 mg,21,21
S0193,pembrolizumab,3,200 mg,1,1
S0193,pemigatinib,4,13.5 mg,1,1
S0193,pembrolizumab,4,200 mg,1,1
S0194,pemigatinib,1,18 mg,21,21
S0194,pembrolizumab,1,200 mg,1,1
S0194,pemigatinib,2,13.5 mg,21,21
S0194,pembrolizumab,2,200 mg,1,1
S0194,pemigatinib,3,13.5 mg,21,21
S0194,pembrolizumab,3,200 mg,1,1
S0194,pemigatinib,4,13.5 mg,21,21
S0194,pembrolizumab,4,200 mg,1,1
S0195,pembrolizumab,1,200 mg,1,1
S0195,gemcitabine,1,1000 mg/m2,2,2
S0195,carboplatin,1,5 auc,2,2
S0195,pembrolizumab,2,200 mg,1,1
S0195,gemcitabine,2,1000 mg/m2,2,2
S0195,carboplatin,2,5 auc,2,2
S0195,pembrolizumab,3,200 mg,1,1
S0195,gemcitabine,3,1000 mg/m2,2,2
S0195,carboplatin,3,5 auc,2,2
S0195,pembrolizumab,4,200 mg,1,1
S0195,gemcitabine,4,1000 mg/m2,1,1
S0195,carboplatin,4,5 auc,1,1
S0196,pemigatinib,1,18 mg,21,21
S0196,pembrolizumab,1,200 mg,1,1
S0196,pemigatinib,2,13.5 mg,21,21
S0196,pembrolizumab,2,200 mg,1,1
S0196,pemigatinib,3,13.5 mg,21,21
S0196,pembrolizumab,3,200 mg,1,1
S0196,pemigatinib,4,13.5 mg,21,21
S0196,pembrolizumab,4,200 mg,1,1
S0197,pemigatinib,1,18 mg,21,21
S0197,pemigatinib,2,13.5 mg,21,21
S0197,pemigatinib,3,13.5 mg,21,21
S0197,pemigatinib,4,13.5 mg,21,21
S0198,pembrolizumab,1,200 mg,1,1
S0198,gemcitabine,1,1000 mg/m2,2,2
S0198,carboplatin,1,5 auc,2,2
S0198,pembrolizumab,2,200 mg,1,1
S0198,gemcitabine,2,1000 mg/m2,2,2
S0198,carboplatin,2,5 auc,2,2
S0198,pembrolizumab,3,200 mg,1,1
S0198,gemcitabine,3,1000 mg/m2,2,2
S0198,carboplatin,3,5 auc,2,2
S0198,pembrolizumab,4,200 mg,1,1
S0198,gemcitabine,4,1000 mg/m2,1,1
S0198,carboplatin,4,5 auc,1,1
S0199,pemigatinib,1,18 mg,21,21
S0199,pemigatinib,2,13.5 mg,21,21
S0199,pemigatinib,3,13.5 mg,21,21
S0199,pemigatinib,4,13.5 mg,1,1
S0200,pemigatinib,1,18 mg,21,21
S0200,pemigatinib,2,13.5 mg,21,21
S0200,pemigatinib,3,13.5 mg,12,12
S0201,pembrolizumab,1,200 mg,1,1
S0201,gemcitabine,1,1000 mg/m2,2,2
S0201,carboplatin,1,5 auc,2,2
S0201,pembrolizumab,2,200 mg,1,1
S0201,gemcitabine,2,1000 mg/m2,2,2
S0201,carboplatin,2,5 auc,2,2
S0201,pembrolizumab,3,200 mg,1,1
S0201,gemcitabine,3,1000 mg/m2,2,2
S0201,carboplatin,3,5 auc,2,2
S0201,pembrolizumab,4,200 mg,1,1
S0201,gemcitabine,4,1000 mg/m2,1,1
S0201,carboplatin,4,5 auc,1,1
S0202,pembrolizumab,1,200 mg,1,1
S0202,gemcitabine,1,1000 mg/m2,2,2
S0202,carboplatin,1,5 auc,2,2
S0202,pembrolizumab,2,200 mg,1,1
S0202,gemcitabine,2,1000 mg/m2,2,2
S0202,carboplatin,2,5 auc,2,2
S0202,pembrolizumab,3,200 mg,1,1
S0202,gemcitabine,3,1000 mg/m2,2,2
S0202,carboplatin,3,5 auc,2,2
S0202,pembrolizumab,4,200 mg,1,1
S0202,gemcitabine,4,1000 mg/m2,2,2
S0202,carboplatin,4,5 auc,2,2
S0203,pembrolizumab,1,200 mg,1,1
S0203,gemcitabine,1,1000 mg/m2,2,2
S0203,carboplatin,1,5 auc,2,2
S0203,pembrolizumab,2,200 mg,1,1
S0203,gemcitabine,2,1000 mg/m2,2,2
S0203,carboplatin,2,5 auc,2,2
S0203,pembrolizumab,3,200 mg,1,1
S0203,gemcitabine,3,1000 mg/m2,2,2
S0203,carboplatin,3,5 auc,2,2
S0203,pembrolizumab,4,200 mg,1,1
S0203,gemcitabine,4,1000 mg/m2,2,2
S0203,carboplatin,4,5 auc,2,2
S0204,pembrolizumab,1,200 mg,1,1
S0204,gemcitabine,1,1000 mg/m2,2,2
S0204,carboplatin,1,5 auc,2,2
S0204,pembrolizumab,2,200 mg,1,1
S0204,gemcitabine,2,1000 mg/m2,2,2
S0204,carboplatin,2,5 auc,2,2
S0204,pembrolizumab,3,200 mg,1,1
S0204,gemcitabine,3,1000 mg/m2,2,2
S0204,carboplatin,3,5 auc,2,2
S0204,pembrolizumab,4,200 mg,1,1
S0204,gemcitabine,4,1000 mg/m2,2,2
S0204,carboplatin,4,5 auc,2,2
S0205,pembrolizumab,1,200 mg,1,1
S0205,gemcitabine,1,1000 mg/m2,2,2
S0205,carboplatin,1,5 auc,2,2
S0205,pembrolizumab,2,200 mg,1,1
S0205,gemcitabine,2,1000 mg/m2,2,2
S0205,carboplatin,2,5 auc,2,2
S0205,pembrolizumab,3,200 mg,1,1
S0205,gemcitabine,3,1000 mg/m2,2,2
S0205,carboplatin,3,5 auc,2,2
S0205,pembrolizumab,4,200 mg,1,1
S0205,gemcitabine,4,1000 mg/m2,1,1
S0205,carboplatin,4,5 auc,1,1
S0206,pemigatinib,1,18 mg,21,21
S0206,pemigatinib,2,13.5 mg,21,21
S0206,pemigatinib,3,13.5 mg,21,21
S0206,pemigatinib,4,13.5 mg,21,21
S0207,pembrolizumab,1,200 mg,1,1
S0207,gemcitabine,1,1000 mg/m2,2,2
S0207,carboplatin,1,5 auc,2,2
S0207,pembrolizumab,2,200 mg,1,1
S0207,gemcitabine,2,1000 mg/m2,2,2
S0207,carboplatin,2,5 auc,2,2
S0207,pembrolizumab,3,200 mg,1,1
S0207,gemcitabine,3,1000 mg/m2,2,2
S0207,carboplatin,3,5 auc,2,2
S0207,pembrolizumab,4,200 mg,1,1
S0207,gemcitabine,4,1000 mg/m2,1,1
S0207,carboplatin,4,5 auc,1,1
S0208,pembrolizumab,1,200 mg,1,1
S0208,gemcitabine,1,1000 mg/m2,2,2
S0208,carboplatin,1,5 auc,2,2
S0208,pembrolizumab,2,200 mg,1,1
S0208,gemcitabine,2,1000 mg/m2,2,2
S0208,carboplatin,2,5 auc,2,2
S0208,pembrolizumab,3,200 mg,1,1
S0208,gemcitabine,3,1000 mg/m2,2,2
S0208,carboplatin,3,5 auc,2,2
S0208,pembrolizumab,4,200 mg,1,1
S0208,gemcitabine,4,1000 mg/m2,2,2
S0208,carboplatin,4,5 auc,2,2
S0209,pembrolizumab,1,200 mg,1,1
S0209,gemcitabine,1,1000 mg/m2,2,2
S0209,carboplatin,1,5 auc,2,2
S0209,pembrolizumab,2,200 mg,1,1
S0209,gemcitabine,2,1000 mg/m2,2,2
S0209,carboplatin,2,5 auc,2,2
S0209,pembrolizumab,3,200 mg,1,1
S0209,gemcitabine,3,1000 mg/m2,2,2
S0209,carboplatin,3,5 auc,2,2
S0209,pembrolizumab,4,200 mg,1,1
S0209,gemcitabine,4,1000 mg/m2,2,2
S0209,carboplatin,4,5 auc,2,2
S0210,pemigatinib,1,18 mg,21,21
S0210,pemigatinib,2,13.5 mg,21,21
S0210,pemigatinib,3,13.5 mg,21,21
S0210,pemigatinib,4,13.5 mg,21,21
S0211,pemigatinib,1,18 mg,21,21
S0211,pemigatinib,2,13.5 mg,21,21
S0211,pemigatinib,3,13.5 mg,17,17
S0212,pembrolizumab,1,200 mg,1,1
S0212,gemcitabine,1,1000 mg/m2,2,2
S0212,carboplatin,1,5 auc,2,2
S0212,pembrolizumab,2,200 mg,1,1
S0212,gemcitabine,2,1000 mg/m2,2,2
S0212,carboplatin,2,5 auc,2,2
S0212,pembrolizumab,3,200 mg,1,1
S0212,gemcitabine,3,1000 mg/m2,2,2
S0212,carboplatin,3,5 auc,2,2
S0212,pembrolizumab,4,200 mg,1,1
S0212,gemcitabine,4,1000 mg/m2,2,2
S0212,carboplatin,4,5 auc,2,2
S0213,pembrolizumab,1,200 mg,1,1
S0213,gemcitabine,1,1000 mg/m2,2,2
S0213,carboplatin,1,5 auc,2,2
S0213,pembrolizumab,2,200 mg,1,1
S0213,gemcitabine,2,1000 mg/m2,2,2
S0213,carboplatin,2,5 auc,2,2
S0213,pembrolizumab,3,200 mg,1,1
S0213,gemcitabine,3,1000 mg/m2,2,2
S0213,carboplatin,3,5 auc,2,2
S0213,pembrolizumab,4,200 mg,1,1
S0213,gemcitabine,4,1000 mg/m2,2,2
S0213,carboplatin,4,5 auc,2,2
S0214,pemigatinib,1,18 mg,21,21
S0214,pembrolizumab,1,200 mg,1,1
S0214,pemigatinib,2,13.5 mg,21,21
S0214,pembrolizumab,2,200 mg,1,1
S0214,pemigatinib,3,13.5 mg,21,21
S0214,pembrolizumab,3,200 mg,1,0
S0214,pemigatinib,4,13.5 mg,21,21
S0214,pembrolizumab,4,200 mg,1,0
S0215,pembrolizumab,1,200 mg,1,1
S0215,gemcitabine,1,1000 mg/m2,2,2
S0215,carboplatin,1,5 auc,2,2
S0215,pembrolizumab,2,200 mg,1,1
S0215,gemcitabine,2,1000 mg/m2,2,2
S0215,carboplatin,2,5 auc,2,2
S0215,pembrolizumab,3,200 mg,1,1
S0215,gemcitabine,3,1000 mg/m2,2,2
S0215,carboplatin,3,5 auc,2,2
S0215,pembrolizumab,4,200 mg,1,1
S0215,gemcitabine,4,1000 mg/m2,2,2
S0215,carboplatin,4,5 auc,2,2
S0216,pemigatinib,1,18 mg,21,21
S0216,pembrolizumab,1,200 mg,1,1
S0216,pemigatinib,2,13.5 mg,21,21
S0216,pembrolizumab,2,200 mg,1,1
S0216,pemigatinib,3,13.5 mg,21,21
S0216,pembrolizumab,3,200 mg,1,1
S0216,pemigatinib,4,13.5 mg,1,1
S0216,pembrolizumab,4,200 mg,1,1
S0217,pembrolizumab,1,200 mg,1,1
S0217,gemcitabine,1,1000 mg/m2,2,2
S0217,carboplatin,1,5 auc,2,2
S0217,pembrolizumab,2,200 mg,1,1
S0217,gemcitabine,2,1000 mg/m2,2,2
S0217,carboplatin,2,5 auc,2,2
S0217,pembrolizumab,3,200 mg,1,1
S0217,gemcitabine,3,1000 mg/m2,2,2
S0217,carboplatin,3,5 auc,2,2
S0217,pembrolizumab,4,200 mg,1,1
S0217,gemcitabine,4,1000 mg/m2,2,2
S0217,carboplatin,4,5 auc,2,2
S0218,pemigatinib,1,18 mg,21,21
S0218,pemigatinib,2,13.5 mg,21,21
S0218,pemigatinib,3,13.5 mg,21,21
S0218,pemigatinib,4,13.5 mg,1,1
S0219,pemigatinib,1,18 mg,3,3
S0219,pembrolizumab,1,200 mg,1,1
S0220,pemigatinib,1,18 mg,21,21
S0220,pemigatinib,2,13.5 mg,21,21
S0220,pemigatinib,3,13.5 mg,21,21
S0220,pemigatinib,4,13.5 mg,21,21
S0221,pembrolizumab,1,200 mg,1,1
S0221,gemcitabine,1,1000 mg/m2,2,2
S0221,carboplatin,1,5 auc,2,2
S0221,pembrolizumab,2,200 mg,1,1
S0221,gemcitabine,2,1000 mg/m2,2,2
S0221,carboplatin,2,5 auc,2,2
S0221,pembrolizumab,3,200 mg,1,1
S0221,gemcitabine,3,1000 mg/m2,2,2
S0221,carboplatin,3,5 auc,2,2
S0221,pembrolizumab,4,200 mg,1,1
S0221,gemcitabine,4,1000 mg/m2,2,2
S0221,carboplatin,4,5 auc,2,2
S0222,pembrolizumab,1,200 mg,1,1
S0222,gemcitabine,1,1000 mg/m2,2,2
S0222,carboplatin,1,5 auc,2,2
S0222,pembrolizumab,2,200 mg,1,1
S0222,gemcitabine,2,1000 mg/m2,2,2
S0222,carboplatin,2,5 auc,2,2
S0222,pembrolizumab,3,200 mg,1,1
S0222,gemcitabine,3,1000 mg/m2,2,2
S0222,carboplatin,3,5 auc,2,2
S0222,pembrolizumab,4,200 mg,1,1
S0222,gemcitabine,4,1000 mg/m2,2,2
S0222,carboplatin,4,5 auc,2,2
S0223,pemigatinib,1,18 mg,21,21
S0223,pemigatinib,2,13.5 mg,21,21
S0223,pemigatinib,3,13.5 mg,21,21
S0223,pemigatinib,4,13.5 mg,21,21
S0224,pemigatinib,1,18 mg,21,21
S0224,pemigatinib,2,13.5 mg,21,21
S0224,pemigatinib,3,13.5 mg,21,21
S0224,pemigatinib,4,13.5 mg,1,1
S0225,pembrolizumab,1,200 mg,1,1
S0225,gemcitabine,1,1000 mg/m2,2,2
S0225,carboplatin,1,5 auc,2,2
S0225,pembrolizumab,2,200 mg,1,1
S0225,gemcitabine,2,1000 mg/m2,2,2
S0225,carboplatin,2,5 auc,2,2
S0225,pembrolizumab,3,200 mg,1,1
S0225,gemcitabine,3,1000 mg/m2,2,2
S0225,carboplatin,3,5 auc,2,2
S0225,pembrolizumab,4,200 mg,1,1
S0225,gemcitabine,4,1000 mg/m2,2,2
S0225,carboplatin,4,5 auc,2,2
S0226,pemigatinib,1,18 mg,21,21
S0226,pemigatinib,2,13.5 mg,21,21
S0226,pemigatinib,3,13.5 mg,21,21
S0226,pemigatinib,4,13.5 mg,21,21
S0227,pemigatinib,1,18 mg,21,21
S0227,pemigatinib,2,13.5 mg,21,21
S0227,pemigatinib,3,13.5 mg,21,21
S0227,pemigatinib,4,13.5 mg,21,21
S0228,pemigatinib,1,18 mg,21,21
S0228,pembrolizumab,1,200 mg,1,1
S0228,pemigatinib,2,13.5 mg,21,21
S0228,pembrolizumab,2,200 mg,1,1
S0228,pemigatinib,3,13.5 mg,21,21
S0228,pembrolizumab,3,200 mg,1,1
S0228,pemigatinib,4,13.5 mg,1,1
S0228,pembrolizumab,4,200 mg,1,1
S0229,pembrolizumab,1,200 mg,1,1
S0229,gemcitabine,1,1000 mg/m2,2,2
S0229,carboplatin,1,5 auc,2,2
S0229,pembrolizumab,2,200 mg,1,1
S0229,gemcitabine,2,1000 mg/m2,2,2
S0229,carboplatin,2,5 auc,2,2
S0229,pembrolizumab,3,200 mg,1,1
S0229,gemcitabine,3,1000 mg/m2,2,2
S0229,carboplatin,3,5 auc,2,2
S0229,pembrolizumab,4,200 mg,1,1
S0229,gemcitabine,4,1000 mg/m2,1,1
S0229,carboplatin,4,5 auc,1,1
S0230,pembrolizumab,1,200 mg,1,1
S0230,gemcitabine,1,1000 mg/m2,2,2
S0230,carboplatin,1,5 auc,2,2
S0230,pembrolizumab,2,200 mg,1,1
S0230,gemcitabine,2,1000 mg/m2,2,2
S0230,carboplatin,2,5 auc,2,2
S0230,pembrolizumab,3,200 mg,1,1
S0230,gemcitabine,3,1000 mg/m2,2,2
S0230,carboplatin,3,5 auc,2,2
S0230,pembrolizumab,4,200 mg,1,1
S0230,gemcitabine,4,1000 mg/m2,2,2
S0230,carboplatin,4,5 auc,2,2
S0231,pemigatinib,1,18 mg,21,21
S0231,pembrolizumab,1,200 mg,1,1
S0231,pemigatinib,2,13.5 mg,21,21
S0231,pembrolizumab,2,200 mg,1,1
S0231,pemigatinib,3,13.5 mg,21,21
S0231,pembrolizumab,3,200 mg,1,1
S0231,pemigatinib,4,13.5 mg,1,1
S0231,pembrolizumab,4,200 mg,1,1
S0232,pemigatinib,1,18 mg,12,12
S0232,pembrolizumab,1,200 mg,1,1
S0233,pemigatinib,1,18 mg,21,21
S0233,pembrolizumab,1,200 mg,1,1
S0233,pemigatinib,2,13.5 mg,21,21
S0233,pembrolizumab,2,200 mg,1,1
S0233,pemigatinib,3,13.5 mg,21,21
S0233,pembrolizumab,3,200 mg,1,1
S0233,pemigatinib,4,13.5 mg,1,1
S0233,pembrolizumab,4,200 mg,1,1
S0234,pembrolizumab,1,200 mg,1,1
S0234,gemcitabine,1,1000 mg/m2,2,2
S0234,carboplatin,1,5 auc,2,2
S0234,pembrolizumab,2,200 mg,1,1
S0234,gemcitabine,2,1000 mg/m2,2,2
S0234,carboplatin,2,5 auc,2,2
S0234,pembrolizumab,3,200 mg,1,1
S0234,gemcitabine,3,1000 mg/m2,2,2
S0234,carboplatin,3,5 auc,2,2
S0234,pembrolizumab,4,200 mg,1,1
S0234,gemcitabine,4,1000 mg/m2,1,1
S0234,carboplatin,4,5 auc,1,1
S0235,pembrolizumab,1,200 mg,1,1
S0235,gemcitabine,1,1000 mg/m2,2,2
S0235,carboplatin,1,5 auc,2,2
S0235,pembrolizumab,2,200 mg,1,1
S0235,gemcitabine,2,1000 mg/m2,2,2
S0235,carboplatin,2,5 auc,2,2
S0235,pembrolizumab,3,200 mg,1,1
S0235,gemcitabine,3,1000 mg/m2,2,2
S0235,carboplatin,3,5 auc,2,2
S0235,pembrolizumab,4,200 mg,1,1
S0235,gemcitabine,4,1000 mg/m2,2,2
S0235,carboplatin,4,5 auc,2,2
S0236,pembrolizumab,1,200 mg,1,1
S0236,gemcitabine,1,1000 mg/m2,2,2
S0236,carboplatin,1,5 auc,2,2
S0236,pembrolizumab,2,200 mg,1,1
S0236,gemcitabine,2,1000 mg/m2,2,2
S0236,carboplatin,2,5 auc,2,2
S0236,pembrolizumab,3,200 mg,1,1
S0236,gemcitabine,3,1000 mg/m2,2,2
S0236,carboplatin,3,5 auc,2,2
S0236,pembrolizumab,4,200 mg,1,1
S0236,gemcitabine,4,1000 mg/m2,2,2
S0236,carboplatin,4,5 auc,2,2
S0237,pembrolizumab,1,200 mg,1,1
S0237,gemcitabine,1,1000 mg/m2,2,2
S0237,carboplatin,1,5 auc,2,2
S0237,pembrolizumab,2,200 mg,1,1
S0237,gemcitabine,2,1000 mg/m2,2,2
S0237,carboplatin,2,5 auc,2,2
S0237,pembrolizumab,3,200 mg,1,1
S0237,gemcitabine,3,1000 mg/m2,2,2
S0237,carboplatin,3,5 auc,2,2
S0237,pembrolizumab,4,200 mg,1,1
S0237,gemcitabine,4,1000 mg/m2,2,2
S0237,carboplatin,4,5 auc,2,2
S0238,pemigatinib,1,18 mg,21,21
S0238,pembrolizumab,1,200 mg,1,1
S0238,pemigatinib,2,13.5 mg,21,21
S0238,pembrolizumab,2,200 mg,1,1
S0238,pemigatinib,3,13.5 mg,21,21
S0238,pembrolizumab,3,200 mg,1,1
S0238,pemigatinib,4,13.5 mg,21,21
S0238,pembrolizumab,4,200 mg,1,1
S0239,pembrolizumab,1,200 mg,1,1
S0239,gemcitabine,1,1000 mg/m2,2,2
S0239,carboplatin,1,5 auc,2,2
S0239,pembrolizumab,2,200 mg,1,1
S0239,gemcitabine,2,1000 mg/m2,2,2
S0239,carboplatin,2,5 auc,2,2
S0239,pembrolizumab,3,200 mg,1,1
S0239,gemcitabine,3,1000 mg/m2,2,2
S0239,carboplatin,3,5 auc,2,2
S0239,pembrolizumab,4,200 mg,1,1
S0239,gemcitabine,4,1000 mg/m2,1,1
S0239,carboplatin,4,5 auc,1,1
S0240,pemigatinib,1,18 mg,21,21
S0240,pembrolizumab,1,200 mg,1,1
S0240,pemigatinib,2,13.5 mg,21,21
S0240,pembrolizumab,2,200 mg,1,1
S0240,pemigatinib,3,13.5 mg,21,21
S0240,pembrolizumab,3,200 mg,1,1
S0240,pemigatinib,4,13.5 mg,21,21
S0240,pembrolizumab,4,200 mg,1,1
S0241,pembrolizumab,1,200 mg,1,1
S0241,gemcitabine,1,1000 mg/m2,2,2
S0241,carboplatin,1,5 auc,2,2
S0241,pembrolizumab,2,200 mg,1,1
S0241,gemcitabine,2,1000 mg/m2,2,2
S0241,carboplatin,2,5 auc,2,2
S0241,pembrolizumab,3,200 mg,1,1
S0241,gemcitabine,3,1000 mg/m2,2,2
S0241,carboplatin,3,5 auc,2,2
S0241,pembrolizumab,4,200 mg,1,1
S0241,gemcitabine,4,1000 mg/m2,2,2
S0241,carboplatin,4,5 auc,2,2
S0242,pembrolizumab,1,200 mg,1,1
S0242,gemcitabine,1,1000 mg/m2,2,2
S0242,carboplatin,1,5 auc,2,2
S0242,pembrolizumab,2,200 mg,1,1
S0242,gemcitabine,2,1000 mg/m2,2,2
S0242,carboplatin,2,5 auc,2,2
S0242,pembrolizumab,3,200 mg,1,1
S0242,gemcitabine,3,1000 mg/m2,2,2
S0242,carboplatin,3,5 auc,2,2
S0242,pembrolizumab,4,200 mg,1,1
S0242,gemcitabine,4,1000 mg/m2,2,2
S0242,carboplatin,4,5 auc,2,2
S0243,pemigatinib,1,18 mg,21,21
S0243,pembrolizumab,1,200 mg,1,1
S0243,pemigatinib,2,13.5 mg,21,21
S0243,pembrolizumab,2,200 mg,1,1
S0243,pemigatinib,3,13.5 mg,21,21
S0243,pembrolizumab,3,200 mg,1,1
S0243,pemigatinib,4,13.5 mg,21,21
S0243,pembrolizumab,4,200 mg,1,1
S0244,pembrolizumab,1,200 mg,1,1
S0244,gemcitabine,1,1000 mg/m2,2,2
S0244,carboplatin,1,5 auc,2,2
S0244,pembrolizumab,2,200 mg,1,1
S0244,gemcitabine,2,1000 mg/m2,2,2
S0244,carboplatin,2,5 auc,2,2
S0244,pembrolizumab,3,200 mg,1,1
S0244,gemcitabine,3,1000 mg/m2,2,2
S0244,carboplatin,3,5 auc,2,2
S0244,pembrolizumab,4,200 mg,1,1
S0244,gemcitabine,4,1000 mg/m2,2,2
S0244,carboplatin,4,5 auc,2,2
S0245,pembrolizumab,1,200 mg,1,1
S0245,gemcitabine,1,1000 mg/m2,2,2
S0245,carboplatin,1,5 auc,2,2
S0245,pembrolizumab,2,200 mg,1,1
S0245,gemcitabine,2,1000 mg/m2,2,2
S0245,carboplatin,2,5 auc,2,2
S0245,pembrolizumab,3,200 mg,1,1
S0245,gemcitabine,3,1000 mg/m2,2,2
S0245,carboplatin,3,5 auc,2,2
S0245,pembrolizumab,4,200 mg,1,1
S0245,gemcitabine,4,1000 mg/m2,2,2
S0245,carboplatin,4,5 auc,2,2
S0246,pemigatinib,1,18 mg,21,21
S0246,pembrolizumab,1,200 mg,1,1
S0246,pemigatinib,2,13.5 mg,21,21
S0246,pembrolizumab,2,200 mg,1,1
S0246,pemigatinib,3,13.5 mg,21,21
S0246,pembrolizumab,3,200 mg,1,1
S0246,pemigatinib,4,13.5 mg,21,21
S0246,pembrolizumab,4,200 mg,1,1
S0247,pembrolizumab,1,200 mg,1,1
S0247,gemcitabine,1,1000 mg/m2,2,2
S0247,carboplatin,1,5 auc,2,2
S0247,pembrolizumab,2,200 mg,1,1
S0247,gemcitabine,2,1000 mg/m2,2,2
S0247,carboplatin,2,5 auc,2,2
S0247,pembrolizumab,3,200 mg,1,1
S0247,gemcitabine,3,1000 mg/m2,2,2
S0247,carboplatin,3,5 auc,2,2
S0247,pembrolizumab,4,200 mg,1,1
S0247,gemcitabine,4,1000 mg/m2,2,2
S0247,carboplatin,4,5 auc,2,2
S0248,pembrolizumab,1,200 mg,1,1
S0248,gemcitabine,1,1000 mg/m2,2,2
S0248,carboplatin,1,5 auc,2,2
S0248,pembrolizumab,2,200 mg,1,1
S0248,gemcitabine,2,1000 mg/m2,2,2
S0248,carboplatin,2,5 auc,2,2
S0248,pembrolizumab,3,200 mg,1,1
S0248,gemcitabine,3,1000 mg/m2,2,2
S0248,carboplatin,3,5 auc,2,2
S0248,pembrolizumab,4,200 mg,1,1
S0248,gemcitabine,4,1000 mg/m2,2,2
S0248,carboplatin,4,5 auc,2,2
S0249,pembrolizumab,1,200 mg,1,1
S0249,gemcitabine,1,1000 mg/m2,2,2
S0249,carboplatin,1,5 auc,2,2
S0249,pembrolizumab,2,200 mg,1,1
S0249,gemcitabine,2,1000 mg/m2,2,2
S0249,carboplatin,2,5 auc,2,2
S0249,pembrolizumab,3,200 mg,1,1
S0249,gemcitabine,3,1000 mg/m2,2,2
S0249,carboplatin,3,5 auc,2,2
S0249,pembrolizumab,4,200 mg,1,1
S0249,gemcitabine,4,1000 mg/m2,2,2
S0249,carboplatin,4,5 auc,2,2
S0250,pemigatinib,1,18 mg,21,21
S0250,pembrolizumab,1,200 mg,1,1
S0250,pemigatinib,2,13.5 mg,21,21
S0250,pembrolizumab,2,200 mg,1,1
S0250,pemigatinib,3,13.5 mg,21,21
S0250,pembrolizumab,3,200 mg,1,1
S0250,pemigatinib,4,13.5 mg,21,21
S0250,pembrolizumab,4,200 mg,1,1
S0251,pembrolizumab,1,200 mg,1,1
S0251,gemcitabine,1,1000 mg/m2,1,1
S0251,carboplatin,1,5 auc,2,2
S0252,pembrolizumab,1,200 mg,1,1
S0252,gemcitabine,1,1000 mg/m2,2,2
S0252,carboplatin,1,5 auc,2,2
S0252,pembrolizumab,2,200 mg,1,1
S0252,gemcitabine,2,1000 mg/m2,2,2
S0252,carboplatin,2,5 auc,2,2
S0252,pembrolizumab,3,200 mg,1,1
S0252,gemcitabine,3,1000 mg/m2,2,2
S0252,carboplatin,3,5 auc,2,2
S0252,pembrolizumab,4,200 mg,1,0
S0252,gemcitabine,4,1000 mg/m2,1,1
S0252,carboplatin,4,5 auc,1,1
S0253,pemigatinib,1,18 mg,21,21
S0253,pembrolizumab,1,200 mg,1,1
S0253,pemigatinib,2,13.5 mg,21,21
S0253,pembrolizumab,2,200 mg,1,1
S0253,pemigatinib,3,13.5 mg,21,21
S0253,pembrolizumab,3,200 mg,1,1
S0253,pemigatinib,4,13.5 mg,21,21
S0253,pembrolizumab,4,200 mg,1,1
S0254,pembrolizumab,1,200 mg,1,1
S0254,gemcitabine,1,1000 mg/m2,2,2
S0254,carboplatin,1,5 auc,2,2
S0254,pembrolizumab,2,200 mg,1,1
S0254,gemcitabine,2,1000 mg/m2,2,2
S0254,carboplatin,2,5 auc,2,2
S0254,pembrolizumab,3,200 mg,1,1
S0254,gemcitabine,3,1000 mg/m2,2,2
S0254,carboplatin,3,5 auc,2,2
S0254,pembrolizumab,4,200 mg,1,1
S0254,gemcitabine,4,1000 mg/m2,2,2
S0254,carboplatin,4,5 auc,2,2
S0255,pemigatinib,1,18 mg,21,21
S0255,pemigatinib,2,13.5 mg,21,21
S0255,pemigatinib,3,13.5 mg,21,21
S0255,pemigatinib,4,13.5 mg,21,21
S0256,pemigatinib,1,18 mg,21,21
S0256,pemigatinib,2,13.5 mg,21,21
S0256,pemigatinib,3,13.5 mg,21,21
S0256,pemigatinib,4,13.5 mg,1,1
S0257,pemigatinib,1,18 mg,21,21
S0257,pembrolizumab,1,200 mg,1,1
S0257,pemigatinib,2,13.5 mg,18,18
S0257,pembrolizumab,2,200 mg,1,1
S0258,pemigatinib,1,18 mg,21,21
S0258,pemigatinib,2,13.5 mg,21,21
S0258,pemigatinib,3,13.5 mg,21,21
S0258,pemigatinib,4,13.5 mg,21,21
S0259,pembrolizumab,1,200 mg,1,1
S0259,gemcitabine,1,1000 mg/m2,2,2
S0259,carboplatin,1,5 auc,2,2
S0259,pembrolizumab,2,200 mg,1,1
S0259,gemcitabine,2,1000 mg/m2,2,2
S0259,carboplatin,2,5 auc,2,2
S0259,pembrolizumab,3,200 mg,1,1
S0259,gemcitabine,3,1000 mg/m2,2,2
S0259,carboplatin,3,5 auc,2,2
S0259,pembrolizumab,4,200 mg,1,1
S0259,gemcitabine,4,1000 mg/m2,2,2
S0259,carboplatin,4,5 auc,2,2
S0260,pembrolizumab,1,200 mg,1,1
S0260,gemcitabine,1,1000 mg/m2,2,2
S0260,carboplatin,1,5 auc,2,2
S0260,pembrolizumab,2,200 mg,1,1
S0260,gemcitabine,2,1000 mg/m2,2,2
S0260,carboplatin,2,5 auc,2,2
S0260,pembrolizumab,3,200 mg,1,1
S0260,gemcitabine,3,1000 mg/m2,2,2
S0260,carboplatin,3,5 auc,2,2
S0260,pembrolizumab,4,200 mg,1,1
S0260,gemcitabine,4,1000 mg/m2,1,1
S0260,carboplatin,4,5 auc,1,1
S0261,pemigatinib,1,18 mg,21,21
S0261,pemigatinib,2,13.5 mg,21,21
S0261,pemigatinib,3,13.5 mg,21,21
S0261,pemigatinib,4,13.5 mg,21,21
S0262,pembrolizumab,1,200 mg,1,1
S0262,gemcitabine,1,1000 mg/m2,2,2
S0262,carboplatin,1,5 auc,2,2
S0262,pembrolizumab,2,200 mg,1,1
S0262,gemcitabine,2,1000 mg/m2,2,2
S0262,carboplatin,2,5 auc,2,2
S0262,pembrolizumab,3,200 mg,1,1
S0262,gemcitabine,3,1000 mg/m2,2,2
S0262,carboplatin,3,5 auc,2,2
S0262,pembrolizumab,4,200 mg,1,1
S0262,gemcitabine,4,1000 mg/m2,1,1
S0262,carboplatin,4,5 auc,1,1
S0263,pemigatinib,1,18 mg,21,21
S0263,pemigatinib,2,13.5 mg,21,21
S0263,pemigatinib,3,13.5 mg,21,21
S0263,pemigatinib,4,13.5 mg,1,1
S0264,pembrolizumab,1,200 mg,1,1
S0264,gemcitabine,1,1000 mg/m2,2,2
S0264,carboplatin,1,5 auc,2,2
S0264,pembrolizumab,2,200 mg,1,1
S0264,gemcitabine,2,1000 mg/m2,2,2
S0264,carboplatin,2,5 auc,2,2
S0264,pembrolizumab,3,200 mg,1,1
S0264,gemcitabine,3,1000 mg/m2,2,2
S0264,carboplatin,3,5 auc,2,2
S0264,pembrolizumab,4,200 mg,1,1
S0264,gemcitabine,4,1000 mg/m2,1,1
S0264,carboplatin,4,5 auc,1,1
S0265,pemigatinib,1,18 mg,21,21
S0265,pembrolizumab,1,200 mg,1,1
S0265,pemigatinib,2,13.5 mg,21,21
S0265,pembrolizumab,2,200 mg,1,1
S0265,pemigatinib,3,13.5 mg,21,21
S0265,pembrolizumab,3,200 mg,1,1
S0265,pemigatinib,4,13.5 mg,21,21
S0265,pembrolizumab,4,200 mg,1,1
S0266,pemigatinib,1,18 mg,21,21
S0266,pemigatinib,2,13.5 mg,21,21
S0266,pemigatinib,3,13.5 mg,21,21
S0266,pemigatinib,4,13.5 mg,21,21
S0267,pemigatinib,1,18 mg,21,21
S0267,pembrolizumab,1,200 mg,1,1
S0267,pemigatinib,2,13.5 mg,21,21
S0267,pembrolizumab,2,200 mg,1,1
S0267,pemigatinib,3,13.5 mg,21,21
S0267,pembrolizumab,3,200 mg,1,1
S0267,pemigatinib,4,13.5 mg,1,1
S0267,pembrolizumab,4,200 mg,1,1
S0268,pemigatinib,1,18 mg,21,21
S0268,pemigatinib,2,13.5 mg,21,21
S0268,pemigatinib,3,13.5 mg,21,21
S0268,pemigatinib,4,13.5 mg,1,1
S0269,pemigatinib,1,18 mg,21,21
S0269,pemigatinib,2,13.5 mg,21,21
S0269,pemigatinib,3,13.5 mg,21,21
S0269,pemigatinib,4,13.5 mg,21,21
S0270,pemigatinib,1,18 mg,21,21
S0270,pemigatinib,2,13.5 mg,21,21
S0270,pemigatinib,3,13.5 mg,21,21
S0270,pemigatinib,4,13.5 mg,21,21
S0271,pemigatinib,1,18 mg,21,21
S0271,pembrolizumab,1,200 mg,1,1
S0271,pemigatinib,2,13.5 mg,21,21
S0271,pembrolizumab,2,200 mg,1,1
S0271,pemigatinib,3,13.5 mg,21,21
S0271,pembrolizumab,3,200 mg,1,1
S0271,pemigatinib,4,13.5 mg,21,21
S0271,pembrolizumab,4,200 mg,1,1
S0272,pembrolizumab,1,200 mg,1,1
S0272,gemcitabine,1,1000 mg/m2,2,2
S0272,carboplatin,1,5 auc,2,2
S0272,pembrolizumab,2,200 mg,1,1
S0272,gemcitabine,2,1000 mg/m2,2,2
S0272,carboplatin,2,5 auc,2,2
S0272,pembrolizumab,3,200 mg,1,1
S0272,gemcitabine,3,1000 mg/m2,2,2
S0272,carboplatin,3,5 auc,2,2
S0272,pembrolizumab,4,200 mg,1,1
S0272,gemcitabine,4,1000 mg/m2,2,2
S0272,carboplatin,4,5 auc,2,2
S0273,pemigatinib,1,18 mg,21,21
S0273,pembrolizumab,1,200 mg,1,1
S0273,pemigatinib,2,13.5 mg,21,21
S0273,pembrolizumab,2,200 mg,1,1
S0273,pemigatinib,3,13.5 mg,21,21
S0273,pembrolizumab,3,200 mg,1,1
S0273,pemigatinib,4,13.5 mg,1,1
S0273,pembrolizumab,4,200 mg,1,1
S0274,pemigatinib,1,18 mg,21,21
S0274,pemigatinib,2,13.5 mg,21,21
S0274,pemigatinib,3,13.5 mg,21,21
S0274,pemigatinib,4,13.5 mg,21,21
S0275,pembrolizumab,1,200 mg,1,1
S0275,gemcitabine,1,1000 mg/m2,2,2
S0275,carboplatin,1,5 auc,2,2
S0275,pembrolizumab,2,200 mg,1,1
S0275,gemcitabine,2,1000 mg/m2,2,2
S0275,carboplatin,2,5 auc,2,2
S0275,pembrolizumab,3,200 mg,1,1
S0275,gemcitabine,3,1000 mg/m2,2,2
S0275,carboplatin,3,5 auc,2,2
S0275,pembrolizumab,4,200 mg,1,1
S0275,gemcitabine,4,1000 mg/m2,1,1
S0275,carboplatin,4,5 auc,1,1
S0276,pembrolizumab,1,200 mg,1,1
S0276,gemcitabine,1,1000 mg/m2,2,2
S0276,carboplatin,1,5 auc,2,2
S0276,pembrolizumab,2,200 mg,1,1
S0276,gemcitabine,2,1000 mg/m2,2,2
S0276,carboplatin,2,5 auc,2,2
S0276,pembrolizumab,3,200 mg,1,1
S0276,gemcitabine,3,1000 mg/m2,2,2
S0276,carboplatin,3,5 auc,2,2
S0276,pembrolizumab,4,200 mg,1,1
S0276,gemcitabine,4,1000 mg/m2,2,2
S0276,carboplatin,4,5 auc,2,2
S0277,pembrolizumab,1,200 mg,1,1
S0277,gemcitabine,1,1000 mg/m2,2,2
S0277,carboplatin,1,5 auc,2,2
S0277,pembrolizumab,2,200 mg,1,1
S0277,gemcitabine,2,1000 mg/m2,2,2
S0277,carboplatin,2,5 auc,2,2
S0277,pembrolizumab,3,200 mg,1,1
S0277,gemcitabine,3,1000 mg/m2,2,2
S0277,carboplatin,3,5 auc,2,2
S0277,pembrolizumab,4,200 mg,1,1
S0277,gemcitabine,4,1000 mg/m2,2,2
S0277,carboplatin,4,5 auc,2,2
S0278,pembrolizumab,1,200 mg,1,1
S0278,gemcitabine,1,1000 mg/m2,2,2
S0278,carboplatin,1,5 auc,2,2
S0278,pembrolizumab,2,200 mg,1,1
S0278,gemcitabine,2,1000 mg/m2,2,2
S0278,carboplatin,2,5 auc,2,2
S0278,pembrolizumab,3,200 mg,1,1
S0278,gemcitabine,3,1000 mg/m2,2,2
S0278,carboplatin,3,5 auc,2,2
S0278,pembrolizumab,4,200 mg,1,1
S0278,gemcitabine,4,1000 mg/m2,2,2
S0278,carboplatin,4,5 auc,2,2
S0279,pembrolizumab,1,200 mg,1,1
S0279,gemcitabine,1,1000 mg/m2,2,2
S0279,carboplatin,1,5 auc,2,2
S0279,pembrolizumab,2,200 mg,1,1
S0279,gemcitabine,2,1000 mg/m2,2,2
S0279,carboplatin,2,5 auc,2,2
S0279,pembrolizumab,3,200 mg,1,1
S0279,gemcitabine,3,1000 mg/m2,2,2
S0279,carboplatin,3,5 auc,2,2
S0279,pembrolizumab,4,200 mg,1,1
S0279,gemcitabine,4,1000 mg/m2,1,1
S0279,carboplatin,4,5 auc,1,1
S0280,pembrolizumab,1,200 mg,1,1
S0280,gemcitabine,1,1000 mg/m2,2,2
S0280,carboplatin,1,5 auc,2,2
S0280,pembrolizumab,2,200 mg,1,1
S0280,gemcitabine,2,1000 mg/m2,2,2
S0280,carboplatin,2,5 auc,2,2
S0280,pembrolizumab,3,200 mg,1,1
S0280,gemcitabine,3,1000 mg/m2,2,2
S0280,carboplatin,3,5 auc,2,2
S0280,pembrolizumab,4,200 mg,1,1
S0280,gemcitabine,4,1000 mg/m2,2,2
S0280,carboplatin,4,5 auc,2,2
S0281,pembrolizumab,1,200 mg,1,1
S0281,gemcitabine,1,1000 mg/m2,2,2
S0281,carboplatin,1,5 auc,2,2
S0281,pembrolizumab,2,200 mg,1,1
S0281,gemcitabine,2,1000 mg/m2,2,2
S0281,carboplatin,2,5 auc,2,2
S0281,pembrolizumab,3,200 mg,1,1
S0281,gemcitabine,3,1000 mg/m2,2,2
S0281,carboplatin,3,5 auc,2,2
S0281,pembrolizumab,4,200 mg,1,1
S0281,gemcitabine,4,1000 mg/m2,2,2
S0281,carboplatin,4,5 auc,2,2
S0282,pembrolizumab,1,200 mg,1,1
S0282,gemcitabine,1,1000 mg/m2,2,2
S0282,carboplatin,1,5 auc,2,2
S0282,pembrolizumab,2,200 mg,1,1
S0282,gemcitabine,2,1000 mg/m2,2,2
S0282,carboplatin,2,5 auc,2,2
S0282,pembrolizumab,3,200 mg,1,1
S0282,gemcitabine,3,1000 mg/m2,2,2
S0282,carboplatin,3,5 auc,2,2
S0282,pembrolizumab,4,200 mg,1,1
S0282,gemcitabine,4,1000 mg/m2,2,2
S0282,carboplatin,4,5 auc,2,2
S0283,pemigatinib,1,18 mg,21,21
S0283,pembrolizumab,1,200 mg,1,1
S0283,pemigatinib,2,13.5 mg,21,21
S0283,pembrolizumab,2,200 mg,1,1
S0283,pemigatinib,3,13.5 mg,21,21
S0283,pembrolizumab,3,200 mg,1,1
S0283,pemigatinib,4,13.5 mg,1,1
S0283,pembrolizumab,4,200 mg,1,1
S0284,pembrolizumab,1,200 mg,1,1
S0284,gemcitabine,1,1000 mg/m2,2,2
S0284,carboplatin,1,5 auc,2,2
S0284,pembrolizumab,2,200 mg,1,1
S0284,gemcitabine,2,1000 mg/m2,2,2
S0284,carboplatin,2,5 auc,2,2
S0284,pembrolizumab,3,200 mg,1,1
S0284,gemcitabine,3,1000 mg/m2,2,2
S0284,carboplatin,3,5 auc,2,2
S0284,pembrolizumab,4,200 mg,1,1
S0284,gemcitabine,4,1000 mg/m2,2,2
S0284,carboplatin,4,5 auc,2,2
S0285,pemigatinib,1,18 mg,21,21
S0285,pembrolizumab,1,200 mg,1,1
S0285,pemigatinib,2,13.5 mg,21,21
S0285,pembrolizumab,2,200 mg,1,1
S0285,pemigatinib,3,13.5 mg,21,21
S0285,pembrolizumab,3,200 mg,1,1
S0285,pemigatinib,4,13.5 mg,1,1
S0285,pembrolizumab,4,200 mg,1,1
S0286,pemigatinib,1,18 mg,21,21
S0286,pembrolizumab,1,200 mg,1,1
S0286,pemigatinib,2,13.5 mg,21,21
S0286,pembrolizumab,2,200 mg,1,1
S0286,pemigatinib,3,13.5 mg,21,21
S0286,pembrolizumab,3,200 mg,1,1
S0286,pemigatinib,4,13.5 mg,21,21
S0286,pembrolizumab,4,200 mg,1,1
S0287,pembrolizumab,1,200 mg,1,1
S0287,gemcitabine,1,1000 mg/m2,2,2
S0287,carboplatin,1,5 auc,2,2
S0287,pembrolizumab,2,200 mg,1,1
S0287,gemcitabine,2,1000 mg/m2,2,2
S0287,carboplatin,2,5 auc,2,2
S0287,pembrolizumab,3,200 mg,1,1
S0287,gemcitabine,3,1000 mg/m2,2,2
S0287,carboplatin,3,5 auc,2,2
S0287,pembrolizumab,4,200 mg,1,1
S0287,gemcitabine,4,1000 mg/m2,2,2
S0287,carboplatin,4,5 auc,2,2
S0288,pembrolizumab,1,200 mg,1,1
S0288,gemcitabine,1,1000 mg/m2,2,2
S0288,carboplatin,1,5 auc,2,2
S0288,pembrolizumab,2,200 mg,1,1
S0288,gemcitabine,2,1000 mg/m2,2,2
S0288,carboplatin,2,5 auc,2,2
S0288,pembrolizumab,3,200 mg,1,1
S0288,gemcitabine,3,1000 mg/m2,2,2
S0288,carboplatin,3,5 auc,2,2
S0288,pembrolizumab,4,200 mg,1,1
S0288,gemcitabine,4,1000 mg/m2,2,2
S0288,carboplatin,4,5 auc,2,2
S0289,pemigatinib,1,18 mg,21,21
S0289,pemigatinib,2,13.5 mg,21,21
S0289,pemigatinib,3,13.5 mg,21,21
S0289,pemigatinib,4,13.5 mg,21,21
S0290,pembrolizumab,1,200 mg,1,1
S0290,gemcitabine,1,1000 mg/m2,2,2
S0290,carboplatin,1,5 auc,2,2
S0290,pembrolizumab,2,200 mg,1,1
S0290,gemcitabine,2,1000 mg/m2,2,2
S0290,carboplatin,2,5 auc,2,2
S0290,pembrolizumab,3,200 mg,1,1
S0290,gemcitabine,3,1000 mg/m2,2,2
S0290,carboplatin,3,5 auc,2,2
S0290,pembrolizumab,4,200 mg,1,1
S0290,gemcitabine,4,1000 mg/m2,2,2
S0290,carboplatin,4,5 auc,2,2
S0291,pemigatinib,1,18 mg,21,21
S0291,pemigatinib,2,13.5 mg,21,21
S0291,pemigatinib,3,13.5 mg,21,21
S0291,pemigatinib,4,13.5 mg,1,1
S0292,pembrolizumab,1,200 mg,1,1
S0292,gemcitabine,1,1000 mg/m2,2,2
S0292,carboplatin,1,5 auc,2,2
S0292,pembrolizumab,2,200 mg,1,1
S0292,gemcitabine,2,1000 mg/m2,2,2
S0292,carboplatin,2,5 auc,2,2
S0292,pembrolizumab,3,200 mg,1,1
S0292,gemcitabine,3,1000 mg/m2,2,2
S0292,carboplatin,3,5 auc,2,2
S0292,pembrolizumab,4,200 mg,1,1
S0292,gemcitabine,4,1000 mg/m2,2,2
S0292,carboplatin,4,5 auc,2,2
S0293,pembrolizumab,1,200 mg,1,1
S0293,gemcitabine,1,1000 mg/m2,2,2
S0293,carboplatin,1,5 auc,2,2
S0293,pembrolizumab,2,200 mg,1,1
S0293,gemcitabine,2,1000 mg/m2,2,2
S0293,carboplatin,2,5 auc,2,2
S0293,pembrolizumab,3,200 mg,1,1
S0293,gemcitabine,3,1000 mg/m2,2,2
S0293,carboplatin,3,5 auc,2,2
S0293,pembrolizumab,4,200 mg,1,1
S0293,gemcitabine,4,1000 mg/m2,1,1
S0293,carboplatin,4,5 auc,1,1
S0294,pemigatinib,1,18 mg,21,21
S0294,pembrolizumab,1,200 mg,1,1
S0294,pemigatinib,2,13.5 mg,21,21
S0294,pembrolizumab,2,200 mg,1,1
S0294,pemigatinib,3,13.5 mg,21,21
S0294,pembrolizumab,3,200 mg,1,1
S0294,pemigatinib,4,13.5 mg,21,21
S0294,pembrolizumab,4,200 mg,1,1
S0295,pembrolizumab,1,200 mg,1,1
S0295,gemcitabine,1,1000 mg/m2,2,2
S0295,carboplatin,1,5 auc,2,2
S0296,pembrolizumab,1,200 mg,1,1
S0296,gemcitabine,1,1000 mg/m2,2,2
S0296,carboplatin,1,5 auc,2,2
S0296,pembrolizumab,2,200 mg,1,1
S0296,gemcitabine,2,1000 mg/m2,2,2
S0296,carboplatin,2,5 auc,2,2
S0296,pembrolizumab,3,200 mg,1,1
S0296,gemcitabine,3,1000 mg/m2,2,2
S0296,carboplatin,3,5 auc,2,2
S0296,pembrolizumab,4,200 mg,1,1
S0296,gemcitabine,4,1000 mg/m2,1,1
S0296,carboplatin,4,5 auc,1,1
S0297,pemigatinib,1,18 mg,21,21
S0297,pembrolizumab,1,200 mg,1,1
S0297,pemigatinib,2,13.5 mg,21,21
S0297,pembrolizumab,2,200 mg,1,1
S0297,pemigatinib,3,13.5 mg,21,21
S0297,pembrolizumab,3,200 mg,1,1
S0297,pemigatinib,4,13.5 mg,21,21
S0297,pembrolizumab,4,200 mg,1,1
S0298,pemigatinib,1,18 mg,21,21
S0298,pemigatinib,2,13.5 mg,21,21
S0298,pemigatinib,3,13.5 mg,21,21
S0298,pemigatinib,4,13.5 mg,21,21
S0299,pemigatinib,1,18 mg,21,21
S0299,pemigatinib,2,13.5 mg,21,21
S0299,pemigatinib,3,13.5 mg,21,21
S0299,pemigatinib,4,13.5 mg,21,21
S0300,pemigatinib,1,18 mg,21,21
S0300,pembrolizumab,1,200 mg,1,1
S0300,pemigatinib,2,13.5 mg,21,21
S0300,pembrolizumab,2,200 mg,1,1
S0300,pemigatinib,3,13.5 mg,21,21
S0300,pembrolizumab,3,200 mg,1,1
S0300,pemigatinib,4,13.5 mg,21,21
S0300,pembrolizumab,4,200 mg,1,1
S0301,pembrolizumab,1,200 mg,1,1
S0301,gemcitabine,1,1000 mg/m2,2,2
S0301,carboplatin,1,5 auc,2,2
S0301,pembrolizumab,2,200 mg,1,1
S0301,gemcitabine,2,1000 mg/m2,2,2
S0301,carboplatin,2,5 auc,2,2
S0302,pembrolizumab,1,200 mg,1,1
S0302,gemcitabine,1,1000 mg/m2,2,2
S0302,carboplatin,1,5 auc,2,2
S0302,pembrolizumab,2,200 mg,1,1
S0302,gemcitabine,2,1000 mg/m2,2,2
S0302,carboplatin,2,5 auc,2,2
S0302,pembrolizumab,3,200 mg,1,1
S0302,gemcitabine,3,1000 mg/m2,2,2
S0302,carboplatin,3,5 auc,2,2
S0302,pembrolizumab,4,200 mg,1,1
S0302,gemcitabine,4,1000 mg/m2,1,1
S0302,carboplatin,4,5 auc,1,1
S0303,pemigatinib,1,18 mg,21,21
S0303,pembrolizumab,1,200 mg,1,1
S0303,pemigatinib,2,13.5 mg,21,21
S0303,pembrolizumab,2,200 mg,1,1
S0303,pemigatinib,3,13.5 mg,21,21
S0303,pembrolizumab,3,200 mg,1,1
S0303,pemigatinib,4,13.5 mg,21,21
S0303,pembrolizumab,4,200 mg,1,1
S0304,pembrolizumab,1,200 mg,1,1
S0304,gemcitabine,1,1000 mg/m2,2,2
S0304,carboplatin,1,5 auc,2,2
S0304,pembrolizumab,2,200 mg,1,1
S0304,gemcitabine,2,1000 mg/m2,2,2
S0304,carboplatin,2,5 auc,2,2
S0304,pembrolizumab,3,200 mg,1,1
S0304,gemcitabine,3,1000 mg/m2,2,2
S0304,carboplatin,3,5 auc,2,2
S0304,pembrolizumab,4,200 mg,1,1
S0304,gemcitabine,4,1000 mg/m2,1,1
S0304,carboplatin,4,5 auc,1,1
S0305,pemigatinib,1,18 mg,21,21
S0305,pembrolizumab,1,200 mg,1,1
S0305,pemigatinib,2,13.5 mg,21,21
S0305,pembrolizumab,2,200 mg,1,1
S0305,pemigatinib,3,13.5 mg,21,21
S0305,pembrolizumab,3,200 mg,1,1
S0305,pemigatinib,4,13.5 mg,1,1
S0305,pembrolizumab,4,200 mg,1,1
S0306,pemigatinib,1,18 mg,21,21
S0306,pemigatinib,2,13.5 mg,21,21
S0306,pemigatinib,3,13.5 mg,21,21
S0306,pemigatinib,4,13.5 mg,1,1
S0307,pembrolizumab,1,200 mg,1,1
S0307,gemcitabine,1,1000 mg/m2,2,2
S0307,carboplatin,1,5 auc,2,2
S0307,pembrolizumab,2,200 mg,1,1
S0307,gemcitabine,2,1000 mg/m2,2,2
S0307,carboplatin,2,5 auc,2,2
S0307,pembrolizumab,3,200 mg,1,1
S0307,gemcitabine,3,1000 mg/m2,2,2
S0307,carboplatin,3,5 auc,2,2
S0307,pembrolizumab,4,200 mg,1,1
S0307,gemcitabine,4,1000 mg/m2,1,1
S0307,carboplatin,4,5 auc,1,1
S0308,pembrolizumab,1,200 mg,1,1
S0308,gemcitabine,1,1000 mg/m2,2,2
S0308,carboplatin,1,5 auc,2,2
S0308,pembrolizumab,2,200 mg,1,1
S0308,gemcitabine,2,1000 mg/m2,2,2
S0308,carboplatin,2,5 auc,2,2
S0308,pembrolizumab,3,200 mg,1,1
S0308,gemcitabine,3,1000 mg/m2,2,2
S0308,carboplatin,3,5 auc,2,2
S0308,pembrolizumab,4,200 mg,1,1
S0308,gemcitabine,4,1000 mg/m2,2,2
S0308,carboplatin,4,5 auc,2,2
S0309,pembrolizumab,1,200 mg,1,1
S0309,gemcitabine,1,1000 mg/m2,2,2
S0309,carboplatin,1,5 auc,2,2
S0309,pembrolizumab,2,200 mg,1,1
S0309,gemcitabine,2,1000 mg/m2,2,2
S0309,carboplatin,2,5 auc,2,2
S0309,pembrolizumab,3,200 mg,1,1
S0309,gemcitabine,3,1000 mg/m2,2,2
S0309,carboplatin,3,5 auc,2,2
S0309,pembrolizumab,4,200 mg,1,1
S0309,gemcitabine,4,1000 mg/m2,1,1
S0309,carboplatin,4,5 auc,1,1
S0310,pemigatinib,1,18 mg,21,21
S0310,pemigatinib,2,13.5 mg,21,21
S0310,pemigatinib,3,13.5 mg,21,21
S0310,pemigatinib,4,13.5 mg,21,21
S0311,pemigatinib,1,18 mg,21,21
S0311,pembrolizumab,1,200 mg,1,1
S0311,pemigatinib,2,13.5 mg,21,21
S0311,pembrolizumab,2,200 mg,1,1
S0311,pemigatinib,3,13.5 mg,21,21
S0311,pembrolizumab,3,200 mg,1,1
S0311,pemigatinib,4,13.5 mg,21,21
S0311,pembrolizumab,4,200 mg,1,1
S0312,pemigatinib,1,18 mg,21,21
S0312,pembrolizumab,1,200 mg,1,1
S0312,pemigatinib,2,13.5 mg,21,21
S0312,pembrolizumab,2,200 mg,1,1
S0312,pemigatinib,3,13.5 mg,21,21
S0312,pembrolizumab,3,200 mg,1,1
S0312,pemigatinib,4,13.5 mg,1,1
S0312,pembrolizumab,4,200 mg,1,1
S0313,pemigatinib,1,18 mg,21,21
S0313,pembrolizumab,1,200 mg,1,1
S0313,pemigatinib,2,13.5 mg,21,21
S0313,pembrolizumab,2,200 mg,1,1
S0313,pemigatinib,3,13.5 mg,21,21
S0313,pembrolizumab,3,200 mg,1,1
S0313,pemigatinib,4,13.5 mg,1,1
S0313,pembrolizumab,4,200 mg,1,1
S0314,pembrolizumab,1,200 mg,1,1
S0314,gemcitabine,1,1000 mg/m2,2,2
S0314,carboplatin,1,5 auc,2,2
S0314,pembrolizumab,2,200 mg,1,1
S0314,gemcitabine,2,1000 mg/m2,2,2
S0314,carboplatin,2,5 auc,2,2
S0314,pembrolizumab,3,200 mg,1,1
S0314,gemcitabine,3,1000 mg/m2,2,2
S0314,carboplatin,3,5 auc,2,2
S0314,pembrolizumab,4,200 mg,1,1
S0314,gemcitabine,4,1000 mg/m2,2,2
S0314,carboplatin,4,5 auc,2,2
S0315,pemigatinib,1,18 mg,21,21
S0315,pembrolizumab,1,200 mg,1,1
S0315,pemigatinib,2,13.5 mg,21,21
S0315,pembrolizumab,2,200 mg,1,1
S0315,pemigatinib,3,13.5 mg,21,21
S0315,pembrolizumab,3,200 mg,1,1
S0315,pemigatinib,4,13.5 mg,21,21
S0315,pembrolizumab,4,200 mg,1,1
S0316,pembrolizumab,1,200 mg,1,1
S0316,gemcitabine,1,1000 mg/m2,2,2
S0316,carboplatin,1,5 auc,2,2
S0316,pembrolizumab,2,200 mg,1,1
S0316,gemcitabine,2,1000 mg/m2,2,2
S0316,carboplatin,2,5 auc,2,2
S0316,pembrolizumab,3,200 mg,1,1
S0316,gemcitabine,3,1000 mg/m2,2,2
S0316,carboplatin,3,5 auc,2,2
S0316,pembrolizumab,4,200 mg,1,1
S0316,gemcitabine,4,1000 mg/m2,1,1
S0316,carboplatin,4,5 auc,1,1
S0317,pembrolizumab,1,200 mg,1,1
S0317,gemcitabine,1,1000 mg/m2,2,2
S0317,carboplatin,1,5 auc,2,2
S0317,pembrolizumab,2,200 mg,1,1
S0317,gemcitabine,2,1000 mg/m2,2,2
S0317,carboplatin,2,5 auc,2,2
S0317,pembrolizumab,3,200 mg,1,1
S0317,gemcitabine,3,1000 mg/m2,2,2
S0317,carboplatin,3,5 auc,2,2
S0317,pembrolizumab,4,200 mg,1,1
S0317,gemcitabine,4,1000 mg/m2,2,2
S0317,carboplatin,4,5 auc,2,2
S0318,pembrolizumab,1,200 mg,1,1
S0318,gemcitabine,1,1000 mg/m2,2,2
S0318,carboplatin,1,5 auc,2,2
S0318,pembrolizumab,2,200 mg,1,1
S0318,gemcitabine,2,1000 mg/m2,2,2
S0318,carboplatin,2,5 auc,2,2
S0318,pembrolizumab,3,200 mg,1,1
S0318,gemcitabine,3,1000 mg/m2,2,2
S0318,carboplatin,3,5 auc,2,2
S0318,pembrolizumab,4,200 mg,1,1
S0318,gemcitabine,4,1000 mg/m2,2,2
S0318,carboplatin,4,5 auc,2,2
S0319,pemigatinib,1,18 mg,21,21
S0319,pembrolizumab,1,200 mg,1,1
S0319,pemigatinib,2,13.5 mg,21,21
S0319,pembrolizumab,2,200 mg,1,1
S0319,pemigatinib,3,13.5 mg,21,21
S0319,pembrolizumab,3,200 mg,1,1
S0319,pemigatinib,4,13.5 mg,21,21
S0319,pembrolizumab,4,200 mg,1,1
S0320,pembrolizumab,1,200 mg,1,1
S0320,gemcitabine,1,1000 mg/m2,2,2
S0320,carboplatin,1,5 auc,2,2
S0320,pembrolizumab,2,200 mg,1,1
S0320,gemcitabine,2,1000 mg/m2,2,2
S0320,carboplatin,2,5 auc,2,2
S0320,pembrolizumab,3,200 mg,1,1
S0320,gemcitabine,3,1000 mg/m2,2,2
S0320,carboplatin,3,5 auc,2,2
S0320,pembrolizumab,4,200 mg,1,1
S0320,gemcitabine,4,1000 mg/m2,2,2
S0320,carboplatin,4,5 auc,2,2
S0321,pemigatinib,1,18 mg,21,21
S0321,pembrolizumab,1,200 mg,1,1
S0321,pemigatinib,2,13.5 mg,21,21
S0321,pembrolizumab,2,200 mg,1,1
S0321,pemigatinib,3,13.5 mg,21,21
S0321,pembrolizumab,3,200 mg,1,1
S0321,pemigatinib,4,13.5 mg,1,1
S0321,pembrolizumab,4,200 mg,1,1
S0322,pemigatinib,1,18 mg,21,21
S0322,pemigatinib,2,13.5 mg,21,21
S0322,pemigatinib,3,13.5 mg,21,21
S0322,pemigatinib,4,13.5 mg,21,21
S0323,pemigatinib,1,18 mg,21,21
S0323,pemigatinib,2,13.5 mg,21,21
S0323,pemigatinib,3,13.5 mg,13,13
S0324,pemigatinib,1,18 mg,21,21
S0324,pemigatinib,2,13.5 mg,21,21
S0324,pemigatinib,3,13.5 mg,21,21
S0324,pemigatinib,4,13.5 mg,21,21
S0325,pembrolizumab,1,200 mg,1,1
S0325,gemcitabine,1,1000 mg/m2,2,2
S0325,carboplatin,1,5 auc,2,2
S0325,pembrolizumab,2,200 mg,1,1
S0325,gemcitabine,2,1000 mg/m2,2,2
S0325,carboplatin,2,5 auc,2,2
S0325,pembrolizumab,3,200 mg,1,1
S0325,gemcitabine,3,1000 mg/m2,2,2
S0325,carboplatin,3,5 auc,2,2
S0325,pembrolizumab,4,200 mg,1,1
S0325,gemcitabine,4,1000 mg/m2,1,1
S0325,carboplatin,4,5 auc,1,1
S0326,pembrolizumab,1,200 mg,1,1
S0326,gemcitabine,1,1000 mg/m2,2,2
S0326,carboplatin,1,5 auc,2,2
S0326,pembrolizumab,2,200 mg,1,1
S0326,gemcitabine,2,1000 mg/m2,2,2
S0326,carboplatin,2,5 auc,2,2
S0326,pembrolizumab,3,200 mg,1,1
S0326,gemcitabine,3,1000 mg/m2,2,2
S0326,carboplatin,3,5 auc,2,2
S0326,pembrolizumab,4,200 mg,1,1
S0326,gemcitabine,4,1000 mg/m2,1,1
S0326,carboplatin,4,5 auc,1,1
S0327,pembrolizumab,1,200 mg,1,1
S0327,gemcitabine,1,1000 mg/m2,2,2
S0327,carboplatin,1,5 auc,2,2
S0327,pembrolizumab,2,200 mg,1,1
S0327,gemcitabine,2,1000 mg/m2,2,2
S0327,carboplatin,2,5 auc,2,2
S0327,pembrolizumab,3,200 mg,1,1
S0327,gemcitabine,3,1000 mg/m2,1,1
S0327,carboplatin,3,5 auc,1,1
S0328,pemigatinib,1,18 mg,21,21
S0328,pemigatinib,2,13.5 mg,21,21
S0328,pemigatinib,3,13.5 mg,21,21
S0328,pemigatinib,4,13.5 mg,21,21
S0329,pemigatinib,1,18 mg,21,21
S0329,pemigatinib,2,13.5 mg,21,21
S0329,pemigatinib,3,13.5 mg,21,21
S0329,pemigatinib,4,13.5 mg,1,1
S0330,pemigatinib,1,18 mg,21,21
S0330,pembrolizumab,1,200 mg,1,1
S0330,pemigatinib,2,13.5 mg,21,21
S0330,pembrolizumab,2,200 mg,1,1
S0330,pemigatinib,3,13.5 mg,21,21
S0330,pembrolizumab,3,200 mg,1,1
S0330,pemigatinib,4,13.5 mg,21,21
S0330,pembrolizumab,4,200 mg,1,1
S0331,pemigatinib,1,18 mg,21,21
S0331,pemigatinib,2,13.5 mg,21,21
S0331,pemigatinib,3,13.5 mg,21,21
S0331,pemigatinib,4,13.5 mg,21,21
S0332,pemigatinib,1,18 mg,21,21
S0332,pemigatinib,2,13.5 mg,21,21
S0332,pemigatinib,3,13.5 mg,21,21
S0332,pemigatinib,4,13.5 mg,21,21
S0333,pembrolizumab,1,200 mg,1,1
S0333,gemcitabine,1,1000 mg/m2,2,2
S0333,carboplatin,1,5 auc,2,2
S0333,pembrolizumab,2,200 mg,1,1
S0333,gemcitabine,2,1000 mg/m2,2,2
S0333,carboplatin,2,5 auc,2,2
S0333,pembrolizumab,3,200 mg,1,1
S0333,gemcitabine,3,1000 mg/m2,2,2
S0333,carboplatin,3,5 auc,2,2
S0333,pembrolizumab,4,200 mg,1,1
S0333,gemcitabine,4,1000 mg/m2,2,2
S0333,carboplatin,4,5 auc,2,2
S0334,pemigatinib,1,18 mg,21,21
S0334,pemigatinib,2,13.5 mg,21,21
S0334,pemigatinib,3,13.5 mg,21,21
S0334,pemigatinib,4,13.5 mg,1,1
S0335,pemigatinib,1,18 mg,21,21
S0335,pemigatinib,2,13.5 mg,4,4
S0336,pembrolizumab,1,200 mg,1,1
S0336,gemcitabine,1,1000 mg/m2,2,2
S0336,carboplatin,1,5 auc,2,2
S0336,pembrolizumab,2,200 mg,1,1
S0336,gemcitabine,2,1000 mg/m2,2,2
S0336,carboplatin,2,5 auc,2,2
S0336,pembrolizumab,3,200 mg,1,1
S0336,gemcitabine,3,1000 mg/m2,2,2
S0336,carboplatin,3,5 auc,2,2
S0336,pembrolizumab,4,200 mg,1,1
S0336,gemcitabine,4,1000 mg/m2,2,2
S0336,carboplatin,4,5 auc,2,2
S0337,pembrolizumab,1,200 mg,1,1
S0337,gemcitabine,1,1000 mg/m2,2,2
S0337,carboplatin,1,5 auc,2,2
S0337,pembrolizumab,2,200 mg,1,1
S0337,gemcitabine,2,1000 mg/m2,2,2
S0337,carboplatin,2,5 auc,2,2
S0337,pembrolizumab,3,200 mg,1,1
S0337,gemcitabine,3,1000 mg/m2,2,2
S0337,carboplatin,3,5 auc,2,2
S0337,pembrolizumab,4,200 mg,1,1
S0337,gemcitabine,4,1000 mg/m2,2,2
S0337,carboplatin,4,5 auc,2,2
S0338,pembrolizumab,1,200 mg,1,1
S0338,gemcitabine,1,1000 mg/m2,2,2
S0338,carboplatin,1,5 auc,2,2
S0338,pembrolizumab,2,200 mg,1,1
S0338,gemcitabine,2,1000 mg/m2,2,2
S0338,carboplatin,2,5 auc,2,2
S0338,pembrolizumab,3,200 mg,1,1
S0338,gemcitabine,3,1000 mg/m2,2,2
S0338,carboplatin,3,5 auc,2,2
S0338,pembrolizumab,4,200 mg,1,1
S0338,gemcitabine,4,1000 mg/m2,2,2
S0338,carboplatin,4,5 auc,2,2
S0339,pemigatinib,1,18 mg,21,21
S0339,pembrolizumab,1,200 mg,1,1
S0339,pemigatinib,2,13.5 mg,7,7
S0339,pembrolizumab,2,200 mg,1,1
S0340,pembrolizumab,1,200 mg,1,1
S0340,gemcitabine,1,1000 mg/m2,2,2
S0340,carboplatin,1,5 auc,2,2
S0340,pembrolizumab,2,200 mg,1,1
S0340,gemcitabine,2,1000 mg/m2,2,2
S0340,carboplatin,2,5 auc,2,2
S0340,pembrolizumab,3,200 mg,1,1
S0340,gemcitabine,3,1000 mg/m2,2,2
S0340,carboplatin,3,5 auc,2,2
S0340,pembrolizumab,4,200 mg,1,1
S0340,gemcitabine,4,1000 mg/m2,2,2
S0340,carboplatin,4,5 auc,2,2
S0341,pembrolizumab,1,200 mg,1,1
S0341,gemcitabine,1,1000 mg/m2,2,2
S0341,carboplatin,1,5 auc,2,2
S0341,pembrolizumab,2,200 mg,1,1
S0341,gemcitabine,2,1000 mg/m2,2,2
S0341,carboplatin,2,5 auc,2,2
S0341,pembrolizumab,3,200 mg,1,1
S0341,gemcitabine,3,1000 mg/m2,2,2
S0341,carboplatin,3,5 auc,2,2
S0341,pembrolizumab,4,200 mg,1,1
S0341,gemcitabine,4,1000 mg/m2,2,2
S0341,carboplatin,4,5 auc,2,2
S0342,pembrolizumab,1,200 mg,1,1
S0342,gemcitabine,1,1000 mg/m2,2,2
S0342,carboplatin,1,5 auc,2,2
S0342,pembrolizumab,2,200 mg,1,1
S0342,gemcitabine,2,1000 mg/m2,2,2
S0342,carboplatin,2,5 auc,2,2
S0342,pembrolizumab,3,200 mg,1,1
S0342,gemcitabine,3,1000 mg/m2,2,2
S0342,carboplatin,3,5 auc,2,2
S0342,pembrolizumab,4,200 mg,1,1
S0342,gemcitabine,4,1000 mg/m2,2,2
S0342,carboplatin,4,5 auc,2,2
S0343,pemigatinib,1,18 mg,21,21
S0343,pembrolizumab,1,200 mg,1,1
S0343,pemigatinib,2,13.5 mg,21,21
S0343,pembrolizumab,2,200 mg,1,1
S0343,pemigatinib,3,13.5 mg,21,21
S0343,pembrolizumab,3,200 mg,1,1
S0343,pemigatinib,4,13.5 mg,21,21
S0343,pembrolizumab,4,200 mg,1,1
S0344,pemigatinib,1,18 mg,21,21
S0344,pemigatinib,2,13.5 mg,21,21
S0344,pemigatinib,3,13.5 mg,21,21
S0344,pemigatinib,4,13.5 mg,21,21
S0345,pemigatinib,1,18 mg,21,21
S0345,pembrolizumab,1,200 mg,1,1
S0345,pemigatinib,2,13.5 mg,21,21
S0345,pembrolizumab,2,200 mg,1,1
S0345,pemigatinib,3,13.5 mg,21,21
S0345,pembrolizumab,3,200 mg,1,1
S0345,pemigatinib,4,13.5 mg,1,1
S0345,pembrolizumab,4,200 mg,1,1
S0346,pemigatinib,1,18 mg,21,21
S0346,pemigatinib,2,13.5 mg,20,20
S0347,pembrolizumab,1,200 mg,1,1
S0347,gemcitabine,1,1000 mg/m2,2,2
S0347,carboplatin,1,5 auc,2,2
S0347,pembrolizumab,2,200 mg,1,1
S0347,gemcitabine,2,1000 mg/m2,2,2
S0347,carboplatin,2,5 auc,2,2
S0347,pembrolizumab,3,200 mg,1,1
S0347,gemcitabine,3,1000 mg/m2,2,2
S0347,carboplatin,3,5 auc,2,2
S0347,pembrolizumab,4,200 mg,1,1
S0347,gemcitabine,4,1000 mg/m2,1,1
S0347,carboplatin,4,5 auc,1,1
S0348,pembrolizumab,1,200 mg,1,1
S0348,gemcitabine,1,1000 mg/m2,2,2
S0348,carboplatin,1,5 auc,2,2
S0348,pembrolizumab,2,200 mg,1,1
S0348,gemcitabine,2,1000 mg/m2,2,2
S0348,carboplatin,2,5 auc,2,2
S0348,pembrolizumab,3,200 mg,1,1
S0348,gemcitabine,3,1000 mg/m2,2,2
S0348,carboplatin,3,5 auc,2,2
S0348,pembrolizumab,4,200 mg,1,1
S0348,gemcitabine,4,1000 mg/m2,2,2
S0348,carboplatin,4,5 auc,2,2
S0349,pembrolizumab,1,200 mg,1,1
S0349,gemcitabine,1,1000 mg/m2,2,2
S0349,carboplatin,1,5 auc,2,2
S0349,pembrolizumab,2,200 mg,1,1
S0349,gemcitabine,2,1000 mg/m2,2,2
S0349,carboplatin,2,5 auc,2,2
S0349,pembrolizumab,3,200 mg,1,1
S0349,gemcitabine,3,1000 mg/m2,2,2
S0349,carboplatin,3,5 auc,2,2
S0349,pembrolizumab,4,200 mg,1,1
S0349,gemcitabine,4,1000 mg/m2,2,2
S0349,carboplatin,4,5 auc,2,2
S0350,pemigatinib,1,18 mg,21,21
S0350,pembrolizumab,1,200 mg,1,1
S0350,pemigatinib,2,13.5 mg,21,21
S0350,pembrolizumab,2,200 mg,1,1
S0350,pemigatinib,3,13.5 mg,21,21
S0350,pembrolizumab,3,200 mg,1,1
S0350,pemigatinib,4,13.5 mg,21,21
S0350,pembrolizumab,4,200 mg,1,1
S0351,pembrolizumab,1,200 mg,1,1
S0351,gemcitabine,1,1000 mg/m2,2,2
S0351,carboplatin,1,5 auc,2,2
S0351,pembrolizumab,2,200 mg,1,0
S0351,gemcitabine,2,1000 mg/m2,2,2
S0351,carboplatin,2,5 auc,2,2
S0351,pembrolizumab,3,200 mg,1,0
S0351,gemcitabine,3,1000 mg/m2,2,2
S0351,carboplatin,3,5 auc,2,2
S0351,pembrolizumab,4,200 mg,1,0
S0351,gemcitabine,4,1000 mg/m2,1,1
S0351,carboplatin,4,5 auc,2,2
S0352,pembrolizumab,1,200 mg,1,1
S0352,gemcitabine,1,1000 mg/m2,2,2
S0352,carboplatin,1,5 auc,2,2
S0352,pembrolizumab,2,200 mg,1,1
S0352,gemcitabine,2,1000 mg/m2,2,2
S0352,carboplatin,2,5 auc,2,2
S0353,pembrolizumab,1,200 mg,1,1
S0353,gemcitabine,1,1000 mg/m2,2,2
S0353,carboplatin,1,5 auc,2,2
S0353,pembrolizumab,2,200 mg,1,1
S0353,gemcitabine,2,1000 mg/m2,2,2
S0353,carboplatin,2,5 auc,2,2
S0353,pembrolizumab,3,200 mg,1,1
S0353,gemcitabine,3,1000 mg/m2,2,2
S0353,carboplatin,3,5 auc,2,2
S0353,pembrolizumab,4,200 mg,1,1
S0353,gemcitabine,4,1000 mg/m2,1,1
S0353,carboplatin,4,5 auc,1,1
S0354,pemigatinib,1,18 mg,21,21
S0354,pemigatinib,2,13.5 mg,21,21
S0354,pemigatinib,3,13.5 mg,21,21
S0354,pemigatinib,4,13.5 mg,21,21
S0355,pemigatinib,1,18 mg,8,8
S0356,pembrolizumab,1,200 mg,1,1
S0356,gemcitabine,1,1000 mg/m2,2,2
S0356,carboplatin,1,5 auc,2,2
S0356,pembrolizumab,2,200 mg,1,1
S0356,gemcitabine,2,1000 mg/m2,2,2
S0356,carboplatin,2,5 auc,2,2
S0356,pembrolizumab,3,200 mg,1,1
S0356,gemcitabine,3,1000 mg/m2,2,2
S0356,carboplatin,3,5 auc,2,2
S0356,pembrolizumab,4,200 mg,1,1
S0356,gemcitabine,4,1000 mg/m2,2,2
S0356,carboplatin,4,5 auc,2,2
S0357,pemigatinib,1,18 mg,21,21
S0357,pembrolizumab,1,200 mg,1,1
S0357,pemigatinib,2,13.5 mg,21,21
S0357,pembrolizumab,2,200 mg,1,1
S0357,pemigatinib,3,13.5 mg,21,21
S0357,pembrolizumab,3,200 mg,1,1
S0357,pemigatinib,4,13.5 mg,1,1
S0357,pembrolizumab,4,200 mg,1,1
S0358,pembrolizumab,1,200 mg,1,1
S0358,gemcitabine,1,1000 mg/m2,2,2
S0358,carboplatin,1,5 auc,2,2
S0358,pembrolizumab,2,200 mg,1,1
S0358,gemcitabine,2,1000 mg/m2,2,2
S0358,carboplatin,2,5 auc,2,2
S0358,pembrolizumab,3,200 mg,1,1
S0358,gemcitabine,3,1000 mg/m2,2,2
S0358,carboplatin,3,5 auc,2,2
S0358,pembrolizumab,4,200 mg,1,1
S0358,gemcitabine,4,1000 mg/m2,2,2
S0358,carboplatin,4,5 auc,2,2
S0359,pembrolizumab,1,200 mg,1,1
S0359,gemcitabine,1,1000 mg/m2,2,2
S0359,carboplatin,1,5 auc,2,2
S0359,pembrolizumab,2,200 mg,1,1
S0359,gemcitabine,2,1000 mg/m2,2,2
S0359,carboplatin,2,5 auc,2,2
S0360,pemigatinib,1,18 mg,21,21
S0360,pemigatinib,2,13.5 mg,21,21
S0360,pemigatinib,3,13.5 mg,21,21
S0360,pemigatinib,4,13.5 mg,21,21
S0361,pembrolizumab,1,200 mg,1,1
S0361,gemcitabine,1,1000 mg/m2,2,2
S0361,carboplatin,1,5 auc,2,2
S0361,pembrolizumab,2,200 mg,1,1
S0361,gemcitabine,2,1000 mg/m2,2,2
S0361,carboplatin,2,5 auc,2,2
S0361,pembrolizumab,3,200 mg,1,1
S0361,gemcitabine,3,1000 mg/m2,2,2
S0361,carboplatin,3,5 auc,2,2
S0361,pembrolizumab,4,200 mg,1,1
S0361,gemcitabine,4,1000 mg/m2,2,2
S0361,carboplatin,4,5 auc,2,2
S0362,pembrolizumab,1,200 mg,1,1
S0362,gemcitabine,1,1000 mg/m2,2,2
S0362,carboplatin,1,5 auc,2,2
S0362,pembrolizumab,2,200 mg,1,1
S0362,gemcitabine,2,1000 mg/m2,2,2
S0362,carboplatin,2,5 auc,2,2
S0363,pemigatinib,1,18 mg,21,21
S0363,pemigatinib,2,13.5 mg,21,21
S0363,pemigatinib,3,13.5 mg,21,21
S0363,pemigatinib,4,13.5 mg,21,21
S0364,pemigatinib,1,18 mg,21,21
S0364,pembrolizumab,1,200 mg,1,1
S0364,pemigatinib,2,13.5 mg,21,21
S0364,pembrolizumab,2,200 mg,1,1
S0364,pemigatinib,3,13.5 mg,21,21
S0364,pembrolizumab,3,200 mg,1,1
S0364,pemigatinib,4,13.5 mg,1,1
S0364,pembrolizumab,4,200 mg,1,1
S0365,pemigatinib,1,18 mg,21,21
S0365,pembrolizumab,1,200 mg,1,1
S0365,pemigatinib,2,13.5 mg,21,21
S0365,pembrolizumab,2,200 mg,1,1
S0365,pemigatinib,3,13.5 mg,21,21
S0365,pembrolizumab,3,200 mg,1,1
S0365,pemigatinib,4,13.5 mg,21,21
S0365,pembrolizumab,4,200 mg,1,1
S0366,pemigatinib,1,18 mg,21,21
S0366,pemigatinib,2,13.5 mg,21,21
S0366,pemigatinib,3,13.5 mg,21,21
S0366,pemigatinib,4,13.5 mg,21,21
S0367,pembrolizumab,1,200 mg,1,1
S0367,gemcitabine,1,1000 mg/m2,2,2
S0367,carboplatin,1,5 auc,2,2
S0368,pembrolizumab,1,200 mg,1,1
S0368,gemcitabine,1,1000 mg/m2,2,2
S0368,carboplatin,1,5 auc,2,2
S0369,pemigatinib,1,18 mg,21,21
S0369,pemigatinib,2,13.5 mg,21,21
S0369,pemigatinib,3,13.5 mg,21,21
S0369,pemigatinib,4,13.5 mg,21,21
S0370,pembrolizumab,1,200 mg,1,1
S0370,gemcitabine,1,1000 mg/m2,2,2
S0370,carboplatin,1,5 auc,2,2
S0370,pembrolizumab,2,200 mg,1,1
S0370,gemcitabine,2,1000 mg/m2,2,2
S0370,carboplatin,2,5 auc,2,2
S0370,pembrolizumab,3,200 mg,1,1
S0370,gemcitabine,3,1000 mg/m2,2,2
S0370,carboplatin,3,5 auc,2,2
S0370,pembrolizumab,4,200 mg,1,1
S0370,gemcitabine,4,1000 mg/m2,1,1
S0370,carboplatin,4,5 auc,1,1
S0371,pembrolizumab,1,200 mg,1,1
S0371,gemcitabine,1,1000 mg/m2,2,2
S0371,carboplatin,1,5 auc,2,2
S0371,pembrolizumab,2,200 mg,1,1
S0371,gemcitabine,2,1000 mg/m2,2,2
S0371,carboplatin,2,5 auc,2,2
S0371,pembrolizumab,3,200 mg,1,1
S0371,gemcitabine,3,1000 mg/m2,2,2
S0371,carboplatin,3,5 auc,2,2
S0371,pembrolizumab,4,200 mg,1,1
S0371,gemcitabine,4,1000 mg/m2,2,2
S0371,carboplatin,4,5 auc,2,2
S0372,pemigatinib,1,18 mg,21,21
S0372,pemigatinib,2,13.5 mg,21,21
S0372,pemigatinib,3,13.5 mg,21,21
S0372,pemigatinib,4,13.5 mg,1,1
