USUBJID,VISIT,SVSTDY
S0001,SCREENING,-35
S0001,SCREENING,-35
S0001,SCREENING,-35
S0001,SCREENING,-35
S0001,SCREENING,-35
S0001,SCREENING,-35
S0001,SCREENING,-35
S0001,C1D1,1
S0001,C1D1,1
S0001,C1D1,1
S0001,C1D15,15
S0001,C1D17,17
S0001,C2D3,24
S0001,C2D5,26
S0001,C2D10,31
S0001,C2D11,32
S0001,C2D12,33
S0001,C2D12,33
S0001,C3D17,59
S0001,C4D1,64
S0001,C4D1,64
S0001,TA1,64
S0001,C4D3,66
S0001,C4D6,69
S0001,C4D11,74
S0001,C4D12,75
S0001,C4D17,80
S0001,EOT,84
S0001,TA2,89
S0001,TA2,90
S0001,TA2,102
S0001,TA2,108
S0001,TA2,113
S0001,FU1,168
S0002,SCREENING,-35
S0002,SCREENING,-35
S0002,SCREENING,-35
S0002,SCREENING,-35
S0002,SCREENING,-35
S0002,SCREENING,-35
S0002,SCREENING,-35
S0002,C1D1,1
S0002,C1D1,1
S0002,C2D3,24
S0002,C2D3,24
S0002,C2D8,29
S0002,C2D10,31
S0002,C2D10,31
S0002,C2D18,39
S0002,TA1,64
S0002,EOT,64
S0002,TA2,92
S0002,FU1,148
S0003,SCREENING,-35
S0003,SCREENING,-35
S0003,SCREENING,-35
S0003,SCREENING,-35
S0003,SCREENING,-35
S0003,SCREENING,-35
S0003,SCREENING,-35
S0003,C1D1,1
S0003,C1D2,2
S0003,C1D2,2
S0003,C1D2,2
S0003,C1D7,7
S0003,C1D8,8
S0003,C1D19,19
S0003,C2D5,26
S0003,C2D7,28
S0003,C2D14,35
S0003,C2D21,42
S0003,C3D12,54
S0003,C3D13,55
S0003,C3D13,55
S0003,C4D1,64
S0003,TA1,64
S0003,EOT,64
S0003,C4D3,66
S0003,TA2,90
S0003,TA2,90
S0003,FU1,148
S0004,SCREENING,-35
S0004,SCREENING,-35
S0004,SCREENING,-35
S0004,SCREENING,-35
S0004,SCREENING,-35
S0004,SCREENING,-35
S0004,SCREENING,-35
S0004,C1D1,1
S0004,C1D1,1
S0004,C1D1,1
S0004,C1D9,9
S0004,C3D3,45
S0004,C3D6,48
S0004,C3D9,51
S0004,C3D9,51
S0004,TA1,64
S0004,C4D10,73
S0004,EOT,84
S0004,TA2,96
S0004,FU1,168
S0005,SCREENING,-35
S0005,SCREENING,-35
S0005,SCREENING,-35
S0005,SCREENING,-35
S0005,SCREENING,-35
S0005,SCREENING,-35
S0005,SCREENING,-35
S0005,C1D1,1
S0005,C1D1,1
S0005,C2D8,29
S0005,TA1,64
S0005,EOT,64
S0005,C4D13,76
S0005,FU1,148
S0005,follow-up,635
S0006,SCREENING,-35
S0006,SCREENING,-35
S0006,SCREENING,-35
S0006,SCREENING,-35
S0006,SCREENING,-35
S0006,SCREENING,-35
S0006,SCREENING,-35
S0006,C1D1,1
S0006,C1D1,1
S0006,C1D1,1
S0006,C1D2,2
S0006,C1D2,2
S0006,C1D8,8
S0006,C1D18,18
S0006,C1D20,20
S0006,C2D2,23
S0006,C2D4,25
S0006,C2D7,28
S0006,C2D15,36
S0006,C2D16,37
S0006,C2D18,39
S0006,C2D19,40
S0006,C2D20,41
S0006,C3D8,50
S0006,C3D10,52
S0006,C3D13,55
S0006,EOT,56
S0006,C3D18,60
S0006,C4D5,68
S0006,C4D12,75
S0006,FU1,140
S0007,SCREENING,-35
S0007,SCREENING,-35
S0007,SCREENING,-35
S0007,SCREENING,-35
S0007,SCREENING,-35
S0007,SCREENING,-35
S0007,SCREENING,-35
S0007,C1D1,1
S0007,C1D1,1
S0007,C1D1,1
S0007,C1D15,15
S0007,C2D2,23
S0007,C2D14,35
S0007,C2D20,41
S0007,C3D4,46
S0007,C3D17,59
S0007,TA1,64
S0007,C4D17,80
S0007,C4D21,84
S0007,EOT,84
S0007,TA2,98
S0007,TA2,98
S0007,TA2,105
S0007,FU1,168
S0008,SCREENING,-35
S0008,SCREENING,-35
S0008,SCREENING,-35
S0008,SCREENING,-35
S0008,SCREENING,-35
S0008,SCREENING,-35
S0008,SCREENING,-35
S0008,C1D1,1
S0008,C1D10,10
S0008,C1D10,10
S0008,C1D15,15
S0008,C1D15,15
S0008,C1D18,18
S0008,C3D4,46
S0008,TA1,64
S0008,EOT,64
S0008,C4D20,83
S0008,C4D20,83
S0008,FU1,148
S0009,SCREENING,-35
S0009,SCREENING,-35
S0009,SCREENING,-35
S0009,SCREENING,-35
S0009,SCREENING,-35
S0009,SCREENING,-35
S0009,SCREENING,-35
S0009,C1D1,1
S0009,C1D1,1
S0009,C3D3,45
S0009,C3D3,45
S0009,TA1,64
S0009,EOT,84
S0009,FU1,168
S0010,SCREENING,-35
S0010,SCREENING,-35
S0010,SCREENING,-35
S0010,SCREENING,-35
S0010,SCREENING,-35
S0010,SCREENING,-35
S0010,SCREENING,-35
S0010,C1D1,1
S0010,C1D1,1
S0010,C1D15,15
S0010,C1D19,19
S0010,C2D20,41
S0010,C3D1,43
S0010,C3D3,45
S0010,C3D3,45
S0010,C3D3,45
S0010,C3D3,45
S0010,C3D4,46
S0010,C3D7,49
S0010,C3D18,60
S0010,TA1,64
S0010,C4D4,67
S0010,C4D10,73
S0010,C4D21,84
S0010,C4D21,84
S0010,EOT,84
S0010,TA2,101
S0010,TA2,109
S0010,TA2,114
S0010,FU1,168
S0011,SCREENING,-35
S0011,SCREENING,-35
S0011,SCREENING,-35
S0011,SCREENING,-35
S0011,SCREENING,-35
S0011,SCREENING,-35
S0011,SCREENING,-35
S0011,C1D1,1
S0011,C1D1,1
S0011,C1D1,1
S0011,C2D17,38
S0011,C3D2,44
S0011,TA1,64
S0011,EOT,84
S0011,FU1,168
S0012,SCREENING,-35
S0012,SCREENING,-35
S0012,SCREENING,-35
S0012,SCREENING,-35
S0012,SCREENING,-35
S0012,SCREENING,-35
S0012,SCREENING,-35
S0012,C1D1,1
S0012,C1D1,1
S0012,C1D11,11
S0012,C1D21,21
S0012,C3D7,49
S0012,C3D7,49
S0012,C3D11,53
S0012,C3D18,60
S0012,TA1,64
S0012,EOT,64
S0012,C4D18,81
S0012,FU1,148
S0012,follow-up,662
S0013,SCREENING,-35
S0013,SCREENING,-35
S0013,SCREENING,-35
S0013,SCREENING,-35
S0013,SCREENING,-35
S0013,SCREENING,-35
S0013,SCREENING,-35
S0013,C1D1,1
S0013,C1D9,9
S0013,C1D9,9
S0013,C1D15,15
S0013,C2D15,36
S0013,C2D21,42
S0013,C3D16,58
S0013,TA1,64
S0013,C4D4,67
S0013,C4D7,70
S0013,C4D18,81
S0013,C4D19,82
S0013,EOT,84
S0013,TA2,90
S0013,FU1,168
S0014,SCREENING,-35
S0014,SCREENING,-35
S0014,SCREENING,-35
S0014,SCREENING,-35
S0014,SCREENING,-35
S0014,SCREENING,-35
S0014,SCREENING,-35
S0014,C1D1,1
S0014,C1D1,1
S0014,C1D1,1
S0014,C1D2,2
S0014,C1D2,2
S0014,C1D9,9
S0014,TA1,64
S0014,EOT,84
S0014,TA2,92
S0014,TA2,113
S0014,FU1,168
S0015,SCREENING,-35
S0015,SCREENING,-35
S0015,SCREENING,-35
S0015,SCREENING,-35
S0015,SCREENING,-35
S0015,SCREENING,-35
S0015,SCREENING,-35
S0015,C1D1,1
S0015,C1D1,1
S0015,C1D1,1
S0015,TA1,64
S0015,EOT,84
S0015,FU1,168
S0016,SCREENING,-35
S0016,SCREENING,-35
S0016,SCREENING,-35
S0016,SCREENING,-35
S0016,SCREENING,-35
S0016,SCREENING,-35
S0016,SCREENING,-35
S0016,C1D1,1
S0016,C1D1,1
S0016,C1D1,1
S0016,C3D18,60
S0016,C3D18,60
S0016,TA1,64
S0016,C4D6,69
S0016,C4D6,69
S0016,C4D7,70
S0016,C4D8,71
S0016,C4D12,75
S0016,EOT,84
S0016,TA2,95
S0016,TA2,114
S0016,TA2,114
S0016,FU1,168
S0017,SCREENING,-35
S0017,SCREENING,-35
S0017,SCREENING,-35
S0017,SCREENING,-35
S0017,SCREENING,-35
S0017,SCREENING,-35
S0017,SCREENING,-35
S0017,C1D1,1
S0017,C1D1,1
S0017,C1D1,1
S0017,C1D11,11
S0017,C1D14,14
S0017,C2D9,30
S0017,C2D11,32
S0017,C2D13,34
S0017,C3D5,47
S0017,C3D11,53
S0017,C3D13,55
S0017,TA1,64
S0017,C4D8,71
S0017,C4D16,79
S0017,C4D17,80
S0017,C4D17,80
S0017,C4D21,84
S0017,EOT,84
S0017,TA2,97
S0017,TA2,97
S0017,TA2,100
S0017,TA2,102
S0017,TA2,106
S0017,FU1,168
S0018,SCREENING,-35
S0018,SCREENING,-35
S0018,SCREENING,-35
S0018,SCREENING,-35
S0018,SCREENING,-35
S0018,SCREENING,-35
S0018,SCREENING,-35
S0018,C1D1,1
S0018,C1D1,1
S0018,C1D1,1
S0018,C1D3,3
S0018,C1D7,7
S0018,C1D9,9
S0018,C1D13,13
S0018,C1D13,13
S0018,C1D16,16
S0018,C2D14,35
S0018,C3D1,43
S0018,C3D17,59
S0018,TA1,64
S0018,C4D7,70
S0018,EOT,84
S0018,TA2,86
S0018,TA2,86
S0018,TA2,88
S0018,TA2,91
S0018,TA2,110
S0018,FU1,168
S0019,SCREENING,-35
S0019,SCREENING,-35
S0019,SCREENING,-35
S0019,SCREENING,-35
S0019,SCREENING,-35
S0019,SCREENING,-35
S0019,SCREENING,-35
S0019,C1D1,1
S0019,C1D1,1
S0019,C1D16,16
S0019,C2D10,31
S0019,C3D2,44
S0019,C3D7,49
S0019,TA1,64
S0019,C4D12,75
S0019,C4D13,76
S0019,C4D13,76
S0019,C4D14,77
S0019,C4D14,77
S0019,C4D19,82
S0019,EOT,84
S0019,TA2,85
S0019,TA2,91
S0019,FU1,168
S0020,SCREENING,-35
S0020,SCREENING,-35
S0020,SCREENING,-35
S0020,SCREENING,-35
S0020,SCREENING,-35
S0020,SCREENING,-35
S0020,SCREENING,-35
S0020,C1D1,1
S0020,C1D5,5
S0020,C1D9,9
S0020,C1D9,9
S0020,C1D12,12
S0020,C1D16,16
S0020,C2D10,31
S0020,C3D5,47
S0020,C3D14,56
S0020,C3D19,61
S0020,TA1,64
S0020,EOT,64
S0020,C4D6,69
S0020,C4D17,80
S0020,TA2,88
S0020,TA2,94
S0020,FU1,148
S0021,SCREENING,-35
S0021,SCREENING,-35
S0021,SCREENING,-35
S0021,SCREENING,-35
S0021,SCREENING,-35
S0021,SCREENING,-35
S0021,SCREENING,-35
S0021,C1D1,1
S0021,C1D11,11
S0021,C3D4,46
S0021,TA1,64
S0021,EOT,84
S0021,TA2,85
S0021,TA2,88
S0021,TA2,92
S0021,TA2,93
S0021,TA2,99
S0021,TA2,111
S0021,FU1,168
S0022,SCREENING,-35
S0022,SCREENING,-35
S0022,SCREENING,-35
S0022,SCREENING,-35
S0022,SCREENING,-35
S0022,SCREENING,-35
S0022,SCREENING,-35
S0022,C1D1,1
S0022,C1D1,1
S0022,C1D1,1
S0022,C1D1,1
S0022,C1D1,1
S0022,C1D1,1
S0022,C1D9,9
S0022,C1D9,9
S0022,C1D10,10
S0022,C1D14,14
S0022,C1D17,17
S0022,C1D17,17
S0022,EOT,17
S0022,C1D20,20
S0022,C1D21,21
S0022,C2D4,25
S0022,C2D5,26
S0022,C2D6,27
S0022,C2D6,27
S0022,C2D6,27
S0022,C2D10,31
S0022,C2D14,35
S0022,C2D20,41
S0022,FU1,101
S0023,SCREENING,-35
S0023,SCREENING,-35
S0023,SCREENING,-35
S0023,SCREENING,-35
S0023,SCREENING,-35
S0023,SCREENING,-35
S0023,SCREENING,-35
S0023,C1D1,1
S0023,C1D1,1
S0023,C1D1,1
S0023,TA1,64
S0023,EOT,84
S0023,FU1,168
S0024,SCREENING,-35
S0024,SCREENING,-35
S0024,SCREENING,-35
S0024,SCREENING,-35
S0024,SCREENING,-35
S0024,SCREENING,-35
S0024,SCREENING,-35
S0024,C1D1,1
S0024,C1D1,1
S0024,C1D1,1
S0024,C1D2,2
S0024,C1D2,2
S0024,C1D3,3
S0024,C1D9,9
S0024,C1D10,10
S0024,C2D3,24
S0024,C2D13,34
S0024,C3D12,54
S0024,C3D19,61
S0024,TA1,64
S0024,C4D2,65
S0024,C4D5,68
S0024,C4D8,71
S0024,C4D9,72
S0024,C4D11,74
S0024,C4D17,80
S0024,EOT,84
S0024,TA2,88
S0024,TA2,95
S0024,TA2,99
S0024,TA2,111
S0024,FU1,168
S0025,SCREENING,-35
S0025,SCREENING,-35
S0025,SCREENING,-35
S0025,SCREENING,-35
S0025,SCREENING,-35
S0025,SCREENING,-35
S0025,SCREENING,-35
S0025,C1D1,1
S0025,C1D1,1
S0025,C1D9,9
S0025,C1D17,17
S0025,C2D2,23
S0025,C2D3,24
S0025,C2D7,28
S0025,EOT,40
S0025,C2D21,42
S0025,C3D3,45
S0025,C3D3,45
S0025,C3D20,62
S0025,C3D21,63
S0025,C4D1,64
S0025,C4D1,64
S0025,C4D1,64
S0025,C4D3,66
S0025,C4D5,68
S0025,C4D6,69
S0025,FU1,124
S0026,SCREENING,-35
S0026,SCREENING,-35
S0026,SCREENING,-35
S0026,SCREENING,-35
S0026,SCREENING,-35
S0026,SCREENING,-35
S0026,SCREENING,-35
S0026,C1D1,1
S0026,C1D1,1
S0026,C1D13,13
S0026,C1D13,13
S0026,C1D18,18
S0026,C1D19,19
S0026,C2D4,25
S0026,C2D12,33
S0026,C2D12,33
S0026,C2D12,33
S0026,C2D18,39
S0026,C2D18,39
S0026,C3D3,45
S0026,C3D6,48
S0026,C3D15,57
S0026,C3D18,60
S0026,TA1,64
S0026,C4D5,68
S0026,C4D9,72
S0026,C4D15,78
S0026,EOT,84
S0026,TA2,88
S0026,TA2,89
S0026,TA2,94
S0026,TA2,99
S0026,TA2,110
S0026,TA2,112
S0026,FU1,168
S0027,SCREENING,-35
S0027,SCREENING,-35
S0027,SCREENING,-35
S0027,SCREENING,-35
S0027,SCREENING,-35
S0027,SCREENING,-35
S0027,SCREENING,-35
S0027,C1D1,1
S0027,C1D1,1
S0027,C1D1,1
S0027,C1D6,6
S0027,C1D17,17
S0027,C2D19,40
S0027,C3D20,62
S0027,C3D21,63
S0027,C3D21,63
S0027,TA1,64
S0027,C4D3,66
S0027,C4D6,69
S0027,EOT,84
S0027,TA2,89
S0027,TA2,96
S0027,TA2,98
S0027,TA2,100
S0027,TA2,108
S0027,TA2,111
S0027,TA2,111
S0027,FU1,168
S0028,SCREENING,-35
S0028,SCREENING,-35
S0028,SCREENING,-35
S0028,SCREENING,-35
S0028,SCREENING,-35
S0028,SCREENING,-35
S0028,SCREENING,-35
S0028,C1D1,1
S0028,C1D10,10
S0028,C1D10,10
S0028,TA1,64
S0028,EOT,84
S0028,FU1,168
S0029,SCREENING,-35
S0029,SCREENING,-35
S0029,SCREENING,-35
S0029,SCREENING,-35
S0029,SCREENING,-35
S0029,SCREENING,-35
S0029,SCREENING,-35
S0029,C1D1,1
S0029,C1D1,1
S0029,C1D1,1
S0029,C1D3,3
S0029,C1D6,6
S0029,C1D6,6
S0029,C1D9,9
S0029,EOT,12
S0029,C1D13,13
S0029,C2D4,25
S0029,C2D10,31
S0029,C2D14,35
S0029,C2D18,39
S0029,C2D18,39
S0029,FU1,96
S0030,SCREENING,-35
S0030,SCREENING,-35
S0030,SCREENING,-35
S0030,SCREENING,-35
S0030,SCREENING,-35
S0030,SCREENING,-35
S0030,SCREENING,-35
S0030,C1D1,1
S0030,C1D8,8
S0030,C1D15,15
S0030,C1D15,15
S0030,C2D4,25
S0030,C2D5,26
S0030,C2D8,29
S0030,TA1,64
S0030,C4D18,81
S0030,C4D19,82
S0030,C4D19,82
S0030,C4D20,83
S0030,EOT,84
S0030,TA2,107
S0030,FU1,168
S0031,SCREENING,-35
S0031,SCREENING,-35
S0031,SCREENING,-35
S0031,SCREENING,-35
S0031,SCREENING,-35
S0031,SCREENING,-35
S0031,SCREENING,-35
S0031,C1D1,1
S0031,C1D1,1
S0031,C1D1,1
S0031,TA1,64
S0031,EOT,64
S0031,C4D11,74
S0031,FU1,148
S0032,SCREENING,-35
S0032,SCREENING,-35
S0032,SCREENING,-35
S0032,SCREENING,-35
S0032,SCREENING,-35
S0032,SCREENING,-35
S0032,SCREENING,-35
S0032,C1D1,1
S0032,C1D1,1
S0032,C1D1,1
S0032,C3D7,49
S0032,C3D7,49
S0032,C3D16,58
S0032,TA1,64
S0032,EOT,64
S0032,C4D4,67
S0032,C4D4,67
S0032,C4D7,70
S0032,C4D14,77
S0032,TA2,88
S0032,FU1,148
S0033,SCREENING,-35
S0033,SCREENING,-35
S0033,SCREENING,-35
S0033,SCREENING,-35
S0033,SCREENING,-35
S0033,SCREENING,-35
S0033,SCREENING,-35
S0033,C1D1,1
S0033,C1D1,1
S0033,C1D1,1
S0033,EOT,38
S0033,C3D13,55
S0033,FU1,122
S0033,follow-up,490
S0034,SCREENING,-35
S0034,SCREENING,-35
S0034,SCREENING,-35
S0034,SCREENING,-35
S0034,SCREENING,-35
S0034,SCREENING,-35
S0034,SCREENING,-35
S0034,C1D1,1
S0034,C1D1,1
S0034,C1D8,8
S0034,C1D16,16
S0034,C1D16,16
S0034,C2D1,22
S0034,C2D4,25
S0034,C2D6,27
S0034,C2D8,29
S0034,TA1,64
S0034,EOT,84
S0034,TA2,113
S0034,FU1,168
S0035,SCREENING,-35
S0035,SCREENING,-35
S0035,SCREENING,-35
S0035,SCREENING,-35
S0035,SCREENING,-35
S0035,SCREENING,-35
S0035,SCREENING,-35
S0035,C1D1,1
S0035,C1D1,1
S0035,C1D1,1
S0035,C1D19,19
S0035,C1D21,21
S0035,C2D3,24
S0035,C2D9,30
S0035,C2D20,41
S0035,C2D20,41
S0035,C3D9,51
S0035,C3D16,58
S0035,C3D17,59
S0035,C3D17,59
S0035,C3D18,60
S0035,TA1,64
S0035,C4D5,68
S0035,EOT,84
S0035,FU1,168
S0036,SCREENING,-35
S0036,SCREENING,-35
S0036,SCREENING,-35
S0036,SCREENING,-35
S0036,SCREENING,-35
S0036,SCREENING,-35
S0036,SCREENING,-35
S0036,C1D1,1
S0036,C1D1,1
S0036,C1D1,1
S0036,C1D2,2
S0036,C1D12,12
S0036,C1D12,12
S0036,C2D1,22
S0036,C2D17,38
S0036,C3D17,59
S0036,TA1,64
S0036,C4D5,68
S0036,EOT,84
S0036,FU1,168
S0037,SCREENING,-35
S0037,SCREENING,-35
S0037,SCREENING,-35
S0037,SCREENING,-35
S0037,SCREENING,-35
S0037,SCREENING,-35
S0037,SCREENING,-35
S0037,C1D1,1
S0037,C1D1,1
S0037,C1D1,1
S0037,C1D8,8
S0037,C1D14,14
S0037,C1D14,14
S0037,C2D3,24
S0037,C2D3,24
S0037,C2D16,37
S0037,C3D5,47
S0037,C3D7,49
S0037,TA1,64
S0037,EOT,84
S0037,FU1,168
S0038,SCREENING,-35
S0038,SCREENING,-35
S0038,SCREENING,-35
S0038,SCREENING,-35
S0038,SCREENING,-35
S0038,SCREENING,-35
S0038,SCREENING,-35
S0038,C1D1,1
S0038,C1D1,1
S0038,C1D1,1
S0038,C1D2,2
S0038,C1D5,5
S0038,C1D7,7
S0038,C1D21,21
S0038,C2D9,30
S0038,C2D10,31
S0038,C2D10,31
S0038,C2D14,35
S0038,C2D19,40
S0038,C3D1,43
S0038,C3D11,53
S0038,C3D14,56
S0038,C3D19,61
S0038,C4D1,64
S0038,TA1,64
S0038,EOT,64
S0038,C4D13,76
S0038,C4D18,81
S0038,TA2,86
S0038,TA2,90
S0038,FU1,148
S0039,SCREENING,-35
S0039,SCREENING,-35
S0039,SCREENING,-35
S0039,SCREENING,-35
S0039,SCREENING,-35
S0039,SCREENING,-35
S0039,SCREENING,-35
S0039,C1D1,1
S0039,C1D1,1
S0039,C1D4,4
S0039,C1D8,8
S0039,C1D12,12
S0039,C1D19,19
S0039,C2D4,25
S0039,C2D7,28
S0039,C2D7,28
S0039,C2D11,32
S0039,C2D15,36
S0039,C2D20,41
S0039,C3D14,56
S0039,C3D18,60
S0039,C3D20,62
S0039,TA1,64
S0039,C4D10,73
S0039,C4D12,75
S0039,C4D21,84
S0039,EOT,84
S0039,TA2,100
S0039,FU1,168
S0040,SCREENING,-35
S0040,SCREENING,-35
S0040,SCREENING,-35
S0040,SCREENING,-35
S0040,SCREENING,-35
S0040,SCREENING,-35
S0040,SCREENING,-35
S0040,C1D1,1
S0040,C1D1,1
S0040,TA1,64
S0040,EOT,64
S0040,FU1,148
S0041,SCREENING,-35
S0041,SCREENING,-35
S0041,SCREENING,-35
S0041,SCREENING,-35
S0041,SCREENING,-35
S0041,SCREENING,-35
S0041,SCREENING,-35
S0041,C1D1,1
S0041,C1D1,1
S0041,C1D1,1
S0041,C1D3,3
S0041,C1D3,3
S0041,C1D4,4
S0041,C1D7,7
S0041,C1D9,9
S0041,C1D11,11
S0041,C1D11,11
S0041,C1D15,15
S0041,C1D16,16
S0041,C1D17,17
S0041,C1D20,20
S0041,C1D21,21
S0041,C2D1,22
S0041,C2D2,23
S0041,C2D6,27
S0041,C2D7,28
S0041,C2D9,30
S0041,C2D11,32
S0041,C2D12,33
S0041,C2D14,35
S0041,C2D15,36
S0041,C2D18,39
S0041,C2D20,41
S0041,C2D21,42
S0041,C2D21,42
S0041,C3D1,43
S0041,C3D5,47
S0041,C3D5,47
S0041,C3D7,49
S0041,C3D7,49
S0041,C3D7,49
S0041,C3D8,50
S0041,C3D8,50
S0041,C3D9,51
S0041,C3D10,52
S0041,C3D10,52
S0041,C3D12,54
S0041,C3D13,55
S0041,C3D14,56
S0041,C3D15,57
S0041,C3D15,57
S0041,C3D18,60
S0041,C3D18,60
S0041,C3D19,61
S0041,C4D1,64
S0041,TA1,64
S0041,EOT,64
S0041,C4D5,68
S0041,C4D7,70
S0041,C4D11,74
S0041,C4D11,74
S0041,C4D15,78
S0041,C4D15,78
S0041,C4D16,79
S0041,C4D16,79
S0041,C4D19,82
S0041,C4D20,83
S0041,C4D21,84
S0041,TA2,86
S0041,TA2,88
S0041,TA2,89
S0041,TA2,94
S0041,TA2,94
S0041,TA2,94
S0041,FU1,148
S0042,SCREENING,-35
S0042,SCREENING,-35
S0042,SCREENING,-35
S0042,SCREENING,-35
S0042,SCREENING,-35
S0042,SCREENING,-35
S0042,SCREENING,-35
S0042,C1D1,1
S0042,C1D1,1
S0042,C1D1,1
S0042,C1D2,2
S0042,C2D5,26
S0042,C2D16,37
S0042,C3D10,52
S0042,C3D20,62
S0042,TA1,64
S0042,EOT,83
S0042,TA2,97
S0042,TA2,105
S0042,TA2,105
S0042,FU1,167
S0043,SCREENING,-35
S0043,SCREENING,-35
S0043,SCREENING,-35
S0043,SCREENING,-35
S0043,SCREENING,-35
S0043,SCREENING,-35
S0043,SCREENING,-35
S0043,C1D1,1
S0043,C1D1,1
S0043,C1D1,1
S0043,TA1,64
S0043,EOT,64
S0043,C4D8,71
S0043,FU1,148
S0044,SCREENING,-35
S0044,SCREENING,-35
S0044,SCREENING,-35
S0044,SCREENING,-35
S0044,SCREENING,-35
S0044,SCREENING,-35
S0044,SCREENING,-35
S0044,C1D1,1
S0044,C1D10,10
S0044,C1D10,10
S0044,C2D4,25
S0044,C2D11,32
S0044,C2D11,32
S0044,C2D21,42
S0044,C2D21,42
S0044,C3D2,44
S0044,C3D11,53
S0044,C3D11,53
S0044,C3D11,53
S0044,TA1,64
S0044,C4D5,68
S0044,EOT,84
S0044,TA2,86
S0044,TA2,89
S0044,TA2,89
S0044,TA2,91
S0044,TA2,91
S0044,TA2,91
S0044,TA2,92
S0044,TA2,93
S0044,TA2,101
S0044,TA2,104
S0044,FU1,168
S0045,SCREENING,-35
S0045,SCREENING,-35
S0045,SCREENING,-35
S0045,SCREENING,-35
S0045,SCREENING,-35
S0045,SCREENING,-35
S0045,SCREENING,-35
S0045,C1D1,1
S0045,C1D1,1
S0045,C1D1,1
S0045,C1D3,3
S0045,C2D5,26
S0045,C2D10,31
S0045,C2D19,40
S0045,C2D20,41
S0045,C3D4,46
S0045,C3D12,54
S0045,C3D12,54
S0045,C3D13,55
S0045,C4D1,64
S0045,TA1,64
S0045,C4D10,73
S0045,C4D11,74
S0045,C4D17,80
S0045,EOT,84
S0045,TA2,93
S0045,TA2,94
S0045,TA2,112
S0045,FU1,168
S0046,SCREENING,-35
S0046,SCREENING,-35
S0046,SCREENING,-35
S0046,SCREENING,-35
S0046,SCREENING,-35
S0046,SCREENING,-35
S0046,SCREENING,-35
S0046,C1D1,1
S0046,C1D2,2
S0046,C1D9,9
S0046,C1D10,10
S0046,C1D14,14
S0046,C1D19,19
S0046,C1D19,19
S0046,C2D9,30
S0046,C2D15,36
S0046,C3D2,44
S0046,C3D4,46
S0046,C3D14,56
S0046,C3D15,57
S0046,C3D16,58
S0046,C3D18,60
S0046,C3D20,62
S0046,TA1,64
S0046,EOT,64
S0046,C4D9,72
S0046,C4D19,82
S0046,FU1,148
S0047,SCREENING,-35
S0047,SCREENING,-35
S0047,SCREENING,-35
S0047,SCREENING,-35
S0047,SCREENING,-35
S0047,SCREENING,-35
S0047,SCREENING,-35
S0047,C1D1,1
S0047,C2D16,37
S0047,C2D17,38
S0047,C3D3,45
S0047,C3D3,45
S0047,C3D4,46
S0047,C3D8,50
S0047,C3D14,56
S0047,C3D14,56
S0047,C3D14,56
S0047,TA1,64
S0047,C4D7,70
S0047,C4D13,76
S0047,EOT,84
S0047,TA2,87
S0047,FU1,168
S0048,SCREENING,-35
S0048,SCREENING,-35
S0048,SCREENING,-35
S0048,SCREENING,-35
S0048,SCREENING,-35
S0048,SCREENING,-35
S0048,SCREENING,-35
S0048,C1D1,1
S0048,C1D3,3
S0048,C1D3,3
S0048,C1D19,19
S0048,C2D12,33
S0048,C2D15,36
S0048,TA1,64
S0048,EOT,64
S0048,C4D7,70
S0048,C4D15,78
S0048,TA2,90
S0048,FU1,148
S0049,SCREENING,-35
S0049,SCREENING,-35
S0049,SCREENING,-35
S0049,SCREENING,-35
S0049,SCREENING,-35
S0049,SCREENING,-35
S0049,SCREENING,-35
S0049,C1D1,1
S0049,C1D1,1
S0049,C1D1,1
S0049,C1D2,2
S0049,C2D3,24
S0049,TA1,64
S0049,C4D8,71
S0049,C4D8,71
S0049,EOT,84
S0049,TA2,113
S0049,FU1,168
S0049,follow-up,224
S0050,SCREENING,-35
S0050,SCREENING,-35
S0050,SCREENING,-35
S0050,SCREENING,-35
S0050,SCREENING,-35
S0050,SCREENING,-35
S0050,SCREENING,-35
S0050,C1D1,1
S0050,C1D1,1
S0050,C1D1,1
S0050,C1D2,2
S0050,C1D9,9
S0050,C1D19,19
S0050,C1D19,19
S0050,C2D7,28
S0050,C2D8,29
S0050,C3D5,47
S0050,C3D5,47
S0050,C3D8,50
S0050,TA1,64
S0050,C4D2,65
S0050,C4D10,73
S0050,EOT,84
S0050,TA2,89
S0050,TA2,89
S0050,TA2,89
S0050,TA2,90
S0050,TA2,99
S0050,TA2,99
S0050,FU1,168
S0051,SCREENING,-35
S0051,SCREENING,-35
S0051,SCREENING,-35
S0051,SCREENING,-35
S0051,SCREENING,-35
S0051,SCREENING,-35
S0051,SCREENING,-35
S0051,C1D1,1
S0051,C1D1,1
S0051,TA1,64
S0051,EOT,84
S0051,TA2,98
S0051,TA2,98
S0051,follow-up,167
S0052,SCREENING,-35
S0052,SCREENING,-35
S0052,SCREENING,-35
S0052,SCREENING,-35
S0052,SCREENING,-35
S0052,SCREENING,-35
S0052,SCREENING,-35
S0052,C1D1,1
S0052,C1D1,1
S0052,C1D1,1
S0052,C1D13,13
S0052,C2D1,22
S0052,C2D5,26
S0052,C2D21,42
S0052,C3D2,44
S0052,C3D8,50
S0052,C3D11,53
S0052,EOT,59
S0052,C3D21,63
S0052,C4D1,64
S0052,C4D14,77
S0052,FU1,143
S0053,SCREENING,-35
S0053,SCREENING,-35
S0053,SCREENING,-35
S0053,SCREENING,-35
S0053,SCREENING,-35
S0053,SCREENING,-35
S0053,SCREENING,-35
S0053,C1D1,1
S0053,C1D3,3
S0053,C1D8,8
S0053,C1D20,20
S0053,C2D2,23
S0053,EOT,25
S0053,C2D6,27
S0053,C2D9,30
S0053,C2D10,31
S0053,C2D11,32
S0053,C2D12,33
S0053,C2D13,34
S0053,C2D15,36
S0053,C2D21,42
S0053,C3D8,50
S0053,C3D11,53
S0053,FU1,109
S0054,SCREENING,-35
S0054,SCREENING,-35
S0054,SCREENING,-35
S0054,SCREENING,-35
S0054,SCREENING,-35
S0054,SCREENING,-35
S0054,SCREENING,-35
S0054,C1D1,1
S0054,C1D1,1
S0054,C1D1,1
S0054,C1D2,2
S0054,C1D6,6
S0054,C1D8,8
S0054,C1D8,8
S0054,C1D11,11
S0054,C1D11,11
S0054,C1D11,11
S0054,C1D17,17
S0054,C1D17,17
S0054,C2D2,23
S0054,C2D2,23
S0054,C2D8,29
S0054,C2D10,31
S0054,C2D15,36
S0054,C3D11,53
S0054,C3D18,60
S0054,TA1,64
S0054,EOT,64
S0054,C4D4,67
S0054,C4D9,72
S0054,C4D9,72
S0054,TA2,89
S0054,TA2,90
S0054,FU1,148
S0054,follow-up,592
S0055,SCREENING,-35
S0055,SCREENING,-35
S0055,SCREENING,-35
S0055,SCREENING,-35
S0055,SCREENING,-35
S0055,SCREENING,-35
S0055,SCREENING,-35
S0055,C1D1,1
S0055,C1D1,1
S0055,C1D14,14
S0055,C1D19,19
S0055,C1D21,21
S0055,C1D21,21
S0055,C2D19,40
S0055,C2D19,40
S0055,C3D7,49
S0055,C3D14,56
S0055,TA1,64
S0055,C4D10,73
S0055,C4D10,73
S0055,C4D11,74
S0055,C4D21,84
S0055,EOT,84
S0055,TA2,97
S0055,TA2,111
S0055,FU1,168
S0056,SCREENING,-35
S0056,SCREENING,-35
S0056,SCREENING,-35
S0056,SCREENING,-35
S0056,SCREENING,-35
S0056,SCREENING,-35
S0056,SCREENING,-35
S0056,C1D1,1
S0056,C2D7,28
S0056,C2D12,33
S0056,C3D15,57
S0056,C3D15,57
S0056,TA1,64
S0056,C4D16,79
S0056,EOT,84
S0056,TA2,90
S0056,TA2,108
S0056,TA2,112
S0056,FU1,168
S0057,SCREENING,-35
S0057,SCREENING,-35
S0057,SCREENING,-35
S0057,SCREENING,-35
S0057,SCREENING,-35
S0057,SCREENING,-35
S0057,SCREENING,-35
S0057,C1D1,1
S0057,C1D1,1
S0057,C1D1,1
S0057,C1D17,17
S0057,C1D17,17
S0057,TA1,64
S0057,EOT,64
S0057,FU1,148
S0058,SCREENING,-35
S0058,SCREENING,-35
S0058,SCREENING,-35
S0058,SCREENING,-35
S0058,SCREENING,-35
S0058,SCREENING,-35
S0058,SCREENING,-35
S0058,C1D1,1
S0058,C1D14,14
S0058,C2D2,23
S0058,C2D7,28
S0058,C2D11,32
S0058,C3D2,44
S0058,C3D3,45
S0058,C3D11,53
S0058,C3D11,53
S0058,TA1,64
S0058,C4D7,70
S0058,C4D18,81
S0058,C4D20,83
S0058,EOT,84
S0058,FU1,168
S0059,SCREENING,-35
S0059,SCREENING,-35
S0059,SCREENING,-35
S0059,SCREENING,-35
S0059,SCREENING,-35
S0059,SCREENING,-35
S0059,SCREENING,-35
S0059,C1D1,1
S0059,C1D12,12
S0059,C1D14,14
S0059,C1D15,15
S0059,C1D15,15
S0059,C1D20,20
S0059,C2D2,23
S0059,C2D16,37
S0059,C3D14,56
S0059,C3D14,56
S0059,C4D1,64
S0059,TA1,64
S0059,C4D7,70
S0059,C4D11,74
S0059,EOT,84
S0059,TA2,96
S0059,TA2,106
S0059,FU1,168
S0060,SCREENING,-35
S0060,SCREENING,-35
S0060,SCREENING,-35
S0060,SCREENING,-35
S0060,SCREENING,-35
S0060,SCREENING,-35
S0060,SCREENING,-35
S0060,C1D1,1
S0060,C1D7,7
S0060,C1D16,16
S0060,C2D1,22
S0060,C2D1,22
S0060,C2D19,40
S0060,C3D2,44
S0060,C3D3,45
S0060,C3D9,51
S0060,TA1,64
S0060,C4D15,78
S0060,C4D17,80
S0060,EOT,84
S0060,TA2,89
S0060,TA2,106
S0060,FU1,168
S0060,follow-up,323
S0061,SCREENING,-35
S0061,SCREENING,-35
S0061,SCREENING,-35
S0061,SCREENING,-35
S0061,SCREENING,-35
S0061,SCREENING,-35
S0061,SCREENING,-35
S0061,C1D1,1
S0061,C1D1,1
S0061,C1D1,1
S0061,C2D13,34
S0061,C2D16,37
S0061,TA1,64
S0061,C4D4,67
S0061,C4D6,69
S0061,C4D12,75
S0061,C4D20,83
S0061,EOT,84
S0061,TA2,90
S0061,TA2,99
S0061,TA2,103
S0061,FU1,168
S0062,SCREENING,-35
S0062,SCREENING,-35
S0062,SCREENING,-35
S0062,SCREENING,-35
S0062,SCREENING,-35
S0062,SCREENING,-35
S0062,SCREENING,-35
S0062,C1D1,1
S0062,C1D1,1
S0062,C1D1,1
S0062,C1D1,1
S0062,C1D1,1
S0062,C2D7,28
S0062,C2D18,39
S0062,C2D19,40
S0062,C2D19,40
S0062,C2D19,40
S0062,C2D20,41
S0062,C3D2,44
S0062,C3D2,44
S0062,C3D3,45
S0062,C4D1,64
S0062,TA1,64
S0062,C4D6,69
S0062,C4D14,77
S0062,EOT,84
S0062,TA2,88
S0062,TA2,88
S0062,TA2,92
S0062,TA2,94
S0062,TA2,96
S0062,TA2,96
S0062,FU1,168
S0063,SCREENING,-35
S0063,SCREENING,-35
S0063,SCREENING,-35
S0063,SCREENING,-35
S0063,SCREENING,-35
S0063,SCREENING,-35
S0063,SCREENING,-35
S0063,C1D1,1
S0063,C1D6,6
S0063,C1D7,7
S0063,C1D7,7
S0063,C1D12,12
S0063,C1D14,14
S0063,C1D16,16
S0063,C1D18,18
S0063,C1D18,18
S0063,C2D3,24
S0063,C2D3,24
S0063,C2D5,26
S0063,C2D7,28
S0063,C2D9,30
S0063,C3D1,43
S0063,C3D5,47
S0063,C3D9,51
S0063,C3D10,52
S0063,C3D11,53
S0063,C3D17,59
S0063,TA1,64
S0063,C4D3,66
S0063,C4D8,71
S0063,C4D16,79
S0063,C4D16,79
S0063,C4D20,83
S0063,C4D21,84
S0063,EOT,84
S0063,TA2,85
S0063,TA2,100
S0063,TA2,104
S0063,TA2,107
S0063,TA2,107
S0063,TA2,110
S0063,TA2,110
S0063,TA2,110
S0063,TA2,112
S0063,FU1,168
S0064,SCREENING,-35
S0064,SCREENING,-35
S0064,SCREENING,-35
S0064,SCREENING,-35
S0064,SCREENING,-35
S0064,SCREENING,-35
S0064,SCREENING,-35
S0064,C1D1,1
S0064,C1D1,1
S0064,C1D1,1
S0064,C1D14,14
S0064,C2D3,24
S0064,C2D19,40
S0064,C2D19,40
S0064,C3D2,44
S0064,C3D20,62
S0064,TA1,64
S0064,EOT,64
S0064,C4D6,69
S0064,C4D6,69
S0064,C4D7,70
S0064,C4D10,73
S0064,C4D18,81
S0064,C4D18,81
S0064,TA2,85
S0064,TA2,94
S0064,FU1,148
S0065,SCREENING,-35
S0065,SCREENING,-35
S0065,SCREENING,-35
S0065,SCREENING,-35
S0065,SCREENING,-35
S0065,SCREENING,-35
S0065,SCREENING,-35
S0065,C1D1,1
S0065,C1D8,8
S0065,C1D10,10
S0065,C2D9,30
S0065,C2D17,38
S0065,C2D17,38
S0065,C3D12,54
S0065,C3D13,55
S0065,TA1,64
S0065,C4D3,66
S0065,C4D13,76
S0065,C4D14,77
S0065,C4D14,77
S0065,EOT,84
S0065,TA2,92
S0065,TA2,107
S0065,TA2,112
S0065,TA2,114
S0065,FU1,168
S0066,SCREENING,-35
S0066,SCREENING,-35
S0066,SCREENING,-35
S0066,SCREENING,-35
S0066,SCREENING,-35
S0066,SCREENING,-35
S0066,SCREENING,-35
S0066,C1D1,1
S0066,C1D1,1
S0066,C2D2,23
S0066,C2D11,32
S0066,C2D16,37
S0066,C3D15,57
S0066,C3D18,60
S0066,C3D21,63
S0066,C3D21,63
S0066,C3D21,63
S0066,TA1,64
S0066,C4D2,65
S0066,C4D5,68
S0066,C4D5,68
S0066,C4D15,78
S0066,EOT,84
S0066,TA2,96
S0066,TA2,96
S0066,TA2,96
S0066,TA2,109
S0066,FU1,168
S0067,SCREENING,-35
S0067,SCREENING,-35
S0067,SCREENING,-35
S0067,SCREENING,-35
S0067,SCREENING,-35
S0067,SCREENING,-35
S0067,SCREENING,-35
S0067,C1D1,1
S0067,C1D6,6
S0067,C1D6,6
S0067,C1D14,14
S0067,C1D18,18
S0067,C2D8,29
S0067,C2D13,34
S0067,C2D18,39
S0067,C3D1,43
S0067,TA1,64
S0067,EOT,64
S0067,C4D14,77
S0067,C4D19,82
S0067,FU1,148
S0067,follow-up,434
S0068,SCREENING,-35
S0068,SCREENING,-35
S0068,SCREENING,-35
S0068,SCREENING,-35
S0068,SCREENING,-35
S0068,SCREENING,-35
S0068,SCREENING,-35
S0068,C1D1,1
S0068,C1D1,1
S0068,C1D17,17
S0068,C2D9,30
S0068,C2D11,32
S0068,C2D19,40
S0068,C2D19,40
S0068,C3D2,44
S0068,C3D2,44
S0068,C3D4,46
S0068,C3D13,55
S0068,C3D18,60
S0068,C3D18,60
S0068,TA1,64
S0068,C4D7,70
S0068,EOT,84
S0068,TA2,100
S0068,TA2,112
S0068,FU1,168
S0069,SCREENING,-35
S0069,SCREENING,-35
S0069,SCREENING,-35
S0069,SCREENING,-35
S0069,SCREENING,-35
S0069,SCREENING,-35
S0069,SCREENING,-35
S0069,C1D1,1
S0069,C1D1,1
S0069,C1D7,7
S0069,C1D16,16
S0069,C3D10,52
S0069,C3D15,57
S0069,TA1,64
S0069,EOT,64
S0069,C4D7,70
S0069,C4D7,70
S0069,C4D10,73
S0069,C4D13,76
S0069,C4D13,76
S0069,FU1,148
S0070,SCREENING,-35
S0070,SCREENING,-35
S0070,SCREENING,-35
S0070,SCREENING,-35
S0070,SCREENING,-35
S0070,SCREENING,-35
S0070,SCREENING,-35
S0070,C1D1,1
S0070,C1D1,1
S0070,C2D13,34
S0070,C2D21,42
S0070,C3D6,48
S0070,C3D7,49
S0070,TA1,64
S0070,EOT,64
S0070,C4D7,70
S0070,C4D10,73
S0070,C4D10,73
S0070,C4D14,77
S0070,C4D17,80
S0070,C4D18,81
S0070,TA2,90
S0070,TA2,90
S0070,FU1,148
S0071,SCREENING,-35
S0071,SCREENING,-35
S0071,SCREENING,-35
S0071,SCREENING,-35
S0071,SCREENING,-35
S0071,SCREENING,-35
S0071,SCREENING,-35
S0071,C1D1,1
S0071,C1D1,1
S0071,C1D1,1
S0071,C1D14,14
S0071,C1D15,15
S0071,C1D16,16
S0071,C1D18,18
S0071,C1D18,18
S0071,C3D5,47
S0071,C3D15,57
S0071,C3D15,57
S0071,C3D20,62
S0071,C3D21,63
S0071,TA1,64
S0071,EOT,64
S0071,C4D13,76
S0071,C4D13,76
S0071,C4D20,83
S0071,TA2,91
S0071,FU1,148
S0072,SCREENING,-35
S0072,SCREENING,-35
S0072,SCREENING,-35
S0072,SCREENING,-35
S0072,SCREENING,-35
S0072,SCREENING,-35
S0072,SCREENING,-35
S0072,C1D1,1
S0072,C1D1,1
S0072,C1D3,3
S0072,C1D11,11
S0072,C1D19,19
S0072,C2D10,31
S0072,C2D14,35
S0072,C3D1,43
S0072,C3D10,52
S0072,C3D14,56
S0072,C3D18,60
S0072,TA1,64
S0072,EOT,64
S0072,C4D3,66
S0072,C4D5,68
S0072,C4D5,68
S0072,C4D7,70
S0072,C4D8,71
S0072,C4D9,72
S0072,C4D16,79
S0072,C4D16,79
S0072,FU1,148
S0073,SCREENING,-35
S0073,SCREENING,-35
S0073,SCREENING,-35
S0073,SCREENING,-35
S0073,SCREENING,-35
S0073,SCREENING,-35
S0073,SCREENING,-35
S0073,C1D1,1
S0073,C1D1,1
S0073,C1D1,1
S0073,C1D14,14
S0073,C1D19,19
S0073,C1D19,19
S0073,C2D8,29
S0073,C2D14,35
S0073,C2D16,37
S0073,C2D16,37
S0073,C3D5,47
S0073,C4D1,64
S0073,TA1,64
S0073,C4D3,66
S0073,C4D3,66
S0073,C4D6,69
S0073,C4D12,75
S0073,EOT,84
S0073,FU1,168
S0074,SCREENING,-35
S0074,SCREENING,-35
S0074,SCREENING,-35
S0074,SCREENING,-35
S0074,SCREENING,-35
S0074,SCREENING,-35
S0074,SCREENING,-35
S0074,C1D1,1
S0074,C1D1,1
S0074,C1D1,1
S0074,C2D2,23
S0074,C2D4,25
S0074,C2D12,33
S0074,C2D14,35
S0074,C2D18,39
S0074,C2D21,42
S0074,C3D1,43
S0074,TA1,64
S0074,C4D17,80
S0074,C4D19,82
S0074,C4D19,82
S0074,EOT,84
S0074,TA2,85
S0074,TA2,112
S0074,FU1,168
S0075,SCREENING,-35
S0075,SCREENING,-35
S0075,SCREENING,-35
S0075,SCREENING,-35
S0075,SCREENING,-35
S0075,SCREENING,-35
S0075,SCREENING,-35
S0075,C1D1,1
S0075,C1D1,1
S0075,C1D1,1
S0075,C1D16,16
S0075,C1D16,16
S0075,C1D18,18
S0075,C1D18,18
S0075,C2D4,25
S0075,C2D13,34
S0075,C2D13,34
S0075,C3D17,59
S0075,C3D18,60
S0075,C3D18,60
S0075,C4D1,64
S0075,TA1,64
S0075,EOT,64
S0075,C4D7,70
S0075,FU1,148
S0076,SCREENING,-35
S0076,SCREENING,-35
S0076,SCREENING,-35
S0076,SCREENING,-35
S0076,SCREENING,-35
S0076,SCREENING,-35
S0076,SCREENING,-35
S0076,C1D1,1
S0076,C1D1,1
S0076,C1D1,1
S0076,C2D8,29
S0076,C2D15,36
S0076,TA1,64
S0076,EOT,64
S0076,FU1,148
S0076,follow-up,315
S0077,SCREENING,-35
S0077,SCREENING,-35
S0077,SCREENING,-35
S0077,SCREENING,-35
S0077,SCREENING,-35
S0077,SCREENING,-35
S0077,SCREENING,-35
S0077,C1D1,1
S0077,C1D20,20
S0077,C1D20,20
S0077,C2D2,23
S0077,C2D10,31
S0077,C2D10,31
S0077,C2D16,37
S0077,C2D20,41
S0077,TA1,64
S0077,C4D3,66
S0077,C4D14,77
S0077,C4D20,83
S0077,EOT,84
S0077,TA2,90
S0077,TA2,100
S0077,FU1,168
S0078,SCREENING,-35
S0078,SCREENING,-35
S0078,SCREENING,-35
S0078,SCREENING,-35
S0078,SCREENING,-35
S0078,SCREENING,-35
S0078,SCREENING,-35
S0078,C1D1,1
S0078,C1D1,1
S0078,C1D1,1
S0078,C1D2,2
S0078,C1D4,4
S0078,C1D10,10
S0078,C1D10,10
S0078,C1D11,11
S0078,C1D11,11
S0078,C3D4,46
S0078,C3D4,46
S0078,C3D11,53
S0078,C3D13,55
S0078,TA1,64
S0078,EOT,64
S0078,C4D2,65
S0078,C4D4,67
S0078,C4D8,71
S0078,C4D18,81
S0078,TA2,85
S0078,TA2,89
S0078,FU1,148
S0079,SCREENING,-35
S0079,SCREENING,-35
S0079,SCREENING,-35
S0079,SCREENING,-35
S0079,SCREENING,-35
S0079,SCREENING,-35
S0079,SCREENING,-35
S0079,C1D1,1
S0079,C1D13,13
S0079,C1D13,13
S0079,C3D16,58
S0079,TA1,64
S0079,EOT,64
S0079,FU1,148
S0080,SCREENING,-35
S0080,SCREENING,-35
S0080,SCREENING,-35
S0080,SCREENING,-35
S0080,SCREENING,-35
S0080,SCREENING,-35
S0080,SCREENING,-35
S0080,C1D1,1
S0080,C1D3,3
S0080,C1D6,6
S0080,C1D6,6
S0080,C1D7,7
S0080,EOT,7
S0080,C1D8,8
S0080,C1D11,11
S0080,C1D12,12
S0080,C2D6,27
S0080,C2D10,31
S0080,C2D15,36
S0080,FU1,91
S0081,SCREENING,-35
S0081,SCREENING,-35
S0081,SCREENING,-35
S0081,SCREENING,-35
S0081,SCREENING,-35
S0081,SCREENING,-35
S0081,SCREENING,-35
S0081,C1D1,1
S0081,C1D1,1
S0081,C1D1,1
S0081,C2D2,23
S0081,C2D11,32
S0081,C2D11,32
S0081,C2D16,37
S0081,C2D20,41
S0081,C2D21,42
S0081,C3D1,43
S0081,C3D2,44
S0081,C3D19,61
S0081,TA1,64
S0081,EOT,64
S0081,C4D2,65
S0081,C4D9,72
S0081,C4D16,79
S0081,C4D21,84
S0081,TA2,92
S0081,TA2,94
S0081,FU1,148
S0082,SCREENING,-35
S0082,SCREENING,-35
S0082,SCREENING,-35
S0082,SCREENING,-35
S0082,SCREENING,-35
S0082,SCREENING,-35
S0082,SCREENING,-35
S0082,C1D1,1
S0082,C1D1,1
S0082,C1D12,12
S0082,C2D5,26
S0082,C2D8,29
S0082,C2D15,36
S0082,C3D9,51
S0082,C3D9,51
S0082,C3D15,57
S0082,C3D15,57
S0082,C3D17,59
S0082,C3D17,59
S0082,TA1,64
S0082,C4D10,73
S0082,C4D20,83
S0082,EOT,84
S0082,TA2,102
S0082,FU1,168
S0083,SCREENING,-35
S0083,SCREENING,-35
S0083,SCREENING,-35
S0083,SCREENING,-35
S0083,SCREENING,-35
S0083,SCREENING,-35
S0083,SCREENING,-35
S0083,C1D1,1
S0083,C1D1,1
S0083,C1D1,1
S0083,C1D4,4
S0083,C1D16,16
S0083,C1D16,16
S0083,C1D16,16
S0083,C1D17,17
S0083,C1D17,17
S0083,C1D20,20
S0083,C2D3,24
S0083,C2D14,35
S0083,C3D7,49
S0083,TA1,64
S0083,EOT,64
S0083,C4D6,69
S0083,C4D6,69
S0083,C4D8,71
S0083,C4D8,71
S0083,C4D17,80
S0083,TA2,87
S0083,TA2,88
S0083,FU1,148
S0084,SCREENING,-35
S0084,SCREENING,-35
S0084,SCREENING,-35
S0084,SCREENING,-35
S0084,SCREENING,-35
S0084,SCREENING,-35
S0084,SCREENING,-35
S0084,C1D1,1
S0084,C1D18,18
S0084,C1D20,20
S0084,C2D8,29
S0084,C3D5,47
S0084,C3D21,63
S0084,C3D21,63
S0084,TA1,64
S0084,C4D2,65
S0084,C4D2,65
S0084,C4D9,72
S0084,EOT,84
S0084,TA2,85
S0084,TA2,101
S0084,TA2,107
S0084,FU1,168
S0085,SCREENING,-35
S0085,SCREENING,-35
S0085,SCREENING,-35
S0085,SCREENING,-35
S0085,SCREENING,-35
S0085,SCREENING,-35
S0085,SCREENING,-35
S0085,C1D1,1
S0085,C1D1,1
S0085,C1D5,5
S0085,C1D9,9
S0085,C1D17,17
S0085,C1D17,17
S0085,C1D18,18
S0085,C1D18,18
S0085,C2D1,22
S0085,C2D1,22
S0085,C3D13,55
S0085,C3D13,55
S0085,TA1,64
S0085,C4D11,74
S0085,C4D15,78
S0085,C4D18,81
S0085,EOT,84
S0085,TA2,104
S0085,TA2,110
S0085,FU1,168
S0086,SCREENING,-35
S0086,SCREENING,-35
S0086,SCREENING,-35
S0086,SCREENING,-35
S0086,SCREENING,-35
S0086,SCREENING,-35
S0086,SCREENING,-35
S0086,C1D1,1
S0086,C1D1,1
S0086,C1D1,1
S0086,C1D9,9
S0086,C2D12,33
S0086,C2D13,34
S0086,C3D4,46
S0086,C3D8,50
S0086,C4D1,64
S0086,TA1,64
S0086,C4D8,71
S0086,C4D12,75
S0086,C4D14,77
S0086,EOT,84
S0086,TA2,98
S0086,TA2,98
S0086,TA2,103
S0086,FU1,168
S0087,SCREENING,-35
S0087,SCREENING,-35
S0087,SCREENING,-35
S0087,SCREENING,-35
S0087,SCREENING,-35
S0087,SCREENING,-35
S0087,SCREENING,-35
S0087,C1D1,1
S0087,C1D1,1
S0087,C1D1,1
S0087,C1D2,2
S0087,C2D4,25
S0087,C2D7,28
S0087,C2D16,37
S0087,C2D16,37
S0087,C3D10,52
S0087,C3D10,52
S0087,TA1,64
S0087,EOT,64
S0087,C4D12,75
S0087,C4D14,77
S0087,C4D14,77
S0087,TA2,85
S0087,TA2,87
S0087,TA2,91
S0087,FU1,148
S0088,SCREENING,-35
S0088,SCREENING,-35
S0088,SCREENING,-35
S0088,SCREENING,-35
S0088,SCREENING,-35
S0088,SCREENING,-35
S0088,SCREENING,-35
S0088,C1D1,1
S0088,C1D2,2
S0088,C1D4,4
S0088,C1D10,10
S0088,C2D16,37
S0088,C3D10,52
S0088,TA1,64
S0088,EOT,64
S0088,C4D10,73
S0088,C4D14,77
S0088,C4D19,82
S0088,C4D21,84
S0088,TA2,89
S0088,FU1,148
S0089,SCREENING,-35
S0089,SCREENING,-35
S0089,SCREENING,-35
S0089,SCREENING,-35
S0089,SCREENING,-35
S0089,SCREENING,-35
S0089,SCREENING,-35
S0089,C1D1,1
S0089,C1D1,1
S0089,C1D1,1
S0089,C1D3,3
S0089,C1D3,3
S0089,C1D12,12
S0089,C1D17,17
S0089,C1D18,18
S0089,C2D14,35
S0089,C2D19,40
S0089,C3D3,45
S0089,TA1,64
S0089,C4D8,71
S0089,C4D8,71
S0089,C4D9,72
S0089,C4D11,74
S0089,C4D19,82
S0089,C4D19,82
S0089,EOT,84
S0089,FU1,168
S0090,SCREENING,-35
S0090,SCREENING,-35
S0090,SCREENING,-35
S0090,SCREENING,-35
S0090,SCREENING,-35
S0090,SCREENING,-35
S0090,SCREENING,-35
S0090,C1D1,1
S0090,C1D1,1
S0090,C1D1,1
S0090,C1D4,4
S0090,C1D9,9
S0090,C1D9,9
S0090,C3D3,45
S0090,C3D20,62
S0090,C3D21,63
S0090,TA1,64
S0090,C4D11,74
S0090,C4D12,75
S0090,EOT,84
S0090,TA2,90
S0090,TA2,103
S0090,TA2,112
S0090,FU1,168
S0091,SCREENING,-35
S0091,SCREENING,-35
S0091,SCREENING,-35
S0091,SCREENING,-35
S0091,SCREENING,-35
S0091,SCREENING,-35
S0091,SCREENING,-35
S0091,C1D1,1
S0091,C1D1,1
S0091,C1D2,2
S0091,C1D3,3
S0091,C1D9,9
S0091,C1D10,10
S0091,EOT,12
S0091,C1D17,17
S0091,C1D18,18
S0091,C2D4,25
S0091,C2D5,26
S0091,C2D7,28
S0091,C2D9,30
S0091,C2D16,37
S0091,C2D16,37
S0091,C2D18,39
S0091,FU1,96
S0092,SCREENING,-35
S0092,SCREENING,-35
S0092,SCREENING,-35
S0092,SCREENING,-35
S0092,SCREENING,-35
S0092,SCREENING,-35
S0092,SCREENING,-35
S0092,C1D1,1
S0092,C1D1,1
S0092,C1D1,1
S0092,C1D3,3
S0092,C1D7,7
S0092,C1D7,7
S0092,C1D8,8
S0092,C1D10,10
S0092,C1D11,11
S0092,C1D12,12
S0092,C1D13,13
S0092,C1D19,19
S0092,C1D21,21
S0092,C2D6,27
S0092,C2D9,30
S0092,C2D14,35
S0092,C2D14,35
S0092,C2D18,39
S0092,C3D6,48
S0092,C3D15,57
S0092,C3D21,63
S0092,TA1,64
S0092,EOT,64
S0092,C4D2,65
S0092,C4D2,65
S0092,C4D6,69
S0092,C4D12,75
S0092,C4D13,76
S0092,C4D15,78
S0092,C4D15,78
S0092,C4D16,79
S0092,C4D17,80
S0092,TA2,87
S0092,FU1,148
S0093,SCREENING,-35
S0093,SCREENING,-35
S0093,SCREENING,-35
S0093,SCREENING,-35
S0093,SCREENING,-35
S0093,SCREENING,-35
S0093,SCREENING,-35
S0093,C1D1,1
S0093,C1D1,1
S0093,C1D1,1
S0093,C1D1,1
S0093,C1D3,3
S0093,C1D8,8
S0093,C1D18,18
S0093,C2D2,23
S0093,C2D16,37
S0093,C3D5,47
S0093,C4D1,64
S0093,TA1,64
S0093,C4D5,68
S0093,C4D5,68
S0093,C4D7,70
S0093,C4D12,75
S0093,EOT,84
S0093,TA2,92
S0093,TA2,104
S0093,TA2,106
S0093,FU1,168
S0094,SCREENING,-35
S0094,SCREENING,-35
S0094,SCREENING,-35
S0094,SCREENING,-35
S0094,SCREENING,-35
S0094,SCREENING,-35
S0094,SCREENING,-35
S0094,C1D1,1
S0094,C1D1,1
S0094,C1D4,4
S0094,C1D4,4
S0094,C1D10,10
S0094,C1D15,15
S0094,C1D18,18
S0094,C1D20,20
S0094,C2D5,26
S0094,C2D10,31
S0094,C2D17,38
S0094,C3D3,45
S0094,TA1,64
S0094,EOT,84
S0094,TA2,107
S0094,FU1,168
S0095,SCREENING,-35
S0095,SCREENING,-35
S0095,SCREENING,-35
S0095,SCREENING,-35
S0095,SCREENING,-35
S0095,SCREENING,-35
S0095,SCREENING,-35
S0095,C1D1,1
S0095,C1D1,1
S0095,C1D1,1
S0095,C1D1,1
S0095,C1D1,1
S0095,C1D1,1
S0095,C1D9,9
S0095,C1D17,17
S0095,C1D19,19
S0095,C2D1,22
S0095,C2D14,35
S0095,C2D15,36
S0095,C2D17,38
S0095,C2D21,42
S0095,C3D8,50
S0095,C4D1,64
S0095,TA1,64
S0095,EOT,64
S0095,C4D4,67
S0095,TA2,86
S0095,TA2,89
S0095,TA2,89
S0095,FU1,148
S0096,SCREENING,-35
S0096,SCREENING,-35
S0096,SCREENING,-35
S0096,SCREENING,-35
S0096,SCREENING,-35
S0096,SCREENING,-35
S0096,SCREENING,-35
S0096,C1D1,1
S0096,C1D9,9
S0096,C1D9,9
S0096,C2D20,41
S0096,C3D7,49
S0096,C3D7,49
S0096,C3D7,49
S0096,C3D10,52
S0096,C3D19,61
S0096,TA1,64
S0096,EOT,64
S0096,C4D14,77
S0096,C4D21,84
S0096,TA2,93
S0096,FU1,148
S0097,SCREENING,-35
S0097,SCREENING,-35
S0097,SCREENING,-35
S0097,SCREENING,-35
S0097,SCREENING,-35
S0097,SCREENING,-35
S0097,SCREENING,-35
S0097,C1D1,1
S0097,C1D8,8
S0097,C1D8,8
S0097,C2D1,22
S0097,C3D10,52
S0097,C3D10,52
S0097,C3D19,61
S0097,C4D1,64
S0097,TA1,64
S0097,C4D15,78
S0097,C4D19,82
S0097,C4D20,83
S0097,EOT,84
S0097,TA2,85
S0097,TA2,104
S0097,TA2,104
S0097,TA2,109
S0097,TA2,114
S0097,FU1,168
S0098,SCREENING,-35
S0098,SCREENING,-35
S0098,SCREENING,-35
S0098,SCREENING,-35
S0098,SCREENING,-35
S0098,SCREENING,-35
S0098,SCREENING,-35
S0098,C1D1,1
S0098,C1D1,1
S0098,C1D1,1
S0098,C1D9,9
S0098,C1D9,9
S0098,C1D12,12
S0098,C2D11,32
S0098,C2D11,32
S0098,C3D7,49
S0098,C3D10,52
S0098,C3D10,52
S0098,C3D10,52
S0098,C3D15,57
S0098,C3D16,58
S0098,TA1,64
S0098,EOT,64
S0098,C4D14,77
S0098,FU1,148
S0098,follow-up,248
S0099,SCREENING,-35
S0099,SCREENING,-35
S0099,SCREENING,-35
S0099,SCREENING,-35
S0099,SCREENING,-35
S0099,SCREENING,-35
S0099,SCREENING,-35
S0099,C1D1,1
S0099,C1D6,6
S0099,C1D9,9
S0099,C2D3,24
S0099,C2D7,28
S0099,C2D17,38
S0099,C3D12,54
S0099,C3D12,54
S0099,C3D20,62
S0099,TA1,64
S0099,C4D11,74
S0099,C4D11,74
S0099,C4D11,74
S0099,C4D12,75
S0099,EOT,84
S0099,TA2,95
S0099,TA2,95
S0099,TA2,100
S0099,TA2,100
S0099,TA2,100
S0099,TA2,102
S0099,FU1,168
S0100,SCREENING,-35
S0100,SCREENING,-35
S0100,SCREENING,-35
S0100,SCREENING,-35
S0100,SCREENING,-35
S0100,SCREENING,-35
S0100,SCREENING,-35
S0100,C1D1,1
S0100,C1D1,1
S0100,C1D3,3
S0100,C1D3,3
S0100,C1D3,3
S0100,C1D3,3
S0100,C1D3,3
S0100,C1D7,7
S0100,C1D13,13
S0100,C1D18,18
S0100,C2D19,40
S0100,C3D3,45
S0100,C3D3,45
S0100,C3D7,49
S0100,TA1,64
S0100,C4D6,69
S0100,C4D13,76
S0100,EOT,84
S0100,FU1,168
S0101,SCREENING,-35
S0101,SCREENING,-35
S0101,SCREENING,-35
S0101,SCREENING,-35
S0101,SCREENING,-35
S0101,SCREENING,-35
S0101,SCREENING,-35
S0101,C1D1,1
S0101,C1D1,1
S0101,C1D3,3
S0101,C1D3,3
S0101,C1D8,8
S0101,C1D11,11
S0101,C1D11,11
S0101,C1D14,14
S0101,C1D15,15
S0101,C1D17,17
S0101,C2D1,22
S0101,C2D3,24
S0101,C2D3,24
S0101,C2D4,25
S0101,C2D4,25
S0101,C2D6,27
S0101,C2D7,28
S0101,C2D9,30
S0101,C2D19,40
S0101,C2D20,41
S0101,C3D2,44
S0101,C3D4,46
S0101,C3D9,51
S0101,C3D9,51
S0101,C3D13,55
S0101,C3D14,56
S0101,C3D16,58
S0101,C3D18,60
S0101,C3D21,63
S0101,TA1,64
S0101,EOT,64
S0101,C4D5,68
S0101,C4D5,68
S0101,C4D6,69
S0101,C4D6,69
S0101,C4D7,70
S0101,C4D7,70
S0101,C4D7,70
S0101,C4D9,72
S0101,C4D11,74
S0101,C4D13,76
S0101,C4D15,78
S0101,C4D17,80
S0101,TA2,87
S0101,TA2,87
S0101,TA2,87
S0101,TA2,89
S0101,TA2,93
S0101,TA2,93
S0101,TA2,93
S0101,FU1,148
S0101,follow-up,273
S0102,SCREENING,-35
S0102,SCREENING,-35
S0102,SCREENING,-35
S0102,SCREENING,-35
S0102,SCREENING,-35
S0102,SCREENING,-35
S0102,SCREENING,-35
S0102,C1D1,1
S0102,C1D1,1
S0102,C1D1,1
S0102,C1D3,3
S0102,C1D9,9
S0102,C1D11,11
S0102,C2D7,28
S0102,C2D19,40
S0102,C2D20,41
S0102,C3D1,43
S0102,C3D18,60
S0102,TA1,64
S0102,C4D5,68
S0102,C4D16,79
S0102,EOT,84
S0102,TA2,91
S0102,FU1,168
S0103,SCREENING,-35
S0103,SCREENING,-35
S0103,SCREENING,-35
S0103,SCREENING,-35
S0103,SCREENING,-35
S0103,SCREENING,-35
S0103,SCREENING,-35
S0103,C1D1,1
S0103,C1D1,1
S0103,C1D1,1
S0103,C1D21,21
S0103,C2D7,28
S0103,C3D17,59
S0103,TA1,64
S0103,C4D18,81
S0103,EOT,84
S0103,TA2,86
S0103,FU1,168
S0104,SCREENING,-35
S0104,SCREENING,-35
S0104,SCREENING,-35
S0104,SCREENING,-35
S0104,SCREENING,-35
S0104,SCREENING,-35
S0104,SCREENING,-35
S0104,C1D1,1
S0104,C1D1,1
S0104,C1D1,1
S0104,C2D4,25
S0104,C2D5,26
S0104,C2D12,33
S0104,C2D12,33
S0104,C2D17,38
S0104,C3D8,50
S0104,C3D8,50
S0104,C3D18,60
S0104,TA1,64
S0104,C4D6,69
S0104,C4D7,70
S0104,C4D18,81
S0104,EOT,84
S0104,TA2,90
S0104,TA2,90
S0104,TA2,100
S0104,FU1,168
S0105,SCREENING,-35
S0105,SCREENING,-35
S0105,SCREENING,-35
S0105,SCREENING,-35
S0105,SCREENING,-35
S0105,SCREENING,-35
S0105,SCREENING,-35
S0105,C1D1,1
S0105,C1D1,1
S0105,C1D13,13
S0105,C1D15,15
S0105,C1D15,15
S0105,C1D19,19
S0105,C1D19,19
S0105,C2D1,22
S0105,C3D15,57
S0105,TA1,64
S0105,C4D4,67
S0105,C4D11,74
S0105,EOT,84
S0105,TA2,109
S0105,FU1,168
S0106,SCREENING,-35
S0106,SCREENING,-35
S0106,SCREENING,-35
S0106,SCREENING,-35
S0106,SCREENING,-35
S0106,SCREENING,-35
S0106,SCREENING,-35
S0106,C1D1,1
S0106,C1D1,1
S0106,C1D3,3
S0106,C1D9,9
S0106,C2D4,25
S0106,C2D4,25
S0106,C2D13,34
S0106,C2D17,38
S0106,C2D18,39
S0106,C3D4,46
S0106,C3D5,47
S0106,C3D14,56
S0106,C3D14,56
S0106,C4D1,64
S0106,TA1,64
S0106,EOT,64
S0106,C4D3,66
S0106,C4D3,66
S0106,C4D13,76
S0106,C4D13,76
S0106,C4D13,76
S0106,TA2,85
S0106,FU1,148
S0107,SCREENING,-35
S0107,SCREENING,-35
S0107,SCREENING,-35
S0107,SCREENING,-35
S0107,SCREENING,-35
S0107,SCREENING,-35
S0107,SCREENING,-35
S0107,C1D1,1
S0107,C1D1,1
S0107,C1D1,1
S0107,C2D4,25
S0107,C2D14,35
S0107,C2D14,35
S0107,C3D9,51
S0107,TA1,64
S0107,EOT,64
S0107,C4D15,78
S0107,TA2,89
S0107,FU1,148
S0108,SCREENING,-35
S0108,SCREENING,-35
S0108,SCREENING,-35
S0108,SCREENING,-35
S0108,SCREENING,-35
S0108,SCREENING,-35
S0108,SCREENING,-35
S0108,C1D1,1
S0108,C2D17,38
S0108,C2D17,38
S0108,C2D19,40
S0108,TA1,64
S0108,EOT,84
S0108,TA2,88
S0108,TA2,109
S0108,TA2,114
S0108,FU1,168
S0109,SCREENING,-35
S0109,SCREENING,-35
S0109,SCREENING,-35
S0109,SCREENING,-35
S0109,SCREENING,-35
S0109,SCREENING,-35
S0109,SCREENING,-35
S0109,C1D1,1
S0109,C1D1,1
S0109,C1D13,13
S0109,C1D13,13
S0109,C1D17,17
S0109,C2D8,29
S0109,C2D12,33
S0109,C3D14,56
S0109,C3D16,58
S0109,C3D16,58
S0109,TA1,64
S0109,C4D3,66
S0109,EOT,84
S0109,TA2,96
S0109,TA2,96
S0109,TA2,104
S0109,TA2,110
S0109,FU1,168
S0110,SCREENING,-35
S0110,SCREENING,-35
S0110,SCREENING,-35
S0110,SCREENING,-35
S0110,SCREENING,-35
S0110,SCREENING,-35
S0110,SCREENING,-35
S0110,C1D1,1
S0110,C1D1,1
S0110,C1D1,1
S0110,C1D17,17
S0110,C2D12,33
S0110,C2D12,33
S0110,C2D13,34
S0110,C2D21,42
S0110,C3D1,43
S0110,C3D1,43
S0110,C3D3,45
S0110,C3D3,45
S0110,C3D13,55
S0110,C3D14,56
S0110,C3D14,56
S0110,C3D17,59
S0110,TA1,64
S0110,EOT,64
S0110,C4D4,67
S0110,C4D15,78
S0110,FU1,148
S0111,SCREENING,-35
S0111,SCREENING,-35
S0111,SCREENING,-35
S0111,SCREENING,-35
S0111,SCREENING,-35
S0111,SCREENING,-35
S0111,SCREENING,-35
S0111,C1D1,1
S0111,C1D1,1
S0111,C1D1,1
S0111,TA1,64
S0111,EOT,84
S0111,FU1,168
S0112,SCREENING,-35
S0112,SCREENING,-35
S0112,SCREENING,-35
S0112,SCREENING,-35
S0112,SCREENING,-35
S0112,SCREENING,-35
S0112,SCREENING,-35
S0112,C1D1,1
S0112,C1D1,1
S0112,C1D15,15
S0112,C3D18,60
S0112,TA1,64
S0112,C4D14,77
S0112,EOT,84
S0112,TA2,86
S0112,TA2,86
S0112,TA2,97
S0112,TA2,97
S0112,FU1,168
S0113,SCREENING,-35
S0113,SCREENING,-35
S0113,SCREENING,-35
S0113,SCREENING,-35
S0113,SCREENING,-35
S0113,SCREENING,-35
S0113,SCREENING,-35
S0113,C1D1,1
S0113,C1D1,1
S0113,C1D1,1
S0113,C1D6,6
S0113,C1D10,10
S0113,C1D10,10
S0113,C2D8,29
S0113,C2D8,29
S0113,C2D8,29
S0113,TA1,64
S0113,EOT,64
S0113,C4D2,65
S0113,C4D13,76
S0113,C4D16,79
S0113,FU1,148
S0114,SCREENING,-35
S0114,SCREENING,-35
S0114,SCREENING,-35
S0114,SCREENING,-35
S0114,SCREENING,-35
S0114,SCREENING,-35
S0114,SCREENING,-35
S0114,C1D1,1
S0114,C1D1,1
S0114,C1D15,15
S0114,C2D20,41
S0114,C3D1,43
S0114,C3D1,43
S0114,C3D4,46
S0114,C3D15,57
S0114,C3D19,61
S0114,C3D20,62
S0114,TA1,64
S0114,C4D3,66
S0114,EOT,84
S0114,TA2,89
S0114,TA2,89
S0114,TA2,114
S0114,FU1,168
S0115,SCREENING,-35
S0115,SCREENING,-35
S0115,SCREENING,-35
S0115,SCREENING,-35
S0115,SCREENING,-35
S0115,SCREENING,-35
S0115,SCREENING,-35
S0115,C1D1,1
S0115,C1D6,6
S0115,C1D6,6
S0115,C1D6,6
S0115,C1D6,6
S0115,C2D4,25
S0115,C2D4,25
S0115,C2D5,26
S0115,C2D13,34
S0115,C2D17,38
S0115,C3D6,48
S0115,C3D13,55
S0115,C3D17,59
S0115,TA1,64
S0115,EOT,64
S0115,C4D2,65
S0115,C4D3,66
S0115,C4D12,75
S0115,FU1,148
S0116,SCREENING,-35
S0116,SCREENING,-35
S0116,SCREENING,-35
S0116,SCREENING,-35
S0116,SCREENING,-35
S0116,SCREENING,-35
S0116,SCREENING,-35
S0116,C1D1,1
S0116,C1D1,1
S0116,C1D1,1
S0116,C1D3,3
S0116,C1D4,4
S0116,C1D4,4
S0116,C1D5,5
S0116,C1D7,7
S0116,C1D8,8
S0116,C1D16,16
S0116,C1D16,16
S0116,C1D16,16
S0116,C1D21,21
S0116,C2D2,23
S0116,C2D2,23
S0116,C2D3,24
S0116,C2D5,26
S0116,C2D5,26
S0116,C2D10,31
S0116,C2D15,36
S0116,C3D15,57
S0116,C3D15,57
S0116,C3D15,57
S0116,C3D15,57
S0116,C3D15,57
S0116,C3D20,62
S0116,TA1,64
S0116,C4D4,67
S0116,C4D19,82
S0116,EOT,84
S0116,TA2,87
S0116,TA2,87
S0116,TA2,89
S0116,TA2,89
S0116,TA2,91
S0116,TA2,98
S0116,TA2,101
S0116,TA2,101
S0116,TA2,103
S0116,TA2,105
S0116,TA2,108
S0116,TA2,110
S0116,TA2,111
S0116,FU1,168
S0117,SCREENING,-35
S0117,SCREENING,-35
S0117,SCREENING,-35
S0117,SCREENING,-35
S0117,SCREENING,-35
S0117,SCREENING,-35
S0117,SCREENING,-35
S0117,C1D1,1
S0117,C1D1,1
S0117,C1D1,1
S0117,C1D4,4
S0117,C1D4,4
S0117,C1D8,8
S0117,C1D19,19
S0117,C2D4,25
S0117,C2D7,28
S0117,C2D7,28
S0117,C2D16,37
S0117,C2D20,41
S0117,C2D20,41
S0117,EOT,47
S0118,SCREENING,-35
S0118,SCREENING,-35
S0118,SCREENING,-35
S0118,SCREENING,-35
S0118,SCREENING,-35
S0118,SCREENING,-35
S0118,SCREENING,-35
S0118,C1D1,1
S0118,C1D1,1
S0118,C1D1,1
S0118,C1D11,11
S0118,C1D18,18
S0118,C1D18,18
S0118,C1D20,20
S0118,C1D21,21
S0118,C2D7,28
S0118,C2D10,31
S0118,C2D20,41
S0118,C3D12,54
S0118,C3D14,56
S0118,C3D20,62
S0118,C3D21,63
S0118,TA1,64
S0118,EOT,69
S0118,C4D7,70
S0118,C4D8,71
S0118,TA2,85
S0118,FU1,153
S0119,SCREENING,-35
S0119,SCREENING,-35
S0119,SCREENING,-35
S0119,SCREENING,-35
S0119,SCREENING,-35
S0119,SCREENING,-35
S0119,SCREENING,-35
S0119,C1D1,1
S0119,C1D1,1
S0119,C2D4,25
S0119,C2D4,25
S0119,C3D6,48
S0119,TA1,64
S0119,C4D5,68
S0119,C4D18,81
S0119,EOT,84
S0119,TA2,95
S0119,TA2,108
S0119,TA2,108
S0119,FU1,168
S0120,SCREENING,-35
S0120,SCREENING,-35
S0120,SCREENING,-35
S0120,SCREENING,-35
S0120,SCREENING,-35
S0120,SCREENING,-35
S0120,SCREENING,-35
S0120,C1D1,1
S0120,C1D1,1
S0120,C1D1,1
S0120,C1D1,1
S0120,C1D11,11
S0120,C2D3,24
S0120,C2D15,36
S0120,C2D15,36
S0120,C3D3,45
S0120,C3D7,49
S0120,C3D14,56
S0120,C3D14,56
S0120,C3D16,58
S0120,C3D19,61
S0120,C3D20,62
S0120,EOT,63
S0120,TA1,64
S0120,C4D20,83
S0120,TA2,89
S0120,TA2,90
S0120,FU1,147
S0121,SCREENING,-35
S0121,SCREENING,-35
S0121,SCREENING,-35
S0121,SCREENING,-35
S0121,SCREENING,-35
S0121,SCREENING,-35
S0121,SCREENING,-35
S0121,C1D1,1
S0121,C1D1,1
S0121,C1D15,15
S0121,C1D15,15
S0121,C1D21,21
S0121,C3D16,58
S0121,TA1,64
S0121,EOT,64
S0121,C4D15,78
S0121,C4D21,84
S0121,C4D21,84
S0121,C4D21,84
S0121,FU1,148
S0122,SCREENING,-35
S0122,SCREENING,-35
S0122,SCREENING,-35
S0122,SCREENING,-35
S0122,SCREENING,-35
S0122,SCREENING,-35
S0122,SCREENING,-35
S0122,C1D1,1
S0122,C1D1,1
S0122,C1D1,1
S0122,C1D3,3
S0122,TA1,64
S0122,EOT,84
S0122,TA2,101
S0122,TA2,101
S0122,FU1,168
S0123,SCREENING,-35
S0123,SCREENING,-35
S0123,SCREENING,-35
S0123,SCREENING,-35
S0123,SCREENING,-35
S0123,SCREENING,-35
S0123,SCREENING,-35
S0123,C1D1,1
S0123,C1D18,18
S0123,C2D1,22
S0123,C2D10,31
S0123,C2D12,33
S0123,C2D19,40
S0123,C2D19,40
S0123,C3D4,46
S0123,C3D6,48
S0123,C3D8,50
S0123,C3D9,51
S0123,C3D9,51
S0123,C3D18,60
S0123,C3D19,61
S0123,C3D20,62
S0123,TA1,64
S0123,EOT,64
S0123,C4D3,66
S0123,C4D19,82
S0123,FU1,148
S0124,SCREENING,-35
S0124,SCREENING,-35
S0124,SCREENING,-35
S0124,SCREENING,-35
S0124,SCREENING,-35
S0124,SCREENING,-35
S0124,SCREENING,-35
S0124,C1D1,1
S0124,C1D1,1
S0124,C1D10,10
S0124,C1D10,10
S0124,C1D21,21
S0124,C1D21,21
S0124,C2D1,22
S0124,C2D3,24
S0124,C3D21,63
S0124,TA1,64
S0124,EOT,84
S0124,TA2,89
S0124,TA2,100
S0124,TA2,103
S0124,TA2,111
S0124,FU1,168
S0125,SCREENING,-35
S0125,SCREENING,-35
S0125,SCREENING,-35
S0125,SCREENING,-35
S0125,SCREENING,-35
S0125,SCREENING,-35
S0125,SCREENING,-35
S0125,C1D1,1
S0125,C1D1,1
S0125,C2D5,26
S0125,C2D5,26
S0125,C2D13,34
S0125,C2D13,34
S0125,C2D16,37
S0125,C2D17,38
S0125,C2D18,39
S0125,C3D11,53
S0125,C4D1,64
S0125,TA1,64
S0125,C4D12,75
S0125,EOT,84
S0125,TA2,91
S0125,TA2,91
S0125,FU1,168
S0126,SCREENING,-35
S0126,SCREENING,-35
S0126,SCREENING,-35
S0126,SCREENING,-35
S0126,SCREENING,-35
S0126,SCREENING,-35
S0126,SCREENING,-35
S0126,C1D1,1
S0126,C1D1,1
S0126,C1D2,2
S0126,C1D10,10
S0126,C1D11,11
S0126,C1D12,12
S0126,C1D12,12
S0126,C1D17,17
S0126,C1D17,17
S0126,C1D21,21
S0126,C2D5,26
S0126,C2D8,29
S0126,C2D20,41
S0126,C3D10,52
S0126,C3D20,62
S0126,C3D20,62
S0126,C3D20,62
S0126,TA1,64
S0126,EOT,64
S0126,C4D6,69
S0126,C4D7,70
S0126,C4D16,79
S0126,C4D19,82
S0126,C4D20,83
S0126,TA2,87
S0126,TA2,90
S0126,TA2,90
S0126,TA2,92
S0126,FU1,148
S0127,SCREENING,-35
S0127,SCREENING,-35
S0127,SCREENING,-35
S0127,SCREENING,-35
S0127,SCREENING,-35
S0127,SCREENING,-35
S0127,SCREENING,-35
S0127,C1D1,1
S0127,C1D1,1
S0127,C1D1,1
S0127,C2D1,22
S0127,TA1,64
S0127,EOT,64
S0127,C4D7,70
S0127,C4D7,70
S0127,FU1,148
S0128,SCREENING,-35
S0128,SCREENING,-35
S0128,SCREENING,-35
S0128,SCREENING,-35
S0128,SCREENING,-35
S0128,SCREENING,-35
S0128,SCREENING,-35
S0128,C1D1,1
S0128,C1D1,1
S0128,C1D1,1
S0128,C1D7,7
S0128,C2D11,32
S0128,C2D11,32
S0128,C3D4,46
S0128,C3D17,59
S0128,C3D21,63
S0128,TA1,64
S0128,C4D21,84
S0128,EOT,84
S0128,TA2,99
S0128,TA2,104
S0128,FU1,168
S0129,SCREENING,-35
S0129,SCREENING,-35
S0129,SCREENING,-35
S0129,SCREENING,-35
S0129,SCREENING,-35
S0129,SCREENING,-35
S0129,SCREENING,-35
S0129,C1D1,1
S0129,C1D5,5
S0129,C1D17,17
S0129,C2D9,30
S0129,C2D9,30
S0129,C2D17,38
S0129,C3D2,44
S0129,C3D3,45
S0129,C3D13,55
S0129,C3D13,55
S0129,C3D14,56
S0129,C3D19,61
S0129,TA1,64
S0129,C4D7,70
S0129,C4D7,70
S0129,EOT,84
S0129,TA2,86
S0129,TA2,96
S0129,TA2,98
S0129,TA2,105
S0129,TA2,106
S0129,FU1,168
S0130,SCREENING,-35
S0130,SCREENING,-35
S0130,SCREENING,-35
S0130,SCREENING,-35
S0130,SCREENING,-35
S0130,SCREENING,-35
S0130,SCREENING,-35
S0130,C1D1,1
S0130,C1D1,1
S0130,C1D1,1
S0130,C1D2,2
S0130,C1D8,8
S0130,C1D8,8
S0130,C1D17,17
S0130,C1D17,17
S0130,C2D4,25
S0130,C2D7,28
S0130,C2D10,31
S0130,C2D11,32
S0130,C2D11,32
S0130,C2D11,32
S0130,C2D11,32
S0130,C2D12,33
S0130,C2D17,38
S0130,C3D3,45
S0130,C3D13,55
S0130,C3D17,59
S0130,C3D17,59
S0130,C3D19,61
S0130,TA1,64
S0130,C4D10,73
S0130,C4D19,82
S0130,EOT,84
S0130,TA2,89
S0130,TA2,103
S0130,TA2,113
S0130,FU1,168
S0131,SCREENING,-35
S0131,SCREENING,-35
S0131,SCREENING,-35
S0131,SCREENING,-35
S0131,SCREENING,-35
S0131,SCREENING,-35
S0131,SCREENING,-35
S0131,C1D1,1
S0131,C1D1,1
S0131,C1D1,1
S0131,C1D9,9
S0131,C1D11,11
S0131,C1D20,20
S0131,C2D1,22
S0131,C2D15,36
S0131,C3D1,43
S0131,C3D12,54
S0131,C3D20,62
S0131,C3D20,62
S0131,TA1,64
S0131,EOT,84
S0131,TA2,88
S0131,TA2,104
S0131,TA2,104
S0131,FU1,168
S0132,SCREENING,-35
S0132,SCREENING,-35
S0132,SCREENING,-35
S0132,SCREENING,-35
S0132,SCREENING,-35
S0132,SCREENING,-35
S0132,SCREENING,-35
S0132,C1D1,1
S0132,TA1,64
S0132,EOT,84
S0132,FU1,168
S0133,SCREENING,-35
S0133,SCREENING,-35
S0133,SCREENING,-35
S0133,SCREENING,-35
S0133,SCREENING,-35
S0133,SCREENING,-35
S0133,SCREENING,-35
S0133,C1D1,1
S0133,C1D1,1
S0133,C1D1,1
S0133,C1D3,3
S0133,C1D9,9
S0133,C1D9,9
S0133,C1D13,13
S0133,C1D15,15
S0133,C1D15,15
S0133,C2D11,32
S0133,C3D3,45
S0133,C3D11,53
S0133,TA1,64
S0133,C4D8,71
S0133,C4D8,71
S0133,EOT,84
S0133,TA2,99
S0133,TA2,99
S0133,FU1,168
S0134,SCREENING,-35
S0134,SCREENING,-35
S0134,SCREENING,-35
S0134,SCREENING,-35
S0134,SCREENING,-35
S0134,SCREENING,-35
S0134,SCREENING,-35
S0134,C1D1,1
S0134,C1D1,1
S0134,C1D1,1
S0134,C1D15,15
S0134,C2D9,30
S0134,C2D16,37
S0134,C3D9,51
S0134,TA1,64
S0134,C4D3,66
S0134,C4D6,69
S0134,C4D7,70
S0134,C4D11,74
S0134,C4D21,84
S0134,EOT,84
S0134,TA2,85
S0134,TA2,87
S0134,TA2,98
S0134,TA2,101
S0134,TA2,109
S0134,FU1,168
S0134,follow-up,206
S0135,SCREENING,-35
S0135,SCREENING,-35
S0135,SCREENING,-35
S0135,SCREENING,-35
S0135,SCREENING,-35
S0135,SCREENING,-35
S0135,SCREENING,-35
S0135,C1D1,1
S0135,C1D1,1
S0135,C1D1,1
S0135,C3D13,55
S0135,TA1,64
S0135,C4D10,73
S0135,EOT,84
S0135,TA2,103
S0135,TA2,103
S0135,FU1,168
S0136,SCREENING,-35
S0136,SCREENING,-35
S0136,SCREENING,-35
S0136,SCREENING,-35
S0136,SCREENING,-35
S0136,SCREENING,-35
S0136,SCREENING,-35
S0136,C1D1,1
S0136,C1D1,1
S0136,C1D1,1
S0136,C3D15,57
S0136,TA1,64
S0136,C4D18,81
S0136,C4D21,84
S0136,C4D21,84
S0136,EOT,84
S0136,FU1,168
S0137,SCREENING,-35
S0137,SCREENING,-35
S0137,SCREENING,-35
S0137,SCREENING,-35
S0137,SCREENING,-35
S0137,SCREENING,-35
S0137,SCREENING,-35
S0137,C1D1,1
S0137,C1D1,1
S0137,C1D1,1
S0137,C1D1,1
S0137,C1D8,8
S0137,C1D12,12
S0137,C1D13,13
S0137,C1D17,17
S0137,C2D16,37
S0137,C2D21,42
S0137,C3D3,45
S0137,C3D9,51
S0137,C3D10,52
S0137,C3D10,52
S0137,EOT,55
S0137,C3D16,58
S0137,C3D18,60
S0137,C4D3,66
S0137,C4D3,66
S0137,C4D10,73
S0137,C4D14,77
S0137,C4D17,80
S0137,FU1,139
S0138,SCREENING,-35
S0138,SCREENING,-35
S0138,SCREENING,-35
S0138,SCREENING,-35
S0138,SCREENING,-35
S0138,SCREENING,-35
S0138,SCREENING,-35
S0138,C1D1,1
S0138,C1D1,1
S0138,C1D1,1
S0138,C1D3,3
S0138,C1D3,3
S0138,TA1,64
S0138,EOT,84
S0138,FU1,168
S0139,SCREENING,-35
S0139,SCREENING,-35
S0139,SCREENING,-35
S0139,SCREENING,-35
S0139,SCREENING,-35
S0139,SCREENING,-35
S0139,SCREENING,-35
S0139,C1D1,1
S0139,C1D4,4
S0139,C3D11,53
S0139,C3D11,53
S0139,TA1,64
S0139,EOT,64
S0139,C4D6,69
S0139,C4D17,80
S0139,TA2,85
S0139,FU1,148
S0140,SCREENING,-35
S0140,SCREENING,-35
S0140,SCREENING,-35
S0140,SCREENING,-35
S0140,SCREENING,-35
S0140,SCREENING,-35
S0140,SCREENING,-35
S0140,C1D1,1
S0140,C1D1,1
S0140,C1D3,3
S0140,C1D3,3
S0140,C1D11,11
S0140,C1D11,11
S0140,C1D18,18
S0140,C2D2,23
S0140,C2D6,27
S0140,C2D6,27
S0140,C2D10,31
S0140,C2D17,38
S0140,C2D17,38
S0140,C3D9,51
S0140,TA1,64
S0140,C4D8,71
S0140,C4D21,84
S0140,EOT,84
S0140,TA2,97
S0140,TA2,97
S0140,TA2,100
S0140,TA2,114
S0140,FU1,168
S0141,SCREENING,-35
S0141,SCREENING,-35
S0141,SCREENING,-35
S0141,SCREENING,-35
S0141,SCREENING,-35
S0141,SCREENING,-35
S0141,SCREENING,-35
S0141,C1D1,1
S0141,C1D1,1
S0141,C1D2,2
S0141,C1D2,2
S0141,C1D7,7
S0141,C1D11,11
S0141,C1D12,12
S0141,C1D16,16
S0141,C2D1,22
S0141,C2D1,22
S0141,C2D2,23
S0141,C2D10,31
S0141,C2D10,31
S0141,C2D12,33
S0141,C2D18,39
S0141,TA1,64
S0141,EOT,64
S0141,C4D4,67
S0141,C4D16,79
S0141,C4D21,84
S0141,TA2,85
S0141,TA2,90
S0141,FU1,148
S0142,SCREENING,-35
S0142,SCREENING,-35
S0142,SCREENING,-35
S0142,SCREENING,-35
S0142,SCREENING,-35
S0142,SCREENING,-35
S0142,SCREENING,-35
S0142,C1D1,1
S0142,C1D2,2
S0142,C1D10,10
S0142,C1D13,13
S0142,C1D18,18
S0142,C2D6,27
S0142,C2D6,27
S0142,C2D11,32
S0142,C2D11,32
S0142,C2D14,35
S0142,C2D14,35
S0142,C2D16,37
S0142,C2D17,38
S0142,C2D19,40
S0142,TA1,64
S0142,C4D5,68
S0142,C4D9,72
S0142,C4D10,73
S0142,C4D13,76
S0142,EOT,84
S0142,TA2,87
S0142,TA2,95
S0142,TA2,104
S0142,TA2,106
S0142,TA2,106
S0142,FU1,168
S0143,SCREENING,-35
S0143,SCREENING,-35
S0143,SCREENING,-35
S0143,SCREENING,-35
S0143,SCREENING,-35
S0143,SCREENING,-35
S0143,SCREENING,-35
S0143,C1D1,1
S0143,C1D1,1
S0143,C1D2,2
S0143,EOT,12
S0143,C1D13,13
S0143,C2D3,24
S0143,C2D6,27
S0143,C2D13,34
S0143,C2D21,42
S0143,C2D21,42
S0143,FU1,96
S0144,SCREENING,-35
S0144,SCREENING,-35
S0144,SCREENING,-35
S0144,SCREENING,-35
S0144,SCREENING,-35
S0144,SCREENING,-35
S0144,SCREENING,-35
S0144,C1D1,1
S0144,C1D17,17
S0144,C1D17,17
S0144,C2D3,24
S0144,C2D3,24
S0144,C2D12,33
S0144,C2D14,35
S0144,C2D19,40
S0144,C3D8,50
S0144,C3D12,54
S0144,C3D12,54
S0144,TA1,64
S0144,EOT,64
S0144,C4D2,65
S0144,C4D4,67
S0144,C4D5,68
S0144,C4D12,75
S0144,C4D16,79
S0144,TA2,86
S0144,TA2,92
S0144,TA2,94
S0144,FU1,148
S0145,SCREENING,-35
S0145,SCREENING,-35
S0145,SCREENING,-35
S0145,SCREENING,-35
S0145,SCREENING,-35
S0145,SCREENING,-35
S0145,SCREENING,-35
S0145,C1D1,1
S0145,C1D1,1
S0145,C1D1,1
S0145,C1D3,3
S0145,C1D4,4
S0145,C1D6,6
S0145,C1D7,7
S0145,C1D10,10
S0145,C1D12,12
S0145,C1D21,21
S0145,C2D1,22
S0145,C2D7,28
S0145,C2D19,40
S0145,C3D6,48
S0145,C3D13,55
S0145,C3D13,55
S0145,C3D14,56
S0145,TA1,64
S0145,C4D3,66
S0145,EOT,84
S0145,TA2,91
S0145,TA2,103
S0145,TA2,113
S0145,FU1,168
S0146,SCREENING,-35
S0146,SCREENING,-35
S0146,SCREENING,-35
S0146,SCREENING,-35
S0146,SCREENING,-35
S0146,SCREENING,-35
S0146,SCREENING,-35
S0146,C1D1,1
S0146,C1D1,1
S0146,C2D3,24
S0146,C2D3,24
S0146,C2D5,26
S0146,C2D5,26
S0146,C2D7,28
S0146,C3D1,43
S0146,C3D1,43
S0146,C3D1,43
S0146,C3D1,43
S0146,C3D16,58
S0146,C4D1,64
S0146,C4D1,64
S0146,TA1,64
S0146,EOT,64
S0146,C4D16,79
S0146,TA2,88
S0146,TA2,89
S0146,FU1,148
S0147,SCREENING,-35
S0147,SCREENING,-35
S0147,SCREENING,-35
S0147,SCREENING,-35
S0147,SCREENING,-35
S0147,SCREENING,-35
S0147,SCREENING,-35
S0147,C1D1,1
S0147,C1D1,1
S0147,C1D1,1
S0147,C1D13,13
S0147,C2D17,38
S0147,C3D21,63
S0147,TA1,64
S0147,EOT,64
S0147,C4D9,72
S0147,C4D9,72
S0147,FU1,148
S0147,follow-up,359
S0148,SCREENING,-35
S0148,SCREENING,-35
S0148,SCREENING,-35
S0148,SCREENING,-35
S0148,SCREENING,-35
S0148,SCREENING,-35
S0148,SCREENING,-35
S0148,C1D1,1
S0148,C1D1,1
S0148,C1D12,12
S0148,C2D6,27
S0148,C2D12,33
S0148,C2D15,36
S0148,C3D4,46
S0148,C3D7,49
S0148,TA1,64
S0148,C4D8,71
S0148,C4D10,73
S0148,C4D11,74
S0148,C4D13,76
S0148,EOT,84
S0148,TA2,87
S0148,TA2,87
S0148,TA2,101
S0148,TA2,103
S0148,TA2,103
S0148,TA2,107
S0148,TA2,107
S0148,FU1,168
S0149,SCREENING,-35
S0149,SCREENING,-35
S0149,SCREENING,-35
S0149,SCREENING,-35
S0149,SCREENING,-35
S0149,SCREENING,-35
S0149,SCREENING,-35
S0149,C1D1,1
S0149,C1D3,3
S0149,C1D3,3
S0149,C1D18,18
S0149,C3D8,50
S0149,C3D8,50
S0149,TA1,64
S0149,C4D14,77
S0149,C4D15,78
S0149,EOT,84
S0149,TA2,107
S0149,TA2,107
S0149,TA2,114
S0149,FU1,168
S0150,SCREENING,-35
S0150,SCREENING,-35
S0150,SCREENING,-35
S0150,SCREENING,-35
S0150,SCREENING,-35
S0150,SCREENING,-35
S0150,SCREENING,-35
S0150,C1D1,1
S0150,C1D1,1
S0150,C1D1,1
S0150,TA1,64
S0150,C4D9,72
S0150,C4D9,72
S0150,EOT,84
S0150,TA2,90
S0150,TA2,99
S0150,TA2,105
S0150,FU1,168
S0151,SCREENING,-35
S0151,SCREENING,-35
S0151,SCREENING,-35
S0151,SCREENING,-35
S0151,SCREENING,-35
S0151,SCREENING,-35
S0151,SCREENING,-35
S0151,C1D1,1
S0151,C1D1,1
S0151,C1D1,1
S0151,C1D1,1
S0151,C1D1,1
S0151,C1D5,5
S0151,C1D13,13
S0151,C1D14,14
S0151,C1D14,14
S0151,C2D1,22
S0151,C2D13,34
S0151,C2D14,35
S0151,C2D15,36
S0151,C2D16,37
S0151,C2D16,37
S0151,C2D16,37
S0151,TA1,64
S0151,EOT,64
S0151,TA2,87
S0151,TA2,87
S0151,TA2,87
S0151,FU1,148
S0152,SCREENING,-35
S0152,SCREENING,-35
S0152,SCREENING,-35
S0152,SCREENING,-35
S0152,SCREENING,-35
S0152,SCREENING,-35
S0152,SCREENING,-35
S0152,C1D1,1
S0152,C1D1,1
S0152,C1D1,1
S0152,C1D4,4
S0152,C1D9,9
S0152,C1D9,9
S0152,C1D16,16
S0152,C1D17,17
S0152,C1D17,17
S0152,C1D19,19
S0152,C2D2,23
S0152,C2D13,34
S0152,C3D10,52
S0152,C3D10,52
S0152,C3D10,52
S0152,C3D13,55
S0152,TA1,64
S0152,EOT,64
S0152,C4D21,84
S0152,FU1,148
S0153,SCREENING,-35
S0153,SCREENING,-35
S0153,SCREENING,-35
S0153,SCREENING,-35
S0153,SCREENING,-35
S0153,SCREENING,-35
S0153,SCREENING,-35
S0153,C1D1,1
S0153,C1D1,1
S0153,C2D9,30
S0153,C3D4,46
S0153,C3D9,51
S0153,TA1,64
S0153,C4D4,67
S0153,C4D4,67
S0153,C4D7,70
S0153,C4D13,76
S0153,C4D13,76
S0153,EOT,84
S0153,TA2,86
S0153,TA2,86
S0153,TA2,87
S0153,TA2,89
S0153,TA2,99
S0153,TA2,109
S0153,FU1,168
S0154,SCREENING,-35
S0154,SCREENING,-35
S0154,SCREENING,-35
S0154,SCREENING,-35
S0154,SCREENING,-35
S0154,SCREENING,-35
S0154,SCREENING,-35
S0154,C1D1,1
S0154,C1D1,1
S0154,C1D1,1
S0154,C1D2,2
S0154,C1D9,9
S0154,C1D12,12
S0154,C1D15,15
S0154,C1D16,16
S0154,C1D17,17
S0154,C1D19,19
S0154,C2D1,22
S0154,C2D2,23
S0154,C2D4,25
S0154,C2D4,25
S0154,C2D5,26
S0154,EOT,26
S0154,C2D6,27
S0154,C2D7,28
S0154,C2D10,31
S0154,C2D10,31
S0154,C2D15,36
S0154,C2D17,38
S0154,C2D17,38
S0154,C2D18,39
S0154,C3D1,43
S0154,C3D3,45
S0154,C3D5,47
S0154,C3D6,48
S0154,C3D7,49
S0154,C3D7,49
S0154,C3D13,55
S0154,FU1,110
S0155,SCREENING,-35
S0155,SCREENING,-35
S0155,SCREENING,-35
S0155,SCREENING,-35
S0155,SCREENING,-35
S0155,SCREENING,-35
S0155,SCREENING,-35
S0155,C1D1,1
S0155,C1D1,1
S0155,C1D1,1
S0155,C1D10,10
S0155,C2D11,32
S0155,C2D11,32
S0155,C2D19,40
S0155,C3D8,50
S0155,C3D16,58
S0155,C3D16,58
S0155,C3D20,62
S0155,C4D1,64
S0155,TA1,64
S0155,EOT,64
S0155,C4D6,69
S0155,C4D12,75
S0155,C4D20,83
S0155,TA2,91
S0155,FU1,148
S0156,SCREENING,-35
S0156,SCREENING,-35
S0156,SCREENING,-35
S0156,SCREENING,-35
S0156,SCREENING,-35
S0156,SCREENING,-35
S0156,SCREENING,-35
S0156,C1D1,1
S0156,C1D1,1
S0156,C1D3,3
S0156,C1D13,13
S0156,C1D13,13
S0156,C1D15,15
S0156,C2D2,23
S0156,C2D13,34
S0156,C2D13,34
S0156,C4D1,64
S0156,TA1,64
S0156,EOT,64
S0156,C4D2,65
S0156,C4D4,67
S0156,C4D7,70
S0156,C4D16,79
S0156,TA2,86
S0156,TA2,92
S0156,FU1,148
S0157,SCREENING,-35
S0157,SCREENING,-35
S0157,SCREENING,-35
S0157,SCREENING,-35
S0157,SCREENING,-35
S0157,SCREENING,-35
S0157,SCREENING,-35
S0157,C1D1,1
S0157,C1D1,1
S0157,C1D3,3
S0157,C1D4,4
S0157,C1D15,15
S0157,C1D17,17
S0157,C1D18,18
S0157,C2D19,40
S0157,C3D7,49
S0157,C3D14,56
S0157,TA1,64
S0157,EOT,64
S0157,C4D15,78
S0157,TA2,90
S0157,FU1,148
S0158,SCREENING,-35
S0158,SCREENING,-35
S0158,SCREENING,-35
S0158,SCREENING,-35
S0158,SCREENING,-35
S0158,SCREENING,-35
S0158,SCREENING,-35
S0158,C1D1,1
S0158,C1D1,1
S0158,C1D1,1
S0158,C2D5,26
S0158,C3D11,53
S0158,TA1,64
S0158,EOT,84
S0158,FU1,168
S0159,SCREENING,-35
S0159,SCREENING,-35
S0159,SCREENING,-35
S0159,SCREENING,-35
S0159,SCREENING,-35
S0159,SCREENING,-35
S0159,SCREENING,-35
S0159,C1D1,1
S0159,C1D1,1
S0159,C1D1,1
S0159,C1D6,6
S0159,C1D10,10
S0159,C2D15,36
S0159,C2D17,38
S0159,C2D19,40
S0159,C3D5,47
S0159,C3D17,59
S0159,C3D21,63
S0159,TA1,64
S0159,C4D4,67
S0159,C4D4,67
S0159,EOT,84
S0159,TA2,85
S0159,TA2,87
S0159,TA2,98
S0159,TA2,98
S0159,TA2,104
S0159,TA2,111
S0159,FU1,168
S0160,SCREENING,-35
S0160,SCREENING,-35
S0160,SCREENING,-35
S0160,SCREENING,-35
S0160,SCREENING,-35
S0160,SCREENING,-35
S0160,SCREENING,-35
S0160,C1D1,1
S0160,C1D6,6
S0160,C1D7,7
S0160,C1D12,12
S0160,C1D12,12
S0160,C2D9,30
S0160,C2D11,32
S0160,C3D1,43
S0160,C3D8,50
S0160,C3D10,52
S0160,TA1,64
S0160,EOT,84
S0160,FU1,168
S0161,SCREENING,-35
S0161,SCREENING,-35
S0161,SCREENING,-35
S0161,SCREENING,-35
S0161,SCREENING,-35
S0161,SCREENING,-35
S0161,SCREENING,-35
S0161,C1D1,1
S0161,C1D1,1
S0161,C1D1,1
S0161,C1D1,1
S0161,C1D2,2
S0161,C1D6,6
S0161,C1D10,10
S0161,C1D11,11
S0161,C2D1,22
S0161,C2D4,25
S0161,C2D6,27
S0161,C2D6,27
S0161,C2D7,28
S0161,C2D12,33
S0161,C2D17,38
S0161,C2D17,38
S0161,C3D1,43
S0161,C3D1,43
S0161,C3D2,44
S0161,C3D8,50
S0161,C3D8,50
S0161,C3D18,60
S0161,C3D18,60
S0161,C4D1,64
S0161,TA1,64
S0161,EOT,64
S0161,C4D12,75
S0161,C4D14,77
S0161,C4D15,78
S0161,C4D15,78
S0161,C4D18,81
S0161,TA2,91
S0161,FU1,148
S0162,SCREENING,-35
S0162,SCREENING,-35
S0162,SCREENING,-35
S0162,SCREENING,-35
S0162,SCREENING,-35
S0162,SCREENING,-35
S0162,SCREENING,-35
S0162,C1D1,1
S0162,C1D1,1
S0162,C1D1,1
S0162,C1D7,7
S0162,C1D12,12
S0162,C2D9,30
S0162,C2D14,35
S0162,C3D9,51
S0162,C3D13,55
S0162,C3D17,59
S0162,TA1,64
S0162,EOT,64
S0162,C4D4,67
S0162,C4D4,67
S0162,C4D9,72
S0162,C4D14,77
S0162,TA2,85
S0162,TA2,92
S0162,FU1,148
S0163,SCREENING,-35
S0163,SCREENING,-35
S0163,SCREENING,-35
S0163,SCREENING,-35
S0163,SCREENING,-35
S0163,SCREENING,-35
S0163,SCREENING,-35
S0163,C1D1,1
S0163,C1D1,1
S0163,C1D1,1
S0163,C2D16,37
S0163,C2D18,39
S0163,C2D20,41
S0163,C3D4,46
S0163,C3D4,46
S0163,C3D9,51
S0163,C3D11,53
S0163,TA1,64
S0163,C4D13,76
S0163,C4D20,83
S0163,EOT,84
S0163,TA2,104
S0163,TA2,104
S0163,TA2,104
S0163,FU1,168
S0164,SCREENING,-35
S0164,SCREENING,-35
S0164,SCREENING,-35
S0164,SCREENING,-35
S0164,SCREENING,-35
S0164,SCREENING,-35
S0164,SCREENING,-35
S0164,C1D1,1
S0164,C2D7,28
S0164,C2D7,28
S0164,C2D14,35
S0164,C3D3,45
S0164,C3D3,45
S0164,C3D5,47
S0164,C3D11,53
S0164,C3D11,53
S0164,TA1,64
S0164,EOT,84
S0164,TA2,89
S0164,TA2,91
S0164,TA2,106
S0164,TA2,113
S0164,FU1,168
S0165,SCREENING,-35
S0165,SCREENING,-35
S0165,SCREENING,-35
S0165,SCREENING,-35
S0165,SCREENING,-35
S0165,SCREENING,-35
S0165,SCREENING,-35
S0165,C1D1,1
S0165,C1D1,1
S0165,C1D1,1
S0165,C2D3,24
S0165,C2D3,24
S0165,TA1,64
S0165,EOT,64
S0165,FU1,148
S0166,SCREENING,-35
S0166,SCREENING,-35
S0166,SCREENING,-35
S0166,SCREENING,-35
S0166,SCREENING,-35
S0166,SCREENING,-35
S0166,SCREENING,-35
S0166,C1D1,1
S0166,C1D21,21
S0166,C2D7,28
S0166,C2D16,37
S0166,C3D9,51
S0166,C3D12,54
S0166,C4D1,64
S0166,TA1,64
S0166,C4D14,77
S0166,C4D15,78
S0166,C4D18,81
S0166,C4D18,81
S0166,EOT,84
S0166,TA2,95
S0166,TA2,106
S0166,FU1,168
S0167,SCREENING,-35
S0167,SCREENING,-35
S0167,SCREENING,-35
S0167,SCREENING,-35
S0167,SCREENING,-35
S0167,SCREENING,-35
S0167,SCREENING,-35
S0167,C1D1,1
S0167,C1D1,1
S0167,C1D1,1
S0167,C1D1,1
S0167,C1D1,1
S0167,C1D7,7
S0167,C1D8,8
S0167,C1D8,8
S0167,C1D12,12
S0167,C1D13,13
S0167,C1D16,16
S0167,C1D18,18
S0167,C1D20,20
S0167,C1D21,21
S0167,C1D21,21
S0167,C2D2,23
S0167,C2D6,27
S0167,C2D6,27
S0167,C2D9,30
S0167,C2D11,32
S0167,C2D15,36
S0167,C2D15,36
S0167,C2D16,37
S0167,C3D12,54
S0167,C3D13,55
S0167,C3D14,56
S0167,C3D15,57
S0167,C3D15,57
S0167,C3D17,59
S0167,C3D17,59
S0167,C3D18,60
S0167,C3D18,60
S0167,C3D21,63
S0167,C4D1,64
S0167,TA1,64
S0167,C4D5,68
S0167,C4D6,69
S0167,C4D8,71
S0167,C4D10,73
S0167,C4D13,76
S0167,EOT,84
S0167,TA2,89
S0167,TA2,89
S0167,TA2,89
S0167,TA2,96
S0167,TA2,99
S0167,TA2,108
S0167,TA2,108
S0167,TA2,109
S0167,TA2,110
S0167,TA2,114
S0167,TA2,114
S0167,FU1,168
S0168,SCREENING,-35
S0168,SCREENING,-35
S0168,SCREENING,-35
S0168,SCREENING,-35
S0168,SCREENING,-35
S0168,SCREENING,-35
S0168,SCREENING,-35
S0168,C1D1,1
S0168,C1D14,14
S0168,C1D14,14
S0168,C1D16,16
S0168,C2D13,34
S0168,C3D11,53
S0168,C3D19,61
S0168,C3D19,61
S0168,TA1,64
S0168,EOT,64
S0168,FU1,148
S0169,SCREENING,-35
S0169,SCREENING,-35
S0169,SCREENING,-35
S0169,SCREENING,-35
S0169,SCREENING,-35
S0169,SCREENING,-35
S0169,SCREENING,-35
S0169,C1D1,1
S0169,C1D1,1
S0169,C1D1,1
S0169,C1D5,5
S0169,C1D5,5
S0169,C1D6,6
S0169,C1D10,10
S0169,C1D11,11
S0169,C1D16,16
S0169,C1D19,19
S0169,C1D19,19
S0169,C1D20,20
S0169,C1D21,21
S0169,C2D5,26
S0169,C2D6,27
S0169,C2D8,29
S0169,C2D13,34
S0169,C2D13,34
S0169,C2D15,36
S0169,C3D12,54
S0169,C3D13,55
S0169,C3D15,57
S0169,C3D16,58
S0169,C3D21,63
S0169,TA1,64
S0169,C4D10,73
S0169,C4D16,79
S0169,EOT,84
S0169,TA2,88
S0169,TA2,93
S0169,TA2,100
S0169,FU1,168
S0170,SCREENING,-35
S0170,SCREENING,-35
S0170,SCREENING,-35
S0170,SCREENING,-35
S0170,SCREENING,-35
S0170,SCREENING,-35
S0170,SCREENING,-35
S0170,C1D1,1
S0170,C1D1,1
S0170,C1D1,1
S0170,C1D3,3
S0170,C1D5,5
S0170,C1D10,10
S0170,C1D16,16
S0170,C2D1,22
S0170,C2D2,23
S0170,C2D5,26
S0170,C2D8,29
S0170,C2D12,33
S0170,C2D13,34
S0170,C3D9,51
S0170,C3D14,56
S0170,C3D14,56
S0170,TA1,64
S0170,EOT,64
S0170,C4D8,71
S0170,TA2,86
S0170,TA2,86
S0170,TA2,92
S0170,TA2,93
S0170,FU1,148
S0171,SCREENING,-35
S0171,SCREENING,-35
S0171,SCREENING,-35
S0171,SCREENING,-35
S0171,SCREENING,-35
S0171,SCREENING,-35
S0171,SCREENING,-35
S0171,C1D1,1
S0171,C1D1,1
S0171,C1D1,1
S0171,C1D13,13
S0171,C3D1,43
S0171,C3D9,51
S0171,C3D9,51
S0171,C3D19,61
S0171,TA1,64
S0171,C4D2,65
S0171,EOT,84
S0171,TA2,88
S0171,TA2,88
S0171,TA2,107
S0171,FU1,168
S0172,SCREENING,-35
S0172,SCREENING,-35
S0172,SCREENING,-35
S0172,SCREENING,-35
S0172,SCREENING,-35
S0172,SCREENING,-35
S0172,SCREENING,-35
S0172,C1D1,1
S0172,C1D1,1
S0172,C1D3,3
S0172,C1D5,5
S0172,C1D9,9
S0172,C1D9,9
S0172,C1D10,10
S0172,C1D17,17
S0172,C2D2,23
S0172,C2D21,42
S0172,C3D3,45
S0172,C3D9,51
S0172,C3D13,55
S0172,C3D18,60
S0172,C3D19,61
S0172,TA1,64
S0172,C4D4,67
S0172,C4D12,75
S0172,C4D12,75
S0172,EOT,84
S0172,TA2,101
S0172,FU1,168
S0173,SCREENING,-35
S0173,SCREENING,-35
S0173,SCREENING,-35
S0173,SCREENING,-35
S0173,SCREENING,-35
S0173,SCREENING,-35
S0173,SCREENING,-35
S0173,C1D1,1
S0173,C1D1,1
S0173,C1D1,1
S0173,C1D4,4
S0173,C1D12,12
S0173,C1D12,12
S0173,C2D5,26
S0173,C2D16,37
S0173,C2D16,37
S0173,C3D11,53
S0173,C3D11,53
S0173,C3D16,58
S0173,TA1,64
S0173,C4D7,70
S0173,C4D7,70
S0173,C4D12,75
S0173,C4D12,75
S0173,EOT,84
S0173,TA2,87
S0173,TA2,97
S0173,TA2,97
S0173,TA2,107
S0173,TA2,109
S0173,FU1,168
S0174,SCREENING,-35
S0174,SCREENING,-35
S0174,SCREENING,-35
S0174,SCREENING,-35
S0174,SCREENING,-35
S0174,SCREENING,-35
S0174,SCREENING,-35
S0174,C1D1,1
S0174,C1D1,1
S0174,C1D1,1
S0174,C1D3,3
S0174,C1D3,3
S0174,C2D5,26
S0174,C2D20,41
S0174,C3D2,44
S0174,TA1,64
S0174,EOT,72
S0174,FU1,156
S0175,SCREENING,-35
S0175,SCREENING,-35
S0175,SCREENING,-35
S0175,SCREENING,-35
S0175,SCREENING,-35
S0175,SCREENING,-35
S0175,SCREENING,-35
S0175,C1D1,1
S0175,C1D1,1
S0175,C1D4,4
S0175,C1D4,4
S0175,C1D15,15
S0175,C1D16,16
S0175,C1D18,18
S0175,C2D1,22
S0175,C2D5,26
S0175,C2D11,32
S0175,C2D13,34
S0175,C3D3,45
S0175,C3D14,56
S0175,C3D14,56
S0175,C4D1,64
S0175,C4D1,64
S0175,TA1,64
S0175,C4D7,70
S0175,EOT,84
S0175,TA2,89
S0175,TA2,98
S0175,TA2,103
S0175,FU1,168
S0176,SCREENING,-35
S0176,SCREENING,-35
S0176,SCREENING,-35
S0176,SCREENING,-35
S0176,SCREENING,-35
S0176,SCREENING,-35
S0176,SCREENING,-35
S0176,C1D1,1
S0176,C1D1,1
S0176,C1D3,3
S0176,C1D3,3
S0176,C1D8,8
S0176,C2D16,37
S0176,C2D16,37
S0176,C3D3,45
S0176,C3D3,45
S0176,C3D4,46
S0176,TA1,64
S0176,C4D15,78
S0176,EOT,84
S0176,TA2,87
S0176,TA2,90
S0176,TA2,93
S0176,TA2,103
S0176,FU1,168
S0177,SCREENING,-35
S0177,SCREENING,-35
S0177,SCREENING,-35
S0177,SCREENING,-35
S0177,SCREENING,-35
S0177,SCREENING,-35
S0177,SCREENING,-35
S0177,C1D1,1
S0177,C1D1,1
S0177,C1D1,1
S0177,C1D8,8
S0177,C1D9,9
S0177,C2D11,32
S0177,C2D12,33
S0177,C2D21,42
S0177,C3D8,50
S0177,TA1,64
S0177,C4D16,79
S0177,C4D17,80
S0177,C4D18,81
S0177,C4D18,81
S0177,C4D20,83
S0177,C4D20,83
S0177,C4D21,84
S0177,EOT,84
S0177,TA2,97
S0177,TA2,109
S0177,TA2,109
S0177,FU1,168
S0178,SCREENING,-35
S0178,SCREENING,-35
S0178,SCREENING,-35
S0178,SCREENING,-35
S0178,SCREENING,-35
S0178,SCREENING,-35
S0178,SCREENING,-35
S0178,C1D1,1
S0178,C1D1,1
S0178,C1D7,7
S0178,C1D20,20
S0178,C2D15,36
S0178,C2D18,39
S0178,C3D7,49
S0178,C3D13,55
S0178,C3D15,57
S0178,TA1,64
S0178,C4D9,72
S0178,C4D18,81
S0178,C4D20,83
S0178,EOT,84
S0178,TA2,91
S0178,TA2,91
S0178,TA2,95
S0178,TA2,107
S0178,TA2,110
S0178,FU1,168
S0179,SCREENING,-35
S0179,SCREENING,-35
S0179,SCREENING,-35
S0179,SCREENING,-35
S0179,SCREENING,-35
S0179,SCREENING,-35
S0179,SCREENING,-35
S0179,C1D1,1
S0179,C1D1,1
S0179,C1D1,1
S0179,C1D3,3
S0179,C1D5,5
S0179,C1D6,6
S0179,C1D9,9
S0179,C2D5,26
S0179,C2D10,31
S0179,C2D18,39
S0179,C3D2,44
S0179,C3D2,44
S0179,C3D7,49
S0179,C3D10,52
S0179,TA1,64
S0179,C4D15,78
S0179,C4D17,80
S0179,EOT,84
S0179,TA2,94
S0179,TA2,95
S0179,TA2,101
S0179,TA2,108
S0179,FU1,168
S0180,SCREENING,-35
S0180,SCREENING,-35
S0180,SCREENING,-35
S0180,SCREENING,-35
S0180,SCREENING,-35
S0180,SCREENING,-35
S0180,SCREENING,-35
S0180,C1D1,1
S0180,C1D1,1
S0180,C1D1,1
S0180,C2D1,22
S0180,C2D20,41
S0180,C3D15,57
S0180,C3D15,57
S0180,TA1,64
S0180,C4D18,81
S0180,EOT,84
S0180,TA2,85
S0180,TA2,112
S0180,TA2,114
S0180,FU1,168
S0181,SCREENING,-35
S0181,SCREENING,-35
S0181,SCREENING,-35
S0181,SCREENING,-35
S0181,SCREENING,-35
S0181,SCREENING,-35
S0181,SCREENING,-35
S0181,C1D1,1
S0181,C1D1,1
S0181,C1D1,1
S0181,C1D12,12
S0181,C1D12,12
S0181,C2D11,32
S0181,C2D21,42
S0181,C3D4,46
S0181,C3D10,52
S0181,C4D1,64
S0181,TA1,64
S0181,C4D3,66
S0181,C4D12,75
S0181,EOT,84
S0181,FU1,168
S0182,SCREENING,-35
S0182,SCREENING,-35
S0182,SCREENING,-35
S0182,SCREENING,-35
S0182,SCREENING,-35
S0182,SCREENING,-35
S0182,SCREENING,-35
S0182,C1D1,1
S0182,C1D1,1
S0182,C1D1,1
S0182,C1D4,4
S0182,C1D4,4
S0182,C1D8,8
S0182,C1D18,18
S0182,C3D10,52
S0182,TA1,64
S0182,C4D9,72
S0182,EOT,84
S0182,TA2,93
S0182,TA2,96
S0182,TA2,114
S0182,FU1,168
S0183,SCREENING,-35
S0183,SCREENING,-35
S0183,SCREENING,-35
S0183,SCREENING,-35
S0183,SCREENING,-35
S0183,SCREENING,-35
S0183,SCREENING,-35
S0183,C1D1,1
S0183,C1D1,1
S0183,C1D17,17
S0183,C1D17,17
S0183,C1D17,17
S0183,C1D17,17
S0183,C2D12,33
S0183,C3D11,53
S0183,C3D11,53
S0183,C3D11,53
S0183,C3D11,53
S0183,C3D12,54
S0183,C3D21,63
S0183,TA1,64
S0183,EOT,64
S0183,C4D18,81
S0183,TA2,90
S0183,FU1,148
S0184,SCREENING,-35
S0184,SCREENING,-35
S0184,SCREENING,-35
S0184,SCREENING,-35
S0184,SCREENING,-35
S0184,SCREENING,-35
S0184,SCREENING,-35
S0184,C1D1,1
S0184,C1D1,1
S0184,C1D8,8
S0184,C1D19,19
S0184,C2D1,22
S0184,C2D1,22
S0184,C2D21,42
S0184,C3D2,44
S0184,C3D2,44
S0184,C3D13,55
S0184,C3D18,60
S0184,TA1,64
S0184,EOT,64
S0184,C4D7,70
S0184,TA2,85
S0184,TA2,86
S0184,TA2,88
S0184,TA2,92
S0184,TA2,92
S0184,TA2,92
S0184,FU1,148
S0185,SCREENING,-35
S0185,SCREENING,-35
S0185,SCREENING,-35
S0185,SCREENING,-35
S0185,SCREENING,-35
S0185,SCREENING,-35
S0185,SCREENING,-35
S0185,C1D1,1
S0185,C1D1,1
S0185,C1D1,1
S0185,C1D4,4
S0185,C1D5,5
S0185,C1D5,5
S0185,C1D9,9
S0185,C1D13,13
S0185,C1D19,19
S0185,C1D20,20
S0185,C2D1,22
S0185,C2D9,30
S0185,C2D16,37
S0185,C2D19,40
S0185,C3D1,43
S0185,C3D4,46
S0185,EOT,47
S0185,C3D14,56
S0185,C3D17,59
S0185,C4D1,64
S0185,C4D1,64
S0185,C4D2,65
S0185,C4D6,69
S0185,C4D10,73
S0185,C4D12,75
S0185,FU1,131
S0186,SCREENING,-35
S0186,SCREENING,-35
S0186,SCREENING,-35
S0186,SCREENING,-35
S0186,SCREENING,-35
S0186,SCREENING,-35
S0186,SCREENING,-35
S0186,C1D1,1
S0186,C1D15,15
S0186,C1D15,15
S0186,C2D13,34
S0186,C2D17,38
S0186,C2D17,38
S0186,C2D17,38
S0186,C3D1,43
S0186,C3D1,43
S0186,C3D10,52
S0186,C3D10,52
S0186,C3D11,53
S0186,C3D20,62
S0186,C3D20,62
S0186,C4D1,64
S0186,TA1,64
S0186,C4D2,65
S0186,C4D6,69
S0186,C4D7,70
S0186,C4D15,78
S0186,EOT,84
S0186,TA2,89
S0186,TA2,112
S0186,TA2,112
S0186,FU1,168
S0187,SCREENING,-35
S0187,SCREENING,-35
S0187,SCREENING,-35
S0187,SCREENING,-35
S0187,SCREENING,-35
S0187,SCREENING,-35
S0187,SCREENING,-35
S0187,C1D1,1
S0187,C1D1,1
S0187,C1D4,4
S0187,C1D7,7
S0187,C1D10,10
S0187,C2D1,22
S0187,C2D1,22
S0187,C2D6,27
S0187,C2D6,27
S0187,C2D9,30
S0187,C3D1,43
S0187,C3D2,44
S0187,C3D4,46
S0187,C3D5,47
S0187,C3D16,58
S0187,C3D16,58
S0187,C3D18,60
S0187,C4D1,64
S0187,TA1,64
S0187,EOT,84
S0187,TA2,86
S0187,TA2,86
S0187,TA2,86
S0187,TA2,89
S0187,TA2,91
S0187,TA2,91
S0187,TA2,96
S0187,TA2,100
S0187,TA2,106
S0187,FU1,168
S0188,SCREENING,-35
S0188,SCREENING,-35
S0188,SCREENING,-35
S0188,SCREENING,-35
S0188,SCREENING,-35
S0188,SCREENING,-35
S0188,SCREENING,-35
S0188,C1D1,1
S0188,C1D1,1
S0188,C1D1,1
S0188,EOT,3
S0188,C1D14,14
S0188,C1D14,14
S0188,C2D3,24
S0188,FU1,87
S0189,SCREENING,-35
S0189,SCREENING,-35
S0189,SCREENING,-35
S0189,SCREENING,-35
S0189,SCREENING,-35
S0189,SCREENING,-35
S0189,SCREENING,-35
S0189,C1D1,1
S0189,C1D1,1
S0189,C1D10,10
S0189,C1D19,19
S0189,C1D19,19
S0189,C1D19,19
S0189,C1D21,21
S0189,EOT,26
S0189,C2D17,38
S0189,C2D18,39
S0189,C2D21,42
S0189,C3D1,43
S0189,C3D11,53
S0189,C3D11,53
S0189,FU1,110
S0190,SCREENING,-35
S0190,SCREENING,-35
S0190,SCREENING,-35
S0190,SCREENING,-35
S0190,SCREENING,-35
S0190,SCREENING,-35
S0190,SCREENING,-35
S0190,C1D1,1
S0190,C1D1,1
S0190,C1D1,1
S0190,C1D1,1
S0190,C1D8,8
S0190,C1D10,10
S0190,C1D10,10
S0190,C1D14,14
S0190,C1D18,18
S0190,C2D2,23
S0190,C2D7,28
S0190,C2D10,31
S0190,C3D2,44
S0190,C3D6,48
S0190,C3D13,55
S0190,C3D14,56
S0190,C3D18,60
S0190,C3D19,61
S0190,C3D20,62
S0190,TA1,64
S0190,C4D12,75
S0190,C4D18,81
S0190,C4D19,82
S0190,EOT,84
S0190,TA2,85
S0190,TA2,91
S0190,TA2,96
S0190,FU1,168
S0191,SCREENING,-35
S0191,SCREENING,-35
S0191,SCREENING,-35
S0191,SCREENING,-35
S0191,SCREENING,-35
S0191,SCREENING,-35
S0191,SCREENING,-35
S0191,C1D1,1
S0191,C1D1,1
S0191,C1D1,1
S0191,C1D8,8
S0191,C1D8,8
S0191,C1D9,9
S0191,C2D6,27
S0191,C2D20,41
S0191,C3D6,48
S0191,C3D6,48
S0191,C3D21,63
S0191,TA1,64
S0191,C4D6,69
S0191,C4D13,76
S0191,C4D14,77
S0191,C4D16,79
S0191,C4D16,79
S0191,C4D16,79
S0191,EOT,84
S0191,TA2,87
S0191,TA2,92
S0191,TA2,99
S0191,TA2,104
S0191,FU1,168
S0192,SCREENING,-35
S0192,SCREENING,-35
S0192,SCREENING,-35
S0192,SCREENING,-35
S0192,SCREENING,-35
S0192,SCREENING,-35
S0192,SCREENING,-35
S0192,C1D1,1
S0192,C1D1,1
S0192,C1D1,1
S0192,C1D2,2
S0192,C1D8,8
S0192,C1D17,17
S0192,C1D21,21
S0192,C2D10,31
S0192,C2D19,40
S0192,C2D20,41
S0192,C2D21,42
S0192,C3D7,49
S0192,C3D7,49
S0192,C3D13,55
S0192,C3D16,58
S0192,C3D19,61
S0192,C3D21,63
S0192,TA1,64
S0192,EOT,64
S0192,C4D8,71
S0192,C4D8,71
S0192,TA2,92
S0192,TA2,94
S0192,FU1,148
S0193,SCREENING,-35
S0193,SCREENING,-35
S0193,SCREENING,-35
S0193,SCREENING,-35
S0193,SCREENING,-35
S0193,SCREENING,-35
S0193,SCREENING,-35
S0193,C1D1,1
S0193,C1D1,1
S0193,C1D2,2
S0193,C2D5,26
S0193,C2D14,35
S0193,C3D4,46
S0193,C3D10,52
S0193,C3D11,53
S0193,C3D14,56
S0193,C3D15,57
S0193,C3D18,60
S0193,C3D18,60
S0193,TA1,64
S0193,EOT,64
S0193,C4D5,68
S0193,C4D6,69
S0193,TA2,87
S0193,TA2,89
S0193,FU1,148
S0194,SCREENING,-35
S0194,SCREENING,-35
S0194,SCREENING,-35
S0194,SCREENING,-35
S0194,SCREENING,-35
S0194,SCREENING,-35
S0194,SCREENING,-35
S0194,C1D1,1
S0194,C1D1,1
S0194,C2D3,24
S0194,C2D18,39
S0194,C3D5,47
S0194,C3D10,52
S0194,C3D11,53
S0194,C3D16,58
S0194,C3D21,63
S0194,TA1,64
S0194,C4D20,83
S0194,C4D20,83
S0194,EOT,84
S0194,TA2,100
S0194,TA2,102
S0194,TA2,104
S0194,FU1,168
S0195,SCREENING,-35
S0195,SCREENING,-35
S0195,SCREENING,-35
S0195,SCREENING,-35
S0195,SCREENING,-35
S0195,SCREENING,-35
S0195,SCREENING,-35
S0195,C1D1,1
S0195,C1D1,1
S0195,C1D1,1
S0195,C1D13,13
S0195,C2D4,25
S0195,C2D4,25
S0195,C2D6,27
S0195,TA1,64
S0195,EOT,64
S0195,C4D16,79
S0195,C4D16,79
S0195,C4D17,80
S0195,FU1,148
S0196,SCREENING,-35
S0196,SCREENING,-35
S0196,SCREENING,-35
S0196,SCREENING,-35
S0196,SCREENING,-35
S0196,SCREENING,-35
S0196,SCREENING,-35
S0196,C1D1,1
S0196,C1D1,1
S0196,C1D2,2
S0196,C1D18,18
S0196,C2D20,41
S0196,C2D20,41
S0196,C3D1,43
S0196,C3D7,49
S0196,C3D11,53
S0196,C4D1,64
S0196,TA1,64
S0196,EOT,84
S0196,TA2,87
S0196,TA2,89
S0196,TA2,102
S0196,TA2,103
S0196,TA2,106
S0196,TA2,108
S0196,TA2,114
S0196,FU1,168
S0197,SCREENING,-35
S0197,SCREENING,-35
S0197,SCREENING,-35
S0197,SCREENING,-35
S0197,SCREENING,-35
S0197,SCREENING,-35
S0197,SCREENING,-35
S0197,C1D1,1
S0197,C1D1,1
S0197,C3D10,52
S0197,C3D10,52
S0197,C3D19,61
S0197,TA1,64
S0197,C4D20,83
S0197,C4D20,83
S0197,C4D21,84
S0197,C4D21,84
S0197,EOT,84
S0197,TA2,95
S0197,TA2,104
S0197,FU1,168
S0198,SCREENING,-35
S0198,SCREENING,-35
S0198,SCREENING,-35
S0198,SCREENING,-35
S0198,SCREENING,-35
S0198,SCREENING,-35
S0198,SCREENING,-35
S0198,C1D1,1
S0198,C1D1,1
S0198,C1D1,1
S0198,C1D11,11
S0198,C2D1,22
S0198,C2D7,28
S0198,C2D9,30
S0198,C2D15,36
S0198,C3D3,45
S0198,C3D8,50
S0198,C3D8,50
S0198,C3D15,57
S0198,C3D18,60
S0198,TA1,64
S0198,EOT,64
S0198,C4D3,66
S0198,C4D10,73
S0198,C4D11,74
S0198,TA2,90
S0198,FU1,148
S0199,SCREENING,-35
S0199,SCREENING,-35
S0199,SCREENING,-35
S0199,SCREENING,-35
S0199,SCREENING,-35
S0199,SCREENING,-35
S0199,SCREENING,-35
S0199,C1D1,1
S0199,C1D6,6
S0199,C1D15,15
S0199,C1D17,17
S0199,C1D21,21
S0199,C2D12,33
S0199,C3D1,43
S0199,C3D1,43
S0199,C3D2,44
S0199,C3D7,49
S0199,C3D9,51
S0199,C3D9,51
S0199,C3D19,61
S0199,C4D1,64
S0199,TA1,64
S0199,EOT,64
S0199,C4D2,65
S0199,C4D2,65
S0199,C4D6,69
S0199,C4D7,70
S0199,C4D7,70
S0199,C4D14,77
S0199,C4D14,77
S0199,C4D19,82
S0199,C4D21,84
S0199,FU1,148
S0200,SCREENING,-35
S0200,SCREENING,-35
S0200,SCREENING,-35
S0200,SCREENING,-35
S0200,SCREENING,-35
S0200,SCREENING,-35
S0200,SCREENING,-35
S0200,C1D1,1
S0200,C1D16,16
S0200,C1D19,19
S0200,C2D7,28
S0200,EOT,54
S0200,C3D13,55
S0200,C3D17,59
S0200,C3D17,59
S0200,C4D2,65
S0200,FU1,138
S0201,SCREENING,-35
S0201,SCREENING,-35
S0201,SCREENING,-35
S0201,SCREENING,-35
S0201,SCREENING,-35
S0201,SCREENING,-35
S0201,SCREENING,-35
S0201,C1D1,1
S0201,C1D1,1
S0201,C1D1,1
S0201,C1D13,13
S0201,C1D13,13
S0201,C1D14,14
S0201,C1D15,15
S0201,C2D5,26
S0201,C2D7,28
S0201,C2D7,28
S0201,C2D10,31
S0201,C2D18,39
S0201,C3D1,43
S0201,C3D3,45
S0201,C3D3,45
S0201,C3D12,54
S0201,C3D16,58
S0201,C3D18,60
S0201,C4D1,64
S0201,TA1,64
S0201,EOT,64
S0201,C4D6,69
S0201,C4D6,69
S0201,C4D14,77
S0201,FU1,148
S0202,SCREENING,-35
S0202,SCREENING,-35
S0202,SCREENING,-35
S0202,SCREENING,-35
S0202,SCREENING,-35
S0202,SCREENING,-35
S0202,SCREENING,-35
S0202,C1D1,1
S0202,C1D1,1
S0202,C1D1,1
S0202,C1D11,11
S0202,C1D11,11
S0202,C1D15,15
S0202,TA1,64
S0202,C4D4,67
S0202,C4D16,79
S0202,EOT,84
S0202,TA2,94
S0202,TA2,94
S0202,FU1,168
S0203,SCREENING,-35
S0203,SCREENING,-35
S0203,SCREENING,-35
S0203,SCREENING,-35
S0203,SCREENING,-35
S0203,SCREENING,-35
S0203,SCREENING,-35
S0203,C1D1,1
S0203,C1D1,1
S0203,C1D1,1
S0203,C1D9,9
S0203,C2D7,28
S0203,C3D9,51
S0203,C3D21,63
S0203,TA1,64
S0203,C4D2,65
S0203,C4D2,65
S0203,C4D6,69
S0203,C4D7,70
S0203,C4D9,72
S0203,C4D12,75
S0203,EOT,84
S0203,TA2,85
S0203,TA2,87
S0203,TA2,110
S0203,TA2,110
S0203,FU1,168
S0204,SCREENING,-35
S0204,SCREENING,-35
S0204,SCREENING,-35
S0204,SCREENING,-35
S0204,SCREENING,-35
S0204,SCREENING,-35
S0204,SCREENING,-35
S0204,C1D1,1
S0204,C1D1,1
S0204,C1D1,1
S0204,C1D9,9
S0204,C1D14,14
S0204,C2D1,22
S0204,C2D4,25
S0204,C2D18,39
S0204,C2D21,42
S0204,C2D21,42
S0204,C3D9,51
S0204,TA1,64
S0204,C4D3,66
S0204,C4D5,68
S0204,C4D5,68
S0204,EOT,75
S0204,TA2,102
S0204,TA2,103
S0204,TA2,104
S0204,TA2,105
S0204,TA2,105
S0204,FU1,159
S0205,SCREENING,-35
S0205,SCREENING,-35
S0205,SCREENING,-35
S0205,SCREENING,-35
S0205,SCREENING,-35
S0205,SCREENING,-35
S0205,SCREENING,-35
S0205,C1D1,1
S0205,C1D1,1
S0205,C1D1,1
S0205,C1D2,2
S0205,C1D7,7
S0205,C1D17,17
S0205,C2D3,24
S0205,C2D4,25
S0205,C2D19,40
S0205,C3D9,51
S0205,C3D9,51
S0205,C3D11,53
S0205,TA1,64
S0205,EOT,64
S0205,C4D2,65
S0205,C4D9,72
S0205,C4D12,75
S0205,C4D14,77
S0205,C4D14,77
S0205,TA2,91
S0205,TA2,91
S0205,TA2,92
S0205,TA2,92
S0205,TA2,93
S0205,FU1,148
S0206,SCREENING,-35
S0206,SCREENING,-35
S0206,SCREENING,-35
S0206,SCREENING,-35
S0206,SCREENING,-35
S0206,SCREENING,-35
S0206,SCREENING,-35
S0206,C1D1,1
S0206,C1D18,18
S0206,C2D2,23
S0206,C2D16,37
S0206,C2D18,39
S0206,C2D18,39
S0206,C2D18,39
S0206,C3D2,44
S0206,C3D18,60
S0206,TA1,64
S0206,C4D4,67
S0206,C4D6,69
S0206,C4D12,75
S0206,C4D12,75
S0206,C4D13,76
S0206,C4D18,81
S0206,C4D18,81
S0206,C4D19,82
S0206,EOT,84
S0206,TA2,90
S0206,TA2,90
S0206,TA2,106
S0206,TA2,106
S0206,TA2,114
S0206,FU1,168
S0207,SCREENING,-35
S0207,SCREENING,-35
S0207,SCREENING,-35
S0207,SCREENING,-35
S0207,SCREENING,-35
S0207,SCREENING,-35
S0207,SCREENING,-35
S0207,C1D1,1
S0207,C1D1,1
S0207,C1D1,1
S0207,C1D13,13
S0207,C2D5,26
S0207,C2D18,39
S0207,C2D18,39
S0207,C3D20,62
S0207,C3D20,62
S0207,C4D1,64
S0207,TA1,64
S0207,EOT,64
S0207,C4D6,69
S0207,C4D9,72
S0207,TA2,90
S0207,FU1,148
S0208,SCREENING,-35
S0208,SCREENING,-35
S0208,SCREENING,-35
S0208,SCREENING,-35
S0208,SCREENING,-35
S0208,SCREENING,-35
S0208,SCREENING,-35
S0208,C1D1,1
S0208,C1D1,1
S0208,C1D1,1
S0208,C1D6,6
S0208,C1D6,6
S0208,C2D6,27
S0208,C2D17,38
S0208,C3D3,45
S0208,C3D8,50
S0208,C3D18,60
S0208,C3D19,61
S0208,C3D19,61
S0208,TA1,64
S0208,C4D12,75
S0208,C4D13,76
S0208,C4D13,76
S0208,C4D13,76
S0208,C4D18,81
S0208,C4D20,83
S0208,C4D21,84
S0208,EOT,84
S0208,TA2,92
S0208,FU1,168
S0209,SCREENING,-35
S0209,SCREENING,-35
S0209,SCREENING,-35
S0209,SCREENING,-35
S0209,SCREENING,-35
S0209,SCREENING,-35
S0209,SCREENING,-35
S0209,C1D1,1
S0209,C1D1,1
S0209,C1D1,1
S0209,C1D2,2
S0209,C1D2,2
S0209,C1D17,17
S0209,C2D9,30
S0209,C2D10,31
S0209,C2D18,39
S0209,C3D1,43
S0209,C3D7,49
S0209,C3D21,63
S0209,TA1,64
S0209,C4D21,84
S0209,EOT,84
S0209,TA2,88
S0209,TA2,92
S0209,TA2,95
S0209,TA2,95
S0209,TA2,97
S0209,TA2,99
S0209,TA2,101
S0209,TA2,101
S0209,TA2,102
S0209,TA2,108
S0209,FU1,168
S0210,SCREENING,-35
S0210,SCREENING,-35
S0210,SCREENING,-35
S0210,SCREENING,-35
S0210,SCREENING,-35
S0210,SCREENING,-35
S0210,SCREENING,-35
S0210,C1D1,1
S0210,C1D8,8
S0210,C1D19,19
S0210,C3D7,49
S0210,C3D10,52
S0210,C3D15,57
S0210,TA1,64
S0210,C4D7,70
S0210,C4D10,73
S0210,EOT,84
S0210,TA2,85
S0210,TA2,96
S0210,TA2,96
S0210,TA2,98
S0210,TA2,98
S0210,TA2,109
S0210,FU1,168
S0211,SCREENING,-35
S0211,SCREENING,-35
S0211,SCREENING,-35
S0211,SCREENING,-35
S0211,SCREENING,-35
S0211,SCREENING,-35
S0211,SCREENING,-35
S0211,C1D1,1
S0211,C2D9,30
S0211,C3D13,55
S0211,EOT,59
S0211,C3D19,61
S0211,C4D4,67
S0211,C4D7,70
S0211,C4D19,82
S0211,C4D19,82
S0211,TA2,86
S0211,TA2,86
S0211,FU1,143
S0212,SCREENING,-35
S0212,SCREENING,-35
S0212,SCREENING,-35
S0212,SCREENING,-35
S0212,SCREENING,-35
S0212,SCREENING,-35
S0212,SCREENING,-35
S0212,C1D1,1
S0212,C1D1,1
S0212,C1D1,1
S0212,C1D10,10
S0212,C2D2,23
S0212,C2D18,39
S0212,C2D18,39
S0212,C3D1,43
S0212,C3D8,50
S0212,C3D8,50
S0212,C3D11,53
S0212,C3D11,53
S0212,C3D14,56
S0212,TA1,64
S0212,C4D17,80
S0212,C4D21,84
S0212,EOT,84
S0212,TA2,105
S0212,TA2,105
S0212,TA2,106
S0212,FU1,168
S0213,SCREENING,-35
S0213,SCREENING,-35
S0213,SCREENING,-35
S0213,SCREENING,-35
S0213,SCREENING,-35
S0213,SCREENING,-35
S0213,SCREENING,-35
S0213,C1D1,1
S0213,C1D1,1
S0213,C1D1,1
S0213,C1D1,1
S0213,C1D1,1
S0213,C1D4,4
S0213,C1D5,5
S0213,C2D2,23
S0213,C2D3,24
S0213,C2D5,26
S0213,C2D6,27
S0213,C2D12,33
S0213,C3D2,44
S0213,C3D4,46
S0213,C3D7,49
S0213,TA1,64
S0213,C4D3,66
S0213,C4D3,66
S0213,C4D8,71
S0213,C4D16,79
S0213,EOT,84
S0213,TA2,90
S0213,TA2,103
S0213,TA2,103
S0213,FU1,168
S0214,SCREENING,-35
S0214,SCREENING,-35
S0214,SCREENING,-35
S0214,SCREENING,-35
S0214,SCREENING,-35
S0214,SCREENING,-35
S0214,SCREENING,-35
S0214,C1D1,1
S0214,C1D1,1
S0214,C2D9,30
S0214,C2D12,33
S0214,C3D1,43
S0214,C3D1,43
S0214,C3D16,58
S0214,C3D16,58
S0214,C4D1,64
S0214,TA1,64
S0214,EOT,84
S0214,TA2,89
S0214,TA2,92
S0214,TA2,113
S0214,FU1,168
S0215,SCREENING,-35
S0215,SCREENING,-35
S0215,SCREENING,-35
S0215,SCREENING,-35
S0215,SCREENING,-35
S0215,SCREENING,-35
S0215,SCREENING,-35
S0215,C1D1,1
S0215,C1D1,1
S0215,C1D1,1
S0215,C1D1,1
S0215,C1D8,8
S0215,C1D15,15
S0215,C1D15,15
S0215,C2D1,22
S0215,C2D5,26
S0215,C2D17,38
S0215,TA1,64
S0215,C4D5,68
S0215,C4D5,68
S0215,C4D9,72
S0215,C4D20,83
S0215,EOT,84
S0215,TA2,107
S0215,TA2,108
S0215,FU1,168
S0216,SCREENING,-35
S0216,SCREENING,-35
S0216,SCREENING,-35
S0216,SCREENING,-35
S0216,SCREENING,-35
S0216,SCREENING,-35
S0216,SCREENING,-35
S0216,C1D1,1
S0216,C1D1,1
S0216,C1D7,7
S0216,C1D8,8
S0216,C1D15,15
S0216,C1D15,15
S0216,C1D16,16
S0216,C1D16,16
S0216,C1D17,17
S0216,C2D1,22
S0216,C2D8,29
S0216,C2D9,30
S0216,C3D1,43
S0216,C3D16,58
S0216,TA1,64
S0216,EOT,64
S0216,C4D2,65
S0216,C4D17,80
S0216,C4D18,81
S0216,C4D18,81
S0216,TA2,85
S0216,TA2,90
S0216,FU1,148
S0216,follow-up,353
S0217,SCREENING,-35
S0217,SCREENING,-35
S0217,SCREENING,-35
S0217,SCREENING,-35
S0217,SCREENING,-35
S0217,SCREENING,-35
S0217,SCREENING,-35
S0217,C1D1,1
S0217,C1D1,1
S0217,C1D1,1
S0217,C1D5,5
S0217,C1D13,13
S0217,C1D14,14
S0217,C1D15,15
S0217,C1D19,19
S0217,C1D20,20
S0217,C1D21,21
S0217,C2D1,22
S0217,C2D8,29
S0217,C2D16,37
S0217,C2D17,38
S0217,C3D4,46
S0217,C3D9,51
S0217,TA1,64
S0217,C4D3,66
S0217,C4D11,74
S0217,EOT,84
S0217,TA2,91
S0217,TA2,109
S0217,TA2,109
S0217,TA2,112
S0217,TA2,112
S0217,FU1,168
S0218,SCREENING,-35
S0218,SCREENING,-35
S0218,SCREENING,-35
S0218,SCREENING,-35
S0218,SCREENING,-35
S0218,SCREENING,-35
S0218,SCREENING,-35
S0218,C1D1,1
S0218,C1D2,2
S0218,C1D11,11
S0218,C2D12,33
S0218,C2D15,36
S0218,C2D15,36
S0218,C2D16,37
S0218,C3D2,44
S0218,C3D8,50
S0218,C3D18,60
S0218,TA1,64
S0218,EOT,64
S0218,C4D5,68
S0218,C4D10,73
S0218,C4D13,76
S0218,C4D13,76
S0218,C4D18,81
S0218,C4D18,81
S0218,C4D19,82
S0218,TA2,94
S0218,FU1,148
S0218,follow-up,607
S0219,SCREENING,-35
S0219,SCREENING,-35
S0219,SCREENING,-35
S0219,SCREENING,-35
S0219,SCREENING,-35
S0219,SCREENING,-35
S0219,SCREENING,-35
S0219,C1D1,1
S0219,C1D1,1
S0219,C1D2,2
S0219,EOT,3
S0219,C1D7,7
S0219,C1D12,12
S0219,C1D14,14
S0219,C1D14,14
S0219,C1D19,19
S0219,C1D19,19
S0219,C2D3,24
S0219,C2D4,25
S0219,C2D4,25
S0219,C2D6,27
S0219,C2D8,29
S0219,FU1,87
S0220,SCREENING,-35
S0220,SCREENING,-35
S0220,SCREENING,-35
S0220,SCREENING,-35
S0220,SCREENING,-35
S0220,SCREENING,-35
S0220,SCREENING,-35
S0220,C1D1,1
S0220,C1D5,5
S0220,C1D10,10
S0220,C2D4,25
S0220,C2D13,34
S0220,C3D6,48
S0220,C3D18,60
S0220,TA1,64
S0220,C4D4,67
S0220,C4D7,70
S0220,C4D9,72
S0220,C4D10,73
S0220,C4D14,77
S0220,C4D16,79
S0220,EOT,84
S0220,TA2,88
S0220,TA2,88
S0220,TA2,107
S0220,FU1,168
S0221,SCREENING,-35
S0221,SCREENING,-35
S0221,SCREENING,-35
S0221,SCREENING,-35
S0221,SCREENING,-35
S0221,SCREENING,-35
S0221,SCREENING,-35
S0221,C1D1,1
S0221,C1D1,1
S0221,C1D1,1
S0221,C1D9,9
S0221,C1D16,16
S0221,C2D3,24
S0221,C2D8,29
S0221,C2D10,31
S0221,C2D10,31
S0221,C2D21,42
S0221,C3D11,53
S0221,C3D13,55
S0221,TA1,64
S0221,EOT,84
S0221,TA2,91
S0221,TA2,91
S0221,TA2,100
S0221,TA2,102
S0221,FU1,168
S0222,SCREENING,-35
S0222,SCREENING,-35
S0222,SCREENING,-35
S0222,SCREENING,-35
S0222,SCREENING,-35
S0222,SCREENING,-35
S0222,SCREENING,-35
S0222,C1D1,1
S0222,C1D1,1
S0222,C1D1,1
S0222,C1D1,1
S0222,C1D7,7
S0222,C1D9,9
S0222,C1D12,12
S0222,C1D13,13
S0222,C1D13,13
S0222,C1D17,17
S0222,C1D17,17
S0222,C2D3,24
S0222,C3D7,49
S0222,C3D11,53
S0222,C3D12,54
S0222,C3D12,54
S0222,C3D16,58
S0222,C4D1,64
S0222,TA1,64
S0222,C4D6,69
S0222,C4D10,73
S0222,C4D17,80
S0222,EOT,84
S0222,TA2,93
S0222,TA2,95
S0222,TA2,95
S0222,FU1,168
S0223,SCREENING,-35
S0223,SCREENING,-35
S0223,SCREENING,-35
S0223,SCREENING,-35
S0223,SCREENING,-35
S0223,SCREENING,-35
S0223,SCREENING,-35
S0223,C1D1,1
S0223,TA1,64
S0223,EOT,84
S0223,FU1,168
S0224,SCREENING,-35
S0224,SCREENING,-35
S0224,SCREENING,-35
S0224,SCREENING,-35
S0224,SCREENING,-35
S0224,SCREENING,-35
S0224,SCREENING,-35
S0224,C1D1,1
S0224,C1D5,5
S0224,C1D5,5
S0224,C1D12,12
S0224,C1D17,17
S0224,C2D7,28
S0224,C2D10,31
S0224,C2D11,32
S0224,C2D11,32
S0224,C2D16,37
S0224,C2D16,37
S0224,C3D6,48
S0224,C3D7,49
S0224,C3D7,49
S0224,C3D17,59
S0224,TA1,64
S0224,EOT,64
S0224,C4D2,65
S0224,C4D9,72
S0224,C4D16,79
S0224,C4D17,80
S0224,FU1,148
S0225,SCREENING,-35
S0225,SCREENING,-35
S0225,SCREENING,-35
S0225,SCREENING,-35
S0225,SCREENING,-35
S0225,SCREENING,-35
S0225,SCREENING,-35
S0225,C1D1,1
S0225,C1D1,1
S0225,C1D1,1
S0225,C2D9,30
S0225,C2D9,30
S0225,C3D8,50
S0225,C3D10,52
S0225,C3D10,52
S0225,TA1,64
S0225,EOT,82
S0225,TA2,93
S0225,TA2,103
S0225,FU1,166
S0226,SCREENING,-35
S0226,SCREENING,-35
S0226,SCREENING,-35
S0226,SCREENING,-35
S0226,SCREENING,-35
S0226,SCREENING,-35
S0226,SCREENING,-35
S0226,C1D1,1
S0226,C3D3,45
S0226,C3D13,55
S0226,C3D13,55
S0226,TA1,64
S0226,C4D6,69
S0226,C4D16,79
S0226,EOT,84
S0226,TA2,95
S0226,TA2,97
S0226,TA2,99
S0226,TA2,109
S0226,FU1,168
S0227,SCREENING,-35
S0227,SCREENING,-35
S0227,SCREENING,-35
S0227,SCREENING,-35
S0227,SCREENING,-35
S0227,SCREENING,-35
S0227,SCREENING,-35
S0227,C1D1,1
S0227,C1D9,9
S0227,C1D9,9
S0227,C1D11,11
S0227,C1D19,19
S0227,C2D7,28
S0227,C2D20,41
S0227,C3D7,49
S0227,C3D10,52
S0227,C3D10,52
S0227,C3D12,54
S0227,C3D12,54
S0227,C3D20,62
S0227,TA1,64
S0227,C4D7,70
S0227,C4D18,81
S0227,C4D19,82
S0227,C4D19,82
S0227,EOT,84
S0227,TA2,87
S0227,TA2,101
S0227,TA2,104
S0227,TA2,104
S0227,FU1,168
S0227,follow-up,419
S0228,SCREENING,-35
S0228,SCREENING,-35
S0228,SCREENING,-35
S0228,SCREENING,-35
S0228,SCREENING,-35
S0228,SCREENING,-35
S0228,SCREENING,-35
S0228,C1D1,1
S0228,C1D1,1
S0228,C1D10,10
S0228,C1D10,10
S0228,C2D13,34
S0228,C2D13,34
S0228,C2D19,40
S0228,C3D7,49
S0228,C3D7,49
S0228,C3D12,54
S0228,TA1,64
S0228,EOT,64
S0228,C4D7,70
S0228,C4D11,74
S0228,C4D12,75
S0228,TA2,86
S0228,FU1,148
S0229,SCREENING,-35
S0229,SCREENING,-35
S0229,SCREENING,-35
S0229,SCREENING,-35
S0229,SCREENING,-35
S0229,SCREENING,-35
S0229,SCREENING,-35
S0229,C1D1,1
S0229,C1D1,1
S0229,C1D1,1
S0229,C1D2,2
S0229,C1D13,13
S0229,C3D8,50
S0229,TA1,64
S0229,EOT,64
S0229,C4D14,77
S0229,C4D16,79
S0229,C4D16,79
S0229,FU1,148
S0230,SCREENING,-35
S0230,SCREENING,-35
S0230,SCREENING,-35
S0230,SCREENING,-35
S0230,SCREENING,-35
S0230,SCREENING,-35
S0230,SCREENING,-35
S0230,C1D1,1
S0230,C1D1,1
S0230,C1D1,1
S0230,C1D16,16
S0230,C2D6,27
S0230,C2D6,27
S0230,C2D13,34
S0230,C3D7,49
S0230,C3D10,52
S0230,C3D13,55
S0230,TA1,64
S0230,C4D8,71
S0230,C4D13,76
S0230,C4D16,79
S0230,C4D16,79
S0230,C4D20,83
S0230,EOT,84
S0230,TA2,86
S0230,TA2,87
S0230,TA2,89
S0230,TA2,100
S0230,TA2,100
S0230,TA2,101
S0230,TA2,104
S0230,TA2,104
S0230,TA2,106
S0230,TA2,111
S0230,FU1,168
S0231,SCREENING,-35
S0231,SCREENING,-35
S0231,SCREENING,-35
S0231,SCREENING,-35
S0231,SCREENING,-35
S0231,SCREENING,-35
S0231,SCREENING,-35
S0231,C1D1,1
S0231,C1D1,1
S0231,C1D13,13
S0231,C1D18,18
S0231,C2D1,22
S0231,C2D1,22
S0231,C2D9,30
S0231,C3D7,49
S0231,C3D9,51
S0231,C3D16,58
S0231,C3D19,61
S0231,TA1,64
S0231,EOT,64
S0231,C4D3,66
S0231,C4D4,67
S0231,C4D8,71
S0231,C4D8,71
S0231,C4D13,76
S0231,C4D13,76
S0231,TA2,85
S0231,TA2,91
S0231,FU1,148
S0232,SCREENING,-35
S0232,SCREENING,-35
S0232,SCREENING,-35
S0232,SCREENING,-35
S0232,SCREENING,-35
S0232,SCREENING,-35
S0232,SCREENING,-35
S0232,C1D1,1
S0232,C1D1,1
S0232,C1D12,12
S0232,EOT,12
S0232,C2D6,27
S0232,FU1,96
S0233,SCREENING,-35
S0233,SCREENING,-35
S0233,SCREENING,-35
S0233,SCREENING,-35
S0233,SCREENING,-35
S0233,SCREENING,-35
S0233,SCREENING,-35
S0233,C1D1,1
S0233,C1D1,1
S0233,C1D11,11
S0233,C2D7,28
S0233,C2D11,32
S0233,C3D10,52
S0233,C3D10,52
S0233,C3D16,58
S0233,C3D16,58
S0233,C4D1,64
S0233,TA1,64
S0233,EOT,64
S0233,C4D3,66
S0233,C4D15,78
S0233,TA2,85
S0233,TA2,90
S0233,FU1,148
S0234,SCREENING,-35
S0234,SCREENING,-35
S0234,SCREENING,-35
S0234,SCREENING,-35
S0234,SCREENING,-35
S0234,SCREENING,-35
S0234,SCREENING,-35
S0234,C1D1,1
S0234,C1D1,1
S0234,C1D1,1
S0234,C1D4,4
S0234,C1D6,6
S0234,C1D9,9
S0234,C1D9,9
S0234,C1D16,16
S0234,C1D18,18
S0234,C2D2,23
S0234,C2D2,23
S0234,C3D5,47
S0234,TA1,64
S0234,EOT,64
S0234,C4D19,82
S0234,TA2,90
S0234,TA2,92
S0234,TA2,92
S0234,FU1,148
S0235,SCREENING,-35
S0235,SCREENING,-35
S0235,SCREENING,-35
S0235,SCREENING,-35
S0235,SCREENING,-35
S0235,SCREENING,-35
S0235,SCREENING,-35
S0235,C1D1,1
S0235,C1D1,1
S0235,C1D1,1
S0235,C1D10,10
S0235,C1D17,17
S0235,C2D3,24
S0235,C2D11,32
S0235,C2D18,39
S0235,C3D2,44
S0235,C3D16,58
S0235,C3D16,58
S0235,C3D17,59
S0235,C3D20,62
S0235,C3D21,63
S0235,C3D21,63
S0235,TA1,64
S0235,C4D7,70
S0235,C4D9,72
S0235,C4D19,82
S0235,EOT,84
S0235,FU1,168
S0236,SCREENING,-35
S0236,SCREENING,-35
S0236,SCREENING,-35
S0236,SCREENING,-35
S0236,SCREENING,-35
S0236,SCREENING,-35
S0236,SCREENING,-35
S0236,C1D1,1
S0236,C1D1,1
S0236,C1D1,1
S0236,C2D12,33
S0236,C2D17,38
S0236,C3D2,44
S0236,C3D2,44
S0236,TA1,64
S0236,C4D7,70
S0236,C4D12,75
S0236,C4D14,77
S0236,C4D14,77
S0236,EOT,84
S0236,TA2,101
S0236,FU1,168
S0237,SCREENING,-35
S0237,SCREENING,-35
S0237,SCREENING,-35
S0237,SCREENING,-35
S0237,SCREENING,-35
S0237,SCREENING,-35
S0237,SCREENING,-35
S0237,C1D1,1
S0237,C1D1,1
S0237,C1D1,1
S0237,C1D1,1
S0237,C1D11,11
S0237,C1D11,11
S0237,C1D14,14
S0237,C2D13,34
S0237,C2D13,34
S0237,C2D18,39
S0237,C2D18,39
S0237,C3D12,54
S0237,TA1,64
S0237,C4D14,77
S0237,EOT,84
S0237,TA2,91
S0237,TA2,92
S0237,TA2,97
S0237,TA2,98
S0237,TA2,100
S0237,FU1,168
S0238,SCREENING,-35
S0238,SCREENING,-35
S0238,SCREENING,-35
S0238,SCREENING,-35
S0238,SCREENING,-35
S0238,SCREENING,-35
S0238,SCREENING,-35
S0238,C1D1,1
S0238,C1D1,1
S0238,C3D14,56
S0238,C3D14,56
S0238,TA1,64
S0238,EOT,84
S0238,FU1,168
S0239,SCREENING,-35
S0239,SCREENING,-35
S0239,SCREENING,-35
S0239,SCREENING,-35
S0239,SCREENING,-35
S0239,SCREENING,-35
S0239,SCREENING,-35
S0239,C1D1,1
S0239,C1D1,1
S0239,C1D1,1
S0239,C1D3,3
S0239,C1D3,3
S0239,C1D3,3
S0239,C1D21,21
S0239,C2D4,25
S0239,C3D1,43
S0239,TA1,64
S0239,EOT,64
S0239,C4D9,72
S0239,TA2,91
S0239,FU1,148
S0240,SCREENING,-35
S0240,SCREENING,-35
S0240,SCREENING,-35
S0240,SCREENING,-35
S0240,SCREENING,-35
S0240,SCREENING,-35
S0240,SCREENING,-35
S0240,C1D1,1
S0240,C1D1,1
S0240,C1D11,11
S0240,C2D14,35
S0240,TA1,64
S0240,C4D2,65
S0240,C4D13,76
S0240,C4D15,78
S0240,C4D15,78
S0240,EOT,84
S0240,FU1,168
S0241,SCREENING,-35
S0241,SCREENING,-35
S0241,SCREENING,-35
S0241,SCREENING,-35
S0241,SCREENING,-35
S0241,SCREENING,-35
S0241,SCREENING,-35
S0241,C1D1,1
S0241,C1D1,1
S0241,C1D1,1
S0241,C1D9,9
S0241,C1D15,15
S0241,C1D15,15
S0241,C2D21,42
S0241,C2D21,42
S0241,C3D6,48
S0241,TA1,64
S0241,C4D4,67
S0241,C4D15,78
S0241,C4D16,79
S0241,C4D16,79
S0241,C4D18,81
S0241,EOT,84
S0241,TA2,91
S0241,TA2,109
S0241,FU1,168
S0242,SCREENING,-35
S0242,SCREENING,-35
S0242,SCREENING,-35
S0242,SCREENING,-35
S0242,SCREENING,-35
S0242,SCREENING,-35
S0242,SCREENING,-35
S0242,C1D1,1
S0242,C1D1,1
S0242,C1D1,1
S0242,C2D5,26
S0242,C2D6,27
S0242,C2D6,27
S0242,C2D7,28
S0242,C2D10,31
S0242,C3D10,52
S0242,C3D15,57
S0242,TA1,64
S0242,EOT,84
S0242,TA2,87
S0242,TA2,87
S0242,TA2,97
S0242,TA2,105
S0242,TA2,111
S0242,FU1,168
S0243,SCREENING,-35
S0243,SCREENING,-35
S0243,SCREENING,-35
S0243,SCREENING,-35
S0243,SCREENING,-35
S0243,SCREENING,-35
S0243,SCREENING,-35
S0243,C1D1,1
S0243,C1D1,1
S0243,C1D5,5
S0243,C1D8,8
S0243,C1D8,8
S0243,C1D16,16
S0243,C3D12,54
S0243,C3D18,60
S0243,C3D19,61
S0243,C4D1,64
S0243,TA1,64
S0243,C4D9,72
S0243,C4D21,84
S0243,EOT,84
S0243,TA2,98
S0243,TA2,103
S0243,TA2,112
S0243,FU1,168
S0243,follow-up,500
S0244,SCREENING,-35
S0244,SCREENING,-35
S0244,SCREENING,-35
S0244,SCREENING,-35
S0244,SCREENING,-35
S0244,SCREENING,-35
S0244,SCREENING,-35
S0244,C1D1,1
S0244,C1D1,1
S0244,C1D1,1
S0244,C1D6,6
S0244,C2D12,33
S0244,C3D6,48
S0244,C3D6,48
S0244,C3D7,49
S0244,C3D21,63
S0244,TA1,64
S0244,C4D3,66
S0244,C4D4,67
S0244,C4D8,71
S0244,C4D15,78
S0244,EOT,84
S0244,TA2,86
S0244,TA2,86
S0244,TA2,88
S0244,TA2,88
S0244,TA2,95
S0244,TA2,99
S0244,FU1,168
S0245,SCREENING,-35
S0245,SCREENING,-35
S0245,SCREENING,-35
S0245,SCREENING,-35
S0245,SCREENING,-35
S0245,SCREENING,-35
S0245,SCREENING,-35
S0245,C1D1,1
S0245,C1D1,1
S0245,C1D1,1
S0245,C1D8,8
S0245,C1D10,10
S0245,C1D21,21
S0245,C2D9,30
S0245,C3D5,47
S0245,C3D5,47
S0245,TA1,64
S0245,C4D6,69
S0245,C4D13,76
S0245,C4D13,76
S0245,C4D13,76
S0245,EOT,84
S0245,TA2,86
S0245,TA2,110
S0245,TA2,113
S0245,FU1,168
S0246,SCREENING,-35
S0246,SCREENING,-35
S0246,SCREENING,-35
S0246,SCREENING,-35
S0246,SCREENING,-35
S0246,SCREENING,-35
S0246,SCREENING,-35
S0246,C1D1,1
S0246,C1D1,1
S0246,C1D2,2
S0246,C1D13,13
S0246,C1D13,13
S0246,C1D15,15
S0246,C1D18,18
S0246,C1D21,21
S0246,C2D1,22
S0246,C2D12,33
S0246,TA1,64
S0246,C4D8,71
S0246,EOT,84
S0246,FU1,168
S0247,SCREENING,-35
S0247,SCREENING,-35
S0247,SCREENING,-35
S0247,SCREENING,-35
S0247,SCREENING,-35
S0247,SCREENING,-35
S0247,SCREENING,-35
S0247,C1D1,1
S0247,C1D1,1
S0247,C1D1,1
S0247,TA1,64
S0247,EOT,84
S0247,FU1,168
S0248,SCREENING,-35
S0248,SCREENING,-35
S0248,SCREENING,-35
S0248,SCREENING,-35
S0248,SCREENING,-35
S0248,SCREENING,-35
S0248,SCREENING,-35
S0248,C1D1,1
S0248,C1D1,1
S0248,C1D1,1
S0248,C1D4,4
S0248,C1D8,8
S0248,C2D4,25
S0248,C3D16,58
S0248,TA1,64
S0248,C4D2,65
S0248,C4D6,69
S0248,C4D6,69
S0248,C4D8,71
S0248,C4D13,76
S0248,C4D15,78
S0248,EOT,84
S0248,TA2,98
S0248,TA2,102
S0248,FU1,168
S0249,SCREENING,-35
S0249,SCREENING,-35
S0249,SCREENING,-35
S0249,SCREENING,-35
S0249,SCREENING,-35
S0249,SCREENING,-35
S0249,SCREENING,-35
S0249,C1D1,1
S0249,C1D1,1
S0249,C1D1,1
S0249,C1D20,20
S0249,C2D1,22
S0249,C2D8,29
S0249,C2D11,32
S0249,C3D2,44
S0249,C3D2,44
S0249,C3D19,61
S0249,TA1,64
S0249,C4D13,76
S0249,EOT,84
S0249,TA2,109
S0249,TA2,114
S0249,FU1,168
S0250,SCREENING,-35
S0250,SCREENING,-35
S0250,SCREENING,-35
S0250,SCREENING,-35
S0250,SCREENING,-35
S0250,SCREENING,-35
S0250,SCREENING,-35
S0250,C1D1,1
S0250,C1D1,1
S0250,TA1,64
S0250,EOT,84
S0250,FU1,168
S0251,SCREENING,-35
S0251,SCREENING,-35
S0251,SCREENING,-35
S0251,SCREENING,-35
S0251,SCREENING,-35
S0251,SCREENING,-35
S0251,SCREENING,-35
S0251,C1D1,1
S0251,C1D1,1
S0251,C1D1,1
S0251,C1D3,3
S0251,EOT,3
S0251,C1D6,6
S0251,C1D8,8
S0251,C1D10,10
S0251,C1D11,11
S0251,C1D11,11
S0251,C1D13,13
S0251,C2D3,24
S0251,C2D5,26
S0251,C2D6,27
S0251,C2D7,28
S0251,C2D10,31
S0251,FU1,87
S0252,SCREENING,-35
S0252,SCREENING,-35
S0252,SCREENING,-35
S0252,SCREENING,-35
S0252,SCREENING,-35
S0252,SCREENING,-35
S0252,SCREENING,-35
S0252,C1D1,1
S0252,C1D1,1
S0252,C1D1,1
S0252,C1D4,4
S0252,C1D6,6
S0252,C3D3,45
S0252,C3D3,45
S0252,C3D20,62
S0252,C3D20,62
S0252,C4D1,64
S0252,TA1,64
S0252,EOT,64
S0252,C4D5,68
S0252,C4D20,83
S0252,FU1,148
S0252,follow-up,604
S0253,SCREENING,-35
S0253,SCREENING,-35
S0253,SCREENING,-35
S0253,SCREENING,-35
S0253,SCREENING,-35
S0253,SCREENING,-35
S0253,SCREENING,-35
S0253,C1D1,1
S0253,C1D1,1
S0253,C1D4,4
S0253,C1D4,4
S0253,C1D9,9
S0253,C1D19,19
S0253,C2D9,30
S0253,C2D16,37
S0253,C2D20,41
S0253,C2D20,41
S0253,TA1,64
S0253,C4D5,68
S0253,EOT,84
S0253,TA2,97
S0253,FU1,168
S0254,SCREENING,-35
S0254,SCREENING,-35
S0254,SCREENING,-35
S0254,SCREENING,-35
S0254,SCREENING,-35
S0254,SCREENING,-35
S0254,SCREENING,-35
S0254,C1D1,1
S0254,C1D1,1
S0254,C1D1,1
S0254,C1D5,5
S0254,C1D6,6
S0254,C1D7,7
S0254,C1D17,17
S0254,C1D17,17
S0254,C2D9,30
S0254,C2D9,30
S0254,C2D15,36
S0254,C2D20,41
S0254,C2D21,42
S0254,C3D13,55
S0254,TA1,64
S0254,C4D6,69
S0254,C4D20,83
S0254,EOT,84
S0254,TA2,93
S0254,FU1,168
S0255,SCREENING,-35
S0255,SCREENING,-35
S0255,SCREENING,-35
S0255,SCREENING,-35
S0255,SCREENING,-35
S0255,SCREENING,-35
S0255,SCREENING,-35
S0255,C1D1,1
S0255,TA1,64
S0255,EOT,84
S0255,FU1,168
S0256,SCREENING,-35
S0256,SCREENING,-35
S0256,SCREENING,-35
S0256,SCREENING,-35
S0256,SCREENING,-35
S0256,SCREENING,-35
S0256,SCREENING,-35
S0256,C1D1,1
S0256,C1D4,4
S0256,C1D9,9
S0256,C1D11,11
S0256,C1D12,12
S0256,C1D17,17
S0256,C1D18,18
S0256,C2D1,22
S0256,C2D3,24
S0256,C2D4,25
S0256,C2D7,28
S0256,C2D12,33
S0256,C2D17,38
S0256,C2D17,38
S0256,C3D11,53
S0256,C3D18,60
S0256,TA1,64
S0256,EOT,64
S0256,C4D4,67
S0256,C4D11,74
S0256,C4D15,78
S0256,C4D15,78
S0256,C4D21,84
S0256,TA2,87
S0256,FU1,148
S0257,SCREENING,-35
S0257,SCREENING,-35
S0257,SCREENING,-35
S0257,SCREENING,-35
S0257,SCREENING,-35
S0257,SCREENING,-35
S0257,SCREENING,-35
S0257,C1D1,1
S0257,C1D1,1
S0257,C1D4,4
S0257,C1D9,9
S0257,C2D8,29
S0257,C2D8,29
S0257,C2D15,36
S0257,EOT,39
S0257,C2D20,41
S0257,C3D5,47
S0257,FU1,123
S0258,SCREENING,-35
S0258,SCREENING,-35
S0258,SCREENING,-35
S0258,SCREENING,-35
S0258,SCREENING,-35
S0258,SCREENING,-35
S0258,SCREENING,-35
S0258,C1D1,1
S0258,C2D17,38
S0258,TA1,64
S0258,C4D17,80
S0258,EOT,84
S0258,TA2,89
S0258,TA2,105
S0258,TA2,105
S0258,FU1,168
S0259,SCREENING,-35
S0259,SCREENING,-35
S0259,SCREENING,-35
S0259,SCREENING,-35
S0259,SCREENING,-35
S0259,SCREENING,-35
S0259,SCREENING,-35
S0259,C1D1,1
S0259,C1D1,1
S0259,C1D1,1
S0259,C1D9,9
S0259,C1D14,14
S0259,C1D19,19
S0259,C2D13,34
S0259,C3D4,46
S0259,C3D4,46
S0259,C3D4,46
S0259,C3D5,47
S0259,C3D18,60
S0259,C3D19,61
S0259,C3D19,61
S0259,TA1,64
S0259,C4D7,70
S0259,C4D10,73
S0259,C4D12,75
S0259,C4D14,77
S0259,C4D20,83
S0259,C4D21,84
S0259,C4D21,84
S0259,EOT,84
S0259,TA2,92
S0259,TA2,92
S0259,TA2,95
S0259,TA2,106
S0259,TA2,114
S0259,FU1,168
S0260,SCREENING,-35
S0260,SCREENING,-35
S0260,SCREENING,-35
S0260,SCREENING,-35
S0260,SCREENING,-35
S0260,SCREENING,-35
S0260,SCREENING,-35
S0260,C1D1,1
S0260,C1D1,1
S0260,C1D1,1
S0260,C1D14,14
S0260,C1D14,14
S0260,C1D16,16
S0260,C1D16,16
S0260,C2D4,25
S0260,C2D4,25
S0260,C2D13,34
S0260,C2D21,42
S0260,TA1,64
S0260,EOT,64
S0260,C4D3,66
S0260,C4D7,70
S0260,C4D15,78
S0260,TA2,87
S0260,TA2,87
S0260,TA2,94
S0260,FU1,148
S0261,SCREENING,-35
S0261,SCREENING,-35
S0261,SCREENING,-35
S0261,SCREENING,-35
S0261,SCREENING,-35
S0261,SCREENING,-35
S0261,SCREENING,-35
S0261,C1D1,1
S0261,C1D8,8
S0261,C1D8,8
S0261,C1D12,12
S0261,C1D15,15
S0261,C2D8,29
S0261,C2D9,30
S0261,C2D17,38
S0261,C2D21,42
S0261,C2D21,42
S0261,TA1,64
S0261,C4D5,68
S0261,C4D9,72
S0261,C4D10,73
S0261,C4D16,79
S0261,EOT,84
S0261,TA2,85
S0261,TA2,90
S0261,TA2,109
S0261,TA2,110
S0261,FU1,168
S0262,SCREENING,-35
S0262,SCREENING,-35
S0262,SCREENING,-35
S0262,SCREENING,-35
S0262,SCREENING,-35
S0262,SCREENING,-35
S0262,SCREENING,-35
S0262,C1D1,1
S0262,C1D1,1
S0262,C1D1,1
S0262,C1D12,12
S0262,C1D20,20
S0262,C2D4,25
S0262,C2D9,30
S0262,C2D9,30
S0262,C2D20,41
S0262,C3D15,57
S0262,TA1,64
S0262,EOT,64
S0262,C4D5,68
S0262,TA2,89
S0262,FU1,148
S0263,SCREENING,-35
S0263,SCREENING,-35
S0263,SCREENING,-35
S0263,SCREENING,-35
S0263,SCREENING,-35
S0263,SCREENING,-35
S0263,SCREENING,-35
S0263,C1D1,1
S0263,C1D1,1
S0263,C1D10,10
S0263,C1D12,12
S0263,C1D12,12
S0263,C1D15,15
S0263,C1D15,15
S0263,C1D18,18
S0263,C1D20,20
S0263,C1D20,20
S0263,C1D20,20
S0263,C2D5,26
S0263,C2D14,35
S0263,C3D4,46
S0263,C3D4,46
S0263,C3D11,53
S0263,TA1,64
S0263,EOT,64
S0263,C4D11,74
S0263,C4D12,75
S0263,TA2,89
S0263,FU1,148
S0264,SCREENING,-35
S0264,SCREENING,-35
S0264,SCREENING,-35
S0264,SCREENING,-35
S0264,SCREENING,-35
S0264,SCREENING,-35
S0264,SCREENING,-35
S0264,C1D1,1
S0264,C1D1,1
S0264,C1D1,1
S0264,C1D3,3
S0264,C1D8,8
S0264,C1D8,8
S0264,C1D10,10
S0264,C1D11,11
S0264,C1D12,12
S0264,C1D20,20
S0264,C1D21,21
S0264,C2D10,31
S0264,C3D1,43
S0264,C3D7,49
S0264,C3D9,51
S0264,C4D1,64
S0264,TA1,64
S0264,EOT,64
S0264,C4D7,70
S0264,C4D7,70
S0264,C4D9,72
S0264,C4D12,75
S0264,C4D16,79
S0264,TA2,88
S0264,TA2,89
S0264,TA2,94
S0264,FU1,148
S0265,SCREENING,-35
S0265,SCREENING,-35
S0265,SCREENING,-35
S0265,SCREENING,-35
S0265,SCREENING,-35
S0265,SCREENING,-35
S0265,SCREENING,-35
S0265,C1D1,1
S0265,C1D1,1
S0265,C1D15,15
S0265,C2D11,32
S0265,C2D19,40
S0265,C3D1,43
S0265,C3D5,47
S0265,C3D8,50
S0265,C3D17,59
S0265,TA1,64
S0265,C4D13,76
S0265,C4D15,78
S0265,EOT,84
S0265,TA2,90
S0265,TA2,99
S0265,TA2,100
S0265,TA2,101
S0265,TA2,108
S0265,FU1,168
S0266,SCREENING,-35
S0266,SCREENING,-35
S0266,SCREENING,-35
S0266,SCREENING,-35
S0266,SCREENING,-35
S0266,SCREENING,-35
S0266,SCREENING,-35
S0266,C1D1,1
S0266,C1D9,9
S0266,C1D20,20
S0266,C2D1,22
S0266,C2D5,26
S0266,C2D7,28
S0266,C3D15,57
S0266,C3D15,57
S0266,TA1,64
S0266,C4D12,75
S0266,C4D16,79
S0266,EOT,84
S0266,TA2,88
S0266,TA2,101
S0266,TA2,102
S0266,TA2,104
S0266,TA2,107
S0266,FU1,168
S0267,SCREENING,-35
S0267,SCREENING,-35
S0267,SCREENING,-35
S0267,SCREENING,-35
S0267,SCREENING,-35
S0267,SCREENING,-35
S0267,SCREENING,-35
S0267,C1D1,1
S0267,C1D1,1
S0267,C2D4,25
S0267,C2D14,35
S0267,C2D14,35
S0267,C3D6,48
S0267,C3D11,53
S0267,TA1,64
S0267,EOT,64
S0267,C4D16,79
S0267,C4D16,79
S0267,TA2,93
S0267,FU1,148
S0268,SCREENING,-35
S0268,SCREENING,-35
S0268,SCREENING,-35
S0268,SCREENING,-35
S0268,SCREENING,-35
S0268,SCREENING,-35
S0268,SCREENING,-35
S0268,C1D1,1
S0268,C1D11,11
S0268,C1D21,21
S0268,C2D16,37
S0268,C3D2,44
S0268,C3D13,55
S0268,TA1,64
S0268,EOT,64
S0268,C4D4,67
S0268,C4D18,81
S0268,FU1,148
S0269,SCREENING,-35
S0269,SCREENING,-35
S0269,SCREENING,-35
S0269,SCREENING,-35
S0269,SCREENING,-35
S0269,SCREENING,-35
S0269,SCREENING,-35
S0269,C1D1,1
S0269,C1D21,21
S0269,C3D11,53
S0269,TA1,64
S0269,C4D10,73
S0269,C4D14,77
S0269,C4D16,79
S0269,C4D20,83
S0269,EOT,84
S0269,TA2,89
S0269,TA2,89
S0269,FU1,168
S0270,SCREENING,-35
S0270,SCREENING,-35
S0270,SCREENING,-35
S0270,SCREENING,-35
S0270,SCREENING,-35
S0270,SCREENING,-35
S0270,SCREENING,-35
S0270,C1D1,1
S0270,C1D1,1
S0270,C2D19,40
S0270,TA1,64
S0270,EOT,84
S0270,TA2,85
S0270,TA2,94
S0270,TA2,97
S0270,TA2,97
S0270,TA2,100
S0270,TA2,107
S0270,FU1,168
S0271,SCREENING,-35
S0271,SCREENING,-35
S0271,SCREENING,-35
S0271,SCREENING,-35
S0271,SCREENING,-35
S0271,SCREENING,-35
S0271,SCREENING,-35
S0271,C1D1,1
S0271,C1D1,1
S0271,TA1,64
S0271,C4D11,74
S0271,EOT,84
S0271,TA2,90
S0271,TA2,90
S0271,FU1,168
S0271,follow-up,684
S0272,SCREENING,-35
S0272,SCREENING,-35
S0272,SCREENING,-35
S0272,SCREENING,-35
S0272,SCREENING,-35
S0272,SCREENING,-35
S0272,SCREENING,-35
S0272,C1D1,1
S0272,C1D1,1
S0272,C1D1,1
S0272,C1D10,10
S0272,C3D10,52
S0272,C3D12,54
S0272,TA1,64
S0272,C4D18,81
S0272,EOT,84
S0272,TA2,91
S0272,TA2,105
S0272,TA2,108
S0272,TA2,108
S0272,FU1,168
S0273,SCREENING,-35
S0273,SCREENING,-35
S0273,SCREENING,-35
S0273,SCREENING,-35
S0273,SCREENING,-35
S0273,SCREENING,-35
S0273,SCREENING,-35
S0273,C1D1,1
S0273,C1D1,1
S0273,C1D15,15
S0273,C1D15,15
S0273,C1D21,21
S0273,C2D16,37
S0273,C3D1,43
S0273,C3D7,49
S0273,C3D11,53
S0273,C3D20,62
S0273,TA1,64
S0273,EOT,64
S0273,C4D2,65
S0273,C4D12,75
S0273,C4D12,75
S0273,C4D18,81
S0273,C4D19,82
S0273,TA2,87
S0273,FU1,148
S0274,SCREENING,-35
S0274,SCREENING,-35
S0274,SCREENING,-35
S0274,SCREENING,-35
S0274,SCREENING,-35
S0274,SCREENING,-35
S0274,SCREENING,-35
S0274,C1D1,1
S0274,C1D1,1
S0274,C1D3,3
S0274,C1D20,20
S0274,C2D1,22
S0274,C2D8,29
S0274,C2D8,29
S0274,C2D11,32
S0274,C3D9,51
S0274,C3D10,52
S0274,C3D14,56
S0274,TA1,64
S0274,EOT,84
S0274,TA2,95
S0274,TA2,97
S0274,TA2,104
S0274,FU1,168
S0275,SCREENING,-35
S0275,SCREENING,-35
S0275,SCREENING,-35
S0275,SCREENING,-35
S0275,SCREENING,-35
S0275,SCREENING,-35
S0275,SCREENING,-35
S0275,C1D1,1
S0275,C1D1,1
S0275,C1D1,1
S0275,C1D1,1
S0275,C1D15,15
S0275,C1D16,16
S0275,C2D2,23
S0275,C2D18,39
S0275,C3D8,50
S0275,C3D12,54
S0275,C3D21,63
S0275,TA1,64
S0275,EOT,64
S0275,C4D3,66
S0275,C4D5,68
S0275,TA2,91
S0275,TA2,91
S0275,TA2,93
S0275,TA2,94
S0275,TA2,94
S0275,TA2,94
S0275,FU1,148
S0276,SCREENING,-35
S0276,SCREENING,-35
S0276,SCREENING,-35
S0276,SCREENING,-35
S0276,SCREENING,-35
S0276,SCREENING,-35
S0276,SCREENING,-35
S0276,C1D1,1
S0276,C1D1,1
S0276,C1D1,1
S0276,C1D11,11
S0276,C1D13,13
S0276,C2D7,28
S0276,C3D2,44
S0276,C3D7,49
S0276,C3D7,49
S0276,TA1,64
S0276,EOT,84
S0276,TA2,92
S0276,TA2,100
S0276,TA2,100
S0276,TA2,110
S0276,TA2,113
S0276,TA2,113
S0276,FU1,168
S0277,SCREENING,-35
S0277,SCREENING,-35
S0277,SCREENING,-35
S0277,SCREENING,-35
S0277,SCREENING,-35
S0277,SCREENING,-35
S0277,SCREENING,-35
S0277,C1D1,1
S0277,C1D1,1
S0277,C1D1,1
S0277,C1D4,4
S0277,C2D8,29
S0277,C2D21,42
S0277,C3D2,44
S0277,C3D6,48
S0277,C3D11,53
S0277,TA1,64
S0277,C4D11,74
S0277,C4D11,74
S0277,C4D12,75
S0277,C4D12,75
S0277,EOT,84
S0277,TA2,87
S0277,TA2,98
S0277,TA2,98
S0277,TA2,100
S0277,TA2,105
S0277,TA2,105
S0277,FU1,168
S0278,SCREENING,-35
S0278,SCREENING,-35
S0278,SCREENING,-35
S0278,SCREENING,-35
S0278,SCREENING,-35
S0278,SCREENING,-35
S0278,SCREENING,-35
S0278,C1D1,1
S0278,C1D1,1
S0278,C1D1,1
S0278,C1D8,8
S0278,C1D8,8
S0278,TA1,64
S0278,EOT,84
S0278,FU1,168
S0279,SCREENING,-35
S0279,SCREENING,-35
S0279,SCREENING,-35
S0279,SCREENING,-35
S0279,SCREENING,-35
S0279,SCREENING,-35
S0279,SCREENING,-35
S0279,C1D1,1
S0279,C1D1,1
S0279,C1D1,1
S0279,C1D10,10
S0279,C1D10,10
S0279,C1D12,12
S0279,C1D12,12
S0279,C1D15,15
S0279,C2D10,31
S0279,C2D21,42
S0279,C2D21,42
S0279,C3D1,43
S0279,C3D6,48
S0279,C3D12,54
S0279,C3D15,57
S0279,C3D16,58
S0279,TA1,64
S0279,EOT,64
S0279,C4D4,67
S0279,C4D9,72
S0279,C4D16,79
S0279,C4D16,79
S0279,C4D19,82
S0279,TA2,87
S0279,TA2,93
S0279,FU1,148
S0280,SCREENING,-35
S0280,SCREENING,-35
S0280,SCREENING,-35
S0280,SCREENING,-35
S0280,SCREENING,-35
S0280,SCREENING,-35
S0280,SCREENING,-35
S0280,C1D1,1
S0280,C1D1,1
S0280,C1D1,1
S0280,C1D6,6
S0280,C1D17,17
S0280,C2D9,30
S0280,C2D17,38
S0280,C3D7,49
S0280,TA1,64
S0280,C4D12,75
S0280,C4D21,84
S0280,EOT,84
S0280,TA2,89
S0280,TA2,104
S0280,TA2,106
S0280,FU1,168
S0281,SCREENING,-35
S0281,SCREENING,-35
S0281,SCREENING,-35
S0281,SCREENING,-35
S0281,SCREENING,-35
S0281,SCREENING,-35
S0281,SCREENING,-35
S0281,C1D1,1
S0281,C1D1,1
S0281,C1D1,1
S0281,C1D1,1
S0281,C1D18,18
S0281,C2D6,27
S0281,C2D8,29
S0281,C2D15,36
S0281,C2D15,36
S0281,C3D7,49
S0281,C3D16,58
S0281,TA1,64
S0281,EOT,84
S0281,TA2,85
S0281,TA2,114
S0281,FU1,168
S0282,SCREENING,-35
S0282,SCREENING,-35
S0282,SCREENING,-35
S0282,SCREENING,-35
S0282,SCREENING,-35
S0282,SCREENING,-35
S0282,SCREENING,-35
S0282,C1D1,1
S0282,C1D1,1
S0282,C1D1,1
S0282,C1D5,5
S0282,C1D11,11
S0282,C2D9,30
S0282,C2D19,40
S0282,C3D11,53
S0282,C3D18,60
S0282,C3D20,62
S0282,TA1,64
S0282,C4D15,78
S0282,C4D15,78
S0282,C4D18,81
S0282,C4D18,81
S0282,EOT,84
S0282,TA2,93
S0282,TA2,98
S0282,TA2,106
S0282,TA2,107
S0282,FU1,168
S0283,SCREENING,-35
S0283,SCREENING,-35
S0283,SCREENING,-35
S0283,SCREENING,-35
S0283,SCREENING,-35
S0283,SCREENING,-35
S0283,SCREENING,-35
S0283,C1D1,1
S0283,C1D1,1
S0283,C1D6,6
S0283,C1D11,11
S0283,C2D6,27
S0283,C2D6,27
S0283,C2D19,40
S0283,C2D20,41
S0283,C3D5,47
S0283,TA1,64
S0283,EOT,64
S0283,C4D6,69
S0283,C4D9,72
S0283,FU1,148
S0284,SCREENING,-35
S0284,SCREENING,-35
S0284,SCREENING,-35
S0284,SCREENING,-35
S0284,SCREENING,-35
S0284,SCREENING,-35
S0284,SCREENING,-35
S0284,C1D1,1
S0284,C1D1,1
S0284,C1D1,1
S0284,TA1,64
S0284,EOT,84
S0284,FU1,168
S0285,SCREENING,-35
S0285,SCREENING,-35
S0285,SCREENING,-35
S0285,SCREENING,-35
S0285,SCREENING,-35
S0285,SCREENING,-35
S0285,SCREENING,-35
S0285,C1D1,1
S0285,C1D1,1
S0285,C1D9,9
S0285,C2D8,29
S0285,C2D10,31
S0285,C2D10,31
S0285,C2D13,34
S0285,C2D13,34
S0285,C2D13,34
S0285,C2D17,38
S0285,C3D12,54
S0285,C3D12,54
S0285,TA1,64
S0285,EOT,64
S0285,C4D6,69
S0285,C4D11,74
S0285,C4D19,82
S0285,C4D19,82
S0285,TA2,91
S0285,TA2,93
S0285,FU1,148
S0286,SCREENING,-35
S0286,SCREENING,-35
S0286,SCREENING,-35
S0286,SCREENING,-35
S0286,SCREENING,-35
S0286,SCREENING,-35
S0286,SCREENING,-35
S0286,C1D1,1
S0286,C1D1,1
S0286,C1D8,8
S0286,C1D12,12
S0286,C1D17,17
S0286,C1D21,21
S0286,C1D21,21
S0286,C2D1,22
S0286,C2D2,23
S0286,C2D3,24
S0286,C2D9,30
S0286,C2D11,32
S0286,C2D15,36
S0286,TA1,64
S0286,C4D18,81
S0286,C4D19,82
S0286,C4D19,82
S0286,EOT,84
S0286,FU1,168
S0287,SCREENING,-35
S0287,SCREENING,-35
S0287,SCREENING,-35
S0287,SCREENING,-35
S0287,SCREENING,-35
S0287,SCREENING,-35
S0287,SCREENING,-35
S0287,C1D1,1
S0287,C1D1,1
S0287,C1D1,1
S0287,C1D18,18
S0287,C1D18,18
S0287,C3D7,49
S0287,C3D10,52
S0287,C3D14,56
S0287,C3D15,57
S0287,C3D15,57
S0287,TA1,64
S0287,C4D7,70
S0287,C4D7,70
S0287,C4D8,71
S0287,EOT,84
S0287,TA2,92
S0287,TA2,98
S0287,TA2,103
S0287,TA2,105
S0287,TA2,113
S0287,FU1,168
S0288,SCREENING,-35
S0288,SCREENING,-35
S0288,SCREENING,-35
S0288,SCREENING,-35
S0288,SCREENING,-35
S0288,SCREENING,-35
S0288,SCREENING,-35
S0288,C1D1,1
S0288,C1D1,1
S0288,C1D1,1
S0288,C1D2,2
S0288,C1D6,6
S0288,C1D21,21
S0288,C2D7,28
S0288,C2D12,33
S0288,C2D12,33
S0288,C2D20,41
S0288,C3D6,48
S0288,TA1,64
S0288,C4D4,67
S0288,C4D5,68
S0288,C4D14,77
S0288,C4D14,77
S0288,EOT,84
S0288,TA2,86
S0288,TA2,93
S0288,TA2,97
S0288,TA2,101
S0288,TA2,107
S0288,TA2,111
S0288,TA2,113
S0288,FU1,168
S0289,SCREENING,-35
S0289,SCREENING,-35
S0289,SCREENING,-35
S0289,SCREENING,-35
S0289,SCREENING,-35
S0289,SCREENING,-35
S0289,SCREENING,-35
S0289,C1D1,1
S0289,C1D1,1
S0289,C1D9,9
S0289,C1D13,13
S0289,C2D6,27
S0289,C2D19,40
S0289,C2D21,42
S0289,C2D21,42
S0289,C3D7,49
S0289,C4D1,64
S0289,TA1,64
S0289,C4D4,67
S0289,C4D9,72
S0289,C4D19,82
S0289,EOT,84
S0289,TA2,92
S0289,TA2,97
S0289,TA2,97
S0289,TA2,107
S0289,FU1,168
S0290,SCREENING,-35
S0290,SCREENING,-35
S0290,SCREENING,-35
S0290,SCREENING,-35
S0290,SCREENING,-35
S0290,SCREENING,-35
S0290,SCREENING,-35
S0290,C1D1,1
S0290,C1D1,1
S0290,C1D1,1
S0290,C1D2,2
S0290,C1D18,18
S0290,C1D19,19
S0290,C3D1,43
S0290,C3D1,43
S0290,C3D2,44
S0290,C3D3,45
S0290,C3D9,51
S0290,C3D9,51
S0290,C3D10,52
S0290,C3D11,53
S0290,C3D12,54
S0290,C3D15,57
S0290,TA1,64
S0290,C4D8,71
S0290,C4D8,71
S0290,C4D10,73
S0290,EOT,84
S0290,TA2,86
S0290,TA2,110
S0290,FU1,168
S0291,SCREENING,-35
S0291,SCREENING,-35
S0291,SCREENING,-35
S0291,SCREENING,-35
S0291,SCREENING,-35
S0291,SCREENING,-35
S0291,SCREENING,-35
S0291,C1D1,1
S0291,C1D1,1
S0291,C1D5,5
S0291,C1D16,16
S0291,C1D21,21
S0291,C2D5,26
S0291,C2D17,38
S0291,C2D17,38
S0291,C2D17,38
S0291,C3D9,51
S0291,C3D15,57
S0291,C3D20,62
S0291,TA1,64
S0291,EOT,64
S0291,C4D20,83
S0291,TA2,91
S0291,FU1,148
S0292,SCREENING,-35
S0292,SCREENING,-35
S0292,SCREENING,-35
S0292,SCREENING,-35
S0292,SCREENING,-35
S0292,SCREENING,-35
S0292,SCREENING,-35
S0292,C1D1,1
S0292,C1D1,1
S0292,C1D1,1
S0292,C1D6,6
S0292,C1D15,15
S0292,C1D21,21
S0292,C2D8,29
S0292,C3D2,44
S0292,C3D5,47
S0292,C3D5,47
S0292,C3D10,52
S0292,C3D12,54
S0292,TA1,64
S0292,C4D3,66
S0292,C4D21,84
S0292,EOT,84
S0292,TA2,86
S0292,TA2,89
S0292,TA2,100
S0292,FU1,168
S0292,follow-up,651
S0293,SCREENING,-35
S0293,SCREENING,-35
S0293,SCREENING,-35
S0293,SCREENING,-35
S0293,SCREENING,-35
S0293,SCREENING,-35
S0293,SCREENING,-35
S0293,C1D1,1
S0293,C1D1,1
S0293,C1D1,1
S0293,C1D9,9
S0293,C2D17,38
S0293,TA1,64
S0293,EOT,64
S0293,C4D17,80
S0293,TA2,90
S0293,TA2,90
S0293,FU1,148
S0294,SCREENING,-35
S0294,SCREENING,-35
S0294,SCREENING,-35
S0294,SCREENING,-35
S0294,SCREENING,-35
S0294,SCREENING,-35
S0294,SCREENING,-35
S0294,C1D1,1
S0294,C1D1,1
S0294,C1D10,10
S0294,C2D1,22
S0294,C2D6,27
S0294,C2D6,27
S0294,C2D7,28
S0294,C2D7,28
S0294,C2D8,29
S0294,C2D10,31
S0294,C2D21,42
S0294,C3D11,53
S0294,TA1,64
S0294,C4D8,71
S0294,C4D9,72
S0294,C4D20,83
S0294,EOT,84
S0294,TA2,89
S0294,TA2,90
S0294,TA2,94
S0294,TA2,114
S0294,FU1,168
S0295,SCREENING,-35
S0295,SCREENING,-35
S0295,SCREENING,-35
S0295,SCREENING,-35
S0295,SCREENING,-35
S0295,SCREENING,-35
S0295,SCREENING,-35
S0295,C1D1,1
S0295,C1D1,1
S0295,C1D1,1
S0295,C1D4,4
S0295,C1D14,14
S0295,EOT,18
S0296,SCREENING,-35
S0296,SCREENING,-35
S0296,SCREENING,-35
S0296,SCREENING,-35
S0296,SCREENING,-35
S0296,SCREENING,-35
S0296,SCREENING,-35
S0296,C1D1,1
S0296,C1D1,1
S0296,C1D1,1
S0296,C1D6,6
S0296,C1D10,10
S0296,C1D10,10
S0296,C2D13,34
S0296,C2D13,34
S0296,C2D15,36
S0296,C2D16,37
S0296,C2D18,39
S0296,C2D19,40
S0296,C3D19,61
S0296,TA1,64
S0296,EOT,64
S0296,C4D7,70
S0296,C4D9,72
S0296,C4D21,84
S0296,FU1,148
S0297,SCREENING,-35
S0297,SCREENING,-35
S0297,SCREENING,-35
S0297,SCREENING,-35
S0297,SCREENING,-35
S0297,SCREENING,-35
S0297,SCREENING,-35
S0297,C1D1,1
S0297,C1D1,1
S0297,C1D8,8
S0297,C1D8,8
S0297,C1D9,9
S0297,C1D9,9
S0297,C2D7,28
S0297,C2D8,29
S0297,C3D8,50
S0297,TA1,64
S0297,C4D2,65
S0297,EOT,84
S0297,TA2,87
S0297,TA2,87
S0297,TA2,94
S0297,FU1,168
S0298,SCREENING,-35
S0298,SCREENING,-35
S0298,SCREENING,-35
S0298,SCREENING,-35
S0298,SCREENING,-35
S0298,SCREENING,-35
S0298,SCREENING,-35
S0298,C1D1,1
S0298,C1D6,6
S0298,C2D12,33
S0298,C3D3,45
S0298,C3D18,60
S0298,TA1,64
S0298,C4D16,79
S0298,EOT,84
S0298,TA2,91
S0298,FU1,168
S0299,SCREENING,-35
S0299,SCREENING,-35
S0299,SCREENING,-35
S0299,SCREENING,-35
S0299,SCREENING,-35
S0299,SCREENING,-35
S0299,SCREENING,-35
S0299,C1D1,1
S0299,C1D1,1
S0299,C1D5,5
S0299,C1D14,14
S0299,C1D15,15
S0299,C2D3,24
S0299,C2D8,29
S0299,C2D15,36
S0299,C2D16,37
S0299,C3D10,52
S0299,C3D17,59
S0299,TA1,64
S0299,C4D4,67
S0299,C4D8,71
S0299,C4D8,71
S0299,EOT,84
S0299,FU1,168
S0300,SCREENING,-35
S0300,SCREENING,-35
S0300,SCREENING,-35
S0300,SCREENING,-35
S0300,SCREENING,-35
S0300,SCREENING,-35
S0300,SCREENING,-35
S0300,C1D1,1
S0300,C1D1,1
S0300,C1D21,21
S0300,C2D12,33
S0300,C2D12,33
S0300,C2D15,36
S0300,C3D20,62
S0300,TA1,64
S0300,C4D14,77
S0300,C4D19,82
S0300,EOT,84
S0300,TA2,89
S0300,TA2,107
S0300,TA2,107
S0300,FU1,168
S0301,SCREENING,-35
S0301,SCREENING,-35
S0301,SCREENING,-35
S0301,SCREENING,-35
S0301,SCREENING,-35
S0301,SCREENING,-35
S0301,SCREENING,-35
S0301,C1D1,1
S0301,C1D1,1
S0301,C1D1,1
S0301,C1D6,6
S0301,C1D8,8
S0301,C1D20,20
S0301,C1D21,21
S0301,C1D21,21
S0301,C1D21,21
S0301,C1D21,21
S0301,C2D2,23
S0301,C2D15,36
S0301,C2D16,37
S0301,EOT,38
S0301,C3D5,47
S0301,C3D15,57
S0301,C3D16,58
S0301,C3D19,61
S0301,C4D1,64
S0301,FU1,122
S0302,SCREENING,-35
S0302,SCREENING,-35
S0302,SCREENING,-35
S0302,SCREENING,-35
S0302,SCREENING,-35
S0302,SCREENING,-35
S0302,SCREENING,-35
S0302,C1D1,1
S0302,C1D1,1
S0302,C1D1,1
S0302,C1D2,2
S0302,C1D12,12
S0302,C2D13,34
S0302,C2D18,39
S0302,TA1,64
S0302,EOT,64
S0302,C4D10,73
S0302,FU1,148
S0303,SCREENING,-35
S0303,SCREENING,-35
S0303,SCREENING,-35
S0303,SCREENING,-35
S0303,SCREENING,-35
S0303,SCREENING,-35
S0303,SCREENING,-35
S0303,C1D1,1
S0303,C1D1,1
S0303,C1D12,12
S0303,C2D14,35
S0303,C2D21,42
S0303,C3D12,54
S0303,TA1,64
S0303,C4D2,65
S0303,C4D2,65
S0303,C4D17,80
S0303,C4D17,80
S0303,C4D21,84
S0303,EOT,84
S0303,TA2,89
S0303,TA2,103
S0303,TA2,113
S0303,FU1,168
S0304,SCREENING,-35
S0304,SCREENING,-35
S0304,SCREENING,-35
S0304,SCREENING,-35
S0304,SCREENING,-35
S0304,SCREENING,-35
S0304,SCREENING,-35
S0304,C1D1,1
S0304,C1D1,1
S0304,C1D1,1
S0304,C1D4,4
S0304,C1D16,16
S0304,C1D17,17
S0304,C1D17,17
S0304,C1D20,20
S0304,C1D21,21
S0304,C2D2,23
S0304,C2D3,24
S0304,C2D7,28
S0304,C3D2,44
S0304,C3D5,47
S0304,C3D12,54
S0304,TA1,64
S0304,EOT,64
S0304,C4D4,67
S0304,C4D14,77
S0304,TA2,87
S0304,TA2,93
S0304,TA2,94
S0304,FU1,148
S0305,SCREENING,-35
S0305,SCREENING,-35
S0305,SCREENING,-35
S0305,SCREENING,-35
S0305,SCREENING,-35
S0305,SCREENING,-35
S0305,SCREENING,-35
S0305,C1D1,1
S0305,C1D1,1
S0305,C1D6,6
S0305,C1D8,8
S0305,C3D14,56
S0305,TA1,64
S0305,EOT,64
S0305,C4D8,71
S0305,C4D9,72
S0305,C4D14,77
S0305,C4D18,81
S0305,TA2,87
S0305,FU1,148
S0306,SCREENING,-35
S0306,SCREENING,-35
S0306,SCREENING,-35
S0306,SCREENING,-35
S0306,SCREENING,-35
S0306,SCREENING,-35
S0306,SCREENING,-35
S0306,C1D1,1
S0306,C1D12,12
S0306,C1D15,15
S0306,C2D11,32
S0306,C2D14,35
S0306,C3D19,61
S0306,TA1,64
S0306,EOT,64
S0306,C4D9,72
S0306,C4D9,72
S0306,C4D13,76
S0306,TA2,85
S0306,TA2,85
S0306,FU1,148
S0307,SCREENING,-35
S0307,SCREENING,-35
S0307,SCREENING,-35
S0307,SCREENING,-35
S0307,SCREENING,-35
S0307,SCREENING,-35
S0307,SCREENING,-35
S0307,C1D1,1
S0307,C1D1,1
S0307,C1D1,1
S0307,C2D4,25
S0307,C2D10,31
S0307,TA1,64
S0307,EOT,64
S0307,C4D12,75
S0307,C4D12,75
S0307,C4D15,78
S0307,C4D15,78
S0307,FU1,148
S0308,SCREENING,-35
S0308,SCREENING,-35
S0308,SCREENING,-35
S0308,SCREENING,-35
S0308,SCREENING,-35
S0308,SCREENING,-35
S0308,SCREENING,-35
S0308,C1D1,1
S0308,C1D1,1
S0308,C1D1,1
S0308,C1D11,11
S0308,C1D15,15
S0308,C2D2,23
S0308,C2D10,31
S0308,C3D12,54
S0308,TA1,64
S0308,C4D16,79
S0308,C4D16,79
S0308,EOT,84
S0308,TA2,110
S0308,FU1,168
S0309,SCREENING,-35
S0309,SCREENING,-35
S0309,SCREENING,-35
S0309,SCREENING,-35
S0309,SCREENING,-35
S0309,SCREENING,-35
S0309,SCREENING,-35
S0309,C1D1,1
S0309,C1D1,1
S0309,C1D1,1
S0309,C1D8,8
S0309,C1D12,12
S0309,C1D13,13
S0309,C2D17,38
S0309,C3D6,48
S0309,C3D16,58
S0309,TA1,64
S0309,EOT,64
S0309,C4D3,66
S0309,C4D7,70
S0309,FU1,148
S0310,SCREENING,-35
S0310,SCREENING,-35
S0310,SCREENING,-35
S0310,SCREENING,-35
S0310,SCREENING,-35
S0310,SCREENING,-35
S0310,SCREENING,-35
S0310,C1D1,1
S0310,C1D12,12
S0310,C1D12,12
S0310,C2D2,23
S0310,C2D12,33
S0310,C2D16,37
S0310,C3D9,51
S0310,C3D9,51
S0310,C3D16,58
S0310,TA1,64
S0310,C4D14,77
S0310,EOT,84
S0310,TA2,85
S0310,TA2,95
S0310,TA2,98
S0310,FU1,168
S0311,SCREENING,-35
S0311,SCREENING,-35
S0311,SCREENING,-35
S0311,SCREENING,-35
S0311,SCREENING,-35
S0311,SCREENING,-35
S0311,SCREENING,-35
S0311,C1D1,1
S0311,C1D1,1
S0311,C1D2,2
S0311,C2D4,25
S0311,C2D13,34
S0311,C3D2,44
S0311,C3D5,47
S0311,C3D5,47
S0311,TA1,64
S0311,C4D10,73
S0311,C4D15,78
S0311,EOT,84
S0311,TA2,86
S0311,FU1,168
S0312,SCREENING,-35
S0312,SCREENING,-35
S0312,SCREENING,-35
S0312,SCREENING,-35
S0312,SCREENING,-35
S0312,SCREENING,-35
S0312,SCREENING,-35
S0312,C1D1,1
S0312,C1D1,1
S0312,C1D1,1
S0312,C1D4,4
S0312,C1D15,15
S0312,C1D15,15
S0312,C1D18,18
S0312,C2D5,26
S0312,C2D5,26
S0312,C3D1,43
S0312,C3D3,45
S0312,C3D5,47
S0312,C3D7,49
S0312,C3D8,50
S0312,C3D12,54
S0312,TA1,64
S0312,EOT,64
S0312,C4D9,72
S0312,C4D9,72
S0312,TA2,85
S0312,TA2,89
S0312,TA2,94
S0312,FU1,148
S0313,SCREENING,-35
S0313,SCREENING,-35
S0313,SCREENING,-35
S0313,SCREENING,-35
S0313,SCREENING,-35
S0313,SCREENING,-35
S0313,SCREENING,-35
S0313,C1D1,1
S0313,C1D1,1
S0313,C1D2,2
S0313,C1D13,13
S0313,C1D13,13
S0313,C2D11,32
S0313,C2D18,39
S0313,C3D4,46
S0313,C3D15,57
S0313,TA1,64
S0313,EOT,64
S0313,C4D16,79
S0313,C4D18,81
S0313,C4D18,81
S0313,TA2,89
S0313,TA2,89
S0313,FU1,148
S0314,SCREENING,-35
S0314,SCREENING,-35
S0314,SCREENING,-35
S0314,SCREENING,-35
S0314,SCREENING,-35
S0314,SCREENING,-35
S0314,SCREENING,-35
S0314,C1D1,1
S0314,C1D1,1
S0314,C1D1,1
S0314,TA1,64
S0314,C4D3,66
S0314,EOT,84
S0314,TA2,90
S0314,TA2,92
S0314,TA2,105
S0314,TA2,105
S0314,FU1,168
S0315,SCREENING,-35
S0315,SCREENING,-35
S0315,SCREENING,-35
S0315,SCREENING,-35
S0315,SCREENING,-35
S0315,SCREENING,-35
S0315,SCREENING,-35
S0315,C1D1,1
S0315,C1D1,1
S0315,C1D3,3
S0315,C1D8,8
S0315,C1D8,8
S0315,C2D9,30
S0315,C2D16,37
S0315,C3D6,48
S0315,C3D7,49
S0315,TA1,64
S0315,EOT,84
S0315,TA2,112
S0315,FU1,168
S0316,SCREENING,-35
S0316,SCREENING,-35
S0316,SCREENING,-35
S0316,SCREENING,-35
S0316,SCREENING,-35
S0316,SCREENING,-35
S0316,SCREENING,-35
S0316,C1D1,1
S0316,C1D1,1
S0316,C1D1,1
S0316,TA1,64
S0316,EOT,64
S0316,C4D12,75
S0316,C4D12,75
S0316,FU1,148
S0317,SCREENING,-35
S0317,SCREENING,-35
S0317,SCREENING,-35
S0317,SCREENING,-35
S0317,SCREENING,-35
S0317,SCREENING,-35
S0317,SCREENING,-35
S0317,C1D1,1
S0317,C1D1,1
S0317,C1D1,1
S0317,C2D9,30
S0317,C2D9,30
S0317,C2D14,35
S0317,C2D14,35
S0317,C3D2,44
S0317,C3D21,63
S0317,TA1,64
S0317,EOT,84
S0317,TA2,91
S0317,TA2,99
S0317,TA2,100
S0317,TA2,108
S0317,TA2,111
S0317,TA2,114
S0317,FU1,168
S0318,SCREENING,-35
S0318,SCREENING,-35
S0318,SCREENING,-35
S0318,SCREENING,-35
S0318,SCREENING,-35
S0318,SCREENING,-35
S0318,SCREENING,-35
S0318,C1D1,1
S0318,C1D1,1
S0318,C1D1,1
S0318,C1D12,12
S0318,C2D7,28
S0318,C2D7,28
S0318,TA1,64
S0318,C4D8,71
S0318,C4D21,84
S0318,EOT,84
S0318,TA2,106
S0318,TA2,107
S0318,FU1,168
S0318,follow-up,697
S0319,SCREENING,-35
S0319,SCREENING,-35
S0319,SCREENING,-35
S0319,SCREENING,-35
S0319,SCREENING,-35
S0319,SCREENING,-35
S0319,SCREENING,-35
S0319,C1D1,1
S0319,C1D1,1
S0319,C1D10,10
S0319,C3D8,50
S0319,C3D9,51
S0319,TA1,64
S0319,C4D2,65
S0319,C4D7,70
S0319,C4D9,72
S0319,C4D14,77
S0319,EOT,84
S0319,TA2,92
S0319,TA2,97
S0319,TA2,97
S0319,TA2,99
S0319,TA2,99
S0319,FU1,168
S0320,SCREENING,-35
S0320,SCREENING,-35
S0320,SCREENING,-35
S0320,SCREENING,-35
S0320,SCREENING,-35
S0320,SCREENING,-35
S0320,SCREENING,-35
S0320,C1D1,1
S0320,C1D1,1
S0320,C1D1,1
S0320,C1D7,7
S0320,C1D9,9
S0320,C1D10,10
S0320,C1D10,10
S0320,C1D11,11
S0320,C1D17,17
S0320,C1D17,17
S0320,C2D2,23
S0320,C2D9,30
S0320,C2D10,31
S0320,C2D13,34
S0320,C2D15,36
S0320,C3D18,60
S0320,TA1,64
S0320,C4D6,69
S0320,C4D16,79
S0320,C4D18,81
S0320,EOT,84
S0320,TA2,94
S0320,TA2,99
S0320,TA2,103
S0320,TA2,107
S0320,TA2,114
S0320,FU1,168
S0321,SCREENING,-35
S0321,SCREENING,-35
S0321,SCREENING,-35
S0321,SCREENING,-35
S0321,SCREENING,-35
S0321,SCREENING,-35
S0321,SCREENING,-35
S0321,C1D1,1
S0321,C1D1,1
S0321,C1D8,8
S0321,C1D18,18
S0321,C2D3,24
S0321,C2D4,25
S0321,C3D13,55
S0321,TA1,64
S0321,EOT,64
S0321,C4D11,74
S0321,C4D11,74
S0321,C4D15,78
S0321,C4D15,78
S0321,TA2,86
S0321,TA2,90
S0321,FU1,148
S0322,SCREENING,-35
S0322,SCREENING,-35
S0322,SCREENING,-35
S0322,SCREENING,-35
S0322,SCREENING,-35
S0322,SCREENING,-35
S0322,SCREENING,-35
S0322,C1D1,1
S0322,C1D4,4
S0322,C1D14,14
S0322,C1D16,16
S0322,C2D3,24
S0322,C2D3,24
S0322,C3D7,49
S0322,C3D12,54
S0322,C4D1,64
S0322,TA1,64
S0322,C4D5,68
S0322,C4D8,71
S0322,C4D20,83
S0322,EOT,84
S0322,TA2,91
S0322,TA2,100
S0322,TA2,104
S0322,TA2,105
S0322,TA2,112
S0322,TA2,112
S0322,TA2,113
S0322,TA2,113
S0322,FU1,168
S0323,SCREENING,-35
S0323,SCREENING,-35
S0323,SCREENING,-35
S0323,SCREENING,-35
S0323,SCREENING,-35
S0323,SCREENING,-35
S0323,SCREENING,-35
S0323,C1D1,1
S0323,C2D1,22
S0323,C2D6,27
S0323,C2D10,31
S0323,C2D15,36
S0323,C2D16,37
S0323,C2D18,39
S0323,C2D18,39
S0323,C2D21,42
S0323,C3D2,44
S0323,C3D4,46
S0323,EOT,55
S0323,C3D17,59
S0323,C4D7,70
S0323,C4D10,73
S0323,FU1,139
S0324,SCREENING,-35
S0324,SCREENING,-35
S0324,SCREENING,-35
S0324,SCREENING,-35
S0324,SCREENING,-35
S0324,SCREENING,-35
S0324,SCREENING,-35
S0324,C1D1,1
S0324,C2D8,29
S0324,C2D8,29
S0324,C2D16,37
S0324,C2D18,39
S0324,C2D18,39
S0324,TA1,64
S0324,C4D2,65
S0324,C4D3,66
S0324,C4D3,66
S0324,EOT,84
S0324,TA2,86
S0324,TA2,91
S0324,TA2,102
S0324,TA2,111
S0324,TA2,112
S0324,TA2,112
S0324,FU1,168
S0325,SCREENING,-35
S0325,SCREENING,-35
S0325,SCREENING,-35
S0325,SCREENING,-35
S0325,SCREENING,-35
S0325,SCREENING,-35
S0325,SCREENING,-35
S0325,C1D1,1
S0325,C1D1,1
S0325,C1D1,1
S0325,C1D6,6
S0325,C2D1,22
S0325,C2D3,24
S0325,C2D3,24
S0325,C2D4,25
S0325,C2D7,28
S0325,C2D12,33
S0325,C3D19,61
S0325,C3D19,61
S0325,C3D20,62
S0325,TA1,64
S0325,EOT,64
S0325,C4D10,73
S0325,C4D13,76
S0325,C4D13,76
S0325,C4D15,78
S0325,TA2,85
S0325,TA2,87
S0325,FU1,148
S0326,SCREENING,-35
S0326,SCREENING,-35
S0326,SCREENING,-35
S0326,SCREENING,-35
S0326,SCREENING,-35
S0326,SCREENING,-35
S0326,SCREENING,-35
S0326,C1D1,1
S0326,C1D1,1
S0326,C1D1,1
S0326,C1D2,2
S0326,C1D8,8
S0326,C1D15,15
S0326,C2D3,24
S0326,C2D14,35
S0326,C2D14,35
S0326,C3D6,48
S0326,C3D9,51
S0326,C3D9,51
S0326,TA1,64
S0326,EOT,64
S0326,C4D5,68
S0326,C4D15,78
S0326,C4D15,78
S0326,C4D18,81
S0326,FU1,148
S0326,follow-up,473
S0327,SCREENING,-35
S0327,SCREENING,-35
S0327,SCREENING,-35
S0327,SCREENING,-35
S0327,SCREENING,-35
S0327,SCREENING,-35
S0327,SCREENING,-35
S0327,C1D1,1
S0327,C1D1,1
S0327,C1D1,1
S0327,C1D11,11
S0327,C2D1,22
S0327,C2D5,26
S0327,C2D9,30
S0327,C2D9,30
S0327,C2D18,39
S0327,C2D21,42
S0327,C2D21,42
S0327,EOT,43
S0327,C3D9,51
S0327,C3D15,57
S0327,C3D15,57
S0327,C3D21,63
S0327,C3D21,63
S0327,C4D4,67
S0327,FU1,127
S0328,SCREENING,-35
S0328,SCREENING,-35
S0328,SCREENING,-35
S0328,SCREENING,-35
S0328,SCREENING,-35
S0328,SCREENING,-35
S0328,SCREENING,-35
S0328,C1D1,1
S0328,C1D6,6
S0328,C1D6,6
S0328,C1D15,15
S0328,C2D19,40
S0328,C3D9,51
S0328,C3D9,51
S0328,C3D9,51
S0328,C4D1,64
S0328,TA1,64
S0328,C4D3,66
S0328,C4D7,70
S0328,C4D16,79
S0328,EOT,84
S0328,TA2,101
S0328,TA2,104
S0328,TA2,108
S0328,FU1,168
S0328,follow-up,298
S0329,SCREENING,-35
S0329,SCREENING,-35
S0329,SCREENING,-35
S0329,SCREENING,-35
S0329,SCREENING,-35
S0329,SCREENING,-35
S0329,SCREENING,-35
S0329,C1D1,1
S0329,C1D18,18
S0329,C2D3,24
S0329,C3D6,48
S0329,C3D6,48
S0329,C3D10,52
S0329,C3D14,56
S0329,TA1,64
S0329,EOT,64
S0329,C4D5,68
S0329,C4D5,68
S0329,C4D5,68
S0329,C4D11,74
S0329,C4D11,74
S0329,TA2,87
S0329,TA2,90
S0329,TA2,90
S0329,FU1,148
S0330,SCREENING,-35
S0330,SCREENING,-35
S0330,SCREENING,-35
S0330,SCREENING,-35
S0330,SCREENING,-35
S0330,SCREENING,-35
S0330,SCREENING,-35
S0330,C1D1,1
S0330,C1D1,1
S0330,C1D1,1
S0330,C1D1,1
S0330,TA1,64
S0330,C4D15,78
S0330,EOT,84
S0330,FU1,168
S0331,SCREENING,-35
S0331,SCREENING,-35
S0331,SCREENING,-35
S0331,SCREENING,-35
S0331,SCREENING,-35
S0331,SCREENING,-35
S0331,SCREENING,-35
S0331,C1D1,1
S0331,C1D9,9
S0331,C3D4,46
S0331,C3D5,47
S0331,C3D6,48
S0331,C3D8,50
S0331,C3D10,52
S0331,TA1,64
S0331,C4D8,71
S0331,C4D8,71
S0331,C4D10,73
S0331,C4D10,73
S0331,EOT,84
S0331,TA2,86
S0331,TA2,104
S0331,TA2,109
S0331,FU1,168
S0332,SCREENING,-35
S0332,SCREENING,-35
S0332,SCREENING,-35
S0332,SCREENING,-35
S0332,SCREENING,-35
S0332,SCREENING,-35
S0332,SCREENING,-35
S0332,C1D1,1
S0332,C2D7,28
S0332,C3D3,45
S0332,C3D3,45
S0332,C3D4,46
S0332,TA1,64
S0332,C4D4,67
S0332,EOT,84
S0332,FU1,168
S0333,SCREENING,-35
S0333,SCREENING,-35
S0333,SCREENING,-35
S0333,SCREENING,-35
S0333,SCREENING,-35
S0333,SCREENING,-35
S0333,SCREENING,-35
S0333,C1D1,1
S0333,C1D1,1
S0333,C1D1,1
S0333,C2D10,31
S0333,TA1,64
S0333,C4D14,77
S0333,C4D18,81
S0333,EOT,84
S0333,TA2,89
S0333,FU1,168
S0334,SCREENING,-35
S0334,SCREENING,-35
S0334,SCREENING,-35
S0334,SCREENING,-35
S0334,SCREENING,-35
S0334,SCREENING,-35
S0334,SCREENING,-35
S0334,C1D1,1
S0334,C1D8,8
S0334,C1D9,9
S0334,C1D13,13
S0334,C1D17,17
S0334,C1D17,17
S0334,C2D12,33
S0334,C3D6,48
S0334,C3D14,56
S0334,C4D1,64
S0334,TA1,64
S0334,EOT,64
S0334,C4D7,70
S0334,C4D7,70
S0334,TA2,90
S0334,TA2,90
S0334,FU1,148
S0335,SCREENING,-35
S0335,SCREENING,-35
S0335,SCREENING,-35
S0335,SCREENING,-35
S0335,SCREENING,-35
S0335,SCREENING,-35
S0335,SCREENING,-35
S0335,C1D1,1
S0335,C1D14,14
S0335,C1D14,14
S0335,C2D1,22
S0335,EOT,25
S0335,C2D15,36
S0335,C2D21,42
S0335,C2D21,42
S0335,C3D8,50
S0335,FU1,109
S0336,SCREENING,-35
S0336,SCREENING,-35
S0336,SCREENING,-35
S0336,SCREENING,-35
S0336,SCREENING,-35
S0336,SCREENING,-35
S0336,SCREENING,-35
S0336,C1D1,1
S0336,C1D1,1
S0336,C1D1,1
S0336,C1D11,11
S0336,C2D16,37
S0336,C2D17,38
S0336,C2D18,39
S0336,C3D6,48
S0336,C3D7,49
S0336,TA1,64
S0336,C4D9,72
S0336,C4D14,77
S0336,EOT,84
S0336,TA2,89
S0336,TA2,104
S0336,TA2,111
S0336,FU1,168
S0337,SCREENING,-35
S0337,SCREENING,-35
S0337,SCREENING,-35
S0337,SCREENING,-35
S0337,SCREENING,-35
S0337,SCREENING,-35
S0337,SCREENING,-35
S0337,C1D1,1
S0337,C1D1,1
S0337,C1D1,1
S0337,C1D2,2
S0337,C1D3,3
S0337,C1D3,3
S0337,C1D5,5
S0337,C2D5,26
S0337,C2D11,32
S0337,C3D15,57
S0337,C3D19,61
S0337,TA1,64
S0337,C4D3,66
S0337,C4D5,68
S0337,C4D10,73
S0337,C4D10,73
S0337,EOT,84
S0337,TA2,86
S0337,TA2,93
S0337,TA2,93
S0337,TA2,103
S0337,TA2,103
S0337,TA2,104
S0337,TA2,105
S0337,FU1,168
S0338,SCREENING,-35
S0338,SCREENING,-35
S0338,SCREENING,-35
S0338,SCREENING,-35
S0338,SCREENING,-35
S0338,SCREENING,-35
S0338,SCREENING,-35
S0338,C1D1,1
S0338,C1D1,1
S0338,C1D1,1
S0338,C1D3,3
S0338,C1D3,3
S0338,C1D15,15
S0338,C2D7,28
S0338,C2D16,37
S0338,C2D18,39
S0338,C2D18,39
S0338,C2D19,40
S0338,C3D3,45
S0338,C3D4,46
S0338,C3D5,47
S0338,C3D5,47
S0338,C3D6,48
S0338,TA1,64
S0338,C4D14,77
S0338,C4D15,78
S0338,EOT,84
S0338,TA2,91
S0338,TA2,92
S0338,TA2,96
S0338,TA2,97
S0338,TA2,101
S0338,TA2,107
S0338,TA2,112
S0338,FU1,168
S0339,SCREENING,-35
S0339,SCREENING,-35
S0339,SCREENING,-35
S0339,SCREENING,-35
S0339,SCREENING,-35
S0339,SCREENING,-35
S0339,SCREENING,-35
S0339,C1D1,1
S0339,C1D1,1
S0339,C1D5,5
S0339,C1D21,21
S0339,EOT,28
S0339,FU1,112
S0340,SCREENING,-35
S0340,SCREENING,-35
S0340,SCREENING,-35
S0340,SCREENING,-35
S0340,SCREENING,-35
S0340,SCREENING,-35
S0340,SCREENING,-35
S0340,C1D1,1
S0340,C1D1,1
S0340,C1D1,1
S0340,C1D2,2
S0340,C1D7,7
S0340,C1D7,7
S0340,C1D16,16
S0340,C2D1,22
S0340,C2D10,31
S0340,C2D10,31
S0340,C3D1,43
S0340,C3D9,51
S0340,C3D21,63
S0340,TA1,64
S0340,C4D13,76
S0340,C4D17,80
S0340,C4D21,84
S0340,EOT,84
S0340,FU1,168
S0341,SCREENING,-35
S0341,SCREENING,-35
S0341,SCREENING,-35
S0341,SCREENING,-35
S0341,SCREENING,-35
S0341,SCREENING,-35
S0341,SCREENING,-35
S0341,C1D1,1
S0341,C1D1,1
S0341,C1D1,1
S0341,C1D9,9
S0341,C1D10,10
S0341,C1D10,10
S0341,C1D11,11
S0341,C1D17,17
S0341,C2D2,23
S0341,C2D7,28
S0341,C3D1,43
S0341,C3D10,52
S0341,C4D1,64
S0341,TA1,64
S0341,EOT,84
S0341,TA2,97
S0341,TA2,113
S0341,FU1,168
S0342,SCREENING,-35
S0342,SCREENING,-35
S0342,SCREENING,-35
S0342,SCREENING,-35
S0342,SCREENING,-35
S0342,SCREENING,-35
S0342,SCREENING,-35
S0342,C1D1,1
S0342,C1D1,1
S0342,C1D1,1
S0342,C1D3,3
S0342,C1D9,9
S0342,C1D16,16
S0342,C1D21,21
S0342,C2D1,22
S0342,C2D1,22
S0342,C2D8,29
S0342,C2D18,39
S0342,C3D18,60
S0342,TA1,64
S0342,C4D2,65
S0342,C4D12,75
S0342,EOT,84
S0342,TA2,86
S0342,TA2,104
S0342,TA2,111
S0342,TA2,113
S0342,FU1,168
S0343,SCREENING,-35
S0343,SCREENING,-35
S0343,SCREENING,-35
S0343,SCREENING,-35
S0343,SCREENING,-35
S0343,SCREENING,-35
S0343,SCREENING,-35
S0343,C1D1,1
S0343,C1D1,1
S0343,C1D11,11
S0343,C2D17,38
S0343,C2D21,42
S0343,C3D16,58
S0343,TA1,64
S0343,C4D2,65
S0343,EOT,84
S0343,TA2,86
S0343,TA2,106
S0343,TA2,109
S0343,FU1,168
S0344,SCREENING,-35
S0344,SCREENING,-35
S0344,SCREENING,-35
S0344,SCREENING,-35
S0344,SCREENING,-35
S0344,SCREENING,-35
S0344,SCREENING,-35
S0344,C1D1,1
S0344,C1D11,11
S0344,C2D13,34
S0344,C3D1,43
S0344,C3D2,44
S0344,C3D2,44
S0344,TA1,64
S0344,C4D6,69
S0344,EOT,84
S0344,TA2,85
S0344,TA2,98
S0344,TA2,98
S0344,FU1,168
S0345,SCREENING,-35
S0345,SCREENING,-35
S0345,SCREENING,-35
S0345,SCREENING,-35
S0345,SCREENING,-35
S0345,SCREENING,-35
S0345,SCREENING,-35
S0345,C1D1,1
S0345,C1D1,1
S0345,C2D3,24
S0345,C2D7,28
S0345,C2D9,30
S0345,C2D12,33
S0345,C2D18,39
S0345,C2D18,39
S0345,C3D17,59
S0345,TA1,64
S0345,EOT,64
S0345,C4D3,66
S0345,C4D4,67
S0345,C4D18,81
S0345,FU1,148
S0346,SCREENING,-35
S0346,SCREENING,-35
S0346,SCREENING,-35
S0346,SCREENING,-35
S0346,SCREENING,-35
S0346,SCREENING,-35
S0346,SCREENING,-35
S0346,C1D1,1
S0346,C1D3,3
S0346,C1D6,6
S0346,C1D6,6
S0346,C1D12,12
S0346,C1D12,12
S0346,C1D14,14
S0346,C1D18,18
S0346,C2D6,27
S0346,C2D17,38
S0346,EOT,41
S0346,C3D1,43
S0346,C3D3,45
S0346,C3D3,45
S0346,C3D17,59
S0346,C4D3,66
S0346,C4D3,66
S0346,C4D4,67
S0346,FU1,125
S0346,follow-up,624
S0347,SCREENING,-35
S0347,SCREENING,-35
S0347,SCREENING,-35
S0347,SCREENING,-35
S0347,SCREENING,-35
S0347,SCREENING,-35
S0347,SCREENING,-35
S0347,C1D1,1
S0347,C1D1,1
S0347,C1D1,1
S0347,C3D12,54
S0347,C3D21,63
S0347,C3D21,63
S0347,TA1,64
S0347,EOT,64
S0347,FU1,148
S0348,SCREENING,-35
S0348,SCREENING,-35
S0348,SCREENING,-35
S0348,SCREENING,-35
S0348,SCREENING,-35
S0348,SCREENING,-35
S0348,SCREENING,-35
S0348,C1D1,1
S0348,C1D1,1
S0348,C1D1,1
S0348,C2D2,23
S0348,C2D6,27
S0348,C2D8,29
S0348,C2D15,36
S0348,C3D5,47
S0348,C3D14,56
S0348,C3D14,56
S0348,C3D15,57
S0348,C3D17,59
S0348,C3D20,62
S0348,TA1,64
S0348,C4D2,65
S0348,C4D13,76
S0348,C4D21,84
S0348,EOT,84
S0348,TA2,92
S0348,TA2,106
S0348,TA2,106
S0348,TA2,109
S0348,TA2,110
S0348,FU1,168
S0349,SCREENING,-35
S0349,SCREENING,-35
S0349,SCREENING,-35
S0349,SCREENING,-35
S0349,SCREENING,-35
S0349,SCREENING,-35
S0349,SCREENING,-35
S0349,C1D1,1
S0349,C1D1,1
S0349,C1D1,1
S0349,C1D2,2
S0349,C1D17,17
S0349,C2D17,38
S0349,C3D2,44
S0349,C3D17,59
S0349,TA1,64
S0349,EOT,84
S0349,TA2,98
S0349,TA2,98
S0349,FU1,168
S0350,SCREENING,-35
S0350,SCREENING,-35
S0350,SCREENING,-35
S0350,SCREENING,-35
S0350,SCREENING,-35
S0350,SCREENING,-35
S0350,SCREENING,-35
S0350,C1D1,1
S0350,C1D1,1
S0350,C1D8,8
S0350,C1D9,9
S0350,C1D16,16
S0350,C2D4,25
S0350,C2D6,27
S0350,C2D6,27
S0350,C2D9,30
S0350,C2D13,34
S0350,C3D3,45
S0350,C3D11,53
S0350,C3D17,59
S0350,C3D17,59
S0350,TA1,64
S0350,C4D8,71
S0350,C4D8,71
S0350,EOT,84
S0350,TA2,85
S0350,TA2,85
S0350,TA2,95
S0350,TA2,95
S0350,TA2,101
S0350,TA2,108
S0350,FU1,168
S0351,SCREENING,-35
S0351,SCREENING,-35
S0351,SCREENING,-35
S0351,SCREENING,-35
S0351,SCREENING,-35
S0351,SCREENING,-35
S0351,SCREENING,-35
S0351,C1D1,1
S0351,C1D1,1
S0351,C1D1,1
S0351,C1D1,1
S0351,C1D1,1
S0351,C1D2,2
S0351,C1D7,7
S0351,C1D7,7
S0351,C1D18,18
S0351,C1D18,18
S0351,C2D1,22
S0351,C2D2,23
S0351,C2D5,26
S0351,C2D5,26
S0351,C2D7,28
S0351,C2D15,36
S0351,C2D16,37
S0351,C3D1,43
S0351,C3D8,50
S0351,C4D1,64
S0351,C4D1,64
S0351,TA1,64
S0351,C4D3,66
S0351,C4D5,68
S0351,EOT,68
S0351,C4D8,71
S0351,C4D9,72
S0351,C4D10,73
S0351,C4D11,74
S0351,C4D13,76
S0351,C4D16,79
S0351,C4D17,80
S0351,C4D21,84
S0351,TA2,89
S0351,TA2,92
S0351,TA2,94
S0351,TA2,95
S0351,FU1,152
S0351,follow-up,565
S0352,SCREENING,-35
S0352,SCREENING,-35
S0352,SCREENING,-35
S0352,SCREENING,-35
S0352,SCREENING,-35
S0352,SCREENING,-35
S0352,SCREENING,-35
S0352,C1D1,1
S0352,C1D1,1
S0352,C1D1,1
S0352,C1D9,9
S0352,C1D9,9
S0352,C1D9,9
S0352,C1D11,11
S0352,C1D11,11
S0352,C1D14,14
S0352,C1D19,19
S0352,C1D21,21
S0352,C2D4,25
S0352,C2D5,26
S0352,C2D6,27
S0352,C2D11,32
S0352,C2D14,35
S0352,EOT,35
S0352,C2D20,41
S0352,C3D2,44
S0352,C3D10,52
S0352,C3D10,52
S0352,C3D19,61
S0352,C3D19,61
S0352,FU1,119
S0353,SCREENING,-35
S0353,SCREENING,-35
S0353,SCREENING,-35
S0353,SCREENING,-35
S0353,SCREENING,-35
S0353,SCREENING,-35
S0353,SCREENING,-35
S0353,C1D1,1
S0353,C1D1,1
S0353,C1D1,1
S0353,C1D8,8
S0353,C1D10,10
S0353,C1D12,12
S0353,C1D12,12
S0353,C2D3,24
S0353,C2D5,26
S0353,C2D6,27
S0353,C2D17,38
S0353,C2D21,42
S0353,C3D7,49
S0353,C3D13,55
S0353,C3D16,58
S0353,C3D17,59
S0353,TA1,64
S0353,EOT,64
S0353,C4D2,65
S0353,C4D6,69
S0353,C4D9,72
S0353,TA2,87
S0353,TA2,90
S0353,TA2,90
S0353,FU1,148
S0354,SCREENING,-35
S0354,SCREENING,-35
S0354,SCREENING,-35
S0354,SCREENING,-35
S0354,SCREENING,-35
S0354,SCREENING,-35
S0354,SCREENING,-35
S0354,C1D1,1
S0354,C1D9,9
S0354,C1D21,21
S0354,C2D13,34
S0354,C3D16,58
S0354,C3D19,61
S0354,C3D21,63
S0354,C4D1,64
S0354,TA1,64
S0354,C4D19,82
S0354,C4D19,82
S0354,EOT,84
S0354,TA2,92
S0354,TA2,92
S0354,TA2,94
S0354,TA2,94
S0354,TA2,105
S0354,TA2,107
S0354,FU1,168
S0355,SCREENING,-35
S0355,SCREENING,-35
S0355,SCREENING,-35
S0355,SCREENING,-35
S0355,SCREENING,-35
S0355,SCREENING,-35
S0355,SCREENING,-35
S0355,C1D1,1
S0355,C1D3,3
S0355,C1D6,6
S0355,EOT,8
S0355,C1D9,9
S0355,C1D14,14
S0355,C2D1,22
S0355,C2D1,22
S0355,C2D1,22
S0355,C2D8,29
S0355,C2D13,34
S0355,C2D15,36
S0355,C2D16,37
S0355,C2D17,38
S0355,C2D17,38
S0355,FU1,92
S0356,SCREENING,-35
S0356,SCREENING,-35
S0356,SCREENING,-35
S0356,SCREENING,-35
S0356,SCREENING,-35
S0356,SCREENING,-35
S0356,SCREENING,-35
S0356,C1D1,1
S0356,C1D1,1
S0356,C1D1,1
S0356,C1D19,19
S0356,C2D2,23
S0356,C2D7,28
S0356,C2D8,29
S0356,C2D17,38
S0356,C3D6,48
S0356,C3D9,51
S0356,C3D11,53
S0356,C3D14,56
S0356,C3D15,57
S0356,TA1,64
S0356,C4D20,83
S0356,EOT,84
S0356,TA2,97
S0356,FU1,168
S0357,SCREENING,-35
S0357,SCREENING,-35
S0357,SCREENING,-35
S0357,SCREENING,-35
S0357,SCREENING,-35
S0357,SCREENING,-35
S0357,SCREENING,-35
S0357,C1D1,1
S0357,C1D1,1
S0357,C1D4,4
S0357,C1D6,6
S0357,C2D5,26
S0357,C2D5,26
S0357,C2D12,33
S0357,C2D13,34
S0357,C3D3,45
S0357,C3D10,52
S0357,C3D10,52
S0357,C3D18,60
S0357,C4D1,64
S0357,TA1,64
S0357,EOT,64
S0357,C4D15,78
S0357,C4D17,80
S0357,C4D17,80
S0357,C4D18,81
S0357,TA2,87
S0357,FU1,148
S0358,SCREENING,-35
S0358,SCREENING,-35
S0358,SCREENING,-35
S0358,SCREENING,-35
S0358,SCREENING,-35
S0358,SCREENING,-35
S0358,SCREENING,-35
S0358,C1D1,1
S0358,C1D1,1
S0358,C1D1,1
S0358,C1D3,3
S0358,C1D4,4
S0358,C1D12,12
S0358,C1D13,13
S0358,C1D13,13
S0358,C2D8,29
S0358,C2D19,40
S0358,C2D19,40
S0358,TA1,64
S0358,C4D14,77
S0358,EOT,84
S0358,FU1,168
S0359,SCREENING,-35
S0359,SCREENING,-35
S0359,SCREENING,-35
S0359,SCREENING,-35
S0359,SCREENING,-35
S0359,SCREENING,-35
S0359,SCREENING,-35
S0359,C1D1,1
S0359,C1D1,1
S0359,C1D1,1
S0359,C1D6,6
S0359,C1D17,17
S0359,C2D10,31
S0359,C2D11,32
S0359,EOT,34
S0359,C2D20,41
S0359,C3D4,46
S0359,C3D4,46
S0359,C3D6,48
S0359,C3D8,50
S0359,C3D8,50
S0359,C3D13,55
S0359,C3D21,63
S0359,FU1,118
S0360,SCREENING,-35
S0360,SCREENING,-35
S0360,SCREENING,-35
S0360,SCREENING,-35
S0360,SCREENING,-35
S0360,SCREENING,-35
S0360,SCREENING,-35
S0360,C1D1,1
S0360,C1D2,2
S0360,C2D1,22
S0360,C3D18,60
S0360,TA1,64
S0360,C4D9,72
S0360,C4D17,80
S0360,EOT,84
S0360,TA2,88
S0360,TA2,94
S0360,FU1,168
S0361,SCREENING,-35
S0361,SCREENING,-35
S0361,SCREENING,-35
S0361,SCREENING,-35
S0361,SCREENING,-35
S0361,SCREENING,-35
S0361,SCREENING,-35
S0361,C1D1,1
S0361,C1D1,1
S0361,C1D1,1
S0361,C1D5,5
S0361,C2D6,27
S0361,C2D6,27
S0361,C2D16,37
S0361,C3D3,45
S0361,C3D4,46
S0361,C3D11,53
S0361,C3D11,53
S0361,TA1,64
S0361,C4D8,71
S0361,C4D8,71
S0361,EOT,84
S0361,TA2,90
S0361,TA2,91
S0361,TA2,93
S0361,TA2,97
S0361,TA2,107
S0361,TA2,113
S0361,FU1,168
S0362,SCREENING,-35
S0362,SCREENING,-35
S0362,SCREENING,-35
S0362,SCREENING,-35
S0362,SCREENING,-35
S0362,SCREENING,-35
S0362,SCREENING,-35
S0362,C1D1,1
S0362,C1D1,1
S0362,C1D1,1
S0362,C1D19,19
S0362,C2D6,27
S0362,C2D9,30
S0362,C2D15,36
S0362,C2D15,36
S0362,EOT,37
S0363,SCREENING,-35
S0363,SCREENING,-35
S0363,SCREENING,-35
S0363,SCREENING,-35
S0363,SCREENING,-35
S0363,SCREENING,-35
S0363,SCREENING,-35
S0363,C1D1,1
S0363,C1D7,7
S0363,C1D7,7
S0363,C1D11,11
S0363,C2D16,37
S0363,C3D4,46
S0363,C3D7,49
S0363,C3D8,50
S0363,C3D11,53
S0363,C3D16,58
S0363,C3D16,58
S0363,C3D17,59
S0363,TA1,64
S0363,C4D5,68
S0363,C4D5,68
S0363,EOT,84
S0363,TA2,90
S0363,TA2,95
S0363,TA2,95
S0363,TA2,97
S0363,TA2,98
S0363,TA2,100
S0363,TA2,100
S0363,FU1,168
S0364,SCREENING,-35
S0364,SCREENING,-35
S0364,SCREENING,-35
S0364,SCREENING,-35
S0364,SCREENING,-35
S0364,SCREENING,-35
S0364,SCREENING,-35
S0364,C1D1,1
S0364,C1D1,1
S0364,C1D15,15
S0364,C1D16,16
S0364,C1D19,19
S0364,C2D11,32
S0364,C3D2,44
S0364,C3D8,50
S0364,TA1,64
S0364,EOT,64
S0364,C4D5,68
S0364,C4D5,68
S0364,C4D14,77
S0364,C4D14,77
S0364,TA2,88
S0364,FU1,148
S0365,SCREENING,-35
S0365,SCREENING,-35
S0365,SCREENING,-35
S0365,SCREENING,-35
S0365,SCREENING,-35
S0365,SCREENING,-35
S0365,SCREENING,-35
S0365,C1D1,1
S0365,C1D1,1
S0365,C1D3,3
S0365,C1D8,8
S0365,C3D18,60
S0365,C4D1,64
S0365,C4D1,64
S0365,TA1,64
S0365,C4D7,70
S0365,C4D7,70
S0365,C4D14,77
S0365,C4D16,79
S0365,EOT,84
S0365,TA2,86
S0365,TA2,87
S0365,TA2,99
S0365,TA2,110
S0365,FU1,168
S0366,SCREENING,-35
S0366,SCREENING,-35
S0366,SCREENING,-35
S0366,SCREENING,-35
S0366,SCREENING,-35
S0366,SCREENING,-35
S0366,SCREENING,-35
S0366,C1D1,1
S0366,C1D11,11
S0366,C1D11,11
S0366,C2D9,30
S0366,C2D9,30
S0366,C2D11,32
S0366,C2D13,34
S0366,C2D19,40
S0366,TA1,64
S0366,C4D12,75
S0366,C4D19,82
S0366,EOT,84
S0366,TA2,94
S0366,TA2,98
S0366,TA2,108
S0366,FU1,168
S0367,SCREENING,-35
S0367,SCREENING,-35
S0367,SCREENING,-35
S0367,SCREENING,-35
S0367,SCREENING,-35
S0367,SCREENING,-35
S0367,SCREENING,-35
S0367,C1D1,1
S0367,C1D1,1
S0367,C1D1,1
S0367,C1D1,1
S0367,C1D5,5
S0367,C1D6,6
S0367,C1D13,13
S0367,EOT,16
S0367,C1D20,20
S0367,C1D21,21
S0367,C2D2,23
S0367,C2D3,24
S0367,C2D6,27
S0367,C2D11,32
S0367,C2D21,42
S0367,C2D21,42
S0367,C3D4,46
S0367,FU1,100
S0368,SCREENING,-35
S0368,SCREENING,-35
S0368,SCREENING,-35
S0368,SCREENING,-35
S0368,SCREENING,-35
S0368,SCREENING,-35
S0368,SCREENING,-35
S0368,C1D1,1
S0368,C1D1,1
S0368,C1D1,1
S0368,C1D1,1
S0368,C1D2,2
S0368,C1D3,3
S0368,C1D3,3
S0368,C1D5,5
S0368,EOT,12
S0368,C1D13,13
S0368,C1D13,13
S0368,C1D16,16
S0368,C1D17,17
S0368,C2D4,25
S0368,C2D19,40
S0368,FU1,96
S0369,SCREENING,-35
S0369,SCREENING,-35
S0369,SCREENING,-35
S0369,SCREENING,-35
S0369,SCREENING,-35
S0369,SCREENING,-35
S0369,SCREENING,-35
S0369,C1D1,1
S0369,C2D9,30
S0369,C2D15,36
S0369,C2D15,36
S0369,C2D17,38
S0369,TA1,64
S0369,EOT,84
S0369,FU1,168
S0370,SCREENING,-35
S0370,SCREENING,-35
S0370,SCREENING,-35
S0370,SCREENING,-35
S0370,SCREENING,-35
S0370,SCREENING,-35
S0370,SCREENING,-35
S0370,C1D1,1
S0370,C1D1,1
S0370,C1D1,1
S0370,C1D8,8
S0370,C1D12,12
S0370,C1D13,13
S0370,C1D18,18
S0370,C1D21,21
S0370,C2D2,23
S0370,C2D4,25
S0370,C2D4,25
S0370,C2D18,39
S0370,C3D8,50
S0370,C3D8,50
S0370,C3D9,51
S0370,C3D18,60
S0370,C3D19,61
S0370,TA1,64
S0370,EOT,64
S0370,C4D4,67
S0370,C4D17,80
S0370,C4D18,81
S0370,TA2,90
S0370,TA2,90
S0370,TA2,91
S0370,FU1,148
S0371,SCREENING,-35
S0371,SCREENING,-35
S0371,SCREENING,-35
S0371,SCREENING,-35
S0371,SCREENING,-35
S0371,SCREENING,-35
S0371,SCREENING,-35
S0371,C1D1,1
S0371,C1D1,1
S0371,C1D1,1
S0371,C1D20,20
S0371,C2D3,24
S0371,C2D4,25
S0371,C2D4,25
S0371,C2D20,41
S0371,C2D20,41
S0371,C3D19,61
S0371,TA1,64
S0371,C4D12,75
S0371,EOT,84
S0371,TA2,105
S0371,FU1,168
S0372,SCREENING,-35
S0372,SCREENING,-35
S0372,SCREENING,-35
S0372,SCREENING,-35
S0372,SCREENING,-35
S0372,SCREENING,-35
S0372,SCREENING,-35
S0372,C1D1,1
S0372,C1D5,5
S0372,C1D11,11
S0372,C2D1,22
S0372,C2D7,28
S0372,C2D7,28
S0372,C2D12,33
S0372,C2D12,33
S0372,C2D13,34
S0372,C2D16,37
S0372,C2D20,41
S0372,C2D21,42
S0372,C3D13,55
S0372,C3D16,58
S0372,C3D18,60
S0372,C3D20,62
S0372,C3D20,62
S0372,TA1,64
S0372,EOT,64
S0372,C4D2,65
S0372,C4D15,78
S0372,C4D17,80
S0372,TA2,87
S0372,TA2,89
S0372,FU1,148
