USUBJID,ARM,AETERM,AESER,SOURCE
S0003,ARM1,anemia,N,safety_v3:RESOLVED
S0003,ARM1,nausea,N,safety_v3:RESOLVED
S0003,ARM1,sensory_neuropathy,N,safety_v3:RESOLVED
S0003,ARM1,sleeplessness,N,safety_v3:RESOLVED
S0003,ARM1,thrombocytopenia,N,safety_v3:RESOLVED
S0003,ARM1,hypercholesterolemia,N,safety_v3:RESOLVED
S0003,ARM1,spasm,N,safety_v3:RESOLVED
S0003,ARM1,vomiting,N,safety_v3:RESOLVED
S0003,ARM1,pain_in_limb,N,safety_v3:RESOLVED
S0003,ARM1,hypertension_variable,N,safety_v3:RESOLVED
S0003,ARM1,neutrophil_count_decreased,N,safety_v3:RESOLVED
S0003,ARM1,thrombosis/thrombus/embolism,N,safety_v3:RESOLVED
S0003,ARM1,neuropathy-sensory,N,safety_v3:RESOLVED
S0003,ARM1,weight_loss,N,safety_v3:RESOLVED
S0003,ARM1,influenza,N,safety_v3:RESOLVED
S0003,ARM1,neuropathic_pain,N,safety_v3:RESOLVED
S0003,ARM1,decreased_platelet_count,N,safety_v3:RESOLVED
S0003,ARM1,nasopharyngitis,N,safety_v3:RESOLVED
S0003,ARM1,peripheral_nervous_system_diseases,N,safety_v3:RESOLVED
S0003,ARM1,dyspepsia,N,safety_v3:RESOLVED
S0003,ARM1,bone_pain,N,safety_v3:RESOLVED
S0003,ARM1,rash/desquamation,N,safety_v3:RESOLVED
S0003,ARM1,neuralgia,N,safety_v3:RESOLVED
S0003,ARM1,lower_respiratory_tract_infection,Y,safety_v3:RESOLVED
S0003,ARM1,hypertension,N,protocol:F120
S0005,ARM1,diarrhea,N,safety_v3:RESOLVED
S0005,ARM1,constipation,N,safety_v3:RESOLVED
S0005,ARM1,anemia,N,safety_v3:RESOLVED
S0005,ARM1,sensory_neuropathy,N,safety_v3:RESOLVED
S0005,ARM1,sleeplessness,N,safety_v3:RESOLVED
S0005,ARM1,thrombocytopenia,N,safety_v3:RESOLVED
S0005,ARM1,back_pain,N,safety_v3:RESOLVED
S0005,ARM1,hypercholesterolemia,N,safety_v3:RESOLVED
S0005,ARM1,coughing,N,safety_v3:RESOLVED
S0005,ARM1,leukopenia,N,safety_v3:RESOLVED
S0005,ARM1,spasm,N,safety_v3:RESOLVED
S0005,ARM1,dyspnea,N,safety_v3:RESOLVED
S0005,ARM1,pain_in_limb,N,safety_v3:RESOLVED
S0005,ARM1,hypertension_variable,N,safety_v3:RESOLVED
S0005,ARM1,dizziness,N,safety_v3:RESOLVED
S0005,ARM1,decrease_in_appetite,N,safety_v3:RESOLVED
S0005,ARM1,cataract,N,safety_v3:RESOLVED
S0005,ARM1,peripheral_edema,N,safety_v3:RESOLVED
S0005,ARM1,neutrophil_count_decreased,N,safety_v3:RESOLVED
S0005,ARM1,fever,N,safety_v3:RESOLVED
S0005,ARM1,hypertriglyceridemia,N,safety_v3:RESOLVED
S0005,ARM1,neuropathy-sensory,N,safety_v3:RESOLVED
S0005,ARM1,influenza,N,safety_v3:RESOLVED
S0005,ARM1,nasopharyngitis,N,safety_v3:RESOLVED
S0005,ARM1,peripheral_nervous_system_diseases,N,safety_v3:RESOLVED
S0005,ARM1,dyspepsia,N,safety_v3:RESOLVED
S0005,ARM1,bone_pain,N,safety_v3:RESOLVED
S0005,ARM1,respiratory_tract_infections,N,safety_v3:RESOLVED
S0005,ARM1,anorexia,N,safety_v3:RESOLVED
S0005,ARM1,rash/desquamation,N,safety_v3:RESOLVED
S0005,ARM1,pneumonia,N,safety_v3:RESOLVED
S0005,ARM1,neuralgia,N,safety_v3:RESOLVED
S0005,ARM1,non_cardiac_chest_pain,N,safety_v3:RESOLVED
S0005,ARM1,hypoalbuminemia,N,safety_v3:RESOLVED
S0005,ARM1,edema:_limb,N,safety_v3:RESOLVED
S0005,ARM1,lower_respiratory_tract_infection,Y,safety_v3:RESOLVED
S0005,ARM1,cardiac_failure_secondary_to_chest_deformity,Y,safety_v3:RESOLVED
S0005,ARM1,deep_vein_thrombosis,Y,safety_v3:RESOLVED
S0005,ARM1,hypertension,N,protocol:F120
S0006,ARM1,constipation,N,safety_v3:RESOLVED
S0006,ARM1,nausea,N,safety_v3:RESOLVED
S0006,ARM1,sensory_neuropathy,N,safety_v3:RESOLVED
S0006,ARM1,thrombocytopenia,N,safety_v3:RESOLVED
S0006,ARM1,hypercholesterolemia,N,safety_v3:RESOLVED
S0006,ARM1,hypertension_variable,N,safety_v3:RESOLVED
S0006,ARM1,dizziness,N,safety_v3:RESOLVED
S0006,ARM1,decrease_in_appetite,N,safety_v3:RESOLVED
S0006,ARM1,neutrophil_count_decreased,N,safety_v3:RESOLVED
S0006,ARM1,hypertriglyceridemia,N,safety_v3:RESOLVED
S0006,ARM1,neuropathy-sensory,N,safety_v3:RESOLVED
S0006,ARM1,nasopharyngitis,N,safety_v3:RESOLVED
S0006,ARM1,peripheral_nervous_system_diseases,N,safety_v3:RESOLVED
S0006,ARM1,bone_pain,N,safety_v3:RESOLVED
S0006,ARM1,rash/desquamation,N,safety_v3:RESOLVED
S0006,ARM1,neuralgia,N,safety_v3:RESOLVED
S0006,ARM1,hypoalbuminemia,N,safety_v3:RESOLVED
S0006,ARM1,dry_skin,N,safety_v3:RESOLVED
S0006,ARM1,lower_respiratory_tract_infection,Y,safety_v3:RESOLVED
S0006,ARM1,hypertension,N,protocol:F118
S0006,ARM1,hypertension,N,protocol:F120
S0007,ARM1,constipation,N,safety_v3:RESOLVED
S0007,ARM1,neutropenia,N,safety_v3:RESOLVED
S0007,ARM1,thrombocytopenia,N,safety_v3:RESOLVED
S0007,ARM1,upper_respiratory_infections,N,safety_v3:RESOLVED
S0007,ARM1,hypercholesterolemia,N,safety_v3:RESOLVED
S0007,ARM1,leukopenia,N,safety_v3:RESOLVED
S0007,ARM1,vomiting,N,safety_v3:RESOLVED
S0007,ARM1,pain_in_limb,N,safety_v3:RESOLVED
S0007,ARM1,hypertension_variable,N,safety_v3:RESOLVED
S0007,ARM1,dizziness,N,safety_v3:RESOLVED
S0007,ARM1,decrease_in_appetite,N,safety_v3:RESOLVED
S0007,ARM1,neutrophil_count_decreased,N,safety_v3:RESOLVED
S0007,ARM1,hypertriglyceridemia,N,safety_v3:RESOLVED
S0007,ARM1,thrombosis/thrombus/embolism,N,safety_v3:RESOLVED
S0007,ARM1,neuropathy-sensory,N,safety_v3:RESOLVED
S0007,ARM1,headache,N,safety_v3:RESOLVED
S0007,ARM1,influenza,N,safety_v3:RESOLVED
S0007,ARM1,peripheral_nervous_system_diseases,N,safety_v3:RESOLVED
S0007,ARM1,dyspepsia,N,safety_v3:RESOLVED
S0007,ARM1,falls,N,safety_v3:RESOLVED
S0007,ARM1,bone_pain,N,safety_v3:RESOLVED
S0007,ARM1,gastroenteritis,N,safety_v3:RESOLVED
S0007,ARM1,platelets,N,safety_v3:RESOLVED
S0007,ARM1,rash/desquamation,N,safety_v3:RESOLVED
S0007,ARM1,pneumonia,N,safety_v3:RESOLVED
S0007,ARM1,neuralgia,N,safety_v3:RESOLVED
S0007,ARM1,non_cardiac_chest_pain,N,safety_v3:RESOLVED
S0007,ARM1,hemoglobin_normal_12_16_gm,N,safety_v3:RESOLVED
S0007,ARM1,lower_respiratory_tract_infection,Y,safety_v3:RESOLVED
S0007,ARM1,respiratory_tract_infections,Y,safety_v3:RESOLVED
S0007,ARM1,hypertension,N,protocol:F118
S0007,ARM1,hypertension,N,protocol:F120
S0008,ARM1,diarrhea,N,safety_v3:RESOLVED
S0008,ARM1,anemia,N,safety_v3:RESOLVED
S0008,ARM1,nausea,N,safety_v3:RESOLVED
S0008,ARM1,neutropenia,N,safety_v3:RESOLVED
S0008,ARM1,sleeplessness,N,safety_v3:RESOLVED
S0008,ARM1,thrombocytopenia,N,safety_v3:RESOLVED
S0008,ARM1,upper_respiratory_infections,N,safety_v3:RESOLVED
S0008,ARM1,hypercholesterolemia,N,safety_v3:RESOLVED
S0008,ARM1,leukopenia,N,safety_v3:RESOLVED
S0008,ARM1,spasm,N,safety_v3:RESOLVED
S0008,ARM1,vomiting,N,safety_v3:RESOLVED
S0008,ARM1,hypertension_variable,N,safety_v3:RESOLVED
S0008,ARM1,dizziness,N,safety_v3:RESOLVED
S0008,ARM1,neutrophil_count_decreased,N,safety_v3:RESOLVED
S0008,ARM1,hypertriglyceridemia,N,safety_v3:RESOLVED
S0008,ARM1,thrombosis/thrombus/embolism,N,safety_v3:RESOLVED
S0008,ARM1,neuropathy-sensory,N,safety_v3:RESOLVED
S0008,ARM1,peripheral_nervous_system_diseases,N,safety_v3:RESOLVED
S0008,ARM1,dyspepsia,N,safety_v3:RESOLVED
S0008,ARM1,falls,N,safety_v3:RESOLVED
S0008,ARM1,abdominal_pain,N,safety_v3:RESOLVED
S0008,ARM1,bone_pain,N,safety_v3:RESOLVED
S0008,ARM1,rash/desquamation,N,safety_v3:RESOLVED
S0008,ARM1,neuralgia,N,safety_v3:RESOLVED
S0008,ARM1,hypoalbuminemia,N,safety_v3:RESOLVED
S0008,ARM1,"potassium,_serum-low_(hypokalemia)",N,safety_v3:RESOLVED
S0008,ARM1,lower_respiratory_tract_infection,Y,safety_v3:RESOLVED
S0008,ARM1,respiratory_tract_infections,Y,safety_v3:RESOLVED
S0012,ARM1,diarrhea,N,safety_v3:RESOLVED
S0012,ARM1,thrombocytopenia,N,safety_v3:RESOLVED
S0012,ARM1,back_pain,N,safety_v3:RESOLVED
S0012,ARM1,hypercholesterolemia,N,safety_v3:RESOLVED
S0012,ARM1,hypertension_variable,N,safety_v3:RESOLVED
S0012,ARM1,decrease_in_appetite,N,safety_v3:RESOLVED
S0012,ARM1,neutrophil_count_decreased,N,safety_v3:RESOLVED
S0012,ARM1,dyspepsia,N,safety_v3:RESOLVED
S0012,ARM1,rash/desquamation,N,safety_v3:RESOLVED
S0012,ARM1,neuralgia,N,safety_v3:RESOLVED
S0013,ARM1,anemia,N,safety_v3:RESOLVED
S0013,ARM1,nausea,N,safety_v3:RESOLVED
S0013,ARM1,sensory_neuropathy,N,safety_v3:RESOLVED
S0013,ARM1,thrombocytopenia,N,safety_v3:RESOLVED
S0013,ARM1,back_pain,N,safety_v3:RESOLVED
S0013,ARM1,hypercholesterolemia,N,safety_v3:RESOLVED
S0013,ARM1,leukopenia,N,safety_v3:RESOLVED
S0013,ARM1,spasm,N,safety_v3:RESOLVED
S0013,ARM1,hypertension_variable,N,safety_v3:RESOLVED
S0013,ARM1,decrease_in_appetite,N,safety_v3:RESOLVED
S0013,ARM1,cataract,N,safety_v3:RESOLVED
S0013,ARM1,neutrophil_count_decreased,N,safety_v3:RESOLVED
S0013,ARM1,weight_loss,N,safety_v3:RESOLVED
S0013,ARM1,nasopharyngitis,N,safety_v3:RESOLVED
S0013,ARM1,peripheral_nervous_system_diseases,N,safety_v3:RESOLVED
S0013,ARM1,dyspepsia,N,safety_v3:RESOLVED
S0013,ARM1,rash/desquamation,N,safety_v3:RESOLVED
S0013,ARM1,neuralgia,N,safety_v3:RESOLVED
S0013,ARM1,respiratory_tract_infections,Y,safety_v3:RESOLVED
S0014,ARM1,thrombocytopenia,N,safety_v3:RESOLVED
S0014,ARM1,hypercholesterolemia,N,safety_v3:RESOLVED
S0014,ARM1,hypertension_variable,N,safety_v3:RESOLVED
S0014,ARM1,neutrophil_count_decreased,N,safety_v3:RESOLVED
S0014,ARM1,rash/desquamation,N,safety_v3:RESOLVED
S0014,ARM1,neuralgia,N,safety_v3:RESOLVED
S0015,ARM1,anemia,N,safety_v3:RESOLVED
S0015,ARM1,nausea,N,safety_v3:RESOLVED
S0015,ARM1,sensory_neuropathy,N,safety_v3:RESOLVED
S0015,ARM1,thrombocytopenia,N,safety_v3:RESOLVED
S0015,ARM1,back_pain,N,safety_v3:RESOLVED
S0015,ARM1,hypercholesterolemia,N,safety_v3:RESOLVED
S0015,ARM1,hypertension_variable,N,safety_v3:RESOLVED
S0015,ARM1,neutrophil_count_decreased,N,safety_v3:RESOLVED
S0015,ARM1,neuropathy-sensory,N,safety_v3:RESOLVED
S0015,ARM1,peripheral_nervous_system_diseases,N,safety_v3:RESOLVED
S0015,ARM1,bone_pain,N,safety_v3:RESOLVED
S0015,ARM1,rash/desquamation,N,safety_v3:RESOLVED
S0015,ARM1,neuralgia,N,safety_v3:RESOLVED
S0016,ARM1,diarrhea,N,safety_v3:RESOLVED
S0016,ARM1,anemia,N,safety_v3:RESOLVED
S0016,ARM1,nausea,N,safety_v3:RESOLVED
S0016,ARM1,sensory_neuropathy,N,safety_v3:RESOLVED
S0016,ARM1,thrombocytopenia,N,safety_v3:RESOLVED
S0016,ARM1,hypercholesterolemia,N,safety_v3:RESOLVED
S0016,ARM1,coughing,N,safety_v3:RESOLVED
S0016,ARM1,dyspnea,N,safety_v3:RESOLVED
S0016,ARM1,pain_in_limb,N,safety_v3:RESOLVED
S0016,ARM1,hypertension_variable,N,safety_v3:RESOLVED
S0016,ARM1,decrease_in_appetite,N,safety_v3:RESOLVED
S0016,ARM1,cataract,N,safety_v3:RESOLVED
S0016,ARM1,neutrophil_count_decreased,N,safety_v3:RESOLVED
S0016,ARM1,hypertriglyceridemia,N,safety_v3:RESOLVED
S0016,ARM1,thrombosis/thrombus/embolism,N,safety_v3:RESOLVED
S0016,ARM1,neuropathy-sensory,N,safety_v3:RESOLVED
S0016,ARM1,asthenia,N,safety_v3:RESOLVED
S0016,ARM1,influenza,N,safety_v3:RESOLVED
S0016,ARM1,nasopharyngitis,N,safety_v3:RESOLVED
S0016,ARM1,peripheral_nervous_system_diseases,N,safety_v3:RESOLVED
S0016,ARM1,dyspepsia,N,safety_v3:RESOLVED
S0016,ARM1,bone_pain,N,safety_v3:RESOLVED
S0016,ARM1,hypocalcemia,N,safety_v3:RESOLVED
S0016,ARM1,rash/desquamation,N,safety_v3:RESOLVED
S0016,ARM1,neuralgia,N,safety_v3:RESOLVED
S0016,ARM1,dry_skin,N,safety_v3:RESOLVED
S0016,ARM1,lower_respiratory_tract_infection,Y,safety_v3:RESOLVED
S0016,ARM1,urinary_tract_infection,Y,safety_v3:RESOLVED
S0018,ARM1,diarrhea,N,safety_v3:RESOLVED
S0018,ARM1,anemia,N,safety_v3:RESOLVED
S0018,ARM1,sensory_neuropathy,N,safety_v3:RESOLVED
S0018,ARM1,sleeplessness,N,safety_v3:RESOLVED
S0018,ARM1,thrombocytopenia,N,safety_v3:RESOLVED
S0018,ARM1,back_pain,N,safety_v3:RESOLVED
S0018,ARM1,hypercholesterolemia,N,safety_v3:RESOLVED
S0018,ARM1,vomiting,N,safety_v3:RESOLVED
S0018,ARM1,pain_in_limb,N,safety_v3:RESOLVED
S0018,ARM1,hypertension_variable,N,safety_v3:RESOLVED
S0018,ARM1,decrease_in_appetite,N,safety_v3:RESOLVED
S0018,ARM1,neutrophil_count_decreased,N,safety_v3:RESOLVED
S0018,ARM1,neuropathy-sensory,N,safety_v3:RESOLVED
S0018,ARM1,nasopharyngitis,N,safety_v3:RESOLVED
S0018,ARM1,bone_pain,N,safety_v3:RESOLVED
S0018,ARM1,rash/desquamation,N,safety_v3:RESOLVED
S0018,ARM1,respiratory_tract_infections,Y,safety_v3:RESOLVED
S0018,ARM1,hypertension,N,protocol:F118
S0019,ARM1,thrombocytopenia,N,safety_v3:RESOLVED
S0019,ARM1,hypercholesterolemia,N,safety_v3:RESOLVED
S0019,ARM1,hypertension_variable,N,safety_v3:RESOLVED
S0019,ARM1,neutrophil_count_decreased,N,safety_v3:RESOLVED
S0019,ARM1,rash/desquamation,N,safety_v3:RESOLVED
S0019,ARM1,neuralgia,N,safety_v3:RESOLVED
S0019,ARM1,respiratory_tract_infections,Y,safety_v3:RESOLVED
S0023,ARM1,constipation,N,safety_v3:RESOLVED
S0023,ARM1,thrombocytopenia,N,safety_v3:RESOLVED
S0023,ARM1,back_pain,N,safety_v3:RESOLVED
S0023,ARM1,hypercholesterolemia,N,safety_v3:RESOLVED
S0023,ARM1,dyspnea,N,safety_v3:RESOLVED
S0023,ARM1,pain_in_limb,N,safety_v3:RESOLVED
S0023,ARM1,hypertension_variable,N,safety_v3:RESOLVED
S0023,ARM1,decrease_in_appetite,N,safety_v3:RESOLVED
S0023,ARM1,cataract,N,safety_v3:RESOLVED
S0023,ARM1,neutrophil_count_decreased,N,safety_v3:RESOLVED
S0023,ARM1,neuropathy-sensory,N,safety_v3:RESOLVED
S0023,ARM1,influenza,N,safety_v3:RESOLVED
S0023,ARM1,peripheral_nervous_system_diseases,N,safety_v3:RESOLVED
S0023,ARM1,dyspepsia,N,safety_v3:RESOLVED
S0023,ARM1,bone_pain,N,safety_v3:RESOLVED
S0023,ARM1,gastroenteritis,N,safety_v3:RESOLVED
S0023,ARM1,anorexia,N,safety_v3:RESOLVED
S0023,ARM1,rash/desquamation,N,safety_v3:RESOLVED
S0023,ARM1,neuralgia,N,safety_v3:RESOLVED
S0027,ARM1,diarrhea,N,safety_v3:RESOLVED
S0027,ARM1,anemia,N,safety_v3:RESOLVED
S0027,ARM1,thrombocytopenia,N,safety_v3:RESOLVED
S0027,ARM1,back_pain,N,safety_v3:RESOLVED
S0027,ARM1,hypercholesterolemia,N,safety_v3:RESOLVED
S0027,ARM1,vomiting,N,safety_v3:RESOLVED
S0027,ARM1,hypertension_variable,N,safety_v3:RESOLVED
S0027,ARM1,decrease_in_appetite,N,safety_v3:RESOLVED
S0027,ARM1,peripheral_edema,N,safety_v3:RESOLVED
S0027,ARM1,neutrophil_count_decreased,N,safety_v3:RESOLVED
S0027,ARM1,neuropathy-sensory,N,safety_v3:RESOLVED
S0027,ARM1,nasopharyngitis,N,safety_v3:RESOLVED
S0027,ARM1,peripheral_nervous_system_diseases,N,safety_v3:RESOLVED
S0027,ARM1,dyspepsia,N,safety_v3:RESOLVED
S0027,ARM1,bone_pain,N,safety_v3:RESOLVED
S0027,ARM1,rash/desquamation,N,safety_v3:RESOLVED
S0027,ARM1,myalgia,N,safety_v3:RESOLVED
S0027,ARM1,neuralgia,N,safety_v3:RESOLVED
S0027,ARM1,dry_skin,N,safety_v3:RESOLVED
S0027,ARM1,lower_respiratory_tract_infection,Y,safety_v3:RESOLVED
S0027,ARM1,respiratory_tract_infections,Y,safety_v3:RESOLVED
S0027,ARM1,urinary_tract_infection,Y,safety_v3:RESOLVED
S0027,ARM1,hypertension,N,protocol:F118
S0028,ARM1,diarrhea,N,safety_v3:RESOLVED
S0028,ARM1,anemia,N,safety_v3:RESOLVED
S0028,ARM1,nausea,N,safety_v3:RESOLVED
S0028,ARM1,neutropenia,N,safety_v3:RESOLVED
S0028,ARM1,sensory_neuropathy,N,safety_v3:RESOLVED
S0028,ARM1,sleeplessness,N,safety_v3:RESOLVED
S0028,ARM1,thrombocytopenia,N,safety_v3:RESOLVED
S0028,ARM1,upper_respiratory_infections,N,safety_v3:RESOLVED
S0028,ARM1,back_pain,N,safety_v3:RESOLVED
S0028,ARM1,hypercholesterolemia,N,safety_v3:RESOLVED
S0028,ARM1,leukopenia,N,safety_v3:RESOLVED
S0028,ARM1,pain_in_limb,N,safety_v3:RESOLVED
S0028,ARM1,hypertension_variable,N,safety_v3:RESOLVED
S0028,ARM1,decrease_in_appetite,N,safety_v3:RESOLVED
S0028,ARM1,cataract,N,safety_v3:RESOLVED
S0028,ARM1,neutrophil_count_decreased,N,safety_v3:RESOLVED
S0028,ARM1,rash_erythematous_macules_or_papules,N,safety_v3:RESOLVED
S0028,ARM1,thrombosis/thrombus/embolism,N,safety_v3:RESOLVED
S0028,ARM1,headache,N,safety_v3:RESOLVED
S0028,ARM1,asthenia,N,safety_v3:RESOLVED
S0028,ARM1,influenza,N,safety_v3:RESOLVED
S0028,ARM1,peripheral_nervous_system_diseases,N,safety_v3:RESOLVED
S0028,ARM1,dyspepsia,N,safety_v3:RESOLVED
S0028,ARM1,bone_pain,N,safety_v3:RESOLVED
S0028,ARM1,hypocalcemia,N,safety_v3:RESOLVED
S0028,ARM1,anorexia,N,safety_v3:RESOLVED
S0028,ARM1,rash/desquamation,N,safety_v3:RESOLVED
S0028,ARM1,blurred_vision,N,safety_v3:RESOLVED
S0028,ARM1,neuralgia,N,safety_v3:RESOLVED
S0028,ARM1,dry_skin,N,safety_v3:RESOLVED
S0028,ARM1,"potassium,_serum-low_(hypokalemia)",N,safety_v3:RESOLVED
S0028,ARM1,lower_respiratory_tract_infection,Y,safety_v3:RESOLVED
S0028,ARM1,respiratory_tract_infections,Y,safety_v3:RESOLVED
S0029,ARM1,diarrhea,N,safety_v3:RESOLVED
S0029,ARM1,thrombocytopenia,N,safety_v3:RESOLVED
S0029,ARM1,hypercholesterolemia,N,safety_v3:RESOLVED
S0029,ARM1,hypertension_variable,N,safety_v3:RESOLVED
S0029,ARM1,decrease_in_appetite,N,safety_v3:RESOLVED
S0029,ARM1,neutrophil_count_decreased,N,safety_v3:RESOLVED
S0029,ARM1,peripheral_nervous_system_diseases,N,safety_v3:RESOLVED
S0029,ARM1,dyspepsia,N,safety_v3:RESOLVED
S0029,ARM1,rash/desquamation,N,safety_v3:RESOLVED
S0029,ARM1,neuralgia,N,safety_v3:RESOLVED
S0029,ARM1,dry_skin,N,safety_v3:RESOLVED
S0030,ARM1,neutropenia,N,safety_v3:RESOLVED
S0030,ARM1,thrombocytopenia,N,safety_v3:RESOLVED
S0030,ARM1,back_pain,N,safety_v3:RESOLVED
S0030,ARM1,hypercholesterolemia,N,safety_v3:RESOLVED
S0030,ARM1,spasm,N,safety_v3:RESOLVED
S0030,ARM1,hypertension_variable,N,safety_v3:RESOLVED
S0030,ARM1,dizziness,N,safety_v3:RESOLVED
S0030,ARM1,decrease_in_appetite,N,safety_v3:RESOLVED
S0030,ARM1,neutrophil_count_decreased,N,safety_v3:RESOLVED
S0030,ARM1,hypertriglyceridemia,N,safety_v3:RESOLVED
S0030,ARM1,nasopharyngitis,N,safety_v3:RESOLVED
S0030,ARM1,peripheral_nervous_system_diseases,N,safety_v3:RESOLVED
S0030,ARM1,dyspepsia,N,safety_v3:RESOLVED
S0030,ARM1,bone_pain,N,safety_v3:RESOLVED
S0030,ARM1,rash/desquamation,N,safety_v3:RESOLVED
S0030,ARM1,neuralgia,N,safety_v3:RESOLVED
S0030,ARM1,respiratory_tract_infections,Y,safety_v3:RESOLVED
S0034,ARM1,fatigue,N,safety_v3:RESOLVED
S0034,ARM1,diarrhea,N,safety_v3:RESOLVED
S0034,ARM1,anemia,N,safety_v3:RESOLVED
S0034,ARM1,neutropenia,N,safety_v3:RESOLVED
S0034,ARM1,thrombocytopenia,N,safety_v3:RESOLVED
S0034,ARM1,back_pain,N,safety_v3:RESOLVED
S0034,ARM1,hypercholesterolemia,N,safety_v3:RESOLVED
S0034,ARM1,leukopenia,N,safety_v3:RESOLVED
S0034,ARM1,spasm,N,safety_v3:RESOLVED
S0034,ARM1,vomiting,N,safety_v3:RESOLVED
S0034,ARM1,pain_in_limb,N,safety_v3:RESOLVED
S0034,ARM1,hypertension_variable,N,safety_v3:RESOLVED
S0034,ARM1,dizziness,N,safety_v3:RESOLVED
S0034,ARM1,decrease_in_appetite,N,safety_v3:RESOLVED
S0034,ARM1,cataract,N,safety_v3:RESOLVED
S0034,ARM1,peripheral_edema,N,safety_v3:RESOLVED
S0034,ARM1,neutrophil_count_decreased,N,safety_v3:RESOLVED
S0034,ARM1,fever,N,safety_v3:RESOLVED
S0034,ARM1,rash_erythematous_macules_or_papules,N,safety_v3:RESOLVED
S0034,ARM1,hypertriglyceridemia,N,safety_v3:RESOLVED
S0034,ARM1,neuropathy-sensory,N,safety_v3:RESOLVED
S0034,ARM1,asthenia,N,safety_v3:RESOLVED
S0034,ARM1,influenza,N,safety_v3:RESOLVED
S0034,ARM1,nasopharyngitis,N,safety_v3:RESOLVED
S0034,ARM1,peripheral_nervous_system_diseases,N,safety_v3:RESOLVED
S0034,ARM1,dyspepsia,N,safety_v3:RESOLVED
S0034,ARM1,bone_pain,N,safety_v3:RESOLVED
S0034,ARM1,gastroenteritis,N,safety_v3:RESOLVED
S0034,ARM1,rash/desquamation,N,safety_v3:RESOLVED
S0034,ARM1,neuralgia,N,safety_v3:RESOLVED
S0034,ARM1,non_cardiac_chest_pain,N,safety_v3:RESOLVED
S0034,ARM1,dry_skin,N,safety_v3:RESOLVED
S0034,ARM1,"potassium,_serum-low_(hypokalemia)",N,safety_v3:RESOLVED
S0034,ARM1,respiratory_tract_infections,Y,safety_v3:RESOLVED
S0034,ARM1,hyperglycemia,Y,safety_v3:RESOLVED
S0034,ARM1,thrombosis/thrombus/embolism,Y,safety_v3:RESOLVED
S0034,ARM1,hypertension,N,protocol:F120
S0038,ARM1,thrombocytopenia,N,safety_v3:RESOLVED
S0038,ARM1,hypercholesterolemia,N,safety_v3:RESOLVED
S0038,ARM1,cataract,N,safety_v3:RESOLVED
S0038,ARM1,rash/desquamation,N,safety_v3:RESOLVED
S0039,ARM1,fatigue,N,safety_v3:RESOLVED
S0039,ARM1,diarrhea,N,safety_v3:RESOLVED
S0039,ARM1,anemia,N,safety_v3:RESOLVED
S0039,ARM1,nausea,N,safety_v3:RESOLVED
S0039,ARM1,neutropenia,N,safety_v3:RESOLVED
S0039,ARM1,sensory_neuropathy,N,safety_v3:RESOLVED
S0039,ARM1,sleeplessness,N,safety_v3:RESOLVED
S0039,ARM1,thrombocytopenia,N,safety_v3:RESOLVED
S0039,ARM1,back_pain,N,safety_v3:RESOLVED
S0039,ARM1,hypercholesterolemia,N,safety_v3:RESOLVED
S0039,ARM1,spasm,N,safety_v3:RESOLVED
S0039,ARM1,vomiting,N,safety_v3:RESOLVED
S0039,ARM1,pain_in_limb,N,safety_v3:RESOLVED
S0039,ARM1,hypertension_variable,N,safety_v3:RESOLVED
S0039,ARM1,dizziness,N,safety_v3:RESOLVED
S0039,ARM1,decrease_in_appetite,N,safety_v3:RESOLVED
S0039,ARM1,cataract,N,safety_v3:RESOLVED
S0039,ARM1,peripheral_edema,N,safety_v3:RESOLVED
S0039,ARM1,neutrophil_count_decreased,N,safety_v3:RESOLVED
S0039,ARM1,fever,N,safety_v3:RESOLVED
S0039,ARM1,hypertriglyceridemia,N,safety_v3:RESOLVED
S0039,ARM1,thrombosis/thrombus/embolism,N,safety_v3:RESOLVED
S0039,ARM1,neuropathy-sensory,N,safety_v3:RESOLVED
S0039,ARM1,headache,N,safety_v3:RESOLVED
S0039,ARM1,asthenia,N,safety_v3:RESOLVED
S0039,ARM1,influenza,N,safety_v3:RESOLVED
S0039,ARM1,neuropathic_pain,N,safety_v3:RESOLVED
S0039,ARM1,nasopharyngitis,N,safety_v3:RESOLVED
S0039,ARM1,peripheral_nervous_system_diseases,N,safety_v3:RESOLVED
S0039,ARM1,dyspepsia,N,safety_v3:RESOLVED
S0039,ARM1,bone_pain,N,safety_v3:RESOLVED
S0039,ARM1,hypocalcemia,N,safety_v3:RESOLVED
S0039,ARM1,rash/desquamation,N,safety_v3:RESOLVED
S0039,ARM1,neuralgia,N,safety_v3:RESOLVED
S0039,ARM1,dysgeusia,N,safety_v3:RESOLVED
S0039,ARM1,hemoglobin_normal_12_16_gm,N,safety_v3:RESOLVED
S0039,ARM1,lower_respiratory_tract_infection,Y,safety_v3:RESOLVED
S0039,ARM1,fever,Y,safety_v3:RESOLVED
S0039,ARM1,respiratory_tract_infections,Y,safety_v3:RESOLVED
S0039,ARM1,atrial_fibrillation,Y,safety_v3:RESOLVED
S0039,ARM1,sepsis,Y,safety_v3:RESOLVED
S0039,ARM1,bronchitis,Y,safety_v3:RESOLVED
S0039,ARM1,hypertension adverse events,N,protocol:F116
S0039,ARM1,hypertension,N,protocol:F118
S0039,ARM1,hypertension,N,protocol:F120
S0039,ARM1,acute renal failure adverse events,N,protocol:F147
S0041,ARM1,thrombocytopenia,N,safety_v3:RESOLVED
S0041,ARM1,hypercholesterolemia,N,safety_v3:RESOLVED
S0041,ARM1,peripheral_nervous_system_diseases,N,safety_v3:RESOLVED
S0041,ARM1,rash/desquamation,N,safety_v3:RESOLVED
S0041,ARM1,neuralgia,N,safety_v3:RESOLVED
S0044,ARM1,anemia,N,safety_v3:RESOLVED
S0044,ARM1,sensory_neuropathy,N,safety_v3:RESOLVED
S0044,ARM1,thrombocytopenia,N,safety_v3:RESOLVED
S0044,ARM1,hypercholesterolemia,N,safety_v3:RESOLVED
S0044,ARM1,hypertension_variable,N,safety_v3:RESOLVED
S0044,ARM1,dizziness,N,safety_v3:RESOLVED
S0044,ARM1,decrease_in_appetite,N,safety_v3:RESOLVED
S0044,ARM1,neutrophil_count_decreased,N,safety_v3:RESOLVED
S0044,ARM1,neuropathy-sensory,N,safety_v3:RESOLVED
S0044,ARM1,dyspepsia,N,safety_v3:RESOLVED
S0044,ARM1,bone_pain,N,safety_v3:RESOLVED
S0044,ARM1,rash/desquamation,N,safety_v3:RESOLVED
S0044,ARM1,neuralgia,N,safety_v3:RESOLVED
S0047,ARM1,diarrhea,N,safety_v3:RESOLVED
S0047,ARM1,sensory_neuropathy,N,safety_v3:RESOLVED
S0047,ARM1,thrombocytopenia,N,safety_v3:RESOLVED
S0047,ARM1,hypercholesterolemia,N,safety_v3:RESOLVED
S0047,ARM1,vomiting,N,safety_v3:RESOLVED
S0047,ARM1,pain_in_limb,N,safety_v3:RESOLVED
S0047,ARM1,hypertension_variable,N,safety_v3:RESOLVED
S0047,ARM1,decrease_in_appetite,N,safety_v3:RESOLVED
S0047,ARM1,neutrophil_count_decreased,N,safety_v3:RESOLVED
S0047,ARM1,rash/desquamation,N,safety_v3:RESOLVED
S0047,ARM1,neuralgia,N,safety_v3:RESOLVED
S0048,ARM1,diarrhea,N,safety_v3:RESOLVED
S0048,ARM1,constipation,N,safety_v3:RESOLVED
S0048,ARM1,anemia,N,safety_v3:RESOLVED
S0048,ARM1,nausea,N,safety_v3:RESOLVED
S0048,ARM1,neutropenia,N,safety_v3:RESOLVED
S0048,ARM1,sensory_neuropathy,N,safety_v3:RESOLVED
S0048,ARM1,thrombocytopenia,N,safety_v3:RESOLVED
S0048,ARM1,back_pain,N,safety_v3:RESOLVED
S0048,ARM1,hypercholesterolemia,N,safety_v3:RESOLVED
S0048,ARM1,leukopenia,N,safety_v3:RESOLVED
S0048,ARM1,pain_in_limb,N,safety_v3:RESOLVED
S0048,ARM1,hypertension_variable,N,safety_v3:RESOLVED
S0048,ARM1,decrease_in_appetite,N,safety_v3:RESOLVED
S0048,ARM1,peripheral_edema,N,safety_v3:RESOLVED
S0048,ARM1,neutrophil_count_decreased,N,safety_v3:RESOLVED
S0048,ARM1,hypertriglyceridemia,N,safety_v3:RESOLVED
S0048,ARM1,hyperglycemia,N,safety_v3:RESOLVED
S0048,ARM1,neuropathy-sensory,N,safety_v3:RESOLVED
S0048,ARM1,headache,N,safety_v3:RESOLVED
S0048,ARM1,influenza,N,safety_v3:RESOLVED
S0048,ARM1,peripheral_nervous_system_diseases,N,safety_v3:RESOLVED
S0048,ARM1,dyspepsia,N,safety_v3:RESOLVED
S0048,ARM1,bone_pain,N,safety_v3:RESOLVED
S0048,ARM1,gastroenteritis,N,safety_v3:RESOLVED
S0048,ARM1,rash/desquamation,N,safety_v3:RESOLVED
S0048,ARM1,neuralgia,N,safety_v3:RESOLVED
S0048,ARM1,dysgeusia,N,safety_v3:RESOLVED
S0048,ARM1,dry_skin,N,safety_v3:RESOLVED
S0048,ARM1,hemoglobin_normal_12_16_gm,N,safety_v3:RESOLVED
S0048,ARM1,"potassium,_serum-low_(hypokalemia)",N,safety_v3:RESOLVED
S0048,ARM1,pneumonia,Y,safety_v3:RESOLVED
S0048,ARM1,fever,Y,safety_v3:RESOLVED
S0048,ARM1,thrombosis/thrombus/embolism,Y,safety_v3:RESOLVED
S0049,ARM1,thrombocytopenia,N,safety_v3:RESOLVED
S0049,ARM1,hypercholesterolemia,N,safety_v3:RESOLVED
S0049,ARM1,hypertension_variable,N,safety_v3:RESOLVED
S0049,ARM1,neutrophil_count_decreased,N,safety_v3:RESOLVED
S0049,ARM1,rash/desquamation,N,safety_v3:RESOLVED
S0050,ARM1,thrombocytopenia,N,safety_v3:RESOLVED
S0050,ARM1,hypercholesterolemia,N,safety_v3:RESOLVED
S0050,ARM1,pain_in_limb,N,safety_v3:RESOLVED
S0050,ARM1,hypertension_variable,N,safety_v3:RESOLVED
S0050,ARM1,dizziness,N,safety_v3:RESOLVED
S0050,ARM1,neutrophil_count_decreased,N,safety_v3:RESOLVED
S0050,ARM1,bone_pain,N,safety_v3:RESOLVED
S0050,ARM1,rash/desquamation,N,safety_v3:RESOLVED
S0050,ARM1,neuralgia,N,safety_v3:RESOLVED
S0050,ARM1,non_cardiac_chest_pain,N,safety_v3:RESOLVED
S0050,ARM1,lower_respiratory_tract_infection,Y,safety_v3:RESOLVED
S0050,ARM1,respiratory_tract_infections,Y,safety_v3:RESOLVED
S0050,ARM1,hypertension,N,protocol:F118
S0053,ARM1,thrombocytopenia,N,safety_v3:RESOLVED
S0053,ARM1,hypercholesterolemia,N,safety_v3:RESOLVED
S0053,ARM1,leukopenia,N,safety_v3:RESOLVED
S0053,ARM1,hypertension_variable,N,safety_v3:RESOLVED
S0053,ARM1,neutrophil_count_decreased,N,safety_v3:RESOLVED
S0053,ARM1,rash/desquamation,N,safety_v3:RESOLVED
S0053,ARM1,neuralgia,N,safety_v3:RESOLVED
S0056,ARM1,constipation,N,safety_v3:RESOLVED
S0056,ARM1,anemia,N,safety_v3:RESOLVED
S0056,ARM1,neutropenia,N,safety_v3:RESOLVED
S0056,ARM1,sensory_neuropathy,N,safety_v3:RESOLVED
S0056,ARM1,sleeplessness,N,safety_v3:RESOLVED
S0056,ARM1,thrombocytopenia,N,safety_v3:RESOLVED
S0056,ARM1,back_pain,N,safety_v3:RESOLVED
S0056,ARM1,hypercholesterolemia,N,safety_v3:RESOLVED
S0056,ARM1,leukopenia,N,safety_v3:RESOLVED
S0056,ARM1,spasm,N,safety_v3:RESOLVED
S0056,ARM1,vomiting,N,safety_v3:RESOLVED
S0056,ARM1,pain_in_limb,N,safety_v3:RESOLVED
S0056,ARM1,hypertension_variable,N,safety_v3:RESOLVED
S0056,ARM1,dizziness,N,safety_v3:RESOLVED
S0056,ARM1,decrease_in_appetite,N,safety_v3:RESOLVED
S0056,ARM1,cataract,N,safety_v3:RESOLVED
S0056,ARM1,neutrophil_count_decreased,N,safety_v3:RESOLVED
S0056,ARM1,hypertriglyceridemia,N,safety_v3:RESOLVED
S0056,ARM1,hyperglycemia,N,safety_v3:RESOLVED
S0056,ARM1,neuropathy-sensory,N,safety_v3:RESOLVED
S0056,ARM1,peripheral_nervous_system_diseases,N,safety_v3:RESOLVED
S0056,ARM1,dyspepsia,N,safety_v3:RESOLVED
S0056,ARM1,falls,N,safety_v3:RESOLVED
S0056,ARM1,bone_pain,N,safety_v3:RESOLVED
S0056,ARM1,hypocalcemia,N,safety_v3:RESOLVED
S0056,ARM1,respiratory_tract_infections,N,safety_v3:RESOLVED
S0056,ARM1,anorexia,N,safety_v3:RESOLVED
S0056,ARM1,rash/desquamation,N,safety_v3:RESOLVED
S0056,ARM1,neuralgia,N,safety_v3:RESOLVED
S0056,ARM1,lower_respiratory_tract_infection,Y,safety_v3:RESOLVED
S0056,ARM1,fever,Y,safety_v3:RESOLVED
S0056,ARM1,respiratory_tract_infections,Y,safety_v3:RESOLVED
S0056,ARM1,thrombosis/thrombus/embolism,Y,safety_v3:RESOLVED
S0056,ARM1,hypertension,N,protocol:F118
S0056,ARM1,hypertension,N,protocol:F120
S0058,ARM1,diarrhea,N,safety_v3:RESOLVED
S0058,ARM1,anemia,N,safety_v3:RESOLVED
S0058,ARM1,nausea,N,safety_v3:RESOLVED
S0058,ARM1,neutropenia,N,safety_v3:RESOLVED
S0058,ARM1,thrombocytopenia,N,safety_v3:RESOLVED
S0058,ARM1,back_pain,N,safety_v3:RESOLVED
S0058,ARM1,hypercholesterolemia,N,safety_v3:RESOLVED
S0058,ARM1,leukopenia,N,safety_v3:RESOLVED
S0058,ARM1,spasm,N,safety_v3:RESOLVED
S0058,ARM1,vomiting,N,safety_v3:RESOLVED
S0058,ARM1,pain_in_limb,N,safety_v3:RESOLVED
S0058,ARM1,hypertension_variable,N,safety_v3:RESOLVED
S0058,ARM1,dizziness,N,safety_v3:RESOLVED
S0058,ARM1,decrease_in_appetite,N,safety_v3:RESOLVED
S0058,ARM1,neutrophil_count_decreased,N,safety_v3:RESOLVED
S0058,ARM1,fever,N,safety_v3:RESOLVED
S0058,ARM1,influenza,N,safety_v3:RESOLVED
S0058,ARM1,decreased_platelet_count,N,safety_v3:RESOLVED
S0058,ARM1,peripheral_nervous_system_diseases,N,safety_v3:RESOLVED
S0058,ARM1,dyspepsia,N,safety_v3:RESOLVED
S0058,ARM1,bone_pain,N,safety_v3:RESOLVED
S0058,ARM1,rash/desquamation,N,safety_v3:RESOLVED
S0058,ARM1,neuralgia,N,safety_v3:RESOLVED
S0058,ARM1,respiratory_tract_infections,Y,safety_v3:RESOLVED
S0063,ARM1,hypercholesterolemia,N,safety_v3:RESOLVED
S0063,ARM1,neutrophil_count_decreased,N,safety_v3:RESOLVED
S0064,ARM1,thrombocytopenia,N,safety_v3:RESOLVED
S0064,ARM1,hypercholesterolemia,N,safety_v3:RESOLVED
S0064,ARM1,spasm,N,safety_v3:RESOLVED
S0064,ARM1,hypertension_variable,N,safety_v3:RESOLVED
S0064,ARM1,neutrophil_count_decreased,N,safety_v3:RESOLVED
S0064,ARM1,peripheral_nervous_system_diseases,N,safety_v3:RESOLVED
S0064,ARM1,bone_pain,N,safety_v3:RESOLVED
S0064,ARM1,rash/desquamation,N,safety_v3:RESOLVED
S0064,ARM1,neuralgia,N,safety_v3:RESOLVED
S0065,ARM1,thrombocytopenia,N,safety_v3:RESOLVED
S0065,ARM1,hypercholesterolemia,N,safety_v3:RESOLVED
S0065,ARM1,hypertension_variable,N,safety_v3:RESOLVED
S0065,ARM1,neutrophil_count_decreased,N,safety_v3:RESOLVED
S0065,ARM1,peripheral_nervous_system_diseases,N,safety_v3:RESOLVED
S0065,ARM1,rash/desquamation,N,safety_v3:RESOLVED
S0065,ARM1,neuralgia,N,safety_v3:RESOLVED
S0073,ARM1,diarrhea,N,safety_v3:RESOLVED
S0073,ARM1,thrombocytopenia,N,safety_v3:RESOLVED
S0073,ARM1,hypercholesterolemia,N,safety_v3:RESOLVED
S0073,ARM1,leukopenia,N,safety_v3:RESOLVED
S0073,ARM1,vomiting,N,safety_v3:RESOLVED
S0073,ARM1,hypertension_variable,N,safety_v3:RESOLVED
S0073,ARM1,neutrophil_count_decreased,N,safety_v3:RESOLVED
S0073,ARM1,neuropathy-sensory,N,safety_v3:RESOLVED
S0073,ARM1,influenza,N,safety_v3:RESOLVED
S0073,ARM1,peripheral_nervous_system_diseases,N,safety_v3:RESOLVED
S0073,ARM1,dyspepsia,N,safety_v3:RESOLVED
S0073,ARM1,rash/desquamation,N,safety_v3:RESOLVED
S0075,ARM1,constipation,N,safety_v3:RESOLVED
S0075,ARM1,neutropenia,N,safety_v3:RESOLVED
S0075,ARM1,thrombocytopenia,N,safety_v3:RESOLVED
S0075,ARM1,back_pain,N,safety_v3:RESOLVED
S0075,ARM1,hypercholesterolemia,N,safety_v3:RESOLVED
S0075,ARM1,leukopenia,N,safety_v3:RESOLVED
S0075,ARM1,hypertension_variable,N,safety_v3:RESOLVED
S0075,ARM1,dizziness,N,safety_v3:RESOLVED
S0075,ARM1,decrease_in_appetite,N,safety_v3:RESOLVED
S0075,ARM1,peripheral_edema,N,safety_v3:RESOLVED
S0075,ARM1,neutrophil_count_decreased,N,safety_v3:RESOLVED
S0075,ARM1,hypertriglyceridemia,N,safety_v3:RESOLVED
S0075,ARM1,neuropathy-sensory,N,safety_v3:RESOLVED
S0075,ARM1,influenza,N,safety_v3:RESOLVED
S0075,ARM1,peripheral_nervous_system_diseases,N,safety_v3:RESOLVED
S0075,ARM1,bone_pain,N,safety_v3:RESOLVED
S0075,ARM1,rash/desquamation,N,safety_v3:RESOLVED
S0075,ARM1,neuralgia,N,safety_v3:RESOLVED
S0075,ARM1,neuropathy:_sensory,N,safety_v3:RESOLVED
S0075,ARM1,fever,Y,safety_v3:RESOLVED
S0075,ARM1,hypertension,N,protocol:F118
S0078,ARM1,thrombocytopenia,N,safety_v3:RESOLVED
S0078,ARM1,hypercholesterolemia,N,safety_v3:RESOLVED
S0078,ARM1,hypertension_variable,N,safety_v3:RESOLVED
S0078,ARM1,decrease_in_appetite,N,safety_v3:RESOLVED
S0078,ARM1,neutrophil_count_decreased,N,safety_v3:RESOLVED
S0078,ARM1,rash/desquamation,N,safety_v3:RESOLVED
S0078,ARM1,neuralgia,N,safety_v3:RESOLVED
S0079,ARM1,sensory_neuropathy,N,safety_v3:RESOLVED
S0079,ARM1,thrombocytopenia,N,safety_v3:RESOLVED
S0079,ARM1,hypercholesterolemia,N,safety_v3:RESOLVED
S0079,ARM1,hypertension_variable,N,safety_v3:RESOLVED
S0079,ARM1,decrease_in_appetite,N,safety_v3:RESOLVED
S0079,ARM1,neutrophil_count_decreased,N,safety_v3:RESOLVED
S0079,ARM1,hypertriglyceridemia,N,safety_v3:RESOLVED
S0079,ARM1,neuropathy-sensory,N,safety_v3:RESOLVED
S0079,ARM1,influenza,N,safety_v3:RESOLVED
S0079,ARM1,rash/desquamation,N,safety_v3:RESOLVED
S0079,ARM1,neuralgia,N,safety_v3:RESOLVED
S0079,ARM1,respiratory_tract_infections,Y,safety_v3:RESOLVED
S0080,ARM1,thrombocytopenia,N,safety_v3:RESOLVED
S0080,ARM1,hypercholesterolemia,N,safety_v3:RESOLVED
S0080,ARM1,hypertension_variable,N,safety_v3:RESOLVED
S0080,ARM1,neutrophil_count_decreased,N,safety_v3:RESOLVED
S0080,ARM1,neuropathy-sensory,N,safety_v3:RESOLVED
S0080,ARM1,peripheral_nervous_system_diseases,N,safety_v3:RESOLVED
S0080,ARM1,rash/desquamation,N,safety_v3:RESOLVED
S0080,ARM1,neuralgia,N,safety_v3:RESOLVED
S0083,ARM1,diarrhea,N,safety_v3:RESOLVED
S0083,ARM1,constipation,N,safety_v3:RESOLVED
S0083,ARM1,anemia,N,safety_v3:RESOLVED
S0083,ARM1,sensory_neuropathy,N,safety_v3:RESOLVED
S0083,ARM1,sleeplessness,N,safety_v3:RESOLVED
S0083,ARM1,thrombocytopenia,N,safety_v3:RESOLVED
S0083,ARM1,back_pain,N,safety_v3:RESOLVED
S0083,ARM1,hypercholesterolemia,N,safety_v3:RESOLVED
S0083,ARM1,leukopenia,N,safety_v3:RESOLVED
S0083,ARM1,spasm,N,safety_v3:RESOLVED
S0083,ARM1,dyspnea,N,safety_v3:RESOLVED
S0083,ARM1,vomiting,N,safety_v3:RESOLVED
S0083,ARM1,pain_in_limb,N,safety_v3:RESOLVED
S0083,ARM1,hypertension_variable,N,safety_v3:RESOLVED
S0083,ARM1,dizziness,N,safety_v3:RESOLVED
S0083,ARM1,decrease_in_appetite,N,safety_v3:RESOLVED
S0083,ARM1,cataract,N,safety_v3:RESOLVED
S0083,ARM1,peripheral_edema,N,safety_v3:RESOLVED
S0083,ARM1,neutrophil_count_decreased,N,safety_v3:RESOLVED
S0083,ARM1,rash_erythematous_macules_or_papules,N,safety_v3:RESOLVED
S0083,ARM1,hyperglycemia,N,safety_v3:RESOLVED
S0083,ARM1,neuropathy-sensory,N,safety_v3:RESOLVED
S0083,ARM1,asthenia,N,safety_v3:RESOLVED
S0083,ARM1,influenza,N,safety_v3:RESOLVED
S0083,ARM1,neuropathic_pain,N,safety_v3:RESOLVED
S0083,ARM1,peripheral_nervous_system_diseases,N,safety_v3:RESOLVED
S0083,ARM1,dyspepsia,N,safety_v3:RESOLVED
S0083,ARM1,bone_pain,N,safety_v3:RESOLVED
S0083,ARM1,respiratory_tract_infections,N,safety_v3:RESOLVED
S0083,ARM1,anorexia,N,safety_v3:RESOLVED
S0083,ARM1,rash/desquamation,N,safety_v3:RESOLVED
S0083,ARM1,neuralgia,N,safety_v3:RESOLVED
S0083,ARM1,non_cardiac_chest_pain,N,safety_v3:RESOLVED
S0083,ARM1,dry_skin,N,safety_v3:RESOLVED
S0083,ARM1,hyponatremia,N,safety_v3:RESOLVED
S0083,ARM1,pain,N,safety_v3:RESOLVED
S0083,ARM1,lower_respiratory_tract_infection,Y,safety_v3:RESOLVED
S0083,ARM1,diarrhea,Y,safety_v3:RESOLVED
S0083,ARM1,accidental_overdose,Y,safety_v3:RESOLVED
S0083,ARM1,respiratory_tract_infections,Y,safety_v3:RESOLVED
S0083,ARM1,urinary_tract_infection,Y,safety_v3:RESOLVED
S0083,ARM1,hypertension,N,protocol:F120
S0084,ARM1,sensory_neuropathy,N,safety_v3:RESOLVED
S0084,ARM1,thrombocytopenia,N,safety_v3:RESOLVED
S0084,ARM1,hypercholesterolemia,N,safety_v3:RESOLVED
S0084,ARM1,leukopenia,N,safety_v3:RESOLVED
S0084,ARM1,hypertension_variable,N,safety_v3:RESOLVED
S0084,ARM1,neutrophil_count_decreased,N,safety_v3:RESOLVED
S0084,ARM1,peripheral_nervous_system_diseases,N,safety_v3:RESOLVED
S0084,ARM1,dyspepsia,N,safety_v3:RESOLVED
S0084,ARM1,bone_pain,N,safety_v3:RESOLVED
S0084,ARM1,rash/desquamation,N,safety_v3:RESOLVED
S0084,ARM1,neuralgia,N,safety_v3:RESOLVED
S0084,ARM1,non_cardiac_chest_pain,N,safety_v3:RESOLVED
S0084,ARM1,hypertension,N,protocol:F120
S0086,ARM1,hypercholesterolemia,N,safety_v3:RESOLVED
S0086,ARM1,hypertension_variable,N,safety_v3:RESOLVED
S0086,ARM1,neutrophil_count_decreased,N,safety_v3:RESOLVED
S0086,ARM1,rash/desquamation,N,safety_v3:RESOLVED
S0086,ARM1,neuralgia,N,safety_v3:RESOLVED
S0088,ARM1,constipation,N,safety_v3:RESOLVED
S0088,ARM1,anemia,N,safety_v3:RESOLVED
S0088,ARM1,sensory_neuropathy,N,safety_v3:RESOLVED
S0088,ARM1,thrombocytopenia,N,safety_v3:RESOLVED
S0088,ARM1,hypercholesterolemia,N,safety_v3:RESOLVED
S0088,ARM1,leukopenia,N,safety_v3:RESOLVED
S0088,ARM1,hypertension_variable,N,safety_v3:RESOLVED
S0088,ARM1,dizziness,N,safety_v3:RESOLVED
S0088,ARM1,decrease_in_appetite,N,safety_v3:RESOLVED
S0088,ARM1,peripheral_edema,N,safety_v3:RESOLVED
S0088,ARM1,neutrophil_count_decreased,N,safety_v3:RESOLVED
S0088,ARM1,hypertriglyceridemia,N,safety_v3:RESOLVED
S0088,ARM1,asthenia,N,safety_v3:RESOLVED
S0088,ARM1,peripheral_nervous_system_diseases,N,safety_v3:RESOLVED
S0088,ARM1,dyspepsia,N,safety_v3:RESOLVED
S0088,ARM1,rash/desquamation,N,safety_v3:RESOLVED
S0088,ARM1,neuralgia,N,safety_v3:RESOLVED
S0088,ARM1,pain,N,safety_v3:RESOLVED
S0088,ARM1,respiratory_tract_infections,Y,safety_v3:RESOLVED
S0088,ARM1,hypertension,N,protocol:F120
S0092,ARM1,thrombocytopenia,N,safety_v3:RESOLVED
S0092,ARM1,hypercholesterolemia,N,safety_v3:RESOLVED
S0092,ARM1,hypertension_variable,N,safety_v3:RESOLVED
S0092,ARM1,neutrophil_count_decreased,N,safety_v3:RESOLVED
S0092,ARM1,rash/desquamation,N,safety_v3:RESOLVED
S0092,ARM1,neuralgia,N,safety_v3:RESOLVED
S0096,ARM1,diarrhea,N,safety_v3:RESOLVED
S0096,ARM1,constipation,N,safety_v3:RESOLVED
S0096,ARM1,sensory_neuropathy,N,safety_v3:RESOLVED
S0096,ARM1,sleeplessness,N,safety_v3:RESOLVED
S0096,ARM1,thrombocytopenia,N,safety_v3:RESOLVED
S0096,ARM1,back_pain,N,safety_v3:RESOLVED
S0096,ARM1,hypercholesterolemia,N,safety_v3:RESOLVED
S0096,ARM1,spasm,N,safety_v3:RESOLVED
S0096,ARM1,pain_in_limb,N,safety_v3:RESOLVED
S0096,ARM1,hypertension_variable,N,safety_v3:RESOLVED
S0096,ARM1,decrease_in_appetite,N,safety_v3:RESOLVED
S0096,ARM1,peripheral_edema,N,safety_v3:RESOLVED
S0096,ARM1,neutrophil_count_decreased,N,safety_v3:RESOLVED
S0096,ARM1,hypertriglyceridemia,N,safety_v3:RESOLVED
S0096,ARM1,neuropathy-sensory,N,safety_v3:RESOLVED
S0096,ARM1,nasopharyngitis,N,safety_v3:RESOLVED
S0096,ARM1,peripheral_nervous_system_diseases,N,safety_v3:RESOLVED
S0096,ARM1,bone_pain,N,safety_v3:RESOLVED
S0096,ARM1,rash/desquamation,N,safety_v3:RESOLVED
S0096,ARM1,neuralgia,N,safety_v3:RESOLVED
S0096,ARM1,lower_respiratory_tract_infection,Y,safety_v3:RESOLVED
S0096,ARM1,sepsis,Y,safety_v3:RESOLVED
S0097,ARM1,sensory_neuropathy,N,safety_v3:RESOLVED
S0097,ARM1,thrombocytopenia,N,safety_v3:RESOLVED
S0097,ARM1,back_pain,N,safety_v3:RESOLVED
S0097,ARM1,hypercholesterolemia,N,safety_v3:RESOLVED
S0097,ARM1,hypertension_variable,N,safety_v3:RESOLVED
S0097,ARM1,decrease_in_appetite,N,safety_v3:RESOLVED
S0097,ARM1,neutrophil_count_decreased,N,safety_v3:RESOLVED
S0097,ARM1,hypertriglyceridemia,N,safety_v3:RESOLVED
S0097,ARM1,headache,N,safety_v3:RESOLVED
S0097,ARM1,peripheral_nervous_system_diseases,N,safety_v3:RESOLVED
S0097,ARM1,dyspepsia,N,safety_v3:RESOLVED
S0097,ARM1,bone_pain,N,safety_v3:RESOLVED
S0097,ARM1,rash/desquamation,N,safety_v3:RESOLVED
S0097,ARM1,neuralgia,N,safety_v3:RESOLVED
S0097,ARM1,hemoglobin_normal_12_16_gm,N,safety_v3:RESOLVED
S0097,ARM1,"potassium,_serum-low_(hypokalemia)",N,safety_v3:RESOLVED
S0097,ARM1,hypertension,N,protocol:F118
S0097,ARM1,hypertension,N,protocol:F120
S0100,ARM1,sensory_neuropathy,N,safety_v3:RESOLVED
S0100,ARM1,thrombocytopenia,N,safety_v3:RESOLVED
S0100,ARM1,hypercholesterolemia,N,safety_v3:RESOLVED
S0100,ARM1,vomiting,N,safety_v3:RESOLVED
S0100,ARM1,hypertension_variable,N,safety_v3:RESOLVED
S0100,ARM1,decrease_in_appetite,N,safety_v3:RESOLVED
S0100,ARM1,peripheral_edema,N,safety_v3:RESOLVED
S0100,ARM1,neutrophil_count_decreased,N,safety_v3:RESOLVED
S0100,ARM1,neuropathy-sensory,N,safety_v3:RESOLVED
S0100,ARM1,peripheral_nervous_system_diseases,N,safety_v3:RESOLVED
S0100,ARM1,bone_pain,N,safety_v3:RESOLVED
S0100,ARM1,gastroenteritis,N,safety_v3:RESOLVED
S0100,ARM1,rash/desquamation,N,safety_v3:RESOLVED
S0100,ARM1,neuralgia,N,safety_v3:RESOLVED
S0100,ARM1,respiratory_tract_infections,Y,safety_v3:RESOLVED
S0103,ARM1,sensory_neuropathy,N,safety_v3:RESOLVED
S0103,ARM1,thrombocytopenia,N,safety_v3:RESOLVED
S0103,ARM1,hypercholesterolemia,N,safety_v3:RESOLVED
S0103,ARM1,hypertension_variable,N,safety_v3:RESOLVED
S0103,ARM1,decrease_in_appetite,N,safety_v3:RESOLVED
S0103,ARM1,neutrophil_count_decreased,N,safety_v3:RESOLVED
S0103,ARM1,peripheral_nervous_system_diseases,N,safety_v3:RESOLVED
S0103,ARM1,dyspepsia,N,safety_v3:RESOLVED
S0103,ARM1,rash/desquamation,N,safety_v3:RESOLVED
S0103,ARM1,neuralgia,N,safety_v3:RESOLVED
S0105,ARM1,sensory_neuropathy,N,safety_v3:RESOLVED
S0105,ARM1,thrombocytopenia,N,safety_v3:RESOLVED
S0105,ARM1,back_pain,N,safety_v3:RESOLVED
S0105,ARM1,hypercholesterolemia,N,safety_v3:RESOLVED
S0105,ARM1,spasm,N,safety_v3:RESOLVED
S0105,ARM1,dyspnea,N,safety_v3:RESOLVED
S0105,ARM1,vomiting,N,safety_v3:RESOLVED
S0105,ARM1,pain_in_limb,N,safety_v3:RESOLVED
S0105,ARM1,hypertension_variable,N,safety_v3:RESOLVED
S0105,ARM1,dizziness,N,safety_v3:RESOLVED
S0105,ARM1,decrease_in_appetite,N,safety_v3:RESOLVED
S0105,ARM1,neutrophil_count_decreased,N,safety_v3:RESOLVED
S0105,ARM1,hyperglycemia,N,safety_v3:RESOLVED
S0105,ARM1,influenza,N,safety_v3:RESOLVED
S0105,ARM1,peripheral_nervous_system_diseases,N,safety_v3:RESOLVED
S0105,ARM1,dyspepsia,N,safety_v3:RESOLVED
S0105,ARM1,anorexia,N,safety_v3:RESOLVED
S0105,ARM1,rash/desquamation,N,safety_v3:RESOLVED
S0105,ARM1,neuralgia,N,safety_v3:RESOLVED
S0105,ARM1,hypoalbuminemia,N,safety_v3:RESOLVED
S0105,ARM1,pain,N,safety_v3:RESOLVED
S0105,ARM1,sepsis,Y,safety_v3:RESOLVED
S0105,ARM1,thrombosis/thrombus/embolism,Y,safety_v3:RESOLVED
S0105,ARM1,acute renal failure adverse events,N,protocol:F147
S0108,ARM1,thrombocytopenia,N,safety_v3:RESOLVED
S0108,ARM1,hypercholesterolemia,N,safety_v3:RESOLVED
S0108,ARM1,hypertension_variable,N,safety_v3:RESOLVED
S0108,ARM1,decrease_in_appetite,N,safety_v3:RESOLVED
S0108,ARM1,neutrophil_count_decreased,N,safety_v3:RESOLVED
S0108,ARM1,rash/desquamation,N,safety_v3:RESOLVED
S0111,ARM1,constipation,N,safety_v3:RESOLVED
S0111,ARM1,sensory_neuropathy,N,safety_v3:RESOLVED
S0111,ARM1,thrombocytopenia,N,safety_v3:RESOLVED
S0111,ARM1,hypercholesterolemia,N,safety_v3:RESOLVED
S0111,ARM1,leukopenia,N,safety_v3:RESOLVED
S0111,ARM1,vomiting,N,safety_v3:RESOLVED
S0111,ARM1,hypertension_variable,N,safety_v3:RESOLVED
S0111,ARM1,dizziness,N,safety_v3:RESOLVED
S0111,ARM1,neuropathy-sensory,N,safety_v3:RESOLVED
S0111,ARM1,nasopharyngitis,N,safety_v3:RESOLVED
S0111,ARM1,peripheral_nervous_system_diseases,N,safety_v3:RESOLVED
S0111,ARM1,rash/desquamation,N,safety_v3:RESOLVED
S0111,ARM1,neuralgia,N,safety_v3:RESOLVED
S0111,ARM1,hypertension,N,protocol:F120
S0113,ARM1,anemia,N,safety_v3:RESOLVED
S0113,ARM1,thrombocytopenia,N,safety_v3:RESOLVED
S0113,ARM1,back_pain,N,safety_v3:RESOLVED
S0113,ARM1,hypercholesterolemia,N,safety_v3:RESOLVED
S0113,ARM1,hypertension_variable,N,safety_v3:RESOLVED
S0113,ARM1,cataract,N,safety_v3:RESOLVED
S0113,ARM1,neutrophil_count_decreased,N,safety_v3:RESOLVED
S0113,ARM1,neuropathy-sensory,N,safety_v3:RESOLVED
S0113,ARM1,influenza,N,safety_v3:RESOLVED
S0113,ARM1,peripheral_nervous_system_diseases,N,safety_v3:RESOLVED
S0113,ARM1,dyspepsia,N,safety_v3:RESOLVED
S0113,ARM1,bone_pain,N,safety_v3:RESOLVED
S0113,ARM1,rash/desquamation,N,safety_v3:RESOLVED
S0113,ARM1,neuralgia,N,safety_v3:RESOLVED
S0115,ARM1,anemia,N,safety_v3:RESOLVED
S0115,ARM1,thrombocytopenia,N,safety_v3:RESOLVED
S0115,ARM1,hypercholesterolemia,N,safety_v3:RESOLVED
S0115,ARM1,leukopenia,N,safety_v3:RESOLVED
S0115,ARM1,pain_in_limb,N,safety_v3:RESOLVED
S0115,ARM1,hypertension_variable,N,safety_v3:RESOLVED
S0115,ARM1,dizziness,N,safety_v3:RESOLVED
S0115,ARM1,cataract,N,safety_v3:RESOLVED
S0115,ARM1,neutrophil_count_decreased,N,safety_v3:RESOLVED
S0115,ARM1,rash_erythematous_macules_or_papules,N,safety_v3:RESOLVED
S0115,ARM1,neuropathy-sensory,N,safety_v3:RESOLVED
S0115,ARM1,peripheral_nervous_system_diseases,N,safety_v3:RESOLVED
S0115,ARM1,bone_pain,N,safety_v3:RESOLVED
S0115,ARM1,anorexia,N,safety_v3:RESOLVED
S0115,ARM1,rash/desquamation,N,safety_v3:RESOLVED
S0115,ARM1,neuralgia,N,safety_v3:RESOLVED
S0116,ARM1,diarrhea,N,safety_v3:RESOLVED
S0116,ARM1,anemia,N,safety_v3:RESOLVED
S0116,ARM1,neutropenia,N,safety_v3:RESOLVED
S0116,ARM1,sensory_neuropathy,N,safety_v3:RESOLVED
S0116,ARM1,thrombocytopenia,N,safety_v3:RESOLVED
S0116,ARM1,hypercholesterolemia,N,safety_v3:RESOLVED
S0116,ARM1,hypertension_variable,N,safety_v3:RESOLVED
S0116,ARM1,neutrophil_count_decreased,N,safety_v3:RESOLVED
S0116,ARM1,peripheral_nervous_system_diseases,N,safety_v3:RESOLVED
S0116,ARM1,dyspepsia,N,safety_v3:RESOLVED
S0116,ARM1,bone_pain,N,safety_v3:RESOLVED
S0116,ARM1,rash/desquamation,N,safety_v3:RESOLVED
S0116,ARM1,neuralgia,N,safety_v3:RESOLVED
S0117,ARM1,anemia,N,safety_v3:RESOLVED
S0117,ARM1,sensory_neuropathy,N,safety_v3:RESOLVED
S0117,ARM1,thrombocytopenia,N,safety_v3:RESOLVED
S0117,ARM1,back_pain,N,safety_v3:RESOLVED
S0117,ARM1,hypercholesterolemia,N,safety_v3:RESOLVED
S0117,ARM1,vomiting,N,safety_v3:RESOLVED
S0117,ARM1,hypertension_variable,N,safety_v3:RESOLVED
S0117,ARM1,dizziness,N,safety_v3:RESOLVED
S0117,ARM1,decrease_in_appetite,N,safety_v3:RESOLVED
S0117,ARM1,cataract,N,safety_v3:RESOLVED
S0117,ARM1,peripheral_edema,N,safety_v3:RESOLVED
S0117,ARM1,neutrophil_count_decreased,N,safety_v3:RESOLVED
S0117,ARM1,thrombosis/thrombus/embolism,N,safety_v3:RESOLVED
S0117,ARM1,neuropathy-sensory,N,safety_v3:RESOLVED
S0117,ARM1,peripheral_nervous_system_diseases,N,safety_v3:RESOLVED
S0117,ARM1,bone_pain,N,safety_v3:RESOLVED
S0117,ARM1,hypocalcemia,N,safety_v3:RESOLVED
S0117,ARM1,respiratory_tract_infections,N,safety_v3:RESOLVED
S0117,ARM1,rash/desquamation,N,safety_v3:RESOLVED
S0117,ARM1,neuralgia,N,safety_v3:RESOLVED
S0117,ARM1,pneumonia,Y,safety_v3:RESOLVED
S0117,ARM1,hypertension,N,protocol:F118
S0120,ARM1,sensory_neuropathy,N,safety_v3:RESOLVED
S0120,ARM1,thrombocytopenia,N,safety_v3:RESOLVED
S0120,ARM1,back_pain,N,safety_v3:RESOLVED
S0120,ARM1,hypercholesterolemia,N,safety_v3:RESOLVED
S0120,ARM1,vomiting,N,safety_v3:RESOLVED
S0120,ARM1,hypertension_variable,N,safety_v3:RESOLVED
S0120,ARM1,neutrophil_count_decreased,N,safety_v3:RESOLVED
S0120,ARM1,hypertriglyceridemia,N,safety_v3:RESOLVED
S0120,ARM1,neuropathy-sensory,N,safety_v3:RESOLVED
S0120,ARM1,rash/desquamation,N,safety_v3:RESOLVED
S0120,ARM1,neuralgia,N,safety_v3:RESOLVED
S0121,ARM1,thrombocytopenia,N,safety_v3:RESOLVED
S0121,ARM1,hypercholesterolemia,N,safety_v3:RESOLVED
S0121,ARM1,spasm,N,safety_v3:RESOLVED
S0121,ARM1,hypertension_variable,N,safety_v3:RESOLVED
S0121,ARM1,decrease_in_appetite,N,safety_v3:RESOLVED
S0121,ARM1,neutrophil_count_decreased,N,safety_v3:RESOLVED
S0121,ARM1,peripheral_nervous_system_diseases,N,safety_v3:RESOLVED
S0121,ARM1,dyspepsia,N,safety_v3:RESOLVED
S0121,ARM1,rash/desquamation,N,safety_v3:RESOLVED
S0121,ARM1,neuralgia,N,safety_v3:RESOLVED
S0121,ARM1,dysgeusia,N,safety_v3:RESOLVED
S0123,ARM1,thrombocytopenia,N,safety_v3:RESOLVED
S0123,ARM1,hypercholesterolemia,N,safety_v3:RESOLVED
S0123,ARM1,pain_in_limb,N,safety_v3:RESOLVED
S0123,ARM1,hypertension_variable,N,safety_v3:RESOLVED
S0123,ARM1,neutrophil_count_decreased,N,safety_v3:RESOLVED
S0123,ARM1,peripheral_nervous_system_diseases,N,safety_v3:RESOLVED
S0123,ARM1,dyspepsia,N,safety_v3:RESOLVED
S0123,ARM1,falls,N,safety_v3:RESOLVED
S0123,ARM1,bone_pain,N,safety_v3:RESOLVED
S0123,ARM1,rash/desquamation,N,safety_v3:RESOLVED
S0123,ARM1,neuralgia,N,safety_v3:RESOLVED
S0123,ARM1,hypertension,N,protocol:F118
S0124,ARM1,diarrhea,N,safety_v3:RESOLVED
S0124,ARM1,sensory_neuropathy,N,safety_v3:RESOLVED
S0124,ARM1,thrombocytopenia,N,safety_v3:RESOLVED
S0124,ARM1,back_pain,N,safety_v3:RESOLVED
S0124,ARM1,hypercholesterolemia,N,safety_v3:RESOLVED
S0124,ARM1,hypertension_variable,N,safety_v3:RESOLVED
S0124,ARM1,dizziness,N,safety_v3:RESOLVED
S0124,ARM1,decrease_in_appetite,N,safety_v3:RESOLVED
S0124,ARM1,neutrophil_count_decreased,N,safety_v3:RESOLVED
S0124,ARM1,hypertriglyceridemia,N,safety_v3:RESOLVED
S0124,ARM1,neuropathy-sensory,N,safety_v3:RESOLVED
S0124,ARM1,peripheral_nervous_system_diseases,N,safety_v3:RESOLVED
S0124,ARM1,dyspepsia,N,safety_v3:RESOLVED
S0124,ARM1,bone_pain,N,safety_v3:RESOLVED
S0124,ARM1,rash/desquamation,N,safety_v3:RESOLVED
S0124,ARM1,neuralgia,N,safety_v3:RESOLVED
S0126,ARM1,fatigue,N,safety_v3:RESOLVED
S0126,ARM1,constipation,N,safety_v3:RESOLVED
S0126,ARM1,anemia,N,safety_v3:RESOLVED
S0126,ARM1,neutropenia,N,safety_v3:RESOLVED
S0126,ARM1,sensory_neuropathy,N,safety_v3:RESOLVED
S0126,ARM1,thrombocytopenia,N,safety_v3:RESOLVED
S0126,ARM1,back_pain,N,safety_v3:RESOLVED
S0126,ARM1,hypercholesterolemia,N,safety_v3:RESOLVED
S0126,ARM1,leukopenia,N,safety_v3:RESOLVED
S0126,ARM1,spasm,N,safety_v3:RESOLVED
S0126,ARM1,dyspnea,N,safety_v3:RESOLVED
S0126,ARM1,vomiting,N,safety_v3:RESOLVED
S0126,ARM1,hypertension_variable,N,safety_v3:RESOLVED
S0126,ARM1,cataract,N,safety_v3:RESOLVED
S0126,ARM1,neutrophil_count_decreased,N,safety_v3:RESOLVED
S0126,ARM1,hypertriglyceridemia,N,safety_v3:RESOLVED
S0126,ARM1,neuropathy-sensory,N,safety_v3:RESOLVED
S0126,ARM1,headache,N,safety_v3:RESOLVED
S0126,ARM1,nasopharyngitis,N,safety_v3:RESOLVED
S0126,ARM1,dyspepsia,N,safety_v3:RESOLVED
S0126,ARM1,bone_pain,N,safety_v3:RESOLVED
S0126,ARM1,respiratory_tract_infections,N,safety_v3:RESOLVED
S0126,ARM1,rash/desquamation,N,safety_v3:RESOLVED
S0126,ARM1,neuralgia,N,safety_v3:RESOLVED
S0126,ARM1,hypoalbuminemia,N,safety_v3:RESOLVED
S0126,ARM1,dry_skin,N,safety_v3:RESOLVED
S0126,ARM1,lower_respiratory_tract_infection,Y,safety_v3:RESOLVED
S0126,ARM1,respiratory_tract_infections,Y,safety_v3:RESOLVED
S0126,ARM1,hypertension,N,protocol:F118
S0126,ARM1,hypertension,N,protocol:F120
S0127,ARM1,anemia,N,safety_v3:RESOLVED
S0127,ARM1,nausea,N,safety_v3:RESOLVED
S0127,ARM1,thrombocytopenia,N,safety_v3:RESOLVED
S0127,ARM1,back_pain,N,safety_v3:RESOLVED
S0127,ARM1,hypercholesterolemia,N,safety_v3:RESOLVED
S0127,ARM1,leukopenia,N,safety_v3:RESOLVED
S0127,ARM1,spasm,N,safety_v3:RESOLVED
S0127,ARM1,vomiting,N,safety_v3:RESOLVED
S0127,ARM1,pain_in_limb,N,safety_v3:RESOLVED
S0127,ARM1,hypertension_variable,N,safety_v3:RESOLVED
S0127,ARM1,decrease_in_appetite,N,safety_v3:RESOLVED
S0127,ARM1,cataract,N,safety_v3:RESOLVED
S0127,ARM1,neutrophil_count_decreased,N,safety_v3:RESOLVED
S0127,ARM1,hypertriglyceridemia,N,safety_v3:RESOLVED
S0127,ARM1,neuropathy-sensory,N,safety_v3:RESOLVED
S0127,ARM1,influenza,N,safety_v3:RESOLVED
S0127,ARM1,nasopharyngitis,N,safety_v3:RESOLVED
S0127,ARM1,peripheral_nervous_system_diseases,N,safety_v3:RESOLVED
S0127,ARM1,bone_pain,N,safety_v3:RESOLVED
S0127,ARM1,rash/desquamation,N,safety_v3:RESOLVED
S0127,ARM1,neuralgia,N,safety_v3:RESOLVED
S0127,ARM1,hypoalbuminemia,N,safety_v3:RESOLVED
S0127,ARM1,pain,N,safety_v3:RESOLVED
S0127,ARM1,"potassium,_serum-low_(hypokalemia)",N,safety_v3:RESOLVED
S0127,ARM1,lower_respiratory_tract_infection,Y,safety_v3:RESOLVED
S0127,ARM1,upper_respiratory_infections,Y,safety_v3:RESOLVED
S0127,ARM1,dehydration,Y,safety_v3:RESOLVED
S0127,ARM1,kidney_failure_acute,Y,safety_v3:RESOLVED
S0127,ARM1,respiratory_tract_infections,Y,safety_v3:RESOLVED
S0127,ARM1,urinary_tract_infection,Y,safety_v3:RESOLVED
S0127,ARM1,hypertension,N,protocol:F118
S0127,ARM1,hypertension,N,protocol:F120
S0128,ARM1,thrombocytopenia,N,safety_v3:RESOLVED
S0128,ARM1,hypercholesterolemia,N,safety_v3:RESOLVED
S0128,ARM1,decrease_in_appetite,N,safety_v3:RESOLVED
S0128,ARM1,neutrophil_count_decreased,N,safety_v3:RESOLVED
S0128,ARM1,rash/desquamation,N,safety_v3:RESOLVED
S0129,ARM1,diarrhea,N,safety_v3:RESOLVED
S0129,ARM1,constipation,N,safety_v3:RESOLVED
S0129,ARM1,anemia,N,safety_v3:RESOLVED
S0129,ARM1,neutropenia,N,safety_v3:RESOLVED
S0129,ARM1,sensory_neuropathy,N,safety_v3:RESOLVED
S0129,ARM1,sleeplessness,N,safety_v3:RESOLVED
S0129,ARM1,thrombocytopenia,N,safety_v3:RESOLVED
S0129,ARM1,back_pain,N,safety_v3:RESOLVED
S0129,ARM1,hypercholesterolemia,N,safety_v3:RESOLVED
S0129,ARM1,coughing,N,safety_v3:RESOLVED
S0129,ARM1,leukopenia,N,safety_v3:RESOLVED
S0129,ARM1,spasm,N,safety_v3:RESOLVED
S0129,ARM1,vomiting,N,safety_v3:RESOLVED
S0129,ARM1,pain_in_limb,N,safety_v3:RESOLVED
S0129,ARM1,hypertension_variable,N,safety_v3:RESOLVED
S0129,ARM1,arthralgia,N,safety_v3:RESOLVED
S0129,ARM1,decrease_in_appetite,N,safety_v3:RESOLVED
S0129,ARM1,peripheral_edema,N,safety_v3:RESOLVED
S0129,ARM1,neutrophil_count_decreased,N,safety_v3:RESOLVED
S0129,ARM1,rash_erythematous_macules_or_papules,N,safety_v3:RESOLVED
S0129,ARM1,thrombosis/thrombus/embolism,N,safety_v3:RESOLVED
S0129,ARM1,neuropathy-sensory,N,safety_v3:RESOLVED
S0129,ARM1,headache,N,safety_v3:RESOLVED
S0129,ARM1,asthenia,N,safety_v3:RESOLVED
S0129,ARM1,influenza,N,safety_v3:RESOLVED
S0129,ARM1,decreased_platelet_count,N,safety_v3:RESOLVED
S0129,ARM1,peripheral_nervous_system_diseases,N,safety_v3:RESOLVED
S0129,ARM1,dyspepsia,N,safety_v3:RESOLVED
S0129,ARM1,bone_pain,N,safety_v3:RESOLVED
S0129,ARM1,anorexia,N,safety_v3:RESOLVED
S0129,ARM1,rash/desquamation,N,safety_v3:RESOLVED
S0129,ARM1,neuralgia,N,safety_v3:RESOLVED
S0129,ARM1,non_cardiac_chest_pain,N,safety_v3:RESOLVED
S0129,ARM1,hypoalbuminemia,N,safety_v3:RESOLVED
S0129,ARM1,dry_skin,N,safety_v3:RESOLVED
S0129,ARM1,pain,N,safety_v3:RESOLVED
S0129,ARM1,"potassium,_serum-low_(hypokalemia)",N,safety_v3:RESOLVED
S0129,ARM1,lower_respiratory_tract_infection,Y,safety_v3:RESOLVED
S0129,ARM1,upper_respiratory_infections,Y,safety_v3:RESOLVED
S0129,ARM1,fever,Y,safety_v3:RESOLVED
S0129,ARM1,respiratory_tract_infections,Y,safety_v3:RESOLVED
S0129,ARM1,thrombocytopenia,Y,safety_v3:RESOLVED
S0129,ARM1,hyperglycemia,Y,safety_v3:RESOLVED
S0129,ARM1,hypertension,N,protocol:F120
S0131,ARM1,constipation,N,safety_v3:RESOLVED
S0131,ARM1,anemia,N,safety_v3:RESOLVED
S0131,ARM1,sensory_neuropathy,N,safety_v3:RESOLVED
S0131,ARM1,thrombocytopenia,N,safety_v3:RESOLVED
S0131,ARM1,hypercholesterolemia,N,safety_v3:RESOLVED
S0131,ARM1,vomiting,N,safety_v3:RESOLVED
S0131,ARM1,hypertension_variable,N,safety_v3:RESOLVED
S0131,ARM1,decrease_in_appetite,N,safety_v3:RESOLVED
S0131,ARM1,neutrophil_count_decreased,N,safety_v3:RESOLVED
S0131,ARM1,peripheral_nervous_system_diseases,N,safety_v3:RESOLVED
S0131,ARM1,rash/desquamation,N,safety_v3:RESOLVED
S0131,ARM1,neuralgia,N,safety_v3:RESOLVED
S0131,ARM1,"potassium,_serum-low_(hypokalemia)",N,safety_v3:RESOLVED
S0131,ARM1,respiratory_tract_infections,Y,safety_v3:RESOLVED
S0133,ARM1,anemia,N,safety_v3:RESOLVED
S0133,ARM1,sensory_neuropathy,N,safety_v3:RESOLVED
S0133,ARM1,sleeplessness,N,safety_v3:RESOLVED
S0133,ARM1,thrombocytopenia,N,safety_v3:RESOLVED
S0133,ARM1,hypercholesterolemia,N,safety_v3:RESOLVED
S0133,ARM1,leukopenia,N,safety_v3:RESOLVED
S0133,ARM1,spasm,N,safety_v3:RESOLVED
S0133,ARM1,hypertension_variable,N,safety_v3:RESOLVED
S0133,ARM1,decrease_in_appetite,N,safety_v3:RESOLVED
S0133,ARM1,neutrophil_count_decreased,N,safety_v3:RESOLVED
S0133,ARM1,hypertriglyceridemia,N,safety_v3:RESOLVED
S0133,ARM1,neuropathy-sensory,N,safety_v3:RESOLVED
S0133,ARM1,peripheral_nervous_system_diseases,N,safety_v3:RESOLVED
S0133,ARM1,dyspepsia,N,safety_v3:RESOLVED
S0133,ARM1,bone_pain,N,safety_v3:RESOLVED
S0133,ARM1,rash/desquamation,N,safety_v3:RESOLVED
S0133,ARM1,neuralgia,N,safety_v3:RESOLVED
S0133,ARM1,thrombosis/thrombus/embolism,Y,safety_v3:RESOLVED
S0133,ARM1,hypertension,N,protocol:F118
S0134,ARM1,thrombocytopenia,N,safety_v3:RESOLVED
S0134,ARM1,back_pain,N,safety_v3:RESOLVED
S0134,ARM1,hypercholesterolemia,N,safety_v3:RESOLVED
S0134,ARM1,hypertension_variable,N,safety_v3:RESOLVED
S0134,ARM1,decrease_in_appetite,N,safety_v3:RESOLVED
S0134,ARM1,neutrophil_count_decreased,N,safety_v3:RESOLVED
S0134,ARM1,neuropathy-sensory,N,safety_v3:RESOLVED
S0134,ARM1,anorexia,N,safety_v3:RESOLVED
S0134,ARM1,rash/desquamation,N,safety_v3:RESOLVED
S0134,ARM1,neuralgia,N,safety_v3:RESOLVED
S0136,ARM1,diarrhea,N,safety_v3:RESOLVED
S0136,ARM1,anemia,N,safety_v3:RESOLVED
S0136,ARM1,nausea,N,safety_v3:RESOLVED
S0136,ARM1,neutropenia,N,safety_v3:RESOLVED
S0136,ARM1,sensory_neuropathy,N,safety_v3:RESOLVED
S0136,ARM1,thrombocytopenia,N,safety_v3:RESOLVED
S0136,ARM1,upper_respiratory_infections,N,safety_v3:RESOLVED
S0136,ARM1,back_pain,N,safety_v3:RESOLVED
S0136,ARM1,hypercholesterolemia,N,safety_v3:RESOLVED
S0136,ARM1,vomiting,N,safety_v3:RESOLVED
S0136,ARM1,pain_in_limb,N,safety_v3:RESOLVED
S0136,ARM1,hypertension_variable,N,safety_v3:RESOLVED
S0136,ARM1,dizziness,N,safety_v3:RESOLVED
S0136,ARM1,decrease_in_appetite,N,safety_v3:RESOLVED
S0136,ARM1,neutrophil_count_decreased,N,safety_v3:RESOLVED
S0136,ARM1,hypertriglyceridemia,N,safety_v3:RESOLVED
S0136,ARM1,neuropathy-sensory,N,safety_v3:RESOLVED
S0136,ARM1,influenza,N,safety_v3:RESOLVED
S0136,ARM1,nasopharyngitis,N,safety_v3:RESOLVED
S0136,ARM1,peripheral_nervous_system_diseases,N,safety_v3:RESOLVED
S0136,ARM1,dyspepsia,N,safety_v3:RESOLVED
S0136,ARM1,bone_pain,N,safety_v3:RESOLVED
S0136,ARM1,gastroenteritis,N,safety_v3:RESOLVED
S0136,ARM1,rash/desquamation,N,safety_v3:RESOLVED
S0136,ARM1,dysgeusia,N,safety_v3:RESOLVED
S0136,ARM1,dry_skin,N,safety_v3:RESOLVED
S0136,ARM1,edema:_limb,N,safety_v3:RESOLVED
S0136,ARM1,pneumonia,Y,safety_v3:RESOLVED
S0136,ARM1,respiratory_tract_infections,Y,safety_v3:RESOLVED
S0136,ARM1,thrombocytopenia,Y,safety_v3:RESOLVED
S0136,ARM1,hypertension,N,protocol:F118
S0136,ARM1,hypertension,N,protocol:F120
S0137,ARM1,thrombocytopenia,N,safety_v3:RESOLVED
S0137,ARM1,hypercholesterolemia,N,safety_v3:RESOLVED
S0137,ARM1,hypertension_variable,N,safety_v3:RESOLVED
S0137,ARM1,neutrophil_count_decreased,N,safety_v3:RESOLVED
S0137,ARM1,rash/desquamation,N,safety_v3:RESOLVED
S0137,ARM1,neuralgia,N,safety_v3:RESOLVED
S0137,ARM1,hypertension,N,protocol:F118
S0138,ARM1,sensory_neuropathy,N,safety_v3:RESOLVED
S0138,ARM1,thrombocytopenia,N,safety_v3:RESOLVED
S0138,ARM1,upper_respiratory_infections,N,safety_v3:RESOLVED
S0138,ARM1,hypercholesterolemia,N,safety_v3:RESOLVED
S0138,ARM1,hypertension_variable,N,safety_v3:RESOLVED
S0138,ARM1,neutrophil_count_decreased,N,safety_v3:RESOLVED
S0138,ARM1,neuropathy-sensory,N,safety_v3:RESOLVED
S0138,ARM1,rash/desquamation,N,safety_v3:RESOLVED
S0138,ARM1,neuralgia,N,safety_v3:RESOLVED
S0141,ARM1,thrombocytopenia,N,safety_v3:RESOLVED
S0141,ARM1,hypercholesterolemia,N,safety_v3:RESOLVED
S0141,ARM1,hypertension_variable,N,safety_v3:RESOLVED
S0141,ARM1,decrease_in_appetite,N,safety_v3:RESOLVED
S0141,ARM1,neutrophil_count_decreased,N,safety_v3:RESOLVED
S0141,ARM1,peripheral_nervous_system_diseases,N,safety_v3:RESOLVED
S0141,ARM1,dyspepsia,N,safety_v3:RESOLVED
S0141,ARM1,rash/desquamation,N,safety_v3:RESOLVED
S0141,ARM1,neuralgia,N,safety_v3:RESOLVED
S0141,ARM1,hypertension,N,protocol:F120
S0143,ARM1,constipation,N,safety_v3:RESOLVED
S0143,ARM1,anemia,N,safety_v3:RESOLVED
S0143,ARM1,nausea,N,safety_v3:RESOLVED
S0143,ARM1,thrombocytopenia,N,safety_v3:RESOLVED
S0143,ARM1,back_pain,N,safety_v3:RESOLVED
S0143,ARM1,hypercholesterolemia,N,safety_v3:RESOLVED
S0143,ARM1,spasm,N,safety_v3:RESOLVED
S0143,ARM1,pain_in_limb,N,safety_v3:RESOLVED
S0143,ARM1,hypertension_variable,N,safety_v3:RESOLVED
S0143,ARM1,neutrophil_count_decreased,N,safety_v3:RESOLVED
S0143,ARM1,headache,N,safety_v3:RESOLVED
S0143,ARM1,peripheral_nervous_system_diseases,N,safety_v3:RESOLVED
S0143,ARM1,dyspepsia,N,safety_v3:RESOLVED
S0143,ARM1,bone_pain,N,safety_v3:RESOLVED
S0143,ARM1,rash/desquamation,N,safety_v3:RESOLVED
S0143,ARM1,blurred_vision,N,safety_v3:RESOLVED
S0143,ARM1,neuralgia,N,safety_v3:RESOLVED
S0143,ARM1,upper_respiratory_infections,Y,safety_v3:RESOLVED
S0144,ARM1,constipation,N,safety_v3:RESOLVED
S0144,ARM1,nausea,N,safety_v3:RESOLVED
S0144,ARM1,sensory_neuropathy,N,safety_v3:RESOLVED
S0144,ARM1,sleeplessness,N,safety_v3:RESOLVED
S0144,ARM1,thrombocytopenia,N,safety_v3:RESOLVED
S0144,ARM1,hypercholesterolemia,N,safety_v3:RESOLVED
S0144,ARM1,spasm,N,safety_v3:RESOLVED
S0144,ARM1,vomiting,N,safety_v3:RESOLVED
S0144,ARM1,pain_in_limb,N,safety_v3:RESOLVED
S0144,ARM1,hypertension_variable,N,safety_v3:RESOLVED
S0144,ARM1,decrease_in_appetite,N,safety_v3:RESOLVED
S0144,ARM1,neutrophil_count_decreased,N,safety_v3:RESOLVED
S0144,ARM1,peripheral_nervous_system_diseases,N,safety_v3:RESOLVED
S0144,ARM1,dyspepsia,N,safety_v3:RESOLVED
S0144,ARM1,bone_pain,N,safety_v3:RESOLVED
S0144,ARM1,anorexia,N,safety_v3:RESOLVED
S0144,ARM1,rash/desquamation,N,safety_v3:RESOLVED
S0144,ARM1,neuralgia,N,safety_v3:RESOLVED
S0144,ARM1,non_cardiac_chest_pain,N,safety_v3:RESOLVED
S0144,ARM1,hypoalbuminemia,N,safety_v3:RESOLVED
S0144,ARM1,respiratory_tract_infections,Y,safety_v3:RESOLVED
S0144,ARM1,hypertension adverse events,N,protocol:F116
S0144,ARM1,hypertension,N,protocol:F118
S0144,ARM1,hypertension,N,protocol:F120
S0149,ARM1,diarrhea,N,safety_v3:RESOLVED
S0149,ARM1,constipation,N,safety_v3:RESOLVED
S0149,ARM1,anemia,N,safety_v3:RESOLVED
S0149,ARM1,nausea,N,safety_v3:RESOLVED
S0149,ARM1,neutropenia,N,safety_v3:RESOLVED
S0149,ARM1,sensory_neuropathy,N,safety_v3:RESOLVED
S0149,ARM1,thrombocytopenia,N,safety_v3:RESOLVED
S0149,ARM1,upper_respiratory_infections,N,safety_v3:RESOLVED
S0149,ARM1,back_pain,N,safety_v3:RESOLVED
S0149,ARM1,hypercholesterolemia,N,safety_v3:RESOLVED
S0149,ARM1,coughing,N,safety_v3:RESOLVED
S0149,ARM1,leukopenia,N,safety_v3:RESOLVED
S0149,ARM1,spasm,N,safety_v3:RESOLVED
S0149,ARM1,vomiting,N,safety_v3:RESOLVED
S0149,ARM1,pain_in_limb,N,safety_v3:RESOLVED
S0149,ARM1,hypertension_variable,N,safety_v3:RESOLVED
S0149,ARM1,dizziness,N,safety_v3:RESOLVED
S0149,ARM1,decrease_in_appetite,N,safety_v3:RESOLVED
S0149,ARM1,neutrophil_count_decreased,N,safety_v3:RESOLVED
S0149,ARM1,hypertriglyceridemia,N,safety_v3:RESOLVED
S0149,ARM1,thrombosis/thrombus/embolism,N,safety_v3:RESOLVED
S0149,ARM1,neuropathy-sensory,N,safety_v3:RESOLVED
S0149,ARM1,asthenia,N,safety_v3:RESOLVED
S0149,ARM1,nasopharyngitis,N,safety_v3:RESOLVED
S0149,ARM1,peripheral_nervous_system_diseases,N,safety_v3:RESOLVED
S0149,ARM1,dyspepsia,N,safety_v3:RESOLVED
S0149,ARM1,bone_pain,N,safety_v3:RESOLVED
S0149,ARM1,respiratory_tract_infections,N,safety_v3:RESOLVED
S0149,ARM1,anorexia,N,safety_v3:RESOLVED
S0149,ARM1,platelets,N,safety_v3:RESOLVED
S0149,ARM1,rash/desquamation,N,safety_v3:RESOLVED
S0149,ARM1,blurred_vision,N,safety_v3:RESOLVED
S0149,ARM1,neuralgia,N,safety_v3:RESOLVED
S0149,ARM1,non_cardiac_chest_pain,N,safety_v3:RESOLVED
S0149,ARM1,hypoalbuminemia,N,safety_v3:RESOLVED
S0149,ARM1,dry_skin,N,safety_v3:RESOLVED
S0149,ARM1,neuropathy:_sensory,N,safety_v3:RESOLVED
S0149,ARM1,"potassium,_serum-low_(hypokalemia)",N,safety_v3:RESOLVED
S0149,ARM1,pneumonia,Y,safety_v3:RESOLVED
S0149,ARM1,lower_respiratory_tract_infection,Y,safety_v3:RESOLVED
S0149,ARM1,upper_respiratory_infections,Y,safety_v3:RESOLVED
S0149,ARM1,accidental_overdose,Y,safety_v3:RESOLVED
S0149,ARM1,respiratory_tract_infections,Y,safety_v3:RESOLVED
S0149,ARM1,cardiac_failure_secondary_to_chest_deformity,Y,safety_v3:RESOLVED
S0149,ARM1,thrombocytopenia,Y,safety_v3:RESOLVED
S0149,ARM1,thrombosis/thrombus/embolism,Y,safety_v3:RESOLVED
S0149,ARM1,hypertension,N,protocol:F118
S0149,ARM1,hypertension,N,protocol:F120
S0151,ARM1,diarrhea,N,safety_v3:RESOLVED
S0151,ARM1,sensory_neuropathy,N,safety_v3:RESOLVED
S0151,ARM1,thrombocytopenia,N,safety_v3:RESOLVED
S0151,ARM1,back_pain,N,safety_v3:RESOLVED
S0151,ARM1,hypercholesterolemia,N,safety_v3:RESOLVED
S0151,ARM1,leukopenia,N,safety_v3:RESOLVED
S0151,ARM1,dyspnea,N,safety_v3:RESOLVED
S0151,ARM1,pain_in_limb,N,safety_v3:RESOLVED
S0151,ARM1,hypertension_variable,N,safety_v3:RESOLVED
S0151,ARM1,decrease_in_appetite,N,safety_v3:RESOLVED
S0151,ARM1,cataract,N,safety_v3:RESOLVED
S0151,ARM1,neutrophil_count_decreased,N,safety_v3:RESOLVED
S0151,ARM1,neuropathy-sensory,N,safety_v3:RESOLVED
S0151,ARM1,asthenia,N,safety_v3:RESOLVED
S0151,ARM1,peripheral_nervous_system_diseases,N,safety_v3:RESOLVED
S0151,ARM1,dyspepsia,N,safety_v3:RESOLVED
S0151,ARM1,rash/desquamation,N,safety_v3:RESOLVED
S0151,ARM1,neuralgia,N,safety_v3:RESOLVED
S0151,ARM1,lower_respiratory_tract_infection,Y,safety_v3:RESOLVED
S0151,ARM1,thrombosis/thrombus/embolism,Y,safety_v3:RESOLVED
S0152,ARM1,anemia,N,safety_v3:RESOLVED
S0152,ARM1,sensory_neuropathy,N,safety_v3:RESOLVED
S0152,ARM1,thrombocytopenia,N,safety_v3:RESOLVED
S0152,ARM1,hypercholesterolemia,N,safety_v3:RESOLVED
S0152,ARM1,vomiting,N,safety_v3:RESOLVED
S0152,ARM1,pain_in_limb,N,safety_v3:RESOLVED
S0152,ARM1,hypertension_variable,N,safety_v3:RESOLVED
S0152,ARM1,decrease_in_appetite,N,safety_v3:RESOLVED
S0152,ARM1,neutrophil_count_decreased,N,safety_v3:RESOLVED
S0152,ARM1,hypertriglyceridemia,N,safety_v3:RESOLVED
S0152,ARM1,neuropathy-sensory,N,safety_v3:RESOLVED
S0152,ARM1,peripheral_nervous_system_diseases,N,safety_v3:RESOLVED
S0152,ARM1,bone_pain,N,safety_v3:RESOLVED
S0152,ARM1,rash/desquamation,N,safety_v3:RESOLVED
S0152,ARM1,neuralgia,N,safety_v3:RESOLVED
S0152,ARM1,lower_respiratory_tract_infection,Y,safety_v3:RESOLVED
S0153,ARM1,constipation,N,safety_v3:RESOLVED
S0153,ARM1,sensory_neuropathy,N,safety_v3:RESOLVED
S0153,ARM1,thrombocytopenia,N,safety_v3:RESOLVED
S0153,ARM1,back_pain,N,safety_v3:RESOLVED
S0153,ARM1,hypercholesterolemia,N,safety_v3:RESOLVED
S0153,ARM1,vomiting,N,safety_v3:RESOLVED
S0153,ARM1,pain_in_limb,N,safety_v3:RESOLVED
S0153,ARM1,hypertension_variable,N,safety_v3:RESOLVED
S0153,ARM1,dizziness,N,safety_v3:RESOLVED
S0153,ARM1,decrease_in_appetite,N,safety_v3:RESOLVED
S0153,ARM1,neutrophil_count_decreased,N,safety_v3:RESOLVED
S0153,ARM1,rash_erythematous_macules_or_papules,N,safety_v3:RESOLVED
S0153,ARM1,neuropathy-sensory,N,safety_v3:RESOLVED
S0153,ARM1,peripheral_nervous_system_diseases,N,safety_v3:RESOLVED
S0153,ARM1,bone_pain,N,safety_v3:RESOLVED
S0153,ARM1,gastroenteritis,N,safety_v3:RESOLVED
S0153,ARM1,anorexia,N,safety_v3:RESOLVED
S0153,ARM1,rash/desquamation,N,safety_v3:RESOLVED
S0153,ARM1,neuralgia,N,safety_v3:RESOLVED
S0153,ARM1,hypoalbuminemia,N,safety_v3:RESOLVED
S0153,ARM1,dry_skin,N,safety_v3:RESOLVED
S0153,ARM1,lower_respiratory_tract_infection,Y,safety_v3:RESOLVED
S0153,ARM1,upper_respiratory_infections,Y,safety_v3:RESOLVED
S0153,ARM1,hypertension,N,protocol:F120
S0156,ARM1,sensory_neuropathy,N,safety_v3:RESOLVED
S0156,ARM1,thrombocytopenia,N,safety_v3:RESOLVED
S0156,ARM1,hypercholesterolemia,N,safety_v3:RESOLVED
S0156,ARM1,vomiting,N,safety_v3:RESOLVED
S0156,ARM1,hypertension_variable,N,safety_v3:RESOLVED
S0156,ARM1,decrease_in_appetite,N,safety_v3:RESOLVED
S0156,ARM1,neutrophil_count_decreased,N,safety_v3:RESOLVED
S0156,ARM1,hypertriglyceridemia,N,safety_v3:RESOLVED
S0156,ARM1,neuropathy-sensory,N,safety_v3:RESOLVED
S0156,ARM1,peripheral_nervous_system_diseases,N,safety_v3:RESOLVED
S0156,ARM1,dyspepsia,N,safety_v3:RESOLVED
S0156,ARM1,rash/desquamation,N,safety_v3:RESOLVED
S0156,ARM1,neuralgia,N,safety_v3:RESOLVED
S0156,ARM1,dry_skin,N,safety_v3:RESOLVED
S0156,ARM1,"potassium,_serum-low_(hypokalemia)",N,safety_v3:RESOLVED
S0157,ARM1,thrombocytopenia,N,safety_v3:RESOLVED
S0157,ARM1,back_pain,N,safety_v3:RESOLVED
S0157,ARM1,hypercholesterolemia,N,safety_v3:RESOLVED
S0157,ARM1,vomiting,N,safety_v3:RESOLVED
S0157,ARM1,hypertension_variable,N,safety_v3:RESOLVED
S0157,ARM1,dizziness,N,safety_v3:RESOLVED
S0157,ARM1,decrease_in_appetite,N,safety_v3:RESOLVED
S0157,ARM1,neutrophil_count_decreased,N,safety_v3:RESOLVED
S0157,ARM1,peripheral_nervous_system_diseases,N,safety_v3:RESOLVED
S0157,ARM1,rash/desquamation,N,safety_v3:RESOLVED
S0157,ARM1,neuralgia,N,safety_v3:RESOLVED
S0158,ARM1,thrombocytopenia,N,safety_v3:RESOLVED
S0158,ARM1,upper_respiratory_infections,N,safety_v3:RESOLVED
S0158,ARM1,back_pain,N,safety_v3:RESOLVED
S0158,ARM1,hypercholesterolemia,N,safety_v3:RESOLVED
S0158,ARM1,leukopenia,N,safety_v3:RESOLVED
S0158,ARM1,spasm,N,safety_v3:RESOLVED
S0158,ARM1,hypertension_variable,N,safety_v3:RESOLVED
S0158,ARM1,dizziness,N,safety_v3:RESOLVED
S0158,ARM1,decrease_in_appetite,N,safety_v3:RESOLVED
S0158,ARM1,neutrophil_count_decreased,N,safety_v3:RESOLVED
S0158,ARM1,hypertriglyceridemia,N,safety_v3:RESOLVED
S0158,ARM1,thrombosis/thrombus/embolism,N,safety_v3:RESOLVED
S0158,ARM1,neuropathy-sensory,N,safety_v3:RESOLVED
S0158,ARM1,dyspepsia,N,safety_v3:RESOLVED
S0158,ARM1,rash/desquamation,N,safety_v3:RESOLVED
S0158,ARM1,neuralgia,N,safety_v3:RESOLVED
S0159,ARM1,thrombocytopenia,N,safety_v3:RESOLVED
S0159,ARM1,back_pain,N,safety_v3:RESOLVED
S0159,ARM1,hypercholesterolemia,N,safety_v3:RESOLVED
S0159,ARM1,hypertension_variable,N,safety_v3:RESOLVED
S0159,ARM1,decrease_in_appetite,N,safety_v3:RESOLVED
S0159,ARM1,neutrophil_count_decreased,N,safety_v3:RESOLVED
S0159,ARM1,peripheral_nervous_system_diseases,N,safety_v3:RESOLVED
S0159,ARM1,dyspepsia,N,safety_v3:RESOLVED
S0159,ARM1,rash/desquamation,N,safety_v3:RESOLVED
S0159,ARM1,neuralgia,N,safety_v3:RESOLVED
S0162,ARM1,neutropenia,N,safety_v3:RESOLVED
S0162,ARM1,sensory_neuropathy,N,safety_v3:RESOLVED
S0162,ARM1,thrombocytopenia,N,safety_v3:RESOLVED
S0162,ARM1,hypercholesterolemia,N,safety_v3:RESOLVED
S0162,ARM1,pain_in_limb,N,safety_v3:RESOLVED
S0162,ARM1,hypertension_variable,N,safety_v3:RESOLVED
S0162,ARM1,neutrophil_count_decreased,N,safety_v3:RESOLVED
S0162,ARM1,thrombosis/thrombus/embolism,N,safety_v3:RESOLVED
S0162,ARM1,neuropathy-sensory,N,safety_v3:RESOLVED
S0162,ARM1,dyspepsia,N,safety_v3:RESOLVED
S0162,ARM1,bone_pain,N,safety_v3:RESOLVED
S0162,ARM1,rash/desquamation,N,safety_v3:RESOLVED
S0162,ARM1,neuralgia,N,safety_v3:RESOLVED
S0162,ARM1,respiratory_tract_infections,Y,safety_v3:RESOLVED
S0163,ARM1,diarrhea,N,safety_v3:RESOLVED
S0163,ARM1,constipation,N,safety_v3:RESOLVED
S0163,ARM1,anemia,N,safety_v3:RESOLVED
S0163,ARM1,nausea,N,safety_v3:RESOLVED
S0163,ARM1,sensory_neuropathy,N,safety_v3:RESOLVED
S0163,ARM1,sleeplessness,N,safety_v3:RESOLVED
S0163,ARM1,thrombocytopenia,N,safety_v3:RESOLVED
S0163,ARM1,upper_respiratory_infections,N,safety_v3:RESOLVED
S0163,ARM1,back_pain,N,safety_v3:RESOLVED
S0163,ARM1,hypercholesterolemia,N,safety_v3:RESOLVED
S0163,ARM1,leukopenia,N,safety_v3:RESOLVED
S0163,ARM1,spasm,N,safety_v3:RESOLVED
S0163,ARM1,pain_in_limb,N,safety_v3:RESOLVED
S0163,ARM1,hypertension_variable,N,safety_v3:RESOLVED
S0163,ARM1,dizziness,N,safety_v3:RESOLVED
S0163,ARM1,decrease_in_appetite,N,safety_v3:RESOLVED
S0163,ARM1,peripheral_edema,N,safety_v3:RESOLVED
S0163,ARM1,neutrophil_count_decreased,N,safety_v3:RESOLVED
S0163,ARM1,neuropathy-sensory,N,safety_v3:RESOLVED
S0163,ARM1,asthenia,N,safety_v3:RESOLVED
S0163,ARM1,influenza,N,safety_v3:RESOLVED
S0163,ARM1,nasopharyngitis,N,safety_v3:RESOLVED
S0163,ARM1,peripheral_nervous_system_diseases,N,safety_v3:RESOLVED
S0163,ARM1,dyspepsia,N,safety_v3:RESOLVED
S0163,ARM1,bone_pain,N,safety_v3:RESOLVED
S0163,ARM1,gastroenteritis,N,safety_v3:RESOLVED
S0163,ARM1,respiratory_tract_infections,N,safety_v3:RESOLVED
S0163,ARM1,anorexia,N,safety_v3:RESOLVED
S0163,ARM1,rash/desquamation,N,safety_v3:RESOLVED
S0163,ARM1,pneumonia,N,safety_v3:RESOLVED
S0163,ARM1,neuralgia,N,safety_v3:RESOLVED
S0163,ARM1,hypoalbuminemia,N,safety_v3:RESOLVED
S0163,ARM1,dry_skin,N,safety_v3:RESOLVED
S0163,ARM1,respiratory_tract_infections,Y,safety_v3:RESOLVED
S0163,ARM1,sepsis,Y,safety_v3:RESOLVED
S0163,ARM1,urinary_tract_infection,Y,safety_v3:RESOLVED
S0163,ARM1,thrombocytopenia,Y,safety_v3:RESOLVED
S0163,ARM1,hypertension adverse events,N,protocol:F116
S0166,ARM1,thrombocytopenia,N,safety_v3:RESOLVED
S0166,ARM1,hypercholesterolemia,N,safety_v3:RESOLVED
S0166,ARM1,spasm,N,safety_v3:RESOLVED
S0166,ARM1,hypertension_variable,N,safety_v3:RESOLVED
S0166,ARM1,decrease_in_appetite,N,safety_v3:RESOLVED
S0166,ARM1,neutrophil_count_decreased,N,safety_v3:RESOLVED
S0166,ARM1,influenza,N,safety_v3:RESOLVED
S0166,ARM1,peripheral_nervous_system_diseases,N,safety_v3:RESOLVED
S0166,ARM1,dyspepsia,N,safety_v3:RESOLVED
S0166,ARM1,hypocalcemia,N,safety_v3:RESOLVED
S0166,ARM1,rash/desquamation,N,safety_v3:RESOLVED
S0166,ARM1,neuralgia,N,safety_v3:RESOLVED
S0166,ARM1,respiratory_tract_infections,Y,safety_v3:RESOLVED
S0166,ARM1,hypertension,N,protocol:F120
S0168,ARM1,diarrhea,N,safety_v3:RESOLVED
S0168,ARM1,anemia,N,safety_v3:RESOLVED
S0168,ARM1,thrombocytopenia,N,safety_v3:RESOLVED
S0168,ARM1,back_pain,N,safety_v3:RESOLVED
S0168,ARM1,hypercholesterolemia,N,safety_v3:RESOLVED
S0168,ARM1,dyspnea,N,safety_v3:RESOLVED
S0168,ARM1,pain_in_limb,N,safety_v3:RESOLVED
S0168,ARM1,hypertension_variable,N,safety_v3:RESOLVED
S0168,ARM1,decrease_in_appetite,N,safety_v3:RESOLVED
S0168,ARM1,neutrophil_count_decreased,N,safety_v3:RESOLVED
S0168,ARM1,hypertriglyceridemia,N,safety_v3:RESOLVED
S0168,ARM1,neuropathy-sensory,N,safety_v3:RESOLVED
S0168,ARM1,peripheral_nervous_system_diseases,N,safety_v3:RESOLVED
S0168,ARM1,bone_pain,N,safety_v3:RESOLVED
S0168,ARM1,rash/desquamation,N,safety_v3:RESOLVED
S0168,ARM1,neuralgia,N,safety_v3:RESOLVED
S0169,ARM1,fatigue,N,safety_v3:RESOLVED
S0169,ARM1,diarrhea,N,safety_v3:RESOLVED
S0169,ARM1,constipation,N,safety_v3:RESOLVED
S0169,ARM1,anemia,N,safety_v3:RESOLVED
S0169,ARM1,neutropenia,N,safety_v3:RESOLVED
S0169,ARM1,sensory_neuropathy,N,safety_v3:RESOLVED
S0169,ARM1,sleeplessness,N,safety_v3:RESOLVED
S0169,ARM1,thrombocytopenia,N,safety_v3:RESOLVED
S0169,ARM1,upper_respiratory_infections,N,safety_v3:RESOLVED
S0169,ARM1,back_pain,N,safety_v3:RESOLVED
S0169,ARM1,hypercholesterolemia,N,safety_v3:RESOLVED
S0169,ARM1,coughing,N,safety_v3:RESOLVED
S0169,ARM1,leukopenia,N,safety_v3:RESOLVED
S0169,ARM1,spasm,N,safety_v3:RESOLVED
S0169,ARM1,dyspnea,N,safety_v3:RESOLVED
S0169,ARM1,vomiting,N,safety_v3:RESOLVED
S0169,ARM1,pain_in_limb,N,safety_v3:RESOLVED
S0169,ARM1,hypertension_variable,N,safety_v3:RESOLVED
S0169,ARM1,dizziness,N,safety_v3:RESOLVED
S0169,ARM1,decrease_in_appetite,N,safety_v3:RESOLVED
S0169,ARM1,cataract,N,safety_v3:RESOLVED
S0169,ARM1,peripheral_edema,N,safety_v3:RESOLVED
S0169,ARM1,neutrophil_count_decreased,N,safety_v3:RESOLVED
S0169,ARM1,fever,N,safety_v3:RESOLVED
S0169,ARM1,rash_erythematous_macules_or_papules,N,safety_v3:RESOLVED
S0169,ARM1,hypertriglyceridemia,N,safety_v3:RESOLVED
S0169,ARM1,hyperglycemia,N,safety_v3:RESOLVED
S0169,ARM1,thrombosis/thrombus/embolism,N,safety_v3:RESOLVED
S0169,ARM1,hypokalemia,N,safety_v3:RESOLVED
S0169,ARM1,neuropathy-sensory,N,safety_v3:RESOLVED
S0169,ARM1,headache,N,safety_v3:RESOLVED
S0169,ARM1,weight_loss,N,safety_v3:RESOLVED
S0169,ARM1,asthenia,N,safety_v3:RESOLVED
S0169,ARM1,influenza,N,safety_v3:RESOLVED
S0169,ARM1,neuropathic_pain,N,safety_v3:RESOLVED
S0169,ARM1,decreased_platelet_count,N,safety_v3:RESOLVED
S0169,ARM1,nasopharyngitis,N,safety_v3:RESOLVED
S0169,ARM1,lower_respiratory_tract_infection,N,safety_v3:RESOLVED
S0169,ARM1,peripheral_nervous_system_diseases,N,safety_v3:RESOLVED
S0169,ARM1,dyspepsia,N,safety_v3:RESOLVED
S0169,ARM1,falls,N,safety_v3:RESOLVED
S0169,ARM1,abdominal_pain,N,safety_v3:RESOLVED
S0169,ARM1,bone_pain,N,safety_v3:RESOLVED
S0169,ARM1,gastroenteritis,N,safety_v3:RESOLVED
S0169,ARM1,hypocalcemia,N,safety_v3:RESOLVED
S0169,ARM1,respiratory_tract_infections,N,safety_v3:RESOLVED
S0169,ARM1,anorexia,N,safety_v3:RESOLVED
S0169,ARM1,platelets,N,safety_v3:RESOLVED
S0169,ARM1,rash/desquamation,N,safety_v3:RESOLVED
S0169,ARM1,pneumonia,N,safety_v3:RESOLVED
S0169,ARM1,neuralgia,N,safety_v3:RESOLVED
S0169,ARM1,non_cardiac_chest_pain,N,safety_v3:RESOLVED
S0169,ARM1,hypoalbuminemia,N,safety_v3:RESOLVED
S0169,ARM1,dry_skin,N,safety_v3:RESOLVED
S0169,ARM1,neuropathy-motor,N,safety_v3:RESOLVED
S0169,ARM1,edema:_limb,N,safety_v3:RESOLVED
S0169,ARM1,hyponatremia,N,safety_v3:RESOLVED
S0169,ARM1,pain,N,safety_v3:RESOLVED
S0169,ARM1,neuropathy:_sensory,N,safety_v3:RESOLVED
S0169,ARM1,"potassium,_serum-low_(hypokalemia)",N,safety_v3:RESOLVED
S0169,ARM1,pneumonia,Y,safety_v3:RESOLVED
S0169,ARM1,lower_respiratory_tract_infection,Y,safety_v3:RESOLVED
S0169,ARM1,upper_respiratory_infections,Y,safety_v3:RESOLVED
S0169,ARM1,dehydration,Y,safety_v3:RESOLVED
S0169,ARM1,accidental_overdose,Y,safety_v3:RESOLVED
S0169,ARM1,dyspnea,Y,safety_v3:RESOLVED
S0169,ARM1,kidney_failure_acute,Y,safety_v3:RESOLVED
S0169,ARM1,pulmonary_embolism,Y,safety_v3:RESOLVED
S0169,ARM1,respiratory_tract_infections,Y,safety_v3:RESOLVED
S0169,ARM1,thrombocytopenia,Y,safety_v3:RESOLVED
S0169,ARM1,hyperglycemia,Y,safety_v3:RESOLVED
S0169,ARM1,hypotension,Y,safety_v3:RESOLVED
S0169,ARM1,bronchitis,Y,safety_v3:RESOLVED
S0169,ARM1,thrombosis/thrombus/embolism,Y,safety_v3:RESOLVED
S0169,ARM1,kidney_failure,Y,safety_v3:RESOLVED
S0169,ARM1,hypertension adverse events,N,protocol:F116
S0169,ARM1,hypertension,N,protocol:F118
S0169,ARM1,hypertension,N,protocol:F120
S0170,ARM1,anemia,N,safety_v3:RESOLVED
S0170,ARM1,thrombocytopenia,N,safety_v3:RESOLVED
S0170,ARM1,back_pain,N,safety_v3:RESOLVED
S0170,ARM1,hypercholesterolemia,N,safety_v3:RESOLVED
S0170,ARM1,leukopenia,N,safety_v3:RESOLVED
S0170,ARM1,hypertension_variable,N,safety_v3:RESOLVED
S0170,ARM1,neutrophil_count_decreased,N,safety_v3:RESOLVED
S0170,ARM1,headache,N,safety_v3:RESOLVED
S0170,ARM1,peripheral_nervous_system_diseases,N,safety_v3:RESOLVED
S0170,ARM1,bone_pain,N,safety_v3:RESOLVED
S0170,ARM1,rash/desquamation,N,safety_v3:RESOLVED
S0170,ARM1,neuralgia,N,safety_v3:RESOLVED
S0170,ARM1,dysgeusia,N,safety_v3:RESOLVED
S0170,ARM1,fever,Y,safety_v3:RESOLVED
S0170,ARM1,respiratory_tract_infections,Y,safety_v3:RESOLVED
S0170,ARM1,hypertension,N,protocol:F120
S0172,ARM1,diarrhea,N,safety_v3:RESOLVED
S0172,ARM1,nausea,N,safety_v3:RESOLVED
S0172,ARM1,sensory_neuropathy,N,safety_v3:RESOLVED
S0172,ARM1,thrombocytopenia,N,safety_v3:RESOLVED
S0172,ARM1,hypercholesterolemia,N,safety_v3:RESOLVED
S0172,ARM1,hypertension_variable,N,safety_v3:RESOLVED
S0172,ARM1,dizziness,N,safety_v3:RESOLVED
S0172,ARM1,decrease_in_appetite,N,safety_v3:RESOLVED
S0172,ARM1,neutrophil_count_decreased,N,safety_v3:RESOLVED
S0172,ARM1,headache,N,safety_v3:RESOLVED
S0172,ARM1,influenza,N,safety_v3:RESOLVED
S0172,ARM1,dyspepsia,N,safety_v3:RESOLVED
S0172,ARM1,bone_pain,N,safety_v3:RESOLVED
S0172,ARM1,rash/desquamation,N,safety_v3:RESOLVED
S0172,ARM1,neuralgia,N,safety_v3:RESOLVED
S0173,ARM1,thrombocytopenia,N,safety_v3:RESOLVED
S0173,ARM1,back_pain,N,safety_v3:RESOLVED
S0173,ARM1,hypercholesterolemia,N,safety_v3:RESOLVED
S0173,ARM1,hypertension_variable,N,safety_v3:RESOLVED
S0173,ARM1,neutrophil_count_decreased,N,safety_v3:RESOLVED
S0173,ARM1,dyspepsia,N,safety_v3:RESOLVED
S0173,ARM1,gastroenteritis,N,safety_v3:RESOLVED
S0173,ARM1,rash/desquamation,N,safety_v3:RESOLVED
S0173,ARM1,neuralgia,N,safety_v3:RESOLVED
S0174,ARM1,anemia,N,safety_v3:RESOLVED
S0174,ARM1,sensory_neuropathy,N,safety_v3:RESOLVED
S0174,ARM1,thrombocytopenia,N,safety_v3:RESOLVED
S0174,ARM1,back_pain,N,safety_v3:RESOLVED
S0174,ARM1,hypercholesterolemia,N,safety_v3:RESOLVED
S0174,ARM1,hypertension_variable,N,safety_v3:RESOLVED
S0174,ARM1,dizziness,N,safety_v3:RESOLVED
S0174,ARM1,decrease_in_appetite,N,safety_v3:RESOLVED
S0174,ARM1,neutrophil_count_decreased,N,safety_v3:RESOLVED
S0174,ARM1,peripheral_nervous_system_diseases,N,safety_v3:RESOLVED
S0174,ARM1,rash/desquamation,N,safety_v3:RESOLVED
S0174,ARM1,neuralgia,N,safety_v3:RESOLVED
S0175,ARM1,thrombocytopenia,N,safety_v3:RESOLVED
S0175,ARM1,hypercholesterolemia,N,safety_v3:RESOLVED
S0175,ARM1,hypertension_variable,N,safety_v3:RESOLVED
S0175,ARM1,neutrophil_count_decreased,N,safety_v3:RESOLVED
S0175,ARM1,rash/desquamation,N,safety_v3:RESOLVED
S0175,ARM1,neuralgia,N,safety_v3:RESOLVED
S0179,ARM1,anemia,N,safety_v3:RESOLVED
S0179,ARM1,sensory_neuropathy,N,safety_v3:RESOLVED
S0179,ARM1,thrombocytopenia,N,safety_v3:RESOLVED
S0179,ARM1,hypercholesterolemia,N,safety_v3:RESOLVED
S0179,ARM1,hypertension_variable,N,safety_v3:RESOLVED
S0179,ARM1,decrease_in_appetite,N,safety_v3:RESOLVED
S0179,ARM1,neutrophil_count_decreased,N,safety_v3:RESOLVED
S0179,ARM1,peripheral_nervous_system_diseases,N,safety_v3:RESOLVED
S0179,ARM1,dyspepsia,N,safety_v3:RESOLVED
S0179,ARM1,rash/desquamation,N,safety_v3:RESOLVED
S0179,ARM1,neuralgia,N,safety_v3:RESOLVED
S0180,ARM1,diarrhea,N,safety_v3:RESOLVED
S0180,ARM1,anemia,N,safety_v3:RESOLVED
S0180,ARM1,sleeplessness,N,safety_v3:RESOLVED
S0180,ARM1,thrombocytopenia,N,safety_v3:RESOLVED
S0180,ARM1,back_pain,N,safety_v3:RESOLVED
S0180,ARM1,hypercholesterolemia,N,safety_v3:RESOLVED
S0180,ARM1,vomiting,N,safety_v3:RESOLVED
S0180,ARM1,pain_in_limb,N,safety_v3:RESOLVED
S0180,ARM1,hypertension_variable,N,safety_v3:RESOLVED
S0180,ARM1,dizziness,N,safety_v3:RESOLVED
S0180,ARM1,decrease_in_appetite,N,safety_v3:RESOLVED
S0180,ARM1,neutrophil_count_decreased,N,safety_v3:RESOLVED
S0180,ARM1,neuropathy-sensory,N,safety_v3:RESOLVED
S0180,ARM1,peripheral_nervous_system_diseases,N,safety_v3:RESOLVED
S0180,ARM1,dyspepsia,N,safety_v3:RESOLVED
S0180,ARM1,bone_pain,N,safety_v3:RESOLVED
S0180,ARM1,anorexia,N,safety_v3:RESOLVED
S0180,ARM1,rash/desquamation,N,safety_v3:RESOLVED
S0180,ARM1,neuralgia,N,safety_v3:RESOLVED
S0180,ARM1,non_cardiac_chest_pain,N,safety_v3:RESOLVED
S0180,ARM1,respiratory_tract_infections,Y,safety_v3:RESOLVED
S0180,ARM1,cardiac_failure_secondary_to_chest_deformity,Y,safety_v3:RESOLVED
S0180,ARM1,hypertension adverse events,N,protocol:F116
S0181,ARM1,thrombocytopenia,N,safety_v3:RESOLVED
S0181,ARM1,hypercholesterolemia,N,safety_v3:RESOLVED
S0181,ARM1,leukopenia,N,safety_v3:RESOLVED
S0181,ARM1,pain_in_limb,N,safety_v3:RESOLVED
S0181,ARM1,neutrophil_count_decreased,N,safety_v3:RESOLVED
S0181,ARM1,rash/desquamation,N,safety_v3:RESOLVED
S0181,ARM1,neuralgia,N,safety_v3:RESOLVED
S0185,ARM1,thrombocytopenia,N,safety_v3:RESOLVED
S0185,ARM1,hypercholesterolemia,N,safety_v3:RESOLVED
S0185,ARM1,hypertension_variable,N,safety_v3:RESOLVED
S0185,ARM1,neutrophil_count_decreased,N,safety_v3:RESOLVED
S0185,ARM1,peripheral_nervous_system_diseases,N,safety_v3:RESOLVED
S0185,ARM1,rash/desquamation,N,safety_v3:RESOLVED
S0185,ARM1,neuralgia,N,safety_v3:RESOLVED
S0193,ARM1,constipation,N,safety_v3:RESOLVED
S0193,ARM1,anemia,N,safety_v3:RESOLVED
S0193,ARM1,sensory_neuropathy,N,safety_v3:RESOLVED
S0193,ARM1,thrombocytopenia,N,safety_v3:RESOLVED
S0193,ARM1,back_pain,N,safety_v3:RESOLVED
S0193,ARM1,hypercholesterolemia,N,safety_v3:RESOLVED
S0193,ARM1,leukopenia,N,safety_v3:RESOLVED
S0193,ARM1,vomiting,N,safety_v3:RESOLVED
S0193,ARM1,pain_in_limb,N,safety_v3:RESOLVED
S0193,ARM1,hypertension_variable,N,safety_v3:RESOLVED
S0193,ARM1,dizziness,N,safety_v3:RESOLVED
S0193,ARM1,cataract,N,safety_v3:RESOLVED
S0193,ARM1,neutrophil_count_decreased,N,safety_v3:RESOLVED
S0193,ARM1,hypertriglyceridemia,N,safety_v3:RESOLVED
S0193,ARM1,thrombosis/thrombus/embolism,N,safety_v3:RESOLVED
S0193,ARM1,neuropathy-sensory,N,safety_v3:RESOLVED
S0193,ARM1,influenza,N,safety_v3:RESOLVED
S0193,ARM1,decreased_platelet_count,N,safety_v3:RESOLVED
S0193,ARM1,peripheral_nervous_system_diseases,N,safety_v3:RESOLVED
S0193,ARM1,dyspepsia,N,safety_v3:RESOLVED
S0193,ARM1,bone_pain,N,safety_v3:RESOLVED
S0193,ARM1,hypocalcemia,N,safety_v3:RESOLVED
S0193,ARM1,anorexia,N,safety_v3:RESOLVED
S0193,ARM1,rash/desquamation,N,safety_v3:RESOLVED
S0193,ARM1,neuralgia,N,safety_v3:RESOLVED
S0193,ARM1,dysgeusia,N,safety_v3:RESOLVED
S0193,ARM1,edema:_limb,N,safety_v3:RESOLVED
S0193,ARM1,"potassium,_serum-low_(hypokalemia)",N,safety_v3:RESOLVED
S0193,ARM1,lower_respiratory_tract_infection,Y,safety_v3:RESOLVED
S0193,ARM1,respiratory_tract_infections,Y,safety_v3:RESOLVED
S0193,ARM1,thrombocytopenia,Y,safety_v3:RESOLVED
S0193,ARM1,thrombosis/thrombus/embolism,Y,safety_v3:RESOLVED
S0193,ARM1,hypertension,N,protocol:F118
S0193,ARM1,acute renal failure adverse events,N,protocol:F147
S0194,ARM1,sensory_neuropathy,N,safety_v3:RESOLVED
S0194,ARM1,thrombocytopenia,N,safety_v3:RESOLVED
S0194,ARM1,back_pain,N,safety_v3:RESOLVED
S0194,ARM1,hypercholesterolemia,N,safety_v3:RESOLVED
S0194,ARM1,hypertension_variable,N,safety_v3:RESOLVED
S0194,ARM1,neutrophil_count_decreased,N,safety_v3:RESOLVED
S0194,ARM1,rash/desquamation,N,safety_v3:RESOLVED
S0194,ARM1,neuralgia,N,safety_v3:RESOLVED
S0194,ARM1,respiratory_tract_infections,Y,safety_v3:RESOLVED
S0199,ARM1,anemia,N,safety_v3:RESOLVED
S0199,ARM1,hypercholesterolemia,N,safety_v3:RESOLVED
S0199,ARM1,hypertension_variable,N,safety_v3:RESOLVED
S0199,ARM1,neutrophil_count_decreased,N,safety_v3:RESOLVED
S0199,ARM1,neuralgia,N,safety_v3:RESOLVED
S0201,ARM1,diarrhea,N,safety_v3:RESOLVED
S0201,ARM1,anemia,N,safety_v3:RESOLVED
S0201,ARM1,sensory_neuropathy,N,safety_v3:RESOLVED
S0201,ARM1,thrombocytopenia,N,safety_v3:RESOLVED
S0201,ARM1,back_pain,N,safety_v3:RESOLVED
S0201,ARM1,hypercholesterolemia,N,safety_v3:RESOLVED
S0201,ARM1,vomiting,N,safety_v3:RESOLVED
S0201,ARM1,hypertension_variable,N,safety_v3:RESOLVED
S0201,ARM1,neutrophil_count_decreased,N,safety_v3:RESOLVED
S0201,ARM1,bone_pain,N,safety_v3:RESOLVED
S0201,ARM1,rash/desquamation,N,safety_v3:RESOLVED
S0201,ARM1,neuralgia,N,safety_v3:RESOLVED
S0201,ARM1,lower_respiratory_tract_infection,Y,safety_v3:RESOLVED
S0201,ARM1,hypertension,N,protocol:F118
S0202,ARM1,thrombocytopenia,N,safety_v3:RESOLVED
S0202,ARM1,hypercholesterolemia,N,safety_v3:RESOLVED
S0202,ARM1,hypertension_variable,N,safety_v3:RESOLVED
S0202,ARM1,headache,N,safety_v3:RESOLVED
S0202,ARM1,rash/desquamation,N,safety_v3:RESOLVED
S0202,ARM1,neuralgia,N,safety_v3:RESOLVED
S0208,ARM1,diarrhea,N,safety_v3:RESOLVED
S0208,ARM1,constipation,N,safety_v3:RESOLVED
S0208,ARM1,anemia,N,safety_v3:RESOLVED
S0208,ARM1,sensory_neuropathy,N,safety_v3:RESOLVED
S0208,ARM1,thrombocytopenia,N,safety_v3:RESOLVED
S0208,ARM1,upper_respiratory_infections,N,safety_v3:RESOLVED
S0208,ARM1,back_pain,N,safety_v3:RESOLVED
S0208,ARM1,hypercholesterolemia,N,safety_v3:RESOLVED
S0208,ARM1,leukopenia,N,safety_v3:RESOLVED
S0208,ARM1,spasm,N,safety_v3:RESOLVED
S0208,ARM1,dyspnea,N,safety_v3:RESOLVED
S0208,ARM1,vomiting,N,safety_v3:RESOLVED
S0208,ARM1,hypertension_variable,N,safety_v3:RESOLVED
S0208,ARM1,decrease_in_appetite,N,safety_v3:RESOLVED
S0208,ARM1,neutrophil_count_decreased,N,safety_v3:RESOLVED
S0208,ARM1,rash_erythematous_macules_or_papules,N,safety_v3:RESOLVED
S0208,ARM1,hypertriglyceridemia,N,safety_v3:RESOLVED
S0208,ARM1,thrombosis/thrombus/embolism,N,safety_v3:RESOLVED
S0208,ARM1,neuropathy-sensory,N,safety_v3:RESOLVED
S0208,ARM1,influenza,N,safety_v3:RESOLVED
S0208,ARM1,nasopharyngitis,N,safety_v3:RESOLVED
S0208,ARM1,dyspepsia,N,safety_v3:RESOLVED
S0208,ARM1,falls,N,safety_v3:RESOLVED
S0208,ARM1,bone_pain,N,safety_v3:RESOLVED
S0208,ARM1,hypocalcemia,N,safety_v3:RESOLVED
S0208,ARM1,rash/desquamation,N,safety_v3:RESOLVED
S0208,ARM1,neuralgia,N,safety_v3:RESOLVED
S0208,ARM1,non_cardiac_chest_pain,N,safety_v3:RESOLVED
S0208,ARM1,hypoalbuminemia,N,safety_v3:RESOLVED
S0208,ARM1,dry_skin,N,safety_v3:RESOLVED
S0208,ARM1,pneumonia,Y,safety_v3:RESOLVED
S0208,ARM1,respiratory_tract_infections,Y,safety_v3:RESOLVED
S0208,ARM1,cardiac_failure_secondary_to_chest_deformity,Y,safety_v3:RESOLVED
S0208,ARM1,urinary_tract_infection,Y,safety_v3:RESOLVED
S0208,ARM1,thrombosis/thrombus/embolism,Y,safety_v3:RESOLVED
S0208,ARM1,hypertension,N,protocol:F118
S0209,ARM1,diarrhea,N,safety_v3:RESOLVED
S0209,ARM1,constipation,N,safety_v3:RESOLVED
S0209,ARM1,anemia,N,safety_v3:RESOLVED
S0209,ARM1,sensory_neuropathy,N,safety_v3:RESOLVED
S0209,ARM1,sleeplessness,N,safety_v3:RESOLVED
S0209,ARM1,thrombocytopenia,N,safety_v3:RESOLVED
S0209,ARM1,hypercholesterolemia,N,safety_v3:RESOLVED
S0209,ARM1,leukopenia,N,safety_v3:RESOLVED
S0209,ARM1,vomiting,N,safety_v3:RESOLVED
S0209,ARM1,hypertension_variable,N,safety_v3:RESOLVED
S0209,ARM1,decrease_in_appetite,N,safety_v3:RESOLVED
S0209,ARM1,cataract,N,safety_v3:RESOLVED
S0209,ARM1,neutrophil_count_decreased,N,safety_v3:RESOLVED
S0209,ARM1,hypertriglyceridemia,N,safety_v3:RESOLVED
S0209,ARM1,neuropathy-sensory,N,safety_v3:RESOLVED
S0209,ARM1,peripheral_nervous_system_diseases,N,safety_v3:RESOLVED
S0209,ARM1,dyspepsia,N,safety_v3:RESOLVED
S0209,ARM1,anorexia,N,safety_v3:RESOLVED
S0209,ARM1,rash/desquamation,N,safety_v3:RESOLVED
S0209,ARM1,neuralgia,N,safety_v3:RESOLVED
S0209,ARM1,hypoalbuminemia,N,safety_v3:RESOLVED
S0209,ARM1,edema:_limb,N,safety_v3:RESOLVED
S0209,ARM1,lower_respiratory_tract_infection,Y,safety_v3:RESOLVED
S0209,ARM1,respiratory_tract_infections,Y,safety_v3:RESOLVED
S0209,ARM1,thrombosis/thrombus/embolism,Y,safety_v3:RESOLVED
S0210,ARM1,diarrhea,N,safety_v3:RESOLVED
S0210,ARM1,constipation,N,safety_v3:RESOLVED
S0210,ARM1,anemia,N,safety_v3:RESOLVED
S0210,ARM1,nausea,N,safety_v3:RESOLVED
S0210,ARM1,sensory_neuropathy,N,safety_v3:RESOLVED
S0210,ARM1,sleeplessness,N,safety_v3:RESOLVED
S0210,ARM1,thrombocytopenia,N,safety_v3:RESOLVED
S0210,ARM1,back_pain,N,safety_v3:RESOLVED
S0210,ARM1,hypercholesterolemia,N,safety_v3:RESOLVED
S0210,ARM1,leukopenia,N,safety_v3:RESOLVED
S0210,ARM1,vomiting,N,safety_v3:RESOLVED
S0210,ARM1,hypertension_variable,N,safety_v3:RESOLVED
S0210,ARM1,decrease_in_appetite,N,safety_v3:RESOLVED
S0210,ARM1,neutrophil_count_decreased,N,safety_v3:RESOLVED
S0210,ARM1,neuropathy-sensory,N,safety_v3:RESOLVED
S0210,ARM1,influenza,N,safety_v3:RESOLVED
S0210,ARM1,peripheral_nervous_system_diseases,N,safety_v3:RESOLVED
S0210,ARM1,dyspepsia,N,safety_v3:RESOLVED
S0210,ARM1,bone_pain,N,safety_v3:RESOLVED
S0210,ARM1,rash/desquamation,N,safety_v3:RESOLVED
S0210,ARM1,neuralgia,N,safety_v3:RESOLVED
S0210,ARM1,"potassium,_serum-low_(hypokalemia)",N,safety_v3:RESOLVED
S0210,ARM1,respiratory_tract_infections,Y,safety_v3:RESOLVED
S0210,ARM1,hypertension,N,protocol:F118
S0211,ARM1,anemia,N,safety_v3:RESOLVED
S0211,ARM1,neutropenia,N,safety_v3:RESOLVED
S0211,ARM1,thrombocytopenia,N,safety_v3:RESOLVED
S0211,ARM1,back_pain,N,safety_v3:RESOLVED
S0211,ARM1,hypercholesterolemia,N,safety_v3:RESOLVED
S0211,ARM1,spasm,N,safety_v3:RESOLVED
S0211,ARM1,vomiting,N,safety_v3:RESOLVED
S0211,ARM1,pain_in_limb,N,safety_v3:RESOLVED
S0211,ARM1,hypertension_variable,N,safety_v3:RESOLVED
S0211,ARM1,decrease_in_appetite,N,safety_v3:RESOLVED
S0211,ARM1,cataract,N,safety_v3:RESOLVED
S0211,ARM1,neutrophil_count_decreased,N,safety_v3:RESOLVED
S0211,ARM1,thrombosis/thrombus/embolism,N,safety_v3:RESOLVED
S0211,ARM1,neuropathy-sensory,N,safety_v3:RESOLVED
S0211,ARM1,nasopharyngitis,N,safety_v3:RESOLVED
S0211,ARM1,peripheral_nervous_system_diseases,N,safety_v3:RESOLVED
S0211,ARM1,dyspepsia,N,safety_v3:RESOLVED
S0211,ARM1,bone_pain,N,safety_v3:RESOLVED
S0211,ARM1,hypocalcemia,N,safety_v3:RESOLVED
S0211,ARM1,anorexia,N,safety_v3:RESOLVED
S0211,ARM1,rash/desquamation,N,safety_v3:RESOLVED
S0211,ARM1,blurred_vision,N,safety_v3:RESOLVED
S0211,ARM1,neuralgia,N,safety_v3:RESOLVED
S0211,ARM1,dry_skin,N,safety_v3:RESOLVED
S0211,ARM1,pain,N,safety_v3:RESOLVED
S0211,ARM1,"potassium,_serum-low_(hypokalemia)",N,safety_v3:RESOLVED
S0211,ARM1,cardiac_failure_secondary_to_chest_deformity,Y,safety_v3:RESOLVED
S0211,ARM1,deep_vein_thrombosis,Y,safety_v3:RESOLVED
S0211,ARM1,thrombosis/thrombus/embolism,Y,safety_v3:RESOLVED
S0212,ARM1,thrombocytopenia,N,safety_v3:RESOLVED
S0212,ARM1,hypercholesterolemia,N,safety_v3:RESOLVED
S0212,ARM1,vomiting,N,safety_v3:RESOLVED
S0212,ARM1,hypertension_variable,N,safety_v3:RESOLVED
S0212,ARM1,dizziness,N,safety_v3:RESOLVED
S0212,ARM1,neutrophil_count_decreased,N,safety_v3:RESOLVED
S0212,ARM1,neuropathy-sensory,N,safety_v3:RESOLVED
S0212,ARM1,rash/desquamation,N,safety_v3:RESOLVED
S0216,ARM1,thrombocytopenia,N,safety_v3:RESOLVED
S0216,ARM1,hypercholesterolemia,N,safety_v3:RESOLVED
S0216,ARM1,hypertension_variable,N,safety_v3:RESOLVED
S0216,ARM1,neutrophil_count_decreased,N,safety_v3:RESOLVED
S0216,ARM1,peripheral_nervous_system_diseases,N,safety_v3:RESOLVED
S0216,ARM1,rash/desquamation,N,safety_v3:RESOLVED
S0216,ARM1,neuralgia,N,safety_v3:RESOLVED
S0216,ARM1,dysgeusia,N,safety_v3:RESOLVED
S0217,ARM1,anemia,N,safety_v3:RESOLVED
S0217,ARM1,nausea,N,safety_v3:RESOLVED
S0217,ARM1,sensory_neuropathy,N,safety_v3:RESOLVED
S0217,ARM1,thrombocytopenia,N,safety_v3:RESOLVED
S0217,ARM1,hypercholesterolemia,N,safety_v3:RESOLVED
S0217,ARM1,dyspnea,N,safety_v3:RESOLVED
S0217,ARM1,hypertension_variable,N,safety_v3:RESOLVED
S0217,ARM1,neutrophil_count_decreased,N,safety_v3:RESOLVED
S0217,ARM1,thrombosis/thrombus/embolism,N,safety_v3:RESOLVED
S0217,ARM1,neuropathy-sensory,N,safety_v3:RESOLVED
S0217,ARM1,nasopharyngitis,N,safety_v3:RESOLVED
S0217,ARM1,peripheral_nervous_system_diseases,N,safety_v3:RESOLVED
S0217,ARM1,dyspepsia,N,safety_v3:RESOLVED
S0217,ARM1,bone_pain,N,safety_v3:RESOLVED
S0217,ARM1,rash/desquamation,N,safety_v3:RESOLVED
S0217,ARM1,neuralgia,N,safety_v3:RESOLVED
S0217,ARM1,respiratory_tract_infections,Y,safety_v3:RESOLVED
S0219,ARM1,diarrhea,N,safety_v3:RESOLVED
S0219,ARM1,anemia,N,safety_v3:RESOLVED
S0219,ARM1,thrombocytopenia,N,safety_v3:RESOLVED
S0219,ARM1,hypercholesterolemia,N,safety_v3:RESOLVED
S0219,ARM1,hypertension_variable,N,safety_v3:RESOLVED
S0219,ARM1,neutrophil_count_decreased,N,safety_v3:RESOLVED
S0219,ARM1,hypokalemia,N,safety_v3:RESOLVED
S0219,ARM1,neuropathy-sensory,N,safety_v3:RESOLVED
S0219,ARM1,dyspepsia,N,safety_v3:RESOLVED
S0219,ARM1,anorexia,N,safety_v3:RESOLVED
S0219,ARM1,rash/desquamation,N,safety_v3:RESOLVED
S0219,ARM1,neuralgia,N,safety_v3:RESOLVED
S0220,ARM1,sensory_neuropathy,N,safety_v3:RESOLVED
S0220,ARM1,thrombocytopenia,N,safety_v3:RESOLVED
S0220,ARM1,hypercholesterolemia,N,safety_v3:RESOLVED
S0220,ARM1,vomiting,N,safety_v3:RESOLVED
S0220,ARM1,hypertension_variable,N,safety_v3:RESOLVED
S0220,ARM1,decrease_in_appetite,N,safety_v3:RESOLVED
S0220,ARM1,neutrophil_count_decreased,N,safety_v3:RESOLVED
S0220,ARM1,peripheral_nervous_system_diseases,N,safety_v3:RESOLVED
S0220,ARM1,bone_pain,N,safety_v3:RESOLVED
S0220,ARM1,rash/desquamation,N,safety_v3:RESOLVED
S0220,ARM1,neuralgia,N,safety_v3:RESOLVED
S0220,ARM1,"potassium,_serum-low_(hypokalemia)",N,safety_v3:RESOLVED
S0220,ARM1,hypertension,N,protocol:F118
S0221,ARM1,thrombocytopenia,N,safety_v3:RESOLVED
S0221,ARM1,back_pain,N,safety_v3:RESOLVED
S0221,ARM1,hypercholesterolemia,N,safety_v3:RESOLVED
S0221,ARM1,hypertension_variable,N,safety_v3:RESOLVED
S0221,ARM1,neutrophil_count_decreased,N,safety_v3:RESOLVED
S0221,ARM1,peripheral_nervous_system_diseases,N,safety_v3:RESOLVED
S0221,ARM1,dyspepsia,N,safety_v3:RESOLVED
S0221,ARM1,rash/desquamation,N,safety_v3:RESOLVED
S0221,ARM1,neuralgia,N,safety_v3:RESOLVED
S0225,ARM1,anemia,N,safety_v3:RESOLVED
S0225,ARM1,nausea,N,safety_v3:RESOLVED
S0225,ARM1,sensory_neuropathy,N,safety_v3:RESOLVED
S0225,ARM1,thrombocytopenia,N,safety_v3:RESOLVED
S0225,ARM1,back_pain,N,safety_v3:RESOLVED
S0225,ARM1,hypercholesterolemia,N,safety_v3:RESOLVED
S0225,ARM1,pain_in_limb,N,safety_v3:RESOLVED
S0225,ARM1,hypertension_variable,N,safety_v3:RESOLVED
S0225,ARM1,dizziness,N,safety_v3:RESOLVED
S0225,ARM1,decrease_in_appetite,N,safety_v3:RESOLVED
S0225,ARM1,neutrophil_count_decreased,N,safety_v3:RESOLVED
S0225,ARM1,neuropathy-sensory,N,safety_v3:RESOLVED
S0225,ARM1,peripheral_nervous_system_diseases,N,safety_v3:RESOLVED
S0225,ARM1,bone_pain,N,safety_v3:RESOLVED
S0225,ARM1,rash/desquamation,N,safety_v3:RESOLVED
S0225,ARM1,neuralgia,N,safety_v3:RESOLVED
S0225,ARM1,"potassium,_serum-low_(hypokalemia)",N,safety_v3:RESOLVED
S0225,ARM1,lower_respiratory_tract_infection,Y,safety_v3:RESOLVED
S0225,ARM1,dehydration,Y,safety_v3:RESOLVED
S0225,ARM1,fever,Y,safety_v3:RESOLVED
S0225,ARM1,respiratory_tract_infections,Y,safety_v3:RESOLVED
S0227,ARM1,diarrhea,N,safety_v3:RESOLVED
S0227,ARM1,anemia,N,safety_v3:RESOLVED
S0227,ARM1,nausea,N,safety_v3:RESOLVED
S0227,ARM1,neutropenia,N,safety_v3:RESOLVED
S0227,ARM1,thrombocytopenia,N,safety_v3:RESOLVED
S0227,ARM1,hypercholesterolemia,N,safety_v3:RESOLVED
S0227,ARM1,vomiting,N,safety_v3:RESOLVED
S0227,ARM1,pain_in_limb,N,safety_v3:RESOLVED
S0227,ARM1,hypertension_variable,N,safety_v3:RESOLVED
S0227,ARM1,dizziness,N,safety_v3:RESOLVED
S0227,ARM1,decrease_in_appetite,N,safety_v3:RESOLVED
S0227,ARM1,cataract,N,safety_v3:RESOLVED
S0227,ARM1,peripheral_edema,N,safety_v3:RESOLVED
S0227,ARM1,neutrophil_count_decreased,N,safety_v3:RESOLVED
S0227,ARM1,hyperglycemia,N,safety_v3:RESOLVED
S0227,ARM1,neuropathy-sensory,N,safety_v3:RESOLVED
S0227,ARM1,influenza,N,safety_v3:RESOLVED
S0227,ARM1,nasopharyngitis,N,safety_v3:RESOLVED
S0227,ARM1,gastroenteritis,N,safety_v3:RESOLVED
S0227,ARM1,rash/desquamation,N,safety_v3:RESOLVED
S0227,ARM1,neuralgia,N,safety_v3:RESOLVED
S0227,ARM1,non_cardiac_chest_pain,N,safety_v3:RESOLVED
S0227,ARM1,lower_respiratory_tract_infection,Y,safety_v3:RESOLVED
S0227,ARM1,dehydration,Y,safety_v3:RESOLVED
S0227,ARM1,respiratory_tract_infections,Y,safety_v3:RESOLVED
S0228,ARM1,constipation,N,safety_v3:RESOLVED
S0228,ARM1,anemia,N,safety_v3:RESOLVED
S0228,ARM1,neutropenia,N,safety_v3:RESOLVED
S0228,ARM1,sensory_neuropathy,N,safety_v3:RESOLVED
S0228,ARM1,thrombocytopenia,N,safety_v3:RESOLVED
S0228,ARM1,back_pain,N,safety_v3:RESOLVED
S0228,ARM1,hypercholesterolemia,N,safety_v3:RESOLVED
S0228,ARM1,leukopenia,N,safety_v3:RESOLVED
S0228,ARM1,spasm,N,safety_v3:RESOLVED
S0228,ARM1,hypertension_variable,N,safety_v3:RESOLVED
S0228,ARM1,dizziness,N,safety_v3:RESOLVED
S0228,ARM1,decrease_in_appetite,N,safety_v3:RESOLVED
S0228,ARM1,neutrophil_count_decreased,N,safety_v3:RESOLVED
S0228,ARM1,hypertriglyceridemia,N,safety_v3:RESOLVED
S0228,ARM1,headache,N,safety_v3:RESOLVED
S0228,ARM1,nasopharyngitis,N,safety_v3:RESOLVED
S0228,ARM1,peripheral_nervous_system_diseases,N,safety_v3:RESOLVED
S0228,ARM1,dyspepsia,N,safety_v3:RESOLVED
S0228,ARM1,bone_pain,N,safety_v3:RESOLVED
S0228,ARM1,respiratory_tract_infections,N,safety_v3:RESOLVED
S0228,ARM1,anorexia,N,safety_v3:RESOLVED
S0228,ARM1,rash/desquamation,N,safety_v3:RESOLVED
S0228,ARM1,myalgia,N,safety_v3:RESOLVED
S0228,ARM1,neuralgia,N,safety_v3:RESOLVED
S0228,ARM1,dysgeusia,N,safety_v3:RESOLVED
S0228,ARM1,dry_skin,N,safety_v3:RESOLVED
S0228,ARM1,pain,N,safety_v3:RESOLVED
S0228,ARM1,lower_respiratory_tract_infection,Y,safety_v3:RESOLVED
S0228,ARM1,respiratory_tract_infections,Y,safety_v3:RESOLVED
S0228,ARM1,hyperglycemia,Y,safety_v3:RESOLVED
S0229,ARM1,thrombocytopenia,N,safety_v3:RESOLVED
S0229,ARM1,hypercholesterolemia,N,safety_v3:RESOLVED
S0229,ARM1,hypertension_variable,N,safety_v3:RESOLVED
S0229,ARM1,decrease_in_appetite,N,safety_v3:RESOLVED
S0229,ARM1,neutrophil_count_decreased,N,safety_v3:RESOLVED
S0229,ARM1,headache,N,safety_v3:RESOLVED
S0229,ARM1,peripheral_nervous_system_diseases,N,safety_v3:RESOLVED
S0229,ARM1,rash/desquamation,N,safety_v3:RESOLVED
S0239,ARM1,thrombocytopenia,N,safety_v3:RESOLVED
S0239,ARM1,hypercholesterolemia,N,safety_v3:RESOLVED
S0239,ARM1,hypertension_variable,N,safety_v3:RESOLVED
S0239,ARM1,neutrophil_count_decreased,N,safety_v3:RESOLVED
S0239,ARM1,rash/desquamation,N,safety_v3:RESOLVED
S0240,ARM1,diarrhea,N,safety_v3:RESOLVED
S0240,ARM1,constipation,N,safety_v3:RESOLVED
S0240,ARM1,sensory_neuropathy,N,safety_v3:RESOLVED
S0240,ARM1,thrombocytopenia,N,safety_v3:RESOLVED
S0240,ARM1,hypercholesterolemia,N,safety_v3:RESOLVED
S0240,ARM1,leukopenia,N,safety_v3:RESOLVED
S0240,ARM1,spasm,N,safety_v3:RESOLVED
S0240,ARM1,pain_in_limb,N,safety_v3:RESOLVED
S0240,ARM1,hypertension_variable,N,safety_v3:RESOLVED
S0240,ARM1,dizziness,N,safety_v3:RESOLVED
S0240,ARM1,cataract,N,safety_v3:RESOLVED
S0240,ARM1,neutrophil_count_decreased,N,safety_v3:RESOLVED
S0240,ARM1,neuropathy-sensory,N,safety_v3:RESOLVED
S0240,ARM1,influenza,N,safety_v3:RESOLVED
S0240,ARM1,bone_pain,N,safety_v3:RESOLVED
S0240,ARM1,rash/desquamation,N,safety_v3:RESOLVED
S0240,ARM1,neuralgia,N,safety_v3:RESOLVED
S0240,ARM1,hypoalbuminemia,N,safety_v3:RESOLVED
S0240,ARM1,respiratory_tract_infections,Y,safety_v3:RESOLVED
S0240,ARM1,hypertension,N,protocol:F118
S0241,ARM1,anemia,N,safety_v3:RESOLVED
S0241,ARM1,thrombocytopenia,N,safety_v3:RESOLVED
S0241,ARM1,hypercholesterolemia,N,safety_v3:RESOLVED
S0241,ARM1,pain_in_limb,N,safety_v3:RESOLVED
S0241,ARM1,hypertension_variable,N,safety_v3:RESOLVED
S0241,ARM1,decrease_in_appetite,N,safety_v3:RESOLVED
S0241,ARM1,neutrophil_count_decreased,N,safety_v3:RESOLVED
S0241,ARM1,influenza,N,safety_v3:RESOLVED
S0241,ARM1,peripheral_nervous_system_diseases,N,safety_v3:RESOLVED
S0241,ARM1,dyspepsia,N,safety_v3:RESOLVED
S0241,ARM1,rash/desquamation,N,safety_v3:RESOLVED
S0241,ARM1,neuralgia,N,safety_v3:RESOLVED
S0242,ARM1,diarrhea,N,safety_v3:RESOLVED
S0242,ARM1,thrombocytopenia,N,safety_v3:RESOLVED
S0242,ARM1,hypercholesterolemia,N,safety_v3:RESOLVED
S0242,ARM1,vomiting,N,safety_v3:RESOLVED
S0242,ARM1,hypertension_variable,N,safety_v3:RESOLVED
S0242,ARM1,neutrophil_count_decreased,N,safety_v3:RESOLVED
S0242,ARM1,peripheral_nervous_system_diseases,N,safety_v3:RESOLVED
S0242,ARM1,dyspepsia,N,safety_v3:RESOLVED
S0242,ARM1,bone_pain,N,safety_v3:RESOLVED
S0242,ARM1,rash/desquamation,N,safety_v3:RESOLVED
S0242,ARM1,respiratory_tract_infections,Y,safety_v3:RESOLVED
S0247,ARM1,thrombocytopenia,N,safety_v3:RESOLVED
S0247,ARM1,back_pain,N,safety_v3:RESOLVED
S0247,ARM1,hypercholesterolemia,N,safety_v3:RESOLVED
S0247,ARM1,leukopenia,N,safety_v3:RESOLVED
S0247,ARM1,hypertension_variable,N,safety_v3:RESOLVED
S0247,ARM1,neutrophil_count_decreased,N,safety_v3:RESOLVED
S0247,ARM1,rash/desquamation,N,safety_v3:RESOLVED
S0247,ARM1,neuralgia,N,safety_v3:RESOLVED
S0251,ARM1,diarrhea,N,safety_v3:RESOLVED
S0251,ARM1,thrombocytopenia,N,safety_v3:RESOLVED
S0251,ARM1,hypercholesterolemia,N,safety_v3:RESOLVED
S0251,ARM1,leukopenia,N,safety_v3:RESOLVED
S0251,ARM1,hypertension_variable,N,safety_v3:RESOLVED
S0251,ARM1,decrease_in_appetite,N,safety_v3:RESOLVED
S0251,ARM1,neutrophil_count_decreased,N,safety_v3:RESOLVED
S0251,ARM1,dyspepsia,N,safety_v3:RESOLVED
S0251,ARM1,rash/desquamation,N,safety_v3:RESOLVED
S0251,ARM1,neuralgia,N,safety_v3:RESOLVED
S0252,ARM1,constipation,N,safety_v3:RESOLVED
S0252,ARM1,anemia,N,safety_v3:RESOLVED
S0252,ARM1,neutropenia,N,safety_v3:RESOLVED
S0252,ARM1,sensory_neuropathy,N,safety_v3:RESOLVED
S0252,ARM1,thrombocytopenia,N,safety_v3:RESOLVED
S0252,ARM1,back_pain,N,safety_v3:RESOLVED
S0252,ARM1,hypercholesterolemia,N,safety_v3:RESOLVED
S0252,ARM1,coughing,N,safety_v3:RESOLVED
S0252,ARM1,spasm,N,safety_v3:RESOLVED
S0252,ARM1,hypertension_variable,N,safety_v3:RESOLVED
S0252,ARM1,dizziness,N,safety_v3:RESOLVED
S0252,ARM1,decrease_in_appetite,N,safety_v3:RESOLVED
S0252,ARM1,peripheral_edema,N,safety_v3:RESOLVED
S0252,ARM1,neutrophil_count_decreased,N,safety_v3:RESOLVED
S0252,ARM1,rash_erythematous_macules_or_papules,N,safety_v3:RESOLVED
S0252,ARM1,neuropathy-sensory,N,safety_v3:RESOLVED
S0252,ARM1,nasopharyngitis,N,safety_v3:RESOLVED
S0252,ARM1,peripheral_nervous_system_diseases,N,safety_v3:RESOLVED
S0252,ARM1,bone_pain,N,safety_v3:RESOLVED
S0252,ARM1,rash/desquamation,N,safety_v3:RESOLVED
S0252,ARM1,neuralgia,N,safety_v3:RESOLVED
S0252,ARM1,"potassium,_serum-low_(hypokalemia)",N,safety_v3:RESOLVED
S0252,ARM1,fever,Y,safety_v3:RESOLVED
S0252,ARM1,respiratory_tract_infections,Y,safety_v3:RESOLVED
S0252,ARM1,hypertension,N,protocol:F120
S0254,ARM1,anemia,N,safety_v3:RESOLVED
S0254,ARM1,thrombocytopenia,N,safety_v3:RESOLVED
S0254,ARM1,hypercholesterolemia,N,safety_v3:RESOLVED
S0254,ARM1,hypertension_variable,N,safety_v3:RESOLVED
S0254,ARM1,neutrophil_count_decreased,N,safety_v3:RESOLVED
S0254,ARM1,neuropathy-sensory,N,safety_v3:RESOLVED
S0254,ARM1,rash/desquamation,N,safety_v3:RESOLVED
S0254,ARM1,neuralgia,N,safety_v3:RESOLVED
S0260,ARM1,diarrhea,N,safety_v3:RESOLVED
S0260,ARM1,anemia,N,safety_v3:RESOLVED
S0260,ARM1,sensory_neuropathy,N,safety_v3:RESOLVED
S0260,ARM1,sleeplessness,N,safety_v3:RESOLVED
S0260,ARM1,thrombocytopenia,N,safety_v3:RESOLVED
S0260,ARM1,hypercholesterolemia,N,safety_v3:RESOLVED
S0260,ARM1,leukopenia,N,safety_v3:RESOLVED
S0260,ARM1,spasm,N,safety_v3:RESOLVED
S0260,ARM1,dyspnea,N,safety_v3:RESOLVED
S0260,ARM1,pain_in_limb,N,safety_v3:RESOLVED
S0260,ARM1,hypertension_variable,N,safety_v3:RESOLVED
S0260,ARM1,dizziness,N,safety_v3:RESOLVED
S0260,ARM1,decrease_in_appetite,N,safety_v3:RESOLVED
S0260,ARM1,neutrophil_count_decreased,N,safety_v3:RESOLVED
S0260,ARM1,thrombosis/thrombus/embolism,N,safety_v3:RESOLVED
S0260,ARM1,asthenia,N,safety_v3:RESOLVED
S0260,ARM1,peripheral_nervous_system_diseases,N,safety_v3:RESOLVED
S0260,ARM1,dyspepsia,N,safety_v3:RESOLVED
S0260,ARM1,rash/desquamation,N,safety_v3:RESOLVED
S0260,ARM1,neuralgia,N,safety_v3:RESOLVED
S0260,ARM1,"potassium,_serum-low_(hypokalemia)",N,safety_v3:RESOLVED
S0260,ARM1,pneumonia,Y,safety_v3:RESOLVED
S0260,ARM1,respiratory_tract_infections,Y,safety_v3:RESOLVED
S0260,ARM1,hypercalcemia,Y,safety_v3:RESOLVED
S0260,ARM1,hypertension,N,protocol:F118
S0262,ARM1,hypercholesterolemia,N,safety_v3:RESOLVED
S0262,ARM1,hypertension_variable,N,safety_v3:RESOLVED
S0262,ARM1,rash/desquamation,N,safety_v3:RESOLVED
S0262,ARM1,neuralgia,N,safety_v3:RESOLVED
S0263,ARM1,diarrhea,N,safety_v3:RESOLVED
S0263,ARM1,anemia,N,safety_v3:RESOLVED
S0263,ARM1,thrombocytopenia,N,safety_v3:RESOLVED
S0263,ARM1,back_pain,N,safety_v3:RESOLVED
S0263,ARM1,hypercholesterolemia,N,safety_v3:RESOLVED
S0263,ARM1,spasm,N,safety_v3:RESOLVED
S0263,ARM1,pain_in_limb,N,safety_v3:RESOLVED
S0263,ARM1,hypertension_variable,N,safety_v3:RESOLVED
S0263,ARM1,dizziness,N,safety_v3:RESOLVED
S0263,ARM1,decrease_in_appetite,N,safety_v3:RESOLVED
S0263,ARM1,neutrophil_count_decreased,N,safety_v3:RESOLVED
S0263,ARM1,fever,N,safety_v3:RESOLVED
S0263,ARM1,hypertriglyceridemia,N,safety_v3:RESOLVED
S0263,ARM1,neuropathy-sensory,N,safety_v3:RESOLVED
S0263,ARM1,peripheral_nervous_system_diseases,N,safety_v3:RESOLVED
S0263,ARM1,dyspepsia,N,safety_v3:RESOLVED
S0263,ARM1,bone_pain,N,safety_v3:RESOLVED
S0263,ARM1,rash/desquamation,N,safety_v3:RESOLVED
S0263,ARM1,neuralgia,N,safety_v3:RESOLVED
S0263,ARM1,hypertension adverse events,N,protocol:F116
S0264,ARM1,diarrhea,N,safety_v3:RESOLVED
S0264,ARM1,sensory_neuropathy,N,safety_v3:RESOLVED
S0264,ARM1,thrombocytopenia,N,safety_v3:RESOLVED
S0264,ARM1,hypercholesterolemia,N,safety_v3:RESOLVED
S0264,ARM1,leukopenia,N,safety_v3:RESOLVED
S0264,ARM1,vomiting,N,safety_v3:RESOLVED
S0264,ARM1,pain_in_limb,N,safety_v3:RESOLVED
S0264,ARM1,hypertension_variable,N,safety_v3:RESOLVED
S0264,ARM1,decrease_in_appetite,N,safety_v3:RESOLVED
S0264,ARM1,cataract,N,safety_v3:RESOLVED
S0264,ARM1,neutrophil_count_decreased,N,safety_v3:RESOLVED
S0264,ARM1,neuropathy-sensory,N,safety_v3:RESOLVED
S0264,ARM1,peripheral_nervous_system_diseases,N,safety_v3:RESOLVED
S0264,ARM1,rash/desquamation,N,safety_v3:RESOLVED
S0264,ARM1,neuralgia,N,safety_v3:RESOLVED
S0264,ARM1,respiratory_tract_infections,Y,safety_v3:RESOLVED
S0265,ARM1,thrombocytopenia,N,safety_v3:RESOLVED
S0265,ARM1,hypercholesterolemia,N,safety_v3:RESOLVED
S0265,ARM1,decrease_in_appetite,N,safety_v3:RESOLVED
S0265,ARM1,neutrophil_count_decreased,N,safety_v3:RESOLVED
S0266,ARM1,constipation,N,safety_v3:RESOLVED
S0266,ARM1,nausea,N,safety_v3:RESOLVED
S0266,ARM1,thrombocytopenia,N,safety_v3:RESOLVED
S0266,ARM1,hypercholesterolemia,N,safety_v3:RESOLVED
S0266,ARM1,spasm,N,safety_v3:RESOLVED
S0266,ARM1,hypertension_variable,N,safety_v3:RESOLVED
S0266,ARM1,dizziness,N,safety_v3:RESOLVED
S0266,ARM1,neutrophil_count_decreased,N,safety_v3:RESOLVED
S0266,ARM1,peripheral_nervous_system_diseases,N,safety_v3:RESOLVED
S0266,ARM1,bone_pain,N,safety_v3:RESOLVED
S0266,ARM1,rash/desquamation,N,safety_v3:RESOLVED
S0268,ARM1,anemia,N,safety_v3:RESOLVED
S0268,ARM1,nausea,N,safety_v3:RESOLVED
S0268,ARM1,thrombocytopenia,N,safety_v3:RESOLVED
S0268,ARM1,upper_respiratory_infections,N,safety_v3:RESOLVED
S0268,ARM1,back_pain,N,safety_v3:RESOLVED
S0268,ARM1,hypercholesterolemia,N,safety_v3:RESOLVED
S0268,ARM1,vomiting,N,safety_v3:RESOLVED
S0268,ARM1,hypertension_variable,N,safety_v3:RESOLVED
S0268,ARM1,dizziness,N,safety_v3:RESOLVED
S0268,ARM1,decrease_in_appetite,N,safety_v3:RESOLVED
S0268,ARM1,neutrophil_count_decreased,N,safety_v3:RESOLVED
S0268,ARM1,nasopharyngitis,N,safety_v3:RESOLVED
S0268,ARM1,peripheral_nervous_system_diseases,N,safety_v3:RESOLVED
S0268,ARM1,dyspepsia,N,safety_v3:RESOLVED
S0268,ARM1,bone_pain,N,safety_v3:RESOLVED
S0268,ARM1,rash/desquamation,N,safety_v3:RESOLVED
S0268,ARM1,blurred_vision,N,safety_v3:RESOLVED
S0268,ARM1,neuralgia,N,safety_v3:RESOLVED
S0268,ARM1,dry_skin,N,safety_v3:RESOLVED
S0268,ARM1,hyponatremia,N,safety_v3:RESOLVED
S0268,ARM1,hypertension adverse events,N,protocol:F116
S0271,ARM1,thrombocytopenia,N,safety_v3:RESOLVED
S0271,ARM1,hypercholesterolemia,N,safety_v3:RESOLVED
S0271,ARM1,hypertension_variable,N,safety_v3:RESOLVED
S0271,ARM1,neutrophil_count_decreased,N,safety_v3:RESOLVED
S0271,ARM1,bone_pain,N,safety_v3:RESOLVED
S0271,ARM1,rash/desquamation,N,safety_v3:RESOLVED
S0271,ARM1,neuralgia,N,safety_v3:RESOLVED
S0273,ARM1,sensory_neuropathy,N,safety_v3:RESOLVED
S0273,ARM1,sleeplessness,N,safety_v3:RESOLVED
S0273,ARM1,thrombocytopenia,N,safety_v3:RESOLVED
S0273,ARM1,hypercholesterolemia,N,safety_v3:RESOLVED
S0273,ARM1,hypertension_variable,N,safety_v3:RESOLVED
S0273,ARM1,decrease_in_appetite,N,safety_v3:RESOLVED
S0273,ARM1,cataract,N,safety_v3:RESOLVED
S0273,ARM1,neutrophil_count_decreased,N,safety_v3:RESOLVED
S0273,ARM1,neuropathy-sensory,N,safety_v3:RESOLVED
S0273,ARM1,headache,N,safety_v3:RESOLVED
S0273,ARM1,peripheral_nervous_system_diseases,N,safety_v3:RESOLVED
S0273,ARM1,dyspepsia,N,safety_v3:RESOLVED
S0273,ARM1,bone_pain,N,safety_v3:RESOLVED
S0273,ARM1,respiratory_tract_infections,N,safety_v3:RESOLVED
S0273,ARM1,anorexia,N,safety_v3:RESOLVED
S0273,ARM1,rash/desquamation,N,safety_v3:RESOLVED
S0273,ARM1,neuralgia,N,safety_v3:RESOLVED
S0273,ARM1,"potassium,_serum-low_(hypokalemia)",N,safety_v3:RESOLVED
S0283,ARM1,fatigue,N,safety_v3:RESOLVED
S0283,ARM1,anemia,N,safety_v3:RESOLVED
S0283,ARM1,nausea,N,safety_v3:RESOLVED
S0283,ARM1,neutropenia,N,safety_v3:RESOLVED
S0283,ARM1,sensory_neuropathy,N,safety_v3:RESOLVED
S0283,ARM1,sleeplessness,N,safety_v3:RESOLVED
S0283,ARM1,thrombocytopenia,N,safety_v3:RESOLVED
S0283,ARM1,upper_respiratory_infections,N,safety_v3:RESOLVED
S0283,ARM1,back_pain,N,safety_v3:RESOLVED
S0283,ARM1,hypercholesterolemia,N,safety_v3:RESOLVED
S0283,ARM1,leukopenia,N,safety_v3:RESOLVED
S0283,ARM1,spasm,N,safety_v3:RESOLVED
S0283,ARM1,dyspnea,N,safety_v3:RESOLVED
S0283,ARM1,vomiting,N,safety_v3:RESOLVED
S0283,ARM1,hypertension_variable,N,safety_v3:RESOLVED
S0283,ARM1,dizziness,N,safety_v3:RESOLVED
S0283,ARM1,decrease_in_appetite,N,safety_v3:RESOLVED
S0283,ARM1,neutrophil_count_decreased,N,safety_v3:RESOLVED
S0283,ARM1,thrombosis/thrombus/embolism,N,safety_v3:RESOLVED
S0283,ARM1,neuropathy-sensory,N,safety_v3:RESOLVED
S0283,ARM1,headache,N,safety_v3:RESOLVED
S0283,ARM1,nasopharyngitis,N,safety_v3:RESOLVED
S0283,ARM1,peripheral_nervous_system_diseases,N,safety_v3:RESOLVED
S0283,ARM1,dyspepsia,N,safety_v3:RESOLVED
S0283,ARM1,bone_pain,N,safety_v3:RESOLVED
S0283,ARM1,rash/desquamation,N,safety_v3:RESOLVED
S0283,ARM1,neuralgia,N,safety_v3:RESOLVED
S0283,ARM1,dry_skin,N,safety_v3:RESOLVED
S0283,ARM1,edema:_limb,N,safety_v3:RESOLVED
S0283,ARM1,hyponatremia,N,safety_v3:RESOLVED
S0283,ARM1,pneumonia,Y,safety_v3:RESOLVED
S0283,ARM1,fever,Y,safety_v3:RESOLVED
S0283,ARM1,hypertension,N,protocol:F118
S0283,ARM1,hypertension,N,protocol:F120
S0286,ARM1,diarrhea,N,safety_v3:RESOLVED
S0286,ARM1,anemia,N,safety_v3:RESOLVED
S0286,ARM1,sensory_neuropathy,N,safety_v3:RESOLVED
S0286,ARM1,thrombocytopenia,N,safety_v3:RESOLVED
S0286,ARM1,hypercholesterolemia,N,safety_v3:RESOLVED
S0286,ARM1,hypertension_variable,N,safety_v3:RESOLVED
S0286,ARM1,decrease_in_appetite,N,safety_v3:RESOLVED
S0286,ARM1,neutrophil_count_decreased,N,safety_v3:RESOLVED
S0286,ARM1,neuropathy-sensory,N,safety_v3:RESOLVED
S0286,ARM1,headache,N,safety_v3:RESOLVED
S0286,ARM1,dyspepsia,N,safety_v3:RESOLVED
S0286,ARM1,bone_pain,N,safety_v3:RESOLVED
S0286,ARM1,rash/desquamation,N,safety_v3:RESOLVED
S0286,ARM1,neuralgia,N,safety_v3:RESOLVED
S0286,ARM1,respiratory_tract_infections,Y,safety_v3:RESOLVED
S0288,ARM1,diarrhea,N,safety_v3:RESOLVED
S0288,ARM1,constipation,N,safety_v3:RESOLVED
S0288,ARM1,anemia,N,safety_v3:RESOLVED
S0288,ARM1,neutropenia,N,safety_v3:RESOLVED
S0288,ARM1,sensory_neuropathy,N,safety_v3:RESOLVED
S0288,ARM1,thrombocytopenia,N,safety_v3:RESOLVED
S0288,ARM1,back_pain,N,safety_v3:RESOLVED
S0288,ARM1,hypercholesterolemia,N,safety_v3:RESOLVED
S0288,ARM1,leukopenia,N,safety_v3:RESOLVED
S0288,ARM1,vomiting,N,safety_v3:RESOLVED
S0288,ARM1,hypertension_variable,N,safety_v3:RESOLVED
S0288,ARM1,dizziness,N,safety_v3:RESOLVED
S0288,ARM1,decrease_in_appetite,N,safety_v3:RESOLVED
S0288,ARM1,neutrophil_count_decreased,N,safety_v3:RESOLVED
S0288,ARM1,hypertriglyceridemia,N,safety_v3:RESOLVED
S0288,ARM1,thrombosis/thrombus/embolism,N,safety_v3:RESOLVED
S0288,ARM1,neuropathy-sensory,N,safety_v3:RESOLVED
S0288,ARM1,headache,N,safety_v3:RESOLVED
S0288,ARM1,influenza,N,safety_v3:RESOLVED
S0288,ARM1,peripheral_nervous_system_diseases,N,safety_v3:RESOLVED
S0288,ARM1,dyspepsia,N,safety_v3:RESOLVED
S0288,ARM1,bone_pain,N,safety_v3:RESOLVED
S0288,ARM1,hypocalcemia,N,safety_v3:RESOLVED
S0288,ARM1,rash/desquamation,N,safety_v3:RESOLVED
S0288,ARM1,neuralgia,N,safety_v3:RESOLVED
S0288,ARM1,hypoalbuminemia,N,safety_v3:RESOLVED
S0288,ARM1,dry_skin,N,safety_v3:RESOLVED
S0288,ARM1,diarrhea,Y,safety_v3:RESOLVED
S0288,ARM1,thrombosis/thrombus/embolism,Y,safety_v3:RESOLVED
S0288,ARM1,hypertension,N,protocol:F120
S0289,ARM1,diarrhea,N,safety_v3:RESOLVED
S0289,ARM1,constipation,N,safety_v3:RESOLVED
S0289,ARM1,anemia,N,safety_v3:RESOLVED
S0289,ARM1,sensory_neuropathy,N,safety_v3:RESOLVED
S0289,ARM1,thrombocytopenia,N,safety_v3:RESOLVED
S0289,ARM1,back_pain,N,safety_v3:RESOLVED
S0289,ARM1,hypercholesterolemia,N,safety_v3:RESOLVED
S0289,ARM1,coughing,N,safety_v3:RESOLVED
S0289,ARM1,spasm,N,safety_v3:RESOLVED
S0289,ARM1,vomiting,N,safety_v3:RESOLVED
S0289,ARM1,hypertension_variable,N,safety_v3:RESOLVED
S0289,ARM1,dizziness,N,safety_v3:RESOLVED
S0289,ARM1,decrease_in_appetite,N,safety_v3:RESOLVED
S0289,ARM1,cataract,N,safety_v3:RESOLVED
S0289,ARM1,neutrophil_count_decreased,N,safety_v3:RESOLVED
S0289,ARM1,hypertriglyceridemia,N,safety_v3:RESOLVED
S0289,ARM1,hypokalemia,N,safety_v3:RESOLVED
S0289,ARM1,neuropathy-sensory,N,safety_v3:RESOLVED
S0289,ARM1,nasopharyngitis,N,safety_v3:RESOLVED
S0289,ARM1,peripheral_nervous_system_diseases,N,safety_v3:RESOLVED
S0289,ARM1,dyspepsia,N,safety_v3:RESOLVED
S0289,ARM1,bone_pain,N,safety_v3:RESOLVED
S0289,ARM1,anorexia,N,safety_v3:RESOLVED
S0289,ARM1,rash/desquamation,N,safety_v3:RESOLVED
S0289,ARM1,neuralgia,N,safety_v3:RESOLVED
S0289,ARM1,non_cardiac_chest_pain,N,safety_v3:RESOLVED
S0289,ARM1,dry_skin,N,safety_v3:RESOLVED
S0289,ARM1,neuropathy-motor,N,safety_v3:RESOLVED
S0289,ARM1,lower_respiratory_tract_infection,Y,safety_v3:RESOLVED
S0289,ARM1,diarrhea,Y,safety_v3:RESOLVED
S0289,ARM1,thrombosis/thrombus/embolism,Y,safety_v3:RESOLVED
S0289,ARM1,hypertension,N,protocol:F118
S0289,ARM1,hypertension,N,protocol:F120
S0290,ARM1,diarrhea,N,safety_v3:RESOLVED
S0290,ARM1,nausea,N,safety_v3:RESOLVED
S0290,ARM1,neutropenia,N,safety_v3:RESOLVED
S0290,ARM1,sensory_neuropathy,N,safety_v3:RESOLVED
S0290,ARM1,thrombocytopenia,N,safety_v3:RESOLVED
S0290,ARM1,upper_respiratory_infections,N,safety_v3:RESOLVED
S0290,ARM1,hypercholesterolemia,N,safety_v3:RESOLVED
S0290,ARM1,leukopenia,N,safety_v3:RESOLVED
S0290,ARM1,hypertension_variable,N,safety_v3:RESOLVED
S0290,ARM1,neutrophil_count_decreased,N,safety_v3:RESOLVED
S0290,ARM1,hypertriglyceridemia,N,safety_v3:RESOLVED
S0290,ARM1,peripheral_nervous_system_diseases,N,safety_v3:RESOLVED
S0290,ARM1,rash/desquamation,N,safety_v3:RESOLVED
S0290,ARM1,neuralgia,N,safety_v3:RESOLVED
S0291,ARM1,diarrhea,N,safety_v3:RESOLVED
S0291,ARM1,constipation,N,safety_v3:RESOLVED
S0291,ARM1,anemia,N,safety_v3:RESOLVED
S0291,ARM1,nausea,N,safety_v3:RESOLVED
S0291,ARM1,sensory_neuropathy,N,safety_v3:RESOLVED
S0291,ARM1,sleeplessness,N,safety_v3:RESOLVED
S0291,ARM1,thrombocytopenia,N,safety_v3:RESOLVED
S0291,ARM1,upper_respiratory_infections,N,safety_v3:RESOLVED
S0291,ARM1,back_pain,N,safety_v3:RESOLVED
S0291,ARM1,hypercholesterolemia,N,safety_v3:RESOLVED
S0291,ARM1,spasm,N,safety_v3:RESOLVED
S0291,ARM1,vomiting,N,safety_v3:RESOLVED
S0291,ARM1,pain_in_limb,N,safety_v3:RESOLVED
S0291,ARM1,hypertension_variable,N,safety_v3:RESOLVED
S0291,ARM1,dizziness,N,safety_v3:RESOLVED
S0291,ARM1,decrease_in_appetite,N,safety_v3:RESOLVED
S0291,ARM1,peripheral_edema,N,safety_v3:RESOLVED
S0291,ARM1,neutrophil_count_decreased,N,safety_v3:RESOLVED
S0291,ARM1,hypertriglyceridemia,N,safety_v3:RESOLVED
S0291,ARM1,thrombosis/thrombus/embolism,N,safety_v3:RESOLVED
S0291,ARM1,neuropathy-sensory,N,safety_v3:RESOLVED
S0291,ARM1,asthenia,N,safety_v3:RESOLVED
S0291,ARM1,neuropathic_pain,N,safety_v3:RESOLVED
S0291,ARM1,nasopharyngitis,N,safety_v3:RESOLVED
S0291,ARM1,peripheral_nervous_system_diseases,N,safety_v3:RESOLVED
S0291,ARM1,dyspepsia,N,safety_v3:RESOLVED
S0291,ARM1,falls,N,safety_v3:RESOLVED
S0291,ARM1,bone_pain,N,safety_v3:RESOLVED
S0291,ARM1,gastroenteritis,N,safety_v3:RESOLVED
S0291,ARM1,respiratory_tract_infections,N,safety_v3:RESOLVED
S0291,ARM1,rash/desquamation,N,safety_v3:RESOLVED
S0291,ARM1,neuralgia,N,safety_v3:RESOLVED
S0291,ARM1,dry_skin,N,safety_v3:RESOLVED
S0291,ARM1,"potassium,_serum-low_(hypokalemia)",N,safety_v3:RESOLVED
S0291,ARM1,lower_respiratory_tract_infection,Y,safety_v3:RESOLVED
S0291,ARM1,respiratory_tract_infections,Y,safety_v3:RESOLVED
S0291,ARM1,hyperglycemia,Y,safety_v3:RESOLVED
S0291,ARM1,hypertension,N,protocol:F118
S0291,ARM1,hypertension,N,protocol:F120
S0291,ARM1,acute renal failure adverse events,N,protocol:F147
S0292,ARM1,diarrhea,N,safety_v3:RESOLVED
S0292,ARM1,anemia,N,safety_v3:RESOLVED
S0292,ARM1,nausea,N,safety_v3:RESOLVED
S0292,ARM1,neutropenia,N,safety_v3:RESOLVED
S0292,ARM1,sensory_neuropathy,N,safety_v3:RESOLVED
S0292,ARM1,thrombocytopenia,N,safety_v3:RESOLVED
S0292,ARM1,back_pain,N,safety_v3:RESOLVED
S0292,ARM1,hypercholesterolemia,N,safety_v3:RESOLVED
S0292,ARM1,leukopenia,N,safety_v3:RESOLVED
S0292,ARM1,dyspnea,N,safety_v3:RESOLVED
S0292,ARM1,vomiting,N,safety_v3:RESOLVED
S0292,ARM1,pain_in_limb,N,safety_v3:RESOLVED
S0292,ARM1,hypertension_variable,N,safety_v3:RESOLVED
S0292,ARM1,dizziness,N,safety_v3:RESOLVED
S0292,ARM1,decrease_in_appetite,N,safety_v3:RESOLVED
S0292,ARM1,cataract,N,safety_v3:RESOLVED
S0292,ARM1,peripheral_edema,N,safety_v3:RESOLVED
S0292,ARM1,neutrophil_count_decreased,N,safety_v3:RESOLVED
S0292,ARM1,rash_erythematous_macules_or_papules,N,safety_v3:RESOLVED
S0292,ARM1,hypertriglyceridemia,N,safety_v3:RESOLVED
S0292,ARM1,hyperglycemia,N,safety_v3:RESOLVED
S0292,ARM1,thrombosis/thrombus/embolism,N,safety_v3:RESOLVED
S0292,ARM1,neuropathy-sensory,N,safety_v3:RESOLVED
S0292,ARM1,asthenia,N,safety_v3:RESOLVED
S0292,ARM1,influenza,N,safety_v3:RESOLVED
S0292,ARM1,peripheral_nervous_system_diseases,N,safety_v3:RESOLVED
S0292,ARM1,dyspepsia,N,safety_v3:RESOLVED
S0292,ARM1,bone_pain,N,safety_v3:RESOLVED
S0292,ARM1,anorexia,N,safety_v3:RESOLVED
S0292,ARM1,rash/desquamation,N,safety_v3:RESOLVED
S0292,ARM1,neuralgia,N,safety_v3:RESOLVED
S0292,ARM1,non_cardiac_chest_pain,N,safety_v3:RESOLVED
S0292,ARM1,dysgeusia,N,safety_v3:RESOLVED
S0292,ARM1,dry_skin,N,safety_v3:RESOLVED
S0292,ARM1,"potassium,_serum-low_(hypokalemia)",N,safety_v3:RESOLVED
S0292,ARM1,lower_respiratory_tract_infection,Y,safety_v3:RESOLVED
S0292,ARM1,upper_respiratory_infections,Y,safety_v3:RESOLVED
S0292,ARM1,respiratory_tract_infections,Y,safety_v3:RESOLVED
S0292,ARM1,thrombocytopenia,Y,safety_v3:RESOLVED
S0292,ARM1,hyperglycemia,Y,safety_v3:RESOLVED
S0292,ARM1,hypertension,N,protocol:F118
S0293,ARM1,anemia,N,safety_v3:RESOLVED
S0293,ARM1,sensory_neuropathy,N,safety_v3:RESOLVED
S0293,ARM1,sleeplessness,N,safety_v3:RESOLVED
S0293,ARM1,thrombocytopenia,N,safety_v3:RESOLVED
S0293,ARM1,back_pain,N,safety_v3:RESOLVED
S0293,ARM1,hypercholesterolemia,N,safety_v3:RESOLVED
S0293,ARM1,vomiting,N,safety_v3:RESOLVED
S0293,ARM1,hypertension_variable,N,safety_v3:RESOLVED
S0293,ARM1,dizziness,N,safety_v3:RESOLVED
S0293,ARM1,decrease_in_appetite,N,safety_v3:RESOLVED
S0293,ARM1,neutrophil_count_decreased,N,safety_v3:RESOLVED
S0293,ARM1,thrombosis/thrombus/embolism,N,safety_v3:RESOLVED
S0293,ARM1,asthenia,N,safety_v3:RESOLVED
S0293,ARM1,peripheral_nervous_system_diseases,N,safety_v3:RESOLVED
S0293,ARM1,bone_pain,N,safety_v3:RESOLVED
S0293,ARM1,rash/desquamation,N,safety_v3:RESOLVED
S0293,ARM1,neuralgia,N,safety_v3:RESOLVED
S0293,ARM1,lower_respiratory_tract_infection,Y,safety_v3:RESOLVED
S0297,ARM1,thrombocytopenia,N,safety_v3:RESOLVED
S0297,ARM1,hypercholesterolemia,N,safety_v3:RESOLVED
S0297,ARM1,neutrophil_count_decreased,N,safety_v3:RESOLVED
S0297,ARM1,peripheral_nervous_system_diseases,N,safety_v3:RESOLVED
S0297,ARM1,dyspepsia,N,safety_v3:RESOLVED
S0297,ARM1,rash/desquamation,N,safety_v3:RESOLVED
S0297,ARM1,neuralgia,N,safety_v3:RESOLVED
S0303,ARM1,anemia,N,safety_v3:RESOLVED
S0303,ARM1,sensory_neuropathy,N,safety_v3:RESOLVED
S0303,ARM1,thrombocytopenia,N,safety_v3:RESOLVED
S0303,ARM1,hypercholesterolemia,N,safety_v3:RESOLVED
S0303,ARM1,leukopenia,N,safety_v3:RESOLVED
S0303,ARM1,spasm,N,safety_v3:RESOLVED
S0303,ARM1,vomiting,N,safety_v3:RESOLVED
S0303,ARM1,hypertension_variable,N,safety_v3:RESOLVED
S0303,ARM1,decrease_in_appetite,N,safety_v3:RESOLVED
S0303,ARM1,neutrophil_count_decreased,N,safety_v3:RESOLVED
S0303,ARM1,neuropathy-sensory,N,safety_v3:RESOLVED
S0303,ARM1,peripheral_nervous_system_diseases,N,safety_v3:RESOLVED
S0303,ARM1,dyspepsia,N,safety_v3:RESOLVED
S0303,ARM1,rash/desquamation,N,safety_v3:RESOLVED
S0303,ARM1,neuralgia,N,safety_v3:RESOLVED
S0303,ARM1,dry_skin,N,safety_v3:RESOLVED
S0303,ARM1,"potassium,_serum-low_(hypokalemia)",N,safety_v3:RESOLVED
S0303,ARM1,respiratory_tract_infections,Y,safety_v3:RESOLVED
S0304,ARM1,thrombocytopenia,N,safety_v3:RESOLVED
S0304,ARM1,hypercholesterolemia,N,safety_v3:RESOLVED
S0304,ARM1,hypertension_variable,N,safety_v3:RESOLVED
S0304,ARM1,dizziness,N,safety_v3:RESOLVED
S0304,ARM1,neutrophil_count_decreased,N,safety_v3:RESOLVED
S0304,ARM1,peripheral_nervous_system_diseases,N,safety_v3:RESOLVED
S0304,ARM1,dyspepsia,N,safety_v3:RESOLVED
S0304,ARM1,bone_pain,N,safety_v3:RESOLVED
S0304,ARM1,rash/desquamation,N,safety_v3:RESOLVED
S0304,ARM1,neuralgia,N,safety_v3:RESOLVED
S0306,ARM1,anemia,N,safety_v3:RESOLVED
S0306,ARM1,thrombocytopenia,N,safety_v3:RESOLVED
S0306,ARM1,hypercholesterolemia,N,safety_v3:RESOLVED
S0306,ARM1,pain_in_limb,N,safety_v3:RESOLVED
S0306,ARM1,hypertension_variable,N,safety_v3:RESOLVED
S0306,ARM1,decrease_in_appetite,N,safety_v3:RESOLVED
S0306,ARM1,neutrophil_count_decreased,N,safety_v3:RESOLVED
S0306,ARM1,neuropathy-sensory,N,safety_v3:RESOLVED
S0306,ARM1,peripheral_nervous_system_diseases,N,safety_v3:RESOLVED
S0306,ARM1,dyspepsia,N,safety_v3:RESOLVED
S0306,ARM1,bone_pain,N,safety_v3:RESOLVED
S0306,ARM1,anorexia,N,safety_v3:RESOLVED
S0306,ARM1,rash/desquamation,N,safety_v3:RESOLVED
S0306,ARM1,neuralgia,N,safety_v3:RESOLVED
S0310,ARM1,fatigue,N,safety_v3:RESOLVED
S0310,ARM1,anemia,N,safety_v3:RESOLVED
S0310,ARM1,nausea,N,safety_v3:RESOLVED
S0310,ARM1,sensory_neuropathy,N,safety_v3:RESOLVED
S0310,ARM1,thrombocytopenia,N,safety_v3:RESOLVED
S0310,ARM1,hypercholesterolemia,N,safety_v3:RESOLVED
S0310,ARM1,spasm,N,safety_v3:RESOLVED
S0310,ARM1,pain_in_limb,N,safety_v3:RESOLVED
S0310,ARM1,hypertension_variable,N,safety_v3:RESOLVED
S0310,ARM1,decrease_in_appetite,N,safety_v3:RESOLVED
S0310,ARM1,cataract,N,safety_v3:RESOLVED
S0310,ARM1,neutrophil_count_decreased,N,safety_v3:RESOLVED
S0310,ARM1,hypertriglyceridemia,N,safety_v3:RESOLVED
S0310,ARM1,neuropathy-sensory,N,safety_v3:RESOLVED
S0310,ARM1,asthenia,N,safety_v3:RESOLVED
S0310,ARM1,influenza,N,safety_v3:RESOLVED
S0310,ARM1,nasopharyngitis,N,safety_v3:RESOLVED
S0310,ARM1,peripheral_nervous_system_diseases,N,safety_v3:RESOLVED
S0310,ARM1,dyspepsia,N,safety_v3:RESOLVED
S0310,ARM1,bone_pain,N,safety_v3:RESOLVED
S0310,ARM1,anorexia,N,safety_v3:RESOLVED
S0310,ARM1,rash/desquamation,N,safety_v3:RESOLVED
S0310,ARM1,neuralgia,N,safety_v3:RESOLVED
S0310,ARM1,dry_skin,N,safety_v3:RESOLVED
S0310,ARM1,fever,Y,safety_v3:RESOLVED
S0310,ARM1,hypertension,N,protocol:F118
S0310,ARM1,hypertension,N,protocol:F120
S0311,ARM1,hypercholesterolemia,N,safety_v3:RESOLVED
S0311,ARM1,hypertension_variable,N,safety_v3:RESOLVED
S0311,ARM1,peripheral_nervous_system_diseases,N,safety_v3:RESOLVED
S0311,ARM1,rash/desquamation,N,safety_v3:RESOLVED
S0312,ARM1,thrombocytopenia,N,safety_v3:RESOLVED
S0312,ARM1,hypercholesterolemia,N,safety_v3:RESOLVED
S0312,ARM1,neutrophil_count_decreased,N,safety_v3:RESOLVED
S0312,ARM1,bone_pain,N,safety_v3:RESOLVED
S0312,ARM1,rash/desquamation,N,safety_v3:RESOLVED
S0313,ARM1,diarrhea,N,safety_v3:RESOLVED
S0313,ARM1,constipation,N,safety_v3:RESOLVED
S0313,ARM1,anemia,N,safety_v3:RESOLVED
S0313,ARM1,nausea,N,safety_v3:RESOLVED
S0313,ARM1,neutropenia,N,safety_v3:RESOLVED
S0313,ARM1,sensory_neuropathy,N,safety_v3:RESOLVED
S0313,ARM1,sleeplessness,N,safety_v3:RESOLVED
S0313,ARM1,thrombocytopenia,N,safety_v3:RESOLVED
S0313,ARM1,upper_respiratory_infections,N,safety_v3:RESOLVED
S0313,ARM1,back_pain,N,safety_v3:RESOLVED
S0313,ARM1,hypercholesterolemia,N,safety_v3:RESOLVED
S0313,ARM1,coughing,N,safety_v3:RESOLVED
S0313,ARM1,leukopenia,N,safety_v3:RESOLVED
S0313,ARM1,spasm,N,safety_v3:RESOLVED
S0313,ARM1,dyspnea,N,safety_v3:RESOLVED
S0313,ARM1,vomiting,N,safety_v3:RESOLVED
S0313,ARM1,pain_in_limb,N,safety_v3:RESOLVED
S0313,ARM1,hypertension_variable,N,safety_v3:RESOLVED
S0313,ARM1,arthralgia,N,safety_v3:RESOLVED
S0313,ARM1,dizziness,N,safety_v3:RESOLVED
S0313,ARM1,decrease_in_appetite,N,safety_v3:RESOLVED
S0313,ARM1,cataract,N,safety_v3:RESOLVED
S0313,ARM1,neutrophil_count_decreased,N,safety_v3:RESOLVED
S0313,ARM1,fever,N,safety_v3:RESOLVED
S0313,ARM1,rash_erythematous_macules_or_papules,N,safety_v3:RESOLVED
S0313,ARM1,hypertriglyceridemia,N,safety_v3:RESOLVED
S0313,ARM1,hypokalemia,N,safety_v3:RESOLVED
S0313,ARM1,neuropathy-sensory,N,safety_v3:RESOLVED
S0313,ARM1,headache,N,safety_v3:RESOLVED
S0313,ARM1,weight_loss,N,safety_v3:RESOLVED
S0313,ARM1,asthenia,N,safety_v3:RESOLVED
S0313,ARM1,influenza,N,safety_v3:RESOLVED
S0313,ARM1,neuropathic_pain,N,safety_v3:RESOLVED
S0313,ARM1,decreased_platelet_count,N,safety_v3:RESOLVED
S0313,ARM1,nasopharyngitis,N,safety_v3:RESOLVED
S0313,ARM1,lower_respiratory_tract_infection,N,safety_v3:RESOLVED
S0313,ARM1,peripheral_nervous_system_diseases,N,safety_v3:RESOLVED
S0313,ARM1,dyspepsia,N,safety_v3:RESOLVED
S0313,ARM1,falls,N,safety_v3:RESOLVED
S0313,ARM1,bone_pain,N,safety_v3:RESOLVED
S0313,ARM1,hypocalcemia,N,safety_v3:RESOLVED
S0313,ARM1,anorexia,N,safety_v3:RESOLVED
S0313,ARM1,rash/desquamation,N,safety_v3:RESOLVED
S0313,ARM1,pneumonia,N,safety_v3:RESOLVED
S0313,ARM1,neuralgia,N,safety_v3:RESOLVED
S0313,ARM1,non_cardiac_chest_pain,N,safety_v3:RESOLVED
S0313,ARM1,dysgeusia,N,safety_v3:RESOLVED
S0313,ARM1,dry_skin,N,safety_v3:RESOLVED
S0313,ARM1,neuropathy-motor,N,safety_v3:RESOLVED
S0313,ARM1,hemoglobin_normal_12_16_gm,N,safety_v3:RESOLVED
S0313,ARM1,pain,N,safety_v3:RESOLVED
S0313,ARM1,neuropathy:_sensory,N,safety_v3:RESOLVED
S0313,ARM1,"potassium,_serum-low_(hypokalemia)",N,safety_v3:RESOLVED
S0313,ARM1,lower_respiratory_tract_infection,Y,safety_v3:RESOLVED
S0313,ARM1,upper_respiratory_infections,Y,safety_v3:RESOLVED
S0313,ARM1,fever,Y,safety_v3:RESOLVED
S0313,ARM1,respiratory_tract_infections,Y,safety_v3:RESOLVED
S0313,ARM1,sepsis,Y,safety_v3:RESOLVED
S0313,ARM1,urinary_tract_infection,Y,safety_v3:RESOLVED
S0313,ARM1,thrombocytopenia,Y,safety_v3:RESOLVED
S0313,ARM1,deep_vein_thrombosis,Y,safety_v3:RESOLVED
S0313,ARM1,hyperglycemia,Y,safety_v3:RESOLVED
S0313,ARM1,bronchitis,Y,safety_v3:RESOLVED
S0313,ARM1,thrombosis/thrombus/embolism,Y,safety_v3:RESOLVED
S0313,ARM1,hypertension adverse events,N,protocol:F116
S0313,ARM1,hypertension,N,protocol:F118
S0313,ARM1,hypertension,N,protocol:F120
S0313,ARM1,acute renal failure adverse events,N,protocol:F147
S0315,ARM1,thrombocytopenia,N,safety_v3:RESOLVED
S0315,ARM1,hypercholesterolemia,N,safety_v3:RESOLVED
S0315,ARM1,vomiting,N,safety_v3:RESOLVED
S0315,ARM1,neuralgia,N,safety_v3:RESOLVED
S0316,ARM1,fatigue,N,safety_v3:RESOLVED
S0316,ARM1,diarrhea,N,safety_v3:RESOLVED
S0316,ARM1,constipation,N,safety_v3:RESOLVED
S0316,ARM1,anemia,N,safety_v3:RESOLVED
S0316,ARM1,nausea,N,safety_v3:RESOLVED
S0316,ARM1,neutropenia,N,safety_v3:RESOLVED
S0316,ARM1,sensory_neuropathy,N,safety_v3:RESOLVED
S0316,ARM1,sleeplessness,N,safety_v3:RESOLVED
S0316,ARM1,thrombocytopenia,N,safety_v3:RESOLVED
S0316,ARM1,upper_respiratory_infections,N,safety_v3:RESOLVED
S0316,ARM1,back_pain,N,safety_v3:RESOLVED
S0316,ARM1,hypercholesterolemia,N,safety_v3:RESOLVED
S0316,ARM1,coughing,N,safety_v3:RESOLVED
S0316,ARM1,leukopenia,N,safety_v3:RESOLVED
S0316,ARM1,spasm,N,safety_v3:RESOLVED
S0316,ARM1,dyspnea,N,safety_v3:RESOLVED
S0316,ARM1,vomiting,N,safety_v3:RESOLVED
S0316,ARM1,pain_in_limb,N,safety_v3:RESOLVED
S0316,ARM1,hypertension_variable,N,safety_v3:RESOLVED
S0316,ARM1,arthralgia,N,safety_v3:RESOLVED
S0316,ARM1,dizziness,N,safety_v3:RESOLVED
S0316,ARM1,decrease_in_appetite,N,safety_v3:RESOLVED
S0316,ARM1,cataract,N,safety_v3:RESOLVED
S0316,ARM1,peripheral_edema,N,safety_v3:RESOLVED
S0316,ARM1,neutrophil_count_decreased,N,safety_v3:RESOLVED
S0316,ARM1,fever,N,safety_v3:RESOLVED
S0316,ARM1,rash_erythematous_macules_or_papules,N,safety_v3:RESOLVED
S0316,ARM1,hypertriglyceridemia,N,safety_v3:RESOLVED
S0316,ARM1,hyperglycemia,N,safety_v3:RESOLVED
S0316,ARM1,thrombosis/thrombus/embolism,N,safety_v3:RESOLVED
S0316,ARM1,hypokalemia,N,safety_v3:RESOLVED
S0316,ARM1,neuropathy-sensory,N,safety_v3:RESOLVED
S0316,ARM1,headache,N,safety_v3:RESOLVED
S0316,ARM1,asthenia,N,safety_v3:RESOLVED
S0316,ARM1,influenza,N,safety_v3:RESOLVED
S0316,ARM1,decreased_platelet_count,N,safety_v3:RESOLVED
S0316,ARM1,nasopharyngitis,N,safety_v3:RESOLVED
S0316,ARM1,lower_respiratory_tract_infection,N,safety_v3:RESOLVED
S0316,ARM1,peripheral_nervous_system_diseases,N,safety_v3:RESOLVED
S0316,ARM1,dyspepsia,N,safety_v3:RESOLVED
S0316,ARM1,falls,N,safety_v3:RESOLVED
S0316,ARM1,bone_pain,N,safety_v3:RESOLVED
S0316,ARM1,gastroenteritis,N,safety_v3:RESOLVED
S0316,ARM1,hypocalcemia,N,safety_v3:RESOLVED
S0316,ARM1,respiratory_tract_infections,N,safety_v3:RESOLVED
S0316,ARM1,anorexia,N,safety_v3:RESOLVED
S0316,ARM1,platelets,N,safety_v3:RESOLVED
S0316,ARM1,rash/desquamation,N,safety_v3:RESOLVED
S0316,ARM1,pneumonia,N,safety_v3:RESOLVED
S0316,ARM1,neuralgia,N,safety_v3:RESOLVED
S0316,ARM1,non_cardiac_chest_pain,N,safety_v3:RESOLVED
S0316,ARM1,hypoalbuminemia,N,safety_v3:RESOLVED
S0316,ARM1,dysgeusia,N,safety_v3:RESOLVED
S0316,ARM1,dry_skin,N,safety_v3:RESOLVED
S0316,ARM1,neuropathy-motor,N,safety_v3:RESOLVED
S0316,ARM1,musculoskeletal_chest_pain,N,safety_v3:RESOLVED
S0316,ARM1,edema:_limb,N,safety_v3:RESOLVED
S0316,ARM1,pain,N,safety_v3:RESOLVED
S0316,ARM1,neuropathy:_sensory,N,safety_v3:RESOLVED
S0316,ARM1,"potassium,_serum-low_(hypokalemia)",N,safety_v3:RESOLVED
S0316,ARM1,pneumonia,Y,safety_v3:RESOLVED
S0316,ARM1,lower_respiratory_tract_infection,Y,safety_v3:RESOLVED
S0316,ARM1,upper_respiratory_infections,Y,safety_v3:RESOLVED
S0316,ARM1,dehydration,Y,safety_v3:RESOLVED
S0316,ARM1,fever,Y,safety_v3:RESOLVED
S0316,ARM1,accidental_overdose,Y,safety_v3:RESOLVED
S0316,ARM1,dyspnea,Y,safety_v3:RESOLVED
S0316,ARM1,kidney_failure_acute,Y,safety_v3:RESOLVED
S0316,ARM1,pulmonary_embolism,Y,safety_v3:RESOLVED
S0316,ARM1,respiratory_tract_infections,Y,safety_v3:RESOLVED
S0316,ARM1,cardiac_failure_secondary_to_chest_deformity,Y,safety_v3:RESOLVED
S0316,ARM1,atrial_fibrillation,Y,safety_v3:RESOLVED
S0316,ARM1,sepsis,Y,safety_v3:RESOLVED
S0316,ARM1,urinary_tract_infection,Y,safety_v3:RESOLVED
S0316,ARM1,thrombocytopenia,Y,safety_v3:RESOLVED
S0316,ARM1,febrile_neutropenia,Y,safety_v3:RESOLVED
S0316,ARM1,deep_vein_thrombosis,Y,safety_v3:RESOLVED
S0316,ARM1,syncope,Y,safety_v3:RESOLVED
S0316,ARM1,hyperglycemia,Y,safety_v3:RESOLVED
S0316,ARM1,hypotension,Y,safety_v3:RESOLVED
S0316,ARM1,bronchitis,Y,safety_v3:RESOLVED
S0316,ARM1,thrombosis/thrombus/embolism,Y,safety_v3:RESOLVED
S0316,ARM1,hypertension adverse events,N,protocol:F116
S0316,ARM1,hypertension,N,protocol:F118
S0316,ARM1,hypertension,N,protocol:F120
S0316,ARM1,acute renal failure adverse events,N,protocol:F147
S0318,ARM1,diarrhea,N,safety_v3:RESOLVED
S0318,ARM1,thrombocytopenia,N,safety_v3:RESOLVED
S0318,ARM1,hypercholesterolemia,N,safety_v3:RESOLVED
S0318,ARM1,leukopenia,N,safety_v3:RESOLVED
S0318,ARM1,spasm,N,safety_v3:RESOLVED
S0318,ARM1,pain_in_limb,N,safety_v3:RESOLVED
S0318,ARM1,hypertension_variable,N,safety_v3:RESOLVED
S0318,ARM1,decrease_in_appetite,N,safety_v3:RESOLVED
S0318,ARM1,neutrophil_count_decreased,N,safety_v3:RESOLVED
S0318,ARM1,neuropathy-sensory,N,safety_v3:RESOLVED
S0318,ARM1,peripheral_nervous_system_diseases,N,safety_v3:RESOLVED
S0318,ARM1,dyspepsia,N,safety_v3:RESOLVED
S0318,ARM1,bone_pain,N,safety_v3:RESOLVED
S0318,ARM1,rash/desquamation,N,safety_v3:RESOLVED
S0318,ARM1,lower_respiratory_tract_infection,Y,safety_v3:RESOLVED
S0318,ARM1,hypertension,N,protocol:F120
S0319,ARM1,diarrhea,N,safety_v3:RESOLVED
S0319,ARM1,constipation,N,safety_v3:RESOLVED
S0319,ARM1,anemia,N,safety_v3:RESOLVED
S0319,ARM1,sensory_neuropathy,N,safety_v3:RESOLVED
S0319,ARM1,sleeplessness,N,safety_v3:RESOLVED
S0319,ARM1,thrombocytopenia,N,safety_v3:RESOLVED
S0319,ARM1,back_pain,N,safety_v3:RESOLVED
S0319,ARM1,hypercholesterolemia,N,safety_v3:RESOLVED
S0319,ARM1,coughing,N,safety_v3:RESOLVED
S0319,ARM1,spasm,N,safety_v3:RESOLVED
S0319,ARM1,hypertension_variable,N,safety_v3:RESOLVED
S0319,ARM1,dizziness,N,safety_v3:RESOLVED
S0319,ARM1,neutrophil_count_decreased,N,safety_v3:RESOLVED
S0319,ARM1,hypertriglyceridemia,N,safety_v3:RESOLVED
S0319,ARM1,neuropathy-sensory,N,safety_v3:RESOLVED
S0319,ARM1,headache,N,safety_v3:RESOLVED
S0319,ARM1,influenza,N,safety_v3:RESOLVED
S0319,ARM1,peripheral_nervous_system_diseases,N,safety_v3:RESOLVED
S0319,ARM1,dyspepsia,N,safety_v3:RESOLVED
S0319,ARM1,hypocalcemia,N,safety_v3:RESOLVED
S0319,ARM1,anorexia,N,safety_v3:RESOLVED
S0319,ARM1,rash/desquamation,N,safety_v3:RESOLVED
S0319,ARM1,neuralgia,N,safety_v3:RESOLVED
S0319,ARM1,"potassium,_serum-low_(hypokalemia)",N,safety_v3:RESOLVED
S0319,ARM1,lower_respiratory_tract_infection,Y,safety_v3:RESOLVED
S0319,ARM1,fever,Y,safety_v3:RESOLVED
S0323,ARM1,anemia,N,safety_v3:RESOLVED
S0323,ARM1,sensory_neuropathy,N,safety_v3:RESOLVED
S0323,ARM1,thrombocytopenia,N,safety_v3:RESOLVED
S0323,ARM1,hypercholesterolemia,N,safety_v3:RESOLVED
S0323,ARM1,vomiting,N,safety_v3:RESOLVED
S0323,ARM1,hypertension_variable,N,safety_v3:RESOLVED
S0323,ARM1,decrease_in_appetite,N,safety_v3:RESOLVED
S0323,ARM1,neutrophil_count_decreased,N,safety_v3:RESOLVED
S0323,ARM1,anorexia,N,safety_v3:RESOLVED
S0323,ARM1,rash/desquamation,N,safety_v3:RESOLVED
S0323,ARM1,neuralgia,N,safety_v3:RESOLVED
S0324,ARM1,sensory_neuropathy,N,safety_v3:RESOLVED
S0324,ARM1,thrombocytopenia,N,safety_v3:RESOLVED
S0324,ARM1,back_pain,N,safety_v3:RESOLVED
S0324,ARM1,hypercholesterolemia,N,safety_v3:RESOLVED
S0324,ARM1,hypertension_variable,N,safety_v3:RESOLVED
S0324,ARM1,decrease_in_appetite,N,safety_v3:RESOLVED
S0324,ARM1,neutrophil_count_decreased,N,safety_v3:RESOLVED
S0324,ARM1,influenza,N,safety_v3:RESOLVED
S0324,ARM1,peripheral_nervous_system_diseases,N,safety_v3:RESOLVED
S0324,ARM1,bone_pain,N,safety_v3:RESOLVED
S0324,ARM1,gastroenteritis,N,safety_v3:RESOLVED
S0324,ARM1,rash/desquamation,N,safety_v3:RESOLVED
S0324,ARM1,neuralgia,N,safety_v3:RESOLVED
S0327,ARM1,thrombocytopenia,N,safety_v3:RESOLVED
S0327,ARM1,hypercholesterolemia,N,safety_v3:RESOLVED
S0327,ARM1,neutrophil_count_decreased,N,safety_v3:RESOLVED
S0327,ARM1,dyspepsia,N,safety_v3:RESOLVED
S0327,ARM1,rash/desquamation,N,safety_v3:RESOLVED
S0327,ARM1,neuralgia,N,safety_v3:RESOLVED
S0328,ARM1,diarrhea,N,safety_v3:RESOLVED
S0328,ARM1,nausea,N,safety_v3:RESOLVED
S0328,ARM1,sensory_neuropathy,N,safety_v3:RESOLVED
S0328,ARM1,thrombocytopenia,N,safety_v3:RESOLVED
S0328,ARM1,back_pain,N,safety_v3:RESOLVED
S0328,ARM1,hypercholesterolemia,N,safety_v3:RESOLVED
S0328,ARM1,leukopenia,N,safety_v3:RESOLVED
S0328,ARM1,hypertension_variable,N,safety_v3:RESOLVED
S0328,ARM1,neutrophil_count_decreased,N,safety_v3:RESOLVED
S0328,ARM1,hypertriglyceridemia,N,safety_v3:RESOLVED
S0328,ARM1,neuropathy-sensory,N,safety_v3:RESOLVED
S0328,ARM1,peripheral_nervous_system_diseases,N,safety_v3:RESOLVED
S0328,ARM1,dyspepsia,N,safety_v3:RESOLVED
S0328,ARM1,gastroenteritis,N,safety_v3:RESOLVED
S0328,ARM1,rash/desquamation,N,safety_v3:RESOLVED
S0328,ARM1,neuralgia,N,safety_v3:RESOLVED
S0334,ARM1,anemia,N,safety_v3:RESOLVED
S0334,ARM1,thrombocytopenia,N,safety_v3:RESOLVED
S0334,ARM1,hypercholesterolemia,N,safety_v3:RESOLVED
S0334,ARM1,hypertension_variable,N,safety_v3:RESOLVED
S0334,ARM1,neutrophil_count_decreased,N,safety_v3:RESOLVED
S0334,ARM1,bone_pain,N,safety_v3:RESOLVED
S0334,ARM1,rash/desquamation,N,safety_v3:RESOLVED
S0334,ARM1,neuralgia,N,safety_v3:RESOLVED
S0335,ARM1,diarrhea,N,safety_v3:RESOLVED
S0335,ARM1,constipation,N,safety_v3:RESOLVED
S0335,ARM1,anemia,N,safety_v3:RESOLVED
S0335,ARM1,nausea,N,safety_v3:RESOLVED
S0335,ARM1,sensory_neuropathy,N,safety_v3:RESOLVED
S0335,ARM1,thrombocytopenia,N,safety_v3:RESOLVED
S0335,ARM1,back_pain,N,safety_v3:RESOLVED
S0335,ARM1,hypercholesterolemia,N,safety_v3:RESOLVED
S0335,ARM1,dyspnea,N,safety_v3:RESOLVED
S0335,ARM1,hypertension_variable,N,safety_v3:RESOLVED
S0335,ARM1,decrease_in_appetite,N,safety_v3:RESOLVED
S0335,ARM1,neutrophil_count_decreased,N,safety_v3:RESOLVED
S0335,ARM1,neuropathy-sensory,N,safety_v3:RESOLVED
S0335,ARM1,peripheral_nervous_system_diseases,N,safety_v3:RESOLVED
S0335,ARM1,bone_pain,N,safety_v3:RESOLVED
S0335,ARM1,rash/desquamation,N,safety_v3:RESOLVED
S0335,ARM1,neuralgia,N,safety_v3:RESOLVED
S0335,ARM1,hypoalbuminemia,N,safety_v3:RESOLVED
S0335,ARM1,lower_respiratory_tract_infection,Y,safety_v3:RESOLVED
S0335,ARM1,fever,Y,safety_v3:RESOLVED
S0336,ARM1,constipation,N,safety_v3:RESOLVED
S0336,ARM1,anemia,N,safety_v3:RESOLVED
S0336,ARM1,sensory_neuropathy,N,safety_v3:RESOLVED
S0336,ARM1,thrombocytopenia,N,safety_v3:RESOLVED
S0336,ARM1,back_pain,N,safety_v3:RESOLVED
S0336,ARM1,hypercholesterolemia,N,safety_v3:RESOLVED
S0336,ARM1,coughing,N,safety_v3:RESOLVED
S0336,ARM1,leukopenia,N,safety_v3:RESOLVED
S0336,ARM1,vomiting,N,safety_v3:RESOLVED
S0336,ARM1,pain_in_limb,N,safety_v3:RESOLVED
S0336,ARM1,dizziness,N,safety_v3:RESOLVED
S0336,ARM1,decrease_in_appetite,N,safety_v3:RESOLVED
S0336,ARM1,cataract,N,safety_v3:RESOLVED
S0336,ARM1,neutrophil_count_decreased,N,safety_v3:RESOLVED
S0336,ARM1,hypertriglyceridemia,N,safety_v3:RESOLVED
S0336,ARM1,hyperglycemia,N,safety_v3:RESOLVED
S0336,ARM1,neuropathy-sensory,N,safety_v3:RESOLVED
S0336,ARM1,headache,N,safety_v3:RESOLVED
S0336,ARM1,peripheral_nervous_system_diseases,N,safety_v3:RESOLVED
S0336,ARM1,dyspepsia,N,safety_v3:RESOLVED
S0336,ARM1,falls,N,safety_v3:RESOLVED
S0336,ARM1,bone_pain,N,safety_v3:RESOLVED
S0336,ARM1,anorexia,N,safety_v3:RESOLVED
S0336,ARM1,rash/desquamation,N,safety_v3:RESOLVED
S0336,ARM1,neuralgia,N,safety_v3:RESOLVED
S0336,ARM1,hypoalbuminemia,N,safety_v3:RESOLVED
S0336,ARM1,pneumonia,Y,safety_v3:RESOLVED
S0336,ARM1,lower_respiratory_tract_infection,Y,safety_v3:RESOLVED
S0336,ARM1,respiratory_tract_infections,Y,safety_v3:RESOLVED
S0336,ARM1,cardiac_failure_secondary_to_chest_deformity,Y,safety_v3:RESOLVED
S0336,ARM1,hypertension,N,protocol:F118
S0336,ARM1,acute renal failure adverse events,N,protocol:F147
S0337,ARM1,thrombocytopenia,N,safety_v3:RESOLVED
S0337,ARM1,hypercholesterolemia,N,safety_v3:RESOLVED
S0337,ARM1,neutrophil_count_decreased,N,safety_v3:RESOLVED
S0337,ARM1,rash/desquamation,N,safety_v3:RESOLVED
S0339,ARM1,thrombocytopenia,N,safety_v3:RESOLVED
S0339,ARM1,hypercholesterolemia,N,safety_v3:RESOLVED
S0339,ARM1,hypertension_variable,N,safety_v3:RESOLVED
S0339,ARM1,peripheral_nervous_system_diseases,N,safety_v3:RESOLVED
S0339,ARM1,rash/desquamation,N,safety_v3:RESOLVED
S0342,ARM1,diarrhea,N,safety_v3:RESOLVED
S0342,ARM1,anemia,N,safety_v3:RESOLVED
S0342,ARM1,nausea,N,safety_v3:RESOLVED
S0342,ARM1,sensory_neuropathy,N,safety_v3:RESOLVED
S0342,ARM1,thrombocytopenia,N,safety_v3:RESOLVED
S0342,ARM1,back_pain,N,safety_v3:RESOLVED
S0342,ARM1,hypercholesterolemia,N,safety_v3:RESOLVED
S0342,ARM1,leukopenia,N,safety_v3:RESOLVED
S0342,ARM1,spasm,N,safety_v3:RESOLVED
S0342,ARM1,vomiting,N,safety_v3:RESOLVED
S0342,ARM1,pain_in_limb,N,safety_v3:RESOLVED
S0342,ARM1,hypertension_variable,N,safety_v3:RESOLVED
S0342,ARM1,decrease_in_appetite,N,safety_v3:RESOLVED
S0342,ARM1,peripheral_edema,N,safety_v3:RESOLVED
S0342,ARM1,neutrophil_count_decreased,N,safety_v3:RESOLVED
S0342,ARM1,hypertriglyceridemia,N,safety_v3:RESOLVED
S0342,ARM1,neuropathy-sensory,N,safety_v3:RESOLVED
S0342,ARM1,influenza,N,safety_v3:RESOLVED
S0342,ARM1,nasopharyngitis,N,safety_v3:RESOLVED
S0342,ARM1,lower_respiratory_tract_infection,N,safety_v3:RESOLVED
S0342,ARM1,peripheral_nervous_system_diseases,N,safety_v3:RESOLVED
S0342,ARM1,dyspepsia,N,safety_v3:RESOLVED
S0342,ARM1,bone_pain,N,safety_v3:RESOLVED
S0342,ARM1,anorexia,N,safety_v3:RESOLVED
S0342,ARM1,rash/desquamation,N,safety_v3:RESOLVED
S0342,ARM1,neuralgia,N,safety_v3:RESOLVED
S0342,ARM1,hypoalbuminemia,N,safety_v3:RESOLVED
S0342,ARM1,dry_skin,N,safety_v3:RESOLVED
S0342,ARM1,hemoglobin_normal_12_16_gm,N,safety_v3:RESOLVED
S0342,ARM1,neuropathy:_sensory,N,safety_v3:RESOLVED
S0342,ARM1,upper_respiratory_infections,Y,safety_v3:RESOLVED
S0342,ARM1,fever,Y,safety_v3:RESOLVED
S0342,ARM1,respiratory_tract_infections,Y,safety_v3:RESOLVED
S0342,ARM1,hypercalcemia,Y,safety_v3:RESOLVED
S0342,ARM1,hypertension,N,protocol:F118
S0345,ARM1,anemia,N,safety_v3:RESOLVED
S0345,ARM1,thrombocytopenia,N,safety_v3:RESOLVED
S0345,ARM1,hypercholesterolemia,N,safety_v3:RESOLVED
S0345,ARM1,spasm,N,safety_v3:RESOLVED
S0345,ARM1,hypertension_variable,N,safety_v3:RESOLVED
S0345,ARM1,cataract,N,safety_v3:RESOLVED
S0345,ARM1,neutrophil_count_decreased,N,safety_v3:RESOLVED
S0345,ARM1,peripheral_nervous_system_diseases,N,safety_v3:RESOLVED
S0345,ARM1,dyspepsia,N,safety_v3:RESOLVED
S0345,ARM1,bone_pain,N,safety_v3:RESOLVED
S0345,ARM1,gastroenteritis,N,safety_v3:RESOLVED
S0345,ARM1,rash/desquamation,N,safety_v3:RESOLVED
S0345,ARM1,neuralgia,N,safety_v3:RESOLVED
S0345,ARM1,respiratory_tract_infections,Y,safety_v3:RESOLVED
S0346,ARM1,anemia,N,safety_v3:RESOLVED
S0346,ARM1,sensory_neuropathy,N,safety_v3:RESOLVED
S0346,ARM1,thrombocytopenia,N,safety_v3:RESOLVED
S0346,ARM1,back_pain,N,safety_v3:RESOLVED
S0346,ARM1,hypercholesterolemia,N,safety_v3:RESOLVED
S0346,ARM1,spasm,N,safety_v3:RESOLVED
S0346,ARM1,hypertension_variable,N,safety_v3:RESOLVED
S0346,ARM1,dizziness,N,safety_v3:RESOLVED
S0346,ARM1,cataract,N,safety_v3:RESOLVED
S0346,ARM1,neutrophil_count_decreased,N,safety_v3:RESOLVED
S0346,ARM1,hypertriglyceridemia,N,safety_v3:RESOLVED
S0346,ARM1,neuropathy-sensory,N,safety_v3:RESOLVED
S0346,ARM1,peripheral_nervous_system_diseases,N,safety_v3:RESOLVED
S0346,ARM1,dyspepsia,N,safety_v3:RESOLVED
S0346,ARM1,bone_pain,N,safety_v3:RESOLVED
S0346,ARM1,respiratory_tract_infections,N,safety_v3:RESOLVED
S0346,ARM1,rash/desquamation,N,safety_v3:RESOLVED
S0346,ARM1,neuralgia,N,safety_v3:RESOLVED
S0346,ARM1,thrombocytopenia,Y,safety_v3:RESOLVED
S0348,ARM1,thrombocytopenia,N,safety_v3:RESOLVED
S0348,ARM1,hypercholesterolemia,N,safety_v3:RESOLVED
S0348,ARM1,neutrophil_count_decreased,N,safety_v3:RESOLVED
S0348,ARM1,peripheral_nervous_system_diseases,N,safety_v3:RESOLVED
S0348,ARM1,rash/desquamation,N,safety_v3:RESOLVED
S0348,ARM1,neuralgia,N,safety_v3:RESOLVED
S0350,ARM1,diarrhea,N,safety_v3:RESOLVED
S0350,ARM1,constipation,N,safety_v3:RESOLVED
S0350,ARM1,neutropenia,N,safety_v3:RESOLVED
S0350,ARM1,sleeplessness,N,safety_v3:RESOLVED
S0350,ARM1,thrombocytopenia,N,safety_v3:RESOLVED
S0350,ARM1,hypercholesterolemia,N,safety_v3:RESOLVED
S0350,ARM1,leukopenia,N,safety_v3:RESOLVED
S0350,ARM1,hypertension_variable,N,safety_v3:RESOLVED
S0350,ARM1,decrease_in_appetite,N,safety_v3:RESOLVED
S0350,ARM1,neutrophil_count_decreased,N,safety_v3:RESOLVED
S0350,ARM1,thrombosis/thrombus/embolism,N,safety_v3:RESOLVED
S0350,ARM1,neuropathy-sensory,N,safety_v3:RESOLVED
S0350,ARM1,headache,N,safety_v3:RESOLVED
S0350,ARM1,influenza,N,safety_v3:RESOLVED
S0350,ARM1,peripheral_nervous_system_diseases,N,safety_v3:RESOLVED
S0350,ARM1,dyspepsia,N,safety_v3:RESOLVED
S0350,ARM1,bone_pain,N,safety_v3:RESOLVED
S0350,ARM1,rash/desquamation,N,safety_v3:RESOLVED
S0350,ARM1,neuralgia,N,safety_v3:RESOLVED
S0350,ARM1,hypoalbuminemia,N,safety_v3:RESOLVED
S0351,ARM1,diarrhea,N,safety_v3:RESOLVED
S0351,ARM1,constipation,N,safety_v3:RESOLVED
S0351,ARM1,anemia,N,safety_v3:RESOLVED
S0351,ARM1,nausea,N,safety_v3:RESOLVED
S0351,ARM1,sensory_neuropathy,N,safety_v3:RESOLVED
S0351,ARM1,sleeplessness,N,safety_v3:RESOLVED
S0351,ARM1,thrombocytopenia,N,safety_v3:RESOLVED
S0351,ARM1,back_pain,N,safety_v3:RESOLVED
S0351,ARM1,hypercholesterolemia,N,safety_v3:RESOLVED
S0351,ARM1,leukopenia,N,safety_v3:RESOLVED
S0351,ARM1,spasm,N,safety_v3:RESOLVED
S0351,ARM1,vomiting,N,safety_v3:RESOLVED
S0351,ARM1,pain_in_limb,N,safety_v3:RESOLVED
S0351,ARM1,hypertension_variable,N,safety_v3:RESOLVED
S0351,ARM1,dizziness,N,safety_v3:RESOLVED
S0351,ARM1,decrease_in_appetite,N,safety_v3:RESOLVED
S0351,ARM1,cataract,N,safety_v3:RESOLVED
S0351,ARM1,neutrophil_count_decreased,N,safety_v3:RESOLVED
S0351,ARM1,hypertriglyceridemia,N,safety_v3:RESOLVED
S0351,ARM1,neuropathy-sensory,N,safety_v3:RESOLVED
S0351,ARM1,headache,N,safety_v3:RESOLVED
S0351,ARM1,influenza,N,safety_v3:RESOLVED
S0351,ARM1,peripheral_nervous_system_diseases,N,safety_v3:RESOLVED
S0351,ARM1,dyspepsia,N,safety_v3:RESOLVED
S0351,ARM1,bone_pain,N,safety_v3:RESOLVED
S0351,ARM1,anorexia,N,safety_v3:RESOLVED
S0351,ARM1,rash/desquamation,N,safety_v3:RESOLVED
S0351,ARM1,neuralgia,N,safety_v3:RESOLVED
S0351,ARM1,hypoalbuminemia,N,safety_v3:RESOLVED
S0351,ARM1,dysgeusia,N,safety_v3:RESOLVED
S0351,ARM1,dry_skin,N,safety_v3:RESOLVED
S0351,ARM1,pain,N,safety_v3:RESOLVED
S0351,ARM1,pneumonia,Y,safety_v3:RESOLVED
S0351,ARM1,respiratory_tract_infections,Y,safety_v3:RESOLVED
S0351,ARM1,thrombocytopenia,Y,safety_v3:RESOLVED
S0351,ARM1,hypertension,N,protocol:F120
S0353,ARM1,diarrhea,N,safety_v3:RESOLVED
S0353,ARM1,anemia,N,safety_v3:RESOLVED
S0353,ARM1,neutropenia,N,safety_v3:RESOLVED
S0353,ARM1,sensory_neuropathy,N,safety_v3:RESOLVED
S0353,ARM1,thrombocytopenia,N,safety_v3:RESOLVED
S0353,ARM1,back_pain,N,safety_v3:RESOLVED
S0353,ARM1,hypercholesterolemia,N,safety_v3:RESOLVED
S0353,ARM1,leukopenia,N,safety_v3:RESOLVED
S0353,ARM1,pain_in_limb,N,safety_v3:RESOLVED
S0353,ARM1,hypertension_variable,N,safety_v3:RESOLVED
S0353,ARM1,dizziness,N,safety_v3:RESOLVED
S0353,ARM1,decrease_in_appetite,N,safety_v3:RESOLVED
S0353,ARM1,neutrophil_count_decreased,N,safety_v3:RESOLVED
S0353,ARM1,influenza,N,safety_v3:RESOLVED
S0353,ARM1,nasopharyngitis,N,safety_v3:RESOLVED
S0353,ARM1,peripheral_nervous_system_diseases,N,safety_v3:RESOLVED
S0353,ARM1,dyspepsia,N,safety_v3:RESOLVED
S0353,ARM1,bone_pain,N,safety_v3:RESOLVED
S0353,ARM1,rash/desquamation,N,safety_v3:RESOLVED
S0353,ARM1,neuralgia,N,safety_v3:RESOLVED
S0353,ARM1,non_cardiac_chest_pain,N,safety_v3:RESOLVED
S0353,ARM1,pneumonia,Y,safety_v3:RESOLVED
S0353,ARM1,respiratory_tract_infections,Y,safety_v3:RESOLVED
S0353,ARM1,thrombosis/thrombus/embolism,Y,safety_v3:RESOLVED
S0353,ARM1,hypertension adverse events,N,protocol:F116
S0353,ARM1,hypertension,N,protocol:F118
S0353,ARM1,acute renal failure adverse events,N,protocol:F147
S0355,ARM1,sensory_neuropathy,N,safety_v3:RESOLVED
S0355,ARM1,thrombocytopenia,N,safety_v3:RESOLVED
S0355,ARM1,hypercholesterolemia,N,safety_v3:RESOLVED
S0355,ARM1,hypertension_variable,N,safety_v3:RESOLVED
S0355,ARM1,dizziness,N,safety_v3:RESOLVED
S0355,ARM1,rash/desquamation,N,safety_v3:RESOLVED
S0355,ARM1,neuralgia,N,safety_v3:RESOLVED
S0358,ARM1,thrombocytopenia,N,safety_v3:RESOLVED
S0358,ARM1,hypercholesterolemia,N,safety_v3:RESOLVED
S0358,ARM1,hypertension_variable,N,safety_v3:RESOLVED
S0358,ARM1,neutrophil_count_decreased,N,safety_v3:RESOLVED
S0358,ARM1,peripheral_nervous_system_diseases,N,safety_v3:RESOLVED
S0358,ARM1,rash/desquamation,N,safety_v3:RESOLVED
S0360,ARM1,constipation,N,safety_v3:RESOLVED
S0360,ARM1,anemia,N,safety_v3:RESOLVED
S0360,ARM1,sensory_neuropathy,N,safety_v3:RESOLVED
S0360,ARM1,thrombocytopenia,N,safety_v3:RESOLVED
S0360,ARM1,hypercholesterolemia,N,safety_v3:RESOLVED
S0360,ARM1,spasm,N,safety_v3:RESOLVED
S0360,ARM1,hypertension_variable,N,safety_v3:RESOLVED
S0360,ARM1,decrease_in_appetite,N,safety_v3:RESOLVED
S0360,ARM1,cataract,N,safety_v3:RESOLVED
S0360,ARM1,neutrophil_count_decreased,N,safety_v3:RESOLVED
S0360,ARM1,peripheral_nervous_system_diseases,N,safety_v3:RESOLVED
S0360,ARM1,bone_pain,N,safety_v3:RESOLVED
S0360,ARM1,rash/desquamation,N,safety_v3:RESOLVED
S0360,ARM1,neuralgia,N,safety_v3:RESOLVED
S0360,ARM1,"potassium,_serum-low_(hypokalemia)",N,safety_v3:RESOLVED
S0360,ARM1,hypertension,N,protocol:F120
S0361,ARM1,anemia,N,safety_v3:RESOLVED
S0361,ARM1,nausea,N,safety_v3:RESOLVED
S0361,ARM1,sensory_neuropathy,N,safety_v3:RESOLVED
S0361,ARM1,thrombocytopenia,N,safety_v3:RESOLVED
S0361,ARM1,back_pain,N,safety_v3:RESOLVED
S0361,ARM1,hypercholesterolemia,N,safety_v3:RESOLVED
S0361,ARM1,spasm,N,safety_v3:RESOLVED
S0361,ARM1,pain_in_limb,N,safety_v3:RESOLVED
S0361,ARM1,hypertension_variable,N,safety_v3:RESOLVED
S0361,ARM1,dizziness,N,safety_v3:RESOLVED
S0361,ARM1,decrease_in_appetite,N,safety_v3:RESOLVED
S0361,ARM1,cataract,N,safety_v3:RESOLVED
S0361,ARM1,peripheral_edema,N,safety_v3:RESOLVED
S0361,ARM1,neutrophil_count_decreased,N,safety_v3:RESOLVED
S0361,ARM1,hypertriglyceridemia,N,safety_v3:RESOLVED
S0361,ARM1,hyperglycemia,N,safety_v3:RESOLVED
S0361,ARM1,thrombosis/thrombus/embolism,N,safety_v3:RESOLVED
S0361,ARM1,headache,N,safety_v3:RESOLVED
S0361,ARM1,influenza,N,safety_v3:RESOLVED
S0361,ARM1,decreased_platelet_count,N,safety_v3:RESOLVED
S0361,ARM1,peripheral_nervous_system_diseases,N,safety_v3:RESOLVED
S0361,ARM1,dyspepsia,N,safety_v3:RESOLVED
S0361,ARM1,bone_pain,N,safety_v3:RESOLVED
S0361,ARM1,rash/desquamation,N,safety_v3:RESOLVED
S0361,ARM1,neuralgia,N,safety_v3:RESOLVED
S0361,ARM1,dry_skin,N,safety_v3:RESOLVED
S0361,ARM1,lower_respiratory_tract_infection,Y,safety_v3:RESOLVED
S0361,ARM1,pulmonary_embolism,Y,safety_v3:RESOLVED
S0361,ARM1,hypertension adverse events,N,protocol:F116
S0361,ARM1,hypertension,N,protocol:F118
S0363,ARM1,thrombocytopenia,N,safety_v3:RESOLVED
S0363,ARM1,hypercholesterolemia,N,safety_v3:RESOLVED
S0363,ARM1,hypertension_variable,N,safety_v3:RESOLVED
S0363,ARM1,decrease_in_appetite,N,safety_v3:RESOLVED
S0363,ARM1,neutrophil_count_decreased,N,safety_v3:RESOLVED
S0363,ARM1,neuropathy-sensory,N,safety_v3:RESOLVED
S0363,ARM1,peripheral_nervous_system_diseases,N,safety_v3:RESOLVED
S0363,ARM1,dyspepsia,N,safety_v3:RESOLVED
S0363,ARM1,rash/desquamation,N,safety_v3:RESOLVED
S0363,ARM1,neuralgia,N,safety_v3:RESOLVED
S0365,ARM1,anemia,N,safety_v3:RESOLVED
S0365,ARM1,sensory_neuropathy,N,safety_v3:RESOLVED
S0365,ARM1,thrombocytopenia,N,safety_v3:RESOLVED
S0365,ARM1,back_pain,N,safety_v3:RESOLVED
S0365,ARM1,hypercholesterolemia,N,safety_v3:RESOLVED
S0365,ARM1,spasm,N,safety_v3:RESOLVED
S0365,ARM1,pain_in_limb,N,safety_v3:RESOLVED
S0365,ARM1,hypertension_variable,N,safety_v3:RESOLVED
S0365,ARM1,decrease_in_appetite,N,safety_v3:RESOLVED
S0365,ARM1,neutrophil_count_decreased,N,safety_v3:RESOLVED
S0365,ARM1,influenza,N,safety_v3:RESOLVED
S0365,ARM1,rash/desquamation,N,safety_v3:RESOLVED
S0365,ARM1,neuralgia,N,safety_v3:RESOLVED
S0365,ARM1,lower_respiratory_tract_infection,Y,safety_v3:RESOLVED
S0365,ARM1,respiratory_tract_infections,Y,safety_v3:RESOLVED
S0366,ARM1,thrombocytopenia,N,safety_v3:RESOLVED
S0366,ARM1,hypercholesterolemia,N,safety_v3:RESOLVED
S0366,ARM1,hypertension_variable,N,safety_v3:RESOLVED
S0366,ARM1,neutrophil_count_decreased,N,safety_v3:RESOLVED
S0366,ARM1,rash/desquamation,N,safety_v3:RESOLVED
S0366,ARM1,neuralgia,N,safety_v3:RESOLVED
S0369,ARM1,thrombocytopenia,N,safety_v3:RESOLVED
S0369,ARM1,hypercholesterolemia,N,safety_v3:RESOLVED
S0369,ARM1,decrease_in_appetite,N,safety_v3:RESOLVED
S0369,ARM1,neutrophil_count_decreased,N,safety_v3:RESOLVED
S0369,ARM1,asthenia,N,safety_v3:RESOLVED
S0369,ARM1,influenza,N,safety_v3:RESOLVED
S0369,ARM1,peripheral_nervous_system_diseases,N,safety_v3:RESOLVED
S0369,ARM1,dyspepsia,N,safety_v3:RESOLVED
S0369,ARM1,rash/desquamation,N,safety_v3:RESOLVED
S0369,ARM1,neuralgia,N,safety_v3:RESOLVED
S0369,ARM1,hypoalbuminemia,N,safety_v3:RESOLVED
S0369,ARM1,dry_skin,N,safety_v3:RESOLVED
S0370,ARM1,sensory_neuropathy,N,safety_v3:RESOLVED
S0370,ARM1,thrombocytopenia,N,safety_v3:RESOLVED
S0370,ARM1,back_pain,N,safety_v3:RESOLVED
S0370,ARM1,hypercholesterolemia,N,safety_v3:RESOLVED
S0370,ARM1,leukopenia,N,safety_v3:RESOLVED
S0370,ARM1,vomiting,N,safety_v3:RESOLVED
S0370,ARM1,pain_in_limb,N,safety_v3:RESOLVED
S0370,ARM1,hypertension_variable,N,safety_v3:RESOLVED
S0370,ARM1,dizziness,N,safety_v3:RESOLVED
S0370,ARM1,decrease_in_appetite,N,safety_v3:RESOLVED
S0370,ARM1,neutrophil_count_decreased,N,safety_v3:RESOLVED
S0370,ARM1,rash_erythematous_macules_or_papules,N,safety_v3:RESOLVED
S0370,ARM1,thrombosis/thrombus/embolism,N,safety_v3:RESOLVED
S0370,ARM1,neuropathy-sensory,N,safety_v3:RESOLVED
S0370,ARM1,nasopharyngitis,N,safety_v3:RESOLVED
S0370,ARM1,peripheral_nervous_system_diseases,N,safety_v3:RESOLVED
S0370,ARM1,dyspepsia,N,safety_v3:RESOLVED
S0370,ARM1,abdominal_pain,N,safety_v3:RESOLVED
S0370,ARM1,bone_pain,N,safety_v3:RESOLVED
S0370,ARM1,rash/desquamation,N,safety_v3:RESOLVED
S0370,ARM1,neuralgia,N,safety_v3:RESOLVED
S0370,ARM1,fever,Y,safety_v3:RESOLVED
S0372,ARM1,sensory_neuropathy,N,safety_v3:RESOLVED
S0372,ARM1,thrombocytopenia,N,safety_v3:RESOLVED
S0372,ARM1,hypercholesterolemia,N,safety_v3:RESOLVED
S0372,ARM1,hypertension_variable,N,safety_v3:RESOLVED
S0372,ARM1,dizziness,N,safety_v3:RESOLVED
S0372,ARM1,neutrophil_count_decreased,N,safety_v3:RESOLVED
S0372,ARM1,peripheral_nervous_system_diseases,N,safety_v3:RESOLVED
S0372,ARM1,dyspepsia,N,safety_v3:RESOLVED
S0372,ARM1,rash/desquamation,N,safety_v3:RESOLVED
S0373,ARM1,diarrhea,N,safety_v3:RESOLVED
S0373,ARM1,constipation,N,safety_v3:RESOLVED
S0373,ARM1,anemia,N,safety_v3:RESOLVED
S0373,ARM1,sensory_neuropathy,N,safety_v3:RESOLVED
S0373,ARM1,sleeplessness,N,safety_v3:RESOLVED
S0373,ARM1,thrombocytopenia,N,safety_v3:RESOLVED
S0373,ARM1,upper_respiratory_infections,N,safety_v3:RESOLVED
S0373,ARM1,hypercholesterolemia,N,safety_v3:RESOLVED
S0373,ARM1,vomiting,N,safety_v3:RESOLVED
S0373,ARM1,pain_in_limb,N,safety_v3:RESOLVED
S0373,ARM1,hypertension_variable,N,safety_v3:RESOLVED
S0373,ARM1,decrease_in_appetite,N,safety_v3:RESOLVED
S0373,ARM1,neutrophil_count_decreased,N,safety_v3:RESOLVED
S0373,ARM1,hypertriglyceridemia,N,safety_v3:RESOLVED
S0373,ARM1,neuropathy-sensory,N,safety_v3:RESOLVED
S0373,ARM1,asthenia,N,safety_v3:RESOLVED
S0373,ARM1,influenza,N,safety_v3:RESOLVED
S0373,ARM1,nasopharyngitis,N,safety_v3:RESOLVED
S0373,ARM1,peripheral_nervous_system_diseases,N,safety_v3:RESOLVED
S0373,ARM1,dyspepsia,N,safety_v3:RESOLVED
S0373,ARM1,bone_pain,N,safety_v3:RESOLVED
S0373,ARM1,hypocalcemia,N,safety_v3:RESOLVED
S0373,ARM1,respiratory_tract_infections,N,safety_v3:RESOLVED
S0373,ARM1,rash/desquamation,N,safety_v3:RESOLVED
S0373,ARM1,neuralgia,N,safety_v3:RESOLVED
S0373,ARM1,respiratory_tract_infections,Y,safety_v3:RESOLVED
S0373,ARM1,hypertension,N,protocol:F120
S0374,ARM1,thrombocytopenia,N,safety_v3:RESOLVED
S0374,ARM1,hypercholesterolemia,N,safety_v3:RESOLVED
S0374,ARM1,hypertension_variable,N,safety_v3:RESOLVED
S0374,ARM1,neutrophil_count_decreased,N,safety_v3:RESOLVED
S0374,ARM1,bone_pain,N,safety_v3:RESOLVED
S0374,ARM1,rash/desquamation,N,safety_v3:RESOLVED
S0374,ARM1,neuralgia,N,safety_v3:RESOLVED
S0377,ARM1,thrombocytopenia,N,safety_v3:RESOLVED
S0377,ARM1,hypercholesterolemia,N,safety_v3:RESOLVED
S0377,ARM1,hypertension_variable,N,safety_v3:RESOLVED
S0377,ARM1,neutrophil_count_decreased,N,safety_v3:RESOLVED
S0379,ARM1,diarrhea,N,safety_v3:RESOLVED
S0379,ARM1,constipation,N,safety_v3:RESOLVED
S0379,ARM1,anemia,N,safety_v3:RESOLVED
S0379,ARM1,nausea,N,safety_v3:RESOLVED
S0379,ARM1,sensory_neuropathy,N,safety_v3:RESOLVED
S0379,ARM1,thrombocytopenia,N,safety_v3:RESOLVED
S0379,ARM1,back_pain,N,safety_v3:RESOLVED
S0379,ARM1,hypercholesterolemia,N,safety_v3:RESOLVED
S0379,ARM1,leukopenia,N,safety_v3:RESOLVED
S0379,ARM1,vomiting,N,safety_v3:RESOLVED
S0379,ARM1,pain_in_limb,N,safety_v3:RESOLVED
S0379,ARM1,hypertension_variable,N,safety_v3:RESOLVED
S0379,ARM1,dizziness,N,safety_v3:RESOLVED
S0379,ARM1,decrease_in_appetite,N,safety_v3:RESOLVED
S0379,ARM1,neutrophil_count_decreased,N,safety_v3:RESOLVED
S0379,ARM1,neuropathy-sensory,N,safety_v3:RESOLVED
S0379,ARM1,peripheral_nervous_system_diseases,N,safety_v3:RESOLVED
S0379,ARM1,bone_pain,N,safety_v3:RESOLVED
S0379,ARM1,gastroenteritis,N,safety_v3:RESOLVED
S0379,ARM1,hypocalcemia,N,safety_v3:RESOLVED
S0379,ARM1,anorexia,N,safety_v3:RESOLVED
S0379,ARM1,rash/desquamation,N,safety_v3:RESOLVED
S0379,ARM1,neuralgia,N,safety_v3:RESOLVED
S0379,ARM1,dry_skin,N,safety_v3:RESOLVED
S0379,ARM1,pneumonia,Y,safety_v3:RESOLVED
S0379,ARM1,diarrhea,Y,safety_v3:RESOLVED
S0379,ARM1,kidney_failure_acute,Y,safety_v3:RESOLVED
S0379,ARM1,respiratory_tract_infections,Y,safety_v3:RESOLVED
S0379,ARM1,hypertension,N,protocol:F120
S0380,ARM1,fatigue,N,safety_v3:RESOLVED
S0380,ARM1,diarrhea,N,safety_v3:RESOLVED
S0380,ARM1,constipation,N,safety_v3:RESOLVED
S0380,ARM1,anemia,N,safety_v3:RESOLVED
S0380,ARM1,nausea,N,safety_v3:RESOLVED
S0380,ARM1,neutropenia,N,safety_v3:RESOLVED
S0380,ARM1,sensory_neuropathy,N,safety_v3:RESOLVED
S0380,ARM1,thrombocytopenia,N,safety_v3:RESOLVED
S0380,ARM1,back_pain,N,safety_v3:RESOLVED
S0380,ARM1,hypercholesterolemia,N,safety_v3:RESOLVED
S0380,ARM1,coughing,N,safety_v3:RESOLVED
S0380,ARM1,leukopenia,N,safety_v3:RESOLVED
S0380,ARM1,spasm,N,safety_v3:RESOLVED
S0380,ARM1,vomiting,N,safety_v3:RESOLVED
S0380,ARM1,pain_in_limb,N,safety_v3:RESOLVED
S0380,ARM1,hypertension_variable,N,safety_v3:RESOLVED
S0380,ARM1,dizziness,N,safety_v3:RESOLVED
S0380,ARM1,decrease_in_appetite,N,safety_v3:RESOLVED
S0380,ARM1,cataract,N,safety_v3:RESOLVED
S0380,ARM1,peripheral_edema,N,safety_v3:RESOLVED
S0380,ARM1,neutrophil_count_decreased,N,safety_v3:RESOLVED
S0380,ARM1,rash_erythematous_macules_or_papules,N,safety_v3:RESOLVED
S0380,ARM1,hypertriglyceridemia,N,safety_v3:RESOLVED
S0380,ARM1,neuropathy-sensory,N,safety_v3:RESOLVED
S0380,ARM1,headache,N,safety_v3:RESOLVED
S0380,ARM1,asthenia,N,safety_v3:RESOLVED
S0380,ARM1,influenza,N,safety_v3:RESOLVED
S0380,ARM1,decreased_platelet_count,N,safety_v3:RESOLVED
S0380,ARM1,nasopharyngitis,N,safety_v3:RESOLVED
S0380,ARM1,peripheral_nervous_system_diseases,N,safety_v3:RESOLVED
S0380,ARM1,dyspepsia,N,safety_v3:RESOLVED
S0380,ARM1,falls,N,safety_v3:RESOLVED
S0380,ARM1,abdominal_pain,N,safety_v3:RESOLVED
S0380,ARM1,bone_pain,N,safety_v3:RESOLVED
S0380,ARM1,gastroenteritis,N,safety_v3:RESOLVED
S0380,ARM1,respiratory_tract_infections,N,safety_v3:RESOLVED
S0380,ARM1,anorexia,N,safety_v3:RESOLVED
S0380,ARM1,rash/desquamation,N,safety_v3:RESOLVED
S0380,ARM1,pneumonia,N,safety_v3:RESOLVED
S0380,ARM1,neuralgia,N,safety_v3:RESOLVED
S0380,ARM1,non_cardiac_chest_pain,N,safety_v3:RESOLVED
S0380,ARM1,hypoalbuminemia,N,safety_v3:RESOLVED
S0380,ARM1,dysgeusia,N,safety_v3:RESOLVED
S0380,ARM1,edema:_limb,N,safety_v3:RESOLVED
S0380,ARM1,deep_vein_thrombosis,N,safety_v3:RESOLVED
S0380,ARM1,hemoglobin_normal_12_16_gm,N,safety_v3:RESOLVED
S0380,ARM1,pneumonia,Y,safety_v3:RESOLVED
S0380,ARM1,diarrhea,Y,safety_v3:RESOLVED
S0380,ARM1,upper_respiratory_infections,Y,safety_v3:RESOLVED
S0380,ARM1,accidental_overdose,Y,safety_v3:RESOLVED
S0380,ARM1,kidney_failure_acute,Y,safety_v3:RESOLVED
S0380,ARM1,respiratory_tract_infections,Y,safety_v3:RESOLVED
S0380,ARM1,urinary_tract_infection,Y,safety_v3:RESOLVED
S0380,ARM1,thrombocytopenia,Y,safety_v3:RESOLVED
S0380,ARM1,deep_vein_thrombosis,Y,safety_v3:RESOLVED
S0380,ARM1,syncope,Y,safety_v3:RESOLVED
S0380,ARM1,hyperglycemia,Y,safety_v3:RESOLVED
S0380,ARM1,bronchitis,Y,safety_v3:RESOLVED
S0380,ARM1,hypertension,N,protocol:F118
S0380,ARM1,acute renal failure adverse events,N,protocol:F147
S0382,ARM1,sleeplessness,N,safety_v3:RESOLVED
S0382,ARM1,thrombocytopenia,N,safety_v3:RESOLVED
S0382,ARM1,back_pain,N,safety_v3:RESOLVED
S0382,ARM1,hypercholesterolemia,N,safety_v3:RESOLVED
S0382,ARM1,leukopenia,N,safety_v3:RESOLVED
S0382,ARM1,hypertension_variable,N,safety_v3:RESOLVED
S0382,ARM1,decrease_in_appetite,N,safety_v3:RESOLVED
S0382,ARM1,neutrophil_count_decreased,N,safety_v3:RESOLVED
S0382,ARM1,hypertriglyceridemia,N,safety_v3:RESOLVED
S0382,ARM1,neuropathy-sensory,N,safety_v3:RESOLVED
S0382,ARM1,headache,N,safety_v3:RESOLVED
S0382,ARM1,influenza,N,safety_v3:RESOLVED
S0382,ARM1,bone_pain,N,safety_v3:RESOLVED
S0382,ARM1,rash/desquamation,N,safety_v3:RESOLVED
S0382,ARM1,neuralgia,N,safety_v3:RESOLVED
S0382,ARM1,lower_respiratory_tract_infection,Y,safety_v3:RESOLVED
S0382,ARM1,respiratory_tract_infections,Y,safety_v3:RESOLVED
S0384,ARM1,anemia,N,safety_v3:RESOLVED
S0384,ARM1,sensory_neuropathy,N,safety_v3:RESOLVED
S0384,ARM1,thrombocytopenia,N,safety_v3:RESOLVED
S0384,ARM1,back_pain,N,safety_v3:RESOLVED
S0384,ARM1,hypercholesterolemia,N,safety_v3:RESOLVED
S0384,ARM1,dyspnea,N,safety_v3:RESOLVED
S0384,ARM1,vomiting,N,safety_v3:RESOLVED
S0384,ARM1,pain_in_limb,N,safety_v3:RESOLVED
S0384,ARM1,hypertension_variable,N,safety_v3:RESOLVED
S0384,ARM1,decrease_in_appetite,N,safety_v3:RESOLVED
S0384,ARM1,neutrophil_count_decreased,N,safety_v3:RESOLVED
S0384,ARM1,hypertriglyceridemia,N,safety_v3:RESOLVED
S0384,ARM1,neuropathy-sensory,N,safety_v3:RESOLVED
S0384,ARM1,headache,N,safety_v3:RESOLVED
S0384,ARM1,influenza,N,safety_v3:RESOLVED
S0384,ARM1,peripheral_nervous_system_diseases,N,safety_v3:RESOLVED
S0384,ARM1,dyspepsia,N,safety_v3:RESOLVED
S0384,ARM1,bone_pain,N,safety_v3:RESOLVED
S0384,ARM1,hypocalcemia,N,safety_v3:RESOLVED
S0384,ARM1,respiratory_tract_infections,N,safety_v3:RESOLVED
S0384,ARM1,anorexia,N,safety_v3:RESOLVED
S0384,ARM1,rash/desquamation,N,safety_v3:RESOLVED
S0384,ARM1,blurred_vision,N,safety_v3:RESOLVED
S0384,ARM1,neuralgia,N,safety_v3:RESOLVED
S0384,ARM1,dysgeusia,N,safety_v3:RESOLVED
S0384,ARM1,respiratory_tract_infections,Y,safety_v3:RESOLVED
S0384,ARM1,hypertension,N,protocol:F120
S0385,ARM1,sensory_neuropathy,N,safety_v3:RESOLVED
S0385,ARM1,thrombocytopenia,N,safety_v3:RESOLVED
S0385,ARM1,hypercholesterolemia,N,safety_v3:RESOLVED
S0385,ARM1,vomiting,N,safety_v3:RESOLVED
S0385,ARM1,hypertension_variable,N,safety_v3:RESOLVED
S0385,ARM1,decrease_in_appetite,N,safety_v3:RESOLVED
S0385,ARM1,neutrophil_count_decreased,N,safety_v3:RESOLVED
S0385,ARM1,nasopharyngitis,N,safety_v3:RESOLVED
S0385,ARM1,rash/desquamation,N,safety_v3:RESOLVED
S0385,ARM1,neuralgia,N,safety_v3:RESOLVED
S0385,ARM1,lower_respiratory_tract_infection,Y,safety_v3:RESOLVED
S0385,ARM1,hypertension adverse events,N,protocol:F116
S0386,ARM1,diarrhea,N,safety_v3:RESOLVED
S0386,ARM1,anemia,N,safety_v3:RESOLVED
S0386,ARM1,nausea,N,safety_v3:RESOLVED
S0386,ARM1,sensory_neuropathy,N,safety_v3:RESOLVED
S0386,ARM1,thrombocytopenia,N,safety_v3:RESOLVED
S0386,ARM1,back_pain,N,safety_v3:RESOLVED
S0386,ARM1,hypercholesterolemia,N,safety_v3:RESOLVED
S0386,ARM1,leukopenia,N,safety_v3:RESOLVED
S0386,ARM1,vomiting,N,safety_v3:RESOLVED
S0386,ARM1,hypertension_variable,N,safety_v3:RESOLVED
S0386,ARM1,decrease_in_appetite,N,safety_v3:RESOLVED
S0386,ARM1,cataract,N,safety_v3:RESOLVED
S0386,ARM1,neutrophil_count_decreased,N,safety_v3:RESOLVED
S0386,ARM1,neuropathy-sensory,N,safety_v3:RESOLVED
S0386,ARM1,nasopharyngitis,N,safety_v3:RESOLVED
S0386,ARM1,peripheral_nervous_system_diseases,N,safety_v3:RESOLVED
S0386,ARM1,dyspepsia,N,safety_v3:RESOLVED
S0386,ARM1,rash/desquamation,N,safety_v3:RESOLVED
S0386,ARM1,neuralgia,N,safety_v3:RESOLVED
S0386,ARM1,dry_skin,N,safety_v3:RESOLVED
S0386,ARM1,hypertension,N,protocol:F118
S0388,ARM1,hypercholesterolemia,N,safety_v3:RESOLVED
S0388,ARM1,neutrophil_count_decreased,N,safety_v3:RESOLVED
S0388,ARM1,peripheral_nervous_system_diseases,N,safety_v3:RESOLVED
S0388,ARM1,rash/desquamation,N,safety_v3:RESOLVED
S0392,ARM1,diarrhea,N,safety_v3:RESOLVED
S0392,ARM1,constipation,N,safety_v3:RESOLVED
S0392,ARM1,anemia,N,safety_v3:RESOLVED
S0392,ARM1,nausea,N,safety_v3:RESOLVED
S0392,ARM1,neutropenia,N,safety_v3:RESOLVED
S0392,ARM1,peripheral_neuropathy,N,safety_v3:RESOLVED
S0392,ARM1,sensory_neuropathy,N,safety_v3:RESOLVED
S0392,ARM1,sleeplessness,N,safety_v3:RESOLVED
S0392,ARM1,thrombocytopenia,N,safety_v3:RESOLVED
S0392,ARM1,upper_respiratory_infections,N,safety_v3:RESOLVED
S0392,ARM1,back_pain,N,safety_v3:RESOLVED
S0392,ARM1,hypercholesterolemia,N,safety_v3:RESOLVED
S0392,ARM1,coughing,N,safety_v3:RESOLVED
S0392,ARM1,leukopenia,N,safety_v3:RESOLVED
S0392,ARM1,spasm,N,safety_v3:RESOLVED
S0392,ARM1,vomiting,N,safety_v3:RESOLVED
S0392,ARM1,pain_in_limb,N,safety_v3:RESOLVED
S0392,ARM1,hypertension_variable,N,safety_v3:RESOLVED
S0392,ARM1,dizziness,N,safety_v3:RESOLVED
S0392,ARM1,decrease_in_appetite,N,safety_v3:RESOLVED
S0392,ARM1,cataract,N,safety_v3:RESOLVED
S0392,ARM1,neutrophil_count_decreased,N,safety_v3:RESOLVED
S0392,ARM1,fever,N,safety_v3:RESOLVED
S0392,ARM1,rash_erythematous_macules_or_papules,N,safety_v3:RESOLVED
S0392,ARM1,hypertriglyceridemia,N,safety_v3:RESOLVED
S0392,ARM1,hyperglycemia,N,safety_v3:RESOLVED
S0392,ARM1,thrombosis/thrombus/embolism,N,safety_v3:RESOLVED
S0392,ARM1,neuropathy-sensory,N,safety_v3:RESOLVED
S0392,ARM1,asthenia,N,safety_v3:RESOLVED
S0392,ARM1,influenza,N,safety_v3:RESOLVED
S0392,ARM1,decreased_platelet_count,N,safety_v3:RESOLVED
S0392,ARM1,nasopharyngitis,N,safety_v3:RESOLVED
S0392,ARM1,peripheral_nervous_system_diseases,N,safety_v3:RESOLVED
S0392,ARM1,dyspepsia,N,safety_v3:RESOLVED
S0392,ARM1,bone_pain,N,safety_v3:RESOLVED
S0392,ARM1,gastroenteritis,N,safety_v3:RESOLVED
S0392,ARM1,hypocalcemia,N,safety_v3:RESOLVED
S0392,ARM1,respiratory_tract_infections,N,safety_v3:RESOLVED
S0392,ARM1,anorexia,N,safety_v3:RESOLVED
S0392,ARM1,rash/desquamation,N,safety_v3:RESOLVED
S0392,ARM1,myalgia,N,safety_v3:RESOLVED
S0392,ARM1,neuralgia,N,safety_v3:RESOLVED
S0392,ARM1,non_cardiac_chest_pain,N,safety_v3:RESOLVED
S0392,ARM1,hypoalbuminemia,N,safety_v3:RESOLVED
S0392,ARM1,dry_skin,N,safety_v3:RESOLVED
S0392,ARM1,neuropathy-motor,N,safety_v3:RESOLVED
S0392,ARM1,pain,N,safety_v3:RESOLVED
S0392,ARM1,neuropathy:_sensory,N,safety_v3:RESOLVED
S0392,ARM1,"potassium,_serum-low_(hypokalemia)",N,safety_v3:RESOLVED
S0392,ARM1,pneumonia,Y,safety_v3:RESOLVED
S0392,ARM1,lower_respiratory_tract_infection,Y,safety_v3:RESOLVED
S0392,ARM1,upper_respiratory_infections,Y,safety_v3:RESOLVED
S0392,ARM1,accidental_overdose,Y,safety_v3:RESOLVED
S0392,ARM1,dyspnea,Y,safety_v3:RESOLVED
S0392,ARM1,kidney_failure_acute,Y,safety_v3:RESOLVED
S0392,ARM1,pulmonary_embolism,Y,safety_v3:RESOLVED
S0392,ARM1,urinary_tract_infection,Y,safety_v3:RESOLVED
S0392,ARM1,thrombocytopenia,Y,safety_v3:RESOLVED
S0392,ARM1,hypercalcemia,Y,safety_v3:RESOLVED
S0392,ARM1,hypertension,N,protocol:F118
S0392,ARM1,hypertension,N,protocol:F120
S0393,ARM1,sensory_neuropathy,N,safety_v3:RESOLVED
S0393,ARM1,thrombocytopenia,N,safety_v3:RESOLVED
S0393,ARM1,hypercholesterolemia,N,safety_v3:RESOLVED
S0393,ARM1,hypertension_variable,N,safety_v3:RESOLVED
S0393,ARM1,neutrophil_count_decreased,N,safety_v3:RESOLVED
S0393,ARM1,rash/desquamation,N,safety_v3:RESOLVED
S0394,ARM1,diarrhea,N,safety_v3:RESOLVED
S0394,ARM1,anemia,N,safety_v3:RESOLVED
S0394,ARM1,nausea,N,safety_v3:RESOLVED
S0394,ARM1,neutropenia,N,safety_v3:RESOLVED
S0394,ARM1,sensory_neuropathy,N,safety_v3:RESOLVED
S0394,ARM1,thrombocytopenia,N,safety_v3:RESOLVED
S0394,ARM1,back_pain,N,safety_v3:RESOLVED
S0394,ARM1,hypercholesterolemia,N,safety_v3:RESOLVED
S0394,ARM1,leukopenia,N,safety_v3:RESOLVED
S0394,ARM1,spasm,N,safety_v3:RESOLVED
S0394,ARM1,dyspnea,N,safety_v3:RESOLVED
S0394,ARM1,pain_in_limb,N,safety_v3:RESOLVED
S0394,ARM1,hypertension_variable,N,safety_v3:RESOLVED
S0394,ARM1,dizziness,N,safety_v3:RESOLVED
S0394,ARM1,decrease_in_appetite,N,safety_v3:RESOLVED
S0394,ARM1,cataract,N,safety_v3:RESOLVED
S0394,ARM1,neutrophil_count_decreased,N,safety_v3:RESOLVED
S0394,ARM1,fever,N,safety_v3:RESOLVED
S0394,ARM1,rash_erythematous_macules_or_papules,N,safety_v3:RESOLVED
S0394,ARM1,neuropathy-sensory,N,safety_v3:RESOLVED
S0394,ARM1,asthenia,N,safety_v3:RESOLVED
S0394,ARM1,influenza,N,safety_v3:RESOLVED
S0394,ARM1,nasopharyngitis,N,safety_v3:RESOLVED
S0394,ARM1,peripheral_nervous_system_diseases,N,safety_v3:RESOLVED
S0394,ARM1,dyspepsia,N,safety_v3:RESOLVED
S0394,ARM1,bone_pain,N,safety_v3:RESOLVED
S0394,ARM1,hypocalcemia,N,safety_v3:RESOLVED
S0394,ARM1,anorexia,N,safety_v3:RESOLVED
S0394,ARM1,rash/desquamation,N,safety_v3:RESOLVED
S0394,ARM1,myalgia,N,safety_v3:RESOLVED
S0394,ARM1,neuralgia,N,safety_v3:RESOLVED
S0394,ARM1,non_cardiac_chest_pain,N,safety_v3:RESOLVED
S0394,ARM1,dry_skin,N,safety_v3:RESOLVED
S0394,ARM1,edema:_limb,N,safety_v3:RESOLVED
S0394,ARM1,"potassium,_serum-low_(hypokalemia)",N,safety_v3:RESOLVED
S0394,ARM1,pneumonia,Y,safety_v3:RESOLVED
S0394,ARM1,lower_respiratory_tract_infection,Y,safety_v3:RESOLVED
S0394,ARM1,kidney_failure_acute,Y,safety_v3:RESOLVED
S0394,ARM1,respiratory_tract_infections,Y,safety_v3:RESOLVED
S0394,ARM1,thrombocytopenia,Y,safety_v3:RESOLVED
S0394,ARM1,hyperglycemia,Y,safety_v3:RESOLVED
S0394,ARM1,hypercalcemia,Y,safety_v3:RESOLVED
S0394,ARM1,hypertension adverse events,N,protocol:F116
S0394,ARM1,hypertension,N,protocol:F118
S0394,ARM1,hypertension,N,protocol:F120
S0395,ARM1,anemia,N,safety_v3:RESOLVED
S0395,ARM1,nausea,N,safety_v3:RESOLVED
S0395,ARM1,sensory_neuropathy,N,safety_v3:RESOLVED
S0395,ARM1,sleeplessness,N,safety_v3:RESOLVED
S0395,ARM1,thrombocytopenia,N,safety_v3:RESOLVED
S0395,ARM1,back_pain,N,safety_v3:RESOLVED
S0395,ARM1,hypercholesterolemia,N,safety_v3:RESOLVED
S0395,ARM1,leukopenia,N,safety_v3:RESOLVED
S0395,ARM1,spasm,N,safety_v3:RESOLVED
S0395,ARM1,pain_in_limb,N,safety_v3:RESOLVED
S0395,ARM1,hypertension_variable,N,safety_v3:RESOLVED
S0395,ARM1,dizziness,N,safety_v3:RESOLVED
S0395,ARM1,decrease_in_appetite,N,safety_v3:RESOLVED
S0395,ARM1,cataract,N,safety_v3:RESOLVED
S0395,ARM1,peripheral_edema,N,safety_v3:RESOLVED
S0395,ARM1,neutrophil_count_decreased,N,safety_v3:RESOLVED
S0395,ARM1,rash_erythematous_macules_or_papules,N,safety_v3:RESOLVED
S0395,ARM1,hypertriglyceridemia,N,safety_v3:RESOLVED
S0395,ARM1,neuropathy-sensory,N,safety_v3:RESOLVED
S0395,ARM1,headache,N,safety_v3:RESOLVED
S0395,ARM1,asthenia,N,safety_v3:RESOLVED
S0395,ARM1,influenza,N,safety_v3:RESOLVED
S0395,ARM1,nasopharyngitis,N,safety_v3:RESOLVED
S0395,ARM1,peripheral_nervous_system_diseases,N,safety_v3:RESOLVED
S0395,ARM1,dyspepsia,N,safety_v3:RESOLVED
S0395,ARM1,bone_pain,N,safety_v3:RESOLVED
S0395,ARM1,hypocalcemia,N,safety_v3:RESOLVED
S0395,ARM1,respiratory_tract_infections,N,safety_v3:RESOLVED
S0395,ARM1,rash/desquamation,N,safety_v3:RESOLVED
S0395,ARM1,neuralgia,N,safety_v3:RESOLVED
S0395,ARM1,non_cardiac_chest_pain,N,safety_v3:RESOLVED
S0395,ARM1,dry_skin,N,safety_v3:RESOLVED
S0395,ARM1,"potassium,_serum-low_(hypokalemia)",N,safety_v3:RESOLVED
S0395,ARM1,respiratory_tract_infections,Y,safety_v3:RESOLVED
S0395,ARM1,urinary_tract_infection,Y,safety_v3:RESOLVED
S0395,ARM1,hyperglycemia,Y,safety_v3:RESOLVED
S0398,ARM1,diarrhea,N,safety_v3:RESOLVED
S0398,ARM1,constipation,N,safety_v3:RESOLVED
S0398,ARM1,sensory_neuropathy,N,safety_v3:RESOLVED
S0398,ARM1,thrombocytopenia,N,safety_v3:RESOLVED
S0398,ARM1,hypercholesterolemia,N,safety_v3:RESOLVED
S0398,ARM1,hypertension_variable,N,safety_v3:RESOLVED
S0398,ARM1,dizziness,N,safety_v3:RESOLVED
S0398,ARM1,neutrophil_count_decreased,N,safety_v3:RESOLVED
S0398,ARM1,peripheral_nervous_system_diseases,N,safety_v3:RESOLVED
S0398,ARM1,bone_pain,N,safety_v3:RESOLVED
S0398,ARM1,anorexia,N,safety_v3:RESOLVED
S0398,ARM1,rash/desquamation,N,safety_v3:RESOLVED
S0398,ARM1,neuralgia,N,safety_v3:RESOLVED
S0398,ARM1,lower_respiratory_tract_infection,Y,safety_v3:RESOLVED
S0398,ARM1,upper_respiratory_infections,Y,safety_v3:RESOLVED
S0398,ARM1,respiratory_tract_infections,Y,safety_v3:RESOLVED
S0400,ARM1,diarrhea,N,safety_v3:RESOLVED
S0400,ARM1,constipation,N,safety_v3:RESOLVED
S0400,ARM1,anemia,N,safety_v3:RESOLVED
S0400,ARM1,sensory_neuropathy,N,safety_v3:RESOLVED
S0400,ARM1,thrombocytopenia,N,safety_v3:RESOLVED
S0400,ARM1,back_pain,N,safety_v3:RESOLVED
S0400,ARM1,hypercholesterolemia,N,safety_v3:RESOLVED
S0400,ARM1,leukopenia,N,safety_v3:RESOLVED
S0400,ARM1,spasm,N,safety_v3:RESOLVED
S0400,ARM1,dyspnea,N,safety_v3:RESOLVED
S0400,ARM1,hypertension_variable,N,safety_v3:RESOLVED
S0400,ARM1,dizziness,N,safety_v3:RESOLVED
S0400,ARM1,decrease_in_appetite,N,safety_v3:RESOLVED
S0400,ARM1,peripheral_edema,N,safety_v3:RESOLVED
S0400,ARM1,neutrophil_count_decreased,N,safety_v3:RESOLVED
S0400,ARM1,neuropathy-sensory,N,safety_v3:RESOLVED
S0400,ARM1,peripheral_nervous_system_diseases,N,safety_v3:RESOLVED
S0400,ARM1,bone_pain,N,safety_v3:RESOLVED
S0400,ARM1,rash/desquamation,N,safety_v3:RESOLVED
S0400,ARM1,neuralgia,N,safety_v3:RESOLVED
S0401,ARM1,thrombocytopenia,N,safety_v3:RESOLVED
S0401,ARM1,hypercholesterolemia,N,safety_v3:RESOLVED
S0401,ARM1,hypertension_variable,N,safety_v3:RESOLVED
S0401,ARM1,decrease_in_appetite,N,safety_v3:RESOLVED
S0401,ARM1,neutrophil_count_decreased,N,safety_v3:RESOLVED
S0401,ARM1,peripheral_nervous_system_diseases,N,safety_v3:RESOLVED
S0401,ARM1,rash/desquamation,N,safety_v3:RESOLVED
S0401,ARM1,neuralgia,N,safety_v3:RESOLVED
S0405,ARM1,anemia,N,safety_v3:RESOLVED
S0405,ARM1,nausea,N,safety_v3:RESOLVED
S0405,ARM1,thrombocytopenia,N,safety_v3:RESOLVED
S0405,ARM1,back_pain,N,safety_v3:RESOLVED
S0405,ARM1,hypercholesterolemia,N,safety_v3:RESOLVED
S0405,ARM1,coughing,N,safety_v3:RESOLVED
S0405,ARM1,spasm,N,safety_v3:RESOLVED
S0405,ARM1,hypertension_variable,N,safety_v3:RESOLVED
S0405,ARM1,decrease_in_appetite,N,safety_v3:RESOLVED
S0405,ARM1,neutrophil_count_decreased,N,safety_v3:RESOLVED
S0405,ARM1,hypertriglyceridemia,N,safety_v3:RESOLVED
S0405,ARM1,nasopharyngitis,N,safety_v3:RESOLVED
S0405,ARM1,peripheral_nervous_system_diseases,N,safety_v3:RESOLVED
S0405,ARM1,bone_pain,N,safety_v3:RESOLVED
S0405,ARM1,rash/desquamation,N,safety_v3:RESOLVED
S0405,ARM1,neuralgia,N,safety_v3:RESOLVED
S0405,ARM1,dry_skin,N,safety_v3:RESOLVED
S0405,ARM1,lower_respiratory_tract_infection,Y,safety_v3:RESOLVED
S0405,ARM1,thrombocytopenia,Y,safety_v3:RESOLVED
S0406,ARM1,nausea,N,safety_v3:RESOLVED
S0406,ARM1,sleeplessness,N,safety_v3:RESOLVED
S0406,ARM1,thrombocytopenia,N,safety_v3:RESOLVED
S0406,ARM1,back_pain,N,safety_v3:RESOLVED
S0406,ARM1,hypercholesterolemia,N,safety_v3:RESOLVED
S0406,ARM1,pain_in_limb,N,safety_v3:RESOLVED
S0406,ARM1,hypertension_variable,N,safety_v3:RESOLVED
S0406,ARM1,neutrophil_count_decreased,N,safety_v3:RESOLVED
S0406,ARM1,rash_erythematous_macules_or_papules,N,safety_v3:RESOLVED
S0406,ARM1,neuropathy-sensory,N,safety_v3:RESOLVED
S0406,ARM1,peripheral_nervous_system_diseases,N,safety_v3:RESOLVED
S0406,ARM1,bone_pain,N,safety_v3:RESOLVED
S0406,ARM1,rash/desquamation,N,safety_v3:RESOLVED
S0406,ARM1,neuralgia,N,safety_v3:RESOLVED
S0406,ARM1,hypoalbuminemia,N,safety_v3:RESOLVED
S0406,ARM1,respiratory_tract_infections,Y,safety_v3:RESOLVED
S0406,ARM1,hypertension,N,protocol:F120
S0408,ARM1,thrombocytopenia,N,safety_v3:RESOLVED
S0408,ARM1,back_pain,N,safety_v3:RESOLVED
S0408,ARM1,hypercholesterolemia,N,safety_v3:RESOLVED
S0408,ARM1,leukopenia,N,safety_v3:RESOLVED
S0408,ARM1,hypertension_variable,N,safety_v3:RESOLVED
S0408,ARM1,neutrophil_count_decreased,N,safety_v3:RESOLVED
S0408,ARM1,nasopharyngitis,N,safety_v3:RESOLVED
S0408,ARM1,rash/desquamation,N,safety_v3:RESOLVED
S0408,ARM1,neuralgia,N,safety_v3:RESOLVED
S0410,ARM1,constipation,N,safety_v3:RESOLVED
S0410,ARM1,anemia,N,safety_v3:RESOLVED
S0410,ARM1,nausea,N,safety_v3:RESOLVED
S0410,ARM1,neutropenia,N,safety_v3:RESOLVED
S0410,ARM1,sensory_neuropathy,N,safety_v3:RESOLVED
S0410,ARM1,thrombocytopenia,N,safety_v3:RESOLVED
S0410,ARM1,back_pain,N,safety_v3:RESOLVED
S0410,ARM1,hypercholesterolemia,N,safety_v3:RESOLVED
S0410,ARM1,coughing,N,safety_v3:RESOLVED
S0410,ARM1,leukopenia,N,safety_v3:RESOLVED
S0410,ARM1,spasm,N,safety_v3:RESOLVED
S0410,ARM1,dyspnea,N,safety_v3:RESOLVED
S0410,ARM1,vomiting,N,safety_v3:RESOLVED
S0410,ARM1,pain_in_limb,N,safety_v3:RESOLVED
S0410,ARM1,hypertension_variable,N,safety_v3:RESOLVED
S0410,ARM1,decrease_in_appetite,N,safety_v3:RESOLVED
S0410,ARM1,cataract,N,safety_v3:RESOLVED
S0410,ARM1,neutrophil_count_decreased,N,safety_v3:RESOLVED
S0410,ARM1,thrombosis/thrombus/embolism,N,safety_v3:RESOLVED
S0410,ARM1,neuropathy-sensory,N,safety_v3:RESOLVED
S0410,ARM1,nasopharyngitis,N,safety_v3:RESOLVED
S0410,ARM1,peripheral_nervous_system_diseases,N,safety_v3:RESOLVED
S0410,ARM1,dyspepsia,N,safety_v3:RESOLVED
S0410,ARM1,bone_pain,N,safety_v3:RESOLVED
S0410,ARM1,respiratory_tract_infections,N,safety_v3:RESOLVED
S0410,ARM1,anorexia,N,safety_v3:RESOLVED
S0410,ARM1,rash/desquamation,N,safety_v3:RESOLVED
S0410,ARM1,neuralgia,N,safety_v3:RESOLVED
S0410,ARM1,dry_skin,N,safety_v3:RESOLVED
S0410,ARM1,"potassium,_serum-low_(hypokalemia)",N,safety_v3:RESOLVED
S0410,ARM1,pneumonia,Y,safety_v3:RESOLVED
S0410,ARM1,respiratory_tract_infections,Y,safety_v3:RESOLVED
S0410,ARM1,atrial_fibrillation,Y,safety_v3:RESOLVED
S0410,ARM1,hypertension adverse events,N,protocol:F116
S0410,ARM1,hypertension,N,protocol:F118
S0410,ARM1,hypertension,N,protocol:F120
S0411,ARM1,diarrhea,N,safety_v3:RESOLVED
S0411,ARM1,constipation,N,safety_v3:RESOLVED
S0411,ARM1,anemia,N,safety_v3:RESOLVED
S0411,ARM1,nausea,N,safety_v3:RESOLVED
S0411,ARM1,sensory_neuropathy,N,safety_v3:RESOLVED
S0411,ARM1,thrombocytopenia,N,safety_v3:RESOLVED
S0411,ARM1,back_pain,N,safety_v3:RESOLVED
S0411,ARM1,hypercholesterolemia,N,safety_v3:RESOLVED
S0411,ARM1,leukopenia,N,safety_v3:RESOLVED
S0411,ARM1,pain_in_limb,N,safety_v3:RESOLVED
S0411,ARM1,hypertension_variable,N,safety_v3:RESOLVED
S0411,ARM1,decrease_in_appetite,N,safety_v3:RESOLVED
S0411,ARM1,neutrophil_count_decreased,N,safety_v3:RESOLVED
S0411,ARM1,fever,N,safety_v3:RESOLVED
S0411,ARM1,neuropathy-sensory,N,safety_v3:RESOLVED
S0411,ARM1,peripheral_nervous_system_diseases,N,safety_v3:RESOLVED
S0411,ARM1,rash/desquamation,N,safety_v3:RESOLVED
S0411,ARM1,blurred_vision,N,safety_v3:RESOLVED
S0411,ARM1,neuralgia,N,safety_v3:RESOLVED
S0411,ARM1,dysgeusia,N,safety_v3:RESOLVED
S0411,ARM1,respiratory_tract_infections,Y,safety_v3:RESOLVED
S0411,ARM1,back_pain,Y,safety_v3:RESOLVED
S0411,ARM1,hypertension,N,protocol:F120
S0412,ARM1,diarrhea,N,safety_v3:RESOLVED
S0412,ARM1,constipation,N,safety_v3:RESOLVED
S0412,ARM1,anemia,N,safety_v3:RESOLVED
S0412,ARM1,nausea,N,safety_v3:RESOLVED
S0412,ARM1,neutropenia,N,safety_v3:RESOLVED
S0412,ARM1,sensory_neuropathy,N,safety_v3:RESOLVED
S0412,ARM1,sleeplessness,N,safety_v3:RESOLVED
S0412,ARM1,thrombocytopenia,N,safety_v3:RESOLVED
S0412,ARM1,upper_respiratory_infections,N,safety_v3:RESOLVED
S0412,ARM1,hypercholesterolemia,N,safety_v3:RESOLVED
S0412,ARM1,leukopenia,N,safety_v3:RESOLVED
S0412,ARM1,spasm,N,safety_v3:RESOLVED
S0412,ARM1,dyspnea,N,safety_v3:RESOLVED
S0412,ARM1,pain_in_limb,N,safety_v3:RESOLVED
S0412,ARM1,hypertension_variable,N,safety_v3:RESOLVED
S0412,ARM1,dizziness,N,safety_v3:RESOLVED
S0412,ARM1,decrease_in_appetite,N,safety_v3:RESOLVED
S0412,ARM1,cataract,N,safety_v3:RESOLVED
S0412,ARM1,peripheral_edema,N,safety_v3:RESOLVED
S0412,ARM1,neutrophil_count_decreased,N,safety_v3:RESOLVED
S0412,ARM1,hypertriglyceridemia,N,safety_v3:RESOLVED
S0412,ARM1,hyperglycemia,N,safety_v3:RESOLVED
S0412,ARM1,neuropathy-sensory,N,safety_v3:RESOLVED
S0412,ARM1,asthenia,N,safety_v3:RESOLVED
S0412,ARM1,influenza,N,safety_v3:RESOLVED
S0412,ARM1,nasopharyngitis,N,safety_v3:RESOLVED
S0412,ARM1,dyspepsia,N,safety_v3:RESOLVED
S0412,ARM1,falls,N,safety_v3:RESOLVED
S0412,ARM1,bone_pain,N,safety_v3:RESOLVED
S0412,ARM1,gastroenteritis,N,safety_v3:RESOLVED
S0412,ARM1,hypocalcemia,N,safety_v3:RESOLVED
S0412,ARM1,respiratory_tract_infections,N,safety_v3:RESOLVED
S0412,ARM1,anorexia,N,safety_v3:RESOLVED
S0412,ARM1,rash/desquamation,N,safety_v3:RESOLVED
S0412,ARM1,myalgia,N,safety_v3:RESOLVED
S0412,ARM1,neuralgia,N,safety_v3:RESOLVED
S0412,ARM1,dry_skin,N,safety_v3:RESOLVED
S0412,ARM1,"potassium,_serum-low_(hypokalemia)",N,safety_v3:RESOLVED
S0412,ARM1,pneumonia,Y,safety_v3:RESOLVED
S0412,ARM1,lower_respiratory_tract_infection,Y,safety_v3:RESOLVED
S0412,ARM1,upper_respiratory_infections,Y,safety_v3:RESOLVED
S0412,ARM1,fever,Y,safety_v3:RESOLVED
S0412,ARM1,respiratory_tract_infections,Y,safety_v3:RESOLVED
S0412,ARM1,syncope,Y,safety_v3:RESOLVED
S0412,ARM1,hyperglycemia,Y,safety_v3:RESOLVED
S0412,ARM1,hypercalcemia,Y,safety_v3:RESOLVED
S0412,ARM1,hypertension,N,protocol:F120
S0417,ARM1,nausea,N,safety_v3:RESOLVED
S0417,ARM1,sensory_neuropathy,N,safety_v3:RESOLVED
S0417,ARM1,thrombocytopenia,N,safety_v3:RESOLVED
S0417,ARM1,back_pain,N,safety_v3:RESOLVED
S0417,ARM1,hypercholesterolemia,N,safety_v3:RESOLVED
S0417,ARM1,hypertension_variable,N,safety_v3:RESOLVED
S0417,ARM1,decrease_in_appetite,N,safety_v3:RESOLVED
S0417,ARM1,neutrophil_count_decreased,N,safety_v3:RESOLVED
S0417,ARM1,headache,N,safety_v3:RESOLVED
S0417,ARM1,asthenia,N,safety_v3:RESOLVED
S0417,ARM1,peripheral_nervous_system_diseases,N,safety_v3:RESOLVED
S0417,ARM1,dyspepsia,N,safety_v3:RESOLVED
S0417,ARM1,bone_pain,N,safety_v3:RESOLVED
S0417,ARM1,rash/desquamation,N,safety_v3:RESOLVED
S0417,ARM1,neuralgia,N,safety_v3:RESOLVED
S0417,ARM1,pneumonia,Y,safety_v3:RESOLVED
S0419,ARM1,sensory_neuropathy,N,safety_v3:RESOLVED
S0419,ARM1,thrombocytopenia,N,safety_v3:RESOLVED
S0419,ARM1,neutrophil_count_decreased,N,safety_v3:RESOLVED
S0419,ARM1,neuralgia,N,safety_v3:RESOLVED
S0420,ARM1,hypercholesterolemia,N,safety_v3:RESOLVED
S0420,ARM1,neutrophil_count_decreased,N,safety_v3:RESOLVED
S0420,ARM1,rash/desquamation,N,safety_v3:RESOLVED
S0421,ARM1,hypercholesterolemia,N,safety_v3:RESOLVED
S0421,ARM1,rash/desquamation,N,safety_v3:RESOLVED
S0422,ARM1,diarrhea,N,safety_v3:RESOLVED
S0422,ARM1,anemia,N,safety_v3:RESOLVED
S0422,ARM1,nausea,N,safety_v3:RESOLVED
S0422,ARM1,sensory_neuropathy,N,safety_v3:RESOLVED
S0422,ARM1,sleeplessness,N,safety_v3:RESOLVED
S0422,ARM1,thrombocytopenia,N,safety_v3:RESOLVED
S0422,ARM1,back_pain,N,safety_v3:RESOLVED
S0422,ARM1,hypercholesterolemia,N,safety_v3:RESOLVED
S0422,ARM1,coughing,N,safety_v3:RESOLVED
S0422,ARM1,leukopenia,N,safety_v3:RESOLVED
S0422,ARM1,dyspnea,N,safety_v3:RESOLVED
S0422,ARM1,vomiting,N,safety_v3:RESOLVED
S0422,ARM1,pain_in_limb,N,safety_v3:RESOLVED
S0422,ARM1,hypertension_variable,N,safety_v3:RESOLVED
S0422,ARM1,dizziness,N,safety_v3:RESOLVED
S0422,ARM1,decrease_in_appetite,N,safety_v3:RESOLVED
S0422,ARM1,cataract,N,safety_v3:RESOLVED
S0422,ARM1,neutrophil_count_decreased,N,safety_v3:RESOLVED
S0422,ARM1,neuropathy-sensory,N,safety_v3:RESOLVED
S0422,ARM1,headache,N,safety_v3:RESOLVED
S0422,ARM1,influenza,N,safety_v3:RESOLVED
S0422,ARM1,nasopharyngitis,N,safety_v3:RESOLVED
S0422,ARM1,peripheral_nervous_system_diseases,N,safety_v3:RESOLVED
S0422,ARM1,dyspepsia,N,safety_v3:RESOLVED
S0422,ARM1,falls,N,safety_v3:RESOLVED
S0422,ARM1,bone_pain,N,safety_v3:RESOLVED
S0422,ARM1,rash/desquamation,N,safety_v3:RESOLVED
S0422,ARM1,neuralgia,N,safety_v3:RESOLVED
S0422,ARM1,hypoalbuminemia,N,safety_v3:RESOLVED
S0422,ARM1,dry_skin,N,safety_v3:RESOLVED
S0422,ARM1,pain,N,safety_v3:RESOLVED
S0422,ARM1,"potassium,_serum-low_(hypokalemia)",N,safety_v3:RESOLVED
S0422,ARM1,diarrhea,Y,safety_v3:RESOLVED
S0422,ARM1,fever,Y,safety_v3:RESOLVED
S0422,ARM1,respiratory_tract_infections,Y,safety_v3:RESOLVED
S0422,ARM1,thrombosis/thrombus/embolism,Y,safety_v3:RESOLVED
S0422,ARM1,hypertension,N,protocol:F118
S0422,ARM1,hypertension,N,protocol:F120
S0425,ARM1,diarrhea,N,safety_v3:RESOLVED
S0425,ARM1,constipation,N,safety_v3:RESOLVED
S0425,ARM1,anemia,N,safety_v3:RESOLVED
S0425,ARM1,nausea,N,safety_v3:RESOLVED
S0425,ARM1,neutropenia,N,safety_v3:RESOLVED
S0425,ARM1,sensory_neuropathy,N,safety_v3:RESOLVED
S0425,ARM1,sleeplessness,N,safety_v3:RESOLVED
S0425,ARM1,thrombocytopenia,N,safety_v3:RESOLVED
S0425,ARM1,upper_respiratory_infections,N,safety_v3:RESOLVED
S0425,ARM1,back_pain,N,safety_v3:RESOLVED
S0425,ARM1,hypercholesterolemia,N,safety_v3:RESOLVED
S0425,ARM1,coughing,N,safety_v3:RESOLVED
S0425,ARM1,leukopenia,N,safety_v3:RESOLVED
S0425,ARM1,spasm,N,safety_v3:RESOLVED
S0425,ARM1,dyspnea,N,safety_v3:RESOLVED
S0425,ARM1,vomiting,N,safety_v3:RESOLVED
S0425,ARM1,pain_in_limb,N,safety_v3:RESOLVED
S0425,ARM1,hypertension_variable,N,safety_v3:RESOLVED
S0425,ARM1,dizziness,N,safety_v3:RESOLVED
S0425,ARM1,decrease_in_appetite,N,safety_v3:RESOLVED
S0425,ARM1,cataract,N,safety_v3:RESOLVED
S0425,ARM1,peripheral_edema,N,safety_v3:RESOLVED
S0425,ARM1,neutrophil_count_decreased,N,safety_v3:RESOLVED
S0425,ARM1,hypertriglyceridemia,N,safety_v3:RESOLVED
S0425,ARM1,hyperglycemia,N,safety_v3:RESOLVED
S0425,ARM1,thrombosis/thrombus/embolism,N,safety_v3:RESOLVED
S0425,ARM1,neuropathy-sensory,N,safety_v3:RESOLVED
S0425,ARM1,influenza,N,safety_v3:RESOLVED
S0425,ARM1,nasopharyngitis,N,safety_v3:RESOLVED
S0425,ARM1,peripheral_nervous_system_diseases,N,safety_v3:RESOLVED
S0425,ARM1,dyspepsia,N,safety_v3:RESOLVED
S0425,ARM1,bone_pain,N,safety_v3:RESOLVED
S0425,ARM1,anorexia,N,safety_v3:RESOLVED
S0425,ARM1,rash/desquamation,N,safety_v3:RESOLVED
S0425,ARM1,neuralgia,N,safety_v3:RESOLVED
S0425,ARM1,non_cardiac_chest_pain,N,safety_v3:RESOLVED
S0425,ARM1,dry_skin,N,safety_v3:RESOLVED
S0425,ARM1,hemoglobin_normal_12_16_gm,N,safety_v3:RESOLVED
S0425,ARM1,pneumonia,Y,safety_v3:RESOLVED
S0425,ARM1,lower_respiratory_tract_infection,Y,safety_v3:RESOLVED
S0425,ARM1,upper_respiratory_infections,Y,safety_v3:RESOLVED
S0425,ARM1,respiratory_tract_infections,Y,safety_v3:RESOLVED
S0425,ARM1,sepsis,Y,safety_v3:RESOLVED
S0425,ARM1,fatigue,Y,safety_v3:RESOLVED
S0425,ARM1,thrombosis/thrombus/embolism,Y,safety_v3:RESOLVED
S0425,ARM1,hypertension,N,protocol:F118
S0426,ARM1,anemia,N,safety_v3:RESOLVED
S0426,ARM1,nausea,N,safety_v3:RESOLVED
S0426,ARM1,sensory_neuropathy,N,safety_v3:RESOLVED
S0426,ARM1,thrombocytopenia,N,safety_v3:RESOLVED
S0426,ARM1,hypercholesterolemia,N,safety_v3:RESOLVED
S0426,ARM1,hypertension_variable,N,safety_v3:RESOLVED
S0426,ARM1,neutrophil_count_decreased,N,safety_v3:RESOLVED
S0426,ARM1,peripheral_nervous_system_diseases,N,safety_v3:RESOLVED
S0426,ARM1,bone_pain,N,safety_v3:RESOLVED
S0426,ARM1,rash/desquamation,N,safety_v3:RESOLVED
S0426,ARM1,neuralgia,N,safety_v3:RESOLVED
S0426,ARM1,"potassium,_serum-low_(hypokalemia)",N,safety_v3:RESOLVED
S0426,ARM1,respiratory_tract_infections,Y,safety_v3:RESOLVED
S0427,ARM1,sleeplessness,N,safety_v3:RESOLVED
S0427,ARM1,hypercholesterolemia,N,safety_v3:RESOLVED
S0427,ARM1,neutrophil_count_decreased,N,safety_v3:RESOLVED
S0427,ARM1,neuropathy-sensory,N,safety_v3:RESOLVED
S0427,ARM1,rash/desquamation,N,safety_v3:RESOLVED
S0427,ARM1,neuralgia,N,safety_v3:RESOLVED
S0429,ARM1,anemia,N,safety_v3:RESOLVED
S0429,ARM1,thrombocytopenia,N,safety_v3:RESOLVED
S0429,ARM1,back_pain,N,safety_v3:RESOLVED
S0429,ARM1,hypercholesterolemia,N,safety_v3:RESOLVED
S0429,ARM1,leukopenia,N,safety_v3:RESOLVED
S0429,ARM1,vomiting,N,safety_v3:RESOLVED
S0429,ARM1,pain_in_limb,N,safety_v3:RESOLVED
S0429,ARM1,hypertension_variable,N,safety_v3:RESOLVED
S0429,ARM1,decrease_in_appetite,N,safety_v3:RESOLVED
S0429,ARM1,neutrophil_count_decreased,N,safety_v3:RESOLVED
S0429,ARM1,headache,N,safety_v3:RESOLVED
S0429,ARM1,influenza,N,safety_v3:RESOLVED
S0429,ARM1,nasopharyngitis,N,safety_v3:RESOLVED
S0429,ARM1,peripheral_nervous_system_diseases,N,safety_v3:RESOLVED
S0429,ARM1,dyspepsia,N,safety_v3:RESOLVED
S0429,ARM1,bone_pain,N,safety_v3:RESOLVED
S0429,ARM1,rash/desquamation,N,safety_v3:RESOLVED
S0429,ARM1,neuralgia,N,safety_v3:RESOLVED
S0429,ARM1,respiratory_tract_infections,Y,safety_v3:RESOLVED
S0434,ARM1,diarrhea,N,safety_v3:RESOLVED
S0434,ARM1,anemia,N,safety_v3:RESOLVED
S0434,ARM1,sensory_neuropathy,N,safety_v3:RESOLVED
S0434,ARM1,thrombocytopenia,N,safety_v3:RESOLVED
S0434,ARM1,back_pain,N,safety_v3:RESOLVED
S0434,ARM1,hypercholesterolemia,N,safety_v3:RESOLVED
S0434,ARM1,coughing,N,safety_v3:RESOLVED
S0434,ARM1,leukopenia,N,safety_v3:RESOLVED
S0434,ARM1,spasm,N,safety_v3:RESOLVED
S0434,ARM1,dyspnea,N,safety_v3:RESOLVED
S0434,ARM1,vomiting,N,safety_v3:RESOLVED
S0434,ARM1,pain_in_limb,N,safety_v3:RESOLVED
S0434,ARM1,hypertension_variable,N,safety_v3:RESOLVED
S0434,ARM1,dizziness,N,safety_v3:RESOLVED
S0434,ARM1,decrease_in_appetite,N,safety_v3:RESOLVED
S0434,ARM1,peripheral_edema,N,safety_v3:RESOLVED
S0434,ARM1,neutrophil_count_decreased,N,safety_v3:RESOLVED
S0434,ARM1,rash_erythematous_macules_or_papules,N,safety_v3:RESOLVED
S0434,ARM1,hypertriglyceridemia,N,safety_v3:RESOLVED
S0434,ARM1,neuropathy-sensory,N,safety_v3:RESOLVED
S0434,ARM1,headache,N,safety_v3:RESOLVED
S0434,ARM1,peripheral_nervous_system_diseases,N,safety_v3:RESOLVED
S0434,ARM1,dyspepsia,N,safety_v3:RESOLVED
S0434,ARM1,bone_pain,N,safety_v3:RESOLVED
S0434,ARM1,rash/desquamation,N,safety_v3:RESOLVED
S0434,ARM1,neuralgia,N,safety_v3:RESOLVED
S0434,ARM1,non_cardiac_chest_pain,N,safety_v3:RESOLVED
S0434,ARM1,dry_skin,N,safety_v3:RESOLVED
S0434,ARM1,"potassium,_serum-low_(hypokalemia)",N,safety_v3:RESOLVED
S0434,ARM1,upper_respiratory_infections,Y,safety_v3:RESOLVED
S0434,ARM1,respiratory_tract_infections,Y,safety_v3:RESOLVED
S0434,ARM1,hypertension,N,protocol:F118
S0434,ARM1,hypertension,N,protocol:F120
S0435,ARM1,constipation,N,safety_v3:RESOLVED
S0435,ARM1,anemia,N,safety_v3:RESOLVED
S0435,ARM1,nausea,N,safety_v3:RESOLVED
S0435,ARM1,sensory_neuropathy,N,safety_v3:RESOLVED
S0435,ARM1,sleeplessness,N,safety_v3:RESOLVED
S0435,ARM1,thrombocytopenia,N,safety_v3:RESOLVED
S0435,ARM1,back_pain,N,safety_v3:RESOLVED
S0435,ARM1,hypercholesterolemia,N,safety_v3:RESOLVED
S0435,ARM1,coughing,N,safety_v3:RESOLVED
S0435,ARM1,spasm,N,safety_v3:RESOLVED
S0435,ARM1,dyspnea,N,safety_v3:RESOLVED
S0435,ARM1,vomiting,N,safety_v3:RESOLVED
S0435,ARM1,pain_in_limb,N,safety_v3:RESOLVED
S0435,ARM1,hypertension_variable,N,safety_v3:RESOLVED
S0435,ARM1,dizziness,N,safety_v3:RESOLVED
S0435,ARM1,decrease_in_appetite,N,safety_v3:RESOLVED
S0435,ARM1,cataract,N,safety_v3:RESOLVED
S0435,ARM1,peripheral_edema,N,safety_v3:RESOLVED
S0435,ARM1,neutrophil_count_decreased,N,safety_v3:RESOLVED
S0435,ARM1,rash_erythematous_macules_or_papules,N,safety_v3:RESOLVED
S0435,ARM1,hypertriglyceridemia,N,safety_v3:RESOLVED
S0435,ARM1,hyperglycemia,N,safety_v3:RESOLVED
S0435,ARM1,thrombosis/thrombus/embolism,N,safety_v3:RESOLVED
S0435,ARM1,neuropathy-sensory,N,safety_v3:RESOLVED
S0435,ARM1,headache,N,safety_v3:RESOLVED
S0435,ARM1,asthenia,N,safety_v3:RESOLVED
S0435,ARM1,influenza,N,safety_v3:RESOLVED
S0435,ARM1,lower_respiratory_tract_infection,N,safety_v3:RESOLVED
S0435,ARM1,peripheral_nervous_system_diseases,N,safety_v3:RESOLVED
S0435,ARM1,dyspepsia,N,safety_v3:RESOLVED
S0435,ARM1,falls,N,safety_v3:RESOLVED
S0435,ARM1,bone_pain,N,safety_v3:RESOLVED
S0435,ARM1,gastroenteritis,N,safety_v3:RESOLVED
S0435,ARM1,respiratory_tract_infections,N,safety_v3:RESOLVED
S0435,ARM1,rash/desquamation,N,safety_v3:RESOLVED
S0435,ARM1,neuralgia,N,safety_v3:RESOLVED
S0435,ARM1,non_cardiac_chest_pain,N,safety_v3:RESOLVED
S0435,ARM1,hypoalbuminemia,N,safety_v3:RESOLVED
S0435,ARM1,"potassium,_serum-low_(hypokalemia)",N,safety_v3:RESOLVED
S0435,ARM1,lower_respiratory_tract_infection,Y,safety_v3:RESOLVED
S0435,ARM1,pulmonary_embolism,Y,safety_v3:RESOLVED
S0435,ARM1,sepsis,Y,safety_v3:RESOLVED
S0435,ARM1,hyperglycemia,Y,safety_v3:RESOLVED
S0435,ARM1,hypertension adverse events,N,protocol:F116
S0440,ARM1,anemia,N,safety_v3:RESOLVED
S0440,ARM1,neutropenia,N,safety_v3:RESOLVED
S0440,ARM1,thrombocytopenia,N,safety_v3:RESOLVED
S0440,ARM1,back_pain,N,safety_v3:RESOLVED
S0440,ARM1,hypercholesterolemia,N,safety_v3:RESOLVED
S0440,ARM1,hypertension_variable,N,safety_v3:RESOLVED
S0440,ARM1,dizziness,N,safety_v3:RESOLVED
S0440,ARM1,decrease_in_appetite,N,safety_v3:RESOLVED
S0440,ARM1,neutrophil_count_decreased,N,safety_v3:RESOLVED
S0440,ARM1,neuropathy-sensory,N,safety_v3:RESOLVED
S0440,ARM1,influenza,N,safety_v3:RESOLVED
S0440,ARM1,dyspepsia,N,safety_v3:RESOLVED
S0440,ARM1,bone_pain,N,safety_v3:RESOLVED
S0440,ARM1,anorexia,N,safety_v3:RESOLVED
S0440,ARM1,rash/desquamation,N,safety_v3:RESOLVED
S0440,ARM1,neuralgia,N,safety_v3:RESOLVED
S0441,ARM1,anemia,N,safety_v3:RESOLVED
S0441,ARM1,sensory_neuropathy,N,safety_v3:RESOLVED
S0441,ARM1,thrombocytopenia,N,safety_v3:RESOLVED
S0441,ARM1,back_pain,N,safety_v3:RESOLVED
S0441,ARM1,hypercholesterolemia,N,safety_v3:RESOLVED
S0441,ARM1,leukopenia,N,safety_v3:RESOLVED
S0441,ARM1,spasm,N,safety_v3:RESOLVED
S0441,ARM1,pain_in_limb,N,safety_v3:RESOLVED
S0441,ARM1,hypertension_variable,N,safety_v3:RESOLVED
S0441,ARM1,decrease_in_appetite,N,safety_v3:RESOLVED
S0441,ARM1,neutrophil_count_decreased,N,safety_v3:RESOLVED
S0441,ARM1,thrombosis/thrombus/embolism,N,safety_v3:RESOLVED
S0441,ARM1,neuropathy-sensory,N,safety_v3:RESOLVED
S0441,ARM1,influenza,N,safety_v3:RESOLVED
S0441,ARM1,peripheral_nervous_system_diseases,N,safety_v3:RESOLVED
S0441,ARM1,dyspepsia,N,safety_v3:RESOLVED
S0441,ARM1,bone_pain,N,safety_v3:RESOLVED
S0441,ARM1,gastroenteritis,N,safety_v3:RESOLVED
S0441,ARM1,rash/desquamation,N,safety_v3:RESOLVED
S0441,ARM1,neuralgia,N,safety_v3:RESOLVED
S0444,ARM1,hypercholesterolemia,N,safety_v3:RESOLVED
S0444,ARM1,spasm,N,safety_v3:RESOLVED
S0444,ARM1,hypertension_variable,N,safety_v3:RESOLVED
S0444,ARM1,decrease_in_appetite,N,safety_v3:RESOLVED
S0444,ARM1,neutrophil_count_decreased,N,safety_v3:RESOLVED
S0444,ARM1,nasopharyngitis,N,safety_v3:RESOLVED
S0444,ARM1,peripheral_nervous_system_diseases,N,safety_v3:RESOLVED
S0444,ARM1,rash/desquamation,N,safety_v3:RESOLVED
S0444,ARM1,neuralgia,N,safety_v3:RESOLVED
S0444,ARM1,fever,Y,safety_v3:RESOLVED
S0445,ARM1,thrombocytopenia,N,safety_v3:RESOLVED
S0445,ARM1,back_pain,N,safety_v3:RESOLVED
S0445,ARM1,hypercholesterolemia,N,safety_v3:RESOLVED
S0445,ARM1,hypertension_variable,N,safety_v3:RESOLVED
S0445,ARM1,neutrophil_count_decreased,N,safety_v3:RESOLVED
S0445,ARM1,influenza,N,safety_v3:RESOLVED
S0445,ARM1,peripheral_nervous_system_diseases,N,safety_v3:RESOLVED
S0445,ARM1,anorexia,N,safety_v3:RESOLVED
S0445,ARM1,rash/desquamation,N,safety_v3:RESOLVED
S0445,ARM1,neuralgia,N,safety_v3:RESOLVED
S0447,ARM1,thrombocytopenia,N,safety_v3:RESOLVED
S0447,ARM1,hypercholesterolemia,N,safety_v3:RESOLVED
S0447,ARM1,hypertension_variable,N,safety_v3:RESOLVED
S0447,ARM1,neutrophil_count_decreased,N,safety_v3:RESOLVED
S0447,ARM1,bone_pain,N,safety_v3:RESOLVED
S0447,ARM1,rash/desquamation,N,safety_v3:RESOLVED
S0449,ARM1,anemia,N,safety_v3:RESOLVED
S0449,ARM1,thrombocytopenia,N,safety_v3:RESOLVED
S0449,ARM1,hypercholesterolemia,N,safety_v3:RESOLVED
S0449,ARM1,hypertension_variable,N,safety_v3:RESOLVED
S0449,ARM1,neutrophil_count_decreased,N,safety_v3:RESOLVED
S0449,ARM1,rash/desquamation,N,safety_v3:RESOLVED
S0450,ARM1,sensory_neuropathy,N,safety_v3:RESOLVED
S0450,ARM1,thrombocytopenia,N,safety_v3:RESOLVED
S0450,ARM1,hypercholesterolemia,N,safety_v3:RESOLVED
S0450,ARM1,leukopenia,N,safety_v3:RESOLVED
S0450,ARM1,hypertension_variable,N,safety_v3:RESOLVED
S0450,ARM1,decrease_in_appetite,N,safety_v3:RESOLVED
S0450,ARM1,cataract,N,safety_v3:RESOLVED
S0450,ARM1,neutrophil_count_decreased,N,safety_v3:RESOLVED
S0450,ARM1,peripheral_nervous_system_diseases,N,safety_v3:RESOLVED
S0450,ARM1,dyspepsia,N,safety_v3:RESOLVED
S0450,ARM1,bone_pain,N,safety_v3:RESOLVED
S0450,ARM1,respiratory_tract_infections,N,safety_v3:RESOLVED
S0450,ARM1,rash/desquamation,N,safety_v3:RESOLVED
S0450,ARM1,neuralgia,N,safety_v3:RESOLVED
S0451,ARM1,thrombocytopenia,N,safety_v3:RESOLVED
S0451,ARM1,hypercholesterolemia,N,safety_v3:RESOLVED
S0451,ARM1,neutrophil_count_decreased,N,safety_v3:RESOLVED
S0452,ARM1,thrombocytopenia,N,safety_v3:RESOLVED
S0452,ARM1,hypercholesterolemia,N,safety_v3:RESOLVED
S0452,ARM1,hypertension_variable,N,safety_v3:RESOLVED
S0453,ARM1,hypercholesterolemia,N,safety_v3:RESOLVED
S0453,ARM1,neutrophil_count_decreased,N,safety_v3:RESOLVED
S0453,ARM1,rash/desquamation,N,safety_v3:RESOLVED
S0453,ARM1,neuralgia,N,safety_v3:RESOLVED
S0454,ARM1,thrombocytopenia,N,safety_v3:RESOLVED
S0454,ARM1,hypercholesterolemia,N,safety_v3:RESOLVED
S0454,ARM1,hypertension_variable,N,safety_v3:RESOLVED
S0454,ARM1,neutrophil_count_decreased,N,safety_v3:RESOLVED
S0454,ARM1,peripheral_nervous_system_diseases,N,safety_v3:RESOLVED
S0455,ARM1,diarrhea,N,safety_v3:RESOLVED
S0455,ARM1,constipation,N,safety_v3:RESOLVED
S0455,ARM1,anemia,N,safety_v3:RESOLVED
S0455,ARM1,nausea,N,safety_v3:RESOLVED
S0455,ARM1,sensory_neuropathy,N,safety_v3:RESOLVED
S0455,ARM1,thrombocytopenia,N,safety_v3:RESOLVED
S0455,ARM1,hypercholesterolemia,N,safety_v3:RESOLVED
S0455,ARM1,leukopenia,N,safety_v3:RESOLVED
S0455,ARM1,spasm,N,safety_v3:RESOLVED
S0455,ARM1,vomiting,N,safety_v3:RESOLVED
S0455,ARM1,pain_in_limb,N,safety_v3:RESOLVED
S0455,ARM1,hypertension_variable,N,safety_v3:RESOLVED
S0455,ARM1,dizziness,N,safety_v3:RESOLVED
S0455,ARM1,decrease_in_appetite,N,safety_v3:RESOLVED
S0455,ARM1,cataract,N,safety_v3:RESOLVED
S0455,ARM1,peripheral_edema,N,safety_v3:RESOLVED
S0455,ARM1,neutrophil_count_decreased,N,safety_v3:RESOLVED
S0455,ARM1,rash_erythematous_macules_or_papules,N,safety_v3:RESOLVED
S0455,ARM1,hypertriglyceridemia,N,safety_v3:RESOLVED
S0455,ARM1,thrombosis/thrombus/embolism,N,safety_v3:RESOLVED
S0455,ARM1,neuropathy-sensory,N,safety_v3:RESOLVED
S0455,ARM1,headache,N,safety_v3:RESOLVED
S0455,ARM1,influenza,N,safety_v3:RESOLVED
S0455,ARM1,neuropathic_pain,N,safety_v3:RESOLVED
S0455,ARM1,peripheral_nervous_system_diseases,N,safety_v3:RESOLVED
S0455,ARM1,dyspepsia,N,safety_v3:RESOLVED
S0455,ARM1,bone_pain,N,safety_v3:RESOLVED
S0455,ARM1,gastroenteritis,N,safety_v3:RESOLVED
S0455,ARM1,hypocalcemia,N,safety_v3:RESOLVED
S0455,ARM1,respiratory_tract_infections,N,safety_v3:RESOLVED
S0455,ARM1,anorexia,N,safety_v3:RESOLVED
S0455,ARM1,rash/desquamation,N,safety_v3:RESOLVED
S0455,ARM1,blurred_vision,N,safety_v3:RESOLVED
S0455,ARM1,neuralgia,N,safety_v3:RESOLVED
S0455,ARM1,dysgeusia,N,safety_v3:RESOLVED
S0455,ARM1,dry_skin,N,safety_v3:RESOLVED
S0455,ARM1,edema:_limb,N,safety_v3:RESOLVED
S0455,ARM1,hyponatremia,N,safety_v3:RESOLVED
S0455,ARM1,pain,N,safety_v3:RESOLVED
S0455,ARM1,"potassium,_serum-low_(hypokalemia)",N,safety_v3:RESOLVED
S0455,ARM1,lower_respiratory_tract_infection,Y,safety_v3:RESOLVED
S0455,ARM1,respiratory_tract_infections,Y,safety_v3:RESOLVED
S0455,ARM1,urinary_tract_infection,Y,safety_v3:RESOLVED
S0455,ARM1,hypertension adverse events,N,protocol:F116
S0457,ARM1,diarrhea,N,safety_v3:RESOLVED
S0457,ARM1,constipation,N,safety_v3:RESOLVED
S0457,ARM1,anemia,N,safety_v3:RESOLVED
S0457,ARM1,nausea,N,safety_v3:RESOLVED
S0457,ARM1,sensory_neuropathy,N,safety_v3:RESOLVED
S0457,ARM1,sleeplessness,N,safety_v3:RESOLVED
S0457,ARM1,thrombocytopenia,N,safety_v3:RESOLVED
S0457,ARM1,back_pain,N,safety_v3:RESOLVED
S0457,ARM1,hypercholesterolemia,N,safety_v3:RESOLVED
S0457,ARM1,pain_in_limb,N,safety_v3:RESOLVED
S0457,ARM1,hypertension_variable,N,safety_v3:RESOLVED
S0457,ARM1,dizziness,N,safety_v3:RESOLVED
S0457,ARM1,decrease_in_appetite,N,safety_v3:RESOLVED
S0457,ARM1,cataract,N,safety_v3:RESOLVED
S0457,ARM1,neutrophil_count_decreased,N,safety_v3:RESOLVED
S0457,ARM1,hypertriglyceridemia,N,safety_v3:RESOLVED
S0457,ARM1,headache,N,safety_v3:RESOLVED
S0457,ARM1,asthenia,N,safety_v3:RESOLVED
S0457,ARM1,influenza,N,safety_v3:RESOLVED
S0457,ARM1,peripheral_nervous_system_diseases,N,safety_v3:RESOLVED
S0457,ARM1,dyspepsia,N,safety_v3:RESOLVED
S0457,ARM1,bone_pain,N,safety_v3:RESOLVED
S0457,ARM1,rash/desquamation,N,safety_v3:RESOLVED
S0457,ARM1,neuralgia,N,safety_v3:RESOLVED
S0457,ARM1,non_cardiac_chest_pain,N,safety_v3:RESOLVED
S0457,ARM1,dry_skin,N,safety_v3:RESOLVED
S0457,ARM1,"potassium,_serum-low_(hypokalemia)",N,safety_v3:RESOLVED
S0457,ARM1,lower_respiratory_tract_infection,Y,safety_v3:RESOLVED
S0457,ARM1,cardiac_failure_secondary_to_chest_deformity,Y,safety_v3:RESOLVED
S0457,ARM1,thrombocytopenia,Y,safety_v3:RESOLVED
S0457,ARM1,hypertension adverse events,N,protocol:F116
S0457,ARM1,hypertension,N,protocol:F120
S0460,ARM1,diarrhea,N,safety_v3:RESOLVED
S0460,ARM1,anemia,N,safety_v3:RESOLVED
S0460,ARM1,sensory_neuropathy,N,safety_v3:RESOLVED
S0460,ARM1,thrombocytopenia,N,safety_v3:RESOLVED
S0460,ARM1,back_pain,N,safety_v3:RESOLVED
S0460,ARM1,hypercholesterolemia,N,safety_v3:RESOLVED
S0460,ARM1,vomiting,N,safety_v3:RESOLVED
S0460,ARM1,pain_in_limb,N,safety_v3:RESOLVED
S0460,ARM1,hypertension_variable,N,safety_v3:RESOLVED
S0460,ARM1,decrease_in_appetite,N,safety_v3:RESOLVED
S0460,ARM1,neutrophil_count_decreased,N,safety_v3:RESOLVED
S0460,ARM1,neuropathy-sensory,N,safety_v3:RESOLVED
S0460,ARM1,peripheral_nervous_system_diseases,N,safety_v3:RESOLVED
S0460,ARM1,bone_pain,N,safety_v3:RESOLVED
S0460,ARM1,rash/desquamation,N,safety_v3:RESOLVED
S0460,ARM1,neuralgia,N,safety_v3:RESOLVED
S0460,ARM1,diarrhea,Y,safety_v3:RESOLVED
S0001,ARM2,diarrhea,N,safety_v3:RESOLVED
S0001,ARM2,anemia,N,safety_v3:RESOLVED
S0001,ARM2,neutropenia,N,safety_v3:RESOLVED
S0001,ARM2,sensory_neuropathy,N,safety_v3:RESOLVED
S0001,ARM2,pain_in_limb,N,safety_v3:RESOLVED
S0001,ARM2,peripheral_edema,N,safety_v3:RESOLVED
S0001,ARM2,hypokalemia,N,safety_v3:RESOLVED
S0001,ARM2,weight_loss,N,safety_v3:RESOLVED
S0001,ARM2,decreased_platelet_count,N,safety_v3:RESOLVED
S0001,ARM2,hypocalcemia,N,safety_v3:RESOLVED
S0001,ARM2,non_cardiac_chest_pain,N,safety_v3:RESOLVED
S0001,ARM2,hypertension adverse events,N,protocol:F092
S0001,ARM2,hypertension adverse events,N,protocol:F096
S0001,ARM2,hypertension,N,protocol:F121
S0001,ARM2,acute renal failure adverse events,N,protocol:F144
S0001,ARM2,acute renal failure adverse events,N,protocol:F146
S0002,ARM2,fatigue,N,safety_v3:RESOLVED
S0002,ARM2,diarrhea,N,safety_v3:RESOLVED
S0002,ARM2,neutropenia,N,safety_v3:RESOLVED
S0002,ARM2,sleeplessness,N,safety_v3:RESOLVED
S0002,ARM2,spasm,N,safety_v3:RESOLVED
S0002,ARM2,weight_loss,N,safety_v3:RESOLVED
S0002,ARM2,neuropathic_pain,N,safety_v3:RESOLVED
S0002,ARM2,hypocalcemia,N,safety_v3:RESOLVED
S0002,ARM2,blurred_vision,N,safety_v3:RESOLVED
S0002,ARM2,thrombocytopenia,Y,safety_v3:RESOLVED
S0002,ARM2,hypertension,N,protocol:F121
S0004,ARM2,anemia,N,safety_v3:RESOLVED
S0004,ARM2,nausea,N,safety_v3:RESOLVED
S0004,ARM2,neutropenia,N,safety_v3:RESOLVED
S0004,ARM2,sleeplessness,N,safety_v3:RESOLVED
S0004,ARM2,vomiting,N,safety_v3:RESOLVED
S0004,ARM2,hyperglycemia,N,safety_v3:RESOLVED
S0004,ARM2,neuropathy-sensory,N,safety_v3:RESOLVED
S0004,ARM2,hypokalemia,N,safety_v3:RESOLVED
S0004,ARM2,bone_pain,N,safety_v3:RESOLVED
S0004,ARM2,hypocalcemia,N,safety_v3:RESOLVED
S0004,ARM2,myalgia,N,safety_v3:RESOLVED
S0004,ARM2,blurred_vision,N,safety_v3:RESOLVED
S0004,ARM2,hypoalbuminemia,N,safety_v3:RESOLVED
S0004,ARM2,hypertension,N,protocol:F119
S0004,ARM2,acute renal failure adverse events,N,protocol:F144
S0009,ARM2,fatigue,N,safety_v3:RESOLVED
S0009,ARM2,diarrhea,N,safety_v3:RESOLVED
S0009,ARM2,nausea,N,safety_v3:RESOLVED
S0009,ARM2,sleeplessness,N,safety_v3:RESOLVED
S0009,ARM2,leukopenia,N,safety_v3:RESOLVED
S0009,ARM2,spasm,N,safety_v3:RESOLVED
S0009,ARM2,vomiting,N,safety_v3:RESOLVED
S0009,ARM2,peripheral_edema,N,safety_v3:RESOLVED
S0009,ARM2,hypocalcemia,N,safety_v3:RESOLVED
S0009,ARM2,blurred_vision,N,safety_v3:RESOLVED
S0009,ARM2,pain,N,safety_v3:RESOLVED
S0010,ARM2,anemia,N,safety_v3:RESOLVED
S0010,ARM2,nausea,N,safety_v3:RESOLVED
S0010,ARM2,neutropenia,N,safety_v3:RESOLVED
S0010,ARM2,spasm,N,safety_v3:RESOLVED
S0010,ARM2,pain_in_limb,N,safety_v3:RESOLVED
S0010,ARM2,neutrophil_count_decreased,N,safety_v3:RESOLVED
S0010,ARM2,hyperglycemia,N,safety_v3:RESOLVED
S0010,ARM2,respiratory_tract_infections,N,safety_v3:RESOLVED
S0010,ARM2,hypocalcemia,N,safety_v3:RESOLVED
S0010,ARM2,hypoalbuminemia,N,safety_v3:RESOLVED
S0010,ARM2,pain,N,safety_v3:RESOLVED
S0010,ARM2,thrombocytopenia,Y,safety_v3:RESOLVED
S0010,ARM2,hypertension adverse events,N,protocol:F098
S0011,ARM2,diarrhea,N,safety_v3:RESOLVED
S0011,ARM2,anemia,N,safety_v3:RESOLVED
S0011,ARM2,nausea,N,safety_v3:RESOLVED
S0011,ARM2,pain_in_limb,N,safety_v3:RESOLVED
S0011,ARM2,hypertension_variable,N,safety_v3:RESOLVED
S0011,ARM2,dizziness,N,safety_v3:RESOLVED
S0011,ARM2,hyperglycemia,N,safety_v3:RESOLVED
S0011,ARM2,weight_loss,N,safety_v3:RESOLVED
S0011,ARM2,hypocalcemia,N,safety_v3:RESOLVED
S0011,ARM2,pneumonia,Y,safety_v3:RESOLVED
S0011,ARM2,acute renal failure,N,protocol:F132
S0017,ARM2,anemia,N,safety_v3:RESOLVED
S0017,ARM2,neutropenia,N,safety_v3:RESOLVED
S0017,ARM2,vomiting,N,safety_v3:RESOLVED
S0017,ARM2,pain_in_limb,N,safety_v3:RESOLVED
S0017,ARM2,dizziness,N,safety_v3:RESOLVED
S0017,ARM2,peripheral_edema,N,safety_v3:RESOLVED
S0017,ARM2,neutrophil_count_decreased,N,safety_v3:RESOLVED
S0017,ARM2,neuropathy-sensory,N,safety_v3:RESOLVED
S0017,ARM2,neuropathic_pain,N,safety_v3:RESOLVED
S0017,ARM2,hypocalcemia,N,safety_v3:RESOLVED
S0017,ARM2,neuropathy-motor,N,safety_v3:RESOLVED
S0017,ARM2,blurred_vision,N,safety_v3:RESOLVED
S0017,ARM2,pain,N,safety_v3:RESOLVED
S0017,ARM2,hypertension adverse events,N,protocol:F100
S0017,ARM2,hypertension,N,protocol:F121
S0017,ARM2,acute renal failure,N,protocol:F130
S0020,ARM2,fatigue,N,safety_v3:RESOLVED
S0020,ARM2,nausea,N,safety_v3:RESOLVED
S0020,ARM2,neutropenia,N,safety_v3:RESOLVED
S0020,ARM2,pain_in_limb,N,safety_v3:RESOLVED
S0020,ARM2,dizziness,N,safety_v3:RESOLVED
S0020,ARM2,neutrophil_count_decreased,N,safety_v3:RESOLVED
S0020,ARM2,fever,N,safety_v3:RESOLVED
S0020,ARM2,hyperglycemia,N,safety_v3:RESOLVED
S0020,ARM2,weight_loss,N,safety_v3:RESOLVED
S0020,ARM2,gastroenteritis,N,safety_v3:RESOLVED
S0020,ARM2,respiratory_tract_infections,N,safety_v3:RESOLVED
S0020,ARM2,hypocalcemia,N,safety_v3:RESOLVED
S0020,ARM2,blurred_vision,N,safety_v3:RESOLVED
S0020,ARM2,hyponatremia,N,safety_v3:RESOLVED
S0020,ARM2,hypertension adverse events,N,protocol:F092
S0020,ARM2,hypertension adverse events,N,protocol:F100
S0021,ARM2,neutropenia,N,safety_v3:RESOLVED
S0021,ARM2,upper_respiratory_infections,N,safety_v3:RESOLVED
S0021,ARM2,pain_in_limb,N,safety_v3:RESOLVED
S0021,ARM2,dizziness,N,safety_v3:RESOLVED
S0021,ARM2,peripheral_edema,N,safety_v3:RESOLVED
S0021,ARM2,neutrophil_count_decreased,N,safety_v3:RESOLVED
S0021,ARM2,influenza,N,safety_v3:RESOLVED
S0021,ARM2,hypocalcemia,N,safety_v3:RESOLVED
S0021,ARM2,pain,N,safety_v3:RESOLVED
S0021,ARM2,thrombocytopenia,Y,safety_v3:RESOLVED
S0021,ARM2,hypertension,N,protocol:F121
S0022,ARM2,fatigue,N,safety_v3:RESOLVED
S0022,ARM2,diarrhea,N,safety_v3:RESOLVED
S0022,ARM2,constipation,N,safety_v3:RESOLVED
S0022,ARM2,anemia,N,safety_v3:RESOLVED
S0022,ARM2,upper_respiratory_infections,N,safety_v3:RESOLVED
S0022,ARM2,vomiting,N,safety_v3:RESOLVED
S0022,ARM2,dizziness,N,safety_v3:RESOLVED
S0022,ARM2,hyperglycemia,N,safety_v3:RESOLVED
S0022,ARM2,weight_loss,N,safety_v3:RESOLVED
S0022,ARM2,hypocalcemia,N,safety_v3:RESOLVED
S0022,ARM2,hypoalbuminemia,N,safety_v3:RESOLVED
S0022,ARM2,thrombocytopenia,Y,safety_v3:RESOLVED
S0022,ARM2,acute renal failure,N,protocol:F132
S0024,ARM2,fatigue,N,safety_v3:RESOLVED
S0024,ARM2,constipation,N,safety_v3:RESOLVED
S0024,ARM2,nausea,N,safety_v3:RESOLVED
S0024,ARM2,neutropenia,N,safety_v3:RESOLVED
S0024,ARM2,back_pain,N,safety_v3:RESOLVED
S0024,ARM2,spasm,N,safety_v3:RESOLVED
S0024,ARM2,hypertension_variable,N,safety_v3:RESOLVED
S0024,ARM2,dizziness,N,safety_v3:RESOLVED
S0024,ARM2,neutrophil_count_decreased,N,safety_v3:RESOLVED
S0024,ARM2,hyperglycemia,N,safety_v3:RESOLVED
S0024,ARM2,influenza,N,safety_v3:RESOLVED
S0024,ARM2,neuropathic_pain,N,safety_v3:RESOLVED
S0024,ARM2,decreased_platelet_count,N,safety_v3:RESOLVED
S0024,ARM2,hypocalcemia,N,safety_v3:RESOLVED
S0024,ARM2,hypoalbuminemia,N,safety_v3:RESOLVED
S0024,ARM2,pain,N,safety_v3:RESOLVED
S0024,ARM2,thrombocytopenia,Y,safety_v3:RESOLVED
S0025,ARM2,fatigue,N,safety_v3:RESOLVED
S0025,ARM2,anemia,N,safety_v3:RESOLVED
S0025,ARM2,nausea,N,safety_v3:RESOLVED
S0025,ARM2,sleeplessness,N,safety_v3:RESOLVED
S0025,ARM2,vomiting,N,safety_v3:RESOLVED
S0025,ARM2,pain_in_limb,N,safety_v3:RESOLVED
S0025,ARM2,decrease_in_appetite,N,safety_v3:RESOLVED
S0025,ARM2,peripheral_edema,N,safety_v3:RESOLVED
S0025,ARM2,neuropathic_pain,N,safety_v3:RESOLVED
S0025,ARM2,decreased_platelet_count,N,safety_v3:RESOLVED
S0025,ARM2,respiratory_tract_infections,N,safety_v3:RESOLVED
S0025,ARM2,hypocalcemia,N,safety_v3:RESOLVED
S0025,ARM2,neuropathy-motor,N,safety_v3:RESOLVED
S0025,ARM2,blurred_vision,N,safety_v3:RESOLVED
S0025,ARM2,thrombocytopenia,Y,safety_v3:RESOLVED
S0025,ARM2,hypertension adverse events,N,protocol:F092
S0025,ARM2,hypertension adverse events,N,protocol:F098
S0026,ARM2,fatigue,N,safety_v3:RESOLVED
S0026,ARM2,diarrhea,N,safety_v3:RESOLVED
S0026,ARM2,anemia,N,safety_v3:RESOLVED
S0026,ARM2,neutropenia,N,safety_v3:RESOLVED
S0026,ARM2,sleeplessness,N,safety_v3:RESOLVED
S0026,ARM2,pain_in_limb,N,safety_v3:RESOLVED
S0026,ARM2,dizziness,N,safety_v3:RESOLVED
S0026,ARM2,hypokalemia,N,safety_v3:RESOLVED
S0026,ARM2,weight_loss,N,safety_v3:RESOLVED
S0026,ARM2,hypocalcemia,N,safety_v3:RESOLVED
S0026,ARM2,anorexia,N,safety_v3:RESOLVED
S0026,ARM2,blurred_vision,N,safety_v3:RESOLVED
S0026,ARM2,hypoalbuminemia,N,safety_v3:RESOLVED
S0026,ARM2,hemoglobin_normal_12_16_gm,N,safety_v3:RESOLVED
S0026,ARM2,dehydration,N,safety_v3:RESOLVED
S0026,ARM2,thrombocytopenia,Y,safety_v3:RESOLVED
S0026,ARM2,hypertension adverse events,N,protocol:F098
S0031,ARM2,diarrhea,N,safety_v3:RESOLVED
S0031,ARM2,sensory_neuropathy,N,safety_v3:RESOLVED
S0031,ARM2,sleeplessness,N,safety_v3:RESOLVED
S0031,ARM2,leukopenia,N,safety_v3:RESOLVED
S0031,ARM2,vomiting,N,safety_v3:RESOLVED
S0031,ARM2,pain_in_limb,N,safety_v3:RESOLVED
S0031,ARM2,neutrophil_count_decreased,N,safety_v3:RESOLVED
S0031,ARM2,hypokalemia,N,safety_v3:RESOLVED
S0031,ARM2,weight_loss,N,safety_v3:RESOLVED
S0031,ARM2,neuropathic_pain,N,safety_v3:RESOLVED
S0031,ARM2,hypocalcemia,N,safety_v3:RESOLVED
S0031,ARM2,rash/desquamation,N,safety_v3:RESOLVED
S0031,ARM2,blurred_vision,N,safety_v3:RESOLVED
S0031,ARM2,pain,N,safety_v3:RESOLVED
S0031,ARM2,acute renal failure,N,protocol:F132
S0031,ARM2,acute renal failure adverse events,N,protocol:F146
S0032,ARM2,diarrhea,N,safety_v3:RESOLVED
S0032,ARM2,nausea,N,safety_v3:RESOLVED
S0032,ARM2,neutropenia,N,safety_v3:RESOLVED
S0032,ARM2,sleeplessness,N,safety_v3:RESOLVED
S0032,ARM2,upper_respiratory_infections,N,safety_v3:RESOLVED
S0032,ARM2,dyspnea,N,safety_v3:RESOLVED
S0032,ARM2,vomiting,N,safety_v3:RESOLVED
S0032,ARM2,pain_in_limb,N,safety_v3:RESOLVED
S0032,ARM2,hypertension_variable,N,safety_v3:RESOLVED
S0032,ARM2,neutrophil_count_decreased,N,safety_v3:RESOLVED
S0032,ARM2,hyperglycemia,N,safety_v3:RESOLVED
S0032,ARM2,neuropathy-sensory,N,safety_v3:RESOLVED
S0032,ARM2,hypokalemia,N,safety_v3:RESOLVED
S0032,ARM2,weight_loss,N,safety_v3:RESOLVED
S0032,ARM2,neuropathic_pain,N,safety_v3:RESOLVED
S0032,ARM2,hypocalcemia,N,safety_v3:RESOLVED
S0032,ARM2,blurred_vision,N,safety_v3:RESOLVED
S0032,ARM2,pneumonia,Y,safety_v3:RESOLVED
S0032,ARM2,diarrhea,Y,safety_v3:RESOLVED
S0032,ARM2,thrombocytopenia,Y,safety_v3:RESOLVED
S0032,ARM2,hypertension adverse events,N,protocol:F100
S0032,ARM2,hypertension,N,protocol:F121
S0033,ARM2,diarrhea,N,safety_v3:RESOLVED
S0033,ARM2,neutropenia,N,safety_v3:RESOLVED
S0033,ARM2,thrombocytopenia,N,safety_v3:RESOLVED
S0033,ARM2,upper_respiratory_infections,N,safety_v3:RESOLVED
S0033,ARM2,spasm,N,safety_v3:RESOLVED
S0033,ARM2,vomiting,N,safety_v3:RESOLVED
S0033,ARM2,pain_in_limb,N,safety_v3:RESOLVED
S0033,ARM2,peripheral_edema,N,safety_v3:RESOLVED
S0033,ARM2,fever,N,safety_v3:RESOLVED
S0033,ARM2,hyperglycemia,N,safety_v3:RESOLVED
S0033,ARM2,hypokalemia,N,safety_v3:RESOLVED
S0033,ARM2,weight_loss,N,safety_v3:RESOLVED
S0033,ARM2,hypocalcemia,N,safety_v3:RESOLVED
S0033,ARM2,blurred_vision,N,safety_v3:RESOLVED
S0033,ARM2,pain,N,safety_v3:RESOLVED
S0033,ARM2,hemoglobin_normal_12_16_gm,N,safety_v3:RESOLVED
S0033,ARM2,upper_respiratory_infections,Y,safety_v3:RESOLVED
S0033,ARM2,thrombocytopenia,Y,safety_v3:RESOLVED
S0033,ARM2,hypertension,N,protocol:F121
S0035,ARM2,constipation,N,safety_v3:RESOLVED
S0035,ARM2,anemia,N,safety_v3:RESOLVED
S0035,ARM2,nausea,N,safety_v3:RESOLVED
S0035,ARM2,upper_respiratory_infections,N,safety_v3:RESOLVED
S0035,ARM2,vomiting,N,safety_v3:RESOLVED
S0035,ARM2,pain_in_limb,N,safety_v3:RESOLVED
S0035,ARM2,dizziness,N,safety_v3:RESOLVED
S0035,ARM2,neutrophil_count_decreased,N,safety_v3:RESOLVED
S0035,ARM2,hyperglycemia,N,safety_v3:RESOLVED
S0035,ARM2,decreased_platelet_count,N,safety_v3:RESOLVED
S0035,ARM2,hypocalcemia,N,safety_v3:RESOLVED
S0035,ARM2,blurred_vision,N,safety_v3:RESOLVED
S0035,ARM2,hypertension adverse events,N,protocol:F098
S0036,ARM2,fatigue,N,safety_v3:RESOLVED
S0036,ARM2,diarrhea,N,safety_v3:RESOLVED
S0036,ARM2,sleeplessness,N,safety_v3:RESOLVED
S0036,ARM2,upper_respiratory_infections,N,safety_v3:RESOLVED
S0036,ARM2,spasm,N,safety_v3:RESOLVED
S0036,ARM2,vomiting,N,safety_v3:RESOLVED
S0036,ARM2,pain_in_limb,N,safety_v3:RESOLVED
S0036,ARM2,hypertension_variable,N,safety_v3:RESOLVED
S0036,ARM2,dizziness,N,safety_v3:RESOLVED
S0036,ARM2,peripheral_edema,N,safety_v3:RESOLVED
S0036,ARM2,neutrophil_count_decreased,N,safety_v3:RESOLVED
S0036,ARM2,hyperglycemia,N,safety_v3:RESOLVED
S0036,ARM2,influenza,N,safety_v3:RESOLVED
S0036,ARM2,hypocalcemia,N,safety_v3:RESOLVED
S0036,ARM2,blurred_vision,N,safety_v3:RESOLVED
S0037,ARM2,anemia,N,safety_v3:RESOLVED
S0037,ARM2,spasm,N,safety_v3:RESOLVED
S0037,ARM2,dizziness,N,safety_v3:RESOLVED
S0037,ARM2,peripheral_edema,N,safety_v3:RESOLVED
S0037,ARM2,hyperglycemia,N,safety_v3:RESOLVED
S0037,ARM2,hypokalemia,N,safety_v3:RESOLVED
S0037,ARM2,weight_loss,N,safety_v3:RESOLVED
S0037,ARM2,neuropathic_pain,N,safety_v3:RESOLVED
S0037,ARM2,decreased_platelet_count,N,safety_v3:RESOLVED
S0037,ARM2,bone_pain,N,safety_v3:RESOLVED
S0037,ARM2,hypocalcemia,N,safety_v3:RESOLVED
S0040,ARM2,fatigue,N,safety_v3:RESOLVED
S0040,ARM2,diarrhea,N,safety_v3:RESOLVED
S0040,ARM2,anemia,N,safety_v3:RESOLVED
S0040,ARM2,upper_respiratory_infections,N,safety_v3:RESOLVED
S0040,ARM2,spasm,N,safety_v3:RESOLVED
S0040,ARM2,pain_in_limb,N,safety_v3:RESOLVED
S0040,ARM2,hypertension_variable,N,safety_v3:RESOLVED
S0040,ARM2,dizziness,N,safety_v3:RESOLVED
S0040,ARM2,peripheral_edema,N,safety_v3:RESOLVED
S0040,ARM2,cataract,N,safety_v3:RESOLVED
S0040,ARM2,hyperglycemia,N,safety_v3:RESOLVED
S0040,ARM2,neuropathy-sensory,N,safety_v3:RESOLVED
S0040,ARM2,respiratory_tract_infections,N,safety_v3:RESOLVED
S0040,ARM2,hypocalcemia,N,safety_v3:RESOLVED
S0040,ARM2,blurred_vision,N,safety_v3:RESOLVED
S0040,ARM2,hypertension adverse events,N,protocol:F092
S0042,ARM2,constipation,N,safety_v3:RESOLVED
S0042,ARM2,anemia,N,safety_v3:RESOLVED
S0042,ARM2,nausea,N,safety_v3:RESOLVED
S0042,ARM2,upper_respiratory_infections,N,safety_v3:RESOLVED
S0042,ARM2,spasm,N,safety_v3:RESOLVED
S0042,ARM2,influenza,N,safety_v3:RESOLVED
S0042,ARM2,neuropathic_pain,N,safety_v3:RESOLVED
S0042,ARM2,peripheral_nervous_system_diseases,N,safety_v3:RESOLVED
S0042,ARM2,hypocalcemia,N,safety_v3:RESOLVED
S0042,ARM2,myalgia,N,safety_v3:RESOLVED
S0042,ARM2,blurred_vision,N,safety_v3:RESOLVED
S0042,ARM2,hyponatremia,N,safety_v3:RESOLVED
S0042,ARM2,upper_respiratory_infections,Y,safety_v3:RESOLVED
S0043,ARM2,fatigue,N,safety_v3:RESOLVED
S0043,ARM2,diarrhea,N,safety_v3:RESOLVED
S0043,ARM2,anemia,N,safety_v3:RESOLVED
S0043,ARM2,nausea,N,safety_v3:RESOLVED
S0043,ARM2,sleeplessness,N,safety_v3:RESOLVED
S0043,ARM2,upper_respiratory_infections,N,safety_v3:RESOLVED
S0043,ARM2,spasm,N,safety_v3:RESOLVED
S0043,ARM2,vomiting,N,safety_v3:RESOLVED
S0043,ARM2,pain_in_limb,N,safety_v3:RESOLVED
S0043,ARM2,hypertension_variable,N,safety_v3:RESOLVED
S0043,ARM2,dizziness,N,safety_v3:RESOLVED
S0043,ARM2,influenza,N,safety_v3:RESOLVED
S0043,ARM2,hypocalcemia,N,safety_v3:RESOLVED
S0043,ARM2,cardiac failure events,N,protocol:F060
S0043,ARM2,cardiac failure events,N,protocol:F062
S0043,ARM2,hypertension,N,protocol:F121
S0043,ARM2,acute renal failure,N,protocol:F132
S0045,ARM2,fatigue,N,safety_v3:RESOLVED
S0045,ARM2,diarrhea,N,safety_v3:RESOLVED
S0045,ARM2,constipation,N,safety_v3:RESOLVED
S0045,ARM2,anemia,N,safety_v3:RESOLVED
S0045,ARM2,nausea,N,safety_v3:RESOLVED
S0045,ARM2,neutropenia,N,safety_v3:RESOLVED
S0045,ARM2,sleeplessness,N,safety_v3:RESOLVED
S0045,ARM2,upper_respiratory_infections,N,safety_v3:RESOLVED
S0045,ARM2,vomiting,N,safety_v3:RESOLVED
S0045,ARM2,dizziness,N,safety_v3:RESOLVED
S0045,ARM2,peripheral_edema,N,safety_v3:RESOLVED
S0045,ARM2,neutrophil_count_decreased,N,safety_v3:RESOLVED
S0045,ARM2,hyperglycemia,N,safety_v3:RESOLVED
S0045,ARM2,respiratory_tract_infections,N,safety_v3:RESOLVED
S0045,ARM2,hypocalcemia,N,safety_v3:RESOLVED
S0045,ARM2,neuropathy-motor,N,safety_v3:RESOLVED
S0045,ARM2,blurred_vision,N,safety_v3:RESOLVED
S0045,ARM2,pain,N,safety_v3:RESOLVED
S0045,ARM2,upper_respiratory_infections,Y,safety_v3:RESOLVED
S0045,ARM2,cardiac failure events,N,protocol:F060
S0045,ARM2,hypertension,N,protocol:F119
S0045,ARM2,acute renal failure,N,protocol:F128
S0046,ARM2,fatigue,N,safety_v3:RESOLVED
S0046,ARM2,diarrhea,N,safety_v3:RESOLVED
S0046,ARM2,anemia,N,safety_v3:RESOLVED
S0046,ARM2,nausea,N,safety_v3:RESOLVED
S0046,ARM2,sleeplessness,N,safety_v3:RESOLVED
S0046,ARM2,spasm,N,safety_v3:RESOLVED
S0046,ARM2,pain_in_limb,N,safety_v3:RESOLVED
S0046,ARM2,hypertension_variable,N,safety_v3:RESOLVED
S0046,ARM2,neutrophil_count_decreased,N,safety_v3:RESOLVED
S0046,ARM2,neuropathy-sensory,N,safety_v3:RESOLVED
S0046,ARM2,weight_loss,N,safety_v3:RESOLVED
S0046,ARM2,influenza,N,safety_v3:RESOLVED
S0046,ARM2,hypocalcemia,N,safety_v3:RESOLVED
S0046,ARM2,neuropathy-motor,N,safety_v3:RESOLVED
S0046,ARM2,rash/desquamation,N,safety_v3:RESOLVED
S0046,ARM2,blurred_vision,N,safety_v3:RESOLVED
S0046,ARM2,hypertension adverse events,N,protocol:F100
S0046,ARM2,hypertension,N,protocol:F121
S0046,ARM2,acute renal failure adverse events,N,protocol:F144
S0051,ARM2,anemia,N,safety_v3:RESOLVED
S0051,ARM2,neutropenia,N,safety_v3:RESOLVED
S0051,ARM2,back_pain,N,safety_v3:RESOLVED
S0051,ARM2,spasm,N,safety_v3:RESOLVED
S0051,ARM2,hypertension_variable,N,safety_v3:RESOLVED
S0051,ARM2,peripheral_edema,N,safety_v3:RESOLVED
S0051,ARM2,neuropathy-sensory,N,safety_v3:RESOLVED
S0051,ARM2,hypokalemia,N,safety_v3:RESOLVED
S0051,ARM2,hypocalcemia,N,safety_v3:RESOLVED
S0051,ARM2,non_cardiac_chest_pain,N,safety_v3:RESOLVED
S0051,ARM2,hypoalbuminemia,N,safety_v3:RESOLVED
S0051,ARM2,urinary_tract_infection,Y,safety_v3:RESOLVED
S0052,ARM2,fatigue,N,safety_v3:RESOLVED
S0052,ARM2,anemia,N,safety_v3:RESOLVED
S0052,ARM2,nausea,N,safety_v3:RESOLVED
S0052,ARM2,neutropenia,N,safety_v3:RESOLVED
S0052,ARM2,sleeplessness,N,safety_v3:RESOLVED
S0052,ARM2,leukopenia,N,safety_v3:RESOLVED
S0052,ARM2,pain_in_limb,N,safety_v3:RESOLVED
S0052,ARM2,dizziness,N,safety_v3:RESOLVED
S0052,ARM2,peripheral_edema,N,safety_v3:RESOLVED
S0052,ARM2,cataract,N,safety_v3:RESOLVED
S0052,ARM2,hyperglycemia,N,safety_v3:RESOLVED
S0052,ARM2,influenza,N,safety_v3:RESOLVED
S0052,ARM2,hypocalcemia,N,safety_v3:RESOLVED
S0052,ARM2,blurred_vision,N,safety_v3:RESOLVED
S0052,ARM2,hypoalbuminemia,N,safety_v3:RESOLVED
S0052,ARM2,hypertension adverse events,N,protocol:F098
S0052,ARM2,acute renal failure adverse events,N,protocol:F144
S0054,ARM2,diarrhea,N,safety_v3:RESOLVED
S0054,ARM2,constipation,N,safety_v3:RESOLVED
S0054,ARM2,nausea,N,safety_v3:RESOLVED
S0054,ARM2,neutropenia,N,safety_v3:RESOLVED
S0054,ARM2,spasm,N,safety_v3:RESOLVED
S0054,ARM2,dizziness,N,safety_v3:RESOLVED
S0054,ARM2,decrease_in_appetite,N,safety_v3:RESOLVED
S0054,ARM2,cataract,N,safety_v3:RESOLVED
S0054,ARM2,neutrophil_count_decreased,N,safety_v3:RESOLVED
S0054,ARM2,fever,N,safety_v3:RESOLVED
S0054,ARM2,hyperglycemia,N,safety_v3:RESOLVED
S0054,ARM2,neuropathy-sensory,N,safety_v3:RESOLVED
S0054,ARM2,neuropathic_pain,N,safety_v3:RESOLVED
S0054,ARM2,respiratory_tract_infections,N,safety_v3:RESOLVED
S0054,ARM2,rash/desquamation,N,safety_v3:RESOLVED
S0054,ARM2,blurred_vision,N,safety_v3:RESOLVED
S0054,ARM2,hypoalbuminemia,N,safety_v3:RESOLVED
S0054,ARM2,pain,N,safety_v3:RESOLVED
S0054,ARM2,pneumonia,Y,safety_v3:RESOLVED
S0054,ARM2,hypertension adverse events,N,protocol:F117
S0054,ARM2,hypertension,N,protocol:F121
S0054,ARM2,acute renal failure,N,protocol:F132
S0054,ARM2,acute renal failure adverse events,N,protocol:F144
S0055,ARM2,anemia,N,safety_v3:RESOLVED
S0055,ARM2,sensory_neuropathy,N,safety_v3:RESOLVED
S0055,ARM2,sleeplessness,N,safety_v3:RESOLVED
S0055,ARM2,vomiting,N,safety_v3:RESOLVED
S0055,ARM2,pain_in_limb,N,safety_v3:RESOLVED
S0055,ARM2,hypertension_variable,N,safety_v3:RESOLVED
S0055,ARM2,peripheral_edema,N,safety_v3:RESOLVED
S0055,ARM2,hyperglycemia,N,safety_v3:RESOLVED
S0055,ARM2,neuropathy-sensory,N,safety_v3:RESOLVED
S0055,ARM2,weight_loss,N,safety_v3:RESOLVED
S0055,ARM2,hypocalcemia,N,safety_v3:RESOLVED
S0055,ARM2,blurred_vision,N,safety_v3:RESOLVED
S0055,ARM2,hypoalbuminemia,N,safety_v3:RESOLVED
S0055,ARM2,thrombocytopenia,Y,safety_v3:RESOLVED
S0055,ARM2,hypertension adverse events,N,protocol:F092
S0055,ARM2,hypertension,N,protocol:F119
S0055,ARM2,hypertension,N,protocol:F121
S0057,ARM2,fatigue,N,safety_v3:RESOLVED
S0057,ARM2,nausea,N,safety_v3:RESOLVED
S0057,ARM2,sleeplessness,N,safety_v3:RESOLVED
S0057,ARM2,dizziness,N,safety_v3:RESOLVED
S0057,ARM2,neutrophil_count_decreased,N,safety_v3:RESOLVED
S0057,ARM2,influenza,N,safety_v3:RESOLVED
S0057,ARM2,neuropathy-motor,N,safety_v3:RESOLVED
S0057,ARM2,rash/desquamation,N,safety_v3:RESOLVED
S0057,ARM2,blurred_vision,N,safety_v3:RESOLVED
S0057,ARM2,pain,N,safety_v3:RESOLVED
S0057,ARM2,hypertension adverse events,N,protocol:F096
S0057,ARM2,acute renal failure adverse events,N,protocol:F146
S0059,ARM2,diarrhea,N,safety_v3:RESOLVED
S0059,ARM2,anemia,N,safety_v3:RESOLVED
S0059,ARM2,neutropenia,N,safety_v3:RESOLVED
S0059,ARM2,sleeplessness,N,safety_v3:RESOLVED
S0059,ARM2,coughing,N,safety_v3:RESOLVED
S0059,ARM2,vomiting,N,safety_v3:RESOLVED
S0059,ARM2,neutrophil_count_decreased,N,safety_v3:RESOLVED
S0059,ARM2,weight_loss,N,safety_v3:RESOLVED
S0059,ARM2,peripheral_nervous_system_diseases,N,safety_v3:RESOLVED
S0059,ARM2,hypocalcemia,N,safety_v3:RESOLVED
S0059,ARM2,pain,N,safety_v3:RESOLVED
S0059,ARM2,acute renal failure,N,protocol:F128
S0060,ARM2,fatigue,N,safety_v3:RESOLVED
S0060,ARM2,diarrhea,N,safety_v3:RESOLVED
S0060,ARM2,constipation,N,safety_v3:RESOLVED
S0060,ARM2,anemia,N,safety_v3:RESOLVED
S0060,ARM2,upper_respiratory_infections,N,safety_v3:RESOLVED
S0060,ARM2,arthralgia,N,safety_v3:RESOLVED
S0060,ARM2,dizziness,N,safety_v3:RESOLVED
S0060,ARM2,peripheral_edema,N,safety_v3:RESOLVED
S0060,ARM2,hyperglycemia,N,safety_v3:RESOLVED
S0060,ARM2,weight_loss,N,safety_v3:RESOLVED
S0060,ARM2,neuropathic_pain,N,safety_v3:RESOLVED
S0060,ARM2,decreased_platelet_count,N,safety_v3:RESOLVED
S0060,ARM2,hypocalcemia,N,safety_v3:RESOLVED
S0060,ARM2,anorexia,N,safety_v3:RESOLVED
S0060,ARM2,blurred_vision,N,safety_v3:RESOLVED
S0060,ARM2,hypoalbuminemia,N,safety_v3:RESOLVED
S0060,ARM2,dry_skin,N,safety_v3:RESOLVED
S0060,ARM2,dehydration,N,safety_v3:RESOLVED
S0060,ARM2,infectious_lung_disorder,Y,safety_v3:RESOLVED
S0060,ARM2,hypertension adverse events,N,protocol:F092
S0061,ARM2,fatigue,N,safety_v3:RESOLVED
S0061,ARM2,diarrhea,N,safety_v3:RESOLVED
S0061,ARM2,anemia,N,safety_v3:RESOLVED
S0061,ARM2,sleeplessness,N,safety_v3:RESOLVED
S0061,ARM2,pain_in_limb,N,safety_v3:RESOLVED
S0061,ARM2,hypertension_variable,N,safety_v3:RESOLVED
S0061,ARM2,dizziness,N,safety_v3:RESOLVED
S0061,ARM2,peripheral_edema,N,safety_v3:RESOLVED
S0061,ARM2,neuropathy-sensory,N,safety_v3:RESOLVED
S0061,ARM2,weight_loss,N,safety_v3:RESOLVED
S0061,ARM2,abdominal_pain,N,safety_v3:RESOLVED
S0061,ARM2,respiratory_tract_infections,N,safety_v3:RESOLVED
S0061,ARM2,blurred_vision,N,safety_v3:RESOLVED
S0061,ARM2,dyspnea,Y,safety_v3:RESOLVED
S0061,ARM2,cardiac failure events,N,protocol:F064
S0061,ARM2,hypertension adverse events,N,protocol:F092
S0061,ARM2,hypertension,N,protocol:F119
S0061,ARM2,acute renal failure adverse events,N,protocol:F144
S0062,ARM2,fatigue,N,safety_v3:RESOLVED
S0062,ARM2,diarrhea,N,safety_v3:RESOLVED
S0062,ARM2,neutropenia,N,safety_v3:RESOLVED
S0062,ARM2,sleeplessness,N,safety_v3:RESOLVED
S0062,ARM2,upper_respiratory_infections,N,safety_v3:RESOLVED
S0062,ARM2,back_pain,N,safety_v3:RESOLVED
S0062,ARM2,leukopenia,N,safety_v3:RESOLVED
S0062,ARM2,pain_in_limb,N,safety_v3:RESOLVED
S0062,ARM2,decrease_in_appetite,N,safety_v3:RESOLVED
S0062,ARM2,neutrophil_count_decreased,N,safety_v3:RESOLVED
S0062,ARM2,fever,N,safety_v3:RESOLVED
S0062,ARM2,bone_pain,N,safety_v3:RESOLVED
S0062,ARM2,hypocalcemia,N,safety_v3:RESOLVED
S0062,ARM2,neuropathy-motor,N,safety_v3:RESOLVED
S0062,ARM2,rash/desquamation,N,safety_v3:RESOLVED
S0062,ARM2,blurred_vision,N,safety_v3:RESOLVED
S0062,ARM2,dehydration,N,safety_v3:RESOLVED
S0062,ARM2,pneumonia,Y,safety_v3:RESOLVED
S0062,ARM2,hypertension adverse events,N,protocol:F092
S0066,ARM2,fatigue,N,safety_v3:RESOLVED
S0066,ARM2,diarrhea,N,safety_v3:RESOLVED
S0066,ARM2,anemia,N,safety_v3:RESOLVED
S0066,ARM2,nausea,N,safety_v3:RESOLVED
S0066,ARM2,neutropenia,N,safety_v3:RESOLVED
S0066,ARM2,vomiting,N,safety_v3:RESOLVED
S0066,ARM2,pain_in_limb,N,safety_v3:RESOLVED
S0066,ARM2,peripheral_edema,N,safety_v3:RESOLVED
S0066,ARM2,hyperglycemia,N,safety_v3:RESOLVED
S0066,ARM2,hypokalemia,N,safety_v3:RESOLVED
S0066,ARM2,weight_loss,N,safety_v3:RESOLVED
S0066,ARM2,dyspepsia,N,safety_v3:RESOLVED
S0066,ARM2,abdominal_pain,N,safety_v3:RESOLVED
S0066,ARM2,hypocalcemia,N,safety_v3:RESOLVED
S0066,ARM2,hypoalbuminemia,N,safety_v3:RESOLVED
S0066,ARM2,"potassium,_serum-low_(hypokalemia)",N,safety_v3:RESOLVED
S0066,ARM2,hypertension adverse events,N,protocol:F092
S0067,ARM2,diarrhea,N,safety_v3:RESOLVED
S0067,ARM2,anemia,N,safety_v3:RESOLVED
S0067,ARM2,sleeplessness,N,safety_v3:RESOLVED
S0067,ARM2,spasm,N,safety_v3:RESOLVED
S0067,ARM2,vomiting,N,safety_v3:RESOLVED
S0067,ARM2,pain_in_limb,N,safety_v3:RESOLVED
S0067,ARM2,dizziness,N,safety_v3:RESOLVED
S0067,ARM2,peripheral_edema,N,safety_v3:RESOLVED
S0067,ARM2,neuropathy-sensory,N,safety_v3:RESOLVED
S0067,ARM2,hypocalcemia,N,safety_v3:RESOLVED
S0067,ARM2,blurred_vision,N,safety_v3:RESOLVED
S0067,ARM2,edema:_limb,N,safety_v3:RESOLVED
S0067,ARM2,hemoglobin_normal_12_16_gm,N,safety_v3:RESOLVED
S0067,ARM2,thrombocytopenia,Y,safety_v3:RESOLVED
S0067,ARM2,hypertension adverse events,N,protocol:F092
S0068,ARM2,fatigue,N,safety_v3:RESOLVED
S0068,ARM2,diarrhea,N,safety_v3:RESOLVED
S0068,ARM2,neutropenia,N,safety_v3:RESOLVED
S0068,ARM2,sleeplessness,N,safety_v3:RESOLVED
S0068,ARM2,upper_respiratory_infections,N,safety_v3:RESOLVED
S0068,ARM2,hypertension_variable,N,safety_v3:RESOLVED
S0068,ARM2,dizziness,N,safety_v3:RESOLVED
S0068,ARM2,neutrophil_count_decreased,N,safety_v3:RESOLVED
S0068,ARM2,hyperglycemia,N,safety_v3:RESOLVED
S0068,ARM2,neuropathy-sensory,N,safety_v3:RESOLVED
S0068,ARM2,asthenia,N,safety_v3:RESOLVED
S0068,ARM2,influenza,N,safety_v3:RESOLVED
S0068,ARM2,neuropathic_pain,N,safety_v3:RESOLVED
S0068,ARM2,hypocalcemia,N,safety_v3:RESOLVED
S0068,ARM2,blurred_vision,N,safety_v3:RESOLVED
S0068,ARM2,hypertension adverse events,N,protocol:F098
S0068,ARM2,hypertension,N,protocol:F119
S0069,ARM2,neutropenia,N,safety_v3:RESOLVED
S0069,ARM2,spasm,N,safety_v3:RESOLVED
S0069,ARM2,hypertension_variable,N,safety_v3:RESOLVED
S0069,ARM2,dizziness,N,safety_v3:RESOLVED
S0069,ARM2,decrease_in_appetite,N,safety_v3:RESOLVED
S0069,ARM2,neutrophil_count_decreased,N,safety_v3:RESOLVED
S0069,ARM2,fever,N,safety_v3:RESOLVED
S0069,ARM2,hypokalemia,N,safety_v3:RESOLVED
S0069,ARM2,headache,N,safety_v3:RESOLVED
S0069,ARM2,respiratory_tract_infections,N,safety_v3:RESOLVED
S0069,ARM2,hypocalcemia,N,safety_v3:RESOLVED
S0069,ARM2,non_cardiac_chest_pain,N,safety_v3:RESOLVED
S0069,ARM2,blurred_vision,N,safety_v3:RESOLVED
S0069,ARM2,deep_vein_thrombosis,N,safety_v3:RESOLVED
S0069,ARM2,hypertension adverse events,N,protocol:F092
S0069,ARM2,hypertension,N,protocol:F119
S0069,ARM2,acute renal failure adverse events,N,protocol:F148
S0070,ARM2,fatigue,N,safety_v3:RESOLVED
S0070,ARM2,diarrhea,N,safety_v3:RESOLVED
S0070,ARM2,constipation,N,safety_v3:RESOLVED
S0070,ARM2,anemia,N,safety_v3:RESOLVED
S0070,ARM2,neutropenia,N,safety_v3:RESOLVED
S0070,ARM2,sleeplessness,N,safety_v3:RESOLVED
S0070,ARM2,upper_respiratory_infections,N,safety_v3:RESOLVED
S0070,ARM2,pain_in_limb,N,safety_v3:RESOLVED
S0070,ARM2,neutrophil_count_decreased,N,safety_v3:RESOLVED
S0070,ARM2,neuropathy-sensory,N,safety_v3:RESOLVED
S0070,ARM2,weight_loss,N,safety_v3:RESOLVED
S0070,ARM2,neuropathic_pain,N,safety_v3:RESOLVED
S0070,ARM2,respiratory_tract_infections,N,safety_v3:RESOLVED
S0070,ARM2,hypocalcemia,N,safety_v3:RESOLVED
S0070,ARM2,blurred_vision,N,safety_v3:RESOLVED
S0070,ARM2,hypoalbuminemia,N,safety_v3:RESOLVED
S0070,ARM2,pain,N,safety_v3:RESOLVED
S0070,ARM2,hypertension adverse events,N,protocol:F098
S0070,ARM2,hypertension,N,protocol:F119
S0070,ARM2,hypertension,N,protocol:F121
S0071,ARM2,fatigue,N,safety_v3:RESOLVED
S0071,ARM2,anemia,N,safety_v3:RESOLVED
S0071,ARM2,neutropenia,N,safety_v3:RESOLVED
S0071,ARM2,vomiting,N,safety_v3:RESOLVED
S0071,ARM2,dizziness,N,safety_v3:RESOLVED
S0071,ARM2,hyperglycemia,N,safety_v3:RESOLVED
S0071,ARM2,hypocalcemia,N,safety_v3:RESOLVED
S0071,ARM2,pain,N,safety_v3:RESOLVED
S0071,ARM2,thrombocytopenia,Y,safety_v3:RESOLVED
S0071,ARM2,hypertension adverse events,N,protocol:F092
S0071,ARM2,hypertension,N,protocol:F121
S0072,ARM2,anemia,N,safety_v3:RESOLVED
S0072,ARM2,nausea,N,safety_v3:RESOLVED
S0072,ARM2,upper_respiratory_infections,N,safety_v3:RESOLVED
S0072,ARM2,vomiting,N,safety_v3:RESOLVED
S0072,ARM2,dizziness,N,safety_v3:RESOLVED
S0072,ARM2,cataract,N,safety_v3:RESOLVED
S0072,ARM2,neutrophil_count_decreased,N,safety_v3:RESOLVED
S0072,ARM2,weight_loss,N,safety_v3:RESOLVED
S0072,ARM2,influenza,N,safety_v3:RESOLVED
S0072,ARM2,gastroenteritis,N,safety_v3:RESOLVED
S0072,ARM2,hypocalcemia,N,safety_v3:RESOLVED
S0072,ARM2,pain,N,safety_v3:RESOLVED
S0072,ARM2,fever,Y,safety_v3:RESOLVED
S0072,ARM2,hypertension,N,protocol:F121
S0074,ARM2,nausea,N,safety_v3:RESOLVED
S0074,ARM2,neutropenia,N,safety_v3:RESOLVED
S0074,ARM2,sleeplessness,N,safety_v3:RESOLVED
S0074,ARM2,back_pain,N,safety_v3:RESOLVED
S0074,ARM2,pain_in_limb,N,safety_v3:RESOLVED
S0074,ARM2,peripheral_edema,N,safety_v3:RESOLVED
S0074,ARM2,neutrophil_count_decreased,N,safety_v3:RESOLVED
S0074,ARM2,nasopharyngitis,N,safety_v3:RESOLVED
S0074,ARM2,gastroenteritis,N,safety_v3:RESOLVED
S0074,ARM2,hypocalcemia,N,safety_v3:RESOLVED
S0074,ARM2,pain,N,safety_v3:RESOLVED
S0074,ARM2,pneumonia,Y,safety_v3:RESOLVED
S0074,ARM2,cardiac failure events,N,protocol:F060
S0074,ARM2,hypertension adverse events,N,protocol:F098
S0074,ARM2,hypertension,N,protocol:F119
S0076,ARM2,diarrhea,N,safety_v3:RESOLVED
S0076,ARM2,anemia,N,safety_v3:RESOLVED
S0076,ARM2,neutropenia,N,safety_v3:RESOLVED
S0076,ARM2,sleeplessness,N,safety_v3:RESOLVED
S0076,ARM2,upper_respiratory_infections,N,safety_v3:RESOLVED
S0076,ARM2,leukopenia,N,safety_v3:RESOLVED
S0076,ARM2,pain_in_limb,N,safety_v3:RESOLVED
S0076,ARM2,peripheral_edema,N,safety_v3:RESOLVED
S0076,ARM2,neutrophil_count_decreased,N,safety_v3:RESOLVED
S0076,ARM2,weight_loss,N,safety_v3:RESOLVED
S0076,ARM2,hypocalcemia,N,safety_v3:RESOLVED
S0076,ARM2,pneumonia,Y,safety_v3:RESOLVED
S0076,ARM2,hypertension adverse events,N,protocol:F098
S0077,ARM2,fatigue,N,safety_v3:RESOLVED
S0077,ARM2,anemia,N,safety_v3:RESOLVED
S0077,ARM2,sleeplessness,N,safety_v3:RESOLVED
S0077,ARM2,upper_respiratory_infections,N,safety_v3:RESOLVED
S0077,ARM2,leukopenia,N,safety_v3:RESOLVED
S0077,ARM2,vomiting,N,safety_v3:RESOLVED
S0077,ARM2,pain_in_limb,N,safety_v3:RESOLVED
S0077,ARM2,dizziness,N,safety_v3:RESOLVED
S0077,ARM2,peripheral_edema,N,safety_v3:RESOLVED
S0077,ARM2,neutrophil_count_decreased,N,safety_v3:RESOLVED
S0077,ARM2,neuropathy-sensory,N,safety_v3:RESOLVED
S0077,ARM2,weight_loss,N,safety_v3:RESOLVED
S0077,ARM2,peripheral_nervous_system_diseases,N,safety_v3:RESOLVED
S0077,ARM2,blurred_vision,N,safety_v3:RESOLVED
S0077,ARM2,hyponatremia,N,safety_v3:RESOLVED
S0077,ARM2,pneumonia,Y,safety_v3:RESOLVED
S0081,ARM2,fatigue,N,safety_v3:RESOLVED
S0081,ARM2,diarrhea,N,safety_v3:RESOLVED
S0081,ARM2,anemia,N,safety_v3:RESOLVED
S0081,ARM2,neutropenia,N,safety_v3:RESOLVED
S0081,ARM2,sleeplessness,N,safety_v3:RESOLVED
S0081,ARM2,upper_respiratory_infections,N,safety_v3:RESOLVED
S0081,ARM2,vomiting,N,safety_v3:RESOLVED
S0081,ARM2,pain_in_limb,N,safety_v3:RESOLVED
S0081,ARM2,hypertension_variable,N,safety_v3:RESOLVED
S0081,ARM2,dizziness,N,safety_v3:RESOLVED
S0081,ARM2,peripheral_edema,N,safety_v3:RESOLVED
S0081,ARM2,fever,N,safety_v3:RESOLVED
S0081,ARM2,decreased_platelet_count,N,safety_v3:RESOLVED
S0081,ARM2,respiratory_tract_infections,N,safety_v3:RESOLVED
S0081,ARM2,hypocalcemia,N,safety_v3:RESOLVED
S0081,ARM2,blurred_vision,N,safety_v3:RESOLVED
S0081,ARM2,hypoalbuminemia,N,safety_v3:RESOLVED
S0081,ARM2,upper_respiratory_infections,Y,safety_v3:RESOLVED
S0081,ARM2,thrombosis/thrombus/embolism,Y,safety_v3:RESOLVED
S0081,ARM2,hypertension adverse events,N,protocol:F098
S0082,ARM2,fatigue,N,safety_v3:RESOLVED
S0082,ARM2,diarrhea,N,safety_v3:RESOLVED
S0082,ARM2,nausea,N,safety_v3:RESOLVED
S0082,ARM2,neutropenia,N,safety_v3:RESOLVED
S0082,ARM2,sleeplessness,N,safety_v3:RESOLVED
S0082,ARM2,coughing,N,safety_v3:RESOLVED
S0082,ARM2,dizziness,N,safety_v3:RESOLVED
S0082,ARM2,neutrophil_count_decreased,N,safety_v3:RESOLVED
S0082,ARM2,fever,N,safety_v3:RESOLVED
S0082,ARM2,hyperglycemia,N,safety_v3:RESOLVED
S0082,ARM2,hypokalemia,N,safety_v3:RESOLVED
S0082,ARM2,nasopharyngitis,N,safety_v3:RESOLVED
S0082,ARM2,respiratory_tract_infections,N,safety_v3:RESOLVED
S0082,ARM2,hypocalcemia,N,safety_v3:RESOLVED
S0082,ARM2,pneumonia,N,safety_v3:RESOLVED
S0082,ARM2,hypertension adverse events,N,protocol:F098
S0082,ARM2,acute renal failure adverse events,N,protocol:F144
S0085,ARM2,fatigue,N,safety_v3:RESOLVED
S0085,ARM2,anemia,N,safety_v3:RESOLVED
S0085,ARM2,vomiting,N,safety_v3:RESOLVED
S0085,ARM2,pain_in_limb,N,safety_v3:RESOLVED
S0085,ARM2,dizziness,N,safety_v3:RESOLVED
S0085,ARM2,peripheral_edema,N,safety_v3:RESOLVED
S0085,ARM2,cataract,N,safety_v3:RESOLVED
S0085,ARM2,hyperglycemia,N,safety_v3:RESOLVED
S0085,ARM2,neuropathy-sensory,N,safety_v3:RESOLVED
S0085,ARM2,hypokalemia,N,safety_v3:RESOLVED
S0085,ARM2,weight_loss,N,safety_v3:RESOLVED
S0085,ARM2,decreased_platelet_count,N,safety_v3:RESOLVED
S0085,ARM2,respiratory_tract_infections,N,safety_v3:RESOLVED
S0085,ARM2,hypocalcemia,N,safety_v3:RESOLVED
S0085,ARM2,pain,N,safety_v3:RESOLVED
S0085,ARM2,hypertension adverse events,N,protocol:F117
S0085,ARM2,hypertension,N,protocol:F121
S0085,ARM2,acute renal failure,N,protocol:F132
S0087,ARM2,fatigue,N,safety_v3:RESOLVED
S0087,ARM2,diarrhea,N,safety_v3:RESOLVED
S0087,ARM2,anemia,N,safety_v3:RESOLVED
S0087,ARM2,neutropenia,N,safety_v3:RESOLVED
S0087,ARM2,sleeplessness,N,safety_v3:RESOLVED
S0087,ARM2,upper_respiratory_infections,N,safety_v3:RESOLVED
S0087,ARM2,leukopenia,N,safety_v3:RESOLVED
S0087,ARM2,spasm,N,safety_v3:RESOLVED
S0087,ARM2,dizziness,N,safety_v3:RESOLVED
S0087,ARM2,decrease_in_appetite,N,safety_v3:RESOLVED
S0087,ARM2,peripheral_edema,N,safety_v3:RESOLVED
S0087,ARM2,neuropathy-sensory,N,safety_v3:RESOLVED
S0087,ARM2,hypokalemia,N,safety_v3:RESOLVED
S0087,ARM2,decreased_platelet_count,N,safety_v3:RESOLVED
S0087,ARM2,hypoalbuminemia,N,safety_v3:RESOLVED
S0087,ARM2,pain,N,safety_v3:RESOLVED
S0087,ARM2,kidney_failure,Y,safety_v3:RESOLVED
S0087,ARM2,hypertension adverse events,N,protocol:F092
S0087,ARM2,hypertension,N,protocol:F119
S0089,ARM2,diarrhea,N,safety_v3:RESOLVED
S0089,ARM2,nausea,N,safety_v3:RESOLVED
S0089,ARM2,sleeplessness,N,safety_v3:RESOLVED
S0089,ARM2,leukopenia,N,safety_v3:RESOLVED
S0089,ARM2,pain_in_limb,N,safety_v3:RESOLVED
S0089,ARM2,decrease_in_appetite,N,safety_v3:RESOLVED
S0089,ARM2,peripheral_edema,N,safety_v3:RESOLVED
S0089,ARM2,hypokalemia,N,safety_v3:RESOLVED
S0089,ARM2,asthenia,N,safety_v3:RESOLVED
S0089,ARM2,influenza,N,safety_v3:RESOLVED
S0089,ARM2,neuropathic_pain,N,safety_v3:RESOLVED
S0089,ARM2,gastroenteritis,N,safety_v3:RESOLVED
S0089,ARM2,hypocalcemia,N,safety_v3:RESOLVED
S0089,ARM2,rash/desquamation,N,safety_v3:RESOLVED
S0089,ARM2,blurred_vision,N,safety_v3:RESOLVED
S0089,ARM2,hypertension adverse events,N,protocol:F098
S0089,ARM2,hypertension,N,protocol:F119
S0089,ARM2,hypertension,N,protocol:F121
S0090,ARM2,fatigue,N,safety_v3:RESOLVED
S0090,ARM2,nausea,N,safety_v3:RESOLVED
S0090,ARM2,neutropenia,N,safety_v3:RESOLVED
S0090,ARM2,upper_respiratory_infections,N,safety_v3:RESOLVED
S0090,ARM2,back_pain,N,safety_v3:RESOLVED
S0090,ARM2,hypertension_variable,N,safety_v3:RESOLVED
S0090,ARM2,dizziness,N,safety_v3:RESOLVED
S0090,ARM2,cataract,N,safety_v3:RESOLVED
S0090,ARM2,neutrophil_count_decreased,N,safety_v3:RESOLVED
S0090,ARM2,neuropathy-sensory,N,safety_v3:RESOLVED
S0090,ARM2,hypokalemia,N,safety_v3:RESOLVED
S0090,ARM2,hypocalcemia,N,safety_v3:RESOLVED
S0090,ARM2,blurred_vision,N,safety_v3:RESOLVED
S0090,ARM2,dry_skin,N,safety_v3:RESOLVED
S0090,ARM2,hypertension adverse events,N,protocol:F100
S0091,ARM2,diarrhea,N,safety_v3:RESOLVED
S0091,ARM2,nausea,N,safety_v3:RESOLVED
S0091,ARM2,sleeplessness,N,safety_v3:RESOLVED
S0091,ARM2,pain_in_limb,N,safety_v3:RESOLVED
S0091,ARM2,dizziness,N,safety_v3:RESOLVED
S0091,ARM2,neutrophil_count_decreased,N,safety_v3:RESOLVED
S0091,ARM2,gastroenteritis,N,safety_v3:RESOLVED
S0091,ARM2,hypocalcemia,N,safety_v3:RESOLVED
S0091,ARM2,neuropathy-motor,N,safety_v3:RESOLVED
S0091,ARM2,pain,N,safety_v3:RESOLVED
S0091,ARM2,dehydration,N,safety_v3:RESOLVED
S0091,ARM2,hypertension adverse events,N,protocol:F100
S0091,ARM2,acute renal failure adverse events,N,protocol:F146
S0093,ARM2,fatigue,N,safety_v3:RESOLVED
S0093,ARM2,diarrhea,N,safety_v3:RESOLVED
S0093,ARM2,anemia,N,safety_v3:RESOLVED
S0093,ARM2,sleeplessness,N,safety_v3:RESOLVED
S0093,ARM2,leukopenia,N,safety_v3:RESOLVED
S0093,ARM2,spasm,N,safety_v3:RESOLVED
S0093,ARM2,vomiting,N,safety_v3:RESOLVED
S0093,ARM2,arthralgia,N,safety_v3:RESOLVED
S0093,ARM2,dizziness,N,safety_v3:RESOLVED
S0093,ARM2,hypokalemia,N,safety_v3:RESOLVED
S0093,ARM2,asthenia,N,safety_v3:RESOLVED
S0093,ARM2,hypocalcemia,N,safety_v3:RESOLVED
S0093,ARM2,rash/desquamation,N,safety_v3:RESOLVED
S0093,ARM2,deep_vein_thrombosis,N,safety_v3:RESOLVED
S0094,ARM2,fatigue,N,safety_v3:RESOLVED
S0094,ARM2,diarrhea,N,safety_v3:RESOLVED
S0094,ARM2,constipation,N,safety_v3:RESOLVED
S0094,ARM2,anemia,N,safety_v3:RESOLVED
S0094,ARM2,sleeplessness,N,safety_v3:RESOLVED
S0094,ARM2,leukopenia,N,safety_v3:RESOLVED
S0094,ARM2,pain_in_limb,N,safety_v3:RESOLVED
S0094,ARM2,decrease_in_appetite,N,safety_v3:RESOLVED
S0094,ARM2,peripheral_edema,N,safety_v3:RESOLVED
S0094,ARM2,neutrophil_count_decreased,N,safety_v3:RESOLVED
S0094,ARM2,hyperglycemia,N,safety_v3:RESOLVED
S0094,ARM2,peripheral_nervous_system_diseases,N,safety_v3:RESOLVED
S0094,ARM2,hypocalcemia,N,safety_v3:RESOLVED
S0094,ARM2,blurred_vision,N,safety_v3:RESOLVED
S0094,ARM2,hypoalbuminemia,N,safety_v3:RESOLVED
S0094,ARM2,hypertension adverse events,N,protocol:F092
S0094,ARM2,hypertension adverse events,N,protocol:F100
S0094,ARM2,hypertension,N,protocol:F121
S0095,ARM2,fatigue,N,safety_v3:RESOLVED
S0095,ARM2,anemia,N,safety_v3:RESOLVED
S0095,ARM2,nausea,N,safety_v3:RESOLVED
S0095,ARM2,neutropenia,N,safety_v3:RESOLVED
S0095,ARM2,sleeplessness,N,safety_v3:RESOLVED
S0095,ARM2,upper_respiratory_infections,N,safety_v3:RESOLVED
S0095,ARM2,spasm,N,safety_v3:RESOLVED
S0095,ARM2,hypertension_variable,N,safety_v3:RESOLVED
S0095,ARM2,dizziness,N,safety_v3:RESOLVED
S0095,ARM2,decrease_in_appetite,N,safety_v3:RESOLVED
S0095,ARM2,hyperglycemia,N,safety_v3:RESOLVED
S0095,ARM2,asthenia,N,safety_v3:RESOLVED
S0095,ARM2,hypocalcemia,N,safety_v3:RESOLVED
S0095,ARM2,neuropathy-motor,N,safety_v3:RESOLVED
S0095,ARM2,blurred_vision,N,safety_v3:RESOLVED
S0095,ARM2,hypertension,N,protocol:F121
S0095,ARM2,acute renal failure,N,protocol:F128
S0098,ARM2,diarrhea,N,safety_v3:RESOLVED
S0098,ARM2,anemia,N,safety_v3:RESOLVED
S0098,ARM2,nausea,N,safety_v3:RESOLVED
S0098,ARM2,neutropenia,N,safety_v3:RESOLVED
S0098,ARM2,sleeplessness,N,safety_v3:RESOLVED
S0098,ARM2,upper_respiratory_infections,N,safety_v3:RESOLVED
S0098,ARM2,vomiting,N,safety_v3:RESOLVED
S0098,ARM2,pain_in_limb,N,safety_v3:RESOLVED
S0098,ARM2,fever,N,safety_v3:RESOLVED
S0098,ARM2,hyperglycemia,N,safety_v3:RESOLVED
S0098,ARM2,hypocalcemia,N,safety_v3:RESOLVED
S0098,ARM2,myalgia,N,safety_v3:RESOLVED
S0098,ARM2,dry_skin,N,safety_v3:RESOLVED
S0098,ARM2,pain,N,safety_v3:RESOLVED
S0098,ARM2,atrial_fibrillation,Y,safety_v3:RESOLVED
S0098,ARM2,thrombocytopenia,Y,safety_v3:RESOLVED
S0098,ARM2,hypertension,N,protocol:F121
S0098,ARM2,acute renal failure,N,protocol:F128
S0099,ARM2,diarrhea,N,safety_v3:RESOLVED
S0099,ARM2,neutropenia,N,safety_v3:RESOLVED
S0099,ARM2,sleeplessness,N,safety_v3:RESOLVED
S0099,ARM2,spasm,N,safety_v3:RESOLVED
S0099,ARM2,vomiting,N,safety_v3:RESOLVED
S0099,ARM2,peripheral_edema,N,safety_v3:RESOLVED
S0099,ARM2,neutrophil_count_decreased,N,safety_v3:RESOLVED
S0099,ARM2,hyperglycemia,N,safety_v3:RESOLVED
S0099,ARM2,hypertriglyceridemia,N,safety_v3:RESOLVED
S0099,ARM2,decreased_platelet_count,N,safety_v3:RESOLVED
S0099,ARM2,respiratory_tract_infections,N,safety_v3:RESOLVED
S0099,ARM2,hypocalcemia,N,safety_v3:RESOLVED
S0099,ARM2,hypoalbuminemia,N,safety_v3:RESOLVED
S0099,ARM2,hypertension adverse events,N,protocol:F100
S0101,ARM2,diarrhea,N,safety_v3:RESOLVED
S0101,ARM2,anemia,N,safety_v3:RESOLVED
S0101,ARM2,upper_respiratory_infections,N,safety_v3:RESOLVED
S0101,ARM2,spasm,N,safety_v3:RESOLVED
S0101,ARM2,dyspnea,N,safety_v3:RESOLVED
S0101,ARM2,pain_in_limb,N,safety_v3:RESOLVED
S0101,ARM2,dizziness,N,safety_v3:RESOLVED
S0101,ARM2,neuropathy-sensory,N,safety_v3:RESOLVED
S0101,ARM2,hypokalemia,N,safety_v3:RESOLVED
S0101,ARM2,nasopharyngitis,N,safety_v3:RESOLVED
S0101,ARM2,decreased_platelet_count,N,safety_v3:RESOLVED
S0101,ARM2,hypocalcemia,N,safety_v3:RESOLVED
S0101,ARM2,blurred_vision,N,safety_v3:RESOLVED
S0101,ARM2,thrombocytopenia,Y,safety_v3:RESOLVED
S0101,ARM2,cardiac failure events,N,protocol:F060
S0102,ARM2,fatigue,N,safety_v3:RESOLVED
S0102,ARM2,diarrhea,N,safety_v3:RESOLVED
S0102,ARM2,constipation,N,safety_v3:RESOLVED
S0102,ARM2,anemia,N,safety_v3:RESOLVED
S0102,ARM2,neutropenia,N,safety_v3:RESOLVED
S0102,ARM2,sleeplessness,N,safety_v3:RESOLVED
S0102,ARM2,dizziness,N,safety_v3:RESOLVED
S0102,ARM2,cataract,N,safety_v3:RESOLVED
S0102,ARM2,fever,N,safety_v3:RESOLVED
S0102,ARM2,hyperglycemia,N,safety_v3:RESOLVED
S0102,ARM2,neuropathy-sensory,N,safety_v3:RESOLVED
S0102,ARM2,decreased_platelet_count,N,safety_v3:RESOLVED
S0102,ARM2,abdominal_pain,N,safety_v3:RESOLVED
S0102,ARM2,respiratory_tract_infections,N,safety_v3:RESOLVED
S0102,ARM2,hypocalcemia,N,safety_v3:RESOLVED
S0102,ARM2,blurred_vision,N,safety_v3:RESOLVED
S0102,ARM2,hypoalbuminemia,N,safety_v3:RESOLVED
S0102,ARM2,hemoglobin_normal_12_16_gm,N,safety_v3:RESOLVED
S0102,ARM2,acute renal failure,N,protocol:F130
S0104,ARM2,fatigue,N,safety_v3:RESOLVED
S0104,ARM2,anemia,N,safety_v3:RESOLVED
S0104,ARM2,neutropenia,N,safety_v3:RESOLVED
S0104,ARM2,sleeplessness,N,safety_v3:RESOLVED
S0104,ARM2,thrombocytopenia,N,safety_v3:RESOLVED
S0104,ARM2,upper_respiratory_infections,N,safety_v3:RESOLVED
S0104,ARM2,spasm,N,safety_v3:RESOLVED
S0104,ARM2,vomiting,N,safety_v3:RESOLVED
S0104,ARM2,pain_in_limb,N,safety_v3:RESOLVED
S0104,ARM2,weight_loss,N,safety_v3:RESOLVED
S0104,ARM2,neuropathic_pain,N,safety_v3:RESOLVED
S0104,ARM2,decreased_platelet_count,N,safety_v3:RESOLVED
S0104,ARM2,hypocalcemia,N,safety_v3:RESOLVED
S0104,ARM2,blurred_vision,N,safety_v3:RESOLVED
S0104,ARM2,pneumonia,Y,safety_v3:RESOLVED
S0104,ARM2,hypertension adverse events,N,protocol:F096
S0104,ARM2,hypertension,N,protocol:F121
S0104,ARM2,acute renal failure adverse events,N,protocol:F144
S0106,ARM2,fatigue,N,safety_v3:RESOLVED
S0106,ARM2,diarrhea,N,safety_v3:RESOLVED
S0106,ARM2,nausea,N,safety_v3:RESOLVED
S0106,ARM2,neutropenia,N,safety_v3:RESOLVED
S0106,ARM2,sleeplessness,N,safety_v3:RESOLVED
S0106,ARM2,vomiting,N,safety_v3:RESOLVED
S0106,ARM2,dizziness,N,safety_v3:RESOLVED
S0106,ARM2,hyperglycemia,N,safety_v3:RESOLVED
S0106,ARM2,hypokalemia,N,safety_v3:RESOLVED
S0106,ARM2,weight_loss,N,safety_v3:RESOLVED
S0106,ARM2,influenza,N,safety_v3:RESOLVED
S0106,ARM2,neuropathic_pain,N,safety_v3:RESOLVED
S0106,ARM2,decreased_platelet_count,N,safety_v3:RESOLVED
S0106,ARM2,gastroenteritis,N,safety_v3:RESOLVED
S0106,ARM2,hypocalcemia,N,safety_v3:RESOLVED
S0106,ARM2,neuropathy-motor,N,safety_v3:RESOLVED
S0106,ARM2,hypoalbuminemia,N,safety_v3:RESOLVED
S0106,ARM2,thrombocytopenia,Y,safety_v3:RESOLVED
S0106,ARM2,hypertension,N,protocol:F119
S0107,ARM2,fatigue,N,safety_v3:RESOLVED
S0107,ARM2,diarrhea,N,safety_v3:RESOLVED
S0107,ARM2,spasm,N,safety_v3:RESOLVED
S0107,ARM2,pain_in_limb,N,safety_v3:RESOLVED
S0107,ARM2,peripheral_edema,N,safety_v3:RESOLVED
S0107,ARM2,neutrophil_count_decreased,N,safety_v3:RESOLVED
S0107,ARM2,influenza,N,safety_v3:RESOLVED
S0107,ARM2,abdominal_pain,N,safety_v3:RESOLVED
S0107,ARM2,neuropathy-motor,N,safety_v3:RESOLVED
S0107,ARM2,dehydration,N,safety_v3:RESOLVED
S0107,ARM2,hypertension adverse events,N,protocol:F100
S0107,ARM2,acute renal failure adverse events,N,protocol:F144
S0109,ARM2,anemia,N,safety_v3:RESOLVED
S0109,ARM2,neutropenia,N,safety_v3:RESOLVED
S0109,ARM2,sleeplessness,N,safety_v3:RESOLVED
S0109,ARM2,spasm,N,safety_v3:RESOLVED
S0109,ARM2,pain_in_limb,N,safety_v3:RESOLVED
S0109,ARM2,hypertension_variable,N,safety_v3:RESOLVED
S0109,ARM2,rash_erythematous_macules_or_papules,N,safety_v3:RESOLVED
S0109,ARM2,neutrophil_count_decreased,N,safety_v3:RESOLVED
S0109,ARM2,hypocalcemia,N,safety_v3:RESOLVED
S0109,ARM2,hypertension adverse events,N,protocol:F100
S0110,ARM2,fatigue,N,safety_v3:RESOLVED
S0110,ARM2,diarrhea,N,safety_v3:RESOLVED
S0110,ARM2,anemia,N,safety_v3:RESOLVED
S0110,ARM2,neutropenia,N,safety_v3:RESOLVED
S0110,ARM2,sleeplessness,N,safety_v3:RESOLVED
S0110,ARM2,peripheral_edema,N,safety_v3:RESOLVED
S0110,ARM2,neutrophil_count_decreased,N,safety_v3:RESOLVED
S0110,ARM2,neuropathy-sensory,N,safety_v3:RESOLVED
S0110,ARM2,weight_loss,N,safety_v3:RESOLVED
S0110,ARM2,decreased_platelet_count,N,safety_v3:RESOLVED
S0110,ARM2,hypocalcemia,N,safety_v3:RESOLVED
S0110,ARM2,non_cardiac_chest_pain,N,safety_v3:RESOLVED
S0110,ARM2,blurred_vision,N,safety_v3:RESOLVED
S0110,ARM2,hypoalbuminemia,N,safety_v3:RESOLVED
S0110,ARM2,acute renal failure,N,protocol:F128
S0110,ARM2,acute renal failure adverse events,N,protocol:F144
S0112,ARM2,anemia,N,safety_v3:RESOLVED
S0112,ARM2,nausea,N,safety_v3:RESOLVED
S0112,ARM2,back_pain,N,safety_v3:RESOLVED
S0112,ARM2,vomiting,N,safety_v3:RESOLVED
S0112,ARM2,pain_in_limb,N,safety_v3:RESOLVED
S0112,ARM2,hypertension_variable,N,safety_v3:RESOLVED
S0112,ARM2,cataract,N,safety_v3:RESOLVED
S0112,ARM2,neutrophil_count_decreased,N,safety_v3:RESOLVED
S0112,ARM2,fever,N,safety_v3:RESOLVED
S0112,ARM2,hypocalcemia,N,safety_v3:RESOLVED
S0112,ARM2,blurred_vision,N,safety_v3:RESOLVED
S0112,ARM2,hypertension adverse events,N,protocol:F098
S0112,ARM2,acute renal failure,N,protocol:F128
S0114,ARM2,anemia,N,safety_v3:RESOLVED
S0114,ARM2,nausea,N,safety_v3:RESOLVED
S0114,ARM2,sensory_neuropathy,N,safety_v3:RESOLVED
S0114,ARM2,sleeplessness,N,safety_v3:RESOLVED
S0114,ARM2,vomiting,N,safety_v3:RESOLVED
S0114,ARM2,pain_in_limb,N,safety_v3:RESOLVED
S0114,ARM2,hypertension_variable,N,safety_v3:RESOLVED
S0114,ARM2,dizziness,N,safety_v3:RESOLVED
S0114,ARM2,neutrophil_count_decreased,N,safety_v3:RESOLVED
S0114,ARM2,neuropathy-sensory,N,safety_v3:RESOLVED
S0114,ARM2,hypokalemia,N,safety_v3:RESOLVED
S0114,ARM2,weight_loss,N,safety_v3:RESOLVED
S0114,ARM2,non_cardiac_chest_pain,N,safety_v3:RESOLVED
S0114,ARM2,blurred_vision,N,safety_v3:RESOLVED
S0114,ARM2,hyponatremia,N,safety_v3:RESOLVED
S0114,ARM2,upper_respiratory_infections,Y,safety_v3:RESOLVED
S0114,ARM2,hypertension adverse events,N,protocol:F092
S0114,ARM2,hypertension adverse events,N,protocol:F098
S0118,ARM2,anemia,N,safety_v3:RESOLVED
S0118,ARM2,neutropenia,N,safety_v3:RESOLVED
S0118,ARM2,sleeplessness,N,safety_v3:RESOLVED
S0118,ARM2,upper_respiratory_infections,N,safety_v3:RESOLVED
S0118,ARM2,spasm,N,safety_v3:RESOLVED
S0118,ARM2,pain_in_limb,N,safety_v3:RESOLVED
S0118,ARM2,hypertension_variable,N,safety_v3:RESOLVED
S0118,ARM2,dizziness,N,safety_v3:RESOLVED
S0118,ARM2,hypokalemia,N,safety_v3:RESOLVED
S0118,ARM2,decreased_platelet_count,N,safety_v3:RESOLVED
S0118,ARM2,peripheral_nervous_system_diseases,N,safety_v3:RESOLVED
S0118,ARM2,gastroenteritis,N,safety_v3:RESOLVED
S0118,ARM2,hypocalcemia,N,safety_v3:RESOLVED
S0118,ARM2,rash/desquamation,N,safety_v3:RESOLVED
S0118,ARM2,hypoalbuminemia,N,safety_v3:RESOLVED
S0118,ARM2,pain,N,safety_v3:RESOLVED
S0118,ARM2,cardiac failure events,N,protocol:F062
S0118,ARM2,hypertension adverse events,N,protocol:F100
S0118,ARM2,hypertension,N,protocol:F119
S0118,ARM2,acute renal failure,N,protocol:F128
S0119,ARM2,fatigue,N,safety_v3:RESOLVED
S0119,ARM2,constipation,N,safety_v3:RESOLVED
S0119,ARM2,neutropenia,N,safety_v3:RESOLVED
S0119,ARM2,sleeplessness,N,safety_v3:RESOLVED
S0119,ARM2,upper_respiratory_infections,N,safety_v3:RESOLVED
S0119,ARM2,pain_in_limb,N,safety_v3:RESOLVED
S0119,ARM2,neutrophil_count_decreased,N,safety_v3:RESOLVED
S0119,ARM2,hyperglycemia,N,safety_v3:RESOLVED
S0119,ARM2,weight_loss,N,safety_v3:RESOLVED
S0119,ARM2,hypocalcemia,N,safety_v3:RESOLVED
S0119,ARM2,blurred_vision,N,safety_v3:RESOLVED
S0119,ARM2,hypoalbuminemia,N,safety_v3:RESOLVED
S0119,ARM2,hemoglobin_normal_12_16_gm,N,safety_v3:RESOLVED
S0119,ARM2,thrombocytopenia,Y,safety_v3:RESOLVED
S0119,ARM2,hypertension adverse events,N,protocol:F092
S0119,ARM2,acute renal failure,N,protocol:F130
S0122,ARM2,fatigue,N,safety_v3:RESOLVED
S0122,ARM2,nausea,N,safety_v3:RESOLVED
S0122,ARM2,vomiting,N,safety_v3:RESOLVED
S0122,ARM2,hypertension_variable,N,safety_v3:RESOLVED
S0122,ARM2,dizziness,N,safety_v3:RESOLVED
S0122,ARM2,neutrophil_count_decreased,N,safety_v3:RESOLVED
S0122,ARM2,weight_loss,N,safety_v3:RESOLVED
S0122,ARM2,influenza,N,safety_v3:RESOLVED
S0122,ARM2,hypocalcemia,N,safety_v3:RESOLVED
S0122,ARM2,neuropathy-motor,N,safety_v3:RESOLVED
S0122,ARM2,hypoalbuminemia,N,safety_v3:RESOLVED
S0122,ARM2,"potassium,_serum-low_(hypokalemia)",N,safety_v3:RESOLVED
S0122,ARM2,hemoglobin_normal_12_16_gm,N,safety_v3:RESOLVED
S0122,ARM2,acute renal failure,N,protocol:F128
S0122,ARM2,acute renal failure,N,protocol:F130
S0125,ARM2,fatigue,N,safety_v3:RESOLVED
S0125,ARM2,anemia,N,safety_v3:RESOLVED
S0125,ARM2,neutropenia,N,safety_v3:RESOLVED
S0125,ARM2,vomiting,N,safety_v3:RESOLVED
S0125,ARM2,pain_in_limb,N,safety_v3:RESOLVED
S0125,ARM2,dizziness,N,safety_v3:RESOLVED
S0125,ARM2,weight_loss,N,safety_v3:RESOLVED
S0125,ARM2,bone_pain,N,safety_v3:RESOLVED
S0125,ARM2,respiratory_tract_infections,N,safety_v3:RESOLVED
S0125,ARM2,pain,N,safety_v3:RESOLVED
S0125,ARM2,bronchitis,Y,safety_v3:RESOLVED
S0130,ARM2,diarrhea,N,safety_v3:RESOLVED
S0130,ARM2,anemia,N,safety_v3:RESOLVED
S0130,ARM2,nausea,N,safety_v3:RESOLVED
S0130,ARM2,leukopenia,N,safety_v3:RESOLVED
S0130,ARM2,spasm,N,safety_v3:RESOLVED
S0130,ARM2,pain_in_limb,N,safety_v3:RESOLVED
S0130,ARM2,neutrophil_count_decreased,N,safety_v3:RESOLVED
S0130,ARM2,hyperglycemia,N,safety_v3:RESOLVED
S0130,ARM2,asthenia,N,safety_v3:RESOLVED
S0130,ARM2,influenza,N,safety_v3:RESOLVED
S0130,ARM2,neuropathic_pain,N,safety_v3:RESOLVED
S0130,ARM2,decreased_platelet_count,N,safety_v3:RESOLVED
S0130,ARM2,respiratory_tract_infections,N,safety_v3:RESOLVED
S0130,ARM2,hypocalcemia,N,safety_v3:RESOLVED
S0130,ARM2,hypoalbuminemia,N,safety_v3:RESOLVED
S0130,ARM2,cardiac failure events,N,protocol:F064
S0130,ARM2,hypertension,N,protocol:F119
S0130,ARM2,acute renal failure,N,protocol:F128
S0132,ARM2,fatigue,N,safety_v3:RESOLVED
S0132,ARM2,diarrhea,N,safety_v3:RESOLVED
S0132,ARM2,anemia,N,safety_v3:RESOLVED
S0132,ARM2,nausea,N,safety_v3:RESOLVED
S0132,ARM2,neutropenia,N,safety_v3:RESOLVED
S0132,ARM2,sleeplessness,N,safety_v3:RESOLVED
S0132,ARM2,dizziness,N,safety_v3:RESOLVED
S0132,ARM2,neutrophil_count_decreased,N,safety_v3:RESOLVED
S0132,ARM2,neuropathy-sensory,N,safety_v3:RESOLVED
S0132,ARM2,decreased_platelet_count,N,safety_v3:RESOLVED
S0132,ARM2,respiratory_tract_infections,N,safety_v3:RESOLVED
S0132,ARM2,neuropathy-motor,N,safety_v3:RESOLVED
S0132,ARM2,non_cardiac_chest_pain,N,safety_v3:RESOLVED
S0132,ARM2,dry_skin,N,safety_v3:RESOLVED
S0132,ARM2,pain,N,safety_v3:RESOLVED
S0132,ARM2,hypertension adverse events,N,protocol:F098
S0132,ARM2,hypertension,N,protocol:F119
S0132,ARM2,hypertension,N,protocol:F121
S0132,ARM2,acute renal failure,N,protocol:F128
S0135,ARM2,constipation,N,safety_v3:RESOLVED
S0135,ARM2,neutropenia,N,safety_v3:RESOLVED
S0135,ARM2,spasm,N,safety_v3:RESOLVED
S0135,ARM2,pain_in_limb,N,safety_v3:RESOLVED
S0135,ARM2,hypertension_variable,N,safety_v3:RESOLVED
S0135,ARM2,dizziness,N,safety_v3:RESOLVED
S0135,ARM2,neuropathy-sensory,N,safety_v3:RESOLVED
S0135,ARM2,weight_loss,N,safety_v3:RESOLVED
S0135,ARM2,influenza,N,safety_v3:RESOLVED
S0135,ARM2,nasopharyngitis,N,safety_v3:RESOLVED
S0135,ARM2,respiratory_tract_infections,N,safety_v3:RESOLVED
S0135,ARM2,hypocalcemia,N,safety_v3:RESOLVED
S0135,ARM2,non_cardiac_chest_pain,N,safety_v3:RESOLVED
S0135,ARM2,blurred_vision,N,safety_v3:RESOLVED
S0135,ARM2,hypoalbuminemia,N,safety_v3:RESOLVED
S0135,ARM2,pain,N,safety_v3:RESOLVED
S0135,ARM2,hypertension,N,protocol:F119
S0135,ARM2,hypertension,N,protocol:F121
S0135,ARM2,acute renal failure adverse events,N,protocol:F148
S0139,ARM2,diarrhea,N,safety_v3:RESOLVED
S0139,ARM2,anemia,N,safety_v3:RESOLVED
S0139,ARM2,nausea,N,safety_v3:RESOLVED
S0139,ARM2,neutropenia,N,safety_v3:RESOLVED
S0139,ARM2,spasm,N,safety_v3:RESOLVED
S0139,ARM2,vomiting,N,safety_v3:RESOLVED
S0139,ARM2,hypertension_variable,N,safety_v3:RESOLVED
S0139,ARM2,dizziness,N,safety_v3:RESOLVED
S0139,ARM2,peripheral_edema,N,safety_v3:RESOLVED
S0139,ARM2,neutrophil_count_decreased,N,safety_v3:RESOLVED
S0139,ARM2,fever,N,safety_v3:RESOLVED
S0139,ARM2,hyperglycemia,N,safety_v3:RESOLVED
S0139,ARM2,weight_loss,N,safety_v3:RESOLVED
S0139,ARM2,hypocalcemia,N,safety_v3:RESOLVED
S0139,ARM2,pain,N,safety_v3:RESOLVED
S0139,ARM2,upper_respiratory_infections,Y,safety_v3:RESOLVED
S0139,ARM2,fatigue,Y,safety_v3:RESOLVED
S0139,ARM2,acute renal failure,N,protocol:F130
S0140,ARM2,diarrhea,N,safety_v3:RESOLVED
S0140,ARM2,constipation,N,safety_v3:RESOLVED
S0140,ARM2,nausea,N,safety_v3:RESOLVED
S0140,ARM2,sleeplessness,N,safety_v3:RESOLVED
S0140,ARM2,spasm,N,safety_v3:RESOLVED
S0140,ARM2,hypertension_variable,N,safety_v3:RESOLVED
S0140,ARM2,peripheral_edema,N,safety_v3:RESOLVED
S0140,ARM2,hypokalemia,N,safety_v3:RESOLVED
S0140,ARM2,neuropathic_pain,N,safety_v3:RESOLVED
S0140,ARM2,gastroenteritis,N,safety_v3:RESOLVED
S0140,ARM2,hypocalcemia,N,safety_v3:RESOLVED
S0140,ARM2,neuropathy-motor,N,safety_v3:RESOLVED
S0140,ARM2,blurred_vision,N,safety_v3:RESOLVED
S0142,ARM2,constipation,N,safety_v3:RESOLVED
S0142,ARM2,anemia,N,safety_v3:RESOLVED
S0142,ARM2,nausea,N,safety_v3:RESOLVED
S0142,ARM2,neutropenia,N,safety_v3:RESOLVED
S0142,ARM2,upper_respiratory_infections,N,safety_v3:RESOLVED
S0142,ARM2,leukopenia,N,safety_v3:RESOLVED
S0142,ARM2,vomiting,N,safety_v3:RESOLVED
S0142,ARM2,pain_in_limb,N,safety_v3:RESOLVED
S0142,ARM2,dizziness,N,safety_v3:RESOLVED
S0142,ARM2,peripheral_edema,N,safety_v3:RESOLVED
S0142,ARM2,rash_erythematous_macules_or_papules,N,safety_v3:RESOLVED
S0142,ARM2,neutrophil_count_decreased,N,safety_v3:RESOLVED
S0142,ARM2,fever,N,safety_v3:RESOLVED
S0142,ARM2,hyperglycemia,N,safety_v3:RESOLVED
S0142,ARM2,hypokalemia,N,safety_v3:RESOLVED
S0142,ARM2,hypocalcemia,N,safety_v3:RESOLVED
S0142,ARM2,blurred_vision,N,safety_v3:RESOLVED
S0142,ARM2,hypoalbuminemia,N,safety_v3:RESOLVED
S0142,ARM2,thrombocytopenia,Y,safety_v3:RESOLVED
S0142,ARM2,hypertension adverse events,N,protocol:F092
S0142,ARM2,hypertension adverse events,N,protocol:F100
S0142,ARM2,hypertension,N,protocol:F119
S0142,ARM2,hypertension,N,protocol:F121
S0145,ARM2,fatigue,N,safety_v3:RESOLVED
S0145,ARM2,anemia,N,safety_v3:RESOLVED
S0145,ARM2,spasm,N,safety_v3:RESOLVED
S0145,ARM2,neutrophil_count_decreased,N,safety_v3:RESOLVED
S0145,ARM2,hyperglycemia,N,safety_v3:RESOLVED
S0145,ARM2,hypokalemia,N,safety_v3:RESOLVED
S0145,ARM2,weight_loss,N,safety_v3:RESOLVED
S0145,ARM2,hypocalcemia,N,safety_v3:RESOLVED
S0145,ARM2,blurred_vision,N,safety_v3:RESOLVED
S0145,ARM2,hypoalbuminemia,N,safety_v3:RESOLVED
S0145,ARM2,pain,N,safety_v3:RESOLVED
S0145,ARM2,hypertension adverse events,N,protocol:F092
S0145,ARM2,hypertension adverse events,N,protocol:F100
S0146,ARM2,diarrhea,N,safety_v3:RESOLVED
S0146,ARM2,constipation,N,safety_v3:RESOLVED
S0146,ARM2,anemia,N,safety_v3:RESOLVED
S0146,ARM2,nausea,N,safety_v3:RESOLVED
S0146,ARM2,coughing,N,safety_v3:RESOLVED
S0146,ARM2,leukopenia,N,safety_v3:RESOLVED
S0146,ARM2,spasm,N,safety_v3:RESOLVED
S0146,ARM2,pain_in_limb,N,safety_v3:RESOLVED
S0146,ARM2,peripheral_edema,N,safety_v3:RESOLVED
S0146,ARM2,cataract,N,safety_v3:RESOLVED
S0146,ARM2,rash_erythematous_macules_or_papules,N,safety_v3:RESOLVED
S0146,ARM2,hyperglycemia,N,safety_v3:RESOLVED
S0146,ARM2,influenza,N,safety_v3:RESOLVED
S0146,ARM2,neuropathic_pain,N,safety_v3:RESOLVED
S0146,ARM2,gastroenteritis,N,safety_v3:RESOLVED
S0146,ARM2,hypocalcemia,N,safety_v3:RESOLVED
S0146,ARM2,neuropathy-motor,N,safety_v3:RESOLVED
S0146,ARM2,blurred_vision,N,safety_v3:RESOLVED
S0146,ARM2,hypertension adverse events,N,protocol:F098
S0146,ARM2,hypertension adverse events,N,protocol:F100
S0146,ARM2,hypertension adverse events,N,protocol:F117
S0146,ARM2,hypertension,N,protocol:F119
S0146,ARM2,acute renal failure,N,protocol:F128
S0146,ARM2,acute renal failure,N,protocol:F130
S0147,ARM2,diarrhea,N,safety_v3:RESOLVED
S0147,ARM2,anemia,N,safety_v3:RESOLVED
S0147,ARM2,nausea,N,safety_v3:RESOLVED
S0147,ARM2,pain_in_limb,N,safety_v3:RESOLVED
S0147,ARM2,peripheral_edema,N,safety_v3:RESOLVED
S0147,ARM2,neutrophil_count_decreased,N,safety_v3:RESOLVED
S0147,ARM2,hypocalcemia,N,safety_v3:RESOLVED
S0147,ARM2,blurred_vision,N,safety_v3:RESOLVED
S0147,ARM2,hypertension adverse events,N,protocol:F092
S0147,ARM2,hypertension adverse events,N,protocol:F098
S0147,ARM2,hypertension adverse events,N,protocol:F117
S0147,ARM2,acute renal failure,N,protocol:F128
S0148,ARM2,diarrhea,N,safety_v3:RESOLVED
S0148,ARM2,constipation,N,safety_v3:RESOLVED
S0148,ARM2,anemia,N,safety_v3:RESOLVED
S0148,ARM2,sleeplessness,N,safety_v3:RESOLVED
S0148,ARM2,spasm,N,safety_v3:RESOLVED
S0148,ARM2,pain_in_limb,N,safety_v3:RESOLVED
S0148,ARM2,dizziness,N,safety_v3:RESOLVED
S0148,ARM2,neutrophil_count_decreased,N,safety_v3:RESOLVED
S0148,ARM2,neuropathy-sensory,N,safety_v3:RESOLVED
S0148,ARM2,weight_loss,N,safety_v3:RESOLVED
S0148,ARM2,decreased_platelet_count,N,safety_v3:RESOLVED
S0148,ARM2,respiratory_tract_infections,N,safety_v3:RESOLVED
S0148,ARM2,hypocalcemia,N,safety_v3:RESOLVED
S0148,ARM2,neuropathy-motor,N,safety_v3:RESOLVED
S0148,ARM2,rash/desquamation,N,safety_v3:RESOLVED
S0148,ARM2,hypoalbuminemia,N,safety_v3:RESOLVED
S0148,ARM2,dry_skin,N,safety_v3:RESOLVED
S0148,ARM2,pain,N,safety_v3:RESOLVED
S0148,ARM2,thrombocytopenia,Y,safety_v3:RESOLVED
S0148,ARM2,cardiac failure events,N,protocol:F062
S0148,ARM2,hypertension adverse events,N,protocol:F096
S0150,ARM2,diarrhea,N,safety_v3:RESOLVED
S0150,ARM2,constipation,N,safety_v3:RESOLVED
S0150,ARM2,nausea,N,safety_v3:RESOLVED
S0150,ARM2,neutropenia,N,safety_v3:RESOLVED
S0150,ARM2,leukopenia,N,safety_v3:RESOLVED
S0150,ARM2,vomiting,N,safety_v3:RESOLVED
S0150,ARM2,pain_in_limb,N,safety_v3:RESOLVED
S0150,ARM2,dizziness,N,safety_v3:RESOLVED
S0150,ARM2,peripheral_edema,N,safety_v3:RESOLVED
S0150,ARM2,respiratory_tract_infections,N,safety_v3:RESOLVED
S0150,ARM2,hypocalcemia,N,safety_v3:RESOLVED
S0150,ARM2,blurred_vision,N,safety_v3:RESOLVED
S0150,ARM2,hypoalbuminemia,N,safety_v3:RESOLVED
S0150,ARM2,pain,N,safety_v3:RESOLVED
S0150,ARM2,thrombocytopenia,Y,safety_v3:RESOLVED
S0154,ARM2,fatigue,N,safety_v3:RESOLVED
S0154,ARM2,anemia,N,safety_v3:RESOLVED
S0154,ARM2,sleeplessness,N,safety_v3:RESOLVED
S0154,ARM2,upper_respiratory_infections,N,safety_v3:RESOLVED
S0154,ARM2,leukopenia,N,safety_v3:RESOLVED
S0154,ARM2,spasm,N,safety_v3:RESOLVED
S0154,ARM2,vomiting,N,safety_v3:RESOLVED
S0154,ARM2,pain_in_limb,N,safety_v3:RESOLVED
S0154,ARM2,dizziness,N,safety_v3:RESOLVED
S0154,ARM2,decrease_in_appetite,N,safety_v3:RESOLVED
S0154,ARM2,cataract,N,safety_v3:RESOLVED
S0154,ARM2,rash_erythematous_macules_or_papules,N,safety_v3:RESOLVED
S0154,ARM2,hyperglycemia,N,safety_v3:RESOLVED
S0154,ARM2,weight_loss,N,safety_v3:RESOLVED
S0154,ARM2,gastroenteritis,N,safety_v3:RESOLVED
S0154,ARM2,blurred_vision,N,safety_v3:RESOLVED
S0154,ARM2,dehydration,N,safety_v3:RESOLVED
S0154,ARM2,upper_respiratory_infections,Y,safety_v3:RESOLVED
S0154,ARM2,hypertension adverse events,N,protocol:F092
S0155,ARM2,fatigue,N,safety_v3:RESOLVED
S0155,ARM2,diarrhea,N,safety_v3:RESOLVED
S0155,ARM2,anemia,N,safety_v3:RESOLVED
S0155,ARM2,nausea,N,safety_v3:RESOLVED
S0155,ARM2,sleeplessness,N,safety_v3:RESOLVED
S0155,ARM2,spasm,N,safety_v3:RESOLVED
S0155,ARM2,pain_in_limb,N,safety_v3:RESOLVED
S0155,ARM2,peripheral_edema,N,safety_v3:RESOLVED
S0155,ARM2,neutrophil_count_decreased,N,safety_v3:RESOLVED
S0155,ARM2,hyperglycemia,N,safety_v3:RESOLVED
S0155,ARM2,respiratory_tract_infections,N,safety_v3:RESOLVED
S0155,ARM2,hypocalcemia,N,safety_v3:RESOLVED
S0155,ARM2,blurred_vision,N,safety_v3:RESOLVED
S0155,ARM2,dry_skin,N,safety_v3:RESOLVED
S0155,ARM2,upper_respiratory_infections,Y,safety_v3:RESOLVED
S0155,ARM2,hypertension adverse events,N,protocol:F092
S0155,ARM2,hypertension adverse events,N,protocol:F098
S0155,ARM2,acute renal failure,N,protocol:F128
S0160,ARM2,sleeplessness,N,safety_v3:RESOLVED
S0160,ARM2,leukopenia,N,safety_v3:RESOLVED
S0160,ARM2,hypertension_variable,N,safety_v3:RESOLVED
S0160,ARM2,dizziness,N,safety_v3:RESOLVED
S0160,ARM2,decrease_in_appetite,N,safety_v3:RESOLVED
S0160,ARM2,cataract,N,safety_v3:RESOLVED
S0160,ARM2,neutrophil_count_decreased,N,safety_v3:RESOLVED
S0160,ARM2,hyperglycemia,N,safety_v3:RESOLVED
S0160,ARM2,neuropathy-sensory,N,safety_v3:RESOLVED
S0160,ARM2,bone_pain,N,safety_v3:RESOLVED
S0160,ARM2,gastroenteritis,N,safety_v3:RESOLVED
S0160,ARM2,hypocalcemia,N,safety_v3:RESOLVED
S0160,ARM2,blurred_vision,N,safety_v3:RESOLVED
S0160,ARM2,hypoalbuminemia,N,safety_v3:RESOLVED
S0161,ARM2,diarrhea,N,safety_v3:RESOLVED
S0161,ARM2,sensory_neuropathy,N,safety_v3:RESOLVED
S0161,ARM2,sleeplessness,N,safety_v3:RESOLVED
S0161,ARM2,spasm,N,safety_v3:RESOLVED
S0161,ARM2,vomiting,N,safety_v3:RESOLVED
S0161,ARM2,pain_in_limb,N,safety_v3:RESOLVED
S0161,ARM2,decrease_in_appetite,N,safety_v3:RESOLVED
S0161,ARM2,peripheral_edema,N,safety_v3:RESOLVED
S0161,ARM2,neutrophil_count_decreased,N,safety_v3:RESOLVED
S0161,ARM2,hyperglycemia,N,safety_v3:RESOLVED
S0161,ARM2,peripheral_nervous_system_diseases,N,safety_v3:RESOLVED
S0161,ARM2,bone_pain,N,safety_v3:RESOLVED
S0161,ARM2,hypocalcemia,N,safety_v3:RESOLVED
S0161,ARM2,anorexia,N,safety_v3:RESOLVED
S0161,ARM2,pain,N,safety_v3:RESOLVED
S0161,ARM2,cardiac failure events,N,protocol:F060
S0164,ARM2,fatigue,N,safety_v3:RESOLVED
S0164,ARM2,diarrhea,N,safety_v3:RESOLVED
S0164,ARM2,constipation,N,safety_v3:RESOLVED
S0164,ARM2,anemia,N,safety_v3:RESOLVED
S0164,ARM2,nausea,N,safety_v3:RESOLVED
S0164,ARM2,sleeplessness,N,safety_v3:RESOLVED
S0164,ARM2,vomiting,N,safety_v3:RESOLVED
S0164,ARM2,pain_in_limb,N,safety_v3:RESOLVED
S0164,ARM2,peripheral_edema,N,safety_v3:RESOLVED
S0164,ARM2,cataract,N,safety_v3:RESOLVED
S0164,ARM2,neutrophil_count_decreased,N,safety_v3:RESOLVED
S0164,ARM2,hyperglycemia,N,safety_v3:RESOLVED
S0164,ARM2,asthenia,N,safety_v3:RESOLVED
S0164,ARM2,influenza,N,safety_v3:RESOLVED
S0164,ARM2,neuropathic_pain,N,safety_v3:RESOLVED
S0164,ARM2,hypocalcemia,N,safety_v3:RESOLVED
S0164,ARM2,dry_skin,N,safety_v3:RESOLVED
S0164,ARM2,pain,N,safety_v3:RESOLVED
S0164,ARM2,hemoglobin_normal_12_16_gm,N,safety_v3:RESOLVED
S0164,ARM2,pneumonia,Y,safety_v3:RESOLVED
S0165,ARM2,constipation,N,safety_v3:RESOLVED
S0165,ARM2,anemia,N,safety_v3:RESOLVED
S0165,ARM2,sleeplessness,N,safety_v3:RESOLVED
S0165,ARM2,vomiting,N,safety_v3:RESOLVED
S0165,ARM2,pain_in_limb,N,safety_v3:RESOLVED
S0165,ARM2,dizziness,N,safety_v3:RESOLVED
S0165,ARM2,neutrophil_count_decreased,N,safety_v3:RESOLVED
S0165,ARM2,hyperglycemia,N,safety_v3:RESOLVED
S0165,ARM2,neuropathy-sensory,N,safety_v3:RESOLVED
S0165,ARM2,hypokalemia,N,safety_v3:RESOLVED
S0165,ARM2,weight_loss,N,safety_v3:RESOLVED
S0165,ARM2,hypocalcemia,N,safety_v3:RESOLVED
S0165,ARM2,blurred_vision,N,safety_v3:RESOLVED
S0165,ARM2,hypoalbuminemia,N,safety_v3:RESOLVED
S0165,ARM2,dry_skin,N,safety_v3:RESOLVED
S0165,ARM2,pain,N,safety_v3:RESOLVED
S0165,ARM2,dehydration,N,safety_v3:RESOLVED
S0165,ARM2,pneumonia,Y,safety_v3:RESOLVED
S0167,ARM2,fatigue,N,safety_v3:RESOLVED
S0167,ARM2,diarrhea,N,safety_v3:RESOLVED
S0167,ARM2,constipation,N,safety_v3:RESOLVED
S0167,ARM2,nausea,N,safety_v3:RESOLVED
S0167,ARM2,neutropenia,N,safety_v3:RESOLVED
S0167,ARM2,sensory_neuropathy,N,safety_v3:RESOLVED
S0167,ARM2,sleeplessness,N,safety_v3:RESOLVED
S0167,ARM2,upper_respiratory_infections,N,safety_v3:RESOLVED
S0167,ARM2,vomiting,N,safety_v3:RESOLVED
S0167,ARM2,pain_in_limb,N,safety_v3:RESOLVED
S0167,ARM2,decrease_in_appetite,N,safety_v3:RESOLVED
S0167,ARM2,peripheral_edema,N,safety_v3:RESOLVED
S0167,ARM2,neutrophil_count_decreased,N,safety_v3:RESOLVED
S0167,ARM2,neuropathy-sensory,N,safety_v3:RESOLVED
S0167,ARM2,influenza,N,safety_v3:RESOLVED
S0167,ARM2,hypocalcemia,N,safety_v3:RESOLVED
S0167,ARM2,pneumonia,Y,safety_v3:RESOLVED
S0167,ARM2,infectious_lung_disorder,Y,safety_v3:RESOLVED
S0167,ARM2,thrombocytopenia,Y,safety_v3:RESOLVED
S0171,ARM2,fatigue,N,safety_v3:RESOLVED
S0171,ARM2,diarrhea,N,safety_v3:RESOLVED
S0171,ARM2,nausea,N,safety_v3:RESOLVED
S0171,ARM2,upper_respiratory_infections,N,safety_v3:RESOLVED
S0171,ARM2,vomiting,N,safety_v3:RESOLVED
S0171,ARM2,pain_in_limb,N,safety_v3:RESOLVED
S0171,ARM2,dizziness,N,safety_v3:RESOLVED
S0171,ARM2,neutrophil_count_decreased,N,safety_v3:RESOLVED
S0171,ARM2,hyperglycemia,N,safety_v3:RESOLVED
S0171,ARM2,nasopharyngitis,N,safety_v3:RESOLVED
S0171,ARM2,anorexia,N,safety_v3:RESOLVED
S0171,ARM2,blurred_vision,N,safety_v3:RESOLVED
S0171,ARM2,pain,N,safety_v3:RESOLVED
S0171,ARM2,pneumonia,Y,safety_v3:RESOLVED
S0171,ARM2,diarrhea,Y,safety_v3:RESOLVED
S0171,ARM2,thrombocytopenia,Y,safety_v3:RESOLVED
S0171,ARM2,hypertension adverse events,N,protocol:F092
S0176,ARM2,fatigue,N,safety_v3:RESOLVED
S0176,ARM2,diarrhea,N,safety_v3:RESOLVED
S0176,ARM2,constipation,N,safety_v3:RESOLVED
S0176,ARM2,anemia,N,safety_v3:RESOLVED
S0176,ARM2,nausea,N,safety_v3:RESOLVED
S0176,ARM2,neutropenia,N,safety_v3:RESOLVED
S0176,ARM2,sleeplessness,N,safety_v3:RESOLVED
S0176,ARM2,dizziness,N,safety_v3:RESOLVED
S0176,ARM2,hyperglycemia,N,safety_v3:RESOLVED
S0176,ARM2,neuropathic_pain,N,safety_v3:RESOLVED
S0176,ARM2,respiratory_tract_infections,N,safety_v3:RESOLVED
S0176,ARM2,hypocalcemia,N,safety_v3:RESOLVED
S0176,ARM2,blurred_vision,N,safety_v3:RESOLVED
S0176,ARM2,hypoalbuminemia,N,safety_v3:RESOLVED
S0176,ARM2,dysgeusia,N,safety_v3:RESOLVED
S0176,ARM2,thrombocytopenia,Y,safety_v3:RESOLVED
S0176,ARM2,hypertension adverse events,N,protocol:F092
S0177,ARM2,anemia,N,safety_v3:RESOLVED
S0177,ARM2,nausea,N,safety_v3:RESOLVED
S0177,ARM2,leukopenia,N,safety_v3:RESOLVED
S0177,ARM2,spasm,N,safety_v3:RESOLVED
S0177,ARM2,pain_in_limb,N,safety_v3:RESOLVED
S0177,ARM2,hyperglycemia,N,safety_v3:RESOLVED
S0177,ARM2,hypokalemia,N,safety_v3:RESOLVED
S0177,ARM2,hypocalcemia,N,safety_v3:RESOLVED
S0177,ARM2,hypoalbuminemia,N,safety_v3:RESOLVED
S0177,ARM2,musculoskeletal_chest_pain,N,safety_v3:RESOLVED
S0177,ARM2,pain,N,safety_v3:RESOLVED
S0177,ARM2,pneumonia,Y,safety_v3:RESOLVED
S0177,ARM2,hypertension adverse events,N,protocol:F096
S0177,ARM2,hypertension adverse events,N,protocol:F100
S0177,ARM2,hypertension,N,protocol:F121
S0178,ARM2,nausea,N,safety_v3:RESOLVED
S0178,ARM2,vomiting,N,safety_v3:RESOLVED
S0178,ARM2,pain_in_limb,N,safety_v3:RESOLVED
S0178,ARM2,decrease_in_appetite,N,safety_v3:RESOLVED
S0178,ARM2,neutrophil_count_decreased,N,safety_v3:RESOLVED
S0178,ARM2,hypokalemia,N,safety_v3:RESOLVED
S0178,ARM2,bone_pain,N,safety_v3:RESOLVED
S0178,ARM2,hypocalcemia,N,safety_v3:RESOLVED
S0178,ARM2,pain,N,safety_v3:RESOLVED
S0178,ARM2,upper_respiratory_infections,Y,safety_v3:RESOLVED
S0178,ARM2,acute renal failure adverse events,N,protocol:F146
S0182,ARM2,diarrhea,N,safety_v3:RESOLVED
S0182,ARM2,anemia,N,safety_v3:RESOLVED
S0182,ARM2,nausea,N,safety_v3:RESOLVED
S0182,ARM2,upper_respiratory_infections,N,safety_v3:RESOLVED
S0182,ARM2,spasm,N,safety_v3:RESOLVED
S0182,ARM2,dyspnea,N,safety_v3:RESOLVED
S0182,ARM2,vomiting,N,safety_v3:RESOLVED
S0182,ARM2,pain_in_limb,N,safety_v3:RESOLVED
S0182,ARM2,dizziness,N,safety_v3:RESOLVED
S0182,ARM2,neutrophil_count_decreased,N,safety_v3:RESOLVED
S0182,ARM2,fever,N,safety_v3:RESOLVED
S0182,ARM2,hyperglycemia,N,safety_v3:RESOLVED
S0182,ARM2,neuropathy-sensory,N,safety_v3:RESOLVED
S0182,ARM2,neuropathic_pain,N,safety_v3:RESOLVED
S0182,ARM2,decreased_platelet_count,N,safety_v3:RESOLVED
S0182,ARM2,non_cardiac_chest_pain,N,safety_v3:RESOLVED
S0182,ARM2,pneumonia,N,safety_v3:RESOLVED
S0182,ARM2,blurred_vision,N,safety_v3:RESOLVED
S0182,ARM2,diarrhea,Y,safety_v3:RESOLVED
S0182,ARM2,hypertension adverse events,N,protocol:F092
S0182,ARM2,hypertension adverse events,N,protocol:F100
S0182,ARM2,acute renal failure adverse events,N,protocol:F148
S0183,ARM2,diarrhea,N,safety_v3:RESOLVED
S0183,ARM2,anemia,N,safety_v3:RESOLVED
S0183,ARM2,neutropenia,N,safety_v3:RESOLVED
S0183,ARM2,sensory_neuropathy,N,safety_v3:RESOLVED
S0183,ARM2,sleeplessness,N,safety_v3:RESOLVED
S0183,ARM2,spasm,N,safety_v3:RESOLVED
S0183,ARM2,pain_in_limb,N,safety_v3:RESOLVED
S0183,ARM2,weight_loss,N,safety_v3:RESOLVED
S0183,ARM2,hypocalcemia,N,safety_v3:RESOLVED
S0183,ARM2,rash/desquamation,N,safety_v3:RESOLVED
S0183,ARM2,blurred_vision,N,safety_v3:RESOLVED
S0183,ARM2,hypertension adverse events,N,protocol:F092
S0184,ARM2,fatigue,N,safety_v3:RESOLVED
S0184,ARM2,anemia,N,safety_v3:RESOLVED
S0184,ARM2,neutropenia,N,safety_v3:RESOLVED
S0184,ARM2,sleeplessness,N,safety_v3:RESOLVED
S0184,ARM2,vomiting,N,safety_v3:RESOLVED
S0184,ARM2,pain_in_limb,N,safety_v3:RESOLVED
S0184,ARM2,hypertension_variable,N,safety_v3:RESOLVED
S0184,ARM2,weight_loss,N,safety_v3:RESOLVED
S0184,ARM2,respiratory_tract_infections,N,safety_v3:RESOLVED
S0184,ARM2,blurred_vision,N,safety_v3:RESOLVED
S0184,ARM2,thrombocytopenia,Y,safety_v3:RESOLVED
S0184,ARM2,fatigue,Y,safety_v3:RESOLVED
S0184,ARM2,hypertension adverse events,N,protocol:F092
S0184,ARM2,acute renal failure,N,protocol:F132
S0186,ARM2,fatigue,N,safety_v3:RESOLVED
S0186,ARM2,anemia,N,safety_v3:RESOLVED
S0186,ARM2,neutropenia,N,safety_v3:RESOLVED
S0186,ARM2,spasm,N,safety_v3:RESOLVED
S0186,ARM2,pain_in_limb,N,safety_v3:RESOLVED
S0186,ARM2,thrombosis/thrombus/embolism,N,safety_v3:RESOLVED
S0186,ARM2,neuropathy-sensory,N,safety_v3:RESOLVED
S0186,ARM2,hypokalemia,N,safety_v3:RESOLVED
S0186,ARM2,asthenia,N,safety_v3:RESOLVED
S0186,ARM2,neuropathic_pain,N,safety_v3:RESOLVED
S0186,ARM2,hypocalcemia,N,safety_v3:RESOLVED
S0186,ARM2,dry_skin,N,safety_v3:RESOLVED
S0186,ARM2,sepsis,Y,safety_v3:RESOLVED
S0186,ARM2,hypertension adverse events,N,protocol:F098
S0186,ARM2,acute renal failure adverse events,N,protocol:F148
S0187,ARM2,anemia,N,safety_v3:RESOLVED
S0187,ARM2,neutropenia,N,safety_v3:RESOLVED
S0187,ARM2,leukopenia,N,safety_v3:RESOLVED
S0187,ARM2,vomiting,N,safety_v3:RESOLVED
S0187,ARM2,pain_in_limb,N,safety_v3:RESOLVED
S0187,ARM2,peripheral_edema,N,safety_v3:RESOLVED
S0187,ARM2,neutrophil_count_decreased,N,safety_v3:RESOLVED
S0187,ARM2,hyperglycemia,N,safety_v3:RESOLVED
S0187,ARM2,hypokalemia,N,safety_v3:RESOLVED
S0187,ARM2,respiratory_tract_infections,N,safety_v3:RESOLVED
S0187,ARM2,hypocalcemia,N,safety_v3:RESOLVED
S0187,ARM2,dry_skin,N,safety_v3:RESOLVED
S0187,ARM2,hemoglobin_normal_12_16_gm,N,safety_v3:RESOLVED
S0187,ARM2,acute renal failure adverse events,N,protocol:F148
S0188,ARM2,diarrhea,N,safety_v3:RESOLVED
S0188,ARM2,anemia,N,safety_v3:RESOLVED
S0188,ARM2,nausea,N,safety_v3:RESOLVED
S0188,ARM2,neutropenia,N,safety_v3:RESOLVED
S0188,ARM2,leukopenia,N,safety_v3:RESOLVED
S0188,ARM2,spasm,N,safety_v3:RESOLVED
S0188,ARM2,vomiting,N,safety_v3:RESOLVED
S0188,ARM2,pain_in_limb,N,safety_v3:RESOLVED
S0188,ARM2,dizziness,N,safety_v3:RESOLVED
S0188,ARM2,neuropathy-sensory,N,safety_v3:RESOLVED
S0188,ARM2,weight_loss,N,safety_v3:RESOLVED
S0188,ARM2,asthenia,N,safety_v3:RESOLVED
S0188,ARM2,neuropathic_pain,N,safety_v3:RESOLVED
S0188,ARM2,hypocalcemia,N,safety_v3:RESOLVED
S0188,ARM2,blurred_vision,N,safety_v3:RESOLVED
S0188,ARM2,hypoalbuminemia,N,safety_v3:RESOLVED
S0188,ARM2,upper_respiratory_infections,Y,safety_v3:RESOLVED
S0188,ARM2,thrombocytopenia,Y,safety_v3:RESOLVED
S0188,ARM2,fatigue,Y,safety_v3:RESOLVED
S0188,ARM2,hypertension,N,protocol:F121
S0188,ARM2,acute renal failure,N,protocol:F128
S0189,ARM2,fatigue,N,safety_v3:RESOLVED
S0189,ARM2,constipation,N,safety_v3:RESOLVED
S0189,ARM2,neutropenia,N,safety_v3:RESOLVED
S0189,ARM2,coughing,N,safety_v3:RESOLVED
S0189,ARM2,vomiting,N,safety_v3:RESOLVED
S0189,ARM2,pain_in_limb,N,safety_v3:RESOLVED
S0189,ARM2,neutrophil_count_decreased,N,safety_v3:RESOLVED
S0189,ARM2,hyperglycemia,N,safety_v3:RESOLVED
S0189,ARM2,respiratory_tract_infections,N,safety_v3:RESOLVED
S0189,ARM2,hypocalcemia,N,safety_v3:RESOLVED
S0189,ARM2,pain,N,safety_v3:RESOLVED
S0189,ARM2,hypertension,N,protocol:F121
S0190,ARM2,diarrhea,N,safety_v3:RESOLVED
S0190,ARM2,neutropenia,N,safety_v3:RESOLVED
S0190,ARM2,sleeplessness,N,safety_v3:RESOLVED
S0190,ARM2,thrombocytopenia,N,safety_v3:RESOLVED
S0190,ARM2,hypertension_variable,N,safety_v3:RESOLVED
S0190,ARM2,dizziness,N,safety_v3:RESOLVED
S0190,ARM2,peripheral_edema,N,safety_v3:RESOLVED
S0190,ARM2,cataract,N,safety_v3:RESOLVED
S0190,ARM2,fever,N,safety_v3:RESOLVED
S0190,ARM2,hyperglycemia,N,safety_v3:RESOLVED
S0190,ARM2,neuropathy-sensory,N,safety_v3:RESOLVED
S0190,ARM2,hypokalemia,N,safety_v3:RESOLVED
S0190,ARM2,neuropathic_pain,N,safety_v3:RESOLVED
S0190,ARM2,blurred_vision,N,safety_v3:RESOLVED
S0190,ARM2,hypoalbuminemia,N,safety_v3:RESOLVED
S0190,ARM2,pulmonary_embolism,Y,safety_v3:RESOLVED
S0190,ARM2,hypertension adverse events,N,protocol:F098
S0190,ARM2,hypertension,N,protocol:F119
S0191,ARM2,diarrhea,N,safety_v3:RESOLVED
S0191,ARM2,constipation,N,safety_v3:RESOLVED
S0191,ARM2,anemia,N,safety_v3:RESOLVED
S0191,ARM2,nausea,N,safety_v3:RESOLVED
S0191,ARM2,sleeplessness,N,safety_v3:RESOLVED
S0191,ARM2,vomiting,N,safety_v3:RESOLVED
S0191,ARM2,pain_in_limb,N,safety_v3:RESOLVED
S0191,ARM2,dizziness,N,safety_v3:RESOLVED
S0191,ARM2,peripheral_edema,N,safety_v3:RESOLVED
S0191,ARM2,neutrophil_count_decreased,N,safety_v3:RESOLVED
S0191,ARM2,hyperglycemia,N,safety_v3:RESOLVED
S0191,ARM2,neuropathy-sensory,N,safety_v3:RESOLVED
S0191,ARM2,hypokalemia,N,safety_v3:RESOLVED
S0191,ARM2,headache,N,safety_v3:RESOLVED
S0191,ARM2,hypocalcemia,N,safety_v3:RESOLVED
S0191,ARM2,hypertension adverse events,N,protocol:F098
S0191,ARM2,hypertension,N,protocol:F121
S0192,ARM2,fatigue,N,safety_v3:RESOLVED
S0192,ARM2,diarrhea,N,safety_v3:RESOLVED
S0192,ARM2,anemia,N,safety_v3:RESOLVED
S0192,ARM2,neutropenia,N,safety_v3:RESOLVED
S0192,ARM2,sensory_neuropathy,N,safety_v3:RESOLVED
S0192,ARM2,sleeplessness,N,safety_v3:RESOLVED
S0192,ARM2,upper_respiratory_infections,N,safety_v3:RESOLVED
S0192,ARM2,dizziness,N,safety_v3:RESOLVED
S0192,ARM2,cataract,N,safety_v3:RESOLVED
S0192,ARM2,neutrophil_count_decreased,N,safety_v3:RESOLVED
S0192,ARM2,hyperglycemia,N,safety_v3:RESOLVED
S0192,ARM2,hypocalcemia,N,safety_v3:RESOLVED
S0192,ARM2,blurred_vision,N,safety_v3:RESOLVED
S0192,ARM2,hypertension adverse events,N,protocol:F092
S0195,ARM2,fatigue,N,safety_v3:RESOLVED
S0195,ARM2,diarrhea,N,safety_v3:RESOLVED
S0195,ARM2,anemia,N,safety_v3:RESOLVED
S0195,ARM2,nausea,N,safety_v3:RESOLVED
S0195,ARM2,neutropenia,N,safety_v3:RESOLVED
S0195,ARM2,sensory_neuropathy,N,safety_v3:RESOLVED
S0195,ARM2,upper_respiratory_infections,N,safety_v3:RESOLVED
S0195,ARM2,pain_in_limb,N,safety_v3:RESOLVED
S0195,ARM2,hyperglycemia,N,safety_v3:RESOLVED
S0195,ARM2,hypokalemia,N,safety_v3:RESOLVED
S0195,ARM2,weight_loss,N,safety_v3:RESOLVED
S0195,ARM2,influenza,N,safety_v3:RESOLVED
S0195,ARM2,gastroenteritis,N,safety_v3:RESOLVED
S0195,ARM2,respiratory_tract_infections,N,safety_v3:RESOLVED
S0195,ARM2,hypocalcemia,N,safety_v3:RESOLVED
S0195,ARM2,blurred_vision,N,safety_v3:RESOLVED
S0195,ARM2,hypertension adverse events,N,protocol:F098
S0195,ARM2,hypertension,N,protocol:F121
S0196,ARM2,constipation,N,safety_v3:RESOLVED
S0196,ARM2,anemia,N,safety_v3:RESOLVED
S0196,ARM2,sleeplessness,N,safety_v3:RESOLVED
S0196,ARM2,upper_respiratory_infections,N,safety_v3:RESOLVED
S0196,ARM2,pain_in_limb,N,safety_v3:RESOLVED
S0196,ARM2,dizziness,N,safety_v3:RESOLVED
S0196,ARM2,peripheral_edema,N,safety_v3:RESOLVED
S0196,ARM2,hyperglycemia,N,safety_v3:RESOLVED
S0196,ARM2,neuropathic_pain,N,safety_v3:RESOLVED
S0196,ARM2,decreased_platelet_count,N,safety_v3:RESOLVED
S0196,ARM2,hypocalcemia,N,safety_v3:RESOLVED
S0196,ARM2,neuropathy-motor,N,safety_v3:RESOLVED
S0196,ARM2,hypoalbuminemia,N,safety_v3:RESOLVED
S0196,ARM2,upper_respiratory_infections,Y,safety_v3:RESOLVED
S0196,ARM2,hypertension,N,protocol:F121
S0197,ARM2,fatigue,N,safety_v3:RESOLVED
S0197,ARM2,diarrhea,N,safety_v3:RESOLVED
S0197,ARM2,anemia,N,safety_v3:RESOLVED
S0197,ARM2,vomiting,N,safety_v3:RESOLVED
S0197,ARM2,hypertension_variable,N,safety_v3:RESOLVED
S0197,ARM2,dizziness,N,safety_v3:RESOLVED
S0197,ARM2,peripheral_edema,N,safety_v3:RESOLVED
S0197,ARM2,fever,N,safety_v3:RESOLVED
S0197,ARM2,hypocalcemia,N,safety_v3:RESOLVED
S0197,ARM2,hypoalbuminemia,N,safety_v3:RESOLVED
S0197,ARM2,fatigue,Y,safety_v3:RESOLVED
S0198,ARM2,fatigue,N,safety_v3:RESOLVED
S0198,ARM2,neutropenia,N,safety_v3:RESOLVED
S0198,ARM2,upper_respiratory_infections,N,safety_v3:RESOLVED
S0198,ARM2,hypertension_variable,N,safety_v3:RESOLVED
S0198,ARM2,cataract,N,safety_v3:RESOLVED
S0198,ARM2,fever,N,safety_v3:RESOLVED
S0198,ARM2,neuropathy-sensory,N,safety_v3:RESOLVED
S0198,ARM2,hypokalemia,N,safety_v3:RESOLVED
S0198,ARM2,weight_loss,N,safety_v3:RESOLVED
S0198,ARM2,bone_pain,N,safety_v3:RESOLVED
S0198,ARM2,hypocalcemia,N,safety_v3:RESOLVED
S0198,ARM2,blurred_vision,N,safety_v3:RESOLVED
S0198,ARM2,hypoalbuminemia,N,safety_v3:RESOLVED
S0198,ARM2,deep_vein_thrombosis,N,safety_v3:RESOLVED
S0200,ARM2,diarrhea,N,safety_v3:RESOLVED
S0200,ARM2,neutropenia,N,safety_v3:RESOLVED
S0200,ARM2,peripheral_edema,N,safety_v3:RESOLVED
S0200,ARM2,hyperglycemia,N,safety_v3:RESOLVED
S0200,ARM2,hypocalcemia,N,safety_v3:RESOLVED
S0200,ARM2,neuropathy-motor,N,safety_v3:RESOLVED
S0200,ARM2,blurred_vision,N,safety_v3:RESOLVED
S0200,ARM2,hypoalbuminemia,N,safety_v3:RESOLVED
S0200,ARM2,acute renal failure,N,protocol:F128
S0203,ARM2,fatigue,N,safety_v3:RESOLVED
S0203,ARM2,constipation,N,safety_v3:RESOLVED
S0203,ARM2,anemia,N,safety_v3:RESOLVED
S0203,ARM2,sleeplessness,N,safety_v3:RESOLVED
S0203,ARM2,spasm,N,safety_v3:RESOLVED
S0203,ARM2,vomiting,N,safety_v3:RESOLVED
S0203,ARM2,pain_in_limb,N,safety_v3:RESOLVED
S0203,ARM2,fever,N,safety_v3:RESOLVED
S0203,ARM2,hyperglycemia,N,safety_v3:RESOLVED
S0203,ARM2,neuropathy-sensory,N,safety_v3:RESOLVED
S0203,ARM2,weight_loss,N,safety_v3:RESOLVED
S0203,ARM2,hypocalcemia,N,safety_v3:RESOLVED
S0203,ARM2,blurred_vision,N,safety_v3:RESOLVED
S0203,ARM2,hypoalbuminemia,N,safety_v3:RESOLVED
S0203,ARM2,dry_skin,N,safety_v3:RESOLVED
S0203,ARM2,thrombocytopenia,Y,safety_v3:RESOLVED
S0203,ARM2,hypertension adverse events,N,protocol:F092
S0203,ARM2,hypertension adverse events,N,protocol:F100
S0203,ARM2,hypertension,N,protocol:F119
S0204,ARM2,fatigue,N,safety_v3:RESOLVED
S0204,ARM2,neutropenia,N,safety_v3:RESOLVED
S0204,ARM2,sensory_neuropathy,N,safety_v3:RESOLVED
S0204,ARM2,upper_respiratory_infections,N,safety_v3:RESOLVED
S0204,ARM2,spasm,N,safety_v3:RESOLVED
S0204,ARM2,vomiting,N,safety_v3:RESOLVED
S0204,ARM2,hypertension_variable,N,safety_v3:RESOLVED
S0204,ARM2,rash_erythematous_macules_or_papules,N,safety_v3:RESOLVED
S0204,ARM2,neutrophil_count_decreased,N,safety_v3:RESOLVED
S0204,ARM2,neuropathy-sensory,N,safety_v3:RESOLVED
S0204,ARM2,hypokalemia,N,safety_v3:RESOLVED
S0204,ARM2,asthenia,N,safety_v3:RESOLVED
S0204,ARM2,neuropathic_pain,N,safety_v3:RESOLVED
S0204,ARM2,hypocalcemia,N,safety_v3:RESOLVED
S0204,ARM2,hypoalbuminemia,N,safety_v3:RESOLVED
S0204,ARM2,cardiac_failure_secondary_to_chest_deformity,Y,safety_v3:RESOLVED
S0204,ARM2,cardiac failure events,N,protocol:F064
S0204,ARM2,hypertension adverse events,N,protocol:F098
S0205,ARM2,fatigue,N,safety_v3:RESOLVED
S0205,ARM2,diarrhea,N,safety_v3:RESOLVED
S0205,ARM2,anemia,N,safety_v3:RESOLVED
S0205,ARM2,neutropenia,N,safety_v3:RESOLVED
S0205,ARM2,sleeplessness,N,safety_v3:RESOLVED
S0205,ARM2,spasm,N,safety_v3:RESOLVED
S0205,ARM2,vomiting,N,safety_v3:RESOLVED
S0205,ARM2,neuropathy-sensory,N,safety_v3:RESOLVED
S0205,ARM2,hypokalemia,N,safety_v3:RESOLVED
S0205,ARM2,weight_loss,N,safety_v3:RESOLVED
S0205,ARM2,neuropathic_pain,N,safety_v3:RESOLVED
S0205,ARM2,hypocalcemia,N,safety_v3:RESOLVED
S0205,ARM2,blurred_vision,N,safety_v3:RESOLVED
S0205,ARM2,hypoalbuminemia,N,safety_v3:RESOLVED
S0205,ARM2,cardiac failure events,N,protocol:F060
S0205,ARM2,hypertension adverse events,N,protocol:F092
S0205,ARM2,hypertension adverse events,N,protocol:F100
S0205,ARM2,hypertension,N,protocol:F121
S0206,ARM2,fatigue,N,safety_v3:RESOLVED
S0206,ARM2,constipation,N,safety_v3:RESOLVED
S0206,ARM2,neutropenia,N,safety_v3:RESOLVED
S0206,ARM2,sleeplessness,N,safety_v3:RESOLVED
S0206,ARM2,back_pain,N,safety_v3:RESOLVED
S0206,ARM2,spasm,N,safety_v3:RESOLVED
S0206,ARM2,vomiting,N,safety_v3:RESOLVED
S0206,ARM2,pain_in_limb,N,safety_v3:RESOLVED
S0206,ARM2,peripheral_edema,N,safety_v3:RESOLVED
S0206,ARM2,hyperglycemia,N,safety_v3:RESOLVED
S0206,ARM2,neuropathy-sensory,N,safety_v3:RESOLVED
S0206,ARM2,weight_loss,N,safety_v3:RESOLVED
S0206,ARM2,influenza,N,safety_v3:RESOLVED
S0206,ARM2,peripheral_nervous_system_diseases,N,safety_v3:RESOLVED
S0206,ARM2,respiratory_tract_infections,N,safety_v3:RESOLVED
S0206,ARM2,hypocalcemia,N,safety_v3:RESOLVED
S0206,ARM2,hypoalbuminemia,N,safety_v3:RESOLVED
S0206,ARM2,dry_skin,N,safety_v3:RESOLVED
S0206,ARM2,pneumonia,Y,safety_v3:RESOLVED
S0206,ARM2,cardiac failure events,N,protocol:F060
S0206,ARM2,hypertension adverse events,N,protocol:F092
S0206,ARM2,hypertension adverse events,N,protocol:F100
S0206,ARM2,acute renal failure adverse events,N,protocol:F146
S0207,ARM2,fatigue,N,safety_v3:RESOLVED
S0207,ARM2,anemia,N,safety_v3:RESOLVED
S0207,ARM2,neutropenia,N,safety_v3:RESOLVED
S0207,ARM2,vomiting,N,safety_v3:RESOLVED
S0207,ARM2,hypertension_variable,N,safety_v3:RESOLVED
S0207,ARM2,peripheral_edema,N,safety_v3:RESOLVED
S0207,ARM2,neutrophil_count_decreased,N,safety_v3:RESOLVED
S0207,ARM2,hyperglycemia,N,safety_v3:RESOLVED
S0207,ARM2,neuropathy-sensory,N,safety_v3:RESOLVED
S0207,ARM2,influenza,N,safety_v3:RESOLVED
S0207,ARM2,hypocalcemia,N,safety_v3:RESOLVED
S0207,ARM2,hypoalbuminemia,N,safety_v3:RESOLVED
S0207,ARM2,accidental_overdose,Y,safety_v3:RESOLVED
S0207,ARM2,hypertension adverse events,N,protocol:F100
S0207,ARM2,hypertension adverse events,N,protocol:F117
S0207,ARM2,acute renal failure,N,protocol:F128
S0213,ARM2,fatigue,N,safety_v3:RESOLVED
S0213,ARM2,diarrhea,N,safety_v3:RESOLVED
S0213,ARM2,anemia,N,safety_v3:RESOLVED
S0213,ARM2,nausea,N,safety_v3:RESOLVED
S0213,ARM2,upper_respiratory_infections,N,safety_v3:RESOLVED
S0213,ARM2,dizziness,N,safety_v3:RESOLVED
S0213,ARM2,neutrophil_count_decreased,N,safety_v3:RESOLVED
S0213,ARM2,neuropathy-sensory,N,safety_v3:RESOLVED
S0213,ARM2,hypokalemia,N,safety_v3:RESOLVED
S0213,ARM2,asthenia,N,safety_v3:RESOLVED
S0213,ARM2,decreased_platelet_count,N,safety_v3:RESOLVED
S0213,ARM2,hypocalcemia,N,safety_v3:RESOLVED
S0213,ARM2,hemoglobin_normal_12_16_gm,N,safety_v3:RESOLVED
S0214,ARM2,anemia,N,safety_v3:RESOLVED
S0214,ARM2,neutropenia,N,safety_v3:RESOLVED
S0214,ARM2,coughing,N,safety_v3:RESOLVED
S0214,ARM2,leukopenia,N,safety_v3:RESOLVED
S0214,ARM2,hypertension_variable,N,safety_v3:RESOLVED
S0214,ARM2,cataract,N,safety_v3:RESOLVED
S0214,ARM2,neutrophil_count_decreased,N,safety_v3:RESOLVED
S0214,ARM2,neuropathy-sensory,N,safety_v3:RESOLVED
S0214,ARM2,bone_pain,N,safety_v3:RESOLVED
S0214,ARM2,respiratory_tract_infections,N,safety_v3:RESOLVED
S0214,ARM2,hypocalcemia,N,safety_v3:RESOLVED
S0214,ARM2,blurred_vision,N,safety_v3:RESOLVED
S0214,ARM2,cardiac failure events,N,protocol:F062
S0214,ARM2,hypertension adverse events,N,protocol:F100
S0215,ARM2,fatigue,N,safety_v3:RESOLVED
S0215,ARM2,anemia,N,safety_v3:RESOLVED
S0215,ARM2,neutropenia,N,safety_v3:RESOLVED
S0215,ARM2,sleeplessness,N,safety_v3:RESOLVED
S0215,ARM2,vomiting,N,safety_v3:RESOLVED
S0215,ARM2,pain_in_limb,N,safety_v3:RESOLVED
S0215,ARM2,peripheral_edema,N,safety_v3:RESOLVED
S0215,ARM2,rash_erythematous_macules_or_papules,N,safety_v3:RESOLVED
S0215,ARM2,hyperglycemia,N,safety_v3:RESOLVED
S0215,ARM2,respiratory_tract_infections,N,safety_v3:RESOLVED
S0215,ARM2,hypocalcemia,N,safety_v3:RESOLVED
S0215,ARM2,rash/desquamation,N,safety_v3:RESOLVED
S0215,ARM2,blurred_vision,N,safety_v3:RESOLVED
S0215,ARM2,pneumonia,Y,safety_v3:RESOLVED
S0215,ARM2,diarrhea,Y,safety_v3:RESOLVED
S0218,ARM2,diarrhea,N,safety_v3:RESOLVED
S0218,ARM2,nausea,N,safety_v3:RESOLVED
S0218,ARM2,sensory_neuropathy,N,safety_v3:RESOLVED
S0218,ARM2,sleeplessness,N,safety_v3:RESOLVED
S0218,ARM2,upper_respiratory_infections,N,safety_v3:RESOLVED
S0218,ARM2,leukopenia,N,safety_v3:RESOLVED
S0218,ARM2,vomiting,N,safety_v3:RESOLVED
S0218,ARM2,pain_in_limb,N,safety_v3:RESOLVED
S0218,ARM2,dizziness,N,safety_v3:RESOLVED
S0218,ARM2,neutrophil_count_decreased,N,safety_v3:RESOLVED
S0218,ARM2,fever,N,safety_v3:RESOLVED
S0218,ARM2,hypokalemia,N,safety_v3:RESOLVED
S0218,ARM2,weight_loss,N,safety_v3:RESOLVED
S0218,ARM2,hypocalcemia,N,safety_v3:RESOLVED
S0218,ARM2,non_cardiac_chest_pain,N,safety_v3:RESOLVED
S0218,ARM2,blurred_vision,N,safety_v3:RESOLVED
S0218,ARM2,deep_vein_thrombosis,N,safety_v3:RESOLVED
S0218,ARM2,pain,N,safety_v3:RESOLVED
S0218,ARM2,urinary_tract_infection,Y,safety_v3:RESOLVED
S0218,ARM2,hypertension adverse events,N,protocol:F098
S0222,ARM2,diarrhea,N,safety_v3:RESOLVED
S0222,ARM2,coughing,N,safety_v3:RESOLVED
S0222,ARM2,spasm,N,safety_v3:RESOLVED
S0222,ARM2,vomiting,N,safety_v3:RESOLVED
S0222,ARM2,pain_in_limb,N,safety_v3:RESOLVED
S0222,ARM2,hyperglycemia,N,safety_v3:RESOLVED
S0222,ARM2,neuropathy-sensory,N,safety_v3:RESOLVED
S0222,ARM2,hypokalemia,N,safety_v3:RESOLVED
S0222,ARM2,hypocalcemia,N,safety_v3:RESOLVED
S0222,ARM2,blurred_vision,N,safety_v3:RESOLVED
S0222,ARM2,cardiac failure events,N,protocol:F060
S0222,ARM2,cardiac failure events,N,protocol:F062
S0222,ARM2,cardiac failure events,N,protocol:F064
S0223,ARM2,fatigue,N,safety_v3:RESOLVED
S0223,ARM2,diarrhea,N,safety_v3:RESOLVED
S0223,ARM2,anemia,N,safety_v3:RESOLVED
S0223,ARM2,pain_in_limb,N,safety_v3:RESOLVED
S0223,ARM2,hypertension_variable,N,safety_v3:RESOLVED
S0223,ARM2,dizziness,N,safety_v3:RESOLVED
S0223,ARM2,peripheral_edema,N,safety_v3:RESOLVED
S0223,ARM2,neutrophil_count_decreased,N,safety_v3:RESOLVED
S0223,ARM2,fever,N,safety_v3:RESOLVED
S0223,ARM2,weight_loss,N,safety_v3:RESOLVED
S0223,ARM2,bone_pain,N,safety_v3:RESOLVED
S0223,ARM2,hypocalcemia,N,safety_v3:RESOLVED
S0223,ARM2,blurred_vision,N,safety_v3:RESOLVED
S0223,ARM2,hypoalbuminemia,N,safety_v3:RESOLVED
S0223,ARM2,hypertension adverse events,N,protocol:F100
S0223,ARM2,acute renal failure adverse events,N,protocol:F144
S0224,ARM2,fatigue,N,safety_v3:RESOLVED
S0224,ARM2,diarrhea,N,safety_v3:RESOLVED
S0224,ARM2,constipation,N,safety_v3:RESOLVED
S0224,ARM2,anemia,N,safety_v3:RESOLVED
S0224,ARM2,neutropenia,N,safety_v3:RESOLVED
S0224,ARM2,sleeplessness,N,safety_v3:RESOLVED
S0224,ARM2,upper_respiratory_infections,N,safety_v3:RESOLVED
S0224,ARM2,dizziness,N,safety_v3:RESOLVED
S0224,ARM2,peripheral_edema,N,safety_v3:RESOLVED
S0224,ARM2,hypokalemia,N,safety_v3:RESOLVED
S0224,ARM2,weight_loss,N,safety_v3:RESOLVED
S0224,ARM2,hypocalcemia,N,safety_v3:RESOLVED
S0224,ARM2,neuropathy-motor,N,safety_v3:RESOLVED
S0224,ARM2,hypertension,N,protocol:F121
S0226,ARM2,fatigue,N,safety_v3:RESOLVED
S0226,ARM2,anemia,N,safety_v3:RESOLVED
S0226,ARM2,upper_respiratory_infections,N,safety_v3:RESOLVED
S0226,ARM2,dizziness,N,safety_v3:RESOLVED
S0226,ARM2,peripheral_edema,N,safety_v3:RESOLVED
S0226,ARM2,neutrophil_count_decreased,N,safety_v3:RESOLVED
S0226,ARM2,hyperglycemia,N,safety_v3:RESOLVED
S0226,ARM2,weight_loss,N,safety_v3:RESOLVED
S0226,ARM2,asthenia,N,safety_v3:RESOLVED
S0226,ARM2,hypocalcemia,N,safety_v3:RESOLVED
S0226,ARM2,blurred_vision,N,safety_v3:RESOLVED
S0226,ARM2,hypoalbuminemia,N,safety_v3:RESOLVED
S0226,ARM2,cardiac_failure_secondary_to_chest_deformity,Y,safety_v3:RESOLVED
S0230,ARM2,fatigue,N,safety_v3:RESOLVED
S0230,ARM2,diarrhea,N,safety_v3:RESOLVED
S0230,ARM2,nausea,N,safety_v3:RESOLVED
S0230,ARM2,leukopenia,N,safety_v3:RESOLVED
S0230,ARM2,vomiting,N,safety_v3:RESOLVED
S0230,ARM2,pain_in_limb,N,safety_v3:RESOLVED
S0230,ARM2,dizziness,N,safety_v3:RESOLVED
S0230,ARM2,hypokalemia,N,safety_v3:RESOLVED
S0230,ARM2,weight_loss,N,safety_v3:RESOLVED
S0230,ARM2,hypocalcemia,N,safety_v3:RESOLVED
S0230,ARM2,blurred_vision,N,safety_v3:RESOLVED
S0230,ARM2,hypertension adverse events,N,protocol:F096
S0230,ARM2,hypertension adverse events,N,protocol:F098
S0231,ARM2,anemia,N,safety_v3:RESOLVED
S0231,ARM2,neutropenia,N,safety_v3:RESOLVED
S0231,ARM2,sleeplessness,N,safety_v3:RESOLVED
S0231,ARM2,back_pain,N,safety_v3:RESOLVED
S0231,ARM2,spasm,N,safety_v3:RESOLVED
S0231,ARM2,rash_erythematous_macules_or_papules,N,safety_v3:RESOLVED
S0231,ARM2,hyperglycemia,N,safety_v3:RESOLVED
S0231,ARM2,hypokalemia,N,safety_v3:RESOLVED
S0231,ARM2,peripheral_nervous_system_diseases,N,safety_v3:RESOLVED
S0231,ARM2,hypocalcemia,N,safety_v3:RESOLVED
S0231,ARM2,neuropathy-motor,N,safety_v3:RESOLVED
S0231,ARM2,blurred_vision,N,safety_v3:RESOLVED
S0231,ARM2,pneumonia,Y,safety_v3:RESOLVED
S0231,ARM2,hypertension adverse events,N,protocol:F092
S0231,ARM2,acute renal failure adverse events,N,protocol:F144
S0231,ARM2,acute renal failure adverse events,N,protocol:F148
S0232,ARM2,fatigue,N,safety_v3:RESOLVED
S0232,ARM2,diarrhea,N,safety_v3:RESOLVED
S0232,ARM2,anemia,N,safety_v3:RESOLVED
S0232,ARM2,nausea,N,safety_v3:RESOLVED
S0232,ARM2,sleeplessness,N,safety_v3:RESOLVED
S0232,ARM2,leukopenia,N,safety_v3:RESOLVED
S0232,ARM2,spasm,N,safety_v3:RESOLVED
S0232,ARM2,vomiting,N,safety_v3:RESOLVED
S0232,ARM2,pain_in_limb,N,safety_v3:RESOLVED
S0232,ARM2,hyperglycemia,N,safety_v3:RESOLVED
S0232,ARM2,weight_loss,N,safety_v3:RESOLVED
S0232,ARM2,neuropathic_pain,N,safety_v3:RESOLVED
S0232,ARM2,hypocalcemia,N,safety_v3:RESOLVED
S0232,ARM2,non_cardiac_chest_pain,N,safety_v3:RESOLVED
S0232,ARM2,thrombocytopenia,Y,safety_v3:RESOLVED
S0232,ARM2,hypertension adverse events,N,protocol:F092
S0232,ARM2,hypertension adverse events,N,protocol:F096
S0232,ARM2,hypertension adverse events,N,protocol:F117
S0232,ARM2,hypertension,N,protocol:F121
S0233,ARM2,diarrhea,N,safety_v3:RESOLVED
S0233,ARM2,anemia,N,safety_v3:RESOLVED
S0233,ARM2,nausea,N,safety_v3:RESOLVED
S0233,ARM2,pain_in_limb,N,safety_v3:RESOLVED
S0233,ARM2,hypertension_variable,N,safety_v3:RESOLVED
S0233,ARM2,peripheral_edema,N,safety_v3:RESOLVED
S0233,ARM2,influenza,N,safety_v3:RESOLVED
S0233,ARM2,neuropathic_pain,N,safety_v3:RESOLVED
S0233,ARM2,hypocalcemia,N,safety_v3:RESOLVED
S0233,ARM2,blurred_vision,N,safety_v3:RESOLVED
S0233,ARM2,musculoskeletal_chest_pain,N,safety_v3:RESOLVED
S0233,ARM2,urinary_tract_infection,Y,safety_v3:RESOLVED
S0233,ARM2,hypertension,N,protocol:F121
S0234,ARM2,diarrhea,N,safety_v3:RESOLVED
S0234,ARM2,constipation,N,safety_v3:RESOLVED
S0234,ARM2,anemia,N,safety_v3:RESOLVED
S0234,ARM2,nausea,N,safety_v3:RESOLVED
S0234,ARM2,sleeplessness,N,safety_v3:RESOLVED
S0234,ARM2,leukopenia,N,safety_v3:RESOLVED
S0234,ARM2,vomiting,N,safety_v3:RESOLVED
S0234,ARM2,hypertension_variable,N,safety_v3:RESOLVED
S0234,ARM2,cataract,N,safety_v3:RESOLVED
S0234,ARM2,hyperglycemia,N,safety_v3:RESOLVED
S0234,ARM2,neuropathic_pain,N,safety_v3:RESOLVED
S0234,ARM2,decreased_platelet_count,N,safety_v3:RESOLVED
S0234,ARM2,gastroenteritis,N,safety_v3:RESOLVED
S0234,ARM2,hypocalcemia,N,safety_v3:RESOLVED
S0234,ARM2,rash/desquamation,N,safety_v3:RESOLVED
S0234,ARM2,hypertension adverse events,N,protocol:F098
S0235,ARM2,diarrhea,N,safety_v3:RESOLVED
S0235,ARM2,anemia,N,safety_v3:RESOLVED
S0235,ARM2,nausea,N,safety_v3:RESOLVED
S0235,ARM2,hypertension_variable,N,safety_v3:RESOLVED
S0235,ARM2,dizziness,N,safety_v3:RESOLVED
S0235,ARM2,peripheral_edema,N,safety_v3:RESOLVED
S0235,ARM2,cataract,N,safety_v3:RESOLVED
S0235,ARM2,hyperglycemia,N,safety_v3:RESOLVED
S0235,ARM2,hypokalemia,N,safety_v3:RESOLVED
S0235,ARM2,decreased_platelet_count,N,safety_v3:RESOLVED
S0235,ARM2,hypocalcemia,N,safety_v3:RESOLVED
S0235,ARM2,hyponatremia,N,safety_v3:RESOLVED
S0236,ARM2,fatigue,N,safety_v3:RESOLVED
S0236,ARM2,diarrhea,N,safety_v3:RESOLVED
S0236,ARM2,anemia,N,safety_v3:RESOLVED
S0236,ARM2,sleeplessness,N,safety_v3:RESOLVED
S0236,ARM2,vomiting,N,safety_v3:RESOLVED
S0236,ARM2,pain_in_limb,N,safety_v3:RESOLVED
S0236,ARM2,dizziness,N,safety_v3:RESOLVED
S0236,ARM2,peripheral_edema,N,safety_v3:RESOLVED
S0236,ARM2,weight_loss,N,safety_v3:RESOLVED
S0236,ARM2,neuropathic_pain,N,safety_v3:RESOLVED
S0236,ARM2,respiratory_tract_infections,N,safety_v3:RESOLVED
S0236,ARM2,hypocalcemia,N,safety_v3:RESOLVED
S0236,ARM2,musculoskeletal_chest_pain,N,safety_v3:RESOLVED
S0236,ARM2,hypertension adverse events,N,protocol:F092
S0236,ARM2,acute renal failure adverse events,N,protocol:F144
S0237,ARM2,neutropenia,N,safety_v3:RESOLVED
S0237,ARM2,upper_respiratory_infections,N,safety_v3:RESOLVED
S0237,ARM2,leukopenia,N,safety_v3:RESOLVED
S0237,ARM2,dizziness,N,safety_v3:RESOLVED
S0237,ARM2,rash_erythematous_macules_or_papules,N,safety_v3:RESOLVED
S0237,ARM2,fever,N,safety_v3:RESOLVED
S0237,ARM2,neuropathy-sensory,N,safety_v3:RESOLVED
S0237,ARM2,hypokalemia,N,safety_v3:RESOLVED
S0237,ARM2,myalgia,N,safety_v3:RESOLVED
S0237,ARM2,non_cardiac_chest_pain,N,safety_v3:RESOLVED
S0237,ARM2,hypoalbuminemia,N,safety_v3:RESOLVED
S0237,ARM2,hypertension,N,protocol:F119
S0237,ARM2,acute renal failure adverse events,N,protocol:F148
S0238,ARM2,fatigue,N,safety_v3:RESOLVED
S0238,ARM2,diarrhea,N,safety_v3:RESOLVED
S0238,ARM2,anemia,N,safety_v3:RESOLVED
S0238,ARM2,upper_respiratory_infections,N,safety_v3:RESOLVED
S0238,ARM2,hypertension_variable,N,safety_v3:RESOLVED
S0238,ARM2,neutrophil_count_decreased,N,safety_v3:RESOLVED
S0238,ARM2,hyperglycemia,N,safety_v3:RESOLVED
S0238,ARM2,neuropathy-sensory,N,safety_v3:RESOLVED
S0238,ARM2,hypocalcemia,N,safety_v3:RESOLVED
S0238,ARM2,cardiac failure events,N,protocol:F060
S0243,ARM2,fatigue,N,safety_v3:RESOLVED
S0243,ARM2,diarrhea,N,safety_v3:RESOLVED
S0243,ARM2,anemia,N,safety_v3:RESOLVED
S0243,ARM2,neutropenia,N,safety_v3:RESOLVED
S0243,ARM2,upper_respiratory_infections,N,safety_v3:RESOLVED
S0243,ARM2,vomiting,N,safety_v3:RESOLVED
S0243,ARM2,dizziness,N,safety_v3:RESOLVED
S0243,ARM2,neutrophil_count_decreased,N,safety_v3:RESOLVED
S0243,ARM2,hypoalbuminemia,N,safety_v3:RESOLVED
S0243,ARM2,pain,N,safety_v3:RESOLVED
S0243,ARM2,thrombocytopenia,Y,safety_v3:RESOLVED
S0243,ARM2,hypertension,N,protocol:F121
S0243,ARM2,acute renal failure,N,protocol:F128
S0243,ARM2,acute renal failure adverse events,N,protocol:F144
S0244,ARM2,anemia,N,safety_v3:RESOLVED
S0244,ARM2,nausea,N,safety_v3:RESOLVED
S0244,ARM2,neutropenia,N,safety_v3:RESOLVED
S0244,ARM2,vomiting,N,safety_v3:RESOLVED
S0244,ARM2,pain_in_limb,N,safety_v3:RESOLVED
S0244,ARM2,hypertension_variable,N,safety_v3:RESOLVED
S0244,ARM2,neutrophil_count_decreased,N,safety_v3:RESOLVED
S0244,ARM2,hyperglycemia,N,safety_v3:RESOLVED
S0244,ARM2,weight_loss,N,safety_v3:RESOLVED
S0244,ARM2,bone_pain,N,safety_v3:RESOLVED
S0244,ARM2,hypocalcemia,N,safety_v3:RESOLVED
S0244,ARM2,hypoalbuminemia,N,safety_v3:RESOLVED
S0244,ARM2,pain,N,safety_v3:RESOLVED
S0244,ARM2,pneumonia,Y,safety_v3:RESOLVED
S0244,ARM2,thrombocytopenia,Y,safety_v3:RESOLVED
S0244,ARM2,hypertension adverse events,N,protocol:F098
S0245,ARM2,sleeplessness,N,safety_v3:RESOLVED
S0245,ARM2,upper_respiratory_infections,N,safety_v3:RESOLVED
S0245,ARM2,pain_in_limb,N,safety_v3:RESOLVED
S0245,ARM2,peripheral_edema,N,safety_v3:RESOLVED
S0245,ARM2,neutrophil_count_decreased,N,safety_v3:RESOLVED
S0245,ARM2,neuropathic_pain,N,safety_v3:RESOLVED
S0245,ARM2,gastroenteritis,N,safety_v3:RESOLVED
S0245,ARM2,hypocalcemia,N,safety_v3:RESOLVED
S0245,ARM2,rash/desquamation,N,safety_v3:RESOLVED
S0245,ARM2,pneumonia,N,safety_v3:RESOLVED
S0245,ARM2,blurred_vision,N,safety_v3:RESOLVED
S0245,ARM2,hyponatremia,N,safety_v3:RESOLVED
S0245,ARM2,pain,N,safety_v3:RESOLVED
S0245,ARM2,dehydration,N,safety_v3:RESOLVED
S0245,ARM2,pneumonia,Y,safety_v3:RESOLVED
S0245,ARM2,hypertension adverse events,N,protocol:F092
S0245,ARM2,hypertension,N,protocol:F121
S0245,ARM2,acute renal failure,N,protocol:F128
S0245,ARM2,acute renal failure,N,protocol:F130
S0246,ARM2,diarrhea,N,safety_v3:RESOLVED
S0246,ARM2,neutropenia,N,safety_v3:RESOLVED
S0246,ARM2,sleeplessness,N,safety_v3:RESOLVED
S0246,ARM2,leukopenia,N,safety_v3:RESOLVED
S0246,ARM2,spasm,N,safety_v3:RESOLVED
S0246,ARM2,vomiting,N,safety_v3:RESOLVED
S0246,ARM2,peripheral_edema,N,safety_v3:RESOLVED
S0246,ARM2,neutrophil_count_decreased,N,safety_v3:RESOLVED
S0246,ARM2,hypokalemia,N,safety_v3:RESOLVED
S0246,ARM2,respiratory_tract_infections,N,safety_v3:RESOLVED
S0246,ARM2,hypocalcemia,N,safety_v3:RESOLVED
S0246,ARM2,hypoalbuminemia,N,safety_v3:RESOLVED
S0246,ARM2,pain,N,safety_v3:RESOLVED
S0246,ARM2,thrombocytopenia,Y,safety_v3:RESOLVED
S0246,ARM2,thrombosis/thrombus/embolism,Y,safety_v3:RESOLVED
S0246,ARM2,hypertension adverse events,N,protocol:F092
S0246,ARM2,hypertension adverse events,N,protocol:F098
S0248,ARM2,fatigue,N,safety_v3:RESOLVED
S0248,ARM2,diarrhea,N,safety_v3:RESOLVED
S0248,ARM2,anemia,N,safety_v3:RESOLVED
S0248,ARM2,neutropenia,N,safety_v3:RESOLVED
S0248,ARM2,spasm,N,safety_v3:RESOLVED
S0248,ARM2,vomiting,N,safety_v3:RESOLVED
S0248,ARM2,dizziness,N,safety_v3:RESOLVED
S0248,ARM2,neutrophil_count_decreased,N,safety_v3:RESOLVED
S0248,ARM2,hyperglycemia,N,safety_v3:RESOLVED
S0248,ARM2,bone_pain,N,safety_v3:RESOLVED
S0248,ARM2,dry_skin,N,safety_v3:RESOLVED
S0248,ARM2,hemoglobin_normal_12_16_gm,N,safety_v3:RESOLVED
S0248,ARM2,thrombocytopenia,Y,safety_v3:RESOLVED
S0248,ARM2,hypertension adverse events,N,protocol:F098
S0248,ARM2,hypertension,N,protocol:F121
S0248,ARM2,acute renal failure adverse events,N,protocol:F146
S0249,ARM2,diarrhea,N,safety_v3:RESOLVED
S0249,ARM2,anemia,N,safety_v3:RESOLVED
S0249,ARM2,nausea,N,safety_v3:RESOLVED
S0249,ARM2,neutropenia,N,safety_v3:RESOLVED
S0249,ARM2,sleeplessness,N,safety_v3:RESOLVED
S0249,ARM2,pain_in_limb,N,safety_v3:RESOLVED
S0249,ARM2,hypertension_variable,N,safety_v3:RESOLVED
S0249,ARM2,dizziness,N,safety_v3:RESOLVED
S0249,ARM2,decrease_in_appetite,N,safety_v3:RESOLVED
S0249,ARM2,neutrophil_count_decreased,N,safety_v3:RESOLVED
S0249,ARM2,weight_loss,N,safety_v3:RESOLVED
S0249,ARM2,asthenia,N,safety_v3:RESOLVED
S0249,ARM2,abdominal_pain,N,safety_v3:RESOLVED
S0249,ARM2,hypocalcemia,N,safety_v3:RESOLVED
S0249,ARM2,blurred_vision,N,safety_v3:RESOLVED
S0249,ARM2,pain,N,safety_v3:RESOLVED
S0249,ARM2,dehydration,N,safety_v3:RESOLVED
S0249,ARM2,pneumonia,Y,safety_v3:RESOLVED
S0249,ARM2,fatigue,Y,safety_v3:RESOLVED
S0249,ARM2,thrombosis/thrombus/embolism,Y,safety_v3:RESOLVED
S0249,ARM2,hypertension,N,protocol:F119
S0250,ARM2,diarrhea,N,safety_v3:RESOLVED
S0250,ARM2,nausea,N,safety_v3:RESOLVED
S0250,ARM2,neutropenia,N,safety_v3:RESOLVED
S0250,ARM2,vomiting,N,safety_v3:RESOLVED
S0250,ARM2,dizziness,N,safety_v3:RESOLVED
S0250,ARM2,peripheral_edema,N,safety_v3:RESOLVED
S0250,ARM2,neutrophil_count_decreased,N,safety_v3:RESOLVED
S0250,ARM2,hypokalemia,N,safety_v3:RESOLVED
S0250,ARM2,weight_loss,N,safety_v3:RESOLVED
S0250,ARM2,respiratory_tract_infections,N,safety_v3:RESOLVED
S0250,ARM2,pain,N,safety_v3:RESOLVED
S0250,ARM2,hypertension adverse events,N,protocol:F092
S0250,ARM2,acute renal failure,N,protocol:F128
S0253,ARM2,fatigue,N,safety_v3:RESOLVED
S0253,ARM2,diarrhea,N,safety_v3:RESOLVED
S0253,ARM2,nausea,N,safety_v3:RESOLVED
S0253,ARM2,neutropenia,N,safety_v3:RESOLVED
S0253,ARM2,sleeplessness,N,safety_v3:RESOLVED
S0253,ARM2,upper_respiratory_infections,N,safety_v3:RESOLVED
S0253,ARM2,leukopenia,N,safety_v3:RESOLVED
S0253,ARM2,vomiting,N,safety_v3:RESOLVED
S0253,ARM2,pain_in_limb,N,safety_v3:RESOLVED
S0253,ARM2,neuropathy-sensory,N,safety_v3:RESOLVED
S0253,ARM2,neuropathic_pain,N,safety_v3:RESOLVED
S0253,ARM2,bone_pain,N,safety_v3:RESOLVED
S0253,ARM2,hypocalcemia,N,safety_v3:RESOLVED
S0253,ARM2,blurred_vision,N,safety_v3:RESOLVED
S0253,ARM2,hypoalbuminemia,N,safety_v3:RESOLVED
S0253,ARM2,"potassium,_serum-low_(hypokalemia)",N,safety_v3:RESOLVED
S0253,ARM2,thrombocytopenia,Y,safety_v3:RESOLVED
S0253,ARM2,cardiac failure events,N,protocol:F062
S0253,ARM2,hypertension adverse events,N,protocol:F098
S0255,ARM2,fatigue,N,safety_v3:RESOLVED
S0255,ARM2,diarrhea,N,safety_v3:RESOLVED
S0255,ARM2,anemia,N,safety_v3:RESOLVED
S0255,ARM2,neutropenia,N,safety_v3:RESOLVED
S0255,ARM2,neutrophil_count_decreased,N,safety_v3:RESOLVED
S0255,ARM2,hyperglycemia,N,safety_v3:RESOLVED
S0255,ARM2,hypokalemia,N,safety_v3:RESOLVED
S0255,ARM2,weight_loss,N,safety_v3:RESOLVED
S0255,ARM2,asthenia,N,safety_v3:RESOLVED
S0255,ARM2,influenza,N,safety_v3:RESOLVED
S0255,ARM2,respiratory_tract_infections,N,safety_v3:RESOLVED
S0255,ARM2,hypocalcemia,N,safety_v3:RESOLVED
S0255,ARM2,rash/desquamation,N,safety_v3:RESOLVED
S0255,ARM2,pain,N,safety_v3:RESOLVED
S0255,ARM2,hypertension adverse events,N,protocol:F098
S0256,ARM2,diarrhea,N,safety_v3:RESOLVED
S0256,ARM2,anemia,N,safety_v3:RESOLVED
S0256,ARM2,nausea,N,safety_v3:RESOLVED
S0256,ARM2,upper_respiratory_infections,N,safety_v3:RESOLVED
S0256,ARM2,pain_in_limb,N,safety_v3:RESOLVED
S0256,ARM2,dizziness,N,safety_v3:RESOLVED
S0256,ARM2,neutrophil_count_decreased,N,safety_v3:RESOLVED
S0256,ARM2,fever,N,safety_v3:RESOLVED
S0256,ARM2,hypokalemia,N,safety_v3:RESOLVED
S0256,ARM2,hypocalcemia,N,safety_v3:RESOLVED
S0256,ARM2,blurred_vision,N,safety_v3:RESOLVED
S0256,ARM2,dry_skin,N,safety_v3:RESOLVED
S0256,ARM2,pneumonia,Y,safety_v3:RESOLVED
S0256,ARM2,cardiac failure events,N,protocol:F062
S0256,ARM2,hypertension,N,protocol:F121
S0257,ARM2,fatigue,N,safety_v3:RESOLVED
S0257,ARM2,anemia,N,safety_v3:RESOLVED
S0257,ARM2,sleeplessness,N,safety_v3:RESOLVED
S0257,ARM2,upper_respiratory_infections,N,safety_v3:RESOLVED
S0257,ARM2,pain_in_limb,N,safety_v3:RESOLVED
S0257,ARM2,hypertension_variable,N,safety_v3:RESOLVED
S0257,ARM2,arthralgia,N,safety_v3:RESOLVED
S0257,ARM2,neutrophil_count_decreased,N,safety_v3:RESOLVED
S0257,ARM2,influenza,N,safety_v3:RESOLVED
S0257,ARM2,gastroenteritis,N,safety_v3:RESOLVED
S0257,ARM2,hypocalcemia,N,safety_v3:RESOLVED
S0257,ARM2,blurred_vision,N,safety_v3:RESOLVED
S0257,ARM2,lower_respiratory_tract_infection,Y,safety_v3:RESOLVED
S0257,ARM2,hypertension adverse events,N,protocol:F098
S0257,ARM2,acute renal failure adverse events,N,protocol:F146
S0258,ARM2,fatigue,N,safety_v3:RESOLVED
S0258,ARM2,diarrhea,N,safety_v3:RESOLVED
S0258,ARM2,nausea,N,safety_v3:RESOLVED
S0258,ARM2,neutropenia,N,safety_v3:RESOLVED
S0258,ARM2,upper_respiratory_infections,N,safety_v3:RESOLVED
S0258,ARM2,spasm,N,safety_v3:RESOLVED
S0258,ARM2,dizziness,N,safety_v3:RESOLVED
S0258,ARM2,peripheral_edema,N,safety_v3:RESOLVED
S0258,ARM2,hyperglycemia,N,safety_v3:RESOLVED
S0258,ARM2,neuropathy-sensory,N,safety_v3:RESOLVED
S0258,ARM2,hypokalemia,N,safety_v3:RESOLVED
S0258,ARM2,decreased_platelet_count,N,safety_v3:RESOLVED
S0258,ARM2,bone_pain,N,safety_v3:RESOLVED
S0258,ARM2,respiratory_tract_infections,N,safety_v3:RESOLVED
S0258,ARM2,rash/desquamation,N,safety_v3:RESOLVED
S0258,ARM2,blurred_vision,N,safety_v3:RESOLVED
S0258,ARM2,hypertension,N,protocol:F121
S0258,ARM2,acute renal failure adverse events,N,protocol:F144
S0259,ARM2,fatigue,N,safety_v3:RESOLVED
S0259,ARM2,anemia,N,safety_v3:RESOLVED
S0259,ARM2,sleeplessness,N,safety_v3:RESOLVED
S0259,ARM2,spasm,N,safety_v3:RESOLVED
S0259,ARM2,pain_in_limb,N,safety_v3:RESOLVED
S0259,ARM2,dizziness,N,safety_v3:RESOLVED
S0259,ARM2,peripheral_edema,N,safety_v3:RESOLVED
S0259,ARM2,neutrophil_count_decreased,N,safety_v3:RESOLVED
S0259,ARM2,fever,N,safety_v3:RESOLVED
S0259,ARM2,weight_loss,N,safety_v3:RESOLVED
S0259,ARM2,neuropathic_pain,N,safety_v3:RESOLVED
S0259,ARM2,respiratory_tract_infections,N,safety_v3:RESOLVED
S0259,ARM2,neuropathy-motor,N,safety_v3:RESOLVED
S0259,ARM2,hemoglobin_normal_12_16_gm,N,safety_v3:RESOLVED
S0259,ARM2,thrombosis/thrombus/embolism,Y,safety_v3:RESOLVED
S0259,ARM2,hypertension adverse events,N,protocol:F092
S0259,ARM2,hypertension adverse events,N,protocol:F098
S0261,ARM2,constipation,N,safety_v3:RESOLVED
S0261,ARM2,anemia,N,safety_v3:RESOLVED
S0261,ARM2,neutropenia,N,safety_v3:RESOLVED
S0261,ARM2,pain_in_limb,N,safety_v3:RESOLVED
S0261,ARM2,dizziness,N,safety_v3:RESOLVED
S0261,ARM2,peripheral_edema,N,safety_v3:RESOLVED
S0261,ARM2,rash_erythematous_macules_or_papules,N,safety_v3:RESOLVED
S0261,ARM2,hypokalemia,N,safety_v3:RESOLVED
S0261,ARM2,asthenia,N,safety_v3:RESOLVED
S0261,ARM2,dyspepsia,N,safety_v3:RESOLVED
S0261,ARM2,respiratory_tract_infections,N,safety_v3:RESOLVED
S0261,ARM2,hypocalcemia,N,safety_v3:RESOLVED
S0261,ARM2,rash/desquamation,N,safety_v3:RESOLVED
S0261,ARM2,pneumonia,Y,safety_v3:RESOLVED
S0261,ARM2,thrombocytopenia,Y,safety_v3:RESOLVED
S0261,ARM2,hypertension,N,protocol:F119
S0267,ARM2,fatigue,N,safety_v3:RESOLVED
S0267,ARM2,anemia,N,safety_v3:RESOLVED
S0267,ARM2,nausea,N,safety_v3:RESOLVED
S0267,ARM2,neutropenia,N,safety_v3:RESOLVED
S0267,ARM2,spasm,N,safety_v3:RESOLVED
S0267,ARM2,vomiting,N,safety_v3:RESOLVED
S0267,ARM2,dizziness,N,safety_v3:RESOLVED
S0267,ARM2,decrease_in_appetite,N,safety_v3:RESOLVED
S0267,ARM2,peripheral_edema,N,safety_v3:RESOLVED
S0267,ARM2,weight_loss,N,safety_v3:RESOLVED
S0267,ARM2,hypocalcemia,N,safety_v3:RESOLVED
S0267,ARM2,rash/desquamation,N,safety_v3:RESOLVED
S0267,ARM2,blurred_vision,N,safety_v3:RESOLVED
S0267,ARM2,hemoglobin_normal_12_16_gm,N,safety_v3:RESOLVED
S0267,ARM2,pneumonia,Y,safety_v3:RESOLVED
S0267,ARM2,thrombocytopenia,Y,safety_v3:RESOLVED
S0267,ARM2,hypertension,N,protocol:F121
S0269,ARM2,neutropenia,N,safety_v3:RESOLVED
S0269,ARM2,vomiting,N,safety_v3:RESOLVED
S0269,ARM2,dizziness,N,safety_v3:RESOLVED
S0269,ARM2,neutrophil_count_decreased,N,safety_v3:RESOLVED
S0269,ARM2,fever,N,safety_v3:RESOLVED
S0269,ARM2,hyperglycemia,N,safety_v3:RESOLVED
S0269,ARM2,bone_pain,N,safety_v3:RESOLVED
S0269,ARM2,respiratory_tract_infections,N,safety_v3:RESOLVED
S0269,ARM2,hypocalcemia,N,safety_v3:RESOLVED
S0269,ARM2,blurred_vision,N,safety_v3:RESOLVED
S0269,ARM2,pain,N,safety_v3:RESOLVED
S0269,ARM2,acute renal failure adverse events,N,protocol:F148
S0270,ARM2,neutropenia,N,safety_v3:RESOLVED
S0270,ARM2,pain_in_limb,N,safety_v3:RESOLVED
S0270,ARM2,hypertension_variable,N,safety_v3:RESOLVED
S0270,ARM2,peripheral_edema,N,safety_v3:RESOLVED
S0270,ARM2,neutrophil_count_decreased,N,safety_v3:RESOLVED
S0270,ARM2,hyperglycemia,N,safety_v3:RESOLVED
S0270,ARM2,influenza,N,safety_v3:RESOLVED
S0270,ARM2,neuropathy-motor,N,safety_v3:RESOLVED
S0270,ARM2,hyponatremia,N,safety_v3:RESOLVED
S0270,ARM2,pain,N,safety_v3:RESOLVED
S0270,ARM2,dyspnea,Y,safety_v3:RESOLVED
S0270,ARM2,cardiac failure events,N,protocol:F060
S0272,ARM2,fatigue,N,safety_v3:RESOLVED
S0272,ARM2,diarrhea,N,safety_v3:RESOLVED
S0272,ARM2,constipation,N,safety_v3:RESOLVED
S0272,ARM2,anemia,N,safety_v3:RESOLVED
S0272,ARM2,nausea,N,safety_v3:RESOLVED
S0272,ARM2,sleeplessness,N,safety_v3:RESOLVED
S0272,ARM2,back_pain,N,safety_v3:RESOLVED
S0272,ARM2,spasm,N,safety_v3:RESOLVED
S0272,ARM2,vomiting,N,safety_v3:RESOLVED
S0272,ARM2,pain_in_limb,N,safety_v3:RESOLVED
S0272,ARM2,neutrophil_count_decreased,N,safety_v3:RESOLVED
S0272,ARM2,hyperglycemia,N,safety_v3:RESOLVED
S0272,ARM2,asthenia,N,safety_v3:RESOLVED
S0272,ARM2,influenza,N,safety_v3:RESOLVED
S0272,ARM2,neuropathic_pain,N,safety_v3:RESOLVED
S0272,ARM2,dyspepsia,N,safety_v3:RESOLVED
S0272,ARM2,hypocalcemia,N,safety_v3:RESOLVED
S0272,ARM2,pain,N,safety_v3:RESOLVED
S0272,ARM2,dehydration,N,safety_v3:RESOLVED
S0272,ARM2,thrombocytopenia,Y,safety_v3:RESOLVED
S0272,ARM2,hypertension adverse events,N,protocol:F096
S0272,ARM2,hypertension adverse events,N,protocol:F098
S0272,ARM2,acute renal failure adverse events,N,protocol:F144
S0274,ARM2,diarrhea,N,safety_v3:RESOLVED
S0274,ARM2,sleeplessness,N,safety_v3:RESOLVED
S0274,ARM2,spasm,N,safety_v3:RESOLVED
S0274,ARM2,rash_erythematous_macules_or_papules,N,safety_v3:RESOLVED
S0274,ARM2,hyperglycemia,N,safety_v3:RESOLVED
S0274,ARM2,weight_loss,N,safety_v3:RESOLVED
S0274,ARM2,asthenia,N,safety_v3:RESOLVED
S0274,ARM2,decreased_platelet_count,N,safety_v3:RESOLVED
S0274,ARM2,hypocalcemia,N,safety_v3:RESOLVED
S0274,ARM2,non_cardiac_chest_pain,N,safety_v3:RESOLVED
S0274,ARM2,pneumonia,N,safety_v3:RESOLVED
S0274,ARM2,blurred_vision,N,safety_v3:RESOLVED
S0274,ARM2,deep_vein_thrombosis,N,safety_v3:RESOLVED
S0274,ARM2,diarrhea,Y,safety_v3:RESOLVED
S0274,ARM2,hypertension adverse events,N,protocol:F092
S0274,ARM2,acute renal failure,N,protocol:F130
S0275,ARM2,fatigue,N,safety_v3:RESOLVED
S0275,ARM2,anemia,N,safety_v3:RESOLVED
S0275,ARM2,neutropenia,N,safety_v3:RESOLVED
S0275,ARM2,sleeplessness,N,safety_v3:RESOLVED
S0275,ARM2,upper_respiratory_infections,N,safety_v3:RESOLVED
S0275,ARM2,pain_in_limb,N,safety_v3:RESOLVED
S0275,ARM2,dizziness,N,safety_v3:RESOLVED
S0275,ARM2,fever,N,safety_v3:RESOLVED
S0275,ARM2,hyperglycemia,N,safety_v3:RESOLVED
S0275,ARM2,respiratory_tract_infections,N,safety_v3:RESOLVED
S0275,ARM2,hypocalcemia,N,safety_v3:RESOLVED
S0275,ARM2,pain,N,safety_v3:RESOLVED
S0276,ARM2,neutropenia,N,safety_v3:RESOLVED
S0276,ARM2,sleeplessness,N,safety_v3:RESOLVED
S0276,ARM2,vomiting,N,safety_v3:RESOLVED
S0276,ARM2,pain_in_limb,N,safety_v3:RESOLVED
S0276,ARM2,dizziness,N,safety_v3:RESOLVED
S0276,ARM2,neutrophil_count_decreased,N,safety_v3:RESOLVED
S0276,ARM2,weight_loss,N,safety_v3:RESOLVED
S0276,ARM2,asthenia,N,safety_v3:RESOLVED
S0276,ARM2,respiratory_tract_infections,N,safety_v3:RESOLVED
S0276,ARM2,hypocalcemia,N,safety_v3:RESOLVED
S0276,ARM2,pneumonia,N,safety_v3:RESOLVED
S0276,ARM2,blurred_vision,N,safety_v3:RESOLVED
S0276,ARM2,hypertension adverse events,N,protocol:F092
S0276,ARM2,hypertension,N,protocol:F119
S0277,ARM2,fatigue,N,safety_v3:RESOLVED
S0277,ARM2,anemia,N,safety_v3:RESOLVED
S0277,ARM2,nausea,N,safety_v3:RESOLVED
S0277,ARM2,neutropenia,N,safety_v3:RESOLVED
S0277,ARM2,sleeplessness,N,safety_v3:RESOLVED
S0277,ARM2,leukopenia,N,safety_v3:RESOLVED
S0277,ARM2,vomiting,N,safety_v3:RESOLVED
S0277,ARM2,dizziness,N,safety_v3:RESOLVED
S0277,ARM2,peripheral_edema,N,safety_v3:RESOLVED
S0277,ARM2,cataract,N,safety_v3:RESOLVED
S0277,ARM2,neutrophil_count_decreased,N,safety_v3:RESOLVED
S0277,ARM2,thrombosis/thrombus/embolism,N,safety_v3:RESOLVED
S0277,ARM2,decreased_platelet_count,N,safety_v3:RESOLVED
S0277,ARM2,respiratory_tract_infections,N,safety_v3:RESOLVED
S0277,ARM2,hypocalcemia,N,safety_v3:RESOLVED
S0277,ARM2,rash/desquamation,N,safety_v3:RESOLVED
S0277,ARM2,dry_skin,N,safety_v3:RESOLVED
S0277,ARM2,musculoskeletal_chest_pain,N,safety_v3:RESOLVED
S0277,ARM2,pain,N,safety_v3:RESOLVED
S0277,ARM2,upper_respiratory_infections,Y,safety_v3:RESOLVED
S0277,ARM2,hypertension adverse events,N,protocol:F096
S0277,ARM2,acute renal failure adverse events,N,protocol:F144
S0277,ARM2,acute renal failure adverse events,N,protocol:F146
S0278,ARM2,anemia,N,safety_v3:RESOLVED
S0278,ARM2,nausea,N,safety_v3:RESOLVED
S0278,ARM2,neutropenia,N,safety_v3:RESOLVED
S0278,ARM2,sleeplessness,N,safety_v3:RESOLVED
S0278,ARM2,upper_respiratory_infections,N,safety_v3:RESOLVED
S0278,ARM2,pain_in_limb,N,safety_v3:RESOLVED
S0278,ARM2,dizziness,N,safety_v3:RESOLVED
S0278,ARM2,neutrophil_count_decreased,N,safety_v3:RESOLVED
S0278,ARM2,falls,N,safety_v3:RESOLVED
S0278,ARM2,abdominal_pain,N,safety_v3:RESOLVED
S0278,ARM2,bone_pain,N,safety_v3:RESOLVED
S0278,ARM2,respiratory_tract_infections,N,safety_v3:RESOLVED
S0278,ARM2,neuropathy-motor,N,safety_v3:RESOLVED
S0278,ARM2,blurred_vision,N,safety_v3:RESOLVED
S0278,ARM2,hypoalbuminemia,N,safety_v3:RESOLVED
S0278,ARM2,dry_skin,N,safety_v3:RESOLVED
S0278,ARM2,hypertension adverse events,N,protocol:F092
S0279,ARM2,fatigue,N,safety_v3:RESOLVED
S0279,ARM2,anemia,N,safety_v3:RESOLVED
S0279,ARM2,neutropenia,N,safety_v3:RESOLVED
S0279,ARM2,sleeplessness,N,safety_v3:RESOLVED
S0279,ARM2,leukopenia,N,safety_v3:RESOLVED
S0279,ARM2,pain_in_limb,N,safety_v3:RESOLVED
S0279,ARM2,hyperglycemia,N,safety_v3:RESOLVED
S0279,ARM2,hypokalemia,N,safety_v3:RESOLVED
S0279,ARM2,neuropathic_pain,N,safety_v3:RESOLVED
S0279,ARM2,respiratory_tract_infections,N,safety_v3:RESOLVED
S0279,ARM2,hypocalcemia,N,safety_v3:RESOLVED
S0279,ARM2,blurred_vision,N,safety_v3:RESOLVED
S0279,ARM2,hypoalbuminemia,N,safety_v3:RESOLVED
S0279,ARM2,pneumonia,Y,safety_v3:RESOLVED
S0280,ARM2,fatigue,N,safety_v3:RESOLVED
S0280,ARM2,anemia,N,safety_v3:RESOLVED
S0280,ARM2,sleeplessness,N,safety_v3:RESOLVED
S0280,ARM2,pain_in_limb,N,safety_v3:RESOLVED
S0280,ARM2,peripheral_edema,N,safety_v3:RESOLVED
S0280,ARM2,neutrophil_count_decreased,N,safety_v3:RESOLVED
S0280,ARM2,hyperglycemia,N,safety_v3:RESOLVED
S0280,ARM2,decreased_platelet_count,N,safety_v3:RESOLVED
S0280,ARM2,bone_pain,N,safety_v3:RESOLVED
S0280,ARM2,hypocalcemia,N,safety_v3:RESOLVED
S0280,ARM2,blurred_vision,N,safety_v3:RESOLVED
S0280,ARM2,cardiac failure events,N,protocol:F064
S0280,ARM2,hypertension,N,protocol:F121
S0280,ARM2,acute renal failure adverse events,N,protocol:F144
S0281,ARM2,fatigue,N,safety_v3:RESOLVED
S0281,ARM2,diarrhea,N,safety_v3:RESOLVED
S0281,ARM2,anemia,N,safety_v3:RESOLVED
S0281,ARM2,neutropenia,N,safety_v3:RESOLVED
S0281,ARM2,sleeplessness,N,safety_v3:RESOLVED
S0281,ARM2,vomiting,N,safety_v3:RESOLVED
S0281,ARM2,pain_in_limb,N,safety_v3:RESOLVED
S0281,ARM2,hyperglycemia,N,safety_v3:RESOLVED
S0281,ARM2,hypertriglyceridemia,N,safety_v3:RESOLVED
S0281,ARM2,hypokalemia,N,safety_v3:RESOLVED
S0281,ARM2,neuropathic_pain,N,safety_v3:RESOLVED
S0281,ARM2,dyspepsia,N,safety_v3:RESOLVED
S0281,ARM2,hypocalcemia,N,safety_v3:RESOLVED
S0281,ARM2,blurred_vision,N,safety_v3:RESOLVED
S0281,ARM2,hyponatremia,N,safety_v3:RESOLVED
S0281,ARM2,thrombocytopenia,Y,safety_v3:RESOLVED
S0281,ARM2,hypercalcemia,Y,safety_v3:RESOLVED
S0281,ARM2,hypertension adverse events,N,protocol:F117
S0282,ARM2,anemia,N,safety_v3:RESOLVED
S0282,ARM2,upper_respiratory_infections,N,safety_v3:RESOLVED
S0282,ARM2,spasm,N,safety_v3:RESOLVED
S0282,ARM2,hypertension_variable,N,safety_v3:RESOLVED
S0282,ARM2,peripheral_edema,N,safety_v3:RESOLVED
S0282,ARM2,neutrophil_count_decreased,N,safety_v3:RESOLVED
S0282,ARM2,neuropathy-sensory,N,safety_v3:RESOLVED
S0282,ARM2,hypokalemia,N,safety_v3:RESOLVED
S0282,ARM2,asthenia,N,safety_v3:RESOLVED
S0282,ARM2,respiratory_tract_infections,N,safety_v3:RESOLVED
S0282,ARM2,hypocalcemia,N,safety_v3:RESOLVED
S0282,ARM2,rash/desquamation,N,safety_v3:RESOLVED
S0282,ARM2,dry_skin,N,safety_v3:RESOLVED
S0282,ARM2,thrombocytopenia,Y,safety_v3:RESOLVED
S0282,ARM2,cardiac failure events,N,protocol:F064
S0282,ARM2,acute renal failure,N,protocol:F128
S0284,ARM2,fatigue,N,safety_v3:RESOLVED
S0284,ARM2,diarrhea,N,safety_v3:RESOLVED
S0284,ARM2,anemia,N,safety_v3:RESOLVED
S0284,ARM2,nausea,N,safety_v3:RESOLVED
S0284,ARM2,sensory_neuropathy,N,safety_v3:RESOLVED
S0284,ARM2,vomiting,N,safety_v3:RESOLVED
S0284,ARM2,dizziness,N,safety_v3:RESOLVED
S0284,ARM2,fever,N,safety_v3:RESOLVED
S0284,ARM2,weight_loss,N,safety_v3:RESOLVED
S0284,ARM2,influenza,N,safety_v3:RESOLVED
S0284,ARM2,hypocalcemia,N,safety_v3:RESOLVED
S0284,ARM2,rash/desquamation,N,safety_v3:RESOLVED
S0284,ARM2,hypoalbuminemia,N,safety_v3:RESOLVED
S0284,ARM2,musculoskeletal_chest_pain,N,safety_v3:RESOLVED
S0284,ARM2,pneumonia,Y,safety_v3:RESOLVED
S0284,ARM2,upper_respiratory_infections,Y,safety_v3:RESOLVED
S0284,ARM2,hypertension adverse events,N,protocol:F117
S0285,ARM2,sleeplessness,N,safety_v3:RESOLVED
S0285,ARM2,neutrophil_count_decreased,N,safety_v3:RESOLVED
S0285,ARM2,hypokalemia,N,safety_v3:RESOLVED
S0285,ARM2,weight_loss,N,safety_v3:RESOLVED
S0285,ARM2,neuropathic_pain,N,safety_v3:RESOLVED
S0285,ARM2,neuropathy-motor,N,safety_v3:RESOLVED
S0285,ARM2,rash/desquamation,N,safety_v3:RESOLVED
S0285,ARM2,deep_vein_thrombosis,N,safety_v3:RESOLVED
S0285,ARM2,"potassium,_serum-low_(hypokalemia)",N,safety_v3:RESOLVED
S0285,ARM2,thrombosis/thrombus/embolism,Y,safety_v3:RESOLVED
S0285,ARM2,hypertension adverse events,N,protocol:F092
S0285,ARM2,hypertension,N,protocol:F121
S0287,ARM2,fatigue,N,safety_v3:RESOLVED
S0287,ARM2,anemia,N,safety_v3:RESOLVED
S0287,ARM2,nausea,N,safety_v3:RESOLVED
S0287,ARM2,sleeplessness,N,safety_v3:RESOLVED
S0287,ARM2,pain_in_limb,N,safety_v3:RESOLVED
S0287,ARM2,dizziness,N,safety_v3:RESOLVED
S0287,ARM2,neuropathic_pain,N,safety_v3:RESOLVED
S0287,ARM2,respiratory_tract_infections,N,safety_v3:RESOLVED
S0287,ARM2,hypocalcemia,N,safety_v3:RESOLVED
S0287,ARM2,blurred_vision,N,safety_v3:RESOLVED
S0287,ARM2,pain,N,safety_v3:RESOLVED
S0287,ARM2,pneumonia,Y,safety_v3:RESOLVED
S0287,ARM2,accidental_overdose,Y,safety_v3:RESOLVED
S0287,ARM2,acute renal failure,N,protocol:F128
S0287,ARM2,acute renal failure adverse events,N,protocol:F148
S0294,ARM2,anemia,N,safety_v3:RESOLVED
S0294,ARM2,neutropenia,N,safety_v3:RESOLVED
S0294,ARM2,upper_respiratory_infections,N,safety_v3:RESOLVED
S0294,ARM2,pain_in_limb,N,safety_v3:RESOLVED
S0294,ARM2,hypertension_variable,N,safety_v3:RESOLVED
S0294,ARM2,neutrophil_count_decreased,N,safety_v3:RESOLVED
S0294,ARM2,hyperglycemia,N,safety_v3:RESOLVED
S0294,ARM2,weight_loss,N,safety_v3:RESOLVED
S0294,ARM2,influenza,N,safety_v3:RESOLVED
S0294,ARM2,neuropathic_pain,N,safety_v3:RESOLVED
S0294,ARM2,bone_pain,N,safety_v3:RESOLVED
S0294,ARM2,hypocalcemia,N,safety_v3:RESOLVED
S0294,ARM2,rash/desquamation,N,safety_v3:RESOLVED
S0294,ARM2,pain,N,safety_v3:RESOLVED
S0294,ARM2,hypertension adverse events,N,protocol:F100
S0294,ARM2,hypertension,N,protocol:F119
S0295,ARM2,fatigue,N,safety_v3:RESOLVED
S0295,ARM2,nausea,N,safety_v3:RESOLVED
S0295,ARM2,neutropenia,N,safety_v3:RESOLVED
S0295,ARM2,sleeplessness,N,safety_v3:RESOLVED
S0295,ARM2,upper_respiratory_infections,N,safety_v3:RESOLVED
S0295,ARM2,leukopenia,N,safety_v3:RESOLVED
S0295,ARM2,spasm,N,safety_v3:RESOLVED
S0295,ARM2,pain_in_limb,N,safety_v3:RESOLVED
S0295,ARM2,peripheral_edema,N,safety_v3:RESOLVED
S0295,ARM2,rash_erythematous_macules_or_papules,N,safety_v3:RESOLVED
S0295,ARM2,fever,N,safety_v3:RESOLVED
S0295,ARM2,hypokalemia,N,safety_v3:RESOLVED
S0295,ARM2,asthenia,N,safety_v3:RESOLVED
S0295,ARM2,hypocalcemia,N,safety_v3:RESOLVED
S0295,ARM2,rash/desquamation,N,safety_v3:RESOLVED
S0295,ARM2,hypertension adverse events,N,protocol:F098
S0296,ARM2,diarrhea,N,safety_v3:RESOLVED
S0296,ARM2,sleeplessness,N,safety_v3:RESOLVED
S0296,ARM2,upper_respiratory_infections,N,safety_v3:RESOLVED
S0296,ARM2,vomiting,N,safety_v3:RESOLVED
S0296,ARM2,pain_in_limb,N,safety_v3:RESOLVED
S0296,ARM2,peripheral_edema,N,safety_v3:RESOLVED
S0296,ARM2,neutrophil_count_decreased,N,safety_v3:RESOLVED
S0296,ARM2,hyperglycemia,N,safety_v3:RESOLVED
S0296,ARM2,neuropathy-sensory,N,safety_v3:RESOLVED
S0296,ARM2,hypokalemia,N,safety_v3:RESOLVED
S0296,ARM2,asthenia,N,safety_v3:RESOLVED
S0296,ARM2,hypocalcemia,N,safety_v3:RESOLVED
S0296,ARM2,pneumonia,N,safety_v3:RESOLVED
S0296,ARM2,blurred_vision,N,safety_v3:RESOLVED
S0296,ARM2,thrombocytopenia,Y,safety_v3:RESOLVED
S0296,ARM2,cardiac failure events,N,protocol:F060
S0296,ARM2,cardiac failure events,N,protocol:F062
S0296,ARM2,hypertension adverse events,N,protocol:F096
S0298,ARM2,diarrhea,N,safety_v3:RESOLVED
S0298,ARM2,anemia,N,safety_v3:RESOLVED
S0298,ARM2,neutropenia,N,safety_v3:RESOLVED
S0298,ARM2,vomiting,N,safety_v3:RESOLVED
S0298,ARM2,neutrophil_count_decreased,N,safety_v3:RESOLVED
S0298,ARM2,hyperglycemia,N,safety_v3:RESOLVED
S0298,ARM2,hypokalemia,N,safety_v3:RESOLVED
S0298,ARM2,influenza,N,safety_v3:RESOLVED
S0298,ARM2,hypocalcemia,N,safety_v3:RESOLVED
S0298,ARM2,blurred_vision,N,safety_v3:RESOLVED
S0298,ARM2,pain,N,safety_v3:RESOLVED
S0298,ARM2,pneumonia,Y,safety_v3:RESOLVED
S0298,ARM2,hypertension adverse events,N,protocol:F098
S0299,ARM2,fatigue,N,safety_v3:RESOLVED
S0299,ARM2,anemia,N,safety_v3:RESOLVED
S0299,ARM2,nausea,N,safety_v3:RESOLVED
S0299,ARM2,leukopenia,N,safety_v3:RESOLVED
S0299,ARM2,vomiting,N,safety_v3:RESOLVED
S0299,ARM2,neutrophil_count_decreased,N,safety_v3:RESOLVED
S0299,ARM2,hyperglycemia,N,safety_v3:RESOLVED
S0299,ARM2,weight_loss,N,safety_v3:RESOLVED
S0299,ARM2,respiratory_tract_infections,N,safety_v3:RESOLVED
S0299,ARM2,hypocalcemia,N,safety_v3:RESOLVED
S0299,ARM2,blurred_vision,N,safety_v3:RESOLVED
S0299,ARM2,hypertension adverse events,N,protocol:F098
S0299,ARM2,acute renal failure,N,protocol:F128
S0299,ARM2,acute renal failure,N,protocol:F130
S0299,ARM2,acute renal failure adverse events,N,protocol:F144
S0300,ARM2,fatigue,N,safety_v3:RESOLVED
S0300,ARM2,diarrhea,N,safety_v3:RESOLVED
S0300,ARM2,anemia,N,safety_v3:RESOLVED
S0300,ARM2,neutropenia,N,safety_v3:RESOLVED
S0300,ARM2,sleeplessness,N,safety_v3:RESOLVED
S0300,ARM2,upper_respiratory_infections,N,safety_v3:RESOLVED
S0300,ARM2,dizziness,N,safety_v3:RESOLVED
S0300,ARM2,hyperglycemia,N,safety_v3:RESOLVED
S0300,ARM2,neuropathy-sensory,N,safety_v3:RESOLVED
S0300,ARM2,hypokalemia,N,safety_v3:RESOLVED
S0300,ARM2,weight_loss,N,safety_v3:RESOLVED
S0300,ARM2,neuropathic_pain,N,safety_v3:RESOLVED
S0300,ARM2,abdominal_pain,N,safety_v3:RESOLVED
S0300,ARM2,hypocalcemia,N,safety_v3:RESOLVED
S0300,ARM2,thrombocytopenia,Y,safety_v3:RESOLVED
S0300,ARM2,hypertension adverse events,N,protocol:F100
S0300,ARM2,acute renal failure,N,protocol:F128
S0301,ARM2,fatigue,N,safety_v3:RESOLVED
S0301,ARM2,nausea,N,safety_v3:RESOLVED
S0301,ARM2,neutropenia,N,safety_v3:RESOLVED
S0301,ARM2,dyspnea,N,safety_v3:RESOLVED
S0301,ARM2,vomiting,N,safety_v3:RESOLVED
S0301,ARM2,pain_in_limb,N,safety_v3:RESOLVED
S0301,ARM2,fever,N,safety_v3:RESOLVED
S0301,ARM2,neuropathy-sensory,N,safety_v3:RESOLVED
S0301,ARM2,weight_loss,N,safety_v3:RESOLVED
S0301,ARM2,peripheral_nervous_system_diseases,N,safety_v3:RESOLVED
S0301,ARM2,hypocalcemia,N,safety_v3:RESOLVED
S0301,ARM2,anorexia,N,safety_v3:RESOLVED
S0301,ARM2,non_cardiac_chest_pain,N,safety_v3:RESOLVED
S0301,ARM2,pain,N,safety_v3:RESOLVED
S0301,ARM2,thrombosis/thrombus/embolism,Y,safety_v3:RESOLVED
S0301,ARM2,hypertension adverse events,N,protocol:F092
S0301,ARM2,hypertension adverse events,N,protocol:F096
S0302,ARM2,nausea,N,safety_v3:RESOLVED
S0302,ARM2,neutropenia,N,safety_v3:RESOLVED
S0302,ARM2,leukopenia,N,safety_v3:RESOLVED
S0302,ARM2,spasm,N,safety_v3:RESOLVED
S0302,ARM2,pain_in_limb,N,safety_v3:RESOLVED
S0302,ARM2,dizziness,N,safety_v3:RESOLVED
S0302,ARM2,cataract,N,safety_v3:RESOLVED
S0302,ARM2,hyperglycemia,N,safety_v3:RESOLVED
S0302,ARM2,neuropathy-sensory,N,safety_v3:RESOLVED
S0302,ARM2,asthenia,N,safety_v3:RESOLVED
S0302,ARM2,hypocalcemia,N,safety_v3:RESOLVED
S0302,ARM2,blurred_vision,N,safety_v3:RESOLVED
S0302,ARM2,hypoalbuminemia,N,safety_v3:RESOLVED
S0305,ARM2,constipation,N,safety_v3:RESOLVED
S0305,ARM2,anemia,N,safety_v3:RESOLVED
S0305,ARM2,sleeplessness,N,safety_v3:RESOLVED
S0305,ARM2,spasm,N,safety_v3:RESOLVED
S0305,ARM2,vomiting,N,safety_v3:RESOLVED
S0305,ARM2,pain_in_limb,N,safety_v3:RESOLVED
S0305,ARM2,hypertension_variable,N,safety_v3:RESOLVED
S0305,ARM2,neuropathy-sensory,N,safety_v3:RESOLVED
S0305,ARM2,hypokalemia,N,safety_v3:RESOLVED
S0305,ARM2,weight_loss,N,safety_v3:RESOLVED
S0305,ARM2,neuropathic_pain,N,safety_v3:RESOLVED
S0305,ARM2,hypocalcemia,N,safety_v3:RESOLVED
S0305,ARM2,anorexia,N,safety_v3:RESOLVED
S0305,ARM2,blurred_vision,N,safety_v3:RESOLVED
S0305,ARM2,musculoskeletal_chest_pain,N,safety_v3:RESOLVED
S0305,ARM2,deep_vein_thrombosis,N,safety_v3:RESOLVED
S0305,ARM2,pain,N,safety_v3:RESOLVED
S0305,ARM2,hypertension adverse events,N,protocol:F092
S0305,ARM2,hypertension,N,protocol:F119
S0307,ARM2,diarrhea,N,safety_v3:RESOLVED
S0307,ARM2,constipation,N,safety_v3:RESOLVED
S0307,ARM2,anemia,N,safety_v3:RESOLVED
S0307,ARM2,nausea,N,safety_v3:RESOLVED
S0307,ARM2,sleeplessness,N,safety_v3:RESOLVED
S0307,ARM2,upper_respiratory_infections,N,safety_v3:RESOLVED
S0307,ARM2,spasm,N,safety_v3:RESOLVED
S0307,ARM2,pain_in_limb,N,safety_v3:RESOLVED
S0307,ARM2,peripheral_edema,N,safety_v3:RESOLVED
S0307,ARM2,neutrophil_count_decreased,N,safety_v3:RESOLVED
S0307,ARM2,fever,N,safety_v3:RESOLVED
S0307,ARM2,weight_loss,N,safety_v3:RESOLVED
S0307,ARM2,nasopharyngitis,N,safety_v3:RESOLVED
S0307,ARM2,decreased_platelet_count,N,safety_v3:RESOLVED
S0307,ARM2,respiratory_tract_infections,N,safety_v3:RESOLVED
S0307,ARM2,hypocalcemia,N,safety_v3:RESOLVED
S0307,ARM2,non_cardiac_chest_pain,N,safety_v3:RESOLVED
S0307,ARM2,pain,N,safety_v3:RESOLVED
S0307,ARM2,hemoglobin_normal_12_16_gm,N,safety_v3:RESOLVED
S0307,ARM2,upper_respiratory_infections,Y,safety_v3:RESOLVED
S0307,ARM2,thrombocytopenia,Y,safety_v3:RESOLVED
S0307,ARM2,cardiac failure events,N,protocol:F060
S0307,ARM2,cardiac failure events,N,protocol:F062
S0307,ARM2,cardiac failure events,N,protocol:F064
S0307,ARM2,hypertension adverse events,N,protocol:F098
S0307,ARM2,acute renal failure,N,protocol:F128
S0308,ARM2,fatigue,N,safety_v3:RESOLVED
S0308,ARM2,anemia,N,safety_v3:RESOLVED
S0308,ARM2,neutropenia,N,safety_v3:RESOLVED
S0308,ARM2,upper_respiratory_infections,N,safety_v3:RESOLVED
S0308,ARM2,spasm,N,safety_v3:RESOLVED
S0308,ARM2,pain_in_limb,N,safety_v3:RESOLVED
S0308,ARM2,hyperglycemia,N,safety_v3:RESOLVED
S0308,ARM2,weight_loss,N,safety_v3:RESOLVED
S0308,ARM2,influenza,N,safety_v3:RESOLVED
S0308,ARM2,neuropathic_pain,N,safety_v3:RESOLVED
S0308,ARM2,hypocalcemia,N,safety_v3:RESOLVED
S0308,ARM2,hypoalbuminemia,N,safety_v3:RESOLVED
S0308,ARM2,hemoglobin_normal_12_16_gm,N,safety_v3:RESOLVED
S0308,ARM2,pneumonia,Y,safety_v3:RESOLVED
S0309,ARM2,diarrhea,N,safety_v3:RESOLVED
S0309,ARM2,anemia,N,safety_v3:RESOLVED
S0309,ARM2,sleeplessness,N,safety_v3:RESOLVED
S0309,ARM2,upper_respiratory_infections,N,safety_v3:RESOLVED
S0309,ARM2,pain_in_limb,N,safety_v3:RESOLVED
S0309,ARM2,hyperglycemia,N,safety_v3:RESOLVED
S0309,ARM2,neuropathy-sensory,N,safety_v3:RESOLVED
S0309,ARM2,hypocalcemia,N,safety_v3:RESOLVED
S0309,ARM2,blurred_vision,N,safety_v3:RESOLVED
S0309,ARM2,hypoalbuminemia,N,safety_v3:RESOLVED
S0309,ARM2,hemoglobin_normal_12_16_gm,N,safety_v3:RESOLVED
S0309,ARM2,pneumonia,Y,safety_v3:RESOLVED
S0314,ARM2,anemia,N,safety_v3:RESOLVED
S0314,ARM2,nausea,N,safety_v3:RESOLVED
S0314,ARM2,neutropenia,N,safety_v3:RESOLVED
S0314,ARM2,upper_respiratory_infections,N,safety_v3:RESOLVED
S0314,ARM2,spasm,N,safety_v3:RESOLVED
S0314,ARM2,dizziness,N,safety_v3:RESOLVED
S0314,ARM2,influenza,N,safety_v3:RESOLVED
S0314,ARM2,respiratory_tract_infections,N,safety_v3:RESOLVED
S0314,ARM2,hypocalcemia,N,safety_v3:RESOLVED
S0314,ARM2,blurred_vision,N,safety_v3:RESOLVED
S0314,ARM2,dry_skin,N,safety_v3:RESOLVED
S0314,ARM2,pain,N,safety_v3:RESOLVED
S0314,ARM2,thrombocytopenia,Y,safety_v3:RESOLVED
S0314,ARM2,hypertension adverse events,N,protocol:F092
S0314,ARM2,hypertension,N,protocol:F119
S0314,ARM2,hypertension,N,protocol:F121
S0317,ARM2,diarrhea,N,safety_v3:RESOLVED
S0317,ARM2,anemia,N,safety_v3:RESOLVED
S0317,ARM2,nausea,N,safety_v3:RESOLVED
S0317,ARM2,neutropenia,N,safety_v3:RESOLVED
S0317,ARM2,dyspnea,N,safety_v3:RESOLVED
S0317,ARM2,neutrophil_count_decreased,N,safety_v3:RESOLVED
S0317,ARM2,neuropathy-sensory,N,safety_v3:RESOLVED
S0317,ARM2,hypokalemia,N,safety_v3:RESOLVED
S0317,ARM2,hypocalcemia,N,safety_v3:RESOLVED
S0317,ARM2,acute renal failure,N,protocol:F132
S0320,ARM2,diarrhea,N,safety_v3:RESOLVED
S0320,ARM2,nausea,N,safety_v3:RESOLVED
S0320,ARM2,neutropenia,N,safety_v3:RESOLVED
S0320,ARM2,upper_respiratory_infections,N,safety_v3:RESOLVED
S0320,ARM2,spasm,N,safety_v3:RESOLVED
S0320,ARM2,dyspnea,N,safety_v3:RESOLVED
S0320,ARM2,pain_in_limb,N,safety_v3:RESOLVED
S0320,ARM2,hypertension_variable,N,safety_v3:RESOLVED
S0320,ARM2,fever,N,safety_v3:RESOLVED
S0320,ARM2,hypokalemia,N,safety_v3:RESOLVED
S0320,ARM2,bone_pain,N,safety_v3:RESOLVED
S0320,ARM2,hypocalcemia,N,safety_v3:RESOLVED
S0320,ARM2,blurred_vision,N,safety_v3:RESOLVED
S0320,ARM2,hypoalbuminemia,N,safety_v3:RESOLVED
S0320,ARM2,cardiac failure events,N,protocol:F062
S0321,ARM2,fatigue,N,safety_v3:RESOLVED
S0321,ARM2,diarrhea,N,safety_v3:RESOLVED
S0321,ARM2,constipation,N,safety_v3:RESOLVED
S0321,ARM2,anemia,N,safety_v3:RESOLVED
S0321,ARM2,neutropenia,N,safety_v3:RESOLVED
S0321,ARM2,sleeplessness,N,safety_v3:RESOLVED
S0321,ARM2,upper_respiratory_infections,N,safety_v3:RESOLVED
S0321,ARM2,pain_in_limb,N,safety_v3:RESOLVED
S0321,ARM2,dizziness,N,safety_v3:RESOLVED
S0321,ARM2,neutrophil_count_decreased,N,safety_v3:RESOLVED
S0321,ARM2,hyperglycemia,N,safety_v3:RESOLVED
S0321,ARM2,respiratory_tract_infections,N,safety_v3:RESOLVED
S0321,ARM2,hypocalcemia,N,safety_v3:RESOLVED
S0321,ARM2,blurred_vision,N,safety_v3:RESOLVED
S0321,ARM2,thrombocytopenia,Y,safety_v3:RESOLVED
S0321,ARM2,hypertension adverse events,N,protocol:F096
S0321,ARM2,hypertension adverse events,N,protocol:F100
S0321,ARM2,hypertension,N,protocol:F121
S0322,ARM2,diarrhea,N,safety_v3:RESOLVED
S0322,ARM2,anemia,N,safety_v3:RESOLVED
S0322,ARM2,nausea,N,safety_v3:RESOLVED
S0322,ARM2,neutropenia,N,safety_v3:RESOLVED
S0322,ARM2,sleeplessness,N,safety_v3:RESOLVED
S0322,ARM2,leukopenia,N,safety_v3:RESOLVED
S0322,ARM2,pain_in_limb,N,safety_v3:RESOLVED
S0322,ARM2,peripheral_edema,N,safety_v3:RESOLVED
S0322,ARM2,neutrophil_count_decreased,N,safety_v3:RESOLVED
S0322,ARM2,hypokalemia,N,safety_v3:RESOLVED
S0322,ARM2,weight_loss,N,safety_v3:RESOLVED
S0322,ARM2,decreased_platelet_count,N,safety_v3:RESOLVED
S0322,ARM2,blurred_vision,N,safety_v3:RESOLVED
S0322,ARM2,upper_respiratory_infections,Y,safety_v3:RESOLVED
S0322,ARM2,hypertension adverse events,N,protocol:F096
S0325,ARM2,sleeplessness,N,safety_v3:RESOLVED
S0325,ARM2,spasm,N,safety_v3:RESOLVED
S0325,ARM2,vomiting,N,safety_v3:RESOLVED
S0325,ARM2,dizziness,N,safety_v3:RESOLVED
S0325,ARM2,neutrophil_count_decreased,N,safety_v3:RESOLVED
S0325,ARM2,fever,N,safety_v3:RESOLVED
S0325,ARM2,weight_loss,N,safety_v3:RESOLVED
S0325,ARM2,hypocalcemia,N,safety_v3:RESOLVED
S0325,ARM2,rash/desquamation,N,safety_v3:RESOLVED
S0325,ARM2,blurred_vision,N,safety_v3:RESOLVED
S0325,ARM2,hemoglobin_normal_12_16_gm,N,safety_v3:RESOLVED
S0325,ARM2,thrombocytopenia,Y,safety_v3:RESOLVED
S0326,ARM2,fatigue,N,safety_v3:RESOLVED
S0326,ARM2,diarrhea,N,safety_v3:RESOLVED
S0326,ARM2,constipation,N,safety_v3:RESOLVED
S0326,ARM2,sleeplessness,N,safety_v3:RESOLVED
S0326,ARM2,leukopenia,N,safety_v3:RESOLVED
S0326,ARM2,dyspnea,N,safety_v3:RESOLVED
S0326,ARM2,hypertension_variable,N,safety_v3:RESOLVED
S0326,ARM2,peripheral_edema,N,safety_v3:RESOLVED
S0326,ARM2,neutrophil_count_decreased,N,safety_v3:RESOLVED
S0326,ARM2,hyperglycemia,N,safety_v3:RESOLVED
S0326,ARM2,neuropathy-sensory,N,safety_v3:RESOLVED
S0326,ARM2,asthenia,N,safety_v3:RESOLVED
S0326,ARM2,neuropathic_pain,N,safety_v3:RESOLVED
S0326,ARM2,hypocalcemia,N,safety_v3:RESOLVED
S0326,ARM2,musculoskeletal_chest_pain,N,safety_v3:RESOLVED
S0326,ARM2,hypertension adverse events,N,protocol:F092
S0326,ARM2,hypertension adverse events,N,protocol:F098
S0326,ARM2,hypertension,N,protocol:F119
S0329,ARM2,fatigue,N,safety_v3:RESOLVED
S0329,ARM2,diarrhea,N,safety_v3:RESOLVED
S0329,ARM2,constipation,N,safety_v3:RESOLVED
S0329,ARM2,neutropenia,N,safety_v3:RESOLVED
S0329,ARM2,leukopenia,N,safety_v3:RESOLVED
S0329,ARM2,pain_in_limb,N,safety_v3:RESOLVED
S0329,ARM2,hypertension_variable,N,safety_v3:RESOLVED
S0329,ARM2,dizziness,N,safety_v3:RESOLVED
S0329,ARM2,peripheral_edema,N,safety_v3:RESOLVED
S0329,ARM2,cataract,N,safety_v3:RESOLVED
S0329,ARM2,neutrophil_count_decreased,N,safety_v3:RESOLVED
S0329,ARM2,bone_pain,N,safety_v3:RESOLVED
S0329,ARM2,hypocalcemia,N,safety_v3:RESOLVED
S0329,ARM2,rash/desquamation,N,safety_v3:RESOLVED
S0329,ARM2,hypoalbuminemia,N,safety_v3:RESOLVED
S0329,ARM2,pain,N,safety_v3:RESOLVED
S0329,ARM2,lower_respiratory_tract_infection,Y,safety_v3:RESOLVED
S0329,ARM2,hypertension adverse events,N,protocol:F117
S0329,ARM2,hypertension,N,protocol:F121
S0330,ARM2,anemia,N,safety_v3:RESOLVED
S0330,ARM2,nausea,N,safety_v3:RESOLVED
S0330,ARM2,upper_respiratory_infections,N,safety_v3:RESOLVED
S0330,ARM2,spasm,N,safety_v3:RESOLVED
S0330,ARM2,vomiting,N,safety_v3:RESOLVED
S0330,ARM2,dizziness,N,safety_v3:RESOLVED
S0330,ARM2,hyperglycemia,N,safety_v3:RESOLVED
S0330,ARM2,weight_loss,N,safety_v3:RESOLVED
S0330,ARM2,neuropathic_pain,N,safety_v3:RESOLVED
S0330,ARM2,respiratory_tract_infections,N,safety_v3:RESOLVED
S0330,ARM2,hypocalcemia,N,safety_v3:RESOLVED
S0330,ARM2,pneumonia,N,safety_v3:RESOLVED
S0330,ARM2,hypoalbuminemia,N,safety_v3:RESOLVED
S0330,ARM2,hyponatremia,N,safety_v3:RESOLVED
S0330,ARM2,pain,N,safety_v3:RESOLVED
S0330,ARM2,hemoglobin_normal_12_16_gm,N,safety_v3:RESOLVED
S0330,ARM2,thrombocytopenia,Y,safety_v3:RESOLVED
S0330,ARM2,hypertension,N,protocol:F121
S0331,ARM2,fatigue,N,safety_v3:RESOLVED
S0331,ARM2,anemia,N,safety_v3:RESOLVED
S0331,ARM2,vomiting,N,safety_v3:RESOLVED
S0331,ARM2,pain_in_limb,N,safety_v3:RESOLVED
S0331,ARM2,peripheral_edema,N,safety_v3:RESOLVED
S0331,ARM2,hyperglycemia,N,safety_v3:RESOLVED
S0331,ARM2,asthenia,N,safety_v3:RESOLVED
S0331,ARM2,peripheral_nervous_system_diseases,N,safety_v3:RESOLVED
S0331,ARM2,respiratory_tract_infections,N,safety_v3:RESOLVED
S0331,ARM2,hypocalcemia,N,safety_v3:RESOLVED
S0331,ARM2,rash/desquamation,N,safety_v3:RESOLVED
S0331,ARM2,hypoalbuminemia,N,safety_v3:RESOLVED
S0331,ARM2,fever,Y,safety_v3:RESOLVED
S0331,ARM2,hypertension adverse events,N,protocol:F092
S0332,ARM2,fatigue,N,safety_v3:RESOLVED
S0332,ARM2,anemia,N,safety_v3:RESOLVED
S0332,ARM2,neutropenia,N,safety_v3:RESOLVED
S0332,ARM2,sleeplessness,N,safety_v3:RESOLVED
S0332,ARM2,spasm,N,safety_v3:RESOLVED
S0332,ARM2,vomiting,N,safety_v3:RESOLVED
S0332,ARM2,pain_in_limb,N,safety_v3:RESOLVED
S0332,ARM2,hypertension_variable,N,safety_v3:RESOLVED
S0332,ARM2,neutrophil_count_decreased,N,safety_v3:RESOLVED
S0332,ARM2,hypocalcemia,N,safety_v3:RESOLVED
S0332,ARM2,blurred_vision,N,safety_v3:RESOLVED
S0332,ARM2,hemoglobin_normal_12_16_gm,N,safety_v3:RESOLVED
S0332,ARM2,lower_respiratory_tract_infection,Y,safety_v3:RESOLVED
S0332,ARM2,acute renal failure adverse events,N,protocol:F148
S0333,ARM2,anemia,N,safety_v3:RESOLVED
S0333,ARM2,nausea,N,safety_v3:RESOLVED
S0333,ARM2,sleeplessness,N,safety_v3:RESOLVED
S0333,ARM2,upper_respiratory_infections,N,safety_v3:RESOLVED
S0333,ARM2,leukopenia,N,safety_v3:RESOLVED
S0333,ARM2,spasm,N,safety_v3:RESOLVED
S0333,ARM2,vomiting,N,safety_v3:RESOLVED
S0333,ARM2,hypokalemia,N,safety_v3:RESOLVED
S0333,ARM2,weight_loss,N,safety_v3:RESOLVED
S0333,ARM2,influenza,N,safety_v3:RESOLVED
S0333,ARM2,decreased_platelet_count,N,safety_v3:RESOLVED
S0333,ARM2,hypocalcemia,N,safety_v3:RESOLVED
S0333,ARM2,non_cardiac_chest_pain,N,safety_v3:RESOLVED
S0333,ARM2,pneumonia,Y,safety_v3:RESOLVED
S0333,ARM2,hypertension,N,protocol:F119
S0338,ARM2,diarrhea,N,safety_v3:RESOLVED
S0338,ARM2,nausea,N,safety_v3:RESOLVED
S0338,ARM2,sleeplessness,N,safety_v3:RESOLVED
S0338,ARM2,upper_respiratory_infections,N,safety_v3:RESOLVED
S0338,ARM2,dizziness,N,safety_v3:RESOLVED
S0338,ARM2,peripheral_edema,N,safety_v3:RESOLVED
S0338,ARM2,neutrophil_count_decreased,N,safety_v3:RESOLVED
S0338,ARM2,neuropathy-motor,N,safety_v3:RESOLVED
S0338,ARM2,rash/desquamation,N,safety_v3:RESOLVED
S0338,ARM2,blurred_vision,N,safety_v3:RESOLVED
S0338,ARM2,hemoglobin_normal_12_16_gm,N,safety_v3:RESOLVED
S0338,ARM2,pneumonia,Y,safety_v3:RESOLVED
S0338,ARM2,thrombocytopenia,Y,safety_v3:RESOLVED
S0338,ARM2,fatigue,Y,safety_v3:RESOLVED
S0338,ARM2,cardiac failure events,N,protocol:F060
S0338,ARM2,hypertension adverse events,N,protocol:F098
S0340,ARM2,fatigue,N,safety_v3:RESOLVED
S0340,ARM2,diarrhea,N,safety_v3:RESOLVED
S0340,ARM2,anemia,N,safety_v3:RESOLVED
S0340,ARM2,neutropenia,N,safety_v3:RESOLVED
S0340,ARM2,upper_respiratory_infections,N,safety_v3:RESOLVED
S0340,ARM2,spasm,N,safety_v3:RESOLVED
S0340,ARM2,vomiting,N,safety_v3:RESOLVED
S0340,ARM2,pain_in_limb,N,safety_v3:RESOLVED
S0340,ARM2,dizziness,N,safety_v3:RESOLVED
S0340,ARM2,cataract,N,safety_v3:RESOLVED
S0340,ARM2,hyperglycemia,N,safety_v3:RESOLVED
S0340,ARM2,hypokalemia,N,safety_v3:RESOLVED
S0340,ARM2,peripheral_nervous_system_diseases,N,safety_v3:RESOLVED
S0340,ARM2,gastroenteritis,N,safety_v3:RESOLVED
S0340,ARM2,respiratory_tract_infections,N,safety_v3:RESOLVED
S0340,ARM2,hypocalcemia,N,safety_v3:RESOLVED
S0340,ARM2,musculoskeletal_chest_pain,N,safety_v3:RESOLVED
S0341,ARM2,fatigue,N,safety_v3:RESOLVED
S0341,ARM2,diarrhea,N,safety_v3:RESOLVED
S0341,ARM2,constipation,N,safety_v3:RESOLVED
S0341,ARM2,anemia,N,safety_v3:RESOLVED
S0341,ARM2,neutropenia,N,safety_v3:RESOLVED
S0341,ARM2,sleeplessness,N,safety_v3:RESOLVED
S0341,ARM2,leukopenia,N,safety_v3:RESOLVED
S0341,ARM2,pain_in_limb,N,safety_v3:RESOLVED
S0341,ARM2,hyperglycemia,N,safety_v3:RESOLVED
S0341,ARM2,abdominal_pain,N,safety_v3:RESOLVED
S0341,ARM2,respiratory_tract_infections,N,safety_v3:RESOLVED
S0341,ARM2,hypocalcemia,N,safety_v3:RESOLVED
S0341,ARM2,dehydration,N,safety_v3:RESOLVED
S0341,ARM2,fatigue,Y,safety_v3:RESOLVED
S0341,ARM2,hypertension,N,protocol:F121
S0341,ARM2,acute renal failure,N,protocol:F130
S0341,ARM2,acute renal failure adverse events,N,protocol:F146
S0343,ARM2,fatigue,N,safety_v3:RESOLVED
S0343,ARM2,diarrhea,N,safety_v3:RESOLVED
S0343,ARM2,anemia,N,safety_v3:RESOLVED
S0343,ARM2,nausea,N,safety_v3:RESOLVED
S0343,ARM2,neutropenia,N,safety_v3:RESOLVED
S0343,ARM2,sleeplessness,N,safety_v3:RESOLVED
S0343,ARM2,upper_respiratory_infections,N,safety_v3:RESOLVED
S0343,ARM2,dyspnea,N,safety_v3:RESOLVED
S0343,ARM2,pain_in_limb,N,safety_v3:RESOLVED
S0343,ARM2,dizziness,N,safety_v3:RESOLVED
S0343,ARM2,peripheral_edema,N,safety_v3:RESOLVED
S0343,ARM2,neutrophil_count_decreased,N,safety_v3:RESOLVED
S0343,ARM2,fever,N,safety_v3:RESOLVED
S0343,ARM2,hyperglycemia,N,safety_v3:RESOLVED
S0343,ARM2,hypokalemia,N,safety_v3:RESOLVED
S0343,ARM2,weight_loss,N,safety_v3:RESOLVED
S0343,ARM2,hypocalcemia,N,safety_v3:RESOLVED
S0343,ARM2,blurred_vision,N,safety_v3:RESOLVED
S0343,ARM2,diarrhea,Y,safety_v3:RESOLVED
S0343,ARM2,hypertension adverse events,N,protocol:F100
S0343,ARM2,hypertension,N,protocol:F119
S0344,ARM2,fatigue,N,safety_v3:RESOLVED
S0344,ARM2,anemia,N,safety_v3:RESOLVED
S0344,ARM2,nausea,N,safety_v3:RESOLVED
S0344,ARM2,sleeplessness,N,safety_v3:RESOLVED
S0344,ARM2,spasm,N,safety_v3:RESOLVED
S0344,ARM2,vomiting,N,safety_v3:RESOLVED
S0344,ARM2,hypertension_variable,N,safety_v3:RESOLVED
S0344,ARM2,decrease_in_appetite,N,safety_v3:RESOLVED
S0344,ARM2,hyperglycemia,N,safety_v3:RESOLVED
S0344,ARM2,neuropathy-sensory,N,safety_v3:RESOLVED
S0344,ARM2,hypokalemia,N,safety_v3:RESOLVED
S0344,ARM2,neuropathic_pain,N,safety_v3:RESOLVED
S0344,ARM2,blurred_vision,N,safety_v3:RESOLVED
S0344,ARM2,hypertension adverse events,N,protocol:F098
S0344,ARM2,hypertension,N,protocol:F121
S0344,ARM2,acute renal failure,N,protocol:F128
S0347,ARM2,fatigue,N,safety_v3:RESOLVED
S0347,ARM2,diarrhea,N,safety_v3:RESOLVED
S0347,ARM2,anemia,N,safety_v3:RESOLVED
S0347,ARM2,neutropenia,N,safety_v3:RESOLVED
S0347,ARM2,sleeplessness,N,safety_v3:RESOLVED
S0347,ARM2,back_pain,N,safety_v3:RESOLVED
S0347,ARM2,spasm,N,safety_v3:RESOLVED
S0347,ARM2,vomiting,N,safety_v3:RESOLVED
S0347,ARM2,pain_in_limb,N,safety_v3:RESOLVED
S0347,ARM2,peripheral_edema,N,safety_v3:RESOLVED
S0347,ARM2,hyperglycemia,N,safety_v3:RESOLVED
S0347,ARM2,asthenia,N,safety_v3:RESOLVED
S0347,ARM2,decreased_platelet_count,N,safety_v3:RESOLVED
S0347,ARM2,hypocalcemia,N,safety_v3:RESOLVED
S0347,ARM2,hypoalbuminemia,N,safety_v3:RESOLVED
S0347,ARM2,pain,N,safety_v3:RESOLVED
S0347,ARM2,hypertension,N,protocol:F121
S0349,ARM2,fatigue,N,safety_v3:RESOLVED
S0349,ARM2,diarrhea,N,safety_v3:RESOLVED
S0349,ARM2,anemia,N,safety_v3:RESOLVED
S0349,ARM2,nausea,N,safety_v3:RESOLVED
S0349,ARM2,sleeplessness,N,safety_v3:RESOLVED
S0349,ARM2,upper_respiratory_infections,N,safety_v3:RESOLVED
S0349,ARM2,pain_in_limb,N,safety_v3:RESOLVED
S0349,ARM2,neutrophil_count_decreased,N,safety_v3:RESOLVED
S0349,ARM2,fever,N,safety_v3:RESOLVED
S0349,ARM2,hyperglycemia,N,safety_v3:RESOLVED
S0349,ARM2,weight_loss,N,safety_v3:RESOLVED
S0349,ARM2,rash/desquamation,N,safety_v3:RESOLVED
S0349,ARM2,edema:_limb,N,safety_v3:RESOLVED
S0349,ARM2,hypertension adverse events,N,protocol:F117
S0352,ARM2,fatigue,N,safety_v3:RESOLVED
S0352,ARM2,diarrhea,N,safety_v3:RESOLVED
S0352,ARM2,anemia,N,safety_v3:RESOLVED
S0352,ARM2,neutropenia,N,safety_v3:RESOLVED
S0352,ARM2,sleeplessness,N,safety_v3:RESOLVED
S0352,ARM2,upper_respiratory_infections,N,safety_v3:RESOLVED
S0352,ARM2,spasm,N,safety_v3:RESOLVED
S0352,ARM2,pain_in_limb,N,safety_v3:RESOLVED
S0352,ARM2,dizziness,N,safety_v3:RESOLVED
S0352,ARM2,decrease_in_appetite,N,safety_v3:RESOLVED
S0352,ARM2,neutrophil_count_decreased,N,safety_v3:RESOLVED
S0352,ARM2,hyperglycemia,N,safety_v3:RESOLVED
S0352,ARM2,neuropathy-sensory,N,safety_v3:RESOLVED
S0352,ARM2,weight_loss,N,safety_v3:RESOLVED
S0352,ARM2,respiratory_tract_infections,N,safety_v3:RESOLVED
S0352,ARM2,hypocalcemia,N,safety_v3:RESOLVED
S0352,ARM2,non_cardiac_chest_pain,N,safety_v3:RESOLVED
S0352,ARM2,blurred_vision,N,safety_v3:RESOLVED
S0352,ARM2,"potassium,_serum-low_(hypokalemia)",N,safety_v3:RESOLVED
S0352,ARM2,pneumonia,Y,safety_v3:RESOLVED
S0352,ARM2,hypertension adverse events,N,protocol:F092
S0352,ARM2,hypertension adverse events,N,protocol:F117
S0352,ARM2,hypertension,N,protocol:F121
S0354,ARM2,fatigue,N,safety_v3:RESOLVED
S0354,ARM2,diarrhea,N,safety_v3:RESOLVED
S0354,ARM2,anemia,N,safety_v3:RESOLVED
S0354,ARM2,pain_in_limb,N,safety_v3:RESOLVED
S0354,ARM2,dizziness,N,safety_v3:RESOLVED
S0354,ARM2,neutrophil_count_decreased,N,safety_v3:RESOLVED
S0354,ARM2,weight_loss,N,safety_v3:RESOLVED
S0354,ARM2,decreased_platelet_count,N,safety_v3:RESOLVED
S0354,ARM2,peripheral_nervous_system_diseases,N,safety_v3:RESOLVED
S0354,ARM2,respiratory_tract_infections,N,safety_v3:RESOLVED
S0354,ARM2,hypocalcemia,N,safety_v3:RESOLVED
S0354,ARM2,blurred_vision,N,safety_v3:RESOLVED
S0354,ARM2,hypoalbuminemia,N,safety_v3:RESOLVED
S0354,ARM2,pain,N,safety_v3:RESOLVED
S0354,ARM2,thrombocytopenia,Y,safety_v3:RESOLVED
S0354,ARM2,hypertension adverse events,N,protocol:F098
S0354,ARM2,hypertension,N,protocol:F119
S0356,ARM2,diarrhea,N,safety_v3:RESOLVED
S0356,ARM2,anemia,N,safety_v3:RESOLVED
S0356,ARM2,neutropenia,N,safety_v3:RESOLVED
S0356,ARM2,sleeplessness,N,safety_v3:RESOLVED
S0356,ARM2,upper_respiratory_infections,N,safety_v3:RESOLVED
S0356,ARM2,spasm,N,safety_v3:RESOLVED
S0356,ARM2,vomiting,N,safety_v3:RESOLVED
S0356,ARM2,pain_in_limb,N,safety_v3:RESOLVED
S0356,ARM2,dizziness,N,safety_v3:RESOLVED
S0356,ARM2,peripheral_edema,N,safety_v3:RESOLVED
S0356,ARM2,respiratory_tract_infections,N,safety_v3:RESOLVED
S0356,ARM2,pain,N,safety_v3:RESOLVED
S0356,ARM2,hypertension adverse events,N,protocol:F100
S0356,ARM2,hypertension adverse events,N,protocol:F117
S0356,ARM2,acute renal failure,N,protocol:F128
S0356,ARM2,acute renal failure adverse events,N,protocol:F144
S0357,ARM2,fatigue,N,safety_v3:RESOLVED
S0357,ARM2,anemia,N,safety_v3:RESOLVED
S0357,ARM2,nausea,N,safety_v3:RESOLVED
S0357,ARM2,neutropenia,N,safety_v3:RESOLVED
S0357,ARM2,pain_in_limb,N,safety_v3:RESOLVED
S0357,ARM2,neutrophil_count_decreased,N,safety_v3:RESOLVED
S0357,ARM2,decreased_platelet_count,N,safety_v3:RESOLVED
S0357,ARM2,hypocalcemia,N,safety_v3:RESOLVED
S0357,ARM2,blurred_vision,N,safety_v3:RESOLVED
S0357,ARM2,pain,N,safety_v3:RESOLVED
S0357,ARM2,hypertension,N,protocol:F119
S0357,ARM2,hypertension,N,protocol:F121
S0359,ARM2,fatigue,N,safety_v3:RESOLVED
S0359,ARM2,diarrhea,N,safety_v3:RESOLVED
S0359,ARM2,anemia,N,safety_v3:RESOLVED
S0359,ARM2,sleeplessness,N,safety_v3:RESOLVED
S0359,ARM2,leukopenia,N,safety_v3:RESOLVED
S0359,ARM2,dizziness,N,safety_v3:RESOLVED
S0359,ARM2,peripheral_edema,N,safety_v3:RESOLVED
S0359,ARM2,weight_loss,N,safety_v3:RESOLVED
S0359,ARM2,decreased_platelet_count,N,safety_v3:RESOLVED
S0359,ARM2,bone_pain,N,safety_v3:RESOLVED
S0359,ARM2,gastroenteritis,N,safety_v3:RESOLVED
S0359,ARM2,hypocalcemia,N,safety_v3:RESOLVED
S0359,ARM2,blurred_vision,N,safety_v3:RESOLVED
S0359,ARM2,hypoalbuminemia,N,safety_v3:RESOLVED
S0359,ARM2,hypertension adverse events,N,protocol:F092
S0362,ARM2,fatigue,N,safety_v3:RESOLVED
S0362,ARM2,nausea,N,safety_v3:RESOLVED
S0362,ARM2,neutropenia,N,safety_v3:RESOLVED
S0362,ARM2,sleeplessness,N,safety_v3:RESOLVED
S0362,ARM2,upper_respiratory_infections,N,safety_v3:RESOLVED
S0362,ARM2,spasm,N,safety_v3:RESOLVED
S0362,ARM2,vomiting,N,safety_v3:RESOLVED
S0362,ARM2,pain_in_limb,N,safety_v3:RESOLVED
S0362,ARM2,dizziness,N,safety_v3:RESOLVED
S0362,ARM2,respiratory_tract_infections,N,safety_v3:RESOLVED
S0362,ARM2,hyponatremia,N,safety_v3:RESOLVED
S0362,ARM2,pain,N,safety_v3:RESOLVED
S0362,ARM2,dehydration,N,safety_v3:RESOLVED
S0362,ARM2,hypertension adverse events,N,protocol:F100
S0364,ARM2,fatigue,N,safety_v3:RESOLVED
S0364,ARM2,diarrhea,N,safety_v3:RESOLVED
S0364,ARM2,neutropenia,N,safety_v3:RESOLVED
S0364,ARM2,sleeplessness,N,safety_v3:RESOLVED
S0364,ARM2,spasm,N,safety_v3:RESOLVED
S0364,ARM2,pain_in_limb,N,safety_v3:RESOLVED
S0364,ARM2,peripheral_edema,N,safety_v3:RESOLVED
S0364,ARM2,neutrophil_count_decreased,N,safety_v3:RESOLVED
S0364,ARM2,hyperglycemia,N,safety_v3:RESOLVED
S0364,ARM2,hypokalemia,N,safety_v3:RESOLVED
S0364,ARM2,respiratory_tract_infections,N,safety_v3:RESOLVED
S0364,ARM2,blurred_vision,N,safety_v3:RESOLVED
S0364,ARM2,hypoalbuminemia,N,safety_v3:RESOLVED
S0364,ARM2,dry_skin,N,safety_v3:RESOLVED
S0364,ARM2,thrombocytopenia,Y,safety_v3:RESOLVED
S0364,ARM2,hypertension,N,protocol:F119
S0364,ARM2,acute renal failure adverse events,N,protocol:F148
S0367,ARM2,anemia,N,safety_v3:RESOLVED
S0367,ARM2,nausea,N,safety_v3:RESOLVED
S0367,ARM2,neutropenia,N,safety_v3:RESOLVED
S0367,ARM2,sleeplessness,N,safety_v3:RESOLVED
S0367,ARM2,pain_in_limb,N,safety_v3:RESOLVED
S0367,ARM2,dizziness,N,safety_v3:RESOLVED
S0367,ARM2,neutrophil_count_decreased,N,safety_v3:RESOLVED
S0367,ARM2,hyperglycemia,N,safety_v3:RESOLVED
S0367,ARM2,weight_loss,N,safety_v3:RESOLVED
S0367,ARM2,influenza,N,safety_v3:RESOLVED
S0367,ARM2,neuropathic_pain,N,safety_v3:RESOLVED
S0367,ARM2,gastroenteritis,N,safety_v3:RESOLVED
S0367,ARM2,respiratory_tract_infections,N,safety_v3:RESOLVED
S0367,ARM2,hypocalcemia,N,safety_v3:RESOLVED
S0367,ARM2,blurred_vision,N,safety_v3:RESOLVED
S0367,ARM2,pain,N,safety_v3:RESOLVED
S0367,ARM2,hypertension adverse events,N,protocol:F092
S0368,ARM2,fatigue,N,safety_v3:RESOLVED
S0368,ARM2,diarrhea,N,safety_v3:RESOLVED
S0368,ARM2,anemia,N,safety_v3:RESOLVED
S0368,ARM2,sleeplessness,N,safety_v3:RESOLVED
S0368,ARM2,leukopenia,N,safety_v3:RESOLVED
S0368,ARM2,spasm,N,safety_v3:RESOLVED
S0368,ARM2,vomiting,N,safety_v3:RESOLVED
S0368,ARM2,hyperglycemia,N,safety_v3:RESOLVED
S0368,ARM2,hypocalcemia,N,safety_v3:RESOLVED
S0368,ARM2,blurred_vision,N,safety_v3:RESOLVED
S0368,ARM2,hypoalbuminemia,N,safety_v3:RESOLVED
S0368,ARM2,pain,N,safety_v3:RESOLVED
S0368,ARM2,pneumonia,Y,safety_v3:RESOLVED
S0368,ARM2,acute renal failure,N,protocol:F132
S0371,ARM2,fatigue,N,safety_v3:RESOLVED
S0371,ARM2,diarrhea,N,safety_v3:RESOLVED
S0371,ARM2,anemia,N,safety_v3:RESOLVED
S0371,ARM2,neutropenia,N,safety_v3:RESOLVED
S0371,ARM2,sleeplessness,N,safety_v3:RESOLVED
S0371,ARM2,upper_respiratory_infections,N,safety_v3:RESOLVED
S0371,ARM2,vomiting,N,safety_v3:RESOLVED
S0371,ARM2,dizziness,N,safety_v3:RESOLVED
S0371,ARM2,decrease_in_appetite,N,safety_v3:RESOLVED
S0371,ARM2,peripheral_edema,N,safety_v3:RESOLVED
S0371,ARM2,rash_erythematous_macules_or_papules,N,safety_v3:RESOLVED
S0371,ARM2,neutrophil_count_decreased,N,safety_v3:RESOLVED
S0371,ARM2,hyperglycemia,N,safety_v3:RESOLVED
S0371,ARM2,hypokalemia,N,safety_v3:RESOLVED
S0371,ARM2,hypocalcemia,N,safety_v3:RESOLVED
S0371,ARM2,hypoalbuminemia,N,safety_v3:RESOLVED
S0371,ARM2,cardiac failure events,N,protocol:F060
S0371,ARM2,hypertension adverse events,N,protocol:F098
S0371,ARM2,hypertension,N,protocol:F119
S0371,ARM2,hypertension,N,protocol:F121
S0371,ARM2,acute renal failure adverse events,N,protocol:F148
S0375,ARM2,anemia,N,safety_v3:RESOLVED
S0375,ARM2,vomiting,N,safety_v3:RESOLVED
S0375,ARM2,dizziness,N,safety_v3:RESOLVED
S0375,ARM2,peripheral_edema,N,safety_v3:RESOLVED
S0375,ARM2,cataract,N,safety_v3:RESOLVED
S0375,ARM2,neutrophil_count_decreased,N,safety_v3:RESOLVED
S0375,ARM2,hyperglycemia,N,safety_v3:RESOLVED
S0375,ARM2,hypokalemia,N,safety_v3:RESOLVED
S0375,ARM2,hypocalcemia,N,safety_v3:RESOLVED
S0375,ARM2,hypoalbuminemia,N,safety_v3:RESOLVED
S0375,ARM2,infectious_lung_disorder,Y,safety_v3:RESOLVED
S0376,ARM2,anemia,N,safety_v3:RESOLVED
S0376,ARM2,neutropenia,N,safety_v3:RESOLVED
S0376,ARM2,upper_respiratory_infections,N,safety_v3:RESOLVED
S0376,ARM2,arthralgia,N,safety_v3:RESOLVED
S0376,ARM2,peripheral_edema,N,safety_v3:RESOLVED
S0376,ARM2,hyperglycemia,N,safety_v3:RESOLVED
S0376,ARM2,neuropathy-sensory,N,safety_v3:RESOLVED
S0376,ARM2,hypocalcemia,N,safety_v3:RESOLVED
S0376,ARM2,hypoalbuminemia,N,safety_v3:RESOLVED
S0376,ARM2,pain,N,safety_v3:RESOLVED
S0376,ARM2,cardiac failure events,N,protocol:F062
S0376,ARM2,hypertension adverse events,N,protocol:F092
S0376,ARM2,hypertension adverse events,N,protocol:F096
S0376,ARM2,hypertension adverse events,N,protocol:F098
S0376,ARM2,hypertension,N,protocol:F121
S0378,ARM2,diarrhea,N,safety_v3:RESOLVED
S0378,ARM2,anemia,N,safety_v3:RESOLVED
S0378,ARM2,upper_respiratory_infections,N,safety_v3:RESOLVED
S0378,ARM2,vomiting,N,safety_v3:RESOLVED
S0378,ARM2,dizziness,N,safety_v3:RESOLVED
S0378,ARM2,hyperglycemia,N,safety_v3:RESOLVED
S0378,ARM2,neuropathy-sensory,N,safety_v3:RESOLVED
S0378,ARM2,decreased_platelet_count,N,safety_v3:RESOLVED
S0378,ARM2,abdominal_pain,N,safety_v3:RESOLVED
S0378,ARM2,hypocalcemia,N,safety_v3:RESOLVED
S0378,ARM2,neuropathy-motor,N,safety_v3:RESOLVED
S0378,ARM2,non_cardiac_chest_pain,N,safety_v3:RESOLVED
S0378,ARM2,blurred_vision,N,safety_v3:RESOLVED
S0378,ARM2,febrile_neutropenia,Y,safety_v3:RESOLVED
S0378,ARM2,hypertension adverse events,N,protocol:F092
S0378,ARM2,acute renal failure,N,protocol:F128
S0381,ARM2,anemia,N,safety_v3:RESOLVED
S0381,ARM2,neutropenia,N,safety_v3:RESOLVED
S0381,ARM2,sleeplessness,N,safety_v3:RESOLVED
S0381,ARM2,spasm,N,safety_v3:RESOLVED
S0381,ARM2,dizziness,N,safety_v3:RESOLVED
S0381,ARM2,neutrophil_count_decreased,N,safety_v3:RESOLVED
S0381,ARM2,hyperglycemia,N,safety_v3:RESOLVED
S0381,ARM2,asthenia,N,safety_v3:RESOLVED
S0381,ARM2,decreased_platelet_count,N,safety_v3:RESOLVED
S0381,ARM2,blurred_vision,N,safety_v3:RESOLVED
S0381,ARM2,upper_respiratory_infections,Y,safety_v3:RESOLVED
S0381,ARM2,hypertension adverse events,N,protocol:F100
S0381,ARM2,acute renal failure,N,protocol:F128
S0383,ARM2,leukopenia,N,safety_v3:RESOLVED
S0383,ARM2,pain_in_limb,N,safety_v3:RESOLVED
S0383,ARM2,hypertension_variable,N,safety_v3:RESOLVED
S0383,ARM2,dizziness,N,safety_v3:RESOLVED
S0383,ARM2,peripheral_edema,N,safety_v3:RESOLVED
S0383,ARM2,neutrophil_count_decreased,N,safety_v3:RESOLVED
S0383,ARM2,fever,N,safety_v3:RESOLVED
S0383,ARM2,hypokalemia,N,safety_v3:RESOLVED
S0383,ARM2,decreased_platelet_count,N,safety_v3:RESOLVED
S0383,ARM2,respiratory_tract_infections,N,safety_v3:RESOLVED
S0383,ARM2,hypocalcemia,N,safety_v3:RESOLVED
S0383,ARM2,pain,N,safety_v3:RESOLVED
S0383,ARM2,hypertension adverse events,N,protocol:F100
S0387,ARM2,anemia,N,safety_v3:RESOLVED
S0387,ARM2,neutropenia,N,safety_v3:RESOLVED
S0387,ARM2,upper_respiratory_infections,N,safety_v3:RESOLVED
S0387,ARM2,leukopenia,N,safety_v3:RESOLVED
S0387,ARM2,vomiting,N,safety_v3:RESOLVED
S0387,ARM2,peripheral_edema,N,safety_v3:RESOLVED
S0387,ARM2,hyperglycemia,N,safety_v3:RESOLVED
S0387,ARM2,neuropathy-sensory,N,safety_v3:RESOLVED
S0387,ARM2,weight_loss,N,safety_v3:RESOLVED
S0387,ARM2,bone_pain,N,safety_v3:RESOLVED
S0387,ARM2,hypocalcemia,N,safety_v3:RESOLVED
S0387,ARM2,neuropathy-motor,N,safety_v3:RESOLVED
S0387,ARM2,pain,N,safety_v3:RESOLVED
S0387,ARM2,pneumonia,Y,safety_v3:RESOLVED
S0387,ARM2,thrombocytopenia,Y,safety_v3:RESOLVED
S0389,ARM2,diarrhea,N,safety_v3:RESOLVED
S0389,ARM2,anemia,N,safety_v3:RESOLVED
S0389,ARM2,nausea,N,safety_v3:RESOLVED
S0389,ARM2,upper_respiratory_infections,N,safety_v3:RESOLVED
S0389,ARM2,vomiting,N,safety_v3:RESOLVED
S0389,ARM2,pain_in_limb,N,safety_v3:RESOLVED
S0389,ARM2,cataract,N,safety_v3:RESOLVED
S0389,ARM2,hyperglycemia,N,safety_v3:RESOLVED
S0389,ARM2,hypocalcemia,N,safety_v3:RESOLVED
S0389,ARM2,blurred_vision,N,safety_v3:RESOLVED
S0389,ARM2,hypoalbuminemia,N,safety_v3:RESOLVED
S0389,ARM2,upper_respiratory_infections,Y,safety_v3:RESOLVED
S0389,ARM2,fatigue,Y,safety_v3:RESOLVED
S0389,ARM2,hypertension adverse events,N,protocol:F098
S0389,ARM2,hypertension,N,protocol:F121
S0389,ARM2,acute renal failure adverse events,N,protocol:F148
S0390,ARM2,diarrhea,N,safety_v3:RESOLVED
S0390,ARM2,upper_respiratory_infections,N,safety_v3:RESOLVED
S0390,ARM2,back_pain,N,safety_v3:RESOLVED
S0390,ARM2,leukopenia,N,safety_v3:RESOLVED
S0390,ARM2,pain_in_limb,N,safety_v3:RESOLVED
S0390,ARM2,rash_erythematous_macules_or_papules,N,safety_v3:RESOLVED
S0390,ARM2,neutrophil_count_decreased,N,safety_v3:RESOLVED
S0390,ARM2,fever,N,safety_v3:RESOLVED
S0390,ARM2,hypokalemia,N,safety_v3:RESOLVED
S0390,ARM2,weight_loss,N,safety_v3:RESOLVED
S0390,ARM2,respiratory_tract_infections,N,safety_v3:RESOLVED
S0390,ARM2,hypocalcemia,N,safety_v3:RESOLVED
S0390,ARM2,non_cardiac_chest_pain,N,safety_v3:RESOLVED
S0390,ARM2,blurred_vision,N,safety_v3:RESOLVED
S0390,ARM2,dehydration,N,safety_v3:RESOLVED
S0390,ARM2,pneumonia,Y,safety_v3:RESOLVED
S0390,ARM2,cardiac failure events,N,protocol:F060
S0391,ARM2,fatigue,N,safety_v3:RESOLVED
S0391,ARM2,diarrhea,N,safety_v3:RESOLVED
S0391,ARM2,constipation,N,safety_v3:RESOLVED
S0391,ARM2,nausea,N,safety_v3:RESOLVED
S0391,ARM2,neutropenia,N,safety_v3:RESOLVED
S0391,ARM2,sleeplessness,N,safety_v3:RESOLVED
S0391,ARM2,upper_respiratory_infections,N,safety_v3:RESOLVED
S0391,ARM2,leukopenia,N,safety_v3:RESOLVED
S0391,ARM2,rash_erythematous_macules_or_papules,N,safety_v3:RESOLVED
S0391,ARM2,neutrophil_count_decreased,N,safety_v3:RESOLVED
S0391,ARM2,weight_loss,N,safety_v3:RESOLVED
S0391,ARM2,hypocalcemia,N,safety_v3:RESOLVED
S0391,ARM2,blurred_vision,N,safety_v3:RESOLVED
S0391,ARM2,acute renal failure,N,protocol:F132
S0396,ARM2,diarrhea,N,safety_v3:RESOLVED
S0396,ARM2,sleeplessness,N,safety_v3:RESOLVED
S0396,ARM2,vomiting,N,safety_v3:RESOLVED
S0396,ARM2,pain_in_limb,N,safety_v3:RESOLVED
S0396,ARM2,hypertension_variable,N,safety_v3:RESOLVED
S0396,ARM2,peripheral_edema,N,safety_v3:RESOLVED
S0396,ARM2,neutrophil_count_decreased,N,safety_v3:RESOLVED
S0396,ARM2,hyperglycemia,N,safety_v3:RESOLVED
S0396,ARM2,hypokalemia,N,safety_v3:RESOLVED
S0396,ARM2,neuropathic_pain,N,safety_v3:RESOLVED
S0396,ARM2,decreased_platelet_count,N,safety_v3:RESOLVED
S0396,ARM2,abdominal_pain,N,safety_v3:RESOLVED
S0396,ARM2,respiratory_tract_infections,N,safety_v3:RESOLVED
S0396,ARM2,hypocalcemia,N,safety_v3:RESOLVED
S0396,ARM2,hypoalbuminemia,N,safety_v3:RESOLVED
S0396,ARM2,deep_vein_thrombosis,N,safety_v3:RESOLVED
S0396,ARM2,lower_respiratory_tract_infection,Y,safety_v3:RESOLVED
S0396,ARM2,cardiac failure events,N,protocol:F060
S0396,ARM2,hypertension,N,protocol:F121
S0397,ARM2,fatigue,N,safety_v3:RESOLVED
S0397,ARM2,constipation,N,safety_v3:RESOLVED
S0397,ARM2,anemia,N,safety_v3:RESOLVED
S0397,ARM2,nausea,N,safety_v3:RESOLVED
S0397,ARM2,sensory_neuropathy,N,safety_v3:RESOLVED
S0397,ARM2,sleeplessness,N,safety_v3:RESOLVED
S0397,ARM2,leukopenia,N,safety_v3:RESOLVED
S0397,ARM2,pain_in_limb,N,safety_v3:RESOLVED
S0397,ARM2,peripheral_edema,N,safety_v3:RESOLVED
S0397,ARM2,hypocalcemia,N,safety_v3:RESOLVED
S0397,ARM2,blurred_vision,N,safety_v3:RESOLVED
S0397,ARM2,dehydration,N,safety_v3:RESOLVED
S0397,ARM2,fatigue,Y,safety_v3:RESOLVED
S0397,ARM2,hypertension adverse events,N,protocol:F117
S0399,ARM2,diarrhea,N,safety_v3:RESOLVED
S0399,ARM2,constipation,N,safety_v3:RESOLVED
S0399,ARM2,anemia,N,safety_v3:RESOLVED
S0399,ARM2,nausea,N,safety_v3:RESOLVED
S0399,ARM2,neutropenia,N,safety_v3:RESOLVED
S0399,ARM2,upper_respiratory_infections,N,safety_v3:RESOLVED
S0399,ARM2,vomiting,N,safety_v3:RESOLVED
S0399,ARM2,pain_in_limb,N,safety_v3:RESOLVED
S0399,ARM2,hypertension_variable,N,safety_v3:RESOLVED
S0399,ARM2,dizziness,N,safety_v3:RESOLVED
S0399,ARM2,peripheral_edema,N,safety_v3:RESOLVED
S0399,ARM2,cataract,N,safety_v3:RESOLVED
S0399,ARM2,bone_pain,N,safety_v3:RESOLVED
S0399,ARM2,hypocalcemia,N,safety_v3:RESOLVED
S0399,ARM2,hypertension adverse events,N,protocol:F092
S0399,ARM2,hypertension,N,protocol:F119
S0399,ARM2,acute renal failure adverse events,N,protocol:F146
S0402,ARM2,nausea,N,safety_v3:RESOLVED
S0402,ARM2,sleeplessness,N,safety_v3:RESOLVED
S0402,ARM2,spasm,N,safety_v3:RESOLVED
S0402,ARM2,vomiting,N,safety_v3:RESOLVED
S0402,ARM2,pain_in_limb,N,safety_v3:RESOLVED
S0402,ARM2,dizziness,N,safety_v3:RESOLVED
S0402,ARM2,peripheral_edema,N,safety_v3:RESOLVED
S0402,ARM2,hypokalemia,N,safety_v3:RESOLVED
S0402,ARM2,asthenia,N,safety_v3:RESOLVED
S0402,ARM2,influenza,N,safety_v3:RESOLVED
S0402,ARM2,respiratory_tract_infections,N,safety_v3:RESOLVED
S0402,ARM2,hypocalcemia,N,safety_v3:RESOLVED
S0402,ARM2,blurred_vision,N,safety_v3:RESOLVED
S0402,ARM2,pain,N,safety_v3:RESOLVED
S0402,ARM2,hypertension adverse events,N,protocol:F092
S0402,ARM2,hypertension,N,protocol:F121
S0403,ARM2,fatigue,N,safety_v3:RESOLVED
S0403,ARM2,anemia,N,safety_v3:RESOLVED
S0403,ARM2,neutropenia,N,safety_v3:RESOLVED
S0403,ARM2,spasm,N,safety_v3:RESOLVED
S0403,ARM2,pain_in_limb,N,safety_v3:RESOLVED
S0403,ARM2,peripheral_edema,N,safety_v3:RESOLVED
S0403,ARM2,rash_erythematous_macules_or_papules,N,safety_v3:RESOLVED
S0403,ARM2,hypokalemia,N,safety_v3:RESOLVED
S0403,ARM2,asthenia,N,safety_v3:RESOLVED
S0403,ARM2,influenza,N,safety_v3:RESOLVED
S0403,ARM2,decreased_platelet_count,N,safety_v3:RESOLVED
S0403,ARM2,abdominal_pain,N,safety_v3:RESOLVED
S0403,ARM2,neuropathy-motor,N,safety_v3:RESOLVED
S0403,ARM2,blurred_vision,N,safety_v3:RESOLVED
S0403,ARM2,hypoalbuminemia,N,safety_v3:RESOLVED
S0403,ARM2,pain,N,safety_v3:RESOLVED
S0403,ARM2,pneumonia,Y,safety_v3:RESOLVED
S0403,ARM2,hypertension,N,protocol:F121
S0403,ARM2,acute renal failure,N,protocol:F128
S0404,ARM2,anemia,N,safety_v3:RESOLVED
S0404,ARM2,sleeplessness,N,safety_v3:RESOLVED
S0404,ARM2,vomiting,N,safety_v3:RESOLVED
S0404,ARM2,dizziness,N,safety_v3:RESOLVED
S0404,ARM2,cataract,N,safety_v3:RESOLVED
S0404,ARM2,hyperglycemia,N,safety_v3:RESOLVED
S0404,ARM2,hypokalemia,N,safety_v3:RESOLVED
S0404,ARM2,weight_loss,N,safety_v3:RESOLVED
S0404,ARM2,influenza,N,safety_v3:RESOLVED
S0404,ARM2,peripheral_nervous_system_diseases,N,safety_v3:RESOLVED
S0404,ARM2,respiratory_tract_infections,N,safety_v3:RESOLVED
S0404,ARM2,hypocalcemia,N,safety_v3:RESOLVED
S0404,ARM2,blurred_vision,N,safety_v3:RESOLVED
S0404,ARM2,pneumonia,Y,safety_v3:RESOLVED
S0404,ARM2,hypertension adverse events,N,protocol:F098
S0404,ARM2,hypertension,N,protocol:F121
S0404,ARM2,acute renal failure,N,protocol:F130
S0407,ARM2,fatigue,N,safety_v3:RESOLVED
S0407,ARM2,diarrhea,N,safety_v3:RESOLVED
S0407,ARM2,anemia,N,safety_v3:RESOLVED
S0407,ARM2,nausea,N,safety_v3:RESOLVED
S0407,ARM2,neutropenia,N,safety_v3:RESOLVED
S0407,ARM2,leukopenia,N,safety_v3:RESOLVED
S0407,ARM2,spasm,N,safety_v3:RESOLVED
S0407,ARM2,vomiting,N,safety_v3:RESOLVED
S0407,ARM2,pain_in_limb,N,safety_v3:RESOLVED
S0407,ARM2,dizziness,N,safety_v3:RESOLVED
S0407,ARM2,peripheral_edema,N,safety_v3:RESOLVED
S0407,ARM2,neutrophil_count_decreased,N,safety_v3:RESOLVED
S0407,ARM2,neuropathy-sensory,N,safety_v3:RESOLVED
S0407,ARM2,influenza,N,safety_v3:RESOLVED
S0407,ARM2,respiratory_tract_infections,N,safety_v3:RESOLVED
S0407,ARM2,hypocalcemia,N,safety_v3:RESOLVED
S0407,ARM2,blurred_vision,N,safety_v3:RESOLVED
S0407,ARM2,cardiac_failure_secondary_to_chest_deformity,Y,safety_v3:RESOLVED
S0407,ARM2,thrombocytopenia,Y,safety_v3:RESOLVED
S0407,ARM2,cardiac failure events,N,protocol:F060
S0409,ARM2,fatigue,N,safety_v3:RESOLVED
S0409,ARM2,diarrhea,N,safety_v3:RESOLVED
S0409,ARM2,constipation,N,safety_v3:RESOLVED
S0409,ARM2,neutropenia,N,safety_v3:RESOLVED
S0409,ARM2,sleeplessness,N,safety_v3:RESOLVED
S0409,ARM2,leukopenia,N,safety_v3:RESOLVED
S0409,ARM2,vomiting,N,safety_v3:RESOLVED
S0409,ARM2,neutrophil_count_decreased,N,safety_v3:RESOLVED
S0409,ARM2,hyperglycemia,N,safety_v3:RESOLVED
S0409,ARM2,hypokalemia,N,safety_v3:RESOLVED
S0409,ARM2,weight_loss,N,safety_v3:RESOLVED
S0409,ARM2,abdominal_pain,N,safety_v3:RESOLVED
S0409,ARM2,respiratory_tract_infections,N,safety_v3:RESOLVED
S0409,ARM2,hypocalcemia,N,safety_v3:RESOLVED
S0409,ARM2,non_cardiac_chest_pain,N,safety_v3:RESOLVED
S0409,ARM2,blurred_vision,N,safety_v3:RESOLVED
S0409,ARM2,pain,N,safety_v3:RESOLVED
S0409,ARM2,upper_respiratory_infections,Y,safety_v3:RESOLVED
S0409,ARM2,thrombocytopenia,Y,safety_v3:RESOLVED
S0409,ARM2,hypertension adverse events,N,protocol:F092
S0413,ARM2,fatigue,N,safety_v3:RESOLVED
S0413,ARM2,diarrhea,N,safety_v3:RESOLVED
S0413,ARM2,anemia,N,safety_v3:RESOLVED
S0413,ARM2,nausea,N,safety_v3:RESOLVED
S0413,ARM2,neutrophil_count_decreased,N,safety_v3:RESOLVED
S0413,ARM2,respiratory_tract_infections,N,safety_v3:RESOLVED
S0413,ARM2,hypocalcemia,N,safety_v3:RESOLVED
S0413,ARM2,rash/desquamation,N,safety_v3:RESOLVED
S0413,ARM2,blurred_vision,N,safety_v3:RESOLVED
S0413,ARM2,hyponatremia,N,safety_v3:RESOLVED
S0413,ARM2,pain,N,safety_v3:RESOLVED
S0413,ARM2,pneumonia,Y,safety_v3:RESOLVED
S0413,ARM2,hypertension,N,protocol:F119
S0414,ARM2,diarrhea,N,safety_v3:RESOLVED
S0414,ARM2,nausea,N,safety_v3:RESOLVED
S0414,ARM2,sleeplessness,N,safety_v3:RESOLVED
S0414,ARM2,spasm,N,safety_v3:RESOLVED
S0414,ARM2,dizziness,N,safety_v3:RESOLVED
S0414,ARM2,hyperglycemia,N,safety_v3:RESOLVED
S0414,ARM2,neuropathy-sensory,N,safety_v3:RESOLVED
S0414,ARM2,hypokalemia,N,safety_v3:RESOLVED
S0414,ARM2,weight_loss,N,safety_v3:RESOLVED
S0414,ARM2,asthenia,N,safety_v3:RESOLVED
S0414,ARM2,hypocalcemia,N,safety_v3:RESOLVED
S0414,ARM2,rash/desquamation,N,safety_v3:RESOLVED
S0414,ARM2,deep_vein_thrombosis,N,safety_v3:RESOLVED
S0414,ARM2,hemoglobin_normal_12_16_gm,N,safety_v3:RESOLVED
S0415,ARM2,diarrhea,N,safety_v3:RESOLVED
S0415,ARM2,anemia,N,safety_v3:RESOLVED
S0415,ARM2,neutropenia,N,safety_v3:RESOLVED
S0415,ARM2,upper_respiratory_infections,N,safety_v3:RESOLVED
S0415,ARM2,spasm,N,safety_v3:RESOLVED
S0415,ARM2,vomiting,N,safety_v3:RESOLVED
S0415,ARM2,hyperglycemia,N,safety_v3:RESOLVED
S0415,ARM2,weight_loss,N,safety_v3:RESOLVED
S0415,ARM2,hypocalcemia,N,safety_v3:RESOLVED
S0415,ARM2,blurred_vision,N,safety_v3:RESOLVED
S0415,ARM2,hypoalbuminemia,N,safety_v3:RESOLVED
S0415,ARM2,pain,N,safety_v3:RESOLVED
S0415,ARM2,hypertension,N,protocol:F119
S0416,ARM2,fatigue,N,safety_v3:RESOLVED
S0416,ARM2,diarrhea,N,safety_v3:RESOLVED
S0416,ARM2,neutropenia,N,safety_v3:RESOLVED
S0416,ARM2,sleeplessness,N,safety_v3:RESOLVED
S0416,ARM2,upper_respiratory_infections,N,safety_v3:RESOLVED
S0416,ARM2,pain_in_limb,N,safety_v3:RESOLVED
S0416,ARM2,hyperglycemia,N,safety_v3:RESOLVED
S0416,ARM2,neuropathy-sensory,N,safety_v3:RESOLVED
S0416,ARM2,hypokalemia,N,safety_v3:RESOLVED
S0416,ARM2,influenza,N,safety_v3:RESOLVED
S0416,ARM2,decreased_platelet_count,N,safety_v3:RESOLVED
S0416,ARM2,blurred_vision,N,safety_v3:RESOLVED
S0416,ARM2,dysgeusia,N,safety_v3:RESOLVED
S0416,ARM2,upper_respiratory_infections,Y,safety_v3:RESOLVED
S0416,ARM2,cardiac failure events,N,protocol:F064
S0416,ARM2,hypertension,N,protocol:F119
S0416,ARM2,hypertension,N,protocol:F121
S0416,ARM2,acute renal failure,N,protocol:F128
S0418,ARM2,fatigue,N,safety_v3:RESOLVED
S0418,ARM2,diarrhea,N,safety_v3:RESOLVED
S0418,ARM2,constipation,N,safety_v3:RESOLVED
S0418,ARM2,anemia,N,safety_v3:RESOLVED
S0418,ARM2,nausea,N,safety_v3:RESOLVED
S0418,ARM2,pain_in_limb,N,safety_v3:RESOLVED
S0418,ARM2,cataract,N,safety_v3:RESOLVED
S0418,ARM2,hypokalemia,N,safety_v3:RESOLVED
S0418,ARM2,influenza,N,safety_v3:RESOLVED
S0418,ARM2,hypocalcemia,N,safety_v3:RESOLVED
S0418,ARM2,blurred_vision,N,safety_v3:RESOLVED
S0418,ARM2,musculoskeletal_chest_pain,N,safety_v3:RESOLVED
S0418,ARM2,cardiac failure events,N,protocol:F064
S0423,ARM2,fatigue,N,safety_v3:RESOLVED
S0423,ARM2,diarrhea,N,safety_v3:RESOLVED
S0423,ARM2,anemia,N,safety_v3:RESOLVED
S0423,ARM2,neutropenia,N,safety_v3:RESOLVED
S0423,ARM2,sleeplessness,N,safety_v3:RESOLVED
S0423,ARM2,upper_respiratory_infections,N,safety_v3:RESOLVED
S0423,ARM2,dizziness,N,safety_v3:RESOLVED
S0423,ARM2,decrease_in_appetite,N,safety_v3:RESOLVED
S0423,ARM2,peripheral_edema,N,safety_v3:RESOLVED
S0423,ARM2,neuropathy-sensory,N,safety_v3:RESOLVED
S0423,ARM2,influenza,N,safety_v3:RESOLVED
S0423,ARM2,hypoalbuminemia,N,safety_v3:RESOLVED
S0423,ARM2,thrombocytopenia,Y,safety_v3:RESOLVED
S0423,ARM2,hypertension adverse events,N,protocol:F117
S0424,ARM2,fatigue,N,safety_v3:RESOLVED
S0424,ARM2,diarrhea,N,safety_v3:RESOLVED
S0424,ARM2,anemia,N,safety_v3:RESOLVED
S0424,ARM2,nausea,N,safety_v3:RESOLVED
S0424,ARM2,sensory_neuropathy,N,safety_v3:RESOLVED
S0424,ARM2,upper_respiratory_infections,N,safety_v3:RESOLVED
S0424,ARM2,spasm,N,safety_v3:RESOLVED
S0424,ARM2,pain_in_limb,N,safety_v3:RESOLVED
S0424,ARM2,hypertension_variable,N,safety_v3:RESOLVED
S0424,ARM2,decrease_in_appetite,N,safety_v3:RESOLVED
S0424,ARM2,neuropathy-sensory,N,safety_v3:RESOLVED
S0424,ARM2,hypocalcemia,N,safety_v3:RESOLVED
S0424,ARM2,non_cardiac_chest_pain,N,safety_v3:RESOLVED
S0424,ARM2,blurred_vision,N,safety_v3:RESOLVED
S0424,ARM2,hypoalbuminemia,N,safety_v3:RESOLVED
S0424,ARM2,dehydration,N,safety_v3:RESOLVED
S0424,ARM2,hypertension adverse events,N,protocol:F092
S0424,ARM2,hypertension adverse events,N,protocol:F098
S0428,ARM2,fatigue,N,safety_v3:RESOLVED
S0428,ARM2,diarrhea,N,safety_v3:RESOLVED
S0428,ARM2,anemia,N,safety_v3:RESOLVED
S0428,ARM2,neutropenia,N,safety_v3:RESOLVED
S0428,ARM2,sleeplessness,N,safety_v3:RESOLVED
S0428,ARM2,hypertension_variable,N,safety_v3:RESOLVED
S0428,ARM2,peripheral_edema,N,safety_v3:RESOLVED
S0428,ARM2,cataract,N,safety_v3:RESOLVED
S0428,ARM2,neutrophil_count_decreased,N,safety_v3:RESOLVED
S0428,ARM2,fever,N,safety_v3:RESOLVED
S0428,ARM2,weight_loss,N,safety_v3:RESOLVED
S0428,ARM2,influenza,N,safety_v3:RESOLVED
S0428,ARM2,neuropathic_pain,N,safety_v3:RESOLVED
S0428,ARM2,pain,N,safety_v3:RESOLVED
S0428,ARM2,hypertension adverse events,N,protocol:F098
S0428,ARM2,acute renal failure,N,protocol:F132
S0430,ARM2,fatigue,N,safety_v3:RESOLVED
S0430,ARM2,neutropenia,N,safety_v3:RESOLVED
S0430,ARM2,upper_respiratory_infections,N,safety_v3:RESOLVED
S0430,ARM2,leukopenia,N,safety_v3:RESOLVED
S0430,ARM2,pain_in_limb,N,safety_v3:RESOLVED
S0430,ARM2,peripheral_edema,N,safety_v3:RESOLVED
S0430,ARM2,asthenia,N,safety_v3:RESOLVED
S0430,ARM2,decreased_platelet_count,N,safety_v3:RESOLVED
S0430,ARM2,hypocalcemia,N,safety_v3:RESOLVED
S0430,ARM2,pain,N,safety_v3:RESOLVED
S0431,ARM2,fatigue,N,safety_v3:RESOLVED
S0431,ARM2,diarrhea,N,safety_v3:RESOLVED
S0431,ARM2,nausea,N,safety_v3:RESOLVED
S0431,ARM2,neutropenia,N,safety_v3:RESOLVED
S0431,ARM2,upper_respiratory_infections,N,safety_v3:RESOLVED
S0431,ARM2,pain_in_limb,N,safety_v3:RESOLVED
S0431,ARM2,hypertension_variable,N,safety_v3:RESOLVED
S0431,ARM2,neuropathy-sensory,N,safety_v3:RESOLVED
S0431,ARM2,asthenia,N,safety_v3:RESOLVED
S0431,ARM2,bone_pain,N,safety_v3:RESOLVED
S0431,ARM2,hypocalcemia,N,safety_v3:RESOLVED
S0431,ARM2,deep_vein_thrombosis,N,safety_v3:RESOLVED
S0431,ARM2,upper_respiratory_infections,Y,safety_v3:RESOLVED
S0431,ARM2,thrombosis/thrombus/embolism,Y,safety_v3:RESOLVED
S0431,ARM2,hypertension adverse events,N,protocol:F092
S0431,ARM2,hypertension adverse events,N,protocol:F096
S0431,ARM2,acute renal failure adverse events,N,protocol:F146
S0431,ARM2,acute renal failure adverse events,N,protocol:F148
S0432,ARM2,anemia,N,safety_v3:RESOLVED
S0432,ARM2,nausea,N,safety_v3:RESOLVED
S0432,ARM2,neutropenia,N,safety_v3:RESOLVED
S0432,ARM2,spasm,N,safety_v3:RESOLVED
S0432,ARM2,dizziness,N,safety_v3:RESOLVED
S0432,ARM2,neutrophil_count_decreased,N,safety_v3:RESOLVED
S0432,ARM2,hypokalemia,N,safety_v3:RESOLVED
S0432,ARM2,weight_loss,N,safety_v3:RESOLVED
S0432,ARM2,decreased_platelet_count,N,safety_v3:RESOLVED
S0432,ARM2,hypocalcemia,N,safety_v3:RESOLVED
S0432,ARM2,hypertension,N,protocol:F119
S0433,ARM2,fatigue,N,safety_v3:RESOLVED
S0433,ARM2,leukopenia,N,safety_v3:RESOLVED
S0433,ARM2,vomiting,N,safety_v3:RESOLVED
S0433,ARM2,pain_in_limb,N,safety_v3:RESOLVED
S0433,ARM2,dizziness,N,safety_v3:RESOLVED
S0433,ARM2,peripheral_edema,N,safety_v3:RESOLVED
S0433,ARM2,cataract,N,safety_v3:RESOLVED
S0433,ARM2,hypokalemia,N,safety_v3:RESOLVED
S0433,ARM2,weight_loss,N,safety_v3:RESOLVED
S0433,ARM2,asthenia,N,safety_v3:RESOLVED
S0433,ARM2,nasopharyngitis,N,safety_v3:RESOLVED
S0433,ARM2,hypocalcemia,N,safety_v3:RESOLVED
S0433,ARM2,blurred_vision,N,safety_v3:RESOLVED
S0433,ARM2,hypoalbuminemia,N,safety_v3:RESOLVED
S0433,ARM2,deep_vein_thrombosis,N,safety_v3:RESOLVED
S0433,ARM2,pain,N,safety_v3:RESOLVED
S0433,ARM2,dyspnea,Y,safety_v3:RESOLVED
S0433,ARM2,thrombocytopenia,Y,safety_v3:RESOLVED
S0433,ARM2,acute renal failure adverse events,N,protocol:F148
S0436,ARM2,diarrhea,N,safety_v3:RESOLVED
S0436,ARM2,anemia,N,safety_v3:RESOLVED
S0436,ARM2,neutropenia,N,safety_v3:RESOLVED
S0436,ARM2,sleeplessness,N,safety_v3:RESOLVED
S0436,ARM2,spasm,N,safety_v3:RESOLVED
S0436,ARM2,hypertension_variable,N,safety_v3:RESOLVED
S0436,ARM2,peripheral_edema,N,safety_v3:RESOLVED
S0436,ARM2,neutrophil_count_decreased,N,safety_v3:RESOLVED
S0436,ARM2,hypokalemia,N,safety_v3:RESOLVED
S0436,ARM2,weight_loss,N,safety_v3:RESOLVED
S0436,ARM2,influenza,N,safety_v3:RESOLVED
S0436,ARM2,abdominal_pain,N,safety_v3:RESOLVED
S0436,ARM2,hypocalcemia,N,safety_v3:RESOLVED
S0436,ARM2,rash/desquamation,N,safety_v3:RESOLVED
S0436,ARM2,pneumonia,Y,safety_v3:RESOLVED
S0436,ARM2,hypertension adverse events,N,protocol:F098
S0437,ARM2,diarrhea,N,safety_v3:RESOLVED
S0437,ARM2,constipation,N,safety_v3:RESOLVED
S0437,ARM2,anemia,N,safety_v3:RESOLVED
S0437,ARM2,neutropenia,N,safety_v3:RESOLVED
S0437,ARM2,sleeplessness,N,safety_v3:RESOLVED
S0437,ARM2,upper_respiratory_infections,N,safety_v3:RESOLVED
S0437,ARM2,leukopenia,N,safety_v3:RESOLVED
S0437,ARM2,vomiting,N,safety_v3:RESOLVED
S0437,ARM2,hypertension_variable,N,safety_v3:RESOLVED
S0437,ARM2,peripheral_edema,N,safety_v3:RESOLVED
S0437,ARM2,cataract,N,safety_v3:RESOLVED
S0437,ARM2,neutrophil_count_decreased,N,safety_v3:RESOLVED
S0437,ARM2,thrombosis/thrombus/embolism,N,safety_v3:RESOLVED
S0437,ARM2,weight_loss,N,safety_v3:RESOLVED
S0437,ARM2,neuropathic_pain,N,safety_v3:RESOLVED
S0437,ARM2,abdominal_pain,N,safety_v3:RESOLVED
S0437,ARM2,hypocalcemia,N,safety_v3:RESOLVED
S0437,ARM2,rash/desquamation,N,safety_v3:RESOLVED
S0437,ARM2,hypoalbuminemia,N,safety_v3:RESOLVED
S0437,ARM2,hyponatremia,N,safety_v3:RESOLVED
S0437,ARM2,pain,N,safety_v3:RESOLVED
S0437,ARM2,hemoglobin_normal_12_16_gm,N,safety_v3:RESOLVED
S0437,ARM2,hypertension,N,protocol:F119
S0438,ARM2,diarrhea,N,safety_v3:RESOLVED
S0438,ARM2,anemia,N,safety_v3:RESOLVED
S0438,ARM2,nausea,N,safety_v3:RESOLVED
S0438,ARM2,neutropenia,N,safety_v3:RESOLVED
S0438,ARM2,sleeplessness,N,safety_v3:RESOLVED
S0438,ARM2,upper_respiratory_infections,N,safety_v3:RESOLVED
S0438,ARM2,spasm,N,safety_v3:RESOLVED
S0438,ARM2,pain_in_limb,N,safety_v3:RESOLVED
S0438,ARM2,dizziness,N,safety_v3:RESOLVED
S0438,ARM2,peripheral_edema,N,safety_v3:RESOLVED
S0438,ARM2,hypokalemia,N,safety_v3:RESOLVED
S0438,ARM2,nasopharyngitis,N,safety_v3:RESOLVED
S0438,ARM2,blurred_vision,N,safety_v3:RESOLVED
S0438,ARM2,dry_skin,N,safety_v3:RESOLVED
S0438,ARM2,pain,N,safety_v3:RESOLVED
S0438,ARM2,hypertension,N,protocol:F121
S0438,ARM2,acute renal failure,N,protocol:F128
S0439,ARM2,fatigue,N,safety_v3:RESOLVED
S0439,ARM2,diarrhea,N,safety_v3:RESOLVED
S0439,ARM2,constipation,N,safety_v3:RESOLVED
S0439,ARM2,anemia,N,safety_v3:RESOLVED
S0439,ARM2,nausea,N,safety_v3:RESOLVED
S0439,ARM2,upper_respiratory_infections,N,safety_v3:RESOLVED
S0439,ARM2,leukopenia,N,safety_v3:RESOLVED
S0439,ARM2,vomiting,N,safety_v3:RESOLVED
S0439,ARM2,peripheral_edema,N,safety_v3:RESOLVED
S0439,ARM2,neutrophil_count_decreased,N,safety_v3:RESOLVED
S0439,ARM2,hyperglycemia,N,safety_v3:RESOLVED
S0439,ARM2,hypocalcemia,N,safety_v3:RESOLVED
S0439,ARM2,rash/desquamation,N,safety_v3:RESOLVED
S0439,ARM2,hypoalbuminemia,N,safety_v3:RESOLVED
S0439,ARM2,pain,N,safety_v3:RESOLVED
S0439,ARM2,neuropathy:_sensory,N,safety_v3:RESOLVED
S0442,ARM2,fatigue,N,safety_v3:RESOLVED
S0442,ARM2,anemia,N,safety_v3:RESOLVED
S0442,ARM2,nausea,N,safety_v3:RESOLVED
S0442,ARM2,sleeplessness,N,safety_v3:RESOLVED
S0442,ARM2,peripheral_edema,N,safety_v3:RESOLVED
S0442,ARM2,hyperglycemia,N,safety_v3:RESOLVED
S0442,ARM2,weight_loss,N,safety_v3:RESOLVED
S0442,ARM2,hypocalcemia,N,safety_v3:RESOLVED
S0442,ARM2,blurred_vision,N,safety_v3:RESOLVED
S0442,ARM2,hypoalbuminemia,N,safety_v3:RESOLVED
S0442,ARM2,pain,N,safety_v3:RESOLVED
S0442,ARM2,thrombocytopenia,Y,safety_v3:RESOLVED
S0442,ARM2,acute renal failure,N,protocol:F132
S0443,ARM2,fatigue,N,safety_v3:RESOLVED
S0443,ARM2,diarrhea,N,safety_v3:RESOLVED
S0443,ARM2,anemia,N,safety_v3:RESOLVED
S0443,ARM2,nausea,N,safety_v3:RESOLVED
S0443,ARM2,neutropenia,N,safety_v3:RESOLVED
S0443,ARM2,sleeplessness,N,safety_v3:RESOLVED
S0443,ARM2,leukopenia,N,safety_v3:RESOLVED
S0443,ARM2,spasm,N,safety_v3:RESOLVED
S0443,ARM2,vomiting,N,safety_v3:RESOLVED
S0443,ARM2,dizziness,N,safety_v3:RESOLVED
S0443,ARM2,decrease_in_appetite,N,safety_v3:RESOLVED
S0443,ARM2,cataract,N,safety_v3:RESOLVED
S0443,ARM2,hypokalemia,N,safety_v3:RESOLVED
S0443,ARM2,weight_loss,N,safety_v3:RESOLVED
S0443,ARM2,decreased_platelet_count,N,safety_v3:RESOLVED
S0443,ARM2,respiratory_tract_infections,N,safety_v3:RESOLVED
S0443,ARM2,blurred_vision,N,safety_v3:RESOLVED
S0443,ARM2,pain,N,safety_v3:RESOLVED
S0443,ARM2,cardiac failure events,N,protocol:F060
S0446,ARM2,constipation,N,safety_v3:RESOLVED
S0446,ARM2,anemia,N,safety_v3:RESOLVED
S0446,ARM2,nausea,N,safety_v3:RESOLVED
S0446,ARM2,neutropenia,N,safety_v3:RESOLVED
S0446,ARM2,sleeplessness,N,safety_v3:RESOLVED
S0446,ARM2,upper_respiratory_infections,N,safety_v3:RESOLVED
S0446,ARM2,leukopenia,N,safety_v3:RESOLVED
S0446,ARM2,peripheral_edema,N,safety_v3:RESOLVED
S0446,ARM2,cataract,N,safety_v3:RESOLVED
S0446,ARM2,rash_erythematous_macules_or_papules,N,safety_v3:RESOLVED
S0446,ARM2,fever,N,safety_v3:RESOLVED
S0446,ARM2,hyperglycemia,N,safety_v3:RESOLVED
S0446,ARM2,neuropathy-sensory,N,safety_v3:RESOLVED
S0446,ARM2,weight_loss,N,safety_v3:RESOLVED
S0446,ARM2,peripheral_nervous_system_diseases,N,safety_v3:RESOLVED
S0446,ARM2,hypocalcemia,N,safety_v3:RESOLVED
S0446,ARM2,dry_skin,N,safety_v3:RESOLVED
S0446,ARM2,pain,N,safety_v3:RESOLVED
S0448,ARM2,anemia,N,safety_v3:RESOLVED
S0448,ARM2,nausea,N,safety_v3:RESOLVED
S0448,ARM2,vomiting,N,safety_v3:RESOLVED
S0448,ARM2,dizziness,N,safety_v3:RESOLVED
S0448,ARM2,hypokalemia,N,safety_v3:RESOLVED
S0448,ARM2,weight_loss,N,safety_v3:RESOLVED
S0448,ARM2,respiratory_tract_infections,N,safety_v3:RESOLVED
S0448,ARM2,hypocalcemia,N,safety_v3:RESOLVED
S0448,ARM2,non_cardiac_chest_pain,N,safety_v3:RESOLVED
S0448,ARM2,pain,N,safety_v3:RESOLVED
S0448,ARM2,dehydration,N,safety_v3:RESOLVED
S0448,ARM2,hypertension adverse events,N,protocol:F096
S0448,ARM2,acute renal failure,N,protocol:F128
S0456,ARM2,fatigue,N,safety_v3:RESOLVED
S0456,ARM2,diarrhea,N,safety_v3:RESOLVED
S0456,ARM2,anemia,N,safety_v3:RESOLVED
S0456,ARM2,neutropenia,N,safety_v3:RESOLVED
S0456,ARM2,pain_in_limb,N,safety_v3:RESOLVED
S0456,ARM2,hyperglycemia,N,safety_v3:RESOLVED
S0456,ARM2,hypokalemia,N,safety_v3:RESOLVED
S0456,ARM2,weight_loss,N,safety_v3:RESOLVED
S0456,ARM2,respiratory_tract_infections,N,safety_v3:RESOLVED
S0456,ARM2,hypocalcemia,N,safety_v3:RESOLVED
S0456,ARM2,blurred_vision,N,safety_v3:RESOLVED
S0456,ARM2,pain,N,safety_v3:RESOLVED
S0456,ARM2,hemoglobin_normal_12_16_gm,N,safety_v3:RESOLVED
S0456,ARM2,acute renal failure adverse events,N,protocol:F148
S0458,ARM2,anemia,N,safety_v3:RESOLVED
S0458,ARM2,nausea,N,safety_v3:RESOLVED
S0458,ARM2,neutropenia,N,safety_v3:RESOLVED
S0458,ARM2,sleeplessness,N,safety_v3:RESOLVED
S0458,ARM2,leukopenia,N,safety_v3:RESOLVED
S0458,ARM2,neutrophil_count_decreased,N,safety_v3:RESOLVED
S0458,ARM2,hypocalcemia,N,safety_v3:RESOLVED
S0458,ARM2,pain,N,safety_v3:RESOLVED
S0458,ARM2,pneumonia,Y,safety_v3:RESOLVED
S0459,ARM2,nausea,N,safety_v3:RESOLVED
S0459,ARM2,upper_respiratory_infections,N,safety_v3:RESOLVED
S0459,ARM2,leukopenia,N,safety_v3:RESOLVED
S0459,ARM2,pain_in_limb,N,safety_v3:RESOLVED
S0459,ARM2,dizziness,N,safety_v3:RESOLVED
S0459,ARM2,decrease_in_appetite,N,safety_v3:RESOLVED
S0459,ARM2,neuropathic_pain,N,safety_v3:RESOLVED
S0459,ARM2,peripheral_nervous_system_diseases,N,safety_v3:RESOLVED
S0459,ARM2,hypocalcemia,N,safety_v3:RESOLVED
S0459,ARM2,neuropathy-motor,N,safety_v3:RESOLVED
S0459,ARM2,blurred_vision,N,safety_v3:RESOLVED
S0459,ARM2,"potassium,_serum-low_(hypokalemia)",N,safety_v3:RESOLVED
S0459,ARM2,pain,N,safety_v3:RESOLVED
S0459,ARM2,hypertension adverse events,N,protocol:F096
S0459,ARM2,hypertension,N,protocol:F119
