USUBJID,ARMCD,PARAMCD,AVALC,ADY
S0003,ARM1,OVRLRESP,PR,28
S0003,ARM1,OVRLRESP,CR,56
S0003,ARM1,OVRLRESP,CR,84
S0003,ARM1,OVRLRESP,CR,112
S0003,ARM1,OVRLRESP,CR,140
S0003,ARM1,OVRLRESP,CR,168
S0003,ARM1,OVRLRESP,CR,196
S0003,ARM1,OVRLRESP,CR,224
S0003,ARM1,OVRLRESP,PR,252
S0003,ARM1,OVRLRESP,PR,280
S0003,ARM1,OVRLRESP,PR,308
S0003,ARM1,OVRLRESP,PR,336
S0003,ARM1,OVRLRESP,PR,364
S0003,ARM1,OVRLRESP,PR,392
S0003,ARM1,OVRLRESP,PR,420
S0003,ARM1,OVRLRESP,PR,448
S0003,ARM1,OVRLRESP,PR,476
S0003,ARM1,OVRLRESP,PR,504
S0003,ARM1,CBOR,CR,56
S0005,ARM1,OVRLRESP,PD,28
S0005,ARM1,CBOR,PD,28
S0006,ARM1,OVRLRESP,SD,28
S0006,ARM1,OVRLRESP,PR,56
S0006,ARM1,OVRLRESP,PR,84
S0006,ARM1,OVRLRESP,PR,112
S0006,ARM1,OVRLRESP,PR,140
S0006,ARM1,OVRLRESP,PR,168
S0006,ARM1,OVRLRESP,PR,196
S0006,ARM1,OVRLRESP,PR,224
S0006,ARM1,OVRLRESP,PR,252
S0006,ARM1,OVRLRESP,PR,280
S0006,ARM1,OVRLRESP,PR,308
S0006,ARM1,OVRLRESP,PR,336
S0006,ARM1,OVRLRESP,PR,364
S0006,ARM1,OVRLRESP,PR,392
S0006,ARM1,OVRLRESP,PR,420
S0006,ARM1,OVRLRESP,PR,448
S0006,ARM1,OVRLRESP,PR,476
S0006,ARM1,OVRLRESP,PR,504
S0006,ARM1,OVRLRESP,PR,532
S0006,ARM1,OVRLRESP,PR,560
S0006,ARM1,OVRLRESP,PR,588
S0006,ARM1,OVRLRESP,PR,616
S0006,ARM1,OVRLRESP,PR,644
S0006,ARM1,OVRLRESP,PR,672
S0006,ARM1,OVRLRESP,PR,700
S0006,ARM1,OVRLRESP,PD,728
S0006,ARM1,CBOR,PR,56
S0007,ARM1,OVRLRESP,SD,28
S0007,ARM1,OVRLRESP,PR,56
S0007,ARM1,OVRLRESP,PR,84
S0007,ARM1,OVRLRESP,PR,112
S0007,ARM1,OVRLRESP,PR,140
S0007,ARM1,OVRLRESP,PR,168
S0007,ARM1,OVRLRESP,PR,196
S0007,ARM1,OVRLRESP,PR,224
S0007,ARM1,OVRLRESP,PR,252
S0007,ARM1,OVRLRESP,PR,280
S0007,ARM1,OVRLRESP,PR,308
S0007,ARM1,OVRLRESP,PR,336
S0007,ARM1,OVRLRESP,PR,364
S0007,ARM1,OVRLRESP,PR,392
S0007,ARM1,OVRLRESP,PR,420
S0007,ARM1,OVRLRESP,PR,448
S0007,ARM1,OVRLRESP,PR,476
S0007,ARM1,OVRLRESP,PR,504
S0007,ARM1,OVRLRESP,PR,532
S0007,ARM1,OVRLRESP,PR,560
S0007,ARM1,OVRLRESP,PR,588
S0007,ARM1,OVRLRESP,PR,616
S0007,ARM1,OVRLRESP,PR,644
S0007,ARM1,OVRLRESP,PR,672
S0007,ARM1,OVRLRESP,PR,700
S0007,ARM1,OVRLRESP,PR,728
S0007,ARM1,OVRLRESP,PR,756
S0007,ARM1,OVRLRESP,PR,784
S0007,ARM1,OVRLRESP,PR,812
S0007,ARM1,OVRLRESP,PR,840
S0007,ARM1,OVRLRESP,PR,868
S0007,ARM1,OVRLRESP,PR,896
S0007,ARM1,OVRLRESP,PR,924
S0007,ARM1,CBOR,PR,56
S0008,ARM1,OVRLRESP,SD,28
S0008,ARM1,OVRLRESP,PR,56
S0008,ARM1,OVRLRESP,PR,84
S0008,ARM1,OVRLRESP,PR,112
S0008,ARM1,OVRLRESP,PD,140
S0008,ARM1,CBOR,PR,56
S0012,ARM1,OVRLRESP,SD,28
S0012,ARM1,OVRLRESP,CR,56
S0012,ARM1,OVRLRESP,CR,84
S0012,ARM1,OVRLRESP,CR,112
S0012,ARM1,OVRLRESP,CR,140
S0012,ARM1,OVRLRESP,CR,168
S0012,ARM1,OVRLRESP,CR,196
S0012,ARM1,OVRLRESP,CR,224
S0012,ARM1,OVRLRESP,CR,252
S0012,ARM1,OVRLRESP,CR,280
S0012,ARM1,OVRLRESP,CR,308
S0012,ARM1,OVRLRESP,CR,336
S0012,ARM1,OVRLRESP,CR,364
S0012,ARM1,OVRLRESP,CR,392
S0012,ARM1,OVRLRESP,CR,420
S0012,ARM1,OVRLRESP,CR,448
S0012,ARM1,OVRLRESP,CR,476
S0012,ARM1,OVRLRESP,CR,504
S0012,ARM1,OVRLRESP,CR,532
S0012,ARM1,OVRLRESP,CR,560
S0012,ARM1,OVRLRESP,CR,588
S0012,ARM1,OVRLRESP,CR,616
S0012,ARM1,OVRLRESP,CR,644
S0012,ARM1,OVRLRESP,CR,672
S0012,ARM1,OVRLRESP,CR,700
S0012,ARM1,OVRLRESP,CR,728
S0012,ARM1,OVRLRESP,CR,756
S0012,ARM1,OVRLRESP,CR,784
S0012,ARM1,OVRLRESP,CR,812
S0012,ARM1,OVRLRESP,CR,840
S0012,ARM1,OVRLRESP,CR,868
S0012,ARM1,OVRLRESP,CR,896
S0012,ARM1,OVRLRESP,CR,924
S0012,ARM1,OVRLRESP,CR,952
S0012,ARM1,OVRLRESP,CR,980
S0012,ARM1,OVRLRESP,CR,1008
S0012,ARM1,OVRLRESP,CR,1036
S0012,ARM1,OVRLRESP,CR,1064
S0012,ARM1,OVRLRESP,CR,1092
S0012,ARM1,OVRLRESP,CR,1120
S0012,ARM1,OVRLRESP,CR,1148
S0012,ARM1,OVRLRESP,CR,1176
S0012,ARM1,OVRLRESP,CR,1204
S0012,ARM1,OVRLRESP,CR,1232
S0012,ARM1,OVRLRESP,CR,1260
S0012,ARM1,OVRLRESP,CR,1288
S0012,ARM1,OVRLRESP,CR,1316
S0012,ARM1,OVRLRESP,CR,1344
S0012,ARM1,OVRLRESP,CR,1372
S0012,ARM1,OVRLRESP,CR,1400
S0012,ARM1,OVRLRESP,CR,1428
S0012,ARM1,OVRLRESP,CR,1456
S0012,ARM1,OVRLRESP,CR,1484
S0012,ARM1,OVRLRESP,CR,1512
S0012,ARM1,OVRLRESP,CR,1540
S0012,ARM1,OVRLRESP,CR,1568
S0012,ARM1,OVRLRESP,CR,1596
S0012,ARM1,OVRLRESP,CR,1624
S0012,ARM1,OVRLRESP,CR,1652
S0012,ARM1,OVRLRESP,CR,1680
S0012,ARM1,OVRLRESP,CR,1708
S0012,ARM1,OVRLRESP,CR,1736
S0012,ARM1,OVRLRESP,CR,1764
S0012,ARM1,OVRLRESP,CR,1792
S0012,ARM1,OVRLRESP,CR,1820
S0012,ARM1,OVRLRESP,CR,1848
S0012,ARM1,OVRLRESP,CR,1876
S0012,ARM1,OVRLRESP,CR,1904
S0012,ARM1,OVRLRESP,CR,1932
S0012,ARM1,OVRLRESP,CR,1960
S0012,ARM1,OVRLRESP,CR,1988
S0012,ARM1,OVRLRESP,CR,2016
S0012,ARM1,OVRLRESP,PR,2044
S0012,ARM1,OVRLRESP,PR,2072
S0012,ARM1,OVRLRESP,PR,2100
S0012,ARM1,OVRLRESP,PR,2128
S0012,ARM1,OVRLRESP,PR,2156
S0012,ARM1,OVRLRESP,PR,2184
S0012,ARM1,OVRLRESP,PR,2212
S0012,ARM1,OVRLRESP,PR,2240
S0012,ARM1,OVRLRESP,PR,2268
S0012,ARM1,OVRLRESP,PR,2296
S0012,ARM1,OVRLRESP,PR,2324
S0012,ARM1,OVRLRESP,PR,2352
S0012,ARM1,OVRLRESP,PR,2380
S0012,ARM1,OVRLRESP,PR,2408
S0012,ARM1,OVRLRESP,PR,2436
S0012,ARM1,OVRLRESP,PR,2464
S0012,ARM1,OVRLRESP,PR,2492
S0012,ARM1,OVRLRESP,PR,2520
S0012,ARM1,OVRLRESP,PR,2548
S0012,ARM1,OVRLRESP,PR,2576
S0012,ARM1,OVRLRESP,PR,2604
S0012,ARM1,CBOR,CR,56
S0013,ARM1,OVRLRESP,PR,28
S0013,ARM1,OVRLRESP,CR,56
S0013,ARM1,OVRLRESP,CR,84
S0013,ARM1,OVRLRESP,CR,112
S0013,ARM1,OVRLRESP,PR,140
S0013,ARM1,OVRLRESP,PR,168
S0013,ARM1,OVRLRESP,PR,196
S0013,ARM1,OVRLRESP,PR,224
S0013,ARM1,OVRLRESP,PR,252
S0013,ARM1,OVRLRESP,PR,280
S0013,ARM1,OVRLRESP,PR,308
S0013,ARM1,OVRLRESP,PR,336
S0013,ARM1,OVRLRESP,PR,364
S0013,ARM1,OVRLRESP,PR,392
S0013,ARM1,OVRLRESP,PR,420
S0013,ARM1,OVRLRESP,PR,448
S0013,ARM1,OVRLRESP,PR,476
S0013,ARM1,OVRLRESP,PR,504
S0013,ARM1,OVRLRESP,PR,532
S0013,ARM1,OVRLRESP,PR,560
S0013,ARM1,OVRLRESP,PR,588
S0013,ARM1,OVRLRESP,PR,616
S0013,ARM1,OVRLRESP,PR,644
S0013,ARM1,OVRLRESP,PR,672
S0013,ARM1,OVRLRESP,PR,700
S0013,ARM1,OVRLRESP,PR,728
S0013,ARM1,OVRLRESP,PR,756
S0013,ARM1,OVRLRESP,PR,784
S0013,ARM1,OVRLRESP,PR,812
S0013,ARM1,OVRLRESP,PR,840
S0013,ARM1,OVRLRESP,PR,868
S0013,ARM1,OVRLRESP,PR,896
S0013,ARM1,OVRLRESP,PR,924
S0013,ARM1,OVRLRESP,PR,952
S0013,ARM1,OVRLRESP,PR,980
S0013,ARM1,OVRLRESP,PR,1008
S0013,ARM1,OVRLRESP,PR,1036
S0013,ARM1,OVRLRESP,PR,1064
S0013,ARM1,OVRLRESP,PR,1092
S0013,ARM1,OVRLRESP,PR,1120
S0013,ARM1,OVRLRESP,PR,1148
S0013,ARM1,OVRLRESP,PR,1176
S0013,ARM1,OVRLRESP,PR,1204
S0013,ARM1,OVRLRESP,PR,1232
S0013,ARM1,OVRLRESP,PR,1260
S0013,ARM1,OVRLRESP,PR,1288
S0013,ARM1,OVRLRESP,PR,1316
S0013,ARM1,OVRLRESP,PR,1344
S0013,ARM1,OVRLRESP,PR,1372
S0013,ARM1,OVRLRESP,PR,1400
S0013,ARM1,OVRLRESP,PR,1428
S0013,ARM1,OVRLRESP,PR,1456
S0013,ARM1,OVRLRESP,PR,1484
S0013,ARM1,OVRLRESP,PR,1512
S0013,ARM1,OVRLRESP,PR,1540
S0013,ARM1,OVRLRESP,PR,1568
S0013,ARM1,OVRLRESP,PR,1596
S0013,ARM1,OVRLRESP,PR,1624
S0013,ARM1,OVRLRESP,PR,1652
S0013,ARM1,OVRLRESP,PR,1680
S0013,ARM1,OVRLRESP,PR,1708
S0013,ARM1,OVRLRESP,PR,1736
S0013,ARM1,OVRLRESP,PR,1764
S0013,ARM1,OVRLRESP,PR,1792
S0013,ARM1,OVRLRESP,PR,1820
S0013,ARM1,OVRLRESP,PR,1848
S0013,ARM1,OVRLRESP,PR,1876
S0013,ARM1,OVRLRESP,PR,1904
S0013,ARM1,OVRLRESP,PR,1932
S0013,ARM1,OVRLRESP,PR,1960
S0013,ARM1,OVRLRESP,PR,1988
S0013,ARM1,OVRLRESP,PR,2016
S0013,ARM1,OVRLRESP,PR,2044
S0013,ARM1,OVRLRESP,PR,2072
S0013,ARM1,OVRLRESP,PR,2100
S0013,ARM1,OVRLRESP,PR,2128
S0013,ARM1,OVRLRESP,PR,2156
S0013,ARM1,OVRLRESP,PR,2184
S0013,ARM1,OVRLRESP,PR,2212
S0013,ARM1,OVRLRESP,PR,2240
S0013,ARM1,OVRLRESP,PR,2268
S0013,ARM1,OVRLRESP,PR,2296
S0013,ARM1,OVRLRESP,PR,2324
S0013,ARM1,OVRLRESP,PR,2352
S0013,ARM1,OVRLRESP,PR,2380
S0013,ARM1,OVRLRESP,PR,2408
S0013,ARM1,OVRLRESP,PR,2436
S0013,ARM1,OVRLRESP,PR,2464
S0013,ARM1,OVRLRESP,PR,2492
S0013,ARM1,OVRLRESP,PR,2520
S0013,ARM1,OVRLRESP,PR,2548
S0013,ARM1,OVRLRESP,PR,2576
S0013,ARM1,OVRLRESP,PR,2604
S0013,ARM1,OVRLRESP,PR,2632
S0013,ARM1,OVRLRESP,PR,2660
S0013,ARM1,OVRLRESP,PR,2688
S0013,ARM1,OVRLRESP,PR,2716
S0013,ARM1,OVRLRESP,PR,2744
S0013,ARM1,OVRLRESP,PR,2772
S0013,ARM1,OVRLRESP,PR,2800
S0013,ARM1,OVRLRESP,PR,2828
S0013,ARM1,OVRLRESP,PR,2856
S0013,ARM1,OVRLRESP,PR,2884
S0013,ARM1,OVRLRESP,PR,2912
S0013,ARM1,OVRLRESP,PR,2940
S0013,ARM1,OVRLRESP,PR,2968
S0013,ARM1,OVRLRESP,PR,2996
S0013,ARM1,OVRLRESP,PR,3024
S0013,ARM1,OVRLRESP,PR,3052
S0013,ARM1,OVRLRESP,PR,3080
S0013,ARM1,OVRLRESP,PR,3108
S0013,ARM1,OVRLRESP,PR,3136
S0013,ARM1,OVRLRESP,PR,3164
S0013,ARM1,OVRLRESP,PR,3192
S0013,ARM1,OVRLRESP,PR,3220
S0013,ARM1,OVRLRESP,PR,3248
S0013,ARM1,OVRLRESP,PR,3276
S0013,ARM1,OVRLRESP,PR,3304
S0013,ARM1,OVRLRESP,PR,3332
S0013,ARM1,OVRLRESP,PR,3360
S0013,ARM1,OVRLRESP,PR,3388
S0013,ARM1,OVRLRESP,PR,3416
S0013,ARM1,OVRLRESP,PR,3444
S0013,ARM1,OVRLRESP,PR,3472
S0013,ARM1,OVRLRESP,PR,3500
S0013,ARM1,OVRLRESP,PR,3528
S0013,ARM1,OVRLRESP,PR,3556
S0013,ARM1,OVRLRESP,PR,3584
S0013,ARM1,OVRLRESP,PR,3612
S0013,ARM1,OVRLRESP,PR,3640
S0013,ARM1,OVRLRESP,PR,3668
S0013,ARM1,OVRLRESP,PR,3696
S0013,ARM1,OVRLRESP,PR,3724
S0013,ARM1,OVRLRESP,PR,3752
S0013,ARM1,OVRLRESP,PR,3780
S0013,ARM1,OVRLRESP,PR,3808
S0013,ARM1,OVRLRESP,PR,3836
S0013,ARM1,OVRLRESP,PR,3864
S0013,ARM1,OVRLRESP,PR,3892
S0013,ARM1,OVRLRESP,PR,3920
S0013,ARM1,OVRLRESP,PR,3948
S0013,ARM1,OVRLRESP,PR,3976
S0013,ARM1,OVRLRESP,PR,4004
S0013,ARM1,OVRLRESP,PR,4032
S0013,ARM1,CBOR,CR,56
S0014,ARM1,CBOR,NE,
S0015,ARM1,OVRLRESP,PD,28
S0015,ARM1,CBOR,PD,28
S0016,ARM1,OVRLRESP,SD,28
S0016,ARM1,OVRLRESP,PR,56
S0016,ARM1,OVRLRESP,PR,84
S0016,ARM1,OVRLRESP,PR,112
S0016,ARM1,OVRLRESP,PD,140
S0016,ARM1,CBOR,PR,56
S0018,ARM1,OVRLRESP,PR,28
S0018,ARM1,OVRLRESP,CR,56
S0018,ARM1,OVRLRESP,CR,84
S0018,ARM1,OVRLRESP,CR,112
S0018,ARM1,OVRLRESP,CR,140
S0018,ARM1,OVRLRESP,CR,168
S0018,ARM1,OVRLRESP,CR,196
S0018,ARM1,OVRLRESP,CR,224
S0018,ARM1,OVRLRESP,CR,252
S0018,ARM1,OVRLRESP,CR,280
S0018,ARM1,OVRLRESP,CR,308
S0018,ARM1,OVRLRESP,CR,336
S0018,ARM1,OVRLRESP,CR,364
S0018,ARM1,OVRLRESP,CR,392
S0018,ARM1,OVRLRESP,CR,420
S0018,ARM1,OVRLRESP,CR,448
S0018,ARM1,OVRLRESP,CR,476
S0018,ARM1,OVRLRESP,CR,504
S0018,ARM1,OVRLRESP,CR,532
S0018,ARM1,OVRLRESP,CR,560
S0018,ARM1,OVRLRESP,CR,588
S0018,ARM1,OVRLRESP,CR,616
S0018,ARM1,OVRLRESP,CR,644
S0018,ARM1,OVRLRESP,CR,672
S0018,ARM1,OVRLRESP,CR,700
S0018,ARM1,OVRLRESP,CR,728
S0018,ARM1,OVRLRESP,CR,756
S0018,ARM1,OVRLRESP,CR,784
S0018,ARM1,OVRLRESP,CR,812
S0018,ARM1,OVRLRESP,CR,840
S0018,ARM1,OVRLRESP,CR,868
S0018,ARM1,OVRLRESP,CR,896
S0018,ARM1,OVRLRESP,CR,924
S0018,ARM1,OVRLRESP,CR,952
S0018,ARM1,OVRLRESP,CR,980
S0018,ARM1,OVRLRESP,CR,1008
S0018,ARM1,OVRLRESP,CR,1036
S0018,ARM1,OVRLRESP,CR,1064
S0018,ARM1,OVRLRESP,CR,1092
S0018,ARM1,OVRLRESP,CR,1120
S0018,ARM1,OVRLRESP,CR,1148
S0018,ARM1,OVRLRESP,CR,1176
S0018,ARM1,OVRLRESP,CR,1204
S0018,ARM1,OVRLRESP,CR,1232
S0018,ARM1,OVRLRESP,CR,1260
S0018,ARM1,OVRLRESP,PR,1288
S0018,ARM1,OVRLRESP,PR,1316
S0018,ARM1,OVRLRESP,PR,1344
S0018,ARM1,OVRLRESP,PR,1372
S0018,ARM1,OVRLRESP,PR,1400
S0018,ARM1,OVRLRESP,PR,1428
S0018,ARM1,OVRLRESP,PR,1456
S0018,ARM1,OVRLRESP,PR,1484
S0018,ARM1,OVRLRESP,PR,1512
S0018,ARM1,OVRLRESP,PR,1540
S0018,ARM1,OVRLRESP,PR,1568
S0018,ARM1,OVRLRESP,PR,1596
S0018,ARM1,OVRLRESP,PR,1624
S0018,ARM1,OVRLRESP,PR,1652
S0018,ARM1,OVRLRESP,PR,1680
S0018,ARM1,OVRLRESP,PR,1708
S0018,ARM1,OVRLRESP,PR,1736
S0018,ARM1,OVRLRESP,PR,1764
S0018,ARM1,OVRLRESP,PR,1792
S0018,ARM1,OVRLRESP,PR,1820
S0018,ARM1,OVRLRESP,PR,1848
S0018,ARM1,OVRLRESP,PR,1876
S0018,ARM1,OVRLRESP,PR,1904
S0018,ARM1,OVRLRESP,PR,1932
S0018,ARM1,OVRLRESP,PR,1960
S0018,ARM1,OVRLRESP,PR,1988
S0018,ARM1,OVRLRESP,PR,2016
S0018,ARM1,OVRLRESP,PR,2044
S0018,ARM1,OVRLRESP,PR,2072
S0018,ARM1,OVRLRESP,PR,2100
S0018,ARM1,OVRLRESP,PR,2128
S0018,ARM1,OVRLRESP,PR,2156
S0018,ARM1,OVRLRESP,PR,2184
S0018,ARM1,OVRLRESP,PR,2212
S0018,ARM1,OVRLRESP,PR,2240
S0018,ARM1,OVRLRESP,PR,2268
S0018,ARM1,OVRLRESP,PR,2296
S0018,ARM1,OVRLRESP,PR,2324
S0018,ARM1,OVRLRESP,PR,2352
S0018,ARM1,OVRLRESP,PR,2380
S0018,ARM1,OVRLRESP,PR,2408
S0018,ARM1,OVRLRESP,PR,2436
S0018,ARM1,OVRLRESP,PR,2464
S0018,ARM1,OVRLRESP,PR,2492
S0018,ARM1,OVRLRESP,PR,2520
S0018,ARM1,OVRLRESP,PR,2548
S0018,ARM1,OVRLRESP,PR,2576
S0018,ARM1,OVRLRESP,PR,2604
S0018,ARM1,OVRLRESP,PR,2632
S0018,ARM1,OVRLRESP,PR,2660
S0018,ARM1,OVRLRESP,PR,2688
S0018,ARM1,OVRLRESP,PR,2716
S0018,ARM1,OVRLRESP,PR,2744
S0018,ARM1,OVRLRESP,PR,2772
S0018,ARM1,OVRLRESP,PR,2800
S0018,ARM1,OVRLRESP,PR,2828
S0018,ARM1,OVRLRESP,PR,2856
S0018,ARM1,OVRLRESP,PR,2884
S0018,ARM1,OVRLRESP,PR,2912
S0018,ARM1,OVRLRESP,PR,2940
S0018,ARM1,OVRLRESP,PR,2968
S0018,ARM1,OVRLRESP,PR,2996
S0018,ARM1,OVRLRESP,PR,3024
S0018,ARM1,OVRLRESP,PR,3052
S0018,ARM1,OVRLRESP,PR,3080
S0018,ARM1,CBOR,CR,56
S0019,ARM1,OVRLRESP,SD,28
S0019,ARM1,OVRLRESP,PR,56
S0019,ARM1,OVRLRESP,PR,84
S0019,ARM1,OVRLRESP,PR,112
S0019,ARM1,OVRLRESP,PR,140
S0019,ARM1,OVRLRESP,PR,168
S0019,ARM1,OVRLRESP,PR,196
S0019,ARM1,OVRLRESP,PR,224
S0019,ARM1,OVRLRESP,PR,252
S0019,ARM1,OVRLRESP,PR,280
S0019,ARM1,OVRLRESP,PR,308
S0019,ARM1,OVRLRESP,PR,336
S0019,ARM1,OVRLRESP,PR,364
S0019,ARM1,OVRLRESP,PR,392
S0019,ARM1,OVRLRESP,PR,420
S0019,ARM1,OVRLRESP,PR,448
S0019,ARM1,OVRLRESP,PR,476
S0019,ARM1,OVRLRESP,PR,504
S0019,ARM1,OVRLRESP,PR,532
S0019,ARM1,OVRLRESP,PR,560
S0019,ARM1,OVRLRESP,PR,588
S0019,ARM1,OVRLRESP,PR,616
S0019,ARM1,OVRLRESP,PR,644
S0019,ARM1,OVRLRESP,PR,672
S0019,ARM1,OVRLRESP,PR,700
S0019,ARM1,OVRLRESP,PR,728
S0019,ARM1,OVRLRESP,PR,756
S0019,ARM1,OVRLRESP,PR,784
S0019,ARM1,OVRLRESP,PR,812
S0019,ARM1,OVRLRESP,PR,840
S0019,ARM1,OVRLRESP,PR,868
S0019,ARM1,OVRLRESP,PR,896
S0019,ARM1,OVRLRESP,PR,924
S0019,ARM1,OVRLRESP,PR,952
S0019,ARM1,OVRLRESP,PR,980
S0019,ARM1,OVRLRESP,PR,1008
S0019,ARM1,OVRLRESP,PR,1036
S0019,ARM1,OVRLRESP,PR,1064
S0019,ARM1,OVRLRESP,PR,1092
S0019,ARM1,OVRLRESP,PR,1120
S0019,ARM1,OVRLRESP,PR,1148
S0019,ARM1,OVRLRESP,PR,1176
S0019,ARM1,OVRLRESP,PR,1204
S0019,ARM1,OVRLRESP,PR,1232
S0019,ARM1,OVRLRESP,PR,1260
S0019,ARM1,OVRLRESP,PR,1288
S0019,ARM1,OVRLRESP,PR,1316
S0019,ARM1,OVRLRESP,PR,1344
S0019,ARM1,OVRLRESP,PR,1372
S0019,ARM1,OVRLRESP,PR,1400
S0019,ARM1,OVRLRESP,PR,1428
S0019,ARM1,OVRLRESP,PR,1456
S0019,ARM1,OVRLRESP,PR,1484
S0019,ARM1,OVRLRESP,PR,1512
S0019,ARM1,OVRLRESP,PR,1540
S0019,ARM1,OVRLRESP,PR,1568
S0019,ARM1,OVRLRESP,PR,1596
S0019,ARM1,OVRLRESP,PR,1624
S0019,ARM1,OVRLRESP,PR,1652
S0019,ARM1,OVRLRESP,PR,1680
S0019,ARM1,OVRLRESP,PR,1708
S0019,ARM1,OVRLRESP,PR,1736
S0019,ARM1,OVRLRESP,PR,1764
S0019,ARM1,CBOR,PR,56
S0023,ARM1,OVRLRESP,SD,28
S0023,ARM1,OVRLRESP,PR,56
S0023,ARM1,OVRLRESP,PR,84
S0023,ARM1,OVRLRESP,PR,112
S0023,ARM1,OVRLRESP,PR,140
S0023,ARM1,OVRLRESP,PR,168
S0023,ARM1,OVRLRESP,PR,196
S0023,ARM1,OVRLRESP,PR,224
S0023,ARM1,OVRLRESP,PR,252
S0023,ARM1,OVRLRESP,PR,280
S0023,ARM1,OVRLRESP,PR,308
S0023,ARM1,OVRLRESP,PR,336
S0023,ARM1,OVRLRESP,PR,364
S0023,ARM1,OVRLRESP,PR,392
S0023,ARM1,OVRLRESP,PR,420
S0023,ARM1,OVRLRESP,PR,448
S0023,ARM1,OVRLRESP,PR,476
S0023,ARM1,OVRLRESP,PR,504
S0023,ARM1,OVRLRESP,PR,532
S0023,ARM1,OVRLRESP,PR,560
S0023,ARM1,OVRLRESP,PR,588
S0023,ARM1,OVRLRESP,PR,616
S0023,ARM1,OVRLRESP,PR,644
S0023,ARM1,OVRLRESP,PR,672
S0023,ARM1,OVRLRESP,PR,700
S0023,ARM1,OVRLRESP,PR,728
S0023,ARM1,OVRLRESP,PR,756
S0023,ARM1,OVRLRESP,PR,784
S0023,ARM1,OVRLRESP,PR,812
S0023,ARM1,OVRLRESP,PR,840
S0023,ARM1,OVRLRESP,PR,868
S0023,ARM1,OVRLRESP,PR,896
S0023,ARM1,OVRLRESP,PR,924
S0023,ARM1,OVRLRESP,PR,952
S0023,ARM1,OVRLRESP,PR,980
S0023,ARM1,OVRLRESP,PR,1008
S0023,ARM1,OVRLRESP,PR,1036
S0023,ARM1,OVRLRESP,PR,1064
S0023,ARM1,OVRLRESP,PR,1092
S0023,ARM1,OVRLRESP,PR,1120
S0023,ARM1,OVRLRESP,PR,1148
S0023,ARM1,OVRLRESP,PR,1176
S0023,ARM1,OVRLRESP,PR,1204
S0023,ARM1,OVRLRESP,PR,1232
S0023,ARM1,OVRLRESP,PR,1260
S0023,ARM1,OVRLRESP,PR,1288
S0023,ARM1,OVRLRESP,PR,1316
S0023,ARM1,OVRLRESP,PR,1344
S0023,ARM1,CBOR,PR,56
S0027,ARM1,OVRLRESP,PR,28
S0027,ARM1,OVRLRESP,CR,56
S0027,ARM1,OVRLRESP,CR,84
S0027,ARM1,OVRLRESP,CR,112
S0027,ARM1,OVRLRESP,CR,140
S0027,ARM1,OVRLRESP,CR,168
S0027,ARM1,OVRLRESP,CR,196
S0027,ARM1,OVRLRESP,CR,224
S0027,ARM1,OVRLRESP,CR,252
S0027,ARM1,OVRLRESP,CR,280
S0027,ARM1,OVRLRESP,PR,308
S0027,ARM1,OVRLRESP,PR,336
S0027,ARM1,OVRLRESP,PR,364
S0027,ARM1,OVRLRESP,PR,392
S0027,ARM1,OVRLRESP,PR,420
S0027,ARM1,OVRLRESP,PR,448
S0027,ARM1,OVRLRESP,PR,476
S0027,ARM1,OVRLRESP,PR,504
S0027,ARM1,OVRLRESP,PR,532
S0027,ARM1,OVRLRESP,PR,560
S0027,ARM1,OVRLRESP,PR,588
S0027,ARM1,OVRLRESP,PR,616
S0027,ARM1,OVRLRESP,PR,644
S0027,ARM1,OVRLRESP,PR,672
S0027,ARM1,OVRLRESP,PR,700
S0027,ARM1,OVRLRESP,PR,728
S0027,ARM1,OVRLRESP,PR,756
S0027,ARM1,OVRLRESP,PR,784
S0027,ARM1,OVRLRESP,PR,812
S0027,ARM1,OVRLRESP,PR,840
S0027,ARM1,OVRLRESP,PR,868
S0027,ARM1,OVRLRESP,PR,896
S0027,ARM1,OVRLRESP,PR,924
S0027,ARM1,OVRLRESP,PR,952
S0027,ARM1,OVRLRESP,PR,980
S0027,ARM1,OVRLRESP,PR,1008
S0027,ARM1,OVRLRESP,PR,1036
S0027,ARM1,OVRLRESP,PR,1064
S0027,ARM1,OVRLRESP,PR,1092
S0027,ARM1,OVRLRESP,PR,1120
S0027,ARM1,OVRLRESP,PR,1148
S0027,ARM1,OVRLRESP,PR,1176
S0027,ARM1,OVRLRESP,PR,1204
S0027,ARM1,OVRLRESP,PR,1232
S0027,ARM1,OVRLRESP,PR,1260
S0027,ARM1,OVRLRESP,PR,1288
S0027,ARM1,OVRLRESP,PR,1316
S0027,ARM1,OVRLRESP,PR,1344
S0027,ARM1,OVRLRESP,PR,1372
S0027,ARM1,OVRLRESP,PR,1400
S0027,ARM1,OVRLRESP,PR,1428
S0027,ARM1,OVRLRESP,PR,1456
S0027,ARM1,OVRLRESP,PR,1484
S0027,ARM1,OVRLRESP,PR,1512
S0027,ARM1,OVRLRESP,PR,1540
S0027,ARM1,OVRLRESP,PR,1568
S0027,ARM1,OVRLRESP,PR,1596
S0027,ARM1,OVRLRESP,PR,1624
S0027,ARM1,OVRLRESP,PR,1652
S0027,ARM1,OVRLRESP,PR,1680
S0027,ARM1,OVRLRESP,PR,1708
S0027,ARM1,OVRLRESP,PR,1736
S0027,ARM1,OVRLRESP,PR,1764
S0027,ARM1,OVRLRESP,PR,1792
S0027,ARM1,OVRLRESP,PR,1820
S0027,ARM1,OVRLRESP,PR,1848
S0027,ARM1,OVRLRESP,PR,1876
S0027,ARM1,OVRLRESP,PR,1904
S0027,ARM1,OVRLRESP,PR,1932
S0027,ARM1,OVRLRESP,PR,1960
S0027,ARM1,OVRLRESP,PR,1988
S0027,ARM1,OVRLRESP,PR,2016
S0027,ARM1,OVRLRESP,PR,2044
S0027,ARM1,OVRLRESP,PR,2072
S0027,ARM1,OVRLRESP,PR,2100
S0027,ARM1,OVRLRESP,PR,2128
S0027,ARM1,OVRLRESP,PR,2156
S0027,ARM1,CBOR,CR,56
S0028,ARM1,OVRLRESP,SD,28
S0028,ARM1,OVRLRESP,CR,56
S0028,ARM1,OVRLRESP,CR,84
S0028,ARM1,OVRLRESP,CR,112
S0028,ARM1,OVRLRESP,CR,140
S0028,ARM1,OVRLRESP,CR,168
S0028,ARM1,OVRLRESP,PR,196
S0028,ARM1,OVRLRESP,PR,224
S0028,ARM1,OVRLRESP,PR,252
S0028,ARM1,OVRLRESP,PR,280
S0028,ARM1,OVRLRESP,PR,308
S0028,ARM1,OVRLRESP,PR,336
S0028,ARM1,OVRLRESP,PR,364
S0028,ARM1,OVRLRESP,PR,392
S0028,ARM1,OVRLRESP,PR,420
S0028,ARM1,OVRLRESP,PR,448
S0028,ARM1,OVRLRESP,PR,476
S0028,ARM1,OVRLRESP,PR,504
S0028,ARM1,OVRLRESP,PR,532
S0028,ARM1,OVRLRESP,PR,560
S0028,ARM1,CBOR,CR,56
S0029,ARM1,OVRLRESP,SD,28
S0029,ARM1,OVRLRESP,CR,56
S0029,ARM1,OVRLRESP,CR,84
S0029,ARM1,OVRLRESP,CR,112
S0029,ARM1,OVRLRESP,CR,140
S0029,ARM1,OVRLRESP,CR,168
S0029,ARM1,OVRLRESP,CR,196
S0029,ARM1,OVRLRESP,CR,224
S0029,ARM1,OVRLRESP,CR,252
S0029,ARM1,OVRLRESP,CR,280
S0029,ARM1,OVRLRESP,CR,308
S0029,ARM1,OVRLRESP,CR,336
S0029,ARM1,OVRLRESP,CR,364
S0029,ARM1,OVRLRESP,CR,392
S0029,ARM1,OVRLRESP,CR,420
S0029,ARM1,OVRLRESP,CR,448
S0029,ARM1,OVRLRESP,CR,476
S0029,ARM1,OVRLRESP,CR,504
S0029,ARM1,OVRLRESP,CR,532
S0029,ARM1,OVRLRESP,CR,560
S0029,ARM1,OVRLRESP,CR,588
S0029,ARM1,OVRLRESP,CR,616
S0029,ARM1,OVRLRESP,CR,644
S0029,ARM1,OVRLRESP,CR,672
S0029,ARM1,OVRLRESP,CR,700
S0029,ARM1,OVRLRESP,CR,728
S0029,ARM1,OVRLRESP,CR,756
S0029,ARM1,OVRLRESP,CR,784
S0029,ARM1,OVRLRESP,PD,812
S0029,ARM1,CBOR,CR,56
S0030,ARM1,OVRLRESP,SD,28
S0030,ARM1,OVRLRESP,PR,56
S0030,ARM1,OVRLRESP,PR,84
S0030,ARM1,OVRLRESP,PR,112
S0030,ARM1,OVRLRESP,PR,140
S0030,ARM1,OVRLRESP,PR,168
S0030,ARM1,OVRLRESP,PR,196
S0030,ARM1,OVRLRESP,PR,224
S0030,ARM1,OVRLRESP,PR,252
S0030,ARM1,OVRLRESP,PR,280
S0030,ARM1,OVRLRESP,PR,308
S0030,ARM1,OVRLRESP,PR,336
S0030,ARM1,OVRLRESP,PR,364
S0030,ARM1,OVRLRESP,PR,392
S0030,ARM1,OVRLRESP,PR,420
S0030,ARM1,OVRLRESP,PR,448
S0030,ARM1,OVRLRESP,PR,476
S0030,ARM1,OVRLRESP,PR,504
S0030,ARM1,OVRLRESP,PR,532
S0030,ARM1,OVRLRESP,PR,560
S0030,ARM1,OVRLRESP,PR,588
S0030,ARM1,OVRLRESP,PR,616
S0030,ARM1,OVRLRESP,PR,644
S0030,ARM1,OVRLRESP,PR,672
S0030,ARM1,OVRLRESP,PR,700
S0030,ARM1,OVRLRESP,PR,728
S0030,ARM1,OVRLRESP,PR,756
S0030,ARM1,OVRLRESP,PR,784
S0030,ARM1,OVRLRESP,PR,812
S0030,ARM1,OVRLRESP,PR,840
S0030,ARM1,OVRLRESP,PR,868
S0030,ARM1,OVRLRESP,PR,896
S0030,ARM1,OVRLRESP,PR,924
S0030,ARM1,OVRLRESP,PR,952
S0030,ARM1,OVRLRESP,PR,980
S0030,ARM1,OVRLRESP,PR,1008
S0030,ARM1,OVRLRESP,PR,1036
S0030,ARM1,OVRLRESP,PR,1064
S0030,ARM1,OVRLRESP,PR,1092
S0030,ARM1,CBOR,PR,56
S0034,ARM1,OVRLRESP,SD,28
S0034,ARM1,OVRLRESP,SD,56
S0034,ARM1,OVRLRESP,SD,84
S0034,ARM1,OVRLRESP,SD,112
S0034,ARM1,OVRLRESP,SD,140
S0034,ARM1,OVRLRESP,SD,168
S0034,ARM1,OVRLRESP,SD,196
S0034,ARM1,OVRLRESP,SD,224
S0034,ARM1,OVRLRESP,SD,252
S0034,ARM1,OVRLRESP,SD,280
S0034,ARM1,OVRLRESP,SD,308
S0034,ARM1,OVRLRESP,SD,336
S0034,ARM1,OVRLRESP,SD,364
S0034,ARM1,OVRLRESP,SD,392
S0034,ARM1,OVRLRESP,SD,420
S0034,ARM1,OVRLRESP,SD,448
S0034,ARM1,OVRLRESP,SD,476
S0034,ARM1,OVRLRESP,SD,504
S0034,ARM1,OVRLRESP,SD,532
S0034,ARM1,OVRLRESP,SD,560
S0034,ARM1,OVRLRESP,SD,588
S0034,ARM1,OVRLRESP,SD,616
S0034,ARM1,OVRLRESP,SD,644
S0034,ARM1,OVRLRESP,SD,672
S0034,ARM1,OVRLRESP,SD,700
S0034,ARM1,OVRLRESP,SD,728
S0034,ARM1,OVRLRESP,SD,756
S0034,ARM1,OVRLRESP,SD,784
S0034,ARM1,OVRLRESP,SD,812
S0034,ARM1,OVRLRESP,SD,840
S0034,ARM1,OVRLRESP,SD,868
S0034,ARM1,OVRLRESP,SD,896
S0034,ARM1,OVRLRESP,SD,924
S0034,ARM1,OVRLRESP,SD,952
S0034,ARM1,OVRLRESP,SD,980
S0034,ARM1,OVRLRESP,SD,1008
S0034,ARM1,OVRLRESP,SD,1036
S0034,ARM1,OVRLRESP,SD,1064
S0034,ARM1,OVRLRESP,SD,1092
S0034,ARM1,OVRLRESP,SD,1120
S0034,ARM1,OVRLRESP,SD,1148
S0034,ARM1,OVRLRESP,SD,1176
S0034,ARM1,OVRLRESP,SD,1204
S0034,ARM1,OVRLRESP,SD,1232
S0034,ARM1,OVRLRESP,SD,1260
S0034,ARM1,OVRLRESP,SD,1288
S0034,ARM1,OVRLRESP,SD,1316
S0034,ARM1,OVRLRESP,SD,1344
S0034,ARM1,OVRLRESP,SD,1372
S0034,ARM1,OVRLRESP,SD,1400
S0034,ARM1,OVRLRESP,SD,1428
S0034,ARM1,OVRLRESP,SD,1456
S0034,ARM1,OVRLRESP,SD,1484
S0034,ARM1,OVRLRESP,SD,1512
S0034,ARM1,OVRLRESP,SD,1540
S0034,ARM1,OVRLRESP,SD,1568
S0034,ARM1,OVRLRESP,SD,1596
S0034,ARM1,OVRLRESP,SD,1624
S0034,ARM1,OVRLRESP,SD,1652
S0034,ARM1,OVRLRESP,SD,1680
S0034,ARM1,OVRLRESP,SD,1708
S0034,ARM1,OVRLRESP,SD,1736
S0034,ARM1,OVRLRESP,SD,1764
S0034,ARM1,OVRLRESP,SD,1792
S0034,ARM1,OVRLRESP,SD,1820
S0034,ARM1,OVRLRESP,SD,1848
S0034,ARM1,OVRLRESP,SD,1876
S0034,ARM1,OVRLRESP,SD,1904
S0034,ARM1,OVRLRESP,SD,1932
S0034,ARM1,OVRLRESP,SD,1960
S0034,ARM1,OVRLRESP,SD,1988
S0034,ARM1,OVRLRESP,SD,2016
S0034,ARM1,OVRLRESP,SD,2044
S0034,ARM1,OVRLRESP,SD,2072
S0034,ARM1,OVRLRESP,SD,2100
S0034,ARM1,OVRLRESP,SD,2128
S0034,ARM1,OVRLRESP,SD,2156
S0034,ARM1,OVRLRESP,SD,2184
S0034,ARM1,OVRLRESP,SD,2212
S0034,ARM1,OVRLRESP,SD,2240
S0034,ARM1,OVRLRESP,SD,2268
S0034,ARM1,OVRLRESP,SD,2296
S0034,ARM1,OVRLRESP,SD,2324
S0034,ARM1,OVRLRESP,SD,2352
S0034,ARM1,OVRLRESP,SD,2380
S0034,ARM1,OVRLRESP,SD,2408
S0034,ARM1,OVRLRESP,SD,2436
S0034,ARM1,OVRLRESP,SD,2464
S0034,ARM1,OVRLRESP,SD,2492
S0034,ARM1,OVRLRESP,SD,2520
S0034,ARM1,OVRLRESP,SD,2548
S0034,ARM1,OVRLRESP,SD,2576
S0034,ARM1,OVRLRESP,SD,2604
S0034,ARM1,OVRLRESP,SD,2632
S0034,ARM1,OVRLRESP,SD,2660
S0034,ARM1,OVRLRESP,SD,2688
S0034,ARM1,OVRLRESP,SD,2716
S0034,ARM1,OVRLRESP,SD,2744
S0034,ARM1,OVRLRESP,SD,2772
S0034,ARM1,OVRLRESP,SD,2800
S0034,ARM1,OVRLRESP,SD,2828
S0034,ARM1,OVRLRESP,SD,2856
S0034,ARM1,OVRLRESP,SD,2884
S0034,ARM1,OVRLRESP,SD,2912
S0034,ARM1,OVRLRESP,SD,2940
S0034,ARM1,OVRLRESP,SD,2968
S0034,ARM1,OVRLRESP,SD,2996
S0034,ARM1,OVRLRESP,SD,3024
S0034,ARM1,OVRLRESP,SD,3052
S0034,ARM1,OVRLRESP,SD,3080
S0034,ARM1,OVRLRESP,SD,3108
S0034,ARM1,OVRLRESP,SD,3136
S0034,ARM1,OVRLRESP,SD,3164
S0034,ARM1,OVRLRESP,SD,3192
S0034,ARM1,OVRLRESP,SD,3220
S0034,ARM1,OVRLRESP,SD,3248
S0034,ARM1,OVRLRESP,SD,3276
S0034,ARM1,OVRLRESP,SD,3304
S0034,ARM1,OVRLRESP,SD,3332
S0034,ARM1,OVRLRESP,SD,3360
S0034,ARM1,OVRLRESP,SD,3388
S0034,ARM1,OVRLRESP,SD,3416
S0034,ARM1,OVRLRESP,SD,3444
S0034,ARM1,OVRLRESP,SD,3472
S0034,ARM1,OVRLRESP,SD,3500
S0034,ARM1,OVRLRESP,SD,3528
S0034,ARM1,OVRLRESP,SD,3556
S0034,ARM1,OVRLRESP,SD,3584
S0034,ARM1,OVRLRESP,SD,3612
S0034,ARM1,OVRLRESP,SD,3640
S0034,ARM1,OVRLRESP,SD,3668
S0034,ARM1,OVRLRESP,SD,3696
S0034,ARM1,OVRLRESP,SD,3724
S0034,ARM1,OVRLRESP,SD,3752
S0034,ARM1,OVRLRESP,SD,3780
S0034,ARM1,OVRLRESP,SD,3808
S0034,ARM1,OVRLRESP,SD,3836
S0034,ARM1,OVRLRESP,SD,3864
S0034,ARM1,OVRLRESP,SD,3892
S0034,ARM1,OVRLRESP,SD,3920
S0034,ARM1,OVRLRESP,SD,3948
S0034,ARM1,OVRLRESP,PD,3976
S0034,ARM1,CBOR,SD,56
S0038,ARM1,OVRLRESP,PR,28
S0038,ARM1,OVRLRESP,CR,56
S0038,ARM1,OVRLRESP,CR,84
S0038,ARM1,OVRLRESP,CR,112
S0038,ARM1,OVRLRESP,CR,140
S0038,ARM1,OVRLRESP,CR,168
S0038,ARM1,OVRLRESP,CR,196
S0038,ARM1,OVRLRESP,CR,224
S0038,ARM1,OVRLRESP,CR,252
S0038,ARM1,OVRLRESP,CR,280
S0038,ARM1,OVRLRESP,CR,308
S0038,ARM1,OVRLRESP,CR,336
S0038,ARM1,OVRLRESP,CR,364
S0038,ARM1,OVRLRESP,CR,392
S0038,ARM1,OVRLRESP,CR,420
S0038,ARM1,OVRLRESP,CR,448
S0038,ARM1,OVRLRESP,CR,476
S0038,ARM1,OVRLRESP,CR,504
S0038,ARM1,OVRLRESP,CR,532
S0038,ARM1,OVRLRESP,CR,560
S0038,ARM1,OVRLRESP,CR,588
S0038,ARM1,OVRLRESP,CR,616
S0038,ARM1,OVRLRESP,CR,644
S0038,ARM1,OVRLRESP,CR,672
S0038,ARM1,OVRLRESP,CR,700
S0038,ARM1,OVRLRESP,CR,728
S0038,ARM1,OVRLRESP,CR,756
S0038,ARM1,OVRLRESP,CR,784
S0038,ARM1,OVRLRESP,CR,812
S0038,ARM1,OVRLRESP,CR,840
S0038,ARM1,OVRLRESP,CR,868
S0038,ARM1,OVRLRESP,CR,896
S0038,ARM1,OVRLRESP,CR,924
S0038,ARM1,OVRLRESP,CR,952
S0038,ARM1,OVRLRESP,CR,980
S0038,ARM1,OVRLRESP,CR,1008
S0038,ARM1,OVRLRESP,CR,1036
S0038,ARM1,OVRLRESP,CR,1064
S0038,ARM1,OVRLRESP,CR,1092
S0038,ARM1,OVRLRESP,CR,1120
S0038,ARM1,OVRLRESP,CR,1148
S0038,ARM1,OVRLRESP,CR,1176
S0038,ARM1,OVRLRESP,CR,1204
S0038,ARM1,OVRLRESP,CR,1232
S0038,ARM1,OVRLRESP,CR,1260
S0038,ARM1,OVRLRESP,CR,1288
S0038,ARM1,OVRLRESP,CR,1316
S0038,ARM1,OVRLRESP,CR,1344
S0038,ARM1,OVRLRESP,CR,1372
S0038,ARM1,OVRLRESP,CR,1400
S0038,ARM1,OVRLRESP,CR,1428
S0038,ARM1,OVRLRESP,CR,1456
S0038,ARM1,OVRLRESP,CR,1484
S0038,ARM1,OVRLRESP,CR,1512
S0038,ARM1,OVRLRESP,CR,1540
S0038,ARM1,OVRLRESP,CR,1568
S0038,ARM1,OVRLRESP,CR,1596
S0038,ARM1,OVRLRESP,CR,1624
S0038,ARM1,OVRLRESP,CR,1652
S0038,ARM1,OVRLRESP,CR,1680
S0038,ARM1,OVRLRESP,CR,1708
S0038,ARM1,OVRLRESP,CR,1736
S0038,ARM1,OVRLRESP,CR,1764
S0038,ARM1,OVRLRESP,CR,1792
S0038,ARM1,OVRLRESP,CR,1820
S0038,ARM1,OVRLRESP,PR,1848
S0038,ARM1,OVRLRESP,PR,1876
S0038,ARM1,OVRLRESP,PR,1904
S0038,ARM1,OVRLRESP,PR,1932
S0038,ARM1,OVRLRESP,PR,1960
S0038,ARM1,OVRLRESP,PR,1988
S0038,ARM1,OVRLRESP,PR,2016
S0038,ARM1,OVRLRESP,PR,2044
S0038,ARM1,OVRLRESP,PR,2072
S0038,ARM1,OVRLRESP,PR,2100
S0038,ARM1,OVRLRESP,PR,2128
S0038,ARM1,OVRLRESP,PR,2156
S0038,ARM1,OVRLRESP,PR,2184
S0038,ARM1,OVRLRESP,PR,2212
S0038,ARM1,OVRLRESP,PR,2240
S0038,ARM1,OVRLRESP,PR,2268
S0038,ARM1,OVRLRESP,PR,2296
S0038,ARM1,OVRLRESP,PR,2324
S0038,ARM1,OVRLRESP,PR,2352
S0038,ARM1,OVRLRESP,PR,2380
S0038,ARM1,OVRLRESP,PR,2408
S0038,ARM1,CBOR,CR,56
S0039,ARM1,OVRLRESP,PR,28
S0039,ARM1,OVRLRESP,CR,56
S0039,ARM1,OVRLRESP,CR,84
S0039,ARM1,OVRLRESP,CR,112
S0039,ARM1,OVRLRESP,CR,140
S0039,ARM1,OVRLRESP,CR,168
S0039,ARM1,OVRLRESP,CR,196
S0039,ARM1,OVRLRESP,CR,224
S0039,ARM1,OVRLRESP,CR,252
S0039,ARM1,OVRLRESP,CR,280
S0039,ARM1,OVRLRESP,CR,308
S0039,ARM1,OVRLRESP,CR,336
S0039,ARM1,OVRLRESP,CR,364
S0039,ARM1,OVRLRESP,CR,392
S0039,ARM1,OVRLRESP,CR,420
S0039,ARM1,OVRLRESP,CR,448
S0039,ARM1,OVRLRESP,CR,476
S0039,ARM1,OVRLRESP,CR,504
S0039,ARM1,OVRLRESP,CR,532
S0039,ARM1,OVRLRESP,CR,560
S0039,ARM1,OVRLRESP,CR,588
S0039,ARM1,OVRLRESP,CR,616
S0039,ARM1,OVRLRESP,CR,644
S0039,ARM1,OVRLRESP,CR,672
S0039,ARM1,OVRLRESP,CR,700
S0039,ARM1,OVRLRESP,CR,728
S0039,ARM1,OVRLRESP,CR,756
S0039,ARM1,OVRLRESP,CR,784
S0039,ARM1,OVRLRESP,CR,812
S0039,ARM1,OVRLRESP,CR,840
S0039,ARM1,OVRLRESP,CR,868
S0039,ARM1,OVRLRESP,CR,896
S0039,ARM1,OVRLRESP,CR,924
S0039,ARM1,OVRLRESP,CR,952
S0039,ARM1,OVRLRESP,CR,980
S0039,ARM1,OVRLRESP,CR,1008
S0039,ARM1,OVRLRESP,CR,1036
S0039,ARM1,OVRLRESP,CR,1064
S0039,ARM1,OVRLRESP,CR,1092
S0039,ARM1,OVRLRESP,CR,1120
S0039,ARM1,OVRLRESP,CR,1148
S0039,ARM1,OVRLRESP,CR,1176
S0039,ARM1,OVRLRESP,CR,1204
S0039,ARM1,OVRLRESP,CR,1232
S0039,ARM1,OVRLRESP,CR,1260
S0039,ARM1,OVRLRESP,CR,1288
S0039,ARM1,OVRLRESP,CR,1316
S0039,ARM1,OVRLRESP,CR,1344
S0039,ARM1,OVRLRESP,CR,1372
S0039,ARM1,OVRLRESP,CR,1400
S0039,ARM1,OVRLRESP,CR,1428
S0039,ARM1,OVRLRESP,CR,1456
S0039,ARM1,OVRLRESP,CR,1484
S0039,ARM1,OVRLRESP,CR,1512
S0039,ARM1,OVRLRESP,CR,1540
S0039,ARM1,OVRLRESP,CR,1568
S0039,ARM1,OVRLRESP,CR,1596
S0039,ARM1,OVRLRESP,CR,1624
S0039,ARM1,OVRLRESP,CR,1652
S0039,ARM1,OVRLRESP,CR,1680
S0039,ARM1,OVRLRESP,CR,1708
S0039,ARM1,OVRLRESP,CR,1736
S0039,ARM1,OVRLRESP,CR,1764
S0039,ARM1,OVRLRESP,CR,1792
S0039,ARM1,OVRLRESP,CR,1820
S0039,ARM1,OVRLRESP,CR,1848
S0039,ARM1,OVRLRESP,CR,1876
S0039,ARM1,OVRLRESP,CR,1904
S0039,ARM1,OVRLRESP,CR,1932
S0039,ARM1,OVRLRESP,CR,1960
S0039,ARM1,OVRLRESP,CR,1988
S0039,ARM1,OVRLRESP,CR,2016
S0039,ARM1,OVRLRESP,CR,2044
S0039,ARM1,OVRLRESP,CR,2072
S0039,ARM1,OVRLRESP,CR,2100
S0039,ARM1,OVRLRESP,CR,2128
S0039,ARM1,OVRLRESP,CR,2156
S0039,ARM1,OVRLRESP,CR,2184
S0039,ARM1,OVRLRESP,CR,2212
S0039,ARM1,OVRLRESP,CR,2240
S0039,ARM1,OVRLRESP,CR,2268
S0039,ARM1,OVRLRESP,CR,2296
S0039,ARM1,OVRLRESP,CR,2324
S0039,ARM1,OVRLRESP,CR,2352
S0039,ARM1,OVRLRESP,CR,2380
S0039,ARM1,OVRLRESP,CR,2408
S0039,ARM1,OVRLRESP,PR,2436
S0039,ARM1,OVRLRESP,PR,2464
S0039,ARM1,OVRLRESP,PR,2492
S0039,ARM1,OVRLRESP,PR,2520
S0039,ARM1,OVRLRESP,PR,2548
S0039,ARM1,CBOR,CR,56
S0041,ARM1,OVRLRESP,SD,28
S0041,ARM1,OVRLRESP,PR,56
S0041,ARM1,OVRLRESP,PR,84
S0041,ARM1,OVRLRESP,PR,112
S0041,ARM1,OVRLRESP,PR,140
S0041,ARM1,OVRLRESP,PR,168
S0041,ARM1,OVRLRESP,PR,196
S0041,ARM1,OVRLRESP,PR,224
S0041,ARM1,OVRLRESP,PR,252
S0041,ARM1,OVRLRESP,PR,280
S0041,ARM1,OVRLRESP,PR,308
S0041,ARM1,OVRLRESP,PR,336
S0041,ARM1,OVRLRESP,PR,364
S0041,ARM1,OVRLRESP,PR,392
S0041,ARM1,OVRLRESP,PR,420
S0041,ARM1,OVRLRESP,PR,448
S0041,ARM1,OVRLRESP,PR,476
S0041,ARM1,OVRLRESP,PR,504
S0041,ARM1,OVRLRESP,PR,532
S0041,ARM1,OVRLRESP,PR,560
S0041,ARM1,OVRLRESP,PR,588
S0041,ARM1,CBOR,PR,56
S0044,ARM1,OVRLRESP,PR,28
S0044,ARM1,OVRLRESP,CR,56
S0044,ARM1,OVRLRESP,CR,84
S0044,ARM1,OVRLRESP,CR,112
S0044,ARM1,OVRLRESP,CR,140
S0044,ARM1,OVRLRESP,CR,168
S0044,ARM1,OVRLRESP,CR,196
S0044,ARM1,OVRLRESP,CR,224
S0044,ARM1,OVRLRESP,CR,252
S0044,ARM1,OVRLRESP,CR,280
S0044,ARM1,OVRLRESP,CR,308
S0044,ARM1,OVRLRESP,CR,336
S0044,ARM1,OVRLRESP,CR,364
S0044,ARM1,OVRLRESP,CR,392
S0044,ARM1,OVRLRESP,CR,420
S0044,ARM1,OVRLRESP,CR,448
S0044,ARM1,OVRLRESP,CR,476
S0044,ARM1,OVRLRESP,CR,504
S0044,ARM1,OVRLRESP,CR,532
S0044,ARM1,OVRLRESP,CR,560
S0044,ARM1,OVRLRESP,CR,588
S0044,ARM1,OVRLRESP,CR,616
S0044,ARM1,OVRLRESP,CR,644
S0044,ARM1,OVRLRESP,CR,672
S0044,ARM1,OVRLRESP,CR,700
S0044,ARM1,OVRLRESP,CR,728
S0044,ARM1,OVRLRESP,CR,756
S0044,ARM1,OVRLRESP,CR,784
S0044,ARM1,OVRLRESP,CR,812
S0044,ARM1,OVRLRESP,CR,840
S0044,ARM1,OVRLRESP,CR,868
S0044,ARM1,OVRLRESP,CR,896
S0044,ARM1,OVRLRESP,CR,924
S0044,ARM1,OVRLRESP,CR,952
S0044,ARM1,OVRLRESP,CR,980
S0044,ARM1,OVRLRESP,CR,1008
S0044,ARM1,OVRLRESP,CR,1036
S0044,ARM1,OVRLRESP,CR,1064
S0044,ARM1,OVRLRESP,CR,1092
S0044,ARM1,OVRLRESP,CR,1120
S0044,ARM1,OVRLRESP,CR,1148
S0044,ARM1,OVRLRESP,CR,1176
S0044,ARM1,OVRLRESP,CR,1204
S0044,ARM1,OVRLRESP,CR,1232
S0044,ARM1,OVRLRESP,CR,1260
S0044,ARM1,OVRLRESP,CR,1288
S0044,ARM1,OVRLRESP,CR,1316
S0044,ARM1,OVRLRESP,CR,1344
S0044,ARM1,OVRLRESP,CR,1372
S0044,ARM1,OVRLRESP,CR,1400
S0044,ARM1,OVRLRESP,CR,1428
S0044,ARM1,OVRLRESP,CR,1456
S0044,ARM1,OVRLRESP,CR,1484
S0044,ARM1,OVRLRESP,CR,1512
S0044,ARM1,OVRLRESP,CR,1540
S0044,ARM1,OVRLRESP,CR,1568
S0044,ARM1,OVRLRESP,CR,1596
S0044,ARM1,OVRLRESP,CR,1624
S0044,ARM1,OVRLRESP,CR,1652
S0044,ARM1,OVRLRESP,CR,1680
S0044,ARM1,OVRLRESP,CR,1708
S0044,ARM1,OVRLRESP,CR,1736
S0044,ARM1,OVRLRESP,CR,1764
S0044,ARM1,OVRLRESP,CR,1792
S0044,ARM1,OVRLRESP,CR,1820
S0044,ARM1,OVRLRESP,CR,1848
S0044,ARM1,OVRLRESP,CR,1876
S0044,ARM1,OVRLRESP,CR,1904
S0044,ARM1,OVRLRESP,CR,1932
S0044,ARM1,OVRLRESP,CR,1960
S0044,ARM1,OVRLRESP,CR,1988
S0044,ARM1,OVRLRESP,CR,2016
S0044,ARM1,OVRLRESP,CR,2044
S0044,ARM1,OVRLRESP,CR,2072
S0044,ARM1,OVRLRESP,CR,2100
S0044,ARM1,OVRLRESP,CR,2128
S0044,ARM1,OVRLRESP,CR,2156
S0044,ARM1,OVRLRESP,CR,2184
S0044,ARM1,OVRLRESP,CR,2212
S0044,ARM1,OVRLRESP,CR,2240
S0044,ARM1,OVRLRESP,CR,2268
S0044,ARM1,OVRLRESP,CR,2296
S0044,ARM1,OVRLRESP,CR,2324
S0044,ARM1,OVRLRESP,CR,2352
S0044,ARM1,OVRLRESP,CR,2380
S0044,ARM1,OVRLRESP,CR,2408
S0044,ARM1,OVRLRESP,CR,2436
S0044,ARM1,OVRLRESP,CR,2464
S0044,ARM1,OVRLRESP,CR,2492
S0044,ARM1,OVRLRESP,CR,2520
S0044,ARM1,OVRLRESP,CR,2548
S0044,ARM1,OVRLRESP,CR,2576
S0044,ARM1,OVRLRESP,CR,2604
S0044,ARM1,OVRLRESP,CR,2632
S0044,ARM1,OVRLRESP,CR,2660
S0044,ARM1,OVRLRESP,CR,2688
S0044,ARM1,OVRLRESP,CR,2716
S0044,ARM1,OVRLRESP,CR,2744
S0044,ARM1,OVRLRESP,CR,2772
S0044,ARM1,OVRLRESP,CR,2800
S0044,ARM1,OVRLRESP,CR,2828
S0044,ARM1,OVRLRESP,CR,2856
S0044,ARM1,OVRLRESP,CR,2884
S0044,ARM1,OVRLRESP,CR,2912
S0044,ARM1,OVRLRESP,CR,2940
S0044,ARM1,OVRLRESP,CR,2968
S0044,ARM1,OVRLRESP,CR,2996
S0044,ARM1,OVRLRESP,CR,3024
S0044,ARM1,OVRLRESP,CR,3052
S0044,ARM1,OVRLRESP,CR,3080
S0044,ARM1,OVRLRESP,CR,3108
S0044,ARM1,OVRLRESP,CR,3136
S0044,ARM1,OVRLRESP,CR,3164
S0044,ARM1,OVRLRESP,CR,3192
S0044,ARM1,OVRLRESP,CR,3220
S0044,ARM1,OVRLRESP,CR,3248
S0044,ARM1,OVRLRESP,CR,3276
S0044,ARM1,OVRLRESP,CR,3304
S0044,ARM1,OVRLRESP,CR,3332
S0044,ARM1,OVRLRESP,CR,3360
S0044,ARM1,OVRLRESP,PR,3388
S0044,ARM1,OVRLRESP,PR,3416
S0044,ARM1,OVRLRESP,PR,3444
S0044,ARM1,OVRLRESP,PR,3472
S0044,ARM1,OVRLRESP,PR,3500
S0044,ARM1,OVRLRESP,PR,3528
S0044,ARM1,OVRLRESP,PR,3556
S0044,ARM1,OVRLRESP,PR,3584
S0044,ARM1,OVRLRESP,PR,3612
S0044,ARM1,OVRLRESP,PR,3640
S0044,ARM1,OVRLRESP,PR,3668
S0044,ARM1,OVRLRESP,PR,3696
S0044,ARM1,OVRLRESP,PR,3724
S0044,ARM1,OVRLRESP,PR,3752
S0044,ARM1,OVRLRESP,PR,3780
S0044,ARM1,OVRLRESP,PR,3808
S0044,ARM1,OVRLRESP,PR,3836
S0044,ARM1,OVRLRESP,PR,3864
S0044,ARM1,OVRLRESP,PR,3892
S0044,ARM1,OVRLRESP,PR,3920
S0044,ARM1,OVRLRESP,PR,3948
S0044,ARM1,OVRLRESP,PR,3976
S0044,ARM1,OVRLRESP,PR,4004
S0044,ARM1,OVRLRESP,PR,4032
S0044,ARM1,CBOR,CR,56
S0047,ARM1,OVRLRESP,PR,28
S0047,ARM1,OVRLRESP,CR,56
S0047,ARM1,OVRLRESP,CR,84
S0047,ARM1,OVRLRESP,CR,112
S0047,ARM1,OVRLRESP,PD,140
S0047,ARM1,CBOR,CR,56
S0048,ARM1,OVRLRESP,SD,28
S0048,ARM1,OVRLRESP,PR,56
S0048,ARM1,OVRLRESP,PR,84
S0048,ARM1,OVRLRESP,PR,112
S0048,ARM1,OVRLRESP,PR,140
S0048,ARM1,OVRLRESP,PR,168
S0048,ARM1,OVRLRESP,PR,196
S0048,ARM1,OVRLRESP,PR,224
S0048,ARM1,OVRLRESP,PR,252
S0048,ARM1,OVRLRESP,PR,280
S0048,ARM1,OVRLRESP,PR,308
S0048,ARM1,OVRLRESP,PR,336
S0048,ARM1,OVRLRESP,PR,364
S0048,ARM1,OVRLRESP,PR,392
S0048,ARM1,OVRLRESP,PR,420
S0048,ARM1,OVRLRESP,PD,448
S0048,ARM1,CBOR,PR,56
S0049,ARM1,OVRLRESP,PR,28
S0049,ARM1,OVRLRESP,CR,56
S0049,ARM1,OVRLRESP,CR,84
S0049,ARM1,OVRLRESP,CR,112
S0049,ARM1,OVRLRESP,CR,140
S0049,ARM1,OVRLRESP,CR,168
S0049,ARM1,OVRLRESP,CR,196
S0049,ARM1,OVRLRESP,CR,224
S0049,ARM1,OVRLRESP,CR,252
S0049,ARM1,OVRLRESP,CR,280
S0049,ARM1,OVRLRESP,CR,308
S0049,ARM1,OVRLRESP,CR,336
S0049,ARM1,OVRLRESP,CR,364
S0049,ARM1,OVRLRESP,CR,392
S0049,ARM1,OVRLRESP,CR,420
S0049,ARM1,OVRLRESP,CR,448
S0049,ARM1,OVRLRESP,CR,476
S0049,ARM1,OVRLRESP,CR,504
S0049,ARM1,OVRLRESP,CR,532
S0049,ARM1,OVRLRESP,CR,560
S0049,ARM1,OVRLRESP,CR,588
S0049,ARM1,OVRLRESP,CR,616
S0049,ARM1,OVRLRESP,CR,644
S0049,ARM1,OVRLRESP,CR,672
S0049,ARM1,OVRLRESP,CR,700
S0049,ARM1,OVRLRESP,CR,728
S0049,ARM1,OVRLRESP,CR,756
S0049,ARM1,OVRLRESP,CR,784
S0049,ARM1,OVRLRESP,CR,812
S0049,ARM1,OVRLRESP,CR,840
S0049,ARM1,OVRLRESP,CR,868
S0049,ARM1,OVRLRESP,CR,896
S0049,ARM1,OVRLRESP,CR,924
S0049,ARM1,OVRLRESP,CR,952
S0049,ARM1,OVRLRESP,CR,980
S0049,ARM1,OVRLRESP,CR,1008
S0049,ARM1,OVRLRESP,CR,1036
S0049,ARM1,OVRLRESP,CR,1064
S0049,ARM1,OVRLRESP,CR,1092
S0049,ARM1,OVRLRESP,CR,1120
S0049,ARM1,OVRLRESP,CR,1148
S0049,ARM1,OVRLRESP,CR,1176
S0049,ARM1,OVRLRESP,CR,1204
S0049,ARM1,OVRLRESP,CR,1232
S0049,ARM1,OVRLRESP,CR,1260
S0049,ARM1,OVRLRESP,CR,1288
S0049,ARM1,OVRLRESP,CR,1316
S0049,ARM1,OVRLRESP,CR,1344
S0049,ARM1,OVRLRESP,CR,1372
S0049,ARM1,OVRLRESP,CR,1400
S0049,ARM1,CBOR,CR,56
S0050,ARM1,OVRLRESP,PD,28
S0050,ARM1,CBOR,PD,28
S0053,ARM1,OVRLRESP,SD,28
S0053,ARM1,OVRLRESP,PR,56
S0053,ARM1,OVRLRESP,PR,84
S0053,ARM1,OVRLRESP,PR,112
S0053,ARM1,OVRLRESP,PR,140
S0053,ARM1,OVRLRESP,PR,168
S0053,ARM1,OVRLRESP,PR,196
S0053,ARM1,OVRLRESP,PR,224
S0053,ARM1,OVRLRESP,PR,252
S0053,ARM1,OVRLRESP,PR,280
S0053,ARM1,CBOR,PR,56
S0056,ARM1,OVRLRESP,SD,28
S0056,ARM1,OVRLRESP,SD,56
S0056,ARM1,OVRLRESP,SD,84
S0056,ARM1,OVRLRESP,SD,112
S0056,ARM1,OVRLRESP,SD,140
S0056,ARM1,OVRLRESP,SD,168
S0056,ARM1,OVRLRESP,SD,196
S0056,ARM1,OVRLRESP,SD,224
S0056,ARM1,OVRLRESP,SD,252
S0056,ARM1,OVRLRESP,SD,280
S0056,ARM1,CBOR,SD,56
S0058,ARM1,OVRLRESP,PR,28
S0058,ARM1,OVRLRESP,CR,56
S0058,ARM1,CBOR,PR,28
S0063,ARM1,OVRLRESP,SD,28
S0063,ARM1,OVRLRESP,PR,56
S0063,ARM1,OVRLRESP,PR,84
S0063,ARM1,OVRLRESP,PR,112
S0063,ARM1,OVRLRESP,PR,140
S0063,ARM1,OVRLRESP,PR,168
S0063,ARM1,OVRLRESP,PR,196
S0063,ARM1,OVRLRESP,PR,224
S0063,ARM1,OVRLRESP,PR,252
S0063,ARM1,OVRLRESP,PR,280
S0063,ARM1,OVRLRESP,PR,308
S0063,ARM1,OVRLRESP,PR,336
S0063,ARM1,OVRLRESP,PR,364
S0063,ARM1,OVRLRESP,PR,392
S0063,ARM1,OVRLRESP,PR,420
S0063,ARM1,OVRLRESP,PR,448
S0063,ARM1,OVRLRESP,PR,476
S0063,ARM1,OVRLRESP,PR,504
S0063,ARM1,OVRLRESP,PR,532
S0063,ARM1,OVRLRESP,PR,560
S0063,ARM1,OVRLRESP,PR,588
S0063,ARM1,OVRLRESP,PR,616
S0063,ARM1,OVRLRESP,PR,644
S0063,ARM1,OVRLRESP,PR,672
S0063,ARM1,OVRLRESP,PR,700
S0063,ARM1,OVRLRESP,PR,728
S0063,ARM1,OVRLRESP,PR,756
S0063,ARM1,OVRLRESP,PR,784
S0063,ARM1,OVRLRESP,PR,812
S0063,ARM1,OVRLRESP,PR,840
S0063,ARM1,OVRLRESP,PR,868
S0063,ARM1,OVRLRESP,PR,896
S0063,ARM1,OVRLRESP,PR,924
S0063,ARM1,OVRLRESP,PR,952
S0063,ARM1,OVRLRESP,PR,980
S0063,ARM1,OVRLRESP,PR,1008
S0063,ARM1,OVRLRESP,PR,1036
S0063,ARM1,OVRLRESP,PR,1064
S0063,ARM1,OVRLRESP,PR,1092
S0063,ARM1,OVRLRESP,PR,1120
S0063,ARM1,OVRLRESP,PR,1148
S0063,ARM1,OVRLRESP,PR,1176
S0063,ARM1,OVRLRESP,PR,1204
S0063,ARM1,OVRLRESP,PR,1232
S0063,ARM1,OVRLRESP,PR,1260
S0063,ARM1,OVRLRESP,PR,1288
S0063,ARM1,OVRLRESP,PR,1316
S0063,ARM1,OVRLRESP,PR,1344
S0063,ARM1,OVRLRESP,PR,1372
S0063,ARM1,OVRLRESP,PR,1400
S0063,ARM1,OVRLRESP,PR,1428
S0063,ARM1,OVRLRESP,PR,1456
S0063,ARM1,OVRLRESP,PR,1484
S0063,ARM1,OVRLRESP,PR,1512
S0063,ARM1,OVRLRESP,PR,1540
S0063,ARM1,OVRLRESP,PR,1568
S0063,ARM1,OVRLRESP,PR,1596
S0063,ARM1,OVRLRESP,PR,1624
S0063,ARM1,OVRLRESP,PR,1652
S0063,ARM1,OVRLRESP,PR,1680
S0063,ARM1,OVRLRESP,PR,1708
S0063,ARM1,OVRLRESP,PR,1736
S0063,ARM1,OVRLRESP,PR,1764
S0063,ARM1,OVRLRESP,PR,1792
S0063,ARM1,OVRLRESP,PR,1820
S0063,ARM1,OVRLRESP,PR,1848
S0063,ARM1,OVRLRESP,PR,1876
S0063,ARM1,OVRLRESP,PR,1904
S0063,ARM1,OVRLRESP,PR,1932
S0063,ARM1,OVRLRESP,PR,1960
S0063,ARM1,OVRLRESP,PR,1988
S0063,ARM1,OVRLRESP,PR,2016
S0063,ARM1,OVRLRESP,PR,2044
S0063,ARM1,OVRLRESP,PR,2072
S0063,ARM1,OVRLRESP,PR,2100
S0063,ARM1,OVRLRESP,PR,2128
S0063,ARM1,OVRLRESP,PR,2156
S0063,ARM1,OVRLRESP,PR,2184
S0063,ARM1,OVRLRESP,PR,2212
S0063,ARM1,OVRLRESP,PR,2240
S0063,ARM1,OVRLRESP,PR,2268
S0063,ARM1,OVRLRESP,PR,2296
S0063,ARM1,OVRLRESP,PR,2324
S0063,ARM1,OVRLRESP,PR,2352
S0063,ARM1,OVRLRESP,PR,2380
S0063,ARM1,OVRLRESP,PR,2408
S0063,ARM1,OVRLRESP,PR,2436
S0063,ARM1,OVRLRESP,PR,2464
S0063,ARM1,OVRLRESP,PR,2492
S0063,ARM1,OVRLRESP,PR,2520
S0063,ARM1,OVRLRESP,PR,2548
S0063,ARM1,OVRLRESP,PR,2576
S0063,ARM1,OVRLRESP,PR,2604
S0063,ARM1,OVRLRESP,PR,2632
S0063,ARM1,OVRLRESP,PR,2660
S0063,ARM1,OVRLRESP,PR,2688
S0063,ARM1,OVRLRESP,PR,2716
S0063,ARM1,OVRLRESP,PR,2744
S0063,ARM1,OVRLRESP,PR,2772
S0063,ARM1,OVRLRESP,PR,2800
S0063,ARM1,OVRLRESP,PD,2828
S0063,ARM1,CBOR,PR,56
S0064,ARM1,OVRLRESP,SD,28
S0064,ARM1,OVRLRESP,PR,56
S0064,ARM1,OVRLRESP,PR,84
S0064,ARM1,OVRLRESP,PR,112
S0064,ARM1,OVRLRESP,PR,140
S0064,ARM1,OVRLRESP,PR,168
S0064,ARM1,OVRLRESP,PR,196
S0064,ARM1,OVRLRESP,PR,224
S0064,ARM1,OVRLRESP,PR,252
S0064,ARM1,OVRLRESP,PR,280
S0064,ARM1,OVRLRESP,PR,308
S0064,ARM1,OVRLRESP,PR,336
S0064,ARM1,OVRLRESP,PR,364
S0064,ARM1,OVRLRESP,PR,392
S0064,ARM1,OVRLRESP,PR,420
S0064,ARM1,OVRLRESP,PR,448
S0064,ARM1,OVRLRESP,PR,476
S0064,ARM1,OVRLRESP,PR,504
S0064,ARM1,OVRLRESP,PR,532
S0064,ARM1,OVRLRESP,PR,560
S0064,ARM1,OVRLRESP,PR,588
S0064,ARM1,OVRLRESP,PR,616
S0064,ARM1,OVRLRESP,PR,644
S0064,ARM1,OVRLRESP,PR,672
S0064,ARM1,OVRLRESP,PR,700
S0064,ARM1,OVRLRESP,PR,728
S0064,ARM1,OVRLRESP,PR,756
S0064,ARM1,OVRLRESP,PR,784
S0064,ARM1,OVRLRESP,PR,812
S0064,ARM1,OVRLRESP,PR,840
S0064,ARM1,OVRLRESP,PR,868
S0064,ARM1,OVRLRESP,PR,896
S0064,ARM1,OVRLRESP,PR,924
S0064,ARM1,OVRLRESP,PR,952
S0064,ARM1,OVRLRESP,PR,980
S0064,ARM1,OVRLRESP,PR,1008
S0064,ARM1,OVRLRESP,PR,1036
S0064,ARM1,OVRLRESP,PR,1064
S0064,ARM1,OVRLRESP,PR,1092
S0064,ARM1,OVRLRESP,PR,1120
S0064,ARM1,OVRLRESP,PR,1148
S0064,ARM1,OVRLRESP,PR,1176
S0064,ARM1,OVRLRESP,PR,1204
S0064,ARM1,OVRLRESP,PR,1232
S0064,ARM1,OVRLRESP,PR,1260
S0064,ARM1,OVRLRESP,PR,1288
S0064,ARM1,OVRLRESP,PR,1316
S0064,ARM1,OVRLRESP,PR,1344
S0064,ARM1,OVRLRESP,PR,1372
S0064,ARM1,OVRLRESP,PR,1400
S0064,ARM1,OVRLRESP,PR,1428
S0064,ARM1,OVRLRESP,PR,1456
S0064,ARM1,OVRLRESP,PR,1484
S0064,ARM1,OVRLRESP,PR,1512
S0064,ARM1,OVRLRESP,PR,1540
S0064,ARM1,OVRLRESP,PR,1568
S0064,ARM1,OVRLRESP,PR,1596
S0064,ARM1,OVRLRESP,PR,1624
S0064,ARM1,OVRLRESP,PR,1652
S0064,ARM1,OVRLRESP,PR,1680
S0064,ARM1,OVRLRESP,PD,1708
S0064,ARM1,CBOR,PR,56
S0065,ARM1,OVRLRESP,SD,28
S0065,ARM1,OVRLRESP,PR,56
S0065,ARM1,OVRLRESP,PR,84
S0065,ARM1,OVRLRESP,PR,112
S0065,ARM1,OVRLRESP,PR,140
S0065,ARM1,OVRLRESP,PR,168
S0065,ARM1,OVRLRESP,PR,196
S0065,ARM1,OVRLRESP,PR,224
S0065,ARM1,OVRLRESP,PR,252
S0065,ARM1,OVRLRESP,PR,280
S0065,ARM1,OVRLRESP,PR,308
S0065,ARM1,OVRLRESP,PR,336
S0065,ARM1,OVRLRESP,PR,364
S0065,ARM1,OVRLRESP,PR,392
S0065,ARM1,OVRLRESP,PR,420
S0065,ARM1,OVRLRESP,PR,448
S0065,ARM1,OVRLRESP,PR,476
S0065,ARM1,OVRLRESP,PR,504
S0065,ARM1,OVRLRESP,PR,532
S0065,ARM1,OVRLRESP,PR,560
S0065,ARM1,OVRLRESP,PR,588
S0065,ARM1,OVRLRESP,PR,616
S0065,ARM1,OVRLRESP,PR,644
S0065,ARM1,OVRLRESP,PR,672
S0065,ARM1,OVRLRESP,PR,700
S0065,ARM1,OVRLRESP,PR,728
S0065,ARM1,OVRLRESP,PR,756
S0065,ARM1,OVRLRESP,PR,784
S0065,ARM1,OVRLRESP,PR,812
S0065,ARM1,OVRLRESP,PR,840
S0065,ARM1,OVRLRESP,PR,868
S0065,ARM1,OVRLRESP,PR,896
S0065,ARM1,OVRLRESP,PR,924
S0065,ARM1,OVRLRESP,PR,952
S0065,ARM1,OVRLRESP,PR,980
S0065,ARM1,OVRLRESP,PR,1008
S0065,ARM1,OVRLRESP,PR,1036
S0065,ARM1,OVRLRESP,PR,1064
S0065,ARM1,OVRLRESP,PR,1092
S0065,ARM1,OVRLRESP,PR,1120
S0065,ARM1,OVRLRESP,PR,1148
S0065,ARM1,OVRLRESP,PR,1176
S0065,ARM1,OVRLRESP,PR,1204
S0065,ARM1,OVRLRESP,PR,1232
S0065,ARM1,OVRLRESP,PR,1260
S0065,ARM1,OVRLRESP,PR,1288
S0065,ARM1,OVRLRESP,PR,1316
S0065,ARM1,OVRLRESP,PR,1344
S0065,ARM1,OVRLRESP,PR,1372
S0065,ARM1,OVRLRESP,PR,1400
S0065,ARM1,OVRLRESP,PR,1428
S0065,ARM1,OVRLRESP,PR,1456
S0065,ARM1,OVRLRESP,PR,1484
S0065,ARM1,OVRLRESP,PR,1512
S0065,ARM1,OVRLRESP,PR,1540
S0065,ARM1,OVRLRESP,PR,1568
S0065,ARM1,OVRLRESP,PR,1596
S0065,ARM1,OVRLRESP,PR,1624
S0065,ARM1,OVRLRESP,PR,1652
S0065,ARM1,OVRLRESP,PR,1680
S0065,ARM1,OVRLRESP,PR,1708
S0065,ARM1,OVRLRESP,PR,1736
S0065,ARM1,OVRLRESP,PR,1764
S0065,ARM1,OVRLRESP,PR,1792
S0065,ARM1,OVRLRESP,PR,1820
S0065,ARM1,OVRLRESP,PR,1848
S0065,ARM1,OVRLRESP,PR,1876
S0065,ARM1,OVRLRESP,PR,1904
S0065,ARM1,OVRLRESP,PR,1932
S0065,ARM1,OVRLRESP,PR,1960
S0065,ARM1,OVRLRESP,PR,1988
S0065,ARM1,OVRLRESP,PR,2016
S0065,ARM1,OVRLRESP,PR,2044
S0065,ARM1,OVRLRESP,PR,2072
S0065,ARM1,OVRLRESP,PR,2100
S0065,ARM1,OVRLRESP,PR,2128
S0065,ARM1,OVRLRESP,PR,2156
S0065,ARM1,OVRLRESP,PR,2184
S0065,ARM1,OVRLRESP,PR,2212
S0065,ARM1,OVRLRESP,PR,2240
S0065,ARM1,OVRLRESP,PR,2268
S0065,ARM1,OVRLRESP,PR,2296
S0065,ARM1,OVRLRESP,PR,2324
S0065,ARM1,OVRLRESP,PR,2352
S0065,ARM1,OVRLRESP,PR,2380
S0065,ARM1,OVRLRESP,PR,2408
S0065,ARM1,OVRLRESP,PR,2436
S0065,ARM1,OVRLRESP,PR,2464
S0065,ARM1,OVRLRESP,PR,2492
S0065,ARM1,OVRLRESP,PR,2520
S0065,ARM1,OVRLRESP,PR,2548
S0065,ARM1,OVRLRESP,PR,2576
S0065,ARM1,OVRLRESP,PR,2604
S0065,ARM1,OVRLRESP,PR,2632
S0065,ARM1,OVRLRESP,PR,2660
S0065,ARM1,OVRLRESP,PR,2688
S0065,ARM1,OVRLRESP,PR,2716
S0065,ARM1,OVRLRESP,PR,2744
S0065,ARM1,OVRLRESP,PR,2772
S0065,ARM1,OVRLRESP,PR,2800
S0065,ARM1,OVRLRESP,PR,2828
S0065,ARM1,OVRLRESP,PR,2856
S0065,ARM1,OVRLRESP,PR,2884
S0065,ARM1,OVRLRESP,PR,2912
S0065,ARM1,OVRLRESP,PR,2940
S0065,ARM1,OVRLRESP,PR,2968
S0065,ARM1,OVRLRESP,PR,2996
S0065,ARM1,OVRLRESP,PR,3024
S0065,ARM1,OVRLRESP,PR,3052
S0065,ARM1,OVRLRESP,PR,3080
S0065,ARM1,OVRLRESP,PR,3108
S0065,ARM1,OVRLRESP,PR,3136
S0065,ARM1,OVRLRESP,PR,3164
S0065,ARM1,OVRLRESP,PR,3192
S0065,ARM1,OVRLRESP,PR,3220
S0065,ARM1,OVRLRESP,PR,3248
S0065,ARM1,OVRLRESP,PR,3276
S0065,ARM1,OVRLRESP,PR,3304
S0065,ARM1,OVRLRESP,PR,3332
S0065,ARM1,OVRLRESP,PR,3360
S0065,ARM1,OVRLRESP,PR,3388
S0065,ARM1,OVRLRESP,PR,3416
S0065,ARM1,OVRLRESP,PR,3444
S0065,ARM1,OVRLRESP,PR,3472
S0065,ARM1,OVRLRESP,PR,3500
S0065,ARM1,OVRLRESP,PR,3528
S0065,ARM1,OVRLRESP,PR,3556
S0065,ARM1,OVRLRESP,PR,3584
S0065,ARM1,OVRLRESP,PR,3612
S0065,ARM1,OVRLRESP,PR,3640
S0065,ARM1,OVRLRESP,PR,3668
S0065,ARM1,OVRLRESP,PD,3696
S0065,ARM1,CBOR,PR,56
S0073,ARM1,OVRLRESP,SD,28
S0073,ARM1,OVRLRESP,PR,56
S0073,ARM1,OVRLRESP,PR,84
S0073,ARM1,OVRLRESP,PR,112
S0073,ARM1,OVRLRESP,PR,140
S0073,ARM1,OVRLRESP,PR,168
S0073,ARM1,OVRLRESP,PR,196
S0073,ARM1,OVRLRESP,PR,224
S0073,ARM1,OVRLRESP,PR,252
S0073,ARM1,OVRLRESP,PR,280
S0073,ARM1,OVRLRESP,PR,308
S0073,ARM1,OVRLRESP,PR,336
S0073,ARM1,OVRLRESP,PR,364
S0073,ARM1,OVRLRESP,PR,392
S0073,ARM1,OVRLRESP,PR,420
S0073,ARM1,OVRLRESP,PR,448
S0073,ARM1,OVRLRESP,PR,476
S0073,ARM1,OVRLRESP,PR,504
S0073,ARM1,OVRLRESP,PR,532
S0073,ARM1,OVRLRESP,PR,560
S0073,ARM1,OVRLRESP,PR,588
S0073,ARM1,OVRLRESP,PR,616
S0073,ARM1,OVRLRESP,PR,644
S0073,ARM1,OVRLRESP,PR,672
S0073,ARM1,OVRLRESP,PR,700
S0073,ARM1,OVRLRESP,PR,728
S0073,ARM1,OVRLRESP,PR,756
S0073,ARM1,OVRLRESP,PR,784
S0073,ARM1,OVRLRESP,PR,812
S0073,ARM1,OVRLRESP,PR,840
S0073,ARM1,OVRLRESP,PR,868
S0073,ARM1,OVRLRESP,PR,896
S0073,ARM1,OVRLRESP,PR,924
S0073,ARM1,OVRLRESP,PR,952
S0073,ARM1,OVRLRESP,PR,980
S0073,ARM1,OVRLRESP,PR,1008
S0073,ARM1,OVRLRESP,PR,1036
S0073,ARM1,OVRLRESP,PR,1064
S0073,ARM1,OVRLRESP,PR,1092
S0073,ARM1,OVRLRESP,PR,1120
S0073,ARM1,OVRLRESP,PR,1148
S0073,ARM1,OVRLRESP,PR,1176
S0073,ARM1,OVRLRESP,PR,1204
S0073,ARM1,OVRLRESP,PR,1232
S0073,ARM1,OVRLRESP,PR,1260
S0073,ARM1,OVRLRESP,PR,1288
S0073,ARM1,OVRLRESP,PR,1316
S0073,ARM1,OVRLRESP,PR,1344
S0073,ARM1,OVRLRESP,PR,1372
S0073,ARM1,OVRLRESP,PR,1400
S0073,ARM1,OVRLRESP,PR,1428
S0073,ARM1,OVRLRESP,PR,1456
S0073,ARM1,OVRLRESP,PR,1484
S0073,ARM1,OVRLRESP,PR,1512
S0073,ARM1,OVRLRESP,PR,1540
S0073,ARM1,OVRLRESP,PR,1568
S0073,ARM1,OVRLRESP,PR,1596
S0073,ARM1,OVRLRESP,PR,1624
S0073,ARM1,OVRLRESP,PR,1652
S0073,ARM1,OVRLRESP,PR,1680
S0073,ARM1,OVRLRESP,PR,1708
S0073,ARM1,OVRLRESP,PR,1736
S0073,ARM1,OVRLRESP,PR,1764
S0073,ARM1,OVRLRESP,PR,1792
S0073,ARM1,OVRLRESP,PR,1820
S0073,ARM1,OVRLRESP,PR,1848
S0073,ARM1,OVRLRESP,PR,1876
S0073,ARM1,OVRLRESP,PR,1904
S0073,ARM1,OVRLRESP,PR,1932
S0073,ARM1,OVRLRESP,PR,1960
S0073,ARM1,OVRLRESP,PR,1988
S0073,ARM1,OVRLRESP,PR,2016
S0073,ARM1,OVRLRESP,PR,2044
S0073,ARM1,OVRLRESP,PR,2072
S0073,ARM1,OVRLRESP,PR,2100
S0073,ARM1,OVRLRESP,PR,2128
S0073,ARM1,OVRLRESP,PR,2156
S0073,ARM1,OVRLRESP,PR,2184
S0073,ARM1,OVRLRESP,PR,2212
S0073,ARM1,OVRLRESP,PR,2240
S0073,ARM1,OVRLRESP,PR,2268
S0073,ARM1,OVRLRESP,PR,2296
S0073,ARM1,OVRLRESP,PR,2324
S0073,ARM1,OVRLRESP,PR,2352
S0073,ARM1,OVRLRESP,PR,2380
S0073,ARM1,OVRLRESP,PR,2408
S0073,ARM1,OVRLRESP,PR,2436
S0073,ARM1,OVRLRESP,PR,2464
S0073,ARM1,OVRLRESP,PR,2492
S0073,ARM1,OVRLRESP,PR,2520
S0073,ARM1,OVRLRESP,PR,2548
S0073,ARM1,OVRLRESP,PR,2576
S0073,ARM1,OVRLRESP,PR,2604
S0073,ARM1,OVRLRESP,PR,2632
S0073,ARM1,OVRLRESP,PR,2660
S0073,ARM1,OVRLRESP,PR,2688
S0073,ARM1,OVRLRESP,PR,2716
S0073,ARM1,OVRLRESP,PR,2744
S0073,ARM1,OVRLRESP,PR,2772
S0073,ARM1,OVRLRESP,PR,2800
S0073,ARM1,OVRLRESP,PR,2828
S0073,ARM1,OVRLRESP,PR,2856
S0073,ARM1,OVRLRESP,PR,2884
S0073,ARM1,OVRLRESP,PR,2912
S0073,ARM1,OVRLRESP,PR,2940
S0073,ARM1,OVRLRESP,PR,2968
S0073,ARM1,OVRLRESP,PR,2996
S0073,ARM1,OVRLRESP,PR,3024
S0073,ARM1,OVRLRESP,PR,3052
S0073,ARM1,OVRLRESP,PR,3080
S0073,ARM1,OVRLRESP,PR,3108
S0073,ARM1,OVRLRESP,PR,3136
S0073,ARM1,OVRLRESP,PR,3164
S0073,ARM1,OVRLRESP,PR,3192
S0073,ARM1,OVRLRESP,PR,3220
S0073,ARM1,OVRLRESP,PR,3248
S0073,ARM1,OVRLRESP,PR,3276
S0073,ARM1,OVRLRESP,PR,3304
S0073,ARM1,OVRLRESP,PR,3332
S0073,ARM1,OVRLRESP,PR,3360
S0073,ARM1,OVRLRESP,PR,3388
S0073,ARM1,OVRLRESP,PR,3416
S0073,ARM1,OVRLRESP,PR,3444
S0073,ARM1,OVRLRESP,PR,3472
S0073,ARM1,OVRLRESP,PR,3500
S0073,ARM1,OVRLRESP,PR,3528
S0073,ARM1,OVRLRESP,PR,3556
S0073,ARM1,OVRLRESP,PR,3584
S0073,ARM1,OVRLRESP,PR,3612
S0073,ARM1,OVRLRESP,PR,3640
S0073,ARM1,OVRLRESP,PR,3668
S0073,ARM1,OVRLRESP,PD,3696
S0073,ARM1,CBOR,PR,56
S0075,ARM1,OVRLRESP,SD,28
S0075,ARM1,OVRLRESP,CR,56
S0075,ARM1,OVRLRESP,CR,84
S0075,ARM1,OVRLRESP,CR,112
S0075,ARM1,OVRLRESP,CR,140
S0075,ARM1,OVRLRESP,CR,168
S0075,ARM1,OVRLRESP,CR,196
S0075,ARM1,OVRLRESP,CR,224
S0075,ARM1,OVRLRESP,CR,252
S0075,ARM1,OVRLRESP,CR,280
S0075,ARM1,OVRLRESP,CR,308
S0075,ARM1,OVRLRESP,CR,336
S0075,ARM1,OVRLRESP,CR,364
S0075,ARM1,OVRLRESP,CR,392
S0075,ARM1,OVRLRESP,CR,420
S0075,ARM1,OVRLRESP,CR,448
S0075,ARM1,OVRLRESP,CR,476
S0075,ARM1,OVRLRESP,CR,504
S0075,ARM1,OVRLRESP,CR,532
S0075,ARM1,OVRLRESP,CR,560
S0075,ARM1,OVRLRESP,CR,588
S0075,ARM1,OVRLRESP,CR,616
S0075,ARM1,OVRLRESP,CR,644
S0075,ARM1,OVRLRESP,CR,672
S0075,ARM1,OVRLRESP,CR,700
S0075,ARM1,OVRLRESP,CR,728
S0075,ARM1,OVRLRESP,CR,756
S0075,ARM1,OVRLRESP,CR,784
S0075,ARM1,OVRLRESP,CR,812
S0075,ARM1,OVRLRESP,CR,840
S0075,ARM1,OVRLRESP,CR,868
S0075,ARM1,OVRLRESP,CR,896
S0075,ARM1,OVRLRESP,CR,924
S0075,ARM1,OVRLRESP,CR,952
S0075,ARM1,OVRLRESP,CR,980
S0075,ARM1,OVRLRESP,CR,1008
S0075,ARM1,OVRLRESP,CR,1036
S0075,ARM1,OVRLRESP,CR,1064
S0075,ARM1,OVRLRESP,CR,1092
S0075,ARM1,OVRLRESP,CR,1120
S0075,ARM1,OVRLRESP,CR,1148
S0075,ARM1,OVRLRESP,CR,1176
S0075,ARM1,OVRLRESP,CR,1204
S0075,ARM1,OVRLRESP,CR,1232
S0075,ARM1,OVRLRESP,CR,1260
S0075,ARM1,OVRLRESP,CR,1288
S0075,ARM1,OVRLRESP,CR,1316
S0075,ARM1,OVRLRESP,CR,1344
S0075,ARM1,OVRLRESP,CR,1372
S0075,ARM1,OVRLRESP,CR,1400
S0075,ARM1,OVRLRESP,CR,1428
S0075,ARM1,OVRLRESP,CR,1456
S0075,ARM1,OVRLRESP,CR,1484
S0075,ARM1,OVRLRESP,CR,1512
S0075,ARM1,OVRLRESP,CR,1540
S0075,ARM1,OVRLRESP,CR,1568
S0075,ARM1,OVRLRESP,CR,1596
S0075,ARM1,OVRLRESP,CR,1624
S0075,ARM1,OVRLRESP,CR,1652
S0075,ARM1,OVRLRESP,CR,1680
S0075,ARM1,OVRLRESP,CR,1708
S0075,ARM1,OVRLRESP,CR,1736
S0075,ARM1,OVRLRESP,CR,1764
S0075,ARM1,OVRLRESP,CR,1792
S0075,ARM1,OVRLRESP,CR,1820
S0075,ARM1,OVRLRESP,CR,1848
S0075,ARM1,OVRLRESP,CR,1876
S0075,ARM1,OVRLRESP,CR,1904
S0075,ARM1,OVRLRESP,CR,1932
S0075,ARM1,OVRLRESP,CR,1960
S0075,ARM1,OVRLRESP,CR,1988
S0075,ARM1,OVRLRESP,CR,2016
S0075,ARM1,OVRLRESP,CR,2044
S0075,ARM1,OVRLRESP,CR,2072
S0075,ARM1,OVRLRESP,CR,2100
S0075,ARM1,OVRLRESP,CR,2128
S0075,ARM1,OVRLRESP,CR,2156
S0075,ARM1,OVRLRESP,CR,2184
S0075,ARM1,OVRLRESP,CR,2212
S0075,ARM1,OVRLRESP,CR,2240
S0075,ARM1,OVRLRESP,CR,2268
S0075,ARM1,OVRLRESP,CR,2296
S0075,ARM1,OVRLRESP,CR,2324
S0075,ARM1,OVRLRESP,CR,2352
S0075,ARM1,OVRLRESP,CR,2380
S0075,ARM1,OVRLRESP,CR,2408
S0075,ARM1,OVRLRESP,CR,2436
S0075,ARM1,OVRLRESP,CR,2464
S0075,ARM1,OVRLRESP,CR,2492
S0075,ARM1,OVRLRESP,CR,2520
S0075,ARM1,OVRLRESP,PD,2548
S0075,ARM1,CBOR,CR,56
S0078,ARM1,OVRLRESP,PR,28
S0078,ARM1,OVRLRESP,CR,56
S0078,ARM1,OVRLRESP,CR,84
S0078,ARM1,OVRLRESP,CR,112
S0078,ARM1,OVRLRESP,CR,140
S0078,ARM1,OVRLRESP,CR,168
S0078,ARM1,OVRLRESP,CR,196
S0078,ARM1,OVRLRESP,CR,224
S0078,ARM1,OVRLRESP,CR,252
S0078,ARM1,OVRLRESP,CR,280
S0078,ARM1,OVRLRESP,CR,308
S0078,ARM1,OVRLRESP,CR,336
S0078,ARM1,OVRLRESP,CR,364
S0078,ARM1,OVRLRESP,CR,392
S0078,ARM1,OVRLRESP,CR,420
S0078,ARM1,OVRLRESP,CR,448
S0078,ARM1,OVRLRESP,CR,476
S0078,ARM1,OVRLRESP,CR,504
S0078,ARM1,OVRLRESP,CR,532
S0078,ARM1,OVRLRESP,CR,560
S0078,ARM1,OVRLRESP,CR,588
S0078,ARM1,OVRLRESP,CR,616
S0078,ARM1,OVRLRESP,CR,644
S0078,ARM1,OVRLRESP,CR,672
S0078,ARM1,OVRLRESP,CR,700
S0078,ARM1,OVRLRESP,CR,728
S0078,ARM1,OVRLRESP,CR,756
S0078,ARM1,OVRLRESP,CR,784
S0078,ARM1,OVRLRESP,CR,812
S0078,ARM1,OVRLRESP,CR,840
S0078,ARM1,OVRLRESP,CR,868
S0078,ARM1,OVRLRESP,CR,896
S0078,ARM1,OVRLRESP,CR,924
S0078,ARM1,OVRLRESP,CR,952
S0078,ARM1,OVRLRESP,CR,980
S0078,ARM1,OVRLRESP,CR,1008
S0078,ARM1,OVRLRESP,CR,1036
S0078,ARM1,OVRLRESP,CR,1064
S0078,ARM1,OVRLRESP,CR,1092
S0078,ARM1,OVRLRESP,CR,1120
S0078,ARM1,OVRLRESP,CR,1148
S0078,ARM1,OVRLRESP,CR,1176
S0078,ARM1,OVRLRESP,CR,1204
S0078,ARM1,OVRLRESP,CR,1232
S0078,ARM1,OVRLRESP,CR,1260
S0078,ARM1,OVRLRESP,CR,1288
S0078,ARM1,OVRLRESP,CR,1316
S0078,ARM1,OVRLRESP,CR,1344
S0078,ARM1,OVRLRESP,CR,1372
S0078,ARM1,OVRLRESP,CR,1400
S0078,ARM1,OVRLRESP,CR,1428
S0078,ARM1,OVRLRESP,CR,1456
S0078,ARM1,OVRLRESP,CR,1484
S0078,ARM1,OVRLRESP,CR,1512
S0078,ARM1,OVRLRESP,CR,1540
S0078,ARM1,OVRLRESP,CR,1568
S0078,ARM1,OVRLRESP,CR,1596
S0078,ARM1,OVRLRESP,CR,1624
S0078,ARM1,OVRLRESP,CR,1652
S0078,ARM1,OVRLRESP,CR,1680
S0078,ARM1,OVRLRESP,CR,1708
S0078,ARM1,OVRLRESP,CR,1736
S0078,ARM1,OVRLRESP,CR,1764
S0078,ARM1,OVRLRESP,CR,1792
S0078,ARM1,OVRLRESP,CR,1820
S0078,ARM1,OVRLRESP,CR,1848
S0078,ARM1,OVRLRESP,CR,1876
S0078,ARM1,OVRLRESP,CR,1904
S0078,ARM1,OVRLRESP,CR,1932
S0078,ARM1,OVRLRESP,CR,1960
S0078,ARM1,OVRLRESP,CR,1988
S0078,ARM1,OVRLRESP,CR,2016
S0078,ARM1,OVRLRESP,CR,2044
S0078,ARM1,OVRLRESP,CR,2072
S0078,ARM1,OVRLRESP,CR,2100
S0078,ARM1,OVRLRESP,CR,2128
S0078,ARM1,OVRLRESP,CR,2156
S0078,ARM1,OVRLRESP,CR,2184
S0078,ARM1,OVRLRESP,CR,2212
S0078,ARM1,OVRLRESP,CR,2240
S0078,ARM1,OVRLRESP,CR,2268
S0078,ARM1,OVRLRESP,CR,2296
S0078,ARM1,OVRLRESP,CR,2324
S0078,ARM1,OVRLRESP,CR,2352
S0078,ARM1,OVRLRESP,PR,2380
S0078,ARM1,OVRLRESP,PR,2408
S0078,ARM1,OVRLRESP,PR,2436
S0078,ARM1,OVRLRESP,PR,2464
S0078,ARM1,OVRLRESP,PR,2492
S0078,ARM1,OVRLRESP,PR,2520
S0078,ARM1,OVRLRESP,PR,2548
S0078,ARM1,OVRLRESP,PR,2576
S0078,ARM1,OVRLRESP,PR,2604
S0078,ARM1,CBOR,CR,56
S0079,ARM1,OVRLRESP,SD,28
S0079,ARM1,OVRLRESP,SD,56
S0079,ARM1,OVRLRESP,SD,84
S0079,ARM1,OVRLRESP,SD,112
S0079,ARM1,OVRLRESP,SD,140
S0079,ARM1,OVRLRESP,SD,168
S0079,ARM1,OVRLRESP,SD,196
S0079,ARM1,OVRLRESP,SD,224
S0079,ARM1,OVRLRESP,SD,252
S0079,ARM1,OVRLRESP,SD,280
S0079,ARM1,OVRLRESP,SD,308
S0079,ARM1,OVRLRESP,SD,336
S0079,ARM1,OVRLRESP,SD,364
S0079,ARM1,OVRLRESP,SD,392
S0079,ARM1,OVRLRESP,PD,420
S0079,ARM1,CBOR,SD,56
S0080,ARM1,OVRLRESP,PR,28
S0080,ARM1,OVRLRESP,CR,56
S0080,ARM1,OVRLRESP,CR,84
S0080,ARM1,OVRLRESP,CR,112
S0080,ARM1,OVRLRESP,CR,140
S0080,ARM1,OVRLRESP,CR,168
S0080,ARM1,CBOR,CR,56
S0083,ARM1,CBOR,NE,
S0084,ARM1,OVRLRESP,SD,28
S0084,ARM1,OVRLRESP,SD,56
S0084,ARM1,OVRLRESP,SD,84
S0084,ARM1,OVRLRESP,SD,112
S0084,ARM1,OVRLRESP,SD,140
S0084,ARM1,OVRLRESP,SD,168
S0084,ARM1,OVRLRESP,SD,196
S0084,ARM1,OVRLRESP,SD,224
S0084,ARM1,OVRLRESP,SD,252
S0084,ARM1,OVRLRESP,SD,280
S0084,ARM1,OVRLRESP,SD,308
S0084,ARM1,OVRLRESP,SD,336
S0084,ARM1,OVRLRESP,SD,364
S0084,ARM1,OVRLRESP,SD,392
S0084,ARM1,OVRLRESP,SD,420
S0084,ARM1,OVRLRESP,PD,448
S0084,ARM1,CBOR,SD,56
S0086,ARM1,OVRLRESP,SD,28
S0086,ARM1,OVRLRESP,PR,56
S0086,ARM1,OVRLRESP,PR,84
S0086,ARM1,OVRLRESP,PR,112
S0086,ARM1,OVRLRESP,PR,140
S0086,ARM1,OVRLRESP,PR,168
S0086,ARM1,OVRLRESP,PR,196
S0086,ARM1,CBOR,PR,56
S0088,ARM1,OVRLRESP,SD,28
S0088,ARM1,OVRLRESP,PR,56
S0088,ARM1,OVRLRESP,PR,84
S0088,ARM1,OVRLRESP,PR,112
S0088,ARM1,OVRLRESP,PR,140
S0088,ARM1,OVRLRESP,PR,168
S0088,ARM1,OVRLRESP,PR,196
S0088,ARM1,OVRLRESP,PR,224
S0088,ARM1,OVRLRESP,PR,252
S0088,ARM1,OVRLRESP,PR,280
S0088,ARM1,OVRLRESP,PR,308
S0088,ARM1,OVRLRESP,PR,336
S0088,ARM1,OVRLRESP,PR,364
S0088,ARM1,OVRLRESP,PR,392
S0088,ARM1,OVRLRESP,PR,420
S0088,ARM1,OVRLRESP,PR,448
S0088,ARM1,OVRLRESP,PR,476
S0088,ARM1,OVRLRESP,PR,504
S0088,ARM1,OVRLRESP,PR,532
S0088,ARM1,OVRLRESP,PR,560
S0088,ARM1,OVRLRESP,PR,588
S0088,ARM1,OVRLRESP,PR,616
S0088,ARM1,OVRLRESP,PR,644
S0088,ARM1,OVRLRESP,PR,672
S0088,ARM1,OVRLRESP,PR,700
S0088,ARM1,OVRLRESP,PR,728
S0088,ARM1,OVRLRESP,PR,756
S0088,ARM1,OVRLRESP,PR,784
S0088,ARM1,OVRLRESP,PR,812
S0088,ARM1,OVRLRESP,PR,840
S0088,ARM1,OVRLRESP,PR,868
S0088,ARM1,OVRLRESP,PR,896
S0088,ARM1,OVRLRESP,PR,924
S0088,ARM1,OVRLRESP,PR,952
S0088,ARM1,OVRLRESP,PR,980
S0088,ARM1,OVRLRESP,PR,1008
S0088,ARM1,OVRLRESP,PR,1036
S0088,ARM1,OVRLRESP,PR,1064
S0088,ARM1,OVRLRESP,PR,1092
S0088,ARM1,OVRLRESP,PR,1120
S0088,ARM1,OVRLRESP,PR,1148
S0088,ARM1,OVRLRESP,PR,1176
S0088,ARM1,OVRLRESP,PR,1204
S0088,ARM1,OVRLRESP,PR,1232
S0088,ARM1,OVRLRESP,PR,1260
S0088,ARM1,OVRLRESP,PR,1288
S0088,ARM1,OVRLRESP,PR,1316
S0088,ARM1,OVRLRESP,PR,1344
S0088,ARM1,OVRLRESP,PR,1372
S0088,ARM1,OVRLRESP,PR,1400
S0088,ARM1,OVRLRESP,PR,1428
S0088,ARM1,OVRLRESP,PR,1456
S0088,ARM1,OVRLRESP,PR,1484
S0088,ARM1,OVRLRESP,PR,1512
S0088,ARM1,OVRLRESP,PR,1540
S0088,ARM1,OVRLRESP,PR,1568
S0088,ARM1,OVRLRESP,PR,1596
S0088,ARM1,OVRLRESP,PR,1624
S0088,ARM1,OVRLRESP,PR,1652
S0088,ARM1,OVRLRESP,PR,1680
S0088,ARM1,OVRLRESP,PR,1708
S0088,ARM1,OVRLRESP,PR,1736
S0088,ARM1,OVRLRESP,PR,1764
S0088,ARM1,OVRLRESP,PR,1792
S0088,ARM1,OVRLRESP,PR,1820
S0088,ARM1,OVRLRESP,PR,1848
S0088,ARM1,OVRLRESP,PR,1876
S0088,ARM1,OVRLRESP,PR,1904
S0088,ARM1,OVRLRESP,PR,1932
S0088,ARM1,OVRLRESP,PR,1960
S0088,ARM1,OVRLRESP,PR,1988
S0088,ARM1,OVRLRESP,PR,2016
S0088,ARM1,OVRLRESP,PR,2044
S0088,ARM1,OVRLRESP,PR,2072
S0088,ARM1,OVRLRESP,PR,2100
S0088,ARM1,OVRLRESP,PR,2128
S0088,ARM1,OVRLRESP,PR,2156
S0088,ARM1,OVRLRESP,PR,2184
S0088,ARM1,OVRLRESP,PR,2212
S0088,ARM1,OVRLRESP,PR,2240
S0088,ARM1,OVRLRESP,PR,2268
S0088,ARM1,OVRLRESP,PR,2296
S0088,ARM1,OVRLRESP,PR,2324
S0088,ARM1,OVRLRESP,PR,2352
S0088,ARM1,OVRLRESP,PR,2380
S0088,ARM1,OVRLRESP,PR,2408
S0088,ARM1,OVRLRESP,PR,2436
S0088,ARM1,OVRLRESP,PR,2464
S0088,ARM1,OVRLRESP,PR,2492
S0088,ARM1,OVRLRESP,PR,2520
S0088,ARM1,OVRLRESP,PR,2548
S0088,ARM1,OVRLRESP,PR,2576
S0088,ARM1,OVRLRESP,PR,2604
S0088,ARM1,OVRLRESP,PR,2632
S0088,ARM1,OVRLRESP,PD,2660
S0088,ARM1,CBOR,PR,56
S0092,ARM1,OVRLRESP,SD,28
S0092,ARM1,OVRLRESP,PR,56
S0092,ARM1,OVRLRESP,PR,84
S0092,ARM1,OVRLRESP,PR,112
S0092,ARM1,OVRLRESP,PR,140
S0092,ARM1,OVRLRESP,PR,168
S0092,ARM1,OVRLRESP,PR,196
S0092,ARM1,OVRLRESP,PR,224
S0092,ARM1,OVRLRESP,PR,252
S0092,ARM1,OVRLRESP,PR,280
S0092,ARM1,OVRLRESP,PR,308
S0092,ARM1,OVRLRESP,PR,336
S0092,ARM1,OVRLRESP,PR,364
S0092,ARM1,OVRLRESP,PR,392
S0092,ARM1,OVRLRESP,PR,420
S0092,ARM1,OVRLRESP,PR,448
S0092,ARM1,OVRLRESP,PR,476
S0092,ARM1,OVRLRESP,PR,504
S0092,ARM1,OVRLRESP,PR,532
S0092,ARM1,OVRLRESP,PR,560
S0092,ARM1,OVRLRESP,PR,588
S0092,ARM1,OVRLRESP,PR,616
S0092,ARM1,OVRLRESP,PR,644
S0092,ARM1,OVRLRESP,PR,672
S0092,ARM1,OVRLRESP,PR,700
S0092,ARM1,OVRLRESP,PR,728
S0092,ARM1,OVRLRESP,PR,756
S0092,ARM1,OVRLRESP,PR,784
S0092,ARM1,OVRLRESP,PR,812
S0092,ARM1,OVRLRESP,PR,840
S0092,ARM1,OVRLRESP,PR,868
S0092,ARM1,OVRLRESP,PR,896
S0092,ARM1,OVRLRESP,PR,924
S0092,ARM1,OVRLRESP,PR,952
S0092,ARM1,OVRLRESP,PR,980
S0092,ARM1,OVRLRESP,PR,1008
S0092,ARM1,OVRLRESP,PR,1036
S0092,ARM1,OVRLRESP,PR,1064
S0092,ARM1,OVRLRESP,PR,1092
S0092,ARM1,OVRLRESP,PR,1120
S0092,ARM1,OVRLRESP,PR,1148
S0092,ARM1,OVRLRESP,PR,1176
S0092,ARM1,OVRLRESP,PR,1204
S0092,ARM1,OVRLRESP,PR,1232
S0092,ARM1,OVRLRESP,PR,1260
S0092,ARM1,OVRLRESP,PR,1288
S0092,ARM1,OVRLRESP,PR,1316
S0092,ARM1,OVRLRESP,PR,1344
S0092,ARM1,OVRLRESP,PR,1372
S0092,ARM1,OVRLRESP,PR,1400
S0092,ARM1,OVRLRESP,PR,1428
S0092,ARM1,OVRLRESP,PR,1456
S0092,ARM1,OVRLRESP,PR,1484
S0092,ARM1,OVRLRESP,PR,1512
S0092,ARM1,OVRLRESP,PR,1540
S0092,ARM1,OVRLRESP,PR,1568
S0092,ARM1,OVRLRESP,PR,1596
S0092,ARM1,OVRLRESP,PR,1624
S0092,ARM1,OVRLRESP,PR,1652
S0092,ARM1,OVRLRESP,PR,1680
S0092,ARM1,OVRLRESP,PR,1708
S0092,ARM1,OVRLRESP,PR,1736
S0092,ARM1,OVRLRESP,PR,1764
S0092,ARM1,OVRLRESP,PR,1792
S0092,ARM1,OVRLRESP,PR,1820
S0092,ARM1,OVRLRESP,PR,1848
S0092,ARM1,OVRLRESP,PR,1876
S0092,ARM1,OVRLRESP,PR,1904
S0092,ARM1,OVRLRESP,PR,1932
S0092,ARM1,OVRLRESP,PR,1960
S0092,ARM1,OVRLRESP,PR,1988
S0092,ARM1,OVRLRESP,PR,2016
S0092,ARM1,OVRLRESP,PR,2044
S0092,ARM1,OVRLRESP,PR,2072
S0092,ARM1,OVRLRESP,PR,2100
S0092,ARM1,OVRLRESP,PR,2128
S0092,ARM1,OVRLRESP,PR,2156
S0092,ARM1,OVRLRESP,PR,2184
S0092,ARM1,OVRLRESP,PR,2212
S0092,ARM1,OVRLRESP,PR,2240
S0092,ARM1,OVRLRESP,PR,2268
S0092,ARM1,OVRLRESP,PR,2296
S0092,ARM1,OVRLRESP,PR,2324
S0092,ARM1,OVRLRESP,PR,2352
S0092,ARM1,OVRLRESP,PR,2380
S0092,ARM1,OVRLRESP,PR,2408
S0092,ARM1,OVRLRESP,PR,2436
S0092,ARM1,OVRLRESP,PR,2464
S0092,ARM1,OVRLRESP,PR,2492
S0092,ARM1,OVRLRESP,PR,2520
S0092,ARM1,OVRLRESP,PR,2548
S0092,ARM1,OVRLRESP,PR,2576
S0092,ARM1,OVRLRESP,PR,2604
S0092,ARM1,OVRLRESP,PR,2632
S0092,ARM1,OVRLRESP,PR,2660
S0092,ARM1,OVRLRESP,PR,2688
S0092,ARM1,OVRLRESP,PR,2716
S0092,ARM1,OVRLRESP,PR,2744
S0092,ARM1,OVRLRESP,PR,2772
S0092,ARM1,OVRLRESP,PR,2800
S0092,ARM1,OVRLRESP,PR,2828
S0092,ARM1,OVRLRESP,PR,2856
S0092,ARM1,OVRLRESP,PR,2884
S0092,ARM1,OVRLRESP,PR,2912
S0092,ARM1,OVRLRESP,PR,2940
S0092,ARM1,OVRLRESP,PR,2968
S0092,ARM1,OVRLRESP,PR,2996
S0092,ARM1,OVRLRESP,PR,3024
S0092,ARM1,OVRLRESP,PR,3052
S0092,ARM1,OVRLRESP,PR,3080
S0092,ARM1,OVRLRESP,PR,3108
S0092,ARM1,OVRLRESP,PR,3136
S0092,ARM1,OVRLRESP,PR,3164
S0092,ARM1,OVRLRESP,PR,3192
S0092,ARM1,OVRLRESP,PR,3220
S0092,ARM1,CBOR,PR,56
S0096,ARM1,OVRLRESP,SD,28
S0096,ARM1,OVRLRESP,PR,56
S0096,ARM1,OVRLRESP,PR,84
S0096,ARM1,OVRLRESP,PR,112
S0096,ARM1,OVRLRESP,PR,140
S0096,ARM1,OVRLRESP,PD,168
S0096,ARM1,CBOR,PR,56
S0097,ARM1,OVRLRESP,SD,28
S0097,ARM1,OVRLRESP,SD,56
S0097,ARM1,OVRLRESP,SD,84
S0097,ARM1,OVRLRESP,SD,112
S0097,ARM1,OVRLRESP,SD,140
S0097,ARM1,OVRLRESP,SD,168
S0097,ARM1,OVRLRESP,SD,196
S0097,ARM1,OVRLRESP,SD,224
S0097,ARM1,OVRLRESP,SD,252
S0097,ARM1,OVRLRESP,SD,280
S0097,ARM1,OVRLRESP,SD,308
S0097,ARM1,OVRLRESP,SD,336
S0097,ARM1,OVRLRESP,SD,364
S0097,ARM1,OVRLRESP,SD,392
S0097,ARM1,OVRLRESP,SD,420
S0097,ARM1,OVRLRESP,SD,448
S0097,ARM1,OVRLRESP,SD,476
S0097,ARM1,OVRLRESP,SD,504
S0097,ARM1,OVRLRESP,SD,532
S0097,ARM1,OVRLRESP,SD,560
S0097,ARM1,OVRLRESP,SD,588
S0097,ARM1,OVRLRESP,SD,616
S0097,ARM1,OVRLRESP,SD,644
S0097,ARM1,OVRLRESP,SD,672
S0097,ARM1,OVRLRESP,SD,700
S0097,ARM1,OVRLRESP,SD,728
S0097,ARM1,OVRLRESP,SD,756
S0097,ARM1,OVRLRESP,SD,784
S0097,ARM1,OVRLRESP,SD,812
S0097,ARM1,OVRLRESP,SD,840
S0097,ARM1,OVRLRESP,SD,868
S0097,ARM1,OVRLRESP,SD,896
S0097,ARM1,OVRLRESP,SD,924
S0097,ARM1,OVRLRESP,SD,952
S0097,ARM1,OVRLRESP,SD,980
S0097,ARM1,OVRLRESP,SD,1008
S0097,ARM1,OVRLRESP,SD,1036
S0097,ARM1,OVRLRESP,SD,1064
S0097,ARM1,OVRLRESP,SD,1092
S0097,ARM1,OVRLRESP,SD,1120
S0097,ARM1,OVRLRESP,SD,1148
S0097,ARM1,OVRLRESP,PD,1176
S0097,ARM1,CBOR,SD,56
S0100,ARM1,OVRLRESP,SD,28
S0100,ARM1,OVRLRESP,SD,56
S0100,ARM1,OVRLRESP,SD,84
S0100,ARM1,OVRLRESP,SD,112
S0100,ARM1,OVRLRESP,SD,140
S0100,ARM1,OVRLRESP,SD,168
S0100,ARM1,OVRLRESP,SD,196
S0100,ARM1,OVRLRESP,SD,224
S0100,ARM1,OVRLRESP,SD,252
S0100,ARM1,OVRLRESP,SD,280
S0100,ARM1,OVRLRESP,SD,308
S0100,ARM1,OVRLRESP,SD,336
S0100,ARM1,OVRLRESP,SD,364
S0100,ARM1,OVRLRESP,SD,392
S0100,ARM1,OVRLRESP,SD,420
S0100,ARM1,OVRLRESP,SD,448
S0100,ARM1,OVRLRESP,SD,476
S0100,ARM1,OVRLRESP,SD,504
S0100,ARM1,OVRLRESP,SD,532
S0100,ARM1,OVRLRESP,SD,560
S0100,ARM1,OVRLRESP,SD,588
S0100,ARM1,OVRLRESP,SD,616
S0100,ARM1,OVRLRESP,SD,644
S0100,ARM1,OVRLRESP,SD,672
S0100,ARM1,OVRLRESP,SD,700
S0100,ARM1,OVRLRESP,SD,728
S0100,ARM1,OVRLRESP,SD,756
S0100,ARM1,OVRLRESP,SD,784
S0100,ARM1,OVRLRESP,SD,812
S0100,ARM1,OVRLRESP,SD,840
S0100,ARM1,OVRLRESP,SD,868
S0100,ARM1,OVRLRESP,SD,896
S0100,ARM1,OVRLRESP,SD,924
S0100,ARM1,OVRLRESP,SD,952
S0100,ARM1,OVRLRESP,SD,980
S0100,ARM1,OVRLRESP,SD,1008
S0100,ARM1,OVRLRESP,SD,1036
S0100,ARM1,OVRLRESP,SD,1064
S0100,ARM1,OVRLRESP,SD,1092
S0100,ARM1,OVRLRESP,SD,1120
S0100,ARM1,OVRLRESP,SD,1148
S0100,ARM1,OVRLRESP,SD,1176
S0100,ARM1,OVRLRESP,SD,1204
S0100,ARM1,OVRLRESP,SD,1232
S0100,ARM1,OVRLRESP,SD,1260
S0100,ARM1,OVRLRESP,SD,1288
S0100,ARM1,OVRLRESP,SD,1316
S0100,ARM1,OVRLRESP,SD,1344
S0100,ARM1,OVRLRESP,SD,1372
S0100,ARM1,OVRLRESP,PD,1400
S0100,ARM1,CBOR,SD,56
S0103,ARM1,OVRLRESP,SD,28
S0103,ARM1,OVRLRESP,PR,56
S0103,ARM1,OVRLRESP,PR,84
S0103,ARM1,OVRLRESP,PR,112
S0103,ARM1,OVRLRESP,PR,140
S0103,ARM1,OVRLRESP,PR,168
S0103,ARM1,OVRLRESP,PR,196
S0103,ARM1,OVRLRESP,PR,224
S0103,ARM1,OVRLRESP,PR,252
S0103,ARM1,OVRLRESP,PR,280
S0103,ARM1,OVRLRESP,PR,308
S0103,ARM1,OVRLRESP,PR,336
S0103,ARM1,OVRLRESP,PR,364
S0103,ARM1,OVRLRESP,PR,392
S0103,ARM1,OVRLRESP,PR,420
S0103,ARM1,OVRLRESP,PR,448
S0103,ARM1,OVRLRESP,PR,476
S0103,ARM1,OVRLRESP,PR,504
S0103,ARM1,OVRLRESP,PR,532
S0103,ARM1,OVRLRESP,PR,560
S0103,ARM1,OVRLRESP,PR,588
S0103,ARM1,OVRLRESP,PR,616
S0103,ARM1,OVRLRESP,PR,644
S0103,ARM1,OVRLRESP,PR,672
S0103,ARM1,OVRLRESP,PR,700
S0103,ARM1,OVRLRESP,PR,728
S0103,ARM1,OVRLRESP,PR,756
S0103,ARM1,OVRLRESP,PR,784
S0103,ARM1,OVRLRESP,PR,812
S0103,ARM1,OVRLRESP,PR,840
S0103,ARM1,OVRLRESP,PR,868
S0103,ARM1,OVRLRESP,PR,896
S0103,ARM1,OVRLRESP,PR,924
S0103,ARM1,OVRLRESP,PR,952
S0103,ARM1,OVRLRESP,PR,980
S0103,ARM1,OVRLRESP,PR,1008
S0103,ARM1,OVRLRESP,PR,1036
S0103,ARM1,OVRLRESP,PR,1064
S0103,ARM1,OVRLRESP,PR,1092
S0103,ARM1,OVRLRESP,PR,1120
S0103,ARM1,OVRLRESP,PR,1148
S0103,ARM1,OVRLRESP,PR,1176
S0103,ARM1,OVRLRESP,PR,1204
S0103,ARM1,OVRLRESP,PR,1232
S0103,ARM1,OVRLRESP,PR,1260
S0103,ARM1,OVRLRESP,PR,1288
S0103,ARM1,OVRLRESP,PR,1316
S0103,ARM1,OVRLRESP,PR,1344
S0103,ARM1,OVRLRESP,PR,1372
S0103,ARM1,OVRLRESP,PR,1400
S0103,ARM1,OVRLRESP,PR,1428
S0103,ARM1,OVRLRESP,PR,1456
S0103,ARM1,OVRLRESP,PR,1484
S0103,ARM1,OVRLRESP,PR,1512
S0103,ARM1,OVRLRESP,PR,1540
S0103,ARM1,OVRLRESP,PR,1568
S0103,ARM1,OVRLRESP,PR,1596
S0103,ARM1,OVRLRESP,PR,1624
S0103,ARM1,OVRLRESP,PR,1652
S0103,ARM1,OVRLRESP,PR,1680
S0103,ARM1,OVRLRESP,PR,1708
S0103,ARM1,OVRLRESP,PR,1736
S0103,ARM1,OVRLRESP,PR,1764
S0103,ARM1,OVRLRESP,PR,1792
S0103,ARM1,OVRLRESP,PR,1820
S0103,ARM1,OVRLRESP,PR,1848
S0103,ARM1,OVRLRESP,PR,1876
S0103,ARM1,OVRLRESP,PR,1904
S0103,ARM1,OVRLRESP,PR,1932
S0103,ARM1,OVRLRESP,PR,1960
S0103,ARM1,OVRLRESP,PR,1988
S0103,ARM1,OVRLRESP,PR,2016
S0103,ARM1,OVRLRESP,PR,2044
S0103,ARM1,OVRLRESP,PR,2072
S0103,ARM1,OVRLRESP,PR,2100
S0103,ARM1,OVRLRESP,PR,2128
S0103,ARM1,OVRLRESP,PR,2156
S0103,ARM1,OVRLRESP,PR,2184
S0103,ARM1,OVRLRESP,PR,2212
S0103,ARM1,OVRLRESP,PR,2240
S0103,ARM1,OVRLRESP,PR,2268
S0103,ARM1,OVRLRESP,PR,2296
S0103,ARM1,OVRLRESP,PR,2324
S0103,ARM1,OVRLRESP,PR,2352
S0103,ARM1,OVRLRESP,PR,2380
S0103,ARM1,OVRLRESP,PR,2408
S0103,ARM1,CBOR,PR,56
S0105,ARM1,OVRLRESP,PR,28
S0105,ARM1,OVRLRESP,CR,56
S0105,ARM1,OVRLRESP,CR,84
S0105,ARM1,OVRLRESP,CR,112
S0105,ARM1,OVRLRESP,CR,140
S0105,ARM1,OVRLRESP,CR,168
S0105,ARM1,OVRLRESP,CR,196
S0105,ARM1,OVRLRESP,CR,224
S0105,ARM1,OVRLRESP,CR,252
S0105,ARM1,OVRLRESP,CR,280
S0105,ARM1,OVRLRESP,CR,308
S0105,ARM1,OVRLRESP,CR,336
S0105,ARM1,OVRLRESP,CR,364
S0105,ARM1,OVRLRESP,CR,392
S0105,ARM1,OVRLRESP,CR,420
S0105,ARM1,OVRLRESP,CR,448
S0105,ARM1,OVRLRESP,CR,476
S0105,ARM1,OVRLRESP,CR,504
S0105,ARM1,OVRLRESP,CR,532
S0105,ARM1,OVRLRESP,CR,560
S0105,ARM1,OVRLRESP,CR,588
S0105,ARM1,OVRLRESP,CR,616
S0105,ARM1,OVRLRESP,CR,644
S0105,ARM1,OVRLRESP,CR,672
S0105,ARM1,OVRLRESP,CR,700
S0105,ARM1,OVRLRESP,CR,728
S0105,ARM1,OVRLRESP,CR,756
S0105,ARM1,OVRLRESP,CR,784
S0105,ARM1,OVRLRESP,CR,812
S0105,ARM1,OVRLRESP,CR,840
S0105,ARM1,OVRLRESP,CR,868
S0105,ARM1,OVRLRESP,CR,896
S0105,ARM1,OVRLRESP,PR,924
S0105,ARM1,OVRLRESP,PR,952
S0105,ARM1,OVRLRESP,PR,980
S0105,ARM1,OVRLRESP,PR,1008
S0105,ARM1,OVRLRESP,PR,1036
S0105,ARM1,OVRLRESP,PR,1064
S0105,ARM1,OVRLRESP,PR,1092
S0105,ARM1,OVRLRESP,PR,1120
S0105,ARM1,OVRLRESP,PR,1148
S0105,ARM1,OVRLRESP,PR,1176
S0105,ARM1,OVRLRESP,PR,1204
S0105,ARM1,OVRLRESP,PR,1232
S0105,ARM1,OVRLRESP,PR,1260
S0105,ARM1,OVRLRESP,PR,1288
S0105,ARM1,OVRLRESP,PR,1316
S0105,ARM1,OVRLRESP,PR,1344
S0105,ARM1,OVRLRESP,PR,1372
S0105,ARM1,OVRLRESP,PR,1400
S0105,ARM1,OVRLRESP,PR,1428
S0105,ARM1,OVRLRESP,PR,1456
S0105,ARM1,OVRLRESP,PR,1484
S0105,ARM1,OVRLRESP,PR,1512
S0105,ARM1,OVRLRESP,PR,1540
S0105,ARM1,OVRLRESP,PR,1568
S0105,ARM1,OVRLRESP,PR,1596
S0105,ARM1,OVRLRESP,PR,1624
S0105,ARM1,OVRLRESP,PR,1652
S0105,ARM1,OVRLRESP,PR,1680
S0105,ARM1,OVRLRESP,PR,1708
S0105,ARM1,OVRLRESP,PR,1736
S0105,ARM1,OVRLRESP,PR,1764
S0105,ARM1,OVRLRESP,PR,1792
S0105,ARM1,OVRLRESP,PR,1820
S0105,ARM1,OVRLRESP,PR,1848
S0105,ARM1,OVRLRESP,PR,1876
S0105,ARM1,OVRLRESP,PR,1904
S0105,ARM1,CBOR,CR,56
S0108,ARM1,OVRLRESP,SD,28
S0108,ARM1,OVRLRESP,PR,56
S0108,ARM1,OVRLRESP,PR,84
S0108,ARM1,OVRLRESP,PR,112
S0108,ARM1,OVRLRESP,PR,140
S0108,ARM1,OVRLRESP,PR,168
S0108,ARM1,OVRLRESP,PR,196
S0108,ARM1,OVRLRESP,PR,224
S0108,ARM1,OVRLRESP,PR,252
S0108,ARM1,OVRLRESP,PR,280
S0108,ARM1,OVRLRESP,PR,308
S0108,ARM1,OVRLRESP,PR,336
S0108,ARM1,OVRLRESP,PR,364
S0108,ARM1,OVRLRESP,PR,392
S0108,ARM1,OVRLRESP,PR,420
S0108,ARM1,OVRLRESP,PR,448
S0108,ARM1,OVRLRESP,PR,476
S0108,ARM1,OVRLRESP,PR,504
S0108,ARM1,OVRLRESP,PR,532
S0108,ARM1,OVRLRESP,PR,560
S0108,ARM1,OVRLRESP,PR,588
S0108,ARM1,OVRLRESP,PR,616
S0108,ARM1,OVRLRESP,PR,644
S0108,ARM1,OVRLRESP,PR,672
S0108,ARM1,OVRLRESP,PR,700
S0108,ARM1,OVRLRESP,PR,728
S0108,ARM1,OVRLRESP,PR,756
S0108,ARM1,OVRLRESP,PR,784
S0108,ARM1,OVRLRESP,PD,812
S0108,ARM1,CBOR,PR,56
S0111,ARM1,OVRLRESP,PR,28
S0111,ARM1,OVRLRESP,CR,56
S0111,ARM1,OVRLRESP,CR,84
S0111,ARM1,OVRLRESP,CR,112
S0111,ARM1,OVRLRESP,PD,140
S0111,ARM1,CBOR,CR,56
S0113,ARM1,OVRLRESP,SD,28
S0113,ARM1,OVRLRESP,PR,56
S0113,ARM1,OVRLRESP,PR,84
S0113,ARM1,OVRLRESP,PR,112
S0113,ARM1,OVRLRESP,PR,140
S0113,ARM1,OVRLRESP,PR,168
S0113,ARM1,OVRLRESP,PR,196
S0113,ARM1,OVRLRESP,PR,224
S0113,ARM1,OVRLRESP,PR,252
S0113,ARM1,OVRLRESP,PR,280
S0113,ARM1,OVRLRESP,PR,308
S0113,ARM1,OVRLRESP,PR,336
S0113,ARM1,OVRLRESP,PR,364
S0113,ARM1,OVRLRESP,PR,392
S0113,ARM1,OVRLRESP,PR,420
S0113,ARM1,OVRLRESP,PR,448
S0113,ARM1,OVRLRESP,PR,476
S0113,ARM1,OVRLRESP,PR,504
S0113,ARM1,OVRLRESP,PR,532
S0113,ARM1,OVRLRESP,PR,560
S0113,ARM1,OVRLRESP,PR,588
S0113,ARM1,OVRLRESP,PR,616
S0113,ARM1,OVRLRESP,PR,644
S0113,ARM1,OVRLRESP,PR,672
S0113,ARM1,OVRLRESP,PR,700
S0113,ARM1,OVRLRESP,PR,728
S0113,ARM1,OVRLRESP,PR,756
S0113,ARM1,OVRLRESP,PR,784
S0113,ARM1,OVRLRESP,PR,812
S0113,ARM1,OVRLRESP,PR,840
S0113,ARM1,OVRLRESP,PR,868
S0113,ARM1,OVRLRESP,PR,896
S0113,ARM1,OVRLRESP,PR,924
S0113,ARM1,OVRLRESP,PR,952
S0113,ARM1,OVRLRESP,PR,980
S0113,ARM1,OVRLRESP,PR,1008
S0113,ARM1,OVRLRESP,PR,1036
S0113,ARM1,OVRLRESP,PR,1064
S0113,ARM1,OVRLRESP,PR,1092
S0113,ARM1,OVRLRESP,PR,1120
S0113,ARM1,OVRLRESP,PR,1148
S0113,ARM1,OVRLRESP,PR,1176
S0113,ARM1,OVRLRESP,PR,1204
S0113,ARM1,OVRLRESP,PR,1232
S0113,ARM1,OVRLRESP,PR,1260
S0113,ARM1,OVRLRESP,PR,1288
S0113,ARM1,OVRLRESP,PR,1316
S0113,ARM1,OVRLRESP,PR,1344
S0113,ARM1,OVRLRESP,PR,1372
S0113,ARM1,OVRLRESP,PR,1400
S0113,ARM1,OVRLRESP,PR,1428
S0113,ARM1,OVRLRESP,PR,1456
S0113,ARM1,OVRLRESP,PR,1484
S0113,ARM1,OVRLRESP,PR,1512
S0113,ARM1,OVRLRESP,PD,1540
S0113,ARM1,CBOR,PR,56
S0115,ARM1,OVRLRESP,SD,28
S0115,ARM1,OVRLRESP,SD,56
S0115,ARM1,OVRLRESP,SD,84
S0115,ARM1,OVRLRESP,SD,112
S0115,ARM1,OVRLRESP,SD,140
S0115,ARM1,OVRLRESP,SD,168
S0115,ARM1,OVRLRESP,SD,196
S0115,ARM1,OVRLRESP,SD,224
S0115,ARM1,OVRLRESP,SD,252
S0115,ARM1,OVRLRESP,SD,280
S0115,ARM1,OVRLRESP,SD,308
S0115,ARM1,OVRLRESP,SD,336
S0115,ARM1,OVRLRESP,SD,364
S0115,ARM1,OVRLRESP,SD,392
S0115,ARM1,OVRLRESP,SD,420
S0115,ARM1,OVRLRESP,SD,448
S0115,ARM1,OVRLRESP,SD,476
S0115,ARM1,OVRLRESP,SD,504
S0115,ARM1,OVRLRESP,SD,532
S0115,ARM1,OVRLRESP,SD,560
S0115,ARM1,OVRLRESP,SD,588
S0115,ARM1,OVRLRESP,SD,616
S0115,ARM1,OVRLRESP,SD,644
S0115,ARM1,OVRLRESP,SD,672
S0115,ARM1,OVRLRESP,SD,700
S0115,ARM1,OVRLRESP,SD,728
S0115,ARM1,OVRLRESP,SD,756
S0115,ARM1,OVRLRESP,SD,784
S0115,ARM1,OVRLRESP,SD,812
S0115,ARM1,OVRLRESP,SD,840
S0115,ARM1,OVRLRESP,SD,868
S0115,ARM1,OVRLRESP,SD,896
S0115,ARM1,OVRLRESP,SD,924
S0115,ARM1,OVRLRESP,SD,952
S0115,ARM1,OVRLRESP,SD,980
S0115,ARM1,OVRLRESP,SD,1008
S0115,ARM1,OVRLRESP,SD,1036
S0115,ARM1,OVRLRESP,SD,1064
S0115,ARM1,OVRLRESP,SD,1092
S0115,ARM1,OVRLRESP,SD,1120
S0115,ARM1,OVRLRESP,SD,1148
S0115,ARM1,OVRLRESP,SD,1176
S0115,ARM1,OVRLRESP,PD,1204
S0115,ARM1,CBOR,SD,56
S0116,ARM1,OVRLRESP,PR,28
S0116,ARM1,OVRLRESP,CR,56
S0116,ARM1,OVRLRESP,PR,84
S0116,ARM1,OVRLRESP,PR,112
S0116,ARM1,OVRLRESP,PR,140
S0116,ARM1,OVRLRESP,PR,168
S0116,ARM1,OVRLRESP,PR,196
S0116,ARM1,OVRLRESP,PR,224
S0116,ARM1,OVRLRESP,PR,252
S0116,ARM1,OVRLRESP,PR,280
S0116,ARM1,OVRLRESP,PR,308
S0116,ARM1,OVRLRESP,PR,336
S0116,ARM1,OVRLRESP,PR,364
S0116,ARM1,OVRLRESP,PR,392
S0116,ARM1,OVRLRESP,PR,420
S0116,ARM1,OVRLRESP,PR,448
S0116,ARM1,OVRLRESP,PR,476
S0116,ARM1,OVRLRESP,PR,504
S0116,ARM1,OVRLRESP,PR,532
S0116,ARM1,OVRLRESP,PR,560
S0116,ARM1,OVRLRESP,PR,588
S0116,ARM1,OVRLRESP,PR,616
S0116,ARM1,OVRLRESP,PR,644
S0116,ARM1,OVRLRESP,PR,672
S0116,ARM1,OVRLRESP,PR,700
S0116,ARM1,OVRLRESP,PR,728
S0116,ARM1,OVRLRESP,PR,756
S0116,ARM1,OVRLRESP,PR,784
S0116,ARM1,OVRLRESP,PR,812
S0116,ARM1,OVRLRESP,PR,840
S0116,ARM1,OVRLRESP,PR,868
S0116,ARM1,OVRLRESP,PR,896
S0116,ARM1,OVRLRESP,PR,924
S0116,ARM1,OVRLRESP,PR,952
S0116,ARM1,OVRLRESP,PR,980
S0116,ARM1,OVRLRESP,PR,1008
S0116,ARM1,OVRLRESP,PR,1036
S0116,ARM1,OVRLRESP,PR,1064
S0116,ARM1,OVRLRESP,PR,1092
S0116,ARM1,OVRLRESP,PR,1120
S0116,ARM1,OVRLRESP,PR,1148
S0116,ARM1,OVRLRESP,PR,1176
S0116,ARM1,OVRLRESP,PR,1204
S0116,ARM1,OVRLRESP,PR,1232
S0116,ARM1,OVRLRESP,PR,1260
S0116,ARM1,OVRLRESP,PR,1288
S0116,ARM1,OVRLRESP,PR,1316
S0116,ARM1,CBOR,CR,56
S0117,ARM1,OVRLRESP,SD,28
S0117,ARM1,OVRLRESP,CR,56
S0117,ARM1,OVRLRESP,CR,84
S0117,ARM1,OVRLRESP,CR,112
S0117,ARM1,OVRLRESP,CR,140
S0117,ARM1,OVRLRESP,CR,168
S0117,ARM1,OVRLRESP,CR,196
S0117,ARM1,OVRLRESP,CR,224
S0117,ARM1,OVRLRESP,CR,252
S0117,ARM1,OVRLRESP,CR,280
S0117,ARM1,OVRLRESP,CR,308
S0117,ARM1,OVRLRESP,CR,336
S0117,ARM1,OVRLRESP,CR,364
S0117,ARM1,OVRLRESP,CR,392
S0117,ARM1,OVRLRESP,CR,420
S0117,ARM1,OVRLRESP,CR,448
S0117,ARM1,OVRLRESP,CR,476
S0117,ARM1,OVRLRESP,CR,504
S0117,ARM1,OVRLRESP,CR,532
S0117,ARM1,OVRLRESP,CR,560
S0117,ARM1,OVRLRESP,CR,588
S0117,ARM1,OVRLRESP,CR,616
S0117,ARM1,OVRLRESP,CR,644
S0117,ARM1,OVRLRESP,CR,672
S0117,ARM1,OVRLRESP,CR,700
S0117,ARM1,OVRLRESP,CR,728
S0117,ARM1,OVRLRESP,CR,756
S0117,ARM1,OVRLRESP,CR,784
S0117,ARM1,OVRLRESP,CR,812
S0117,ARM1,OVRLRESP,CR,840
S0117,ARM1,OVRLRESP,CR,868
S0117,ARM1,OVRLRESP,CR,896
S0117,ARM1,OVRLRESP,CR,924
S0117,ARM1,OVRLRESP,CR,952
S0117,ARM1,OVRLRESP,CR,980
S0117,ARM1,OVRLRESP,CR,1008
S0117,ARM1,OVRLRESP,CR,1036
S0117,ARM1,OVRLRESP,CR,1064
S0117,ARM1,OVRLRESP,CR,1092
S0117,ARM1,OVRLRESP,CR,1120
S0117,ARM1,OVRLRESP,CR,1148
S0117,ARM1,OVRLRESP,CR,1176
S0117,ARM1,OVRLRESP,CR,1204
S0117,ARM1,OVRLRESP,CR,1232
S0117,ARM1,OVRLRESP,CR,1260
S0117,ARM1,OVRLRESP,CR,1288
S0117,ARM1,OVRLRESP,CR,1316
S0117,ARM1,OVRLRESP,CR,1344
S0117,ARM1,OVRLRESP,CR,1372
S0117,ARM1,OVRLRESP,CR,1400
S0117,ARM1,OVRLRESP,CR,1428
S0117,ARM1,OVRLRESP,CR,1456
S0117,ARM1,OVRLRESP,CR,1484
S0117,ARM1,OVRLRESP,CR,1512
S0117,ARM1,OVRLRESP,CR,1540
S0117,ARM1,OVRLRESP,CR,1568
S0117,ARM1,OVRLRESP,CR,1596
S0117,ARM1,OVRLRESP,CR,1624
S0117,ARM1,OVRLRESP,CR,1652
S0117,ARM1,OVRLRESP,CR,1680
S0117,ARM1,OVRLRESP,CR,1708
S0117,ARM1,OVRLRESP,CR,1736
S0117,ARM1,OVRLRESP,CR,1764
S0117,ARM1,OVRLRESP,CR,1792
S0117,ARM1,OVRLRESP,CR,1820
S0117,ARM1,OVRLRESP,CR,1848
S0117,ARM1,OVRLRESP,CR,1876
S0117,ARM1,OVRLRESP,CR,1904
S0117,ARM1,OVRLRESP,CR,1932
S0117,ARM1,OVRLRESP,CR,1960
S0117,ARM1,OVRLRESP,CR,1988
S0117,ARM1,OVRLRESP,CR,2016
S0117,ARM1,OVRLRESP,CR,2044
S0117,ARM1,OVRLRESP,CR,2072
S0117,ARM1,OVRLRESP,CR,2100
S0117,ARM1,OVRLRESP,CR,2128
S0117,ARM1,OVRLRESP,CR,2156
S0117,ARM1,OVRLRESP,CR,2184
S0117,ARM1,OVRLRESP,CR,2212
S0117,ARM1,OVRLRESP,CR,2240
S0117,ARM1,OVRLRESP,CR,2268
S0117,ARM1,OVRLRESP,CR,2296
S0117,ARM1,OVRLRESP,CR,2324
S0117,ARM1,OVRLRESP,CR,2352
S0117,ARM1,OVRLRESP,CR,2380
S0117,ARM1,OVRLRESP,CR,2408
S0117,ARM1,OVRLRESP,CR,2436
S0117,ARM1,OVRLRESP,CR,2464
S0117,ARM1,OVRLRESP,CR,2492
S0117,ARM1,OVRLRESP,CR,2520
S0117,ARM1,OVRLRESP,CR,2548
S0117,ARM1,OVRLRESP,CR,2576
S0117,ARM1,OVRLRESP,CR,2604
S0117,ARM1,OVRLRESP,CR,2632
S0117,ARM1,OVRLRESP,CR,2660
S0117,ARM1,OVRLRESP,CR,2688
S0117,ARM1,OVRLRESP,CR,2716
S0117,ARM1,OVRLRESP,CR,2744
S0117,ARM1,OVRLRESP,CR,2772
S0117,ARM1,OVRLRESP,CR,2800
S0117,ARM1,OVRLRESP,CR,2828
S0117,ARM1,OVRLRESP,CR,2856
S0117,ARM1,OVRLRESP,CR,2884
S0117,ARM1,OVRLRESP,CR,2912
S0117,ARM1,OVRLRESP,CR,2940
S0117,ARM1,OVRLRESP,CR,2968
S0117,ARM1,OVRLRESP,CR,2996
S0117,ARM1,OVRLRESP,CR,3024
S0117,ARM1,OVRLRESP,CR,3052
S0117,ARM1,OVRLRESP,CR,3080
S0117,ARM1,OVRLRESP,CR,3108
S0117,ARM1,OVRLRESP,CR,3136
S0117,ARM1,OVRLRESP,PR,3164
S0117,ARM1,OVRLRESP,PR,3192
S0117,ARM1,OVRLRESP,PR,3220
S0117,ARM1,OVRLRESP,PR,3248
S0117,ARM1,OVRLRESP,PR,3276
S0117,ARM1,OVRLRESP,PR,3304
S0117,ARM1,OVRLRESP,PR,3332
S0117,ARM1,CBOR,CR,56
S0120,ARM1,OVRLRESP,SD,28
S0120,ARM1,OVRLRESP,CR,56
S0120,ARM1,OVRLRESP,CR,84
S0120,ARM1,OVRLRESP,CR,112
S0120,ARM1,OVRLRESP,CR,140
S0120,ARM1,OVRLRESP,CR,168
S0120,ARM1,OVRLRESP,CR,196
S0120,ARM1,OVRLRESP,CR,224
S0120,ARM1,OVRLRESP,CR,252
S0120,ARM1,OVRLRESP,CR,280
S0120,ARM1,OVRLRESP,CR,308
S0120,ARM1,OVRLRESP,CR,336
S0120,ARM1,OVRLRESP,CR,364
S0120,ARM1,OVRLRESP,CR,392
S0120,ARM1,OVRLRESP,CR,420
S0120,ARM1,OVRLRESP,CR,448
S0120,ARM1,OVRLRESP,CR,476
S0120,ARM1,OVRLRESP,CR,504
S0120,ARM1,OVRLRESP,CR,532
S0120,ARM1,OVRLRESP,CR,560
S0120,ARM1,OVRLRESP,CR,588
S0120,ARM1,OVRLRESP,CR,616
S0120,ARM1,OVRLRESP,CR,644
S0120,ARM1,OVRLRESP,CR,672
S0120,ARM1,OVRLRESP,CR,700
S0120,ARM1,OVRLRESP,CR,728
S0120,ARM1,OVRLRESP,CR,756
S0120,ARM1,OVRLRESP,CR,784
S0120,ARM1,OVRLRESP,CR,812
S0120,ARM1,OVRLRESP,CR,840
S0120,ARM1,OVRLRESP,CR,868
S0120,ARM1,OVRLRESP,CR,896
S0120,ARM1,OVRLRESP,CR,924
S0120,ARM1,OVRLRESP,CR,952
S0120,ARM1,OVRLRESP,CR,980
S0120,ARM1,OVRLRESP,CR,1008
S0120,ARM1,OVRLRESP,CR,1036
S0120,ARM1,OVRLRESP,CR,1064
S0120,ARM1,OVRLRESP,CR,1092
S0120,ARM1,OVRLRESP,CR,1120
S0120,ARM1,OVRLRESP,CR,1148
S0120,ARM1,OVRLRESP,CR,1176
S0120,ARM1,OVRLRESP,CR,1204
S0120,ARM1,OVRLRESP,CR,1232
S0120,ARM1,OVRLRESP,CR,1260
S0120,ARM1,OVRLRESP,CR,1288
S0120,ARM1,OVRLRESP,CR,1316
S0120,ARM1,OVRLRESP,CR,1344
S0120,ARM1,OVRLRESP,CR,1372
S0120,ARM1,OVRLRESP,CR,1400
S0120,ARM1,OVRLRESP,CR,1428
S0120,ARM1,OVRLRESP,CR,1456
S0120,ARM1,OVRLRESP,CR,1484
S0120,ARM1,OVRLRESP,CR,1512
S0120,ARM1,OVRLRESP,CR,1540
S0120,ARM1,OVRLRESP,CR,1568
S0120,ARM1,OVRLRESP,CR,1596
S0120,ARM1,OVRLRESP,CR,1624
S0120,ARM1,OVRLRESP,CR,1652
S0120,ARM1,OVRLRESP,CR,1680
S0120,ARM1,OVRLRESP,CR,1708
S0120,ARM1,OVRLRESP,CR,1736
S0120,ARM1,OVRLRESP,CR,1764
S0120,ARM1,OVRLRESP,CR,1792
S0120,ARM1,OVRLRESP,CR,1820
S0120,ARM1,OVRLRESP,PD,1848
S0120,ARM1,CBOR,CR,56
S0121,ARM1,OVRLRESP,PR,28
S0121,ARM1,OVRLRESP,PD,56
S0121,ARM1,CBOR,PD,56
S0123,ARM1,OVRLRESP,SD,28
S0123,ARM1,OVRLRESP,CR,56
S0123,ARM1,OVRLRESP,CR,84
S0123,ARM1,OVRLRESP,CR,112
S0123,ARM1,OVRLRESP,CR,140
S0123,ARM1,OVRLRESP,CR,168
S0123,ARM1,OVRLRESP,CR,196
S0123,ARM1,OVRLRESP,PR,224
S0123,ARM1,OVRLRESP,PR,252
S0123,ARM1,OVRLRESP,PR,280
S0123,ARM1,OVRLRESP,PR,308
S0123,ARM1,OVRLRESP,PR,336
S0123,ARM1,OVRLRESP,PR,364
S0123,ARM1,OVRLRESP,PR,392
S0123,ARM1,OVRLRESP,PR,420
S0123,ARM1,OVRLRESP,PR,448
S0123,ARM1,OVRLRESP,PR,476
S0123,ARM1,OVRLRESP,PR,504
S0123,ARM1,OVRLRESP,PR,532
S0123,ARM1,OVRLRESP,PR,560
S0123,ARM1,OVRLRESP,PR,588
S0123,ARM1,OVRLRESP,PR,616
S0123,ARM1,OVRLRESP,PR,644
S0123,ARM1,OVRLRESP,PR,672
S0123,ARM1,OVRLRESP,PR,700
S0123,ARM1,OVRLRESP,PR,728
S0123,ARM1,OVRLRESP,PR,756
S0123,ARM1,OVRLRESP,PR,784
S0123,ARM1,OVRLRESP,PR,812
S0123,ARM1,OVRLRESP,PR,840
S0123,ARM1,OVRLRESP,PR,868
S0123,ARM1,OVRLRESP,PR,896
S0123,ARM1,OVRLRESP,PR,924
S0123,ARM1,OVRLRESP,PR,952
S0123,ARM1,OVRLRESP,PR,980
S0123,ARM1,OVRLRESP,PR,1008
S0123,ARM1,OVRLRESP,PR,1036
S0123,ARM1,OVRLRESP,PR,1064
S0123,ARM1,OVRLRESP,PR,1092
S0123,ARM1,OVRLRESP,PR,1120
S0123,ARM1,OVRLRESP,PR,1148
S0123,ARM1,OVRLRESP,PR,1176
S0123,ARM1,OVRLRESP,PR,1204
S0123,ARM1,OVRLRESP,PR,1232
S0123,ARM1,OVRLRESP,PR,1260
S0123,ARM1,OVRLRESP,PR,1288
S0123,ARM1,OVRLRESP,PR,1316
S0123,ARM1,OVRLRESP,PR,1344
S0123,ARM1,OVRLRESP,PR,1372
S0123,ARM1,OVRLRESP,PR,1400
S0123,ARM1,OVRLRESP,PR,1428
S0123,ARM1,OVRLRESP,PR,1456
S0123,ARM1,OVRLRESP,PR,1484
S0123,ARM1,OVRLRESP,PR,1512
S0123,ARM1,OVRLRESP,PR,1540
S0123,ARM1,OVRLRESP,PR,1568
S0123,ARM1,OVRLRESP,PR,1596
S0123,ARM1,OVRLRESP,PR,1624
S0123,ARM1,OVRLRESP,PR,1652
S0123,ARM1,CBOR,CR,56
S0124,ARM1,OVRLRESP,SD,28
S0124,ARM1,OVRLRESP,SD,56
S0124,ARM1,OVRLRESP,SD,84
S0124,ARM1,OVRLRESP,SD,112
S0124,ARM1,OVRLRESP,SD,140
S0124,ARM1,OVRLRESP,PD,168
S0124,ARM1,CBOR,SD,56
S0126,ARM1,OVRLRESP,SD,28
S0126,ARM1,OVRLRESP,PR,56
S0126,ARM1,OVRLRESP,PR,84
S0126,ARM1,OVRLRESP,PR,112
S0126,ARM1,OVRLRESP,PR,140
S0126,ARM1,OVRLRESP,PR,168
S0126,ARM1,OVRLRESP,PR,196
S0126,ARM1,OVRLRESP,PR,224
S0126,ARM1,OVRLRESP,PR,252
S0126,ARM1,OVRLRESP,PR,280
S0126,ARM1,OVRLRESP,PR,308
S0126,ARM1,OVRLRESP,PR,336
S0126,ARM1,OVRLRESP,PR,364
S0126,ARM1,OVRLRESP,PR,392
S0126,ARM1,OVRLRESP,PR,420
S0126,ARM1,OVRLRESP,PR,448
S0126,ARM1,OVRLRESP,PR,476
S0126,ARM1,CBOR,PR,56
S0127,ARM1,OVRLRESP,PR,28
S0127,ARM1,OVRLRESP,CR,56
S0127,ARM1,OVRLRESP,CR,84
S0127,ARM1,OVRLRESP,CR,112
S0127,ARM1,OVRLRESP,CR,140
S0127,ARM1,OVRLRESP,CR,168
S0127,ARM1,OVRLRESP,CR,196
S0127,ARM1,OVRLRESP,CR,224
S0127,ARM1,OVRLRESP,CR,252
S0127,ARM1,OVRLRESP,CR,280
S0127,ARM1,OVRLRESP,CR,308
S0127,ARM1,OVRLRESP,CR,336
S0127,ARM1,OVRLRESP,CR,364
S0127,ARM1,OVRLRESP,CR,392
S0127,ARM1,OVRLRESP,CR,420
S0127,ARM1,OVRLRESP,CR,448
S0127,ARM1,OVRLRESP,CR,476
S0127,ARM1,OVRLRESP,CR,504
S0127,ARM1,OVRLRESP,CR,532
S0127,ARM1,OVRLRESP,CR,560
S0127,ARM1,OVRLRESP,CR,588
S0127,ARM1,OVRLRESP,CR,616
S0127,ARM1,OVRLRESP,CR,644
S0127,ARM1,OVRLRESP,CR,672
S0127,ARM1,OVRLRESP,CR,700
S0127,ARM1,OVRLRESP,CR,728
S0127,ARM1,OVRLRESP,CR,756
S0127,ARM1,OVRLRESP,CR,784
S0127,ARM1,OVRLRESP,CR,812
S0127,ARM1,OVRLRESP,CR,840
S0127,ARM1,OVRLRESP,CR,868
S0127,ARM1,OVRLRESP,CR,896
S0127,ARM1,OVRLRESP,CR,924
S0127,ARM1,OVRLRESP,CR,952
S0127,ARM1,OVRLRESP,CR,980
S0127,ARM1,OVRLRESP,CR,1008
S0127,ARM1,OVRLRESP,CR,1036
S0127,ARM1,OVRLRESP,CR,1064
S0127,ARM1,OVRLRESP,CR,1092
S0127,ARM1,OVRLRESP,CR,1120
S0127,ARM1,OVRLRESP,CR,1148
S0127,ARM1,OVRLRESP,CR,1176
S0127,ARM1,OVRLRESP,CR,1204
S0127,ARM1,OVRLRESP,CR,1232
S0127,ARM1,OVRLRESP,CR,1260
S0127,ARM1,OVRLRESP,CR,1288
S0127,ARM1,OVRLRESP,CR,1316
S0127,ARM1,OVRLRESP,CR,1344
S0127,ARM1,OVRLRESP,CR,1372
S0127,ARM1,OVRLRESP,CR,1400
S0127,ARM1,OVRLRESP,CR,1428
S0127,ARM1,OVRLRESP,CR,1456
S0127,ARM1,OVRLRESP,CR,1484
S0127,ARM1,OVRLRESP,CR,1512
S0127,ARM1,OVRLRESP,CR,1540
S0127,ARM1,OVRLRESP,CR,1568
S0127,ARM1,OVRLRESP,CR,1596
S0127,ARM1,OVRLRESP,CR,1624
S0127,ARM1,OVRLRESP,CR,1652
S0127,ARM1,OVRLRESP,CR,1680
S0127,ARM1,OVRLRESP,PR,1708
S0127,ARM1,OVRLRESP,PR,1736
S0127,ARM1,OVRLRESP,PR,1764
S0127,ARM1,OVRLRESP,PR,1792
S0127,ARM1,OVRLRESP,PR,1820
S0127,ARM1,OVRLRESP,PR,1848
S0127,ARM1,CBOR,CR,56
S0128,ARM1,OVRLRESP,SD,28
S0128,ARM1,OVRLRESP,CR,56
S0128,ARM1,OVRLRESP,CR,84
S0128,ARM1,OVRLRESP,CR,112
S0128,ARM1,OVRLRESP,CR,140
S0128,ARM1,OVRLRESP,CR,168
S0128,ARM1,OVRLRESP,CR,196
S0128,ARM1,OVRLRESP,CR,224
S0128,ARM1,OVRLRESP,CR,252
S0128,ARM1,OVRLRESP,CR,280
S0128,ARM1,OVRLRESP,CR,308
S0128,ARM1,OVRLRESP,CR,336
S0128,ARM1,OVRLRESP,CR,364
S0128,ARM1,OVRLRESP,CR,392
S0128,ARM1,OVRLRESP,CR,420
S0128,ARM1,OVRLRESP,CR,448
S0128,ARM1,OVRLRESP,CR,476
S0128,ARM1,OVRLRESP,CR,504
S0128,ARM1,OVRLRESP,CR,532
S0128,ARM1,OVRLRESP,CR,560
S0128,ARM1,OVRLRESP,CR,588
S0128,ARM1,OVRLRESP,CR,616
S0128,ARM1,OVRLRESP,CR,644
S0128,ARM1,OVRLRESP,CR,672
S0128,ARM1,OVRLRESP,CR,700
S0128,ARM1,OVRLRESP,CR,728
S0128,ARM1,OVRLRESP,CR,756
S0128,ARM1,OVRLRESP,CR,784
S0128,ARM1,OVRLRESP,CR,812
S0128,ARM1,OVRLRESP,CR,840
S0128,ARM1,OVRLRESP,CR,868
S0128,ARM1,OVRLRESP,CR,896
S0128,ARM1,OVRLRESP,CR,924
S0128,ARM1,OVRLRESP,PD,952
S0128,ARM1,CBOR,CR,56
S0129,ARM1,OVRLRESP,PR,28
S0129,ARM1,OVRLRESP,CR,56
S0129,ARM1,OVRLRESP,CR,84
S0129,ARM1,OVRLRESP,CR,112
S0129,ARM1,OVRLRESP,CR,140
S0129,ARM1,OVRLRESP,PR,168
S0129,ARM1,OVRLRESP,PR,196
S0129,ARM1,OVRLRESP,PR,224
S0129,ARM1,OVRLRESP,PR,252
S0129,ARM1,OVRLRESP,PR,280
S0129,ARM1,OVRLRESP,PR,308
S0129,ARM1,OVRLRESP,PR,336
S0129,ARM1,OVRLRESP,PR,364
S0129,ARM1,OVRLRESP,PR,392
S0129,ARM1,OVRLRESP,PR,420
S0129,ARM1,OVRLRESP,PR,448
S0129,ARM1,OVRLRESP,PR,476
S0129,ARM1,OVRLRESP,PR,504
S0129,ARM1,OVRLRESP,PR,532
S0129,ARM1,OVRLRESP,PR,560
S0129,ARM1,OVRLRESP,PR,588
S0129,ARM1,OVRLRESP,PR,616
S0129,ARM1,OVRLRESP,PR,644
S0129,ARM1,OVRLRESP,PR,672
S0129,ARM1,OVRLRESP,PR,700
S0129,ARM1,OVRLRESP,PR,728
S0129,ARM1,OVRLRESP,PR,756
S0129,ARM1,CBOR,CR,56
S0131,ARM1,OVRLRESP,PR,28
S0131,ARM1,OVRLRESP,CR,56
S0131,ARM1,OVRLRESP,CR,84
S0131,ARM1,OVRLRESP,CR,112
S0131,ARM1,OVRLRESP,CR,140
S0131,ARM1,OVRLRESP,CR,168
S0131,ARM1,OVRLRESP,CR,196
S0131,ARM1,OVRLRESP,CR,224
S0131,ARM1,OVRLRESP,CR,252
S0131,ARM1,OVRLRESP,CR,280
S0131,ARM1,OVRLRESP,CR,308
S0131,ARM1,OVRLRESP,CR,336
S0131,ARM1,OVRLRESP,CR,364
S0131,ARM1,OVRLRESP,CR,392
S0131,ARM1,OVRLRESP,CR,420
S0131,ARM1,OVRLRESP,CR,448
S0131,ARM1,OVRLRESP,CR,476
S0131,ARM1,OVRLRESP,CR,504
S0131,ARM1,OVRLRESP,CR,532
S0131,ARM1,OVRLRESP,CR,560
S0131,ARM1,OVRLRESP,CR,588
S0131,ARM1,OVRLRESP,CR,616
S0131,ARM1,OVRLRESP,PR,644
S0131,ARM1,OVRLRESP,PR,672
S0131,ARM1,OVRLRESP,PR,700
S0131,ARM1,CBOR,CR,56
S0133,ARM1,OVRLRESP,SD,28
S0133,ARM1,OVRLRESP,PR,56
S0133,ARM1,OVRLRESP,PR,84
S0133,ARM1,OVRLRESP,PR,112
S0133,ARM1,OVRLRESP,PR,140
S0133,ARM1,OVRLRESP,PR,168
S0133,ARM1,OVRLRESP,PR,196
S0133,ARM1,OVRLRESP,PR,224
S0133,ARM1,OVRLRESP,PR,252
S0133,ARM1,OVRLRESP,PR,280
S0133,ARM1,OVRLRESP,PR,308
S0133,ARM1,OVRLRESP,PR,336
S0133,ARM1,OVRLRESP,PR,364
S0133,ARM1,OVRLRESP,PR,392
S0133,ARM1,OVRLRESP,PR,420
S0133,ARM1,OVRLRESP,PR,448
S0133,ARM1,OVRLRESP,PR,476
S0133,ARM1,OVRLRESP,PR,504
S0133,ARM1,OVRLRESP,PR,532
S0133,ARM1,OVRLRESP,PR,560
S0133,ARM1,OVRLRESP,PR,588
S0133,ARM1,OVRLRESP,PR,616
S0133,ARM1,OVRLRESP,PR,644
S0133,ARM1,OVRLRESP,PR,672
S0133,ARM1,OVRLRESP,PR,700
S0133,ARM1,OVRLRESP,PR,728
S0133,ARM1,OVRLRESP,PR,756
S0133,ARM1,OVRLRESP,PR,784
S0133,ARM1,OVRLRESP,PR,812
S0133,ARM1,OVRLRESP,PR,840
S0133,ARM1,OVRLRESP,PR,868
S0133,ARM1,OVRLRESP,PR,896
S0133,ARM1,OVRLRESP,PR,924
S0133,ARM1,OVRLRESP,PR,952
S0133,ARM1,OVRLRESP,PR,980
S0133,ARM1,OVRLRESP,PR,1008
S0133,ARM1,OVRLRESP,PR,1036
S0133,ARM1,OVRLRESP,PR,1064
S0133,ARM1,OVRLRESP,PR,1092
S0133,ARM1,OVRLRESP,PR,1120
S0133,ARM1,OVRLRESP,PR,1148
S0133,ARM1,OVRLRESP,PR,1176
S0133,ARM1,OVRLRESP,PR,1204
S0133,ARM1,OVRLRESP,PR,1232
S0133,ARM1,OVRLRESP,PR,1260
S0133,ARM1,OVRLRESP,PR,1288
S0133,ARM1,OVRLRESP,PR,1316
S0133,ARM1,OVRLRESP,PR,1344
S0133,ARM1,OVRLRESP,PR,1372
S0133,ARM1,OVRLRESP,PR,1400
S0133,ARM1,OVRLRESP,PR,1428
S0133,ARM1,OVRLRESP,PR,1456
S0133,ARM1,OVRLRESP,PR,1484
S0133,ARM1,OVRLRESP,PR,1512
S0133,ARM1,OVRLRESP,PR,1540
S0133,ARM1,OVRLRESP,PR,1568
S0133,ARM1,OVRLRESP,PR,1596
S0133,ARM1,OVRLRESP,PR,1624
S0133,ARM1,OVRLRESP,PR,1652
S0133,ARM1,OVRLRESP,PR,1680
S0133,ARM1,OVRLRESP,PR,1708
S0133,ARM1,OVRLRESP,PR,1736
S0133,ARM1,OVRLRESP,PR,1764
S0133,ARM1,OVRLRESP,PR,1792
S0133,ARM1,OVRLRESP,PR,1820
S0133,ARM1,OVRLRESP,PR,1848
S0133,ARM1,OVRLRESP,PR,1876
S0133,ARM1,OVRLRESP,PR,1904
S0133,ARM1,OVRLRESP,PR,1932
S0133,ARM1,OVRLRESP,PR,1960
S0133,ARM1,OVRLRESP,PR,1988
S0133,ARM1,OVRLRESP,PR,2016
S0133,ARM1,OVRLRESP,PR,2044
S0133,ARM1,OVRLRESP,PR,2072
S0133,ARM1,OVRLRESP,PR,2100
S0133,ARM1,OVRLRESP,PR,2128
S0133,ARM1,OVRLRESP,PR,2156
S0133,ARM1,OVRLRESP,PR,2184
S0133,ARM1,OVRLRESP,PR,2212
S0133,ARM1,OVRLRESP,PR,2240
S0133,ARM1,OVRLRESP,PR,2268
S0133,ARM1,OVRLRESP,PR,2296
S0133,ARM1,OVRLRESP,PR,2324
S0133,ARM1,OVRLRESP,PR,2352
S0133,ARM1,OVRLRESP,PR,2380
S0133,ARM1,OVRLRESP,PR,2408
S0133,ARM1,OVRLRESP,PR,2436
S0133,ARM1,OVRLRESP,PR,2464
S0133,ARM1,OVRLRESP,PR,2492
S0133,ARM1,CBOR,PR,56
S0134,ARM1,OVRLRESP,SD,28
S0134,ARM1,OVRLRESP,SD,56
S0134,ARM1,OVRLRESP,SD,84
S0134,ARM1,OVRLRESP,SD,112
S0134,ARM1,OVRLRESP,SD,140
S0134,ARM1,OVRLRESP,SD,168
S0134,ARM1,OVRLRESP,SD,196
S0134,ARM1,OVRLRESP,SD,224
S0134,ARM1,OVRLRESP,SD,252
S0134,ARM1,OVRLRESP,SD,280
S0134,ARM1,OVRLRESP,SD,308
S0134,ARM1,OVRLRESP,SD,336
S0134,ARM1,OVRLRESP,SD,364
S0134,ARM1,OVRLRESP,SD,392
S0134,ARM1,OVRLRESP,SD,420
S0134,ARM1,OVRLRESP,SD,448
S0134,ARM1,OVRLRESP,SD,476
S0134,ARM1,OVRLRESP,SD,504
S0134,ARM1,OVRLRESP,SD,532
S0134,ARM1,OVRLRESP,SD,560
S0134,ARM1,OVRLRESP,SD,588
S0134,ARM1,OVRLRESP,SD,616
S0134,ARM1,OVRLRESP,SD,644
S0134,ARM1,OVRLRESP,SD,672
S0134,ARM1,OVRLRESP,SD,700
S0134,ARM1,OVRLRESP,SD,728
S0134,ARM1,OVRLRESP,SD,756
S0134,ARM1,OVRLRESP,SD,784
S0134,ARM1,OVRLRESP,SD,812
S0134,ARM1,OVRLRESP,SD,840
S0134,ARM1,OVRLRESP,SD,868
S0134,ARM1,OVRLRESP,SD,896
S0134,ARM1,OVRLRESP,SD,924
S0134,ARM1,OVRLRESP,SD,952
S0134,ARM1,OVRLRESP,SD,980
S0134,ARM1,OVRLRESP,SD,1008
S0134,ARM1,OVRLRESP,SD,1036
S0134,ARM1,OVRLRESP,SD,1064
S0134,ARM1,OVRLRESP,SD,1092
S0134,ARM1,OVRLRESP,SD,1120
S0134,ARM1,OVRLRESP,SD,1148
S0134,ARM1,OVRLRESP,PD,1176
S0134,ARM1,CBOR,SD,56
S0136,ARM1,OVRLRESP,SD,28
S0136,ARM1,OVRLRESP,PR,56
S0136,ARM1,OVRLRESP,PR,84
S0136,ARM1,OVRLRESP,PR,112
S0136,ARM1,OVRLRESP,PR,140
S0136,ARM1,OVRLRESP,PR,168
S0136,ARM1,OVRLRESP,PR,196
S0136,ARM1,OVRLRESP,PR,224
S0136,ARM1,OVRLRESP,PR,252
S0136,ARM1,OVRLRESP,PR,280
S0136,ARM1,OVRLRESP,PR,308
S0136,ARM1,OVRLRESP,PR,336
S0136,ARM1,OVRLRESP,PR,364
S0136,ARM1,OVRLRESP,PR,392
S0136,ARM1,OVRLRESP,PR,420
S0136,ARM1,OVRLRESP,PR,448
S0136,ARM1,OVRLRESP,PR,476
S0136,ARM1,OVRLRESP,PR,504
S0136,ARM1,OVRLRESP,PR,532
S0136,ARM1,OVRLRESP,PR,560
S0136,ARM1,OVRLRESP,PR,588
S0136,ARM1,OVRLRESP,PR,616
S0136,ARM1,OVRLRESP,PR,644
S0136,ARM1,OVRLRESP,PR,672
S0136,ARM1,OVRLRESP,PR,700
S0136,ARM1,OVRLRESP,PR,728
S0136,ARM1,OVRLRESP,PR,756
S0136,ARM1,OVRLRESP,PR,784
S0136,ARM1,OVRLRESP,PR,812
S0136,ARM1,OVRLRESP,PR,840
S0136,ARM1,OVRLRESP,PR,868
S0136,ARM1,OVRLRESP,PR,896
S0136,ARM1,OVRLRESP,PR,924
S0136,ARM1,OVRLRESP,PR,952
S0136,ARM1,OVRLRESP,PR,980
S0136,ARM1,OVRLRESP,PR,1008
S0136,ARM1,OVRLRESP,PR,1036
S0136,ARM1,OVRLRESP,PR,1064
S0136,ARM1,OVRLRESP,PR,1092
S0136,ARM1,CBOR,PR,56
S0137,ARM1,OVRLRESP,SD,28
S0137,ARM1,OVRLRESP,PR,56
S0137,ARM1,OVRLRESP,PR,84
S0137,ARM1,OVRLRESP,PR,112
S0137,ARM1,OVRLRESP,PR,140
S0137,ARM1,OVRLRESP,PR,168
S0137,ARM1,OVRLRESP,PR,196
S0137,ARM1,OVRLRESP,PR,224
S0137,ARM1,OVRLRESP,PR,252
S0137,ARM1,OVRLRESP,PR,280
S0137,ARM1,OVRLRESP,PR,308
S0137,ARM1,OVRLRESP,PR,336
S0137,ARM1,OVRLRESP,PR,364
S0137,ARM1,OVRLRESP,PR,392
S0137,ARM1,OVRLRESP,PR,420
S0137,ARM1,OVRLRESP,PR,448
S0137,ARM1,OVRLRESP,PR,476
S0137,ARM1,OVRLRESP,PR,504
S0137,ARM1,OVRLRESP,PR,532
S0137,ARM1,OVRLRESP,PR,560
S0137,ARM1,OVRLRESP,PR,588
S0137,ARM1,OVRLRESP,PR,616
S0137,ARM1,OVRLRESP,PR,644
S0137,ARM1,OVRLRESP,PR,672
S0137,ARM1,OVRLRESP,PR,700
S0137,ARM1,OVRLRESP,PR,728
S0137,ARM1,OVRLRESP,PR,756
S0137,ARM1,OVRLRESP,PR,784
S0137,ARM1,OVRLRESP,PR,812
S0137,ARM1,OVRLRESP,PR,840
S0137,ARM1,OVRLRESP,PR,868
S0137,ARM1,OVRLRESP,PR,896
S0137,ARM1,OVRLRESP,PR,924
S0137,ARM1,OVRLRESP,PR,952
S0137,ARM1,OVRLRESP,PR,980
S0137,ARM1,OVRLRESP,PR,1008
S0137,ARM1,OVRLRESP,PR,1036
S0137,ARM1,OVRLRESP,PR,1064
S0137,ARM1,OVRLRESP,PR,1092
S0137,ARM1,OVRLRESP,PR,1120
S0137,ARM1,OVRLRESP,PR,1148
S0137,ARM1,OVRLRESP,PR,1176
S0137,ARM1,OVRLRESP,PR,1204
S0137,ARM1,OVRLRESP,PR,1232
S0137,ARM1,OVRLRESP,PR,1260
S0137,ARM1,OVRLRESP,PR,1288
S0137,ARM1,OVRLRESP,PR,1316
S0137,ARM1,OVRLRESP,PR,1344
S0137,ARM1,OVRLRESP,PR,1372
S0137,ARM1,OVRLRESP,PR,1400
S0137,ARM1,OVRLRESP,PR,1428
S0137,ARM1,OVRLRESP,PR,1456
S0137,ARM1,OVRLRESP,PR,1484
S0137,ARM1,OVRLRESP,PR,1512
S0137,ARM1,OVRLRESP,PR,1540
S0137,ARM1,OVRLRESP,PR,1568
S0137,ARM1,OVRLRESP,PR,1596
S0137,ARM1,OVRLRESP,PR,1624
S0137,ARM1,OVRLRESP,PR,1652
S0137,ARM1,OVRLRESP,PR,1680
S0137,ARM1,OVRLRESP,PR,1708
S0137,ARM1,OVRLRESP,PR,1736
S0137,ARM1,OVRLRESP,PR,1764
S0137,ARM1,OVRLRESP,PR,1792
S0137,ARM1,OVRLRESP,PR,1820
S0137,ARM1,OVRLRESP,PR,1848
S0137,ARM1,OVRLRESP,PR,1876
S0137,ARM1,OVRLRESP,PR,1904
S0137,ARM1,OVRLRESP,PR,1932
S0137,ARM1,OVRLRESP,PR,1960
S0137,ARM1,OVRLRESP,PR,1988
S0137,ARM1,OVRLRESP,PR,2016
S0137,ARM1,OVRLRESP,PR,2044
S0137,ARM1,OVRLRESP,PR,2072
S0137,ARM1,OVRLRESP,PR,2100
S0137,ARM1,OVRLRESP,PR,2128
S0137,ARM1,OVRLRESP,PR,2156
S0137,ARM1,OVRLRESP,PR,2184
S0137,ARM1,CBOR,PR,56
S0138,ARM1,OVRLRESP,SD,28
S0138,ARM1,OVRLRESP,PR,56
S0138,ARM1,OVRLRESP,PR,84
S0138,ARM1,OVRLRESP,PR,112
S0138,ARM1,OVRLRESP,PR,140
S0138,ARM1,OVRLRESP,PR,168
S0138,ARM1,OVRLRESP,PR,196
S0138,ARM1,OVRLRESP,PR,224
S0138,ARM1,OVRLRESP,PR,252
S0138,ARM1,OVRLRESP,PR,280
S0138,ARM1,OVRLRESP,PR,308
S0138,ARM1,OVRLRESP,PR,336
S0138,ARM1,OVRLRESP,PR,364
S0138,ARM1,OVRLRESP,PR,392
S0138,ARM1,OVRLRESP,PR,420
S0138,ARM1,OVRLRESP,PR,448
S0138,ARM1,OVRLRESP,PR,476
S0138,ARM1,OVRLRESP,PR,504
S0138,ARM1,OVRLRESP,PR,532
S0138,ARM1,OVRLRESP,PR,560
S0138,ARM1,OVRLRESP,PR,588
S0138,ARM1,OVRLRESP,PR,616
S0138,ARM1,OVRLRESP,PR,644
S0138,ARM1,OVRLRESP,PR,672
S0138,ARM1,OVRLRESP,PR,700
S0138,ARM1,OVRLRESP,PR,728
S0138,ARM1,OVRLRESP,PR,756
S0138,ARM1,OVRLRESP,PR,784
S0138,ARM1,OVRLRESP,PR,812
S0138,ARM1,OVRLRESP,PR,840
S0138,ARM1,OVRLRESP,PR,868
S0138,ARM1,OVRLRESP,PR,896
S0138,ARM1,OVRLRESP,PR,924
S0138,ARM1,OVRLRESP,PR,952
S0138,ARM1,OVRLRESP,PR,980
S0138,ARM1,OVRLRESP,PR,1008
S0138,ARM1,OVRLRESP,PR,1036
S0138,ARM1,OVRLRESP,PR,1064
S0138,ARM1,OVRLRESP,PR,1092
S0138,ARM1,OVRLRESP,PR,1120
S0138,ARM1,OVRLRESP,PR,1148
S0138,ARM1,OVRLRESP,PR,1176
S0138,ARM1,OVRLRESP,PR,1204
S0138,ARM1,OVRLRESP,PR,1232
S0138,ARM1,OVRLRESP,PR,1260
S0138,ARM1,OVRLRESP,PR,1288
S0138,ARM1,OVRLRESP,PR,1316
S0138,ARM1,OVRLRESP,PR,1344
S0138,ARM1,OVRLRESP,PR,1372
S0138,ARM1,OVRLRESP,PR,1400
S0138,ARM1,OVRLRESP,PR,1428
S0138,ARM1,OVRLRESP,PR,1456
S0138,ARM1,OVRLRESP,PR,1484
S0138,ARM1,OVRLRESP,PR,1512
S0138,ARM1,OVRLRESP,PR,1540
S0138,ARM1,OVRLRESP,PR,1568
S0138,ARM1,OVRLRESP,PR,1596
S0138,ARM1,OVRLRESP,PR,1624
S0138,ARM1,OVRLRESP,PR,1652
S0138,ARM1,OVRLRESP,PR,1680
S0138,ARM1,OVRLRESP,PR,1708
S0138,ARM1,OVRLRESP,PR,1736
S0138,ARM1,OVRLRESP,PR,1764
S0138,ARM1,OVRLRESP,PR,1792
S0138,ARM1,OVRLRESP,PR,1820
S0138,ARM1,OVRLRESP,PR,1848
S0138,ARM1,OVRLRESP,PR,1876
S0138,ARM1,OVRLRESP,PR,1904
S0138,ARM1,OVRLRESP,PR,1932
S0138,ARM1,OVRLRESP,PR,1960
S0138,ARM1,OVRLRESP,PR,1988
S0138,ARM1,OVRLRESP,PR,2016
S0138,ARM1,OVRLRESP,PR,2044
S0138,ARM1,OVRLRESP,PR,2072
S0138,ARM1,OVRLRESP,PR,2100
S0138,ARM1,OVRLRESP,PR,2128
S0138,ARM1,OVRLRESP,PR,2156
S0138,ARM1,OVRLRESP,PR,2184
S0138,ARM1,OVRLRESP,PR,2212
S0138,ARM1,OVRLRESP,PR,2240
S0138,ARM1,OVRLRESP,PR,2268
S0138,ARM1,OVRLRESP,PR,2296
S0138,ARM1,OVRLRESP,PR,2324
S0138,ARM1,OVRLRESP,PR,2352
S0138,ARM1,OVRLRESP,PR,2380
S0138,ARM1,OVRLRESP,PR,2408
S0138,ARM1,OVRLRESP,PR,2436
S0138,ARM1,OVRLRESP,PR,2464
S0138,ARM1,OVRLRESP,PR,2492
S0138,ARM1,OVRLRESP,PR,2520
S0138,ARM1,OVRLRESP,PR,2548
S0138,ARM1,OVRLRESP,PR,2576
S0138,ARM1,OVRLRESP,PD,2604
S0138,ARM1,CBOR,PR,56
S0141,ARM1,OVRLRESP,SD,28
S0141,ARM1,OVRLRESP,PR,56
S0141,ARM1,OVRLRESP,PR,84
S0141,ARM1,OVRLRESP,PR,112
S0141,ARM1,OVRLRESP,PR,140
S0141,ARM1,OVRLRESP,PR,168
S0141,ARM1,OVRLRESP,PR,196
S0141,ARM1,OVRLRESP,PR,224
S0141,ARM1,OVRLRESP,PR,252
S0141,ARM1,OVRLRESP,PR,280
S0141,ARM1,OVRLRESP,PR,308
S0141,ARM1,OVRLRESP,PR,336
S0141,ARM1,OVRLRESP,PR,364
S0141,ARM1,OVRLRESP,PR,392
S0141,ARM1,OVRLRESP,PR,420
S0141,ARM1,OVRLRESP,PR,448
S0141,ARM1,OVRLRESP,PR,476
S0141,ARM1,OVRLRESP,PR,504
S0141,ARM1,OVRLRESP,PR,532
S0141,ARM1,OVRLRESP,PR,560
S0141,ARM1,OVRLRESP,PR,588
S0141,ARM1,OVRLRESP,PR,616
S0141,ARM1,OVRLRESP,PD,644
S0141,ARM1,CBOR,PR,56
S0143,ARM1,OVRLRESP,PR,28
S0143,ARM1,OVRLRESP,CR,56
S0143,ARM1,OVRLRESP,CR,84
S0143,ARM1,OVRLRESP,CR,112
S0143,ARM1,OVRLRESP,CR,140
S0143,ARM1,OVRLRESP,CR,168
S0143,ARM1,OVRLRESP,CR,196
S0143,ARM1,OVRLRESP,PR,224
S0143,ARM1,OVRLRESP,PR,252
S0143,ARM1,OVRLRESP,PR,280
S0143,ARM1,OVRLRESP,PR,308
S0143,ARM1,OVRLRESP,PR,336
S0143,ARM1,OVRLRESP,PR,364
S0143,ARM1,OVRLRESP,PR,392
S0143,ARM1,OVRLRESP,PR,420
S0143,ARM1,OVRLRESP,PR,448
S0143,ARM1,OVRLRESP,PR,476
S0143,ARM1,OVRLRESP,PR,504
S0143,ARM1,OVRLRESP,PR,532
S0143,ARM1,OVRLRESP,PR,560
S0143,ARM1,OVRLRESP,PR,588
S0143,ARM1,OVRLRESP,PR,616
S0143,ARM1,OVRLRESP,PR,644
S0143,ARM1,OVRLRESP,PR,672
S0143,ARM1,OVRLRESP,PR,700
S0143,ARM1,OVRLRESP,PR,728
S0143,ARM1,OVRLRESP,PR,756
S0143,ARM1,OVRLRESP,PR,784
S0143,ARM1,OVRLRESP,PR,812
S0143,ARM1,OVRLRESP,PR,840
S0143,ARM1,OVRLRESP,PR,868
S0143,ARM1,OVRLRESP,PR,896
S0143,ARM1,OVRLRESP,PR,924
S0143,ARM1,OVRLRESP,PR,952
S0143,ARM1,OVRLRESP,PR,980
S0143,ARM1,OVRLRESP,PR,1008
S0143,ARM1,OVRLRESP,PR,1036
S0143,ARM1,OVRLRESP,PR,1064
S0143,ARM1,OVRLRESP,PR,1092
S0143,ARM1,OVRLRESP,PR,1120
S0143,ARM1,OVRLRESP,PR,1148
S0143,ARM1,OVRLRESP,PR,1176
S0143,ARM1,OVRLRESP,PR,1204
S0143,ARM1,OVRLRESP,PR,1232
S0143,ARM1,CBOR,CR,56
S0144,ARM1,OVRLRESP,PR,28
S0144,ARM1,OVRLRESP,CR,56
S0144,ARM1,OVRLRESP,CR,84
S0144,ARM1,OVRLRESP,CR,112
S0144,ARM1,OVRLRESP,CR,140
S0144,ARM1,OVRLRESP,CR,168
S0144,ARM1,OVRLRESP,CR,196
S0144,ARM1,OVRLRESP,CR,224
S0144,ARM1,OVRLRESP,CR,252
S0144,ARM1,OVRLRESP,CR,280
S0144,ARM1,OVRLRESP,CR,308
S0144,ARM1,OVRLRESP,CR,336
S0144,ARM1,OVRLRESP,PR,364
S0144,ARM1,OVRLRESP,PR,392
S0144,ARM1,OVRLRESP,PR,420
S0144,ARM1,OVRLRESP,PR,448
S0144,ARM1,OVRLRESP,PR,476
S0144,ARM1,OVRLRESP,PR,504
S0144,ARM1,OVRLRESP,PR,532
S0144,ARM1,OVRLRESP,PR,560
S0144,ARM1,OVRLRESP,PR,588
S0144,ARM1,OVRLRESP,PR,616
S0144,ARM1,OVRLRESP,PR,644
S0144,ARM1,CBOR,CR,56
S0149,ARM1,OVRLRESP,SD,28
S0149,ARM1,OVRLRESP,PR,56
S0149,ARM1,OVRLRESP,PR,84
S0149,ARM1,OVRLRESP,PR,112
S0149,ARM1,OVRLRESP,PR,140
S0149,ARM1,OVRLRESP,PR,168
S0149,ARM1,OVRLRESP,PR,196
S0149,ARM1,OVRLRESP,PR,224
S0149,ARM1,OVRLRESP,PR,252
S0149,ARM1,OVRLRESP,PR,280
S0149,ARM1,OVRLRESP,PR,308
S0149,ARM1,OVRLRESP,PR,336
S0149,ARM1,OVRLRESP,PR,364
S0149,ARM1,OVRLRESP,PR,392
S0149,ARM1,OVRLRESP,PR,420
S0149,ARM1,OVRLRESP,PR,448
S0149,ARM1,OVRLRESP,PR,476
S0149,ARM1,OVRLRESP,PR,504
S0149,ARM1,OVRLRESP,PR,532
S0149,ARM1,OVRLRESP,PR,560
S0149,ARM1,OVRLRESP,PR,588
S0149,ARM1,OVRLRESP,PR,616
S0149,ARM1,OVRLRESP,PD,644
S0149,ARM1,CBOR,PR,56
S0151,ARM1,OVRLRESP,PR,28
S0151,ARM1,OVRLRESP,CR,56
S0151,ARM1,OVRLRESP,CR,84
S0151,ARM1,OVRLRESP,CR,112
S0151,ARM1,OVRLRESP,CR,140
S0151,ARM1,OVRLRESP,CR,168
S0151,ARM1,OVRLRESP,CR,196
S0151,ARM1,OVRLRESP,CR,224
S0151,ARM1,OVRLRESP,CR,252
S0151,ARM1,OVRLRESP,CR,280
S0151,ARM1,OVRLRESP,CR,308
S0151,ARM1,OVRLRESP,CR,336
S0151,ARM1,OVRLRESP,CR,364
S0151,ARM1,OVRLRESP,CR,392
S0151,ARM1,OVRLRESP,CR,420
S0151,ARM1,OVRLRESP,CR,448
S0151,ARM1,OVRLRESP,CR,476
S0151,ARM1,OVRLRESP,CR,504
S0151,ARM1,OVRLRESP,CR,532
S0151,ARM1,OVRLRESP,CR,560
S0151,ARM1,OVRLRESP,CR,588
S0151,ARM1,OVRLRESP,CR,616
S0151,ARM1,OVRLRESP,CR,644
S0151,ARM1,OVRLRESP,CR,672
S0151,ARM1,OVRLRESP,CR,700
S0151,ARM1,OVRLRESP,CR,728
S0151,ARM1,OVRLRESP,CR,756
S0151,ARM1,OVRLRESP,CR,784
S0151,ARM1,OVRLRESP,CR,812
S0151,ARM1,OVRLRESP,CR,840
S0151,ARM1,OVRLRESP,CR,868
S0151,ARM1,OVRLRESP,CR,896
S0151,ARM1,OVRLRESP,CR,924
S0151,ARM1,OVRLRESP,CR,952
S0151,ARM1,OVRLRESP,CR,980
S0151,ARM1,OVRLRESP,CR,1008
S0151,ARM1,OVRLRESP,CR,1036
S0151,ARM1,OVRLRESP,CR,1064
S0151,ARM1,OVRLRESP,CR,1092
S0151,ARM1,OVRLRESP,CR,1120
S0151,ARM1,OVRLRESP,CR,1148
S0151,ARM1,OVRLRESP,CR,1176
S0151,ARM1,OVRLRESP,CR,1204
S0151,ARM1,OVRLRESP,PR,1232
S0151,ARM1,OVRLRESP,PR,1260
S0151,ARM1,OVRLRESP,PR,1288
S0151,ARM1,OVRLRESP,PR,1316
S0151,ARM1,OVRLRESP,PR,1344
S0151,ARM1,OVRLRESP,PR,1372
S0151,ARM1,OVRLRESP,PR,1400
S0151,ARM1,OVRLRESP,PR,1428
S0151,ARM1,OVRLRESP,PR,1456
S0151,ARM1,OVRLRESP,PR,1484
S0151,ARM1,OVRLRESP,PR,1512
S0151,ARM1,OVRLRESP,PR,1540
S0151,ARM1,OVRLRESP,PR,1568
S0151,ARM1,OVRLRESP,PR,1596
S0151,ARM1,OVRLRESP,PR,1624
S0151,ARM1,OVRLRESP,PR,1652
S0151,ARM1,OVRLRESP,PR,1680
S0151,ARM1,OVRLRESP,PR,1708
S0151,ARM1,OVRLRESP,PR,1736
S0151,ARM1,OVRLRESP,PR,1764
S0151,ARM1,OVRLRESP,PR,1792
S0151,ARM1,OVRLRESP,PR,1820
S0151,ARM1,OVRLRESP,PR,1848
S0151,ARM1,OVRLRESP,PR,1876
S0151,ARM1,OVRLRESP,PR,1904
S0151,ARM1,OVRLRESP,PR,1932
S0151,ARM1,OVRLRESP,PR,1960
S0151,ARM1,OVRLRESP,PR,1988
S0151,ARM1,OVRLRESP,PR,2016
S0151,ARM1,OVRLRESP,PR,2044
S0151,ARM1,OVRLRESP,PR,2072
S0151,ARM1,OVRLRESP,PR,2100
S0151,ARM1,OVRLRESP,PR,2128
S0151,ARM1,OVRLRESP,PR,2156
S0151,ARM1,OVRLRESP,PR,2184
S0151,ARM1,OVRLRESP,PR,2212
S0151,ARM1,OVRLRESP,PR,2240
S0151,ARM1,OVRLRESP,PR,2268
S0151,ARM1,OVRLRESP,PR,2296
S0151,ARM1,OVRLRESP,PR,2324
S0151,ARM1,OVRLRESP,PR,2352
S0151,ARM1,OVRLRESP,PR,2380
S0151,ARM1,OVRLRESP,PR,2408
S0151,ARM1,OVRLRESP,PR,2436
S0151,ARM1,OVRLRESP,PR,2464
S0151,ARM1,OVRLRESP,PR,2492
S0151,ARM1,OVRLRESP,PR,2520
S0151,ARM1,OVRLRESP,PR,2548
S0151,ARM1,CBOR,CR,56
S0152,ARM1,OVRLRESP,PR,28
S0152,ARM1,OVRLRESP,CR,56
S0152,ARM1,OVRLRESP,CR,84
S0152,ARM1,OVRLRESP,CR,112
S0152,ARM1,OVRLRESP,CR,140
S0152,ARM1,OVRLRESP,CR,168
S0152,ARM1,OVRLRESP,CR,196
S0152,ARM1,OVRLRESP,CR,224
S0152,ARM1,OVRLRESP,CR,252
S0152,ARM1,OVRLRESP,CR,280
S0152,ARM1,OVRLRESP,CR,308
S0152,ARM1,OVRLRESP,CR,336
S0152,ARM1,OVRLRESP,CR,364
S0152,ARM1,OVRLRESP,CR,392
S0152,ARM1,OVRLRESP,CR,420
S0152,ARM1,OVRLRESP,CR,448
S0152,ARM1,OVRLRESP,CR,476
S0152,ARM1,OVRLRESP,CR,504
S0152,ARM1,OVRLRESP,CR,532
S0152,ARM1,OVRLRESP,CR,560
S0152,ARM1,OVRLRESP,CR,588
S0152,ARM1,OVRLRESP,CR,616
S0152,ARM1,OVRLRESP,CR,644
S0152,ARM1,OVRLRESP,CR,672
S0152,ARM1,OVRLRESP,CR,700
S0152,ARM1,OVRLRESP,CR,728
S0152,ARM1,OVRLRESP,CR,756
S0152,ARM1,OVRLRESP,CR,784
S0152,ARM1,OVRLRESP,CR,812
S0152,ARM1,OVRLRESP,CR,840
S0152,ARM1,OVRLRESP,CR,868
S0152,ARM1,OVRLRESP,CR,896
S0152,ARM1,OVRLRESP,CR,924
S0152,ARM1,OVRLRESP,CR,952
S0152,ARM1,OVRLRESP,CR,980
S0152,ARM1,OVRLRESP,CR,1008
S0152,ARM1,OVRLRESP,CR,1036
S0152,ARM1,OVRLRESP,CR,1064
S0152,ARM1,OVRLRESP,CR,1092
S0152,ARM1,OVRLRESP,CR,1120
S0152,ARM1,OVRLRESP,CR,1148
S0152,ARM1,OVRLRESP,CR,1176
S0152,ARM1,OVRLRESP,CR,1204
S0152,ARM1,OVRLRESP,CR,1232
S0152,ARM1,OVRLRESP,CR,1260
S0152,ARM1,OVRLRESP,CR,1288
S0152,ARM1,OVRLRESP,CR,1316
S0152,ARM1,OVRLRESP,CR,1344
S0152,ARM1,OVRLRESP,CR,1372
S0152,ARM1,OVRLRESP,CR,1400
S0152,ARM1,OVRLRESP,CR,1428
S0152,ARM1,OVRLRESP,CR,1456
S0152,ARM1,OVRLRESP,CR,1484
S0152,ARM1,OVRLRESP,CR,1512
S0152,ARM1,OVRLRESP,CR,1540
S0152,ARM1,OVRLRESP,CR,1568
S0152,ARM1,OVRLRESP,CR,1596
S0152,ARM1,OVRLRESP,CR,1624
S0152,ARM1,OVRLRESP,CR,1652
S0152,ARM1,OVRLRESP,CR,1680
S0152,ARM1,OVRLRESP,CR,1708
S0152,ARM1,OVRLRESP,CR,1736
S0152,ARM1,OVRLRESP,CR,1764
S0152,ARM1,OVRLRESP,CR,1792
S0152,ARM1,OVRLRESP,CR,1820
S0152,ARM1,OVRLRESP,CR,1848
S0152,ARM1,OVRLRESP,CR,1876
S0152,ARM1,OVRLRESP,CR,1904
S0152,ARM1,OVRLRESP,CR,1932
S0152,ARM1,OVRLRESP,CR,1960
S0152,ARM1,OVRLRESP,CR,1988
S0152,ARM1,OVRLRESP,CR,2016
S0152,ARM1,OVRLRESP,CR,2044
S0152,ARM1,OVRLRESP,CR,2072
S0152,ARM1,OVRLRESP,CR,2100
S0152,ARM1,OVRLRESP,CR,2128
S0152,ARM1,OVRLRESP,CR,2156
S0152,ARM1,OVRLRESP,CR,2184
S0152,ARM1,OVRLRESP,CR,2212
S0152,ARM1,OVRLRESP,CR,2240
S0152,ARM1,OVRLRESP,CR,2268
S0152,ARM1,OVRLRESP,CR,2296
S0152,ARM1,OVRLRESP,CR,2324
S0152,ARM1,OVRLRESP,CR,2352
S0152,ARM1,OVRLRESP,CR,2380
S0152,ARM1,OVRLRESP,CR,2408
S0152,ARM1,OVRLRESP,CR,2436
S0152,ARM1,OVRLRESP,CR,2464
S0152,ARM1,OVRLRESP,CR,2492
S0152,ARM1,OVRLRESP,PD,2520
S0152,ARM1,CBOR,CR,56
S0153,ARM1,OVRLRESP,SD,28
S0153,ARM1,OVRLRESP,SD,56
S0153,ARM1,OVRLRESP,SD,84
S0153,ARM1,OVRLRESP,SD,112
S0153,ARM1,OVRLRESP,PD,140
S0153,ARM1,CBOR,SD,56
S0156,ARM1,OVRLRESP,PR,28
S0156,ARM1,OVRLRESP,CR,56
S0156,ARM1,OVRLRESP,CR,84
S0156,ARM1,OVRLRESP,CR,112
S0156,ARM1,OVRLRESP,CR,140
S0156,ARM1,OVRLRESP,CR,168
S0156,ARM1,OVRLRESP,CR,196
S0156,ARM1,OVRLRESP,CR,224
S0156,ARM1,OVRLRESP,PR,252
S0156,ARM1,CBOR,CR,56
S0157,ARM1,OVRLRESP,SD,28
S0157,ARM1,OVRLRESP,PR,56
S0157,ARM1,OVRLRESP,PR,84
S0157,ARM1,OVRLRESP,PR,112
S0157,ARM1,OVRLRESP,PR,140
S0157,ARM1,CBOR,PR,56
S0158,ARM1,OVRLRESP,SD,28
S0158,ARM1,OVRLRESP,SD,56
S0158,ARM1,OVRLRESP,SD,84
S0158,ARM1,OVRLRESP,SD,112
S0158,ARM1,OVRLRESP,SD,140
S0158,ARM1,OVRLRESP,SD,168
S0158,ARM1,OVRLRESP,PD,196
S0158,ARM1,CBOR,SD,56
S0159,ARM1,OVRLRESP,SD,28
S0159,ARM1,OVRLRESP,PR,56
S0159,ARM1,OVRLRESP,PR,84
S0159,ARM1,OVRLRESP,PR,112
S0159,ARM1,OVRLRESP,PR,140
S0159,ARM1,OVRLRESP,PR,168
S0159,ARM1,OVRLRESP,PR,196
S0159,ARM1,OVRLRESP,PR,224
S0159,ARM1,OVRLRESP,PR,252
S0159,ARM1,OVRLRESP,PR,280
S0159,ARM1,OVRLRESP,PR,308
S0159,ARM1,OVRLRESP,PR,336
S0159,ARM1,OVRLRESP,PR,364
S0159,ARM1,OVRLRESP,PR,392
S0159,ARM1,OVRLRESP,PR,420
S0159,ARM1,OVRLRESP,PR,448
S0159,ARM1,OVRLRESP,PR,476
S0159,ARM1,OVRLRESP,PR,504
S0159,ARM1,OVRLRESP,PR,532
S0159,ARM1,OVRLRESP,PR,560
S0159,ARM1,OVRLRESP,PR,588
S0159,ARM1,OVRLRESP,PR,616
S0159,ARM1,OVRLRESP,PR,644
S0159,ARM1,OVRLRESP,PR,672
S0159,ARM1,OVRLRESP,PR,700
S0159,ARM1,OVRLRESP,PR,728
S0159,ARM1,OVRLRESP,PR,756
S0159,ARM1,OVRLRESP,PR,784
S0159,ARM1,OVRLRESP,PR,812
S0159,ARM1,CBOR,PR,56
S0162,ARM1,OVRLRESP,SD,28
S0162,ARM1,OVRLRESP,PR,56
S0162,ARM1,OVRLRESP,PR,84
S0162,ARM1,OVRLRESP,PR,112
S0162,ARM1,OVRLRESP,PR,140
S0162,ARM1,OVRLRESP,PR,168
S0162,ARM1,OVRLRESP,PR,196
S0162,ARM1,OVRLRESP,PR,224
S0162,ARM1,OVRLRESP,PR,252
S0162,ARM1,OVRLRESP,PR,280
S0162,ARM1,OVRLRESP,PR,308
S0162,ARM1,OVRLRESP,PR,336
S0162,ARM1,OVRLRESP,PR,364
S0162,ARM1,OVRLRESP,PR,392
S0162,ARM1,OVRLRESP,PR,420
S0162,ARM1,OVRLRESP,PR,448
S0162,ARM1,OVRLRESP,PR,476
S0162,ARM1,OVRLRESP,PR,504
S0162,ARM1,OVRLRESP,PR,532
S0162,ARM1,OVRLRESP,PR,560
S0162,ARM1,OVRLRESP,PR,588
S0162,ARM1,OVRLRESP,PR,616
S0162,ARM1,OVRLRESP,PR,644
S0162,ARM1,OVRLRESP,PR,672
S0162,ARM1,OVRLRESP,PR,700
S0162,ARM1,OVRLRESP,PR,728
S0162,ARM1,OVRLRESP,PR,756
S0162,ARM1,OVRLRESP,PR,784
S0162,ARM1,OVRLRESP,PR,812
S0162,ARM1,OVRLRESP,PR,840
S0162,ARM1,OVRLRESP,PR,868
S0162,ARM1,OVRLRESP,PR,896
S0162,ARM1,OVRLRESP,PR,924
S0162,ARM1,OVRLRESP,PR,952
S0162,ARM1,OVRLRESP,PR,980
S0162,ARM1,OVRLRESP,PR,1008
S0162,ARM1,OVRLRESP,PR,1036
S0162,ARM1,OVRLRESP,PR,1064
S0162,ARM1,OVRLRESP,PR,1092
S0162,ARM1,OVRLRESP,PR,1120
S0162,ARM1,OVRLRESP,PR,1148
S0162,ARM1,OVRLRESP,PR,1176
S0162,ARM1,OVRLRESP,PR,1204
S0162,ARM1,OVRLRESP,PR,1232
S0162,ARM1,OVRLRESP,PR,1260
S0162,ARM1,OVRLRESP,PR,1288
S0162,ARM1,OVRLRESP,PR,1316
S0162,ARM1,OVRLRESP,PR,1344
S0162,ARM1,OVRLRESP,PR,1372
S0162,ARM1,OVRLRESP,PR,1400
S0162,ARM1,OVRLRESP,PR,1428
S0162,ARM1,OVRLRESP,PR,1456
S0162,ARM1,OVRLRESP,PR,1484
S0162,ARM1,OVRLRESP,PR,1512
S0162,ARM1,OVRLRESP,PR,1540
S0162,ARM1,OVRLRESP,PR,1568
S0162,ARM1,OVRLRESP,PR,1596
S0162,ARM1,OVRLRESP,PR,1624
S0162,ARM1,OVRLRESP,PR,1652
S0162,ARM1,OVRLRESP,PR,1680
S0162,ARM1,OVRLRESP,PR,1708
S0162,ARM1,OVRLRESP,PR,1736
S0162,ARM1,OVRLRESP,PR,1764
S0162,ARM1,OVRLRESP,PR,1792
S0162,ARM1,OVRLRESP,PR,1820
S0162,ARM1,OVRLRESP,PR,1848
S0162,ARM1,OVRLRESP,PR,1876
S0162,ARM1,OVRLRESP,PR,1904
S0162,ARM1,OVRLRESP,PR,1932
S0162,ARM1,OVRLRESP,PR,1960
S0162,ARM1,OVRLRESP,PR,1988
S0162,ARM1,OVRLRESP,PR,2016
S0162,ARM1,OVRLRESP,PR,2044
S0162,ARM1,OVRLRESP,PR,2072
S0162,ARM1,OVRLRESP,PR,2100
S0162,ARM1,OVRLRESP,PR,2128
S0162,ARM1,OVRLRESP,PR,2156
S0162,ARM1,OVRLRESP,PR,2184
S0162,ARM1,OVRLRESP,PR,2212
S0162,ARM1,OVRLRESP,PR,2240
S0162,ARM1,OVRLRESP,PR,2268
S0162,ARM1,OVRLRESP,PR,2296
S0162,ARM1,OVRLRESP,PR,2324
S0162,ARM1,OVRLRESP,PR,2352
S0162,ARM1,OVRLRESP,PR,2380
S0162,ARM1,OVRLRESP,PR,2408
S0162,ARM1,OVRLRESP,PR,2436
S0162,ARM1,OVRLRESP,PR,2464
S0162,ARM1,OVRLRESP,PR,2492
S0162,ARM1,OVRLRESP,PR,2520
S0162,ARM1,OVRLRESP,PR,2548
S0162,ARM1,OVRLRESP,PR,2576
S0162,ARM1,OVRLRESP,PD,2604
S0162,ARM1,CBOR,PR,56
S0163,ARM1,OVRLRESP,SD,28
S0163,ARM1,OVRLRESP,PR,56
S0163,ARM1,OVRLRESP,PR,84
S0163,ARM1,OVRLRESP,PR,112
S0163,ARM1,OVRLRESP,PR,140
S0163,ARM1,OVRLRESP,PR,168
S0163,ARM1,OVRLRESP,PR,196
S0163,ARM1,OVRLRESP,PR,224
S0163,ARM1,OVRLRESP,PR,252
S0163,ARM1,OVRLRESP,PR,280
S0163,ARM1,OVRLRESP,PR,308
S0163,ARM1,OVRLRESP,PR,336
S0163,ARM1,OVRLRESP,PR,364
S0163,ARM1,OVRLRESP,PR,392
S0163,ARM1,OVRLRESP,PR,420
S0163,ARM1,OVRLRESP,PR,448
S0163,ARM1,OVRLRESP,PR,476
S0163,ARM1,OVRLRESP,PR,504
S0163,ARM1,OVRLRESP,PR,532
S0163,ARM1,OVRLRESP,PR,560
S0163,ARM1,OVRLRESP,PR,588
S0163,ARM1,OVRLRESP,PR,616
S0163,ARM1,OVRLRESP,PR,644
S0163,ARM1,OVRLRESP,PR,672
S0163,ARM1,OVRLRESP,PR,700
S0163,ARM1,OVRLRESP,PR,728
S0163,ARM1,OVRLRESP,PR,756
S0163,ARM1,OVRLRESP,PR,784
S0163,ARM1,OVRLRESP,PR,812
S0163,ARM1,OVRLRESP,PR,840
S0163,ARM1,OVRLRESP,PR,868
S0163,ARM1,OVRLRESP,PR,896
S0163,ARM1,OVRLRESP,PR,924
S0163,ARM1,OVRLRESP,PR,952
S0163,ARM1,OVRLRESP,PR,980
S0163,ARM1,OVRLRESP,PR,1008
S0163,ARM1,OVRLRESP,PR,1036
S0163,ARM1,OVRLRESP,PR,1064
S0163,ARM1,OVRLRESP,PR,1092
S0163,ARM1,OVRLRESP,PR,1120
S0163,ARM1,OVRLRESP,PR,1148
S0163,ARM1,OVRLRESP,PR,1176
S0163,ARM1,OVRLRESP,PR,1204
S0163,ARM1,OVRLRESP,PR,1232
S0163,ARM1,OVRLRESP,PR,1260
S0163,ARM1,OVRLRESP,PR,1288
S0163,ARM1,OVRLRESP,PR,1316
S0163,ARM1,OVRLRESP,PR,1344
S0163,ARM1,OVRLRESP,PR,1372
S0163,ARM1,OVRLRESP,PR,1400
S0163,ARM1,OVRLRESP,PR,1428
S0163,ARM1,OVRLRESP,PR,1456
S0163,ARM1,OVRLRESP,PR,1484
S0163,ARM1,OVRLRESP,PR,1512
S0163,ARM1,OVRLRESP,PR,1540
S0163,ARM1,OVRLRESP,PR,1568
S0163,ARM1,OVRLRESP,PR,1596
S0163,ARM1,OVRLRESP,PR,1624
S0163,ARM1,OVRLRESP,PR,1652
S0163,ARM1,OVRLRESP,PR,1680
S0163,ARM1,OVRLRESP,PR,1708
S0163,ARM1,OVRLRESP,PR,1736
S0163,ARM1,OVRLRESP,PR,1764
S0163,ARM1,OVRLRESP,PR,1792
S0163,ARM1,OVRLRESP,PR,1820
S0163,ARM1,OVRLRESP,PR,1848
S0163,ARM1,OVRLRESP,PR,1876
S0163,ARM1,OVRLRESP,PR,1904
S0163,ARM1,OVRLRESP,PR,1932
S0163,ARM1,OVRLRESP,PR,1960
S0163,ARM1,OVRLRESP,PR,1988
S0163,ARM1,OVRLRESP,PR,2016
S0163,ARM1,OVRLRESP,PR,2044
S0163,ARM1,OVRLRESP,PR,2072
S0163,ARM1,OVRLRESP,PR,2100
S0163,ARM1,OVRLRESP,PR,2128
S0163,ARM1,OVRLRESP,PR,2156
S0163,ARM1,OVRLRESP,PR,2184
S0163,ARM1,OVRLRESP,PR,2212
S0163,ARM1,OVRLRESP,PR,2240
S0163,ARM1,OVRLRESP,PR,2268
S0163,ARM1,OVRLRESP,PR,2296
S0163,ARM1,OVRLRESP,PR,2324
S0163,ARM1,OVRLRESP,PR,2352
S0163,ARM1,OVRLRESP,PR,2380
S0163,ARM1,OVRLRESP,PR,2408
S0163,ARM1,OVRLRESP,PR,2436
S0163,ARM1,OVRLRESP,PR,2464
S0163,ARM1,OVRLRESP,PR,2492
S0163,ARM1,OVRLRESP,PR,2520
S0163,ARM1,OVRLRESP,PR,2548
S0163,ARM1,OVRLRESP,PR,2576
S0163,ARM1,OVRLRESP,PR,2604
S0163,ARM1,OVRLRESP,PR,2632
S0163,ARM1,OVRLRESP,PR,2660
S0163,ARM1,OVRLRESP,PR,2688
S0163,ARM1,OVRLRESP,PR,2716
S0163,ARM1,OVRLRESP,PR,2744
S0163,ARM1,OVRLRESP,PR,2772
S0163,ARM1,OVRLRESP,PD,2800
S0163,ARM1,CBOR,PR,56
S0166,ARM1,OVRLRESP,SD,28
S0166,ARM1,OVRLRESP,PR,56
S0166,ARM1,OVRLRESP,PR,84
S0166,ARM1,OVRLRESP,PR,112
S0166,ARM1,OVRLRESP,PR,140
S0166,ARM1,OVRLRESP,PR,168
S0166,ARM1,OVRLRESP,PR,196
S0166,ARM1,OVRLRESP,PR,224
S0166,ARM1,OVRLRESP,PR,252
S0166,ARM1,OVRLRESP,PR,280
S0166,ARM1,OVRLRESP,PR,308
S0166,ARM1,OVRLRESP,PR,336
S0166,ARM1,OVRLRESP,PR,364
S0166,ARM1,OVRLRESP,PR,392
S0166,ARM1,OVRLRESP,PR,420
S0166,ARM1,OVRLRESP,PR,448
S0166,ARM1,OVRLRESP,PR,476
S0166,ARM1,OVRLRESP,PR,504
S0166,ARM1,OVRLRESP,PR,532
S0166,ARM1,OVRLRESP,PR,560
S0166,ARM1,OVRLRESP,PR,588
S0166,ARM1,OVRLRESP,PR,616
S0166,ARM1,OVRLRESP,PR,644
S0166,ARM1,OVRLRESP,PR,672
S0166,ARM1,OVRLRESP,PR,700
S0166,ARM1,OVRLRESP,PR,728
S0166,ARM1,OVRLRESP,PR,756
S0166,ARM1,OVRLRESP,PR,784
S0166,ARM1,OVRLRESP,PR,812
S0166,ARM1,OVRLRESP,PR,840
S0166,ARM1,OVRLRESP,PR,868
S0166,ARM1,OVRLRESP,PR,896
S0166,ARM1,OVRLRESP,PR,924
S0166,ARM1,OVRLRESP,PR,952
S0166,ARM1,OVRLRESP,PR,980
S0166,ARM1,OVRLRESP,PR,1008
S0166,ARM1,OVRLRESP,PR,1036
S0166,ARM1,OVRLRESP,PR,1064
S0166,ARM1,OVRLRESP,PR,1092
S0166,ARM1,OVRLRESP,PR,1120
S0166,ARM1,OVRLRESP,PR,1148
S0166,ARM1,OVRLRESP,PR,1176
S0166,ARM1,OVRLRESP,PR,1204
S0166,ARM1,OVRLRESP,PR,1232
S0166,ARM1,OVRLRESP,PR,1260
S0166,ARM1,OVRLRESP,PR,1288
S0166,ARM1,OVRLRESP,PR,1316
S0166,ARM1,OVRLRESP,PR,1344
S0166,ARM1,OVRLRESP,PR,1372
S0166,ARM1,OVRLRESP,PR,1400
S0166,ARM1,OVRLRESP,PR,1428
S0166,ARM1,OVRLRESP,PR,1456
S0166,ARM1,OVRLRESP,PR,1484
S0166,ARM1,OVRLRESP,PR,1512
S0166,ARM1,OVRLRESP,PR,1540
S0166,ARM1,OVRLRESP,PR,1568
S0166,ARM1,OVRLRESP,PR,1596
S0166,ARM1,OVRLRESP,PR,1624
S0166,ARM1,OVRLRESP,PR,1652
S0166,ARM1,OVRLRESP,PR,1680
S0166,ARM1,OVRLRESP,PR,1708
S0166,ARM1,OVRLRESP,PR,1736
S0166,ARM1,OVRLRESP,PR,1764
S0166,ARM1,OVRLRESP,PD,1792
S0166,ARM1,CBOR,PR,56
S0168,ARM1,OVRLRESP,PR,28
S0168,ARM1,OVRLRESP,CR,56
S0168,ARM1,OVRLRESP,CR,84
S0168,ARM1,OVRLRESP,CR,112
S0168,ARM1,OVRLRESP,CR,140
S0168,ARM1,OVRLRESP,CR,168
S0168,ARM1,OVRLRESP,CR,196
S0168,ARM1,OVRLRESP,CR,224
S0168,ARM1,OVRLRESP,CR,252
S0168,ARM1,OVRLRESP,CR,280
S0168,ARM1,OVRLRESP,CR,308
S0168,ARM1,OVRLRESP,CR,336
S0168,ARM1,OVRLRESP,CR,364
S0168,ARM1,OVRLRESP,CR,392
S0168,ARM1,OVRLRESP,CR,420
S0168,ARM1,OVRLRESP,CR,448
S0168,ARM1,OVRLRESP,CR,476
S0168,ARM1,OVRLRESP,CR,504
S0168,ARM1,OVRLRESP,CR,532
S0168,ARM1,OVRLRESP,CR,560
S0168,ARM1,OVRLRESP,CR,588
S0168,ARM1,OVRLRESP,CR,616
S0168,ARM1,OVRLRESP,CR,644
S0168,ARM1,OVRLRESP,CR,672
S0168,ARM1,OVRLRESP,CR,700
S0168,ARM1,OVRLRESP,CR,728
S0168,ARM1,OVRLRESP,CR,756
S0168,ARM1,OVRLRESP,CR,784
S0168,ARM1,OVRLRESP,CR,812
S0168,ARM1,OVRLRESP,CR,840
S0168,ARM1,OVRLRESP,CR,868
S0168,ARM1,OVRLRESP,CR,896
S0168,ARM1,OVRLRESP,CR,924
S0168,ARM1,OVRLRESP,CR,952
S0168,ARM1,OVRLRESP,CR,980
S0168,ARM1,OVRLRESP,CR,1008
S0168,ARM1,OVRLRESP,CR,1036
S0168,ARM1,OVRLRESP,CR,1064
S0168,ARM1,OVRLRESP,CR,1092
S0168,ARM1,OVRLRESP,CR,1120
S0168,ARM1,OVRLRESP,CR,1148
S0168,ARM1,OVRLRESP,CR,1176
S0168,ARM1,OVRLRESP,CR,1204
S0168,ARM1,OVRLRESP,CR,1232
S0168,ARM1,OVRLRESP,CR,1260
S0168,ARM1,OVRLRESP,CR,1288
S0168,ARM1,OVRLRESP,CR,1316
S0168,ARM1,OVRLRESP,CR,1344
S0168,ARM1,OVRLRESP,PR,1372
S0168,ARM1,OVRLRESP,PR,1400
S0168,ARM1,OVRLRESP,PR,1428
S0168,ARM1,OVRLRESP,PR,1456
S0168,ARM1,OVRLRESP,PR,1484
S0168,ARM1,OVRLRESP,PR,1512
S0168,ARM1,OVRLRESP,PR,1540
S0168,ARM1,OVRLRESP,PR,1568
S0168,ARM1,OVRLRESP,PR,1596
S0168,ARM1,OVRLRESP,PR,1624
S0168,ARM1,OVRLRESP,PR,1652
S0168,ARM1,OVRLRESP,PR,1680
S0168,ARM1,OVRLRESP,PR,1708
S0168,ARM1,OVRLRESP,PR,1736
S0168,ARM1,OVRLRESP,PR,1764
S0168,ARM1,OVRLRESP,PR,1792
S0168,ARM1,OVRLRESP,PR,1820
S0168,ARM1,OVRLRESP,PR,1848
S0168,ARM1,OVRLRESP,PR,1876
S0168,ARM1,OVRLRESP,PR,1904
S0168,ARM1,OVRLRESP,PR,1932
S0168,ARM1,OVRLRESP,PR,1960
S0168,ARM1,OVRLRESP,PR,1988
S0168,ARM1,OVRLRESP,PR,2016
S0168,ARM1,OVRLRESP,PR,2044
S0168,ARM1,CBOR,CR,56
S0169,ARM1,OVRLRESP,SD,28
S0169,ARM1,CBOR,NE,
S0170,ARM1,OVRLRESP,SD,28
S0170,ARM1,OVRLRESP,CR,56
S0170,ARM1,OVRLRESP,CR,84
S0170,ARM1,OVRLRESP,CR,112
S0170,ARM1,OVRLRESP,CR,140
S0170,ARM1,OVRLRESP,CR,168
S0170,ARM1,OVRLRESP,CR,196
S0170,ARM1,OVRLRESP,CR,224
S0170,ARM1,OVRLRESP,CR,252
S0170,ARM1,OVRLRESP,CR,280
S0170,ARM1,OVRLRESP,CR,308
S0170,ARM1,OVRLRESP,CR,336
S0170,ARM1,OVRLRESP,CR,364
S0170,ARM1,OVRLRESP,CR,392
S0170,ARM1,OVRLRESP,CR,420
S0170,ARM1,OVRLRESP,CR,448
S0170,ARM1,OVRLRESP,CR,476
S0170,ARM1,OVRLRESP,CR,504
S0170,ARM1,OVRLRESP,CR,532
S0170,ARM1,OVRLRESP,CR,560
S0170,ARM1,OVRLRESP,CR,588
S0170,ARM1,OVRLRESP,CR,616
S0170,ARM1,OVRLRESP,CR,644
S0170,ARM1,OVRLRESP,CR,672
S0170,ARM1,OVRLRESP,CR,700
S0170,ARM1,OVRLRESP,CR,728
S0170,ARM1,OVRLRESP,CR,756
S0170,ARM1,OVRLRESP,CR,784
S0170,ARM1,OVRLRESP,CR,812
S0170,ARM1,OVRLRESP,CR,840
S0170,ARM1,OVRLRESP,CR,868
S0170,ARM1,OVRLRESP,CR,896
S0170,ARM1,OVRLRESP,CR,924
S0170,ARM1,OVRLRESP,CR,952
S0170,ARM1,OVRLRESP,CR,980
S0170,ARM1,OVRLRESP,CR,1008
S0170,ARM1,OVRLRESP,CR,1036
S0170,ARM1,OVRLRESP,CR,1064
S0170,ARM1,OVRLRESP,CR,1092
S0170,ARM1,OVRLRESP,CR,1120
S0170,ARM1,OVRLRESP,CR,1148
S0170,ARM1,OVRLRESP,CR,1176
S0170,ARM1,OVRLRESP,CR,1204
S0170,ARM1,OVRLRESP,CR,1232
S0170,ARM1,OVRLRESP,CR,1260
S0170,ARM1,OVRLRESP,CR,1288
S0170,ARM1,OVRLRESP,PR,1316
S0170,ARM1,OVRLRESP,PR,1344
S0170,ARM1,OVRLRESP,PR,1372
S0170,ARM1,OVRLRESP,PR,1400
S0170,ARM1,OVRLRESP,PR,1428
S0170,ARM1,OVRLRESP,PR,1456
S0170,ARM1,OVRLRESP,PR,1484
S0170,ARM1,OVRLRESP,PR,1512
S0170,ARM1,OVRLRESP,PR,1540
S0170,ARM1,OVRLRESP,PR,1568
S0170,ARM1,OVRLRESP,PR,1596
S0170,ARM1,OVRLRESP,PR,1624
S0170,ARM1,OVRLRESP,PR,1652
S0170,ARM1,OVRLRESP,PR,1680
S0170,ARM1,OVRLRESP,PR,1708
S0170,ARM1,OVRLRESP,PR,1736
S0170,ARM1,OVRLRESP,PR,1764
S0170,ARM1,OVRLRESP,PR,1792
S0170,ARM1,OVRLRESP,PR,1820
S0170,ARM1,CBOR,CR,56
S0172,ARM1,OVRLRESP,SD,28
S0172,ARM1,OVRLRESP,CR,56
S0172,ARM1,OVRLRESP,CR,84
S0172,ARM1,OVRLRESP,CR,112
S0172,ARM1,OVRLRESP,CR,140
S0172,ARM1,OVRLRESP,CR,168
S0172,ARM1,OVRLRESP,CR,196
S0172,ARM1,OVRLRESP,CR,224
S0172,ARM1,OVRLRESP,CR,252
S0172,ARM1,OVRLRESP,CR,280
S0172,ARM1,OVRLRESP,CR,308
S0172,ARM1,OVRLRESP,CR,336
S0172,ARM1,OVRLRESP,CR,364
S0172,ARM1,OVRLRESP,CR,392
S0172,ARM1,OVRLRESP,CR,420
S0172,ARM1,OVRLRESP,CR,448
S0172,ARM1,OVRLRESP,CR,476
S0172,ARM1,OVRLRESP,CR,504
S0172,ARM1,OVRLRESP,CR,532
S0172,ARM1,OVRLRESP,CR,560
S0172,ARM1,OVRLRESP,CR,588
S0172,ARM1,OVRLRESP,CR,616
S0172,ARM1,OVRLRESP,CR,644
S0172,ARM1,OVRLRESP,CR,672
S0172,ARM1,OVRLRESP,CR,700
S0172,ARM1,OVRLRESP,CR,728
S0172,ARM1,OVRLRESP,CR,756
S0172,ARM1,OVRLRESP,CR,784
S0172,ARM1,OVRLRESP,CR,812
S0172,ARM1,OVRLRESP,CR,840
S0172,ARM1,OVRLRESP,CR,868
S0172,ARM1,OVRLRESP,CR,896
S0172,ARM1,OVRLRESP,CR,924
S0172,ARM1,OVRLRESP,CR,952
S0172,ARM1,OVRLRESP,CR,980
S0172,ARM1,OVRLRESP,CR,1008
S0172,ARM1,OVRLRESP,CR,1036
S0172,ARM1,OVRLRESP,CR,1064
S0172,ARM1,OVRLRESP,PR,1092
S0172,ARM1,OVRLRESP,PR,1120
S0172,ARM1,OVRLRESP,PR,1148
S0172,ARM1,OVRLRESP,PR,1176
S0172,ARM1,OVRLRESP,PR,1204
S0172,ARM1,CBOR,CR,56
S0173,ARM1,OVRLRESP,SD,28
S0173,ARM1,OVRLRESP,SD,56
S0173,ARM1,OVRLRESP,SD,84
S0173,ARM1,OVRLRESP,SD,112
S0173,ARM1,OVRLRESP,SD,140
S0173,ARM1,OVRLRESP,SD,168
S0173,ARM1,OVRLRESP,SD,196
S0173,ARM1,OVRLRESP,SD,224
S0173,ARM1,OVRLRESP,SD,252
S0173,ARM1,OVRLRESP,SD,280
S0173,ARM1,OVRLRESP,SD,308
S0173,ARM1,OVRLRESP,SD,336
S0173,ARM1,OVRLRESP,SD,364
S0173,ARM1,OVRLRESP,SD,392
S0173,ARM1,OVRLRESP,PD,420
S0173,ARM1,CBOR,SD,56
S0174,ARM1,OVRLRESP,SD,28
S0174,ARM1,OVRLRESP,PR,56
S0174,ARM1,OVRLRESP,PR,84
S0174,ARM1,OVRLRESP,PR,112
S0174,ARM1,OVRLRESP,PR,140
S0174,ARM1,OVRLRESP,PR,168
S0174,ARM1,OVRLRESP,PR,196
S0174,ARM1,OVRLRESP,PR,224
S0174,ARM1,OVRLRESP,PR,252
S0174,ARM1,OVRLRESP,PR,280
S0174,ARM1,OVRLRESP,PR,308
S0174,ARM1,OVRLRESP,PR,336
S0174,ARM1,OVRLRESP,PR,364
S0174,ARM1,OVRLRESP,PR,392
S0174,ARM1,OVRLRESP,PR,420
S0174,ARM1,OVRLRESP,PR,448
S0174,ARM1,OVRLRESP,PR,476
S0174,ARM1,OVRLRESP,PR,504
S0174,ARM1,OVRLRESP,PR,532
S0174,ARM1,OVRLRESP,PR,560
S0174,ARM1,OVRLRESP,PR,588
S0174,ARM1,OVRLRESP,PR,616
S0174,ARM1,OVRLRESP,PR,644
S0174,ARM1,OVRLRESP,PR,672
S0174,ARM1,OVRLRESP,PR,700
S0174,ARM1,OVRLRESP,PR,728
S0174,ARM1,OVRLRESP,PR,756
S0174,ARM1,OVRLRESP,PR,784
S0174,ARM1,OVRLRESP,PR,812
S0174,ARM1,OVRLRESP,PR,840
S0174,ARM1,OVRLRESP,PR,868
S0174,ARM1,OVRLRESP,PR,896
S0174,ARM1,OVRLRESP,PR,924
S0174,ARM1,OVRLRESP,PR,952
S0174,ARM1,OVRLRESP,PR,980
S0174,ARM1,OVRLRESP,PR,1008
S0174,ARM1,OVRLRESP,PR,1036
S0174,ARM1,OVRLRESP,PR,1064
S0174,ARM1,OVRLRESP,PR,1092
S0174,ARM1,OVRLRESP,PR,1120
S0174,ARM1,OVRLRESP,PR,1148
S0174,ARM1,OVRLRESP,PR,1176
S0174,ARM1,OVRLRESP,PR,1204
S0174,ARM1,OVRLRESP,PR,1232
S0174,ARM1,OVRLRESP,PR,1260
S0174,ARM1,OVRLRESP,PR,1288
S0174,ARM1,OVRLRESP,PR,1316
S0174,ARM1,OVRLRESP,PR,1344
S0174,ARM1,OVRLRESP,PR,1372
S0174,ARM1,OVRLRESP,PR,1400
S0174,ARM1,OVRLRESP,PR,1428
S0174,ARM1,OVRLRESP,PR,1456
S0174,ARM1,OVRLRESP,PR,1484
S0174,ARM1,OVRLRESP,PR,1512
S0174,ARM1,OVRLRESP,PR,1540
S0174,ARM1,OVRLRESP,PR,1568
S0174,ARM1,OVRLRESP,PR,1596
S0174,ARM1,OVRLRESP,PR,1624
S0174,ARM1,OVRLRESP,PD,1652
S0174,ARM1,CBOR,PR,56
S0175,ARM1,OVRLRESP,PR,28
S0175,ARM1,OVRLRESP,CR,56
S0175,ARM1,OVRLRESP,CR,84
S0175,ARM1,OVRLRESP,CR,112
S0175,ARM1,OVRLRESP,CR,140
S0175,ARM1,OVRLRESP,CR,168
S0175,ARM1,OVRLRESP,CR,196
S0175,ARM1,OVRLRESP,CR,224
S0175,ARM1,OVRLRESP,CR,252
S0175,ARM1,OVRLRESP,CR,280
S0175,ARM1,OVRLRESP,CR,308
S0175,ARM1,OVRLRESP,CR,336
S0175,ARM1,OVRLRESP,CR,364
S0175,ARM1,OVRLRESP,CR,392
S0175,ARM1,OVRLRESP,CR,420
S0175,ARM1,OVRLRESP,CR,448
S0175,ARM1,OVRLRESP,CR,476
S0175,ARM1,OVRLRESP,CR,504
S0175,ARM1,OVRLRESP,CR,532
S0175,ARM1,OVRLRESP,CR,560
S0175,ARM1,OVRLRESP,CR,588
S0175,ARM1,OVRLRESP,CR,616
S0175,ARM1,OVRLRESP,CR,644
S0175,ARM1,OVRLRESP,CR,672
S0175,ARM1,OVRLRESP,CR,700
S0175,ARM1,OVRLRESP,CR,728
S0175,ARM1,OVRLRESP,CR,756
S0175,ARM1,OVRLRESP,CR,784
S0175,ARM1,OVRLRESP,CR,812
S0175,ARM1,OVRLRESP,CR,840
S0175,ARM1,OVRLRESP,CR,868
S0175,ARM1,OVRLRESP,CR,896
S0175,ARM1,OVRLRESP,CR,924
S0175,ARM1,OVRLRESP,CR,952
S0175,ARM1,OVRLRESP,PR,980
S0175,ARM1,OVRLRESP,PR,1008
S0175,ARM1,OVRLRESP,PR,1036
S0175,ARM1,OVRLRESP,PR,1064
S0175,ARM1,OVRLRESP,PR,1092
S0175,ARM1,OVRLRESP,PR,1120
S0175,ARM1,OVRLRESP,PR,1148
S0175,ARM1,OVRLRESP,PR,1176
S0175,ARM1,OVRLRESP,PR,1204
S0175,ARM1,OVRLRESP,PR,1232
S0175,ARM1,OVRLRESP,PR,1260
S0175,ARM1,OVRLRESP,PR,1288
S0175,ARM1,OVRLRESP,PR,1316
S0175,ARM1,OVRLRESP,PR,1344
S0175,ARM1,OVRLRESP,PR,1372
S0175,ARM1,OVRLRESP,PR,1400
S0175,ARM1,OVRLRESP,PR,1428
S0175,ARM1,OVRLRESP,PR,1456
S0175,ARM1,OVRLRESP,PR,1484
S0175,ARM1,OVRLRESP,PR,1512
S0175,ARM1,OVRLRESP,PR,1540
S0175,ARM1,OVRLRESP,PR,1568
S0175,ARM1,OVRLRESP,PR,1596
S0175,ARM1,OVRLRESP,PR,1624
S0175,ARM1,OVRLRESP,PR,1652
S0175,ARM1,OVRLRESP,PR,1680
S0175,ARM1,OVRLRESP,PR,1708
S0175,ARM1,OVRLRESP,PR,1736
S0175,ARM1,OVRLRESP,PR,1764
S0175,ARM1,OVRLRESP,PR,1792
S0175,ARM1,OVRLRESP,PR,1820
S0175,ARM1,OVRLRESP,PR,1848
S0175,ARM1,OVRLRESP,PR,1876
S0175,ARM1,OVRLRESP,PR,1904
S0175,ARM1,OVRLRESP,PR,1932
S0175,ARM1,OVRLRESP,PR,1960
S0175,ARM1,OVRLRESP,PR,1988
S0175,ARM1,OVRLRESP,PR,2016
S0175,ARM1,OVRLRESP,PR,2044
S0175,ARM1,OVRLRESP,PR,2072
S0175,ARM1,OVRLRESP,PR,2100
S0175,ARM1,OVRLRESP,PR,2128
S0175,ARM1,OVRLRESP,PR,2156
S0175,ARM1,OVRLRESP,PR,2184
S0175,ARM1,OVRLRESP,PR,2212
S0175,ARM1,OVRLRESP,PR,2240
S0175,ARM1,OVRLRESP,PR,2268
S0175,ARM1,OVRLRESP,PR,2296
S0175,ARM1,OVRLRESP,PR,2324
S0175,ARM1,OVRLRESP,PR,2352
S0175,ARM1,OVRLRESP,PR,2380
S0175,ARM1,OVRLRESP,PR,2408
S0175,ARM1,OVRLRESP,PR,2436
S0175,ARM1,OVRLRESP,PR,2464
S0175,ARM1,OVRLRESP,PR,2492
S0175,ARM1,OVRLRESP,PR,2520
S0175,ARM1,OVRLRESP,PR,2548
S0175,ARM1,OVRLRESP,PR,2576
S0175,ARM1,OVRLRESP,PR,2604
S0175,ARM1,OVRLRESP,PR,2632
S0175,ARM1,OVRLRESP,PR,2660
S0175,ARM1,OVRLRESP,PR,2688
S0175,ARM1,OVRLRESP,PR,2716
S0175,ARM1,OVRLRESP,PR,2744
S0175,ARM1,OVRLRESP,PR,2772
S0175,ARM1,OVRLRESP,PR,2800
S0175,ARM1,OVRLRESP,PR,2828
S0175,ARM1,OVRLRESP,PR,2856
S0175,ARM1,OVRLRESP,PR,2884
S0175,ARM1,OVRLRESP,PR,2912
S0175,ARM1,OVRLRESP,PR,2940
S0175,ARM1,OVRLRESP,PR,2968
S0175,ARM1,OVRLRESP,PR,2996
S0175,ARM1,OVRLRESP,PR,3024
S0175,ARM1,OVRLRESP,PR,3052
S0175,ARM1,OVRLRESP,PR,3080
S0175,ARM1,OVRLRESP,PR,3108
S0175,ARM1,OVRLRESP,PR,3136
S0175,ARM1,OVRLRESP,PR,3164
S0175,ARM1,OVRLRESP,PR,3192
S0175,ARM1,OVRLRESP,PR,3220
S0175,ARM1,OVRLRESP,PR,3248
S0175,ARM1,OVRLRESP,PR,3276
S0175,ARM1,OVRLRESP,PR,3304
S0175,ARM1,CBOR,CR,56
S0179,ARM1,OVRLRESP,SD,28
S0179,ARM1,OVRLRESP,SD,56
S0179,ARM1,OVRLRESP,SD,84
S0179,ARM1,OVRLRESP,PD,112
S0179,ARM1,CBOR,SD,56
S0180,ARM1,OVRLRESP,SD,28
S0180,ARM1,OVRLRESP,PR,56
S0180,ARM1,OVRLRESP,PR,84
S0180,ARM1,OVRLRESP,PR,112
S0180,ARM1,OVRLRESP,PR,140
S0180,ARM1,OVRLRESP,PR,168
S0180,ARM1,OVRLRESP,PR,196
S0180,ARM1,OVRLRESP,PR,224
S0180,ARM1,OVRLRESP,PR,252
S0180,ARM1,OVRLRESP,PR,280
S0180,ARM1,OVRLRESP,PR,308
S0180,ARM1,OVRLRESP,PR,336
S0180,ARM1,OVRLRESP,PR,364
S0180,ARM1,OVRLRESP,PR,392
S0180,ARM1,OVRLRESP,PR,420
S0180,ARM1,OVRLRESP,PR,448
S0180,ARM1,OVRLRESP,PR,476
S0180,ARM1,OVRLRESP,PR,504
S0180,ARM1,OVRLRESP,PR,532
S0180,ARM1,OVRLRESP,PR,560
S0180,ARM1,OVRLRESP,PR,588
S0180,ARM1,OVRLRESP,PR,616
S0180,ARM1,OVRLRESP,PR,644
S0180,ARM1,OVRLRESP,PR,672
S0180,ARM1,OVRLRESP,PR,700
S0180,ARM1,OVRLRESP,PR,728
S0180,ARM1,OVRLRESP,PR,756
S0180,ARM1,OVRLRESP,PR,784
S0180,ARM1,OVRLRESP,PR,812
S0180,ARM1,OVRLRESP,PR,840
S0180,ARM1,OVRLRESP,PR,868
S0180,ARM1,OVRLRESP,PR,896
S0180,ARM1,OVRLRESP,PR,924
S0180,ARM1,OVRLRESP,PR,952
S0180,ARM1,OVRLRESP,PR,980
S0180,ARM1,OVRLRESP,PR,1008
S0180,ARM1,OVRLRESP,PR,1036
S0180,ARM1,OVRLRESP,PR,1064
S0180,ARM1,OVRLRESP,PR,1092
S0180,ARM1,OVRLRESP,PR,1120
S0180,ARM1,OVRLRESP,PR,1148
S0180,ARM1,OVRLRESP,PR,1176
S0180,ARM1,OVRLRESP,PR,1204
S0180,ARM1,OVRLRESP,PR,1232
S0180,ARM1,OVRLRESP,PR,1260
S0180,ARM1,OVRLRESP,PR,1288
S0180,ARM1,OVRLRESP,PR,1316
S0180,ARM1,OVRLRESP,PR,1344
S0180,ARM1,OVRLRESP,PR,1372
S0180,ARM1,OVRLRESP,PR,1400
S0180,ARM1,OVRLRESP,PR,1428
S0180,ARM1,OVRLRESP,PR,1456
S0180,ARM1,OVRLRESP,PR,1484
S0180,ARM1,OVRLRESP,PR,1512
S0180,ARM1,OVRLRESP,PR,1540
S0180,ARM1,OVRLRESP,PR,1568
S0180,ARM1,OVRLRESP,PR,1596
S0180,ARM1,OVRLRESP,PR,1624
S0180,ARM1,OVRLRESP,PR,1652
S0180,ARM1,OVRLRESP,PR,1680
S0180,ARM1,OVRLRESP,PR,1708
S0180,ARM1,OVRLRESP,PR,1736
S0180,ARM1,OVRLRESP,PR,1764
S0180,ARM1,OVRLRESP,PR,1792
S0180,ARM1,OVRLRESP,PR,1820
S0180,ARM1,OVRLRESP,PR,1848
S0180,ARM1,OVRLRESP,PR,1876
S0180,ARM1,OVRLRESP,PR,1904
S0180,ARM1,OVRLRESP,PR,1932
S0180,ARM1,OVRLRESP,PR,1960
S0180,ARM1,OVRLRESP,PR,1988
S0180,ARM1,OVRLRESP,PR,2016
S0180,ARM1,OVRLRESP,PR,2044
S0180,ARM1,OVRLRESP,PD,2072
S0180,ARM1,CBOR,PR,56
S0181,ARM1,OVRLRESP,SD,28
S0181,ARM1,OVRLRESP,PR,56
S0181,ARM1,OVRLRESP,PR,84
S0181,ARM1,OVRLRESP,PR,112
S0181,ARM1,OVRLRESP,PR,140
S0181,ARM1,OVRLRESP,PR,168
S0181,ARM1,OVRLRESP,PR,196
S0181,ARM1,OVRLRESP,PR,224
S0181,ARM1,OVRLRESP,PR,252
S0181,ARM1,OVRLRESP,PR,280
S0181,ARM1,OVRLRESP,PR,308
S0181,ARM1,OVRLRESP,PR,336
S0181,ARM1,OVRLRESP,PR,364
S0181,ARM1,OVRLRESP,PR,392
S0181,ARM1,OVRLRESP,PR,420
S0181,ARM1,OVRLRESP,PR,448
S0181,ARM1,OVRLRESP,PR,476
S0181,ARM1,OVRLRESP,PR,504
S0181,ARM1,OVRLRESP,PR,532
S0181,ARM1,OVRLRESP,PR,560
S0181,ARM1,OVRLRESP,PR,588
S0181,ARM1,OVRLRESP,PR,616
S0181,ARM1,OVRLRESP,PR,644
S0181,ARM1,OVRLRESP,PR,672
S0181,ARM1,OVRLRESP,PR,700
S0181,ARM1,OVRLRESP,PR,728
S0181,ARM1,OVRLRESP,PR,756
S0181,ARM1,OVRLRESP,PR,784
S0181,ARM1,OVRLRESP,PR,812
S0181,ARM1,OVRLRESP,PR,840
S0181,ARM1,OVRLRESP,PR,868
S0181,ARM1,OVRLRESP,PR,896
S0181,ARM1,OVRLRESP,PR,924
S0181,ARM1,OVRLRESP,PR,952
S0181,ARM1,OVRLRESP,PR,980
S0181,ARM1,OVRLRESP,PR,1008
S0181,ARM1,OVRLRESP,PR,1036
S0181,ARM1,OVRLRESP,PR,1064
S0181,ARM1,OVRLRESP,PR,1092
S0181,ARM1,OVRLRESP,PR,1120
S0181,ARM1,OVRLRESP,PR,1148
S0181,ARM1,OVRLRESP,PR,1176
S0181,ARM1,OVRLRESP,PR,1204
S0181,ARM1,OVRLRESP,PR,1232
S0181,ARM1,OVRLRESP,PR,1260
S0181,ARM1,OVRLRESP,PR,1288
S0181,ARM1,OVRLRESP,PR,1316
S0181,ARM1,OVRLRESP,PR,1344
S0181,ARM1,OVRLRESP,PR,1372
S0181,ARM1,OVRLRESP,PR,1400
S0181,ARM1,OVRLRESP,PR,1428
S0181,ARM1,OVRLRESP,PR,1456
S0181,ARM1,OVRLRESP,PR,1484
S0181,ARM1,OVRLRESP,PR,1512
S0181,ARM1,OVRLRESP,PR,1540
S0181,ARM1,OVRLRESP,PR,1568
S0181,ARM1,OVRLRESP,PR,1596
S0181,ARM1,OVRLRESP,PR,1624
S0181,ARM1,OVRLRESP,PD,1652
S0181,ARM1,CBOR,PR,56
S0185,ARM1,OVRLRESP,SD,28
S0185,ARM1,OVRLRESP,PR,56
S0185,ARM1,OVRLRESP,PR,84
S0185,ARM1,OVRLRESP,PR,112
S0185,ARM1,OVRLRESP,PR,140
S0185,ARM1,OVRLRESP,PR,168
S0185,ARM1,OVRLRESP,PR,196
S0185,ARM1,OVRLRESP,PR,224
S0185,ARM1,OVRLRESP,PR,252
S0185,ARM1,OVRLRESP,PR,280
S0185,ARM1,OVRLRESP,PR,308
S0185,ARM1,OVRLRESP,PR,336
S0185,ARM1,OVRLRESP,PR,364
S0185,ARM1,OVRLRESP,PR,392
S0185,ARM1,OVRLRESP,PR,420
S0185,ARM1,OVRLRESP,PR,448
S0185,ARM1,OVRLRESP,PR,476
S0185,ARM1,OVRLRESP,PR,504
S0185,ARM1,OVRLRESP,PR,532
S0185,ARM1,OVRLRESP,PR,560
S0185,ARM1,OVRLRESP,PR,588
S0185,ARM1,OVRLRESP,PR,616
S0185,ARM1,OVRLRESP,PR,644
S0185,ARM1,OVRLRESP,PR,672
S0185,ARM1,OVRLRESP,PR,700
S0185,ARM1,OVRLRESP,PR,728
S0185,ARM1,OVRLRESP,PR,756
S0185,ARM1,OVRLRESP,PR,784
S0185,ARM1,OVRLRESP,PR,812
S0185,ARM1,OVRLRESP,PR,840
S0185,ARM1,OVRLRESP,PR,868
S0185,ARM1,OVRLRESP,PR,896
S0185,ARM1,OVRLRESP,PR,924
S0185,ARM1,OVRLRESP,PR,952
S0185,ARM1,OVRLRESP,PR,980
S0185,ARM1,OVRLRESP,PR,1008
S0185,ARM1,OVRLRESP,PR,1036
S0185,ARM1,OVRLRESP,PR,1064
S0185,ARM1,OVRLRESP,PR,1092
S0185,ARM1,OVRLRESP,PR,1120
S0185,ARM1,OVRLRESP,PR,1148
S0185,ARM1,OVRLRESP,PR,1176
S0185,ARM1,OVRLRESP,PR,1204
S0185,ARM1,OVRLRESP,PR,1232
S0185,ARM1,OVRLRESP,PR,1260
S0185,ARM1,OVRLRESP,PR,1288
S0185,ARM1,OVRLRESP,PR,1316
S0185,ARM1,OVRLRESP,PR,1344
S0185,ARM1,OVRLRESP,PR,1372
S0185,ARM1,OVRLRESP,PR,1400
S0185,ARM1,OVRLRESP,PR,1428
S0185,ARM1,OVRLRESP,PR,1456
S0185,ARM1,OVRLRESP,PR,1484
S0185,ARM1,OVRLRESP,PR,1512
S0185,ARM1,OVRLRESP,PR,1540
S0185,ARM1,OVRLRESP,PR,1568
S0185,ARM1,OVRLRESP,PR,1596
S0185,ARM1,OVRLRESP,PR,1624
S0185,ARM1,OVRLRESP,PR,1652
S0185,ARM1,OVRLRESP,PR,1680
S0185,ARM1,OVRLRESP,PR,1708
S0185,ARM1,OVRLRESP,PR,1736
S0185,ARM1,OVRLRESP,PR,1764
S0185,ARM1,OVRLRESP,PR,1792
S0185,ARM1,OVRLRESP,PR,1820
S0185,ARM1,OVRLRESP,PR,1848
S0185,ARM1,OVRLRESP,PR,1876
S0185,ARM1,OVRLRESP,PR,1904
S0185,ARM1,OVRLRESP,PR,1932
S0185,ARM1,OVRLRESP,PR,1960
S0185,ARM1,OVRLRESP,PR,1988
S0185,ARM1,OVRLRESP,PR,2016
S0185,ARM1,OVRLRESP,PR,2044
S0185,ARM1,OVRLRESP,PR,2072
S0185,ARM1,OVRLRESP,PR,2100
S0185,ARM1,OVRLRESP,PR,2128
S0185,ARM1,OVRLRESP,PR,2156
S0185,ARM1,OVRLRESP,PR,2184
S0185,ARM1,OVRLRESP,PR,2212
S0185,ARM1,OVRLRESP,PR,2240
S0185,ARM1,OVRLRESP,PR,2268
S0185,ARM1,OVRLRESP,PR,2296
S0185,ARM1,OVRLRESP,PR,2324
S0185,ARM1,OVRLRESP,PR,2352
S0185,ARM1,OVRLRESP,PR,2380
S0185,ARM1,OVRLRESP,PR,2408
S0185,ARM1,OVRLRESP,PR,2436
S0185,ARM1,OVRLRESP,PR,2464
S0185,ARM1,OVRLRESP,PR,2492
S0185,ARM1,OVRLRESP,PR,2520
S0185,ARM1,OVRLRESP,PR,2548
S0185,ARM1,OVRLRESP,PR,2576
S0185,ARM1,OVRLRESP,PR,2604
S0185,ARM1,OVRLRESP,PR,2632
S0185,ARM1,OVRLRESP,PR,2660
S0185,ARM1,OVRLRESP,PR,2688
S0185,ARM1,OVRLRESP,PR,2716
S0185,ARM1,OVRLRESP,PR,2744
S0185,ARM1,OVRLRESP,PR,2772
S0185,ARM1,OVRLRESP,PR,2800
S0185,ARM1,OVRLRESP,PR,2828
S0185,ARM1,OVRLRESP,PR,2856
S0185,ARM1,OVRLRESP,PR,2884
S0185,ARM1,OVRLRESP,PR,2912
S0185,ARM1,OVRLRESP,PR,2940
S0185,ARM1,OVRLRESP,PR,2968
S0185,ARM1,OVRLRESP,PR,2996
S0185,ARM1,OVRLRESP,PR,3024
S0185,ARM1,OVRLRESP,PR,3052
S0185,ARM1,OVRLRESP,PR,3080
S0185,ARM1,OVRLRESP,PR,3108
S0185,ARM1,OVRLRESP,PR,3136
S0185,ARM1,OVRLRESP,PR,3164
S0185,ARM1,OVRLRESP,PR,3192
S0185,ARM1,OVRLRESP,PR,3220
S0185,ARM1,OVRLRESP,PR,3248
S0185,ARM1,CBOR,PR,56
S0193,ARM1,OVRLRESP,PR,28
S0193,ARM1,OVRLRESP,CR,56
S0193,ARM1,OVRLRESP,CR,84
S0193,ARM1,OVRLRESP,CR,112
S0193,ARM1,OVRLRESP,CR,140
S0193,ARM1,OVRLRESP,CR,168
S0193,ARM1,OVRLRESP,CR,196
S0193,ARM1,OVRLRESP,PR,224
S0193,ARM1,OVRLRESP,PR,252
S0193,ARM1,OVRLRESP,PR,280
S0193,ARM1,OVRLRESP,PR,308
S0193,ARM1,OVRLRESP,PR,336
S0193,ARM1,OVRLRESP,PR,364
S0193,ARM1,OVRLRESP,PR,392
S0193,ARM1,OVRLRESP,PR,420
S0193,ARM1,OVRLRESP,PR,448
S0193,ARM1,OVRLRESP,PR,476
S0193,ARM1,OVRLRESP,PR,504
S0193,ARM1,OVRLRESP,PR,532
S0193,ARM1,OVRLRESP,PR,560
S0193,ARM1,OVRLRESP,PR,588
S0193,ARM1,OVRLRESP,PR,616
S0193,ARM1,OVRLRESP,PR,644
S0193,ARM1,OVRLRESP,PR,672
S0193,ARM1,OVRLRESP,PR,700
S0193,ARM1,OVRLRESP,PR,728
S0193,ARM1,OVRLRESP,PR,756
S0193,ARM1,OVRLRESP,PR,784
S0193,ARM1,OVRLRESP,PR,812
S0193,ARM1,OVRLRESP,PR,840
S0193,ARM1,OVRLRESP,PR,868
S0193,ARM1,OVRLRESP,PR,896
S0193,ARM1,OVRLRESP,PR,924
S0193,ARM1,OVRLRESP,PR,952
S0193,ARM1,OVRLRESP,PR,980
S0193,ARM1,OVRLRESP,PR,1008
S0193,ARM1,OVRLRESP,PR,1036
S0193,ARM1,OVRLRESP,PR,1064
S0193,ARM1,OVRLRESP,PR,1092
S0193,ARM1,OVRLRESP,PR,1120
S0193,ARM1,OVRLRESP,PR,1148
S0193,ARM1,OVRLRESP,PR,1176
S0193,ARM1,OVRLRESP,PR,1204
S0193,ARM1,OVRLRESP,PR,1232
S0193,ARM1,OVRLRESP,PR,1260
S0193,ARM1,OVRLRESP,PR,1288
S0193,ARM1,OVRLRESP,PR,1316
S0193,ARM1,OVRLRESP,PR,1344
S0193,ARM1,OVRLRESP,PR,1372
S0193,ARM1,OVRLRESP,PR,1400
S0193,ARM1,OVRLRESP,PR,1428
S0193,ARM1,OVRLRESP,PR,1456
S0193,ARM1,OVRLRESP,PR,1484
S0193,ARM1,OVRLRESP,PR,1512
S0193,ARM1,OVRLRESP,PR,1540
S0193,ARM1,OVRLRESP,PR,1568
S0193,ARM1,OVRLRESP,PR,1596
S0193,ARM1,OVRLRESP,PR,1624
S0193,ARM1,OVRLRESP,PR,1652
S0193,ARM1,OVRLRESP,PR,1680
S0193,ARM1,OVRLRESP,PR,1708
S0193,ARM1,OVRLRESP,PR,1736
S0193,ARM1,OVRLRESP,PR,1764
S0193,ARM1,OVRLRESP,PR,1792
S0193,ARM1,OVRLRESP,PR,1820
S0193,ARM1,CBOR,CR,56
S0194,ARM1,OVRLRESP,SD,28
S0194,ARM1,OVRLRESP,PR,56
S0194,ARM1,OVRLRESP,PR,84
S0194,ARM1,OVRLRESP,PR,112
S0194,ARM1,OVRLRESP,PR,140
S0194,ARM1,OVRLRESP,PR,168
S0194,ARM1,OVRLRESP,PR,196
S0194,ARM1,OVRLRESP,PR,224
S0194,ARM1,OVRLRESP,PR,252
S0194,ARM1,OVRLRESP,PR,280
S0194,ARM1,OVRLRESP,PR,308
S0194,ARM1,OVRLRESP,PR,336
S0194,ARM1,OVRLRESP,PR,364
S0194,ARM1,OVRLRESP,PR,392
S0194,ARM1,OVRLRESP,PR,420
S0194,ARM1,OVRLRESP,PR,448
S0194,ARM1,OVRLRESP,PR,476
S0194,ARM1,OVRLRESP,PR,504
S0194,ARM1,OVRLRESP,PR,532
S0194,ARM1,OVRLRESP,PR,560
S0194,ARM1,OVRLRESP,PR,588
S0194,ARM1,OVRLRESP,PR,616
S0194,ARM1,OVRLRESP,PR,644
S0194,ARM1,OVRLRESP,PR,672
S0194,ARM1,OVRLRESP,PR,700
S0194,ARM1,OVRLRESP,PR,728
S0194,ARM1,OVRLRESP,PR,756
S0194,ARM1,OVRLRESP,PR,784
S0194,ARM1,OVRLRESP,PR,812
S0194,ARM1,OVRLRESP,PR,840
S0194,ARM1,OVRLRESP,PR,868
S0194,ARM1,OVRLRESP,PR,896
S0194,ARM1,OVRLRESP,PR,924
S0194,ARM1,OVRLRESP,PR,952
S0194,ARM1,OVRLRESP,PR,980
S0194,ARM1,OVRLRESP,PR,1008
S0194,ARM1,OVRLRESP,PR,1036
S0194,ARM1,OVRLRESP,PR,1064
S0194,ARM1,OVRLRESP,PR,1092
S0194,ARM1,OVRLRESP,PR,1120
S0194,ARM1,OVRLRESP,PR,1148
S0194,ARM1,OVRLRESP,PR,1176
S0194,ARM1,OVRLRESP,PR,1204
S0194,ARM1,OVRLRESP,PR,1232
S0194,ARM1,OVRLRESP,PR,1260
S0194,ARM1,OVRLRESP,PR,1288
S0194,ARM1,OVRLRESP,PR,1316
S0194,ARM1,OVRLRESP,PR,1344
S0194,ARM1,OVRLRESP,PR,1372
S0194,ARM1,OVRLRESP,PR,1400
S0194,ARM1,OVRLRESP,PD,1428
S0194,ARM1,CBOR,PR,56
S0199,ARM1,OVRLRESP,SD,28
S0199,ARM1,OVRLRESP,PR,56
S0199,ARM1,OVRLRESP,PR,84
S0199,ARM1,OVRLRESP,PR,112
S0199,ARM1,OVRLRESP,PR,140
S0199,ARM1,OVRLRESP,PR,168
S0199,ARM1,OVRLRESP,PR,196
S0199,ARM1,OVRLRESP,PR,224
S0199,ARM1,OVRLRESP,PR,252
S0199,ARM1,OVRLRESP,PR,280
S0199,ARM1,OVRLRESP,PR,308
S0199,ARM1,OVRLRESP,PR,336
S0199,ARM1,OVRLRESP,PR,364
S0199,ARM1,OVRLRESP,PR,392
S0199,ARM1,OVRLRESP,PR,420
S0199,ARM1,OVRLRESP,PR,448
S0199,ARM1,OVRLRESP,PR,476
S0199,ARM1,OVRLRESP,PR,504
S0199,ARM1,OVRLRESP,PR,532
S0199,ARM1,OVRLRESP,PR,560
S0199,ARM1,OVRLRESP,PR,588
S0199,ARM1,OVRLRESP,PR,616
S0199,ARM1,OVRLRESP,PR,644
S0199,ARM1,OVRLRESP,PR,672
S0199,ARM1,OVRLRESP,PR,700
S0199,ARM1,OVRLRESP,PR,728
S0199,ARM1,OVRLRESP,PR,756
S0199,ARM1,OVRLRESP,PR,784
S0199,ARM1,OVRLRESP,PR,812
S0199,ARM1,OVRLRESP,PR,840
S0199,ARM1,OVRLRESP,PR,868
S0199,ARM1,OVRLRESP,PR,896
S0199,ARM1,OVRLRESP,PR,924
S0199,ARM1,OVRLRESP,PR,952
S0199,ARM1,OVRLRESP,PR,980
S0199,ARM1,OVRLRESP,PR,1008
S0199,ARM1,OVRLRESP,PR,1036
S0199,ARM1,OVRLRESP,PR,1064
S0199,ARM1,OVRLRESP,PR,1092
S0199,ARM1,OVRLRESP,PR,1120
S0199,ARM1,OVRLRESP,PR,1148
S0199,ARM1,OVRLRESP,PR,1176
S0199,ARM1,OVRLRESP,PR,1204
S0199,ARM1,OVRLRESP,PR,1232
S0199,ARM1,OVRLRESP,PR,1260
S0199,ARM1,OVRLRESP,PR,1288
S0199,ARM1,OVRLRESP,PR,1316
S0199,ARM1,OVRLRESP,PR,1344
S0199,ARM1,OVRLRESP,PR,1372
S0199,ARM1,OVRLRESP,PR,1400
S0199,ARM1,OVRLRESP,PR,1428
S0199,ARM1,OVRLRESP,PR,1456
S0199,ARM1,OVRLRESP,PR,1484
S0199,ARM1,OVRLRESP,PR,1512
S0199,ARM1,OVRLRESP,PR,1540
S0199,ARM1,OVRLRESP,PR,1568
S0199,ARM1,OVRLRESP,PR,1596
S0199,ARM1,OVRLRESP,PR,1624
S0199,ARM1,OVRLRESP,PR,1652
S0199,ARM1,OVRLRESP,PR,1680
S0199,ARM1,OVRLRESP,PR,1708
S0199,ARM1,OVRLRESP,PR,1736
S0199,ARM1,OVRLRESP,PR,1764
S0199,ARM1,OVRLRESP,PR,1792
S0199,ARM1,OVRLRESP,PR,1820
S0199,ARM1,CBOR,PR,56
S0201,ARM1,OVRLRESP,PR,28
S0201,ARM1,OVRLRESP,CR,56
S0201,ARM1,OVRLRESP,CR,84
S0201,ARM1,OVRLRESP,CR,112
S0201,ARM1,OVRLRESP,CR,140
S0201,ARM1,OVRLRESP,CR,168
S0201,ARM1,OVRLRESP,CR,196
S0201,ARM1,OVRLRESP,CR,224
S0201,ARM1,OVRLRESP,CR,252
S0201,ARM1,OVRLRESP,CR,280
S0201,ARM1,OVRLRESP,CR,308
S0201,ARM1,OVRLRESP,CR,336
S0201,ARM1,OVRLRESP,CR,364
S0201,ARM1,OVRLRESP,CR,392
S0201,ARM1,OVRLRESP,CR,420
S0201,ARM1,OVRLRESP,CR,448
S0201,ARM1,OVRLRESP,PD,476
S0201,ARM1,CBOR,CR,56
S0202,ARM1,OVRLRESP,SD,28
S0202,ARM1,OVRLRESP,PR,56
S0202,ARM1,OVRLRESP,PR,84
S0202,ARM1,OVRLRESP,PR,112
S0202,ARM1,OVRLRESP,PR,140
S0202,ARM1,OVRLRESP,PR,168
S0202,ARM1,OVRLRESP,PR,196
S0202,ARM1,OVRLRESP,PR,224
S0202,ARM1,OVRLRESP,PR,252
S0202,ARM1,OVRLRESP,PR,280
S0202,ARM1,OVRLRESP,PR,308
S0202,ARM1,OVRLRESP,PR,336
S0202,ARM1,OVRLRESP,PR,364
S0202,ARM1,OVRLRESP,PR,392
S0202,ARM1,OVRLRESP,PR,420
S0202,ARM1,OVRLRESP,PR,448
S0202,ARM1,OVRLRESP,PR,476
S0202,ARM1,OVRLRESP,PR,504
S0202,ARM1,OVRLRESP,PR,532
S0202,ARM1,OVRLRESP,PR,560
S0202,ARM1,OVRLRESP,PR,588
S0202,ARM1,OVRLRESP,PR,616
S0202,ARM1,OVRLRESP,PR,644
S0202,ARM1,OVRLRESP,PR,672
S0202,ARM1,OVRLRESP,PR,700
S0202,ARM1,OVRLRESP,PR,728
S0202,ARM1,OVRLRESP,PR,756
S0202,ARM1,OVRLRESP,PR,784
S0202,ARM1,OVRLRESP,PR,812
S0202,ARM1,OVRLRESP,PR,840
S0202,ARM1,OVRLRESP,PR,868
S0202,ARM1,OVRLRESP,PR,896
S0202,ARM1,OVRLRESP,PR,924
S0202,ARM1,OVRLRESP,PR,952
S0202,ARM1,OVRLRESP,PR,980
S0202,ARM1,OVRLRESP,PR,1008
S0202,ARM1,OVRLRESP,PR,1036
S0202,ARM1,OVRLRESP,PR,1064
S0202,ARM1,OVRLRESP,PR,1092
S0202,ARM1,OVRLRESP,PR,1120
S0202,ARM1,OVRLRESP,PR,1148
S0202,ARM1,OVRLRESP,PR,1176
S0202,ARM1,OVRLRESP,PR,1204
S0202,ARM1,OVRLRESP,PR,1232
S0202,ARM1,OVRLRESP,PR,1260
S0202,ARM1,OVRLRESP,PR,1288
S0202,ARM1,OVRLRESP,PR,1316
S0202,ARM1,OVRLRESP,PR,1344
S0202,ARM1,OVRLRESP,PR,1372
S0202,ARM1,OVRLRESP,PR,1400
S0202,ARM1,OVRLRESP,PR,1428
S0202,ARM1,OVRLRESP,PR,1456
S0202,ARM1,OVRLRESP,PR,1484
S0202,ARM1,OVRLRESP,PR,1512
S0202,ARM1,OVRLRESP,PR,1540
S0202,ARM1,OVRLRESP,PR,1568
S0202,ARM1,OVRLRESP,PR,1596
S0202,ARM1,OVRLRESP,PR,1624
S0202,ARM1,OVRLRESP,PR,1652
S0202,ARM1,OVRLRESP,PR,1680
S0202,ARM1,OVRLRESP,PR,1708
S0202,ARM1,OVRLRESP,PR,1736
S0202,ARM1,OVRLRESP,PR,1764
S0202,ARM1,OVRLRESP,PR,1792
S0202,ARM1,OVRLRESP,PR,1820
S0202,ARM1,OVRLRESP,PR,1848
S0202,ARM1,CBOR,PR,56
S0208,ARM1,OVRLRESP,SD,28
S0208,ARM1,OVRLRESP,SD,56
S0208,ARM1,OVRLRESP,SD,84
S0208,ARM1,OVRLRESP,SD,112
S0208,ARM1,OVRLRESP,SD,140
S0208,ARM1,OVRLRESP,SD,168
S0208,ARM1,OVRLRESP,SD,196
S0208,ARM1,OVRLRESP,SD,224
S0208,ARM1,OVRLRESP,SD,252
S0208,ARM1,OVRLRESP,SD,280
S0208,ARM1,OVRLRESP,SD,308
S0208,ARM1,OVRLRESP,SD,336
S0208,ARM1,OVRLRESP,SD,364
S0208,ARM1,OVRLRESP,SD,392
S0208,ARM1,OVRLRESP,PD,420
S0208,ARM1,CBOR,SD,56
S0209,ARM1,OVRLRESP,PR,28
S0209,ARM1,OVRLRESP,CR,56
S0209,ARM1,OVRLRESP,CR,84
S0209,ARM1,OVRLRESP,CR,112
S0209,ARM1,OVRLRESP,CR,140
S0209,ARM1,OVRLRESP,CR,168
S0209,ARM1,OVRLRESP,CR,196
S0209,ARM1,OVRLRESP,CR,224
S0209,ARM1,OVRLRESP,CR,252
S0209,ARM1,OVRLRESP,CR,280
S0209,ARM1,OVRLRESP,CR,308
S0209,ARM1,OVRLRESP,CR,336
S0209,ARM1,OVRLRESP,CR,364
S0209,ARM1,OVRLRESP,CR,392
S0209,ARM1,OVRLRESP,CR,420
S0209,ARM1,OVRLRESP,CR,448
S0209,ARM1,OVRLRESP,CR,476
S0209,ARM1,OVRLRESP,CR,504
S0209,ARM1,OVRLRESP,CR,532
S0209,ARM1,OVRLRESP,CR,560
S0209,ARM1,OVRLRESP,CR,588
S0209,ARM1,OVRLRESP,CR,616
S0209,ARM1,OVRLRESP,CR,644
S0209,ARM1,OVRLRESP,CR,672
S0209,ARM1,OVRLRESP,CR,700
S0209,ARM1,OVRLRESP,CR,728
S0209,ARM1,OVRLRESP,CR,756
S0209,ARM1,OVRLRESP,CR,784
S0209,ARM1,OVRLRESP,CR,812
S0209,ARM1,OVRLRESP,CR,840
S0209,ARM1,OVRLRESP,CR,868
S0209,ARM1,OVRLRESP,CR,896
S0209,ARM1,OVRLRESP,CR,924
S0209,ARM1,OVRLRESP,CR,952
S0209,ARM1,OVRLRESP,CR,980
S0209,ARM1,OVRLRESP,CR,1008
S0209,ARM1,OVRLRESP,CR,1036
S0209,ARM1,OVRLRESP,CR,1064
S0209,ARM1,OVRLRESP,CR,1092
S0209,ARM1,OVRLRESP,CR,1120
S0209,ARM1,OVRLRESP,CR,1148
S0209,ARM1,OVRLRESP,CR,1176
S0209,ARM1,OVRLRESP,CR,1204
S0209,ARM1,OVRLRESP,CR,1232
S0209,ARM1,OVRLRESP,CR,1260
S0209,ARM1,OVRLRESP,CR,1288
S0209,ARM1,OVRLRESP,PR,1316
S0209,ARM1,OVRLRESP,PR,1344
S0209,ARM1,OVRLRESP,PR,1372
S0209,ARM1,OVRLRESP,PR,1400
S0209,ARM1,OVRLRESP,PR,1428
S0209,ARM1,OVRLRESP,PR,1456
S0209,ARM1,OVRLRESP,PR,1484
S0209,ARM1,OVRLRESP,PR,1512
S0209,ARM1,OVRLRESP,PR,1540
S0209,ARM1,OVRLRESP,PR,1568
S0209,ARM1,OVRLRESP,PR,1596
S0209,ARM1,OVRLRESP,PR,1624
S0209,ARM1,OVRLRESP,PR,1652
S0209,ARM1,OVRLRESP,PR,1680
S0209,ARM1,CBOR,CR,56
S0210,ARM1,OVRLRESP,SD,28
S0210,ARM1,OVRLRESP,PR,56
S0210,ARM1,OVRLRESP,PR,84
S0210,ARM1,OVRLRESP,PR,112
S0210,ARM1,OVRLRESP,PR,140
S0210,ARM1,OVRLRESP,PR,168
S0210,ARM1,OVRLRESP,PR,196
S0210,ARM1,OVRLRESP,PR,224
S0210,ARM1,OVRLRESP,PR,252
S0210,ARM1,OVRLRESP,PR,280
S0210,ARM1,OVRLRESP,PR,308
S0210,ARM1,OVRLRESP,PR,336
S0210,ARM1,OVRLRESP,PR,364
S0210,ARM1,OVRLRESP,PR,392
S0210,ARM1,OVRLRESP,PR,420
S0210,ARM1,OVRLRESP,PR,448
S0210,ARM1,OVRLRESP,PR,476
S0210,ARM1,OVRLRESP,PR,504
S0210,ARM1,OVRLRESP,PR,532
S0210,ARM1,OVRLRESP,PR,560
S0210,ARM1,OVRLRESP,PR,588
S0210,ARM1,OVRLRESP,PR,616
S0210,ARM1,OVRLRESP,PR,644
S0210,ARM1,OVRLRESP,PR,672
S0210,ARM1,OVRLRESP,PR,700
S0210,ARM1,OVRLRESP,PR,728
S0210,ARM1,OVRLRESP,PR,756
S0210,ARM1,OVRLRESP,PR,784
S0210,ARM1,OVRLRESP,PD,812
S0210,ARM1,CBOR,PR,56
S0211,ARM1,OVRLRESP,SD,28
S0211,ARM1,OVRLRESP,PR,56
S0211,ARM1,OVRLRESP,PR,84
S0211,ARM1,OVRLRESP,PR,112
S0211,ARM1,OVRLRESP,PR,140
S0211,ARM1,OVRLRESP,PR,168
S0211,ARM1,OVRLRESP,PR,196
S0211,ARM1,OVRLRESP,PR,224
S0211,ARM1,OVRLRESP,PR,252
S0211,ARM1,OVRLRESP,PR,280
S0211,ARM1,OVRLRESP,PR,308
S0211,ARM1,OVRLRESP,PR,336
S0211,ARM1,OVRLRESP,PR,364
S0211,ARM1,OVRLRESP,PR,392
S0211,ARM1,OVRLRESP,PD,420
S0211,ARM1,CBOR,PR,56
S0212,ARM1,OVRLRESP,SD,28
S0212,ARM1,OVRLRESP,PR,56
S0212,ARM1,OVRLRESP,PR,84
S0212,ARM1,OVRLRESP,PR,112
S0212,ARM1,OVRLRESP,PR,140
S0212,ARM1,OVRLRESP,PR,168
S0212,ARM1,OVRLRESP,PR,196
S0212,ARM1,OVRLRESP,PR,224
S0212,ARM1,OVRLRESP,PR,252
S0212,ARM1,OVRLRESP,PR,280
S0212,ARM1,OVRLRESP,PR,308
S0212,ARM1,OVRLRESP,PR,336
S0212,ARM1,OVRLRESP,PR,364
S0212,ARM1,OVRLRESP,PR,392
S0212,ARM1,OVRLRESP,PR,420
S0212,ARM1,OVRLRESP,PR,448
S0212,ARM1,OVRLRESP,PR,476
S0212,ARM1,OVRLRESP,PR,504
S0212,ARM1,OVRLRESP,PR,532
S0212,ARM1,OVRLRESP,PR,560
S0212,ARM1,OVRLRESP,PR,588
S0212,ARM1,OVRLRESP,PR,616
S0212,ARM1,OVRLRESP,PR,644
S0212,ARM1,OVRLRESP,PR,672
S0212,ARM1,OVRLRESP,PR,700
S0212,ARM1,OVRLRESP,PR,728
S0212,ARM1,OVRLRESP,PR,756
S0212,ARM1,OVRLRESP,PR,784
S0212,ARM1,OVRLRESP,PR,812
S0212,ARM1,OVRLRESP,PR,840
S0212,ARM1,OVRLRESP,PR,868
S0212,ARM1,OVRLRESP,PR,896
S0212,ARM1,OVRLRESP,PR,924
S0212,ARM1,OVRLRESP,PR,952
S0212,ARM1,OVRLRESP,PR,980
S0212,ARM1,OVRLRESP,PR,1008
S0212,ARM1,OVRLRESP,PR,1036
S0212,ARM1,OVRLRESP,PR,1064
S0212,ARM1,OVRLRESP,PR,1092
S0212,ARM1,OVRLRESP,PR,1120
S0212,ARM1,OVRLRESP,PR,1148
S0212,ARM1,OVRLRESP,PR,1176
S0212,ARM1,OVRLRESP,PR,1204
S0212,ARM1,OVRLRESP,PR,1232
S0212,ARM1,OVRLRESP,PR,1260
S0212,ARM1,OVRLRESP,PR,1288
S0212,ARM1,OVRLRESP,PR,1316
S0212,ARM1,OVRLRESP,PR,1344
S0212,ARM1,OVRLRESP,PR,1372
S0212,ARM1,OVRLRESP,PR,1400
S0212,ARM1,OVRLRESP,PR,1428
S0212,ARM1,OVRLRESP,PR,1456
S0212,ARM1,OVRLRESP,PR,1484
S0212,ARM1,OVRLRESP,PR,1512
S0212,ARM1,OVRLRESP,PR,1540
S0212,ARM1,CBOR,PR,56
S0216,ARM1,OVRLRESP,SD,28
S0216,ARM1,OVRLRESP,PR,56
S0216,ARM1,OVRLRESP,PR,84
S0216,ARM1,OVRLRESP,PR,112
S0216,ARM1,OVRLRESP,PR,140
S0216,ARM1,OVRLRESP,PR,168
S0216,ARM1,OVRLRESP,PR,196
S0216,ARM1,OVRLRESP,PR,224
S0216,ARM1,OVRLRESP,PR,252
S0216,ARM1,OVRLRESP,PR,280
S0216,ARM1,OVRLRESP,PR,308
S0216,ARM1,OVRLRESP,PR,336
S0216,ARM1,OVRLRESP,PR,364
S0216,ARM1,OVRLRESP,PR,392
S0216,ARM1,OVRLRESP,PR,420
S0216,ARM1,OVRLRESP,PR,448
S0216,ARM1,OVRLRESP,PR,476
S0216,ARM1,OVRLRESP,PR,504
S0216,ARM1,OVRLRESP,PR,532
S0216,ARM1,OVRLRESP,PR,560
S0216,ARM1,OVRLRESP,PR,588
S0216,ARM1,OVRLRESP,PR,616
S0216,ARM1,OVRLRESP,PR,644
S0216,ARM1,OVRLRESP,PR,672
S0216,ARM1,OVRLRESP,PR,700
S0216,ARM1,OVRLRESP,PR,728
S0216,ARM1,OVRLRESP,PR,756
S0216,ARM1,OVRLRESP,PR,784
S0216,ARM1,OVRLRESP,PR,812
S0216,ARM1,OVRLRESP,PR,840
S0216,ARM1,OVRLRESP,PR,868
S0216,ARM1,OVRLRESP,PR,896
S0216,ARM1,OVRLRESP,PR,924
S0216,ARM1,OVRLRESP,PR,952
S0216,ARM1,OVRLRESP,PR,980
S0216,ARM1,OVRLRESP,PR,1008
S0216,ARM1,OVRLRESP,PR,1036
S0216,ARM1,OVRLRESP,PR,1064
S0216,ARM1,OVRLRESP,PR,1092
S0216,ARM1,OVRLRESP,PR,1120
S0216,ARM1,OVRLRESP,PR,1148
S0216,ARM1,OVRLRESP,PR,1176
S0216,ARM1,OVRLRESP,PR,1204
S0216,ARM1,OVRLRESP,PR,1232
S0216,ARM1,OVRLRESP,PR,1260
S0216,ARM1,OVRLRESP,PR,1288
S0216,ARM1,OVRLRESP,PD,1316
S0216,ARM1,CBOR,PR,56
S0217,ARM1,OVRLRESP,PR,28
S0217,ARM1,OVRLRESP,CR,56
S0217,ARM1,OVRLRESP,CR,84
S0217,ARM1,OVRLRESP,CR,112
S0217,ARM1,OVRLRESP,CR,140
S0217,ARM1,OVRLRESP,CR,168
S0217,ARM1,OVRLRESP,CR,196
S0217,ARM1,OVRLRESP,CR,224
S0217,ARM1,OVRLRESP,CR,252
S0217,ARM1,OVRLRESP,CR,280
S0217,ARM1,OVRLRESP,CR,308
S0217,ARM1,OVRLRESP,CR,336
S0217,ARM1,OVRLRESP,CR,364
S0217,ARM1,OVRLRESP,CR,392
S0217,ARM1,OVRLRESP,CR,420
S0217,ARM1,OVRLRESP,CR,448
S0217,ARM1,OVRLRESP,CR,476
S0217,ARM1,OVRLRESP,CR,504
S0217,ARM1,OVRLRESP,CR,532
S0217,ARM1,OVRLRESP,CR,560
S0217,ARM1,OVRLRESP,CR,588
S0217,ARM1,OVRLRESP,CR,616
S0217,ARM1,OVRLRESP,CR,644
S0217,ARM1,OVRLRESP,CR,672
S0217,ARM1,OVRLRESP,CR,700
S0217,ARM1,OVRLRESP,CR,728
S0217,ARM1,OVRLRESP,CR,756
S0217,ARM1,OVRLRESP,CR,784
S0217,ARM1,OVRLRESP,CR,812
S0217,ARM1,OVRLRESP,CR,840
S0217,ARM1,OVRLRESP,CR,868
S0217,ARM1,OVRLRESP,CR,896
S0217,ARM1,OVRLRESP,CR,924
S0217,ARM1,OVRLRESP,CR,952
S0217,ARM1,OVRLRESP,CR,980
S0217,ARM1,OVRLRESP,CR,1008
S0217,ARM1,OVRLRESP,CR,1036
S0217,ARM1,OVRLRESP,CR,1064
S0217,ARM1,OVRLRESP,CR,1092
S0217,ARM1,OVRLRESP,CR,1120
S0217,ARM1,OVRLRESP,CR,1148
S0217,ARM1,OVRLRESP,CR,1176
S0217,ARM1,OVRLRESP,CR,1204
S0217,ARM1,OVRLRESP,CR,1232
S0217,ARM1,OVRLRESP,CR,1260
S0217,ARM1,OVRLRESP,CR,1288
S0217,ARM1,OVRLRESP,CR,1316
S0217,ARM1,OVRLRESP,CR,1344
S0217,ARM1,OVRLRESP,CR,1372
S0217,ARM1,OVRLRESP,CR,1400
S0217,ARM1,OVRLRESP,CR,1428
S0217,ARM1,OVRLRESP,CR,1456
S0217,ARM1,OVRLRESP,CR,1484
S0217,ARM1,OVRLRESP,CR,1512
S0217,ARM1,OVRLRESP,CR,1540
S0217,ARM1,OVRLRESP,CR,1568
S0217,ARM1,OVRLRESP,CR,1596
S0217,ARM1,OVRLRESP,CR,1624
S0217,ARM1,OVRLRESP,CR,1652
S0217,ARM1,OVRLRESP,CR,1680
S0217,ARM1,OVRLRESP,CR,1708
S0217,ARM1,OVRLRESP,CR,1736
S0217,ARM1,OVRLRESP,CR,1764
S0217,ARM1,OVRLRESP,CR,1792
S0217,ARM1,OVRLRESP,CR,1820
S0217,ARM1,OVRLRESP,CR,1848
S0217,ARM1,OVRLRESP,CR,1876
S0217,ARM1,OVRLRESP,CR,1904
S0217,ARM1,OVRLRESP,CR,1932
S0217,ARM1,OVRLRESP,CR,1960
S0217,ARM1,OVRLRESP,CR,1988
S0217,ARM1,OVRLRESP,CR,2016
S0217,ARM1,OVRLRESP,CR,2044
S0217,ARM1,OVRLRESP,CR,2072
S0217,ARM1,OVRLRESP,CR,2100
S0217,ARM1,OVRLRESP,CR,2128
S0217,ARM1,OVRLRESP,CR,2156
S0217,ARM1,OVRLRESP,CR,2184
S0217,ARM1,OVRLRESP,CR,2212
S0217,ARM1,OVRLRESP,CR,2240
S0217,ARM1,OVRLRESP,CR,2268
S0217,ARM1,OVRLRESP,CR,2296
S0217,ARM1,OVRLRESP,CR,2324
S0217,ARM1,OVRLRESP,CR,2352
S0217,ARM1,OVRLRESP,CR,2380
S0217,ARM1,OVRLRESP,CR,2408
S0217,ARM1,OVRLRESP,CR,2436
S0217,ARM1,OVRLRESP,CR,2464
S0217,ARM1,OVRLRESP,CR,2492
S0217,ARM1,OVRLRESP,CR,2520
S0217,ARM1,OVRLRESP,CR,2548
S0217,ARM1,OVRLRESP,CR,2576
S0217,ARM1,OVRLRESP,CR,2604
S0217,ARM1,OVRLRESP,CR,2632
S0217,ARM1,OVRLRESP,CR,2660
S0217,ARM1,OVRLRESP,CR,2688
S0217,ARM1,OVRLRESP,CR,2716
S0217,ARM1,OVRLRESP,CR,2744
S0217,ARM1,OVRLRESP,CR,2772
S0217,ARM1,OVRLRESP,CR,2800
S0217,ARM1,OVRLRESP,CR,2828
S0217,ARM1,OVRLRESP,CR,2856
S0217,ARM1,OVRLRESP,CR,2884
S0217,ARM1,OVRLRESP,CR,2912
S0217,ARM1,OVRLRESP,CR,2940
S0217,ARM1,OVRLRESP,CR,2968
S0217,ARM1,OVRLRESP,CR,2996
S0217,ARM1,OVRLRESP,CR,3024
S0217,ARM1,OVRLRESP,CR,3052
S0217,ARM1,OVRLRESP,CR,3080
S0217,ARM1,CBOR,CR,56
S0219,ARM1,OVRLRESP,SD,28
S0219,ARM1,OVRLRESP,PR,56
S0219,ARM1,OVRLRESP,PR,84
S0219,ARM1,OVRLRESP,PR,112
S0219,ARM1,OVRLRESP,PR,140
S0219,ARM1,OVRLRESP,PR,168
S0219,ARM1,OVRLRESP,PR,196
S0219,ARM1,OVRLRESP,PR,224
S0219,ARM1,OVRLRESP,PR,252
S0219,ARM1,OVRLRESP,PR,280
S0219,ARM1,OVRLRESP,PR,308
S0219,ARM1,OVRLRESP,PR,336
S0219,ARM1,OVRLRESP,PR,364
S0219,ARM1,OVRLRESP,PR,392
S0219,ARM1,OVRLRESP,PR,420
S0219,ARM1,OVRLRESP,PR,448
S0219,ARM1,OVRLRESP,PR,476
S0219,ARM1,OVRLRESP,PR,504
S0219,ARM1,OVRLRESP,PR,532
S0219,ARM1,OVRLRESP,PR,560
S0219,ARM1,OVRLRESP,PR,588
S0219,ARM1,OVRLRESP,PR,616
S0219,ARM1,OVRLRESP,PR,644
S0219,ARM1,OVRLRESP,PR,672
S0219,ARM1,OVRLRESP,PR,700
S0219,ARM1,OVRLRESP,PR,728
S0219,ARM1,OVRLRESP,PR,756
S0219,ARM1,OVRLRESP,PR,784
S0219,ARM1,OVRLRESP,PR,812
S0219,ARM1,OVRLRESP,PR,840
S0219,ARM1,OVRLRESP,PR,868
S0219,ARM1,OVRLRESP,PR,896
S0219,ARM1,OVRLRESP,PR,924
S0219,ARM1,OVRLRESP,PR,952
S0219,ARM1,OVRLRESP,PR,980
S0219,ARM1,OVRLRESP,PR,1008
S0219,ARM1,OVRLRESP,PR,1036
S0219,ARM1,OVRLRESP,PR,1064
S0219,ARM1,OVRLRESP,PR,1092
S0219,ARM1,OVRLRESP,PR,1120
S0219,ARM1,OVRLRESP,PR,1148
S0219,ARM1,OVRLRESP,PR,1176
S0219,ARM1,OVRLRESP,PR,1204
S0219,ARM1,OVRLRESP,PR,1232
S0219,ARM1,OVRLRESP,PR,1260
S0219,ARM1,OVRLRESP,PR,1288
S0219,ARM1,OVRLRESP,PR,1316
S0219,ARM1,OVRLRESP,PR,1344
S0219,ARM1,OVRLRESP,PR,1372
S0219,ARM1,OVRLRESP,PR,1400
S0219,ARM1,OVRLRESP,PR,1428
S0219,ARM1,OVRLRESP,PR,1456
S0219,ARM1,OVRLRESP,PR,1484
S0219,ARM1,OVRLRESP,PR,1512
S0219,ARM1,OVRLRESP,PR,1540
S0219,ARM1,OVRLRESP,PR,1568
S0219,ARM1,OVRLRESP,PR,1596
S0219,ARM1,OVRLRESP,PR,1624
S0219,ARM1,OVRLRESP,PR,1652
S0219,ARM1,OVRLRESP,PR,1680
S0219,ARM1,OVRLRESP,PR,1708
S0219,ARM1,OVRLRESP,PR,1736
S0219,ARM1,CBOR,PR,56
S0220,ARM1,OVRLRESP,PR,28
S0220,ARM1,OVRLRESP,CR,56
S0220,ARM1,OVRLRESP,CR,84
S0220,ARM1,OVRLRESP,CR,112
S0220,ARM1,OVRLRESP,CR,140
S0220,ARM1,OVRLRESP,CR,168
S0220,ARM1,OVRLRESP,CR,196
S0220,ARM1,OVRLRESP,CR,224
S0220,ARM1,OVRLRESP,CR,252
S0220,ARM1,OVRLRESP,CR,280
S0220,ARM1,OVRLRESP,CR,308
S0220,ARM1,OVRLRESP,CR,336
S0220,ARM1,OVRLRESP,CR,364
S0220,ARM1,OVRLRESP,CR,392
S0220,ARM1,OVRLRESP,CR,420
S0220,ARM1,OVRLRESP,CR,448
S0220,ARM1,OVRLRESP,CR,476
S0220,ARM1,OVRLRESP,CR,504
S0220,ARM1,OVRLRESP,CR,532
S0220,ARM1,OVRLRESP,CR,560
S0220,ARM1,OVRLRESP,CR,588
S0220,ARM1,OVRLRESP,CR,616
S0220,ARM1,OVRLRESP,CR,644
S0220,ARM1,OVRLRESP,CR,672
S0220,ARM1,OVRLRESP,CR,700
S0220,ARM1,OVRLRESP,CR,728
S0220,ARM1,OVRLRESP,CR,756
S0220,ARM1,OVRLRESP,CR,784
S0220,ARM1,OVRLRESP,CR,812
S0220,ARM1,OVRLRESP,CR,840
S0220,ARM1,OVRLRESP,CR,868
S0220,ARM1,OVRLRESP,CR,896
S0220,ARM1,OVRLRESP,CR,924
S0220,ARM1,OVRLRESP,CR,952
S0220,ARM1,OVRLRESP,CR,980
S0220,ARM1,OVRLRESP,CR,1008
S0220,ARM1,OVRLRESP,CR,1036
S0220,ARM1,OVRLRESP,CR,1064
S0220,ARM1,OVRLRESP,CR,1092
S0220,ARM1,OVRLRESP,CR,1120
S0220,ARM1,OVRLRESP,CR,1148
S0220,ARM1,OVRLRESP,CR,1176
S0220,ARM1,OVRLRESP,CR,1204
S0220,ARM1,OVRLRESP,CR,1232
S0220,ARM1,OVRLRESP,CR,1260
S0220,ARM1,OVRLRESP,CR,1288
S0220,ARM1,OVRLRESP,CR,1316
S0220,ARM1,OVRLRESP,CR,1344
S0220,ARM1,OVRLRESP,CR,1372
S0220,ARM1,OVRLRESP,CR,1400
S0220,ARM1,OVRLRESP,CR,1428
S0220,ARM1,OVRLRESP,CR,1456
S0220,ARM1,OVRLRESP,CR,1484
S0220,ARM1,OVRLRESP,CR,1512
S0220,ARM1,OVRLRESP,CR,1540
S0220,ARM1,OVRLRESP,CR,1568
S0220,ARM1,OVRLRESP,CR,1596
S0220,ARM1,OVRLRESP,CR,1624
S0220,ARM1,OVRLRESP,CR,1652
S0220,ARM1,OVRLRESP,CR,1680
S0220,ARM1,OVRLRESP,CR,1708
S0220,ARM1,OVRLRESP,CR,1736
S0220,ARM1,OVRLRESP,CR,1764
S0220,ARM1,OVRLRESP,CR,1792
S0220,ARM1,OVRLRESP,CR,1820
S0220,ARM1,OVRLRESP,CR,1848
S0220,ARM1,OVRLRESP,CR,1876
S0220,ARM1,OVRLRESP,CR,1904
S0220,ARM1,OVRLRESP,CR,1932
S0220,ARM1,OVRLRESP,CR,1960
S0220,ARM1,OVRLRESP,CR,1988
S0220,ARM1,OVRLRESP,CR,2016
S0220,ARM1,OVRLRESP,CR,2044
S0220,ARM1,OVRLRESP,CR,2072
S0220,ARM1,OVRLRESP,CR,2100
S0220,ARM1,OVRLRESP,CR,2128
S0220,ARM1,OVRLRESP,PR,2156
S0220,ARM1,OVRLRESP,PR,2184
S0220,ARM1,OVRLRESP,PR,2212
S0220,ARM1,OVRLRESP,PR,2240
S0220,ARM1,OVRLRESP,PR,2268
S0220,ARM1,OVRLRESP,PR,2296
S0220,ARM1,OVRLRESP,PR,2324
S0220,ARM1,OVRLRESP,PR,2352
S0220,ARM1,OVRLRESP,PR,2380
S0220,ARM1,OVRLRESP,PR,2408
S0220,ARM1,OVRLRESP,PR,2436
S0220,ARM1,OVRLRESP,PR,2464
S0220,ARM1,OVRLRESP,PR,2492
S0220,ARM1,OVRLRESP,PR,2520
S0220,ARM1,OVRLRESP,PR,2548
S0220,ARM1,OVRLRESP,PR,2576
S0220,ARM1,OVRLRESP,PR,2604
S0220,ARM1,OVRLRESP,PR,2632
S0220,ARM1,OVRLRESP,PR,2660
S0220,ARM1,OVRLRESP,PR,2688
S0220,ARM1,OVRLRESP,PR,2716
S0220,ARM1,OVRLRESP,PR,2744
S0220,ARM1,OVRLRESP,PR,2772
S0220,ARM1,OVRLRESP,PR,2800
S0220,ARM1,OVRLRESP,PR,2828
S0220,ARM1,OVRLRESP,PR,2856
S0220,ARM1,OVRLRESP,PR,2884
S0220,ARM1,OVRLRESP,PR,2912
S0220,ARM1,OVRLRESP,PR,2940
S0220,ARM1,OVRLRESP,PR,2968
S0220,ARM1,OVRLRESP,PR,2996
S0220,ARM1,OVRLRESP,PR,3024
S0220,ARM1,OVRLRESP,PR,3052
S0220,ARM1,CBOR,CR,56
S0221,ARM1,OVRLRESP,SD,28
S0221,ARM1,OVRLRESP,PR,56
S0221,ARM1,OVRLRESP,PR,84
S0221,ARM1,OVRLRESP,PR,112
S0221,ARM1,OVRLRESP,PR,140
S0221,ARM1,OVRLRESP,PR,168
S0221,ARM1,OVRLRESP,PR,196
S0221,ARM1,OVRLRESP,PR,224
S0221,ARM1,OVRLRESP,PR,252
S0221,ARM1,OVRLRESP,PR,280
S0221,ARM1,OVRLRESP,PR,308
S0221,ARM1,OVRLRESP,PR,336
S0221,ARM1,OVRLRESP,PR,364
S0221,ARM1,OVRLRESP,PR,392
S0221,ARM1,OVRLRESP,PR,420
S0221,ARM1,OVRLRESP,PR,448
S0221,ARM1,OVRLRESP,PR,476
S0221,ARM1,OVRLRESP,PR,504
S0221,ARM1,OVRLRESP,PR,532
S0221,ARM1,OVRLRESP,PR,560
S0221,ARM1,OVRLRESP,PR,588
S0221,ARM1,OVRLRESP,PR,616
S0221,ARM1,OVRLRESP,PR,644
S0221,ARM1,OVRLRESP,PR,672
S0221,ARM1,OVRLRESP,PR,700
S0221,ARM1,OVRLRESP,PR,728
S0221,ARM1,OVRLRESP,PR,756
S0221,ARM1,OVRLRESP,PR,784
S0221,ARM1,OVRLRESP,PR,812
S0221,ARM1,OVRLRESP,PR,840
S0221,ARM1,OVRLRESP,PR,868
S0221,ARM1,OVRLRESP,PR,896
S0221,ARM1,OVRLRESP,PR,924
S0221,ARM1,OVRLRESP,PR,952
S0221,ARM1,OVRLRESP,PR,980
S0221,ARM1,OVRLRESP,PR,1008
S0221,ARM1,OVRLRESP,PR,1036
S0221,ARM1,OVRLRESP,PR,1064
S0221,ARM1,OVRLRESP,PR,1092
S0221,ARM1,OVRLRESP,PR,1120
S0221,ARM1,OVRLRESP,PR,1148
S0221,ARM1,OVRLRESP,PR,1176
S0221,ARM1,OVRLRESP,PR,1204
S0221,ARM1,OVRLRESP,PR,1232
S0221,ARM1,OVRLRESP,PR,1260
S0221,ARM1,OVRLRESP,PR,1288
S0221,ARM1,OVRLRESP,PR,1316
S0221,ARM1,OVRLRESP,PR,1344
S0221,ARM1,OVRLRESP,PR,1372
S0221,ARM1,OVRLRESP,PR,1400
S0221,ARM1,OVRLRESP,PR,1428
S0221,ARM1,OVRLRESP,PR,1456
S0221,ARM1,OVRLRESP,PR,1484
S0221,ARM1,OVRLRESP,PR,1512
S0221,ARM1,OVRLRESP,PR,1540
S0221,ARM1,OVRLRESP,PR,1568
S0221,ARM1,OVRLRESP,PR,1596
S0221,ARM1,OVRLRESP,PR,1624
S0221,ARM1,OVRLRESP,PR,1652
S0221,ARM1,OVRLRESP,PR,1680
S0221,ARM1,OVRLRESP,PR,1708
S0221,ARM1,OVRLRESP,PR,1736
S0221,ARM1,OVRLRESP,PR,1764
S0221,ARM1,OVRLRESP,PR,1792
S0221,ARM1,OVRLRESP,PR,1820
S0221,ARM1,OVRLRESP,PR,1848
S0221,ARM1,OVRLRESP,PR,1876
S0221,ARM1,OVRLRESP,PR,1904
S0221,ARM1,OVRLRESP,PR,1932
S0221,ARM1,OVRLRESP,PR,1960
S0221,ARM1,OVRLRESP,PR,1988
S0221,ARM1,OVRLRESP,PR,2016
S0221,ARM1,OVRLRESP,PR,2044
S0221,ARM1,OVRLRESP,PR,2072
S0221,ARM1,OVRLRESP,PR,2100
S0221,ARM1,OVRLRESP,PR,2128
S0221,ARM1,OVRLRESP,PR,2156
S0221,ARM1,OVRLRESP,PR,2184
S0221,ARM1,OVRLRESP,PR,2212
S0221,ARM1,OVRLRESP,PR,2240
S0221,ARM1,OVRLRESP,PR,2268
S0221,ARM1,OVRLRESP,PR,2296
S0221,ARM1,OVRLRESP,PR,2324
S0221,ARM1,OVRLRESP,PR,2352
S0221,ARM1,OVRLRESP,PR,2380
S0221,ARM1,OVRLRESP,PR,2408
S0221,ARM1,OVRLRESP,PR,2436
S0221,ARM1,OVRLRESP,PR,2464
S0221,ARM1,OVRLRESP,PR,2492
S0221,ARM1,OVRLRESP,PR,2520
S0221,ARM1,OVRLRESP,PR,2548
S0221,ARM1,OVRLRESP,PR,2576
S0221,ARM1,OVRLRESP,PR,2604
S0221,ARM1,OVRLRESP,PR,2632
S0221,ARM1,OVRLRESP,PR,2660
S0221,ARM1,OVRLRESP,PR,2688
S0221,ARM1,OVRLRESP,PR,2716
S0221,ARM1,OVRLRESP,PR,2744
S0221,ARM1,OVRLRESP,PR,2772
S0221,ARM1,OVRLRESP,PR,2800
S0221,ARM1,OVRLRESP,PR,2828
S0221,ARM1,OVRLRESP,PR,2856
S0221,ARM1,OVRLRESP,PR,2884
S0221,ARM1,OVRLRESP,PR,2912
S0221,ARM1,OVRLRESP,PR,2940
S0221,ARM1,OVRLRESP,PR,2968
S0221,ARM1,OVRLRESP,PR,2996
S0221,ARM1,OVRLRESP,PR,3024
S0221,ARM1,OVRLRESP,PR,3052
S0221,ARM1,CBOR,PR,56
S0225,ARM1,OVRLRESP,SD,28
S0225,ARM1,OVRLRESP,CR,56
S0225,ARM1,OVRLRESP,CR,84
S0225,ARM1,OVRLRESP,CR,112
S0225,ARM1,OVRLRESP,CR,140
S0225,ARM1,OVRLRESP,CR,168
S0225,ARM1,OVRLRESP,CR,196
S0225,ARM1,OVRLRESP,CR,224
S0225,ARM1,OVRLRESP,CR,252
S0225,ARM1,OVRLRESP,CR,280
S0225,ARM1,OVRLRESP,CR,308
S0225,ARM1,OVRLRESP,CR,336
S0225,ARM1,OVRLRESP,CR,364
S0225,ARM1,OVRLRESP,CR,392
S0225,ARM1,OVRLRESP,CR,420
S0225,ARM1,OVRLRESP,CR,448
S0225,ARM1,OVRLRESP,CR,476
S0225,ARM1,OVRLRESP,CR,504
S0225,ARM1,OVRLRESP,CR,532
S0225,ARM1,OVRLRESP,CR,560
S0225,ARM1,OVRLRESP,CR,588
S0225,ARM1,OVRLRESP,CR,616
S0225,ARM1,OVRLRESP,CR,644
S0225,ARM1,OVRLRESP,CR,672
S0225,ARM1,OVRLRESP,CR,700
S0225,ARM1,OVRLRESP,CR,728
S0225,ARM1,OVRLRESP,CR,756
S0225,ARM1,OVRLRESP,CR,784
S0225,ARM1,OVRLRESP,CR,812
S0225,ARM1,OVRLRESP,CR,840
S0225,ARM1,OVRLRESP,CR,868
S0225,ARM1,OVRLRESP,CR,896
S0225,ARM1,OVRLRESP,CR,924
S0225,ARM1,OVRLRESP,CR,952
S0225,ARM1,OVRLRESP,CR,980
S0225,ARM1,OVRLRESP,CR,1008
S0225,ARM1,OVRLRESP,CR,1036
S0225,ARM1,OVRLRESP,CR,1064
S0225,ARM1,OVRLRESP,CR,1092
S0225,ARM1,OVRLRESP,CR,1120
S0225,ARM1,OVRLRESP,CR,1148
S0225,ARM1,OVRLRESP,CR,1176
S0225,ARM1,OVRLRESP,CR,1204
S0225,ARM1,OVRLRESP,CR,1232
S0225,ARM1,OVRLRESP,CR,1260
S0225,ARM1,OVRLRESP,CR,1288
S0225,ARM1,OVRLRESP,CR,1316
S0225,ARM1,OVRLRESP,CR,1344
S0225,ARM1,OVRLRESP,CR,1372
S0225,ARM1,OVRLRESP,CR,1400
S0225,ARM1,OVRLRESP,CR,1428
S0225,ARM1,OVRLRESP,CR,1456
S0225,ARM1,OVRLRESP,CR,1484
S0225,ARM1,OVRLRESP,CR,1512
S0225,ARM1,OVRLRESP,CR,1540
S0225,ARM1,OVRLRESP,PR,1568
S0225,ARM1,OVRLRESP,PR,1596
S0225,ARM1,OVRLRESP,PR,1624
S0225,ARM1,OVRLRESP,PR,1652
S0225,ARM1,OVRLRESP,PR,1680
S0225,ARM1,OVRLRESP,PR,1708
S0225,ARM1,OVRLRESP,PR,1736
S0225,ARM1,OVRLRESP,PR,1764
S0225,ARM1,OVRLRESP,PR,1792
S0225,ARM1,OVRLRESP,PR,1820
S0225,ARM1,OVRLRESP,PR,1848
S0225,ARM1,OVRLRESP,PR,1876
S0225,ARM1,OVRLRESP,PR,1904
S0225,ARM1,OVRLRESP,PR,1932
S0225,ARM1,OVRLRESP,PR,1960
S0225,ARM1,OVRLRESP,PR,1988
S0225,ARM1,OVRLRESP,PR,2016
S0225,ARM1,OVRLRESP,PR,2044
S0225,ARM1,OVRLRESP,PR,2072
S0225,ARM1,OVRLRESP,PR,2100
S0225,ARM1,OVRLRESP,PR,2128
S0225,ARM1,OVRLRESP,PR,2156
S0225,ARM1,OVRLRESP,PR,2184
S0225,ARM1,OVRLRESP,PR,2212
S0225,ARM1,OVRLRESP,PR,2240
S0225,ARM1,OVRLRESP,PR,2268
S0225,ARM1,OVRLRESP,PR,2296
S0225,ARM1,OVRLRESP,PR,2324
S0225,ARM1,OVRLRESP,PR,2352
S0225,ARM1,OVRLRESP,PR,2380
S0225,ARM1,OVRLRESP,PR,2408
S0225,ARM1,OVRLRESP,PR,2436
S0225,ARM1,CBOR,CR,56
S0227,ARM1,OVRLRESP,SD,28
S0227,ARM1,OVRLRESP,SD,56
S0227,ARM1,OVRLRESP,SD,84
S0227,ARM1,OVRLRESP,SD,112
S0227,ARM1,OVRLRESP,SD,140
S0227,ARM1,OVRLRESP,SD,168
S0227,ARM1,OVRLRESP,SD,196
S0227,ARM1,OVRLRESP,SD,224
S0227,ARM1,OVRLRESP,SD,252
S0227,ARM1,OVRLRESP,SD,280
S0227,ARM1,OVRLRESP,SD,308
S0227,ARM1,OVRLRESP,SD,336
S0227,ARM1,OVRLRESP,SD,364
S0227,ARM1,OVRLRESP,SD,392
S0227,ARM1,OVRLRESP,SD,420
S0227,ARM1,OVRLRESP,SD,448
S0227,ARM1,OVRLRESP,SD,476
S0227,ARM1,OVRLRESP,SD,504
S0227,ARM1,OVRLRESP,PD,532
S0227,ARM1,CBOR,SD,56
S0228,ARM1,OVRLRESP,PR,28
S0228,ARM1,OVRLRESP,CR,56
S0228,ARM1,OVRLRESP,CR,84
S0228,ARM1,OVRLRESP,CR,112
S0228,ARM1,OVRLRESP,CR,140
S0228,ARM1,OVRLRESP,CR,168
S0228,ARM1,OVRLRESP,CR,196
S0228,ARM1,OVRLRESP,CR,224
S0228,ARM1,OVRLRESP,CR,252
S0228,ARM1,OVRLRESP,CR,280
S0228,ARM1,OVRLRESP,CR,308
S0228,ARM1,OVRLRESP,CR,336
S0228,ARM1,OVRLRESP,CR,364
S0228,ARM1,OVRLRESP,CR,392
S0228,ARM1,OVRLRESP,CR,420
S0228,ARM1,OVRLRESP,CR,448
S0228,ARM1,OVRLRESP,CR,476
S0228,ARM1,OVRLRESP,CR,504
S0228,ARM1,OVRLRESP,CR,532
S0228,ARM1,OVRLRESP,CR,560
S0228,ARM1,OVRLRESP,CR,588
S0228,ARM1,OVRLRESP,CR,616
S0228,ARM1,OVRLRESP,CR,644
S0228,ARM1,OVRLRESP,CR,672
S0228,ARM1,OVRLRESP,CR,700
S0228,ARM1,OVRLRESP,CR,728
S0228,ARM1,OVRLRESP,CR,756
S0228,ARM1,OVRLRESP,CR,784
S0228,ARM1,OVRLRESP,CR,812
S0228,ARM1,OVRLRESP,CR,840
S0228,ARM1,OVRLRESP,CR,868
S0228,ARM1,OVRLRESP,CR,896
S0228,ARM1,OVRLRESP,CR,924
S0228,ARM1,OVRLRESP,CR,952
S0228,ARM1,OVRLRESP,CR,980
S0228,ARM1,OVRLRESP,CR,1008
S0228,ARM1,OVRLRESP,CR,1036
S0228,ARM1,OVRLRESP,CR,1064
S0228,ARM1,OVRLRESP,CR,1092
S0228,ARM1,OVRLRESP,CR,1120
S0228,ARM1,OVRLRESP,CR,1148
S0228,ARM1,OVRLRESP,CR,1176
S0228,ARM1,OVRLRESP,CR,1204
S0228,ARM1,OVRLRESP,CR,1232
S0228,ARM1,OVRLRESP,CR,1260
S0228,ARM1,OVRLRESP,CR,1288
S0228,ARM1,OVRLRESP,CR,1316
S0228,ARM1,OVRLRESP,CR,1344
S0228,ARM1,OVRLRESP,CR,1372
S0228,ARM1,OVRLRESP,CR,1400
S0228,ARM1,OVRLRESP,CR,1428
S0228,ARM1,OVRLRESP,CR,1456
S0228,ARM1,OVRLRESP,CR,1484
S0228,ARM1,OVRLRESP,CR,1512
S0228,ARM1,OVRLRESP,CR,1540
S0228,ARM1,OVRLRESP,CR,1568
S0228,ARM1,OVRLRESP,CR,1596
S0228,ARM1,OVRLRESP,CR,1624
S0228,ARM1,OVRLRESP,CR,1652
S0228,ARM1,OVRLRESP,CR,1680
S0228,ARM1,OVRLRESP,CR,1708
S0228,ARM1,OVRLRESP,CR,1736
S0228,ARM1,OVRLRESP,CR,1764
S0228,ARM1,OVRLRESP,CR,1792
S0228,ARM1,OVRLRESP,CR,1820
S0228,ARM1,OVRLRESP,CR,1848
S0228,ARM1,OVRLRESP,CR,1876
S0228,ARM1,OVRLRESP,CR,1904
S0228,ARM1,OVRLRESP,CR,1932
S0228,ARM1,OVRLRESP,CR,1960
S0228,ARM1,OVRLRESP,CR,1988
S0228,ARM1,OVRLRESP,CR,2016
S0228,ARM1,OVRLRESP,CR,2044
S0228,ARM1,OVRLRESP,CR,2072
S0228,ARM1,OVRLRESP,CR,2100
S0228,ARM1,OVRLRESP,CR,2128
S0228,ARM1,OVRLRESP,CR,2156
S0228,ARM1,OVRLRESP,CR,2184
S0228,ARM1,OVRLRESP,CR,2212
S0228,ARM1,OVRLRESP,CR,2240
S0228,ARM1,OVRLRESP,CR,2268
S0228,ARM1,OVRLRESP,CR,2296
S0228,ARM1,OVRLRESP,CR,2324
S0228,ARM1,OVRLRESP,CR,2352
S0228,ARM1,OVRLRESP,CR,2380
S0228,ARM1,OVRLRESP,CR,2408
S0228,ARM1,OVRLRESP,CR,2436
S0228,ARM1,OVRLRESP,CR,2464
S0228,ARM1,OVRLRESP,CR,2492
S0228,ARM1,OVRLRESP,CR,2520
S0228,ARM1,OVRLRESP,CR,2548
S0228,ARM1,OVRLRESP,CR,2576
S0228,ARM1,OVRLRESP,CR,2604
S0228,ARM1,OVRLRESP,CR,2632
S0228,ARM1,OVRLRESP,CR,2660
S0228,ARM1,OVRLRESP,CR,2688
S0228,ARM1,OVRLRESP,CR,2716
S0228,ARM1,OVRLRESP,CR,2744
S0228,ARM1,OVRLRESP,CR,2772
S0228,ARM1,OVRLRESP,CR,2800
S0228,ARM1,OVRLRESP,CR,2828
S0228,ARM1,OVRLRESP,CR,2856
S0228,ARM1,OVRLRESP,CR,2884
S0228,ARM1,OVRLRESP,CR,2912
S0228,ARM1,OVRLRESP,CR,2940
S0228,ARM1,OVRLRESP,CR,2968
S0228,ARM1,OVRLRESP,CR,2996
S0228,ARM1,OVRLRESP,CR,3024
S0228,ARM1,CBOR,CR,56
S0229,ARM1,OVRLRESP,PR,28
S0229,ARM1,OVRLRESP,CR,56
S0229,ARM1,OVRLRESP,CR,84
S0229,ARM1,OVRLRESP,CR,112
S0229,ARM1,OVRLRESP,CR,140
S0229,ARM1,OVRLRESP,CR,168
S0229,ARM1,OVRLRESP,CR,196
S0229,ARM1,OVRLRESP,PD,224
S0229,ARM1,CBOR,CR,56
S0239,ARM1,OVRLRESP,PD,28
S0239,ARM1,CBOR,PD,28
S0240,ARM1,OVRLRESP,PR,28
S0240,ARM1,OVRLRESP,CR,56
S0240,ARM1,OVRLRESP,CR,84
S0240,ARM1,OVRLRESP,CR,112
S0240,ARM1,OVRLRESP,CR,140
S0240,ARM1,OVRLRESP,CR,168
S0240,ARM1,OVRLRESP,CR,196
S0240,ARM1,OVRLRESP,CR,224
S0240,ARM1,OVRLRESP,CR,252
S0240,ARM1,OVRLRESP,CR,280
S0240,ARM1,OVRLRESP,CR,308
S0240,ARM1,OVRLRESP,CR,336
S0240,ARM1,OVRLRESP,CR,364
S0240,ARM1,OVRLRESP,CR,392
S0240,ARM1,OVRLRESP,CR,420
S0240,ARM1,OVRLRESP,CR,448
S0240,ARM1,OVRLRESP,CR,476
S0240,ARM1,OVRLRESP,CR,504
S0240,ARM1,OVRLRESP,CR,532
S0240,ARM1,OVRLRESP,CR,560
S0240,ARM1,OVRLRESP,CR,588
S0240,ARM1,OVRLRESP,CR,616
S0240,ARM1,OVRLRESP,CR,644
S0240,ARM1,OVRLRESP,CR,672
S0240,ARM1,OVRLRESP,CR,700
S0240,ARM1,OVRLRESP,CR,728
S0240,ARM1,OVRLRESP,CR,756
S0240,ARM1,OVRLRESP,CR,784
S0240,ARM1,OVRLRESP,CR,812
S0240,ARM1,OVRLRESP,CR,840
S0240,ARM1,OVRLRESP,CR,868
S0240,ARM1,OVRLRESP,CR,896
S0240,ARM1,OVRLRESP,CR,924
S0240,ARM1,OVRLRESP,CR,952
S0240,ARM1,OVRLRESP,CR,980
S0240,ARM1,OVRLRESP,CR,1008
S0240,ARM1,OVRLRESP,CR,1036
S0240,ARM1,OVRLRESP,CR,1064
S0240,ARM1,OVRLRESP,CR,1092
S0240,ARM1,OVRLRESP,CR,1120
S0240,ARM1,OVRLRESP,CR,1148
S0240,ARM1,OVRLRESP,CR,1176
S0240,ARM1,OVRLRESP,CR,1204
S0240,ARM1,OVRLRESP,CR,1232
S0240,ARM1,OVRLRESP,CR,1260
S0240,ARM1,OVRLRESP,CR,1288
S0240,ARM1,OVRLRESP,CR,1316
S0240,ARM1,OVRLRESP,CR,1344
S0240,ARM1,OVRLRESP,CR,1372
S0240,ARM1,OVRLRESP,CR,1400
S0240,ARM1,OVRLRESP,CR,1428
S0240,ARM1,OVRLRESP,CR,1456
S0240,ARM1,OVRLRESP,CR,1484
S0240,ARM1,OVRLRESP,CR,1512
S0240,ARM1,OVRLRESP,CR,1540
S0240,ARM1,OVRLRESP,CR,1568
S0240,ARM1,OVRLRESP,CR,1596
S0240,ARM1,OVRLRESP,CR,1624
S0240,ARM1,OVRLRESP,CR,1652
S0240,ARM1,OVRLRESP,CR,1680
S0240,ARM1,OVRLRESP,CR,1708
S0240,ARM1,OVRLRESP,PD,1736
S0240,ARM1,CBOR,CR,56
S0241,ARM1,OVRLRESP,SD,28
S0241,ARM1,OVRLRESP,CR,56
S0241,ARM1,OVRLRESP,CR,84
S0241,ARM1,OVRLRESP,CR,112
S0241,ARM1,OVRLRESP,CR,140
S0241,ARM1,OVRLRESP,CR,168
S0241,ARM1,OVRLRESP,CR,196
S0241,ARM1,OVRLRESP,CR,224
S0241,ARM1,OVRLRESP,CR,252
S0241,ARM1,OVRLRESP,CR,280
S0241,ARM1,OVRLRESP,CR,308
S0241,ARM1,OVRLRESP,CR,336
S0241,ARM1,OVRLRESP,CR,364
S0241,ARM1,OVRLRESP,CR,392
S0241,ARM1,OVRLRESP,CR,420
S0241,ARM1,OVRLRESP,CR,448
S0241,ARM1,OVRLRESP,CR,476
S0241,ARM1,OVRLRESP,CR,504
S0241,ARM1,OVRLRESP,CR,532
S0241,ARM1,OVRLRESP,CR,560
S0241,ARM1,OVRLRESP,CR,588
S0241,ARM1,OVRLRESP,CR,616
S0241,ARM1,OVRLRESP,CR,644
S0241,ARM1,OVRLRESP,CR,672
S0241,ARM1,OVRLRESP,CR,700
S0241,ARM1,OVRLRESP,CR,728
S0241,ARM1,OVRLRESP,CR,756
S0241,ARM1,OVRLRESP,CR,784
S0241,ARM1,OVRLRESP,CR,812
S0241,ARM1,OVRLRESP,CR,840
S0241,ARM1,OVRLRESP,CR,868
S0241,ARM1,OVRLRESP,CR,896
S0241,ARM1,OVRLRESP,CR,924
S0241,ARM1,OVRLRESP,CR,952
S0241,ARM1,OVRLRESP,CR,980
S0241,ARM1,OVRLRESP,CR,1008
S0241,ARM1,OVRLRESP,CR,1036
S0241,ARM1,OVRLRESP,CR,1064
S0241,ARM1,OVRLRESP,CR,1092
S0241,ARM1,OVRLRESP,CR,1120
S0241,ARM1,OVRLRESP,CR,1148
S0241,ARM1,OVRLRESP,CR,1176
S0241,ARM1,OVRLRESP,CR,1204
S0241,ARM1,OVRLRESP,CR,1232
S0241,ARM1,OVRLRESP,CR,1260
S0241,ARM1,OVRLRESP,CR,1288
S0241,ARM1,OVRLRESP,CR,1316
S0241,ARM1,OVRLRESP,CR,1344
S0241,ARM1,OVRLRESP,CR,1372
S0241,ARM1,OVRLRESP,CR,1400
S0241,ARM1,OVRLRESP,CR,1428
S0241,ARM1,OVRLRESP,CR,1456
S0241,ARM1,OVRLRESP,CR,1484
S0241,ARM1,OVRLRESP,CR,1512
S0241,ARM1,OVRLRESP,CR,1540
S0241,ARM1,OVRLRESP,CR,1568
S0241,ARM1,OVRLRESP,CR,1596
S0241,ARM1,OVRLRESP,CR,1624
S0241,ARM1,OVRLRESP,CR,1652
S0241,ARM1,OVRLRESP,CR,1680
S0241,ARM1,OVRLRESP,CR,1708
S0241,ARM1,OVRLRESP,CR,1736
S0241,ARM1,OVRLRESP,CR,1764
S0241,ARM1,OVRLRESP,CR,1792
S0241,ARM1,OVRLRESP,CR,1820
S0241,ARM1,OVRLRESP,CR,1848
S0241,ARM1,OVRLRESP,PR,1876
S0241,ARM1,OVRLRESP,PR,1904
S0241,ARM1,OVRLRESP,PR,1932
S0241,ARM1,OVRLRESP,PR,1960
S0241,ARM1,OVRLRESP,PR,1988
S0241,ARM1,OVRLRESP,PR,2016
S0241,ARM1,OVRLRESP,PR,2044
S0241,ARM1,OVRLRESP,PR,2072
S0241,ARM1,OVRLRESP,PR,2100
S0241,ARM1,OVRLRESP,PR,2128
S0241,ARM1,OVRLRESP,PR,2156
S0241,ARM1,OVRLRESP,PR,2184
S0241,ARM1,OVRLRESP,PR,2212
S0241,ARM1,OVRLRESP,PR,2240
S0241,ARM1,OVRLRESP,PR,2268
S0241,ARM1,OVRLRESP,PR,2296
S0241,ARM1,OVRLRESP,PR,2324
S0241,ARM1,OVRLRESP,PR,2352
S0241,ARM1,CBOR,CR,56
S0242,ARM1,OVRLRESP,SD,28
S0242,ARM1,OVRLRESP,SD,56
S0242,ARM1,OVRLRESP,SD,84
S0242,ARM1,OVRLRESP,SD,112
S0242,ARM1,OVRLRESP,SD,140
S0242,ARM1,OVRLRESP,SD,168
S0242,ARM1,OVRLRESP,SD,196
S0242,ARM1,OVRLRESP,SD,224
S0242,ARM1,OVRLRESP,SD,252
S0242,ARM1,OVRLRESP,SD,280
S0242,ARM1,OVRLRESP,SD,308
S0242,ARM1,OVRLRESP,SD,336
S0242,ARM1,OVRLRESP,SD,364
S0242,ARM1,OVRLRESP,SD,392
S0242,ARM1,OVRLRESP,SD,420
S0242,ARM1,OVRLRESP,SD,448
S0242,ARM1,OVRLRESP,SD,476
S0242,ARM1,OVRLRESP,SD,504
S0242,ARM1,OVRLRESP,SD,532
S0242,ARM1,OVRLRESP,SD,560
S0242,ARM1,OVRLRESP,SD,588
S0242,ARM1,OVRLRESP,SD,616
S0242,ARM1,OVRLRESP,SD,644
S0242,ARM1,OVRLRESP,SD,672
S0242,ARM1,OVRLRESP,SD,700
S0242,ARM1,OVRLRESP,SD,728
S0242,ARM1,OVRLRESP,SD,756
S0242,ARM1,OVRLRESP,SD,784
S0242,ARM1,OVRLRESP,SD,812
S0242,ARM1,OVRLRESP,SD,840
S0242,ARM1,OVRLRESP,SD,868
S0242,ARM1,OVRLRESP,SD,896
S0242,ARM1,OVRLRESP,SD,924
S0242,ARM1,OVRLRESP,SD,952
S0242,ARM1,OVRLRESP,SD,980
S0242,ARM1,OVRLRESP,SD,1008
S0242,ARM1,OVRLRESP,SD,1036
S0242,ARM1,OVRLRESP,SD,1064
S0242,ARM1,OVRLRESP,SD,1092
S0242,ARM1,OVRLRESP,SD,1120
S0242,ARM1,OVRLRESP,SD,1148
S0242,ARM1,OVRLRESP,SD,1176
S0242,ARM1,OVRLRESP,SD,1204
S0242,ARM1,OVRLRESP,SD,1232
S0242,ARM1,OVRLRESP,SD,1260
S0242,ARM1,OVRLRESP,SD,1288
S0242,ARM1,OVRLRESP,SD,1316
S0242,ARM1,OVRLRESP,SD,1344
S0242,ARM1,OVRLRESP,SD,1372
S0242,ARM1,OVRLRESP,SD,1400
S0242,ARM1,OVRLRESP,SD,1428
S0242,ARM1,OVRLRESP,SD,1456
S0242,ARM1,OVRLRESP,SD,1484
S0242,ARM1,OVRLRESP,SD,1512
S0242,ARM1,OVRLRESP,PD,1540
S0242,ARM1,CBOR,SD,56
S0247,ARM1,OVRLRESP,SD,28
S0247,ARM1,OVRLRESP,PR,56
S0247,ARM1,OVRLRESP,PR,84
S0247,ARM1,OVRLRESP,PR,112
S0247,ARM1,OVRLRESP,PR,140
S0247,ARM1,OVRLRESP,PR,168
S0247,ARM1,OVRLRESP,PR,196
S0247,ARM1,OVRLRESP,PD,224
S0247,ARM1,CBOR,PR,56
S0251,ARM1,OVRLRESP,SD,28
S0251,ARM1,OVRLRESP,SD,56
S0251,ARM1,OVRLRESP,SD,84
S0251,ARM1,OVRLRESP,SD,112
S0251,ARM1,OVRLRESP,SD,140
S0251,ARM1,OVRLRESP,SD,168
S0251,ARM1,OVRLRESP,SD,196
S0251,ARM1,OVRLRESP,SD,224
S0251,ARM1,OVRLRESP,SD,252
S0251,ARM1,OVRLRESP,SD,280
S0251,ARM1,OVRLRESP,SD,308
S0251,ARM1,OVRLRESP,SD,336
S0251,ARM1,OVRLRESP,SD,364
S0251,ARM1,OVRLRESP,SD,392
S0251,ARM1,OVRLRESP,SD,420
S0251,ARM1,OVRLRESP,SD,448
S0251,ARM1,OVRLRESP,SD,476
S0251,ARM1,OVRLRESP,SD,504
S0251,ARM1,OVRLRESP,SD,532
S0251,ARM1,OVRLRESP,SD,560
S0251,ARM1,OVRLRESP,SD,588
S0251,ARM1,OVRLRESP,SD,616
S0251,ARM1,OVRLRESP,SD,644
S0251,ARM1,OVRLRESP,SD,672
S0251,ARM1,OVRLRESP,SD,700
S0251,ARM1,OVRLRESP,SD,728
S0251,ARM1,OVRLRESP,SD,756
S0251,ARM1,OVRLRESP,SD,784
S0251,ARM1,OVRLRESP,SD,812
S0251,ARM1,OVRLRESP,SD,840
S0251,ARM1,OVRLRESP,SD,868
S0251,ARM1,OVRLRESP,SD,896
S0251,ARM1,OVRLRESP,SD,924
S0251,ARM1,OVRLRESP,SD,952
S0251,ARM1,OVRLRESP,SD,980
S0251,ARM1,OVRLRESP,SD,1008
S0251,ARM1,OVRLRESP,SD,1036
S0251,ARM1,OVRLRESP,SD,1064
S0251,ARM1,OVRLRESP,SD,1092
S0251,ARM1,OVRLRESP,SD,1120
S0251,ARM1,OVRLRESP,SD,1148
S0251,ARM1,OVRLRESP,SD,1176
S0251,ARM1,OVRLRESP,SD,1204
S0251,ARM1,OVRLRESP,SD,1232
S0251,ARM1,OVRLRESP,SD,1260
S0251,ARM1,OVRLRESP,SD,1288
S0251,ARM1,OVRLRESP,SD,1316
S0251,ARM1,OVRLRESP,SD,1344
S0251,ARM1,OVRLRESP,SD,1372
S0251,ARM1,OVRLRESP,SD,1400
S0251,ARM1,OVRLRESP,SD,1428
S0251,ARM1,OVRLRESP,SD,1456
S0251,ARM1,OVRLRESP,SD,1484
S0251,ARM1,OVRLRESP,SD,1512
S0251,ARM1,OVRLRESP,SD,1540
S0251,ARM1,OVRLRESP,SD,1568
S0251,ARM1,OVRLRESP,SD,1596
S0251,ARM1,OVRLRESP,SD,1624
S0251,ARM1,OVRLRESP,SD,1652
S0251,ARM1,OVRLRESP,SD,1680
S0251,ARM1,OVRLRESP,SD,1708
S0251,ARM1,OVRLRESP,SD,1736
S0251,ARM1,OVRLRESP,SD,1764
S0251,ARM1,OVRLRESP,SD,1792
S0251,ARM1,OVRLRESP,SD,1820
S0251,ARM1,OVRLRESP,SD,1848
S0251,ARM1,OVRLRESP,SD,1876
S0251,ARM1,OVRLRESP,SD,1904
S0251,ARM1,OVRLRESP,SD,1932
S0251,ARM1,OVRLRESP,SD,1960
S0251,ARM1,OVRLRESP,SD,1988
S0251,ARM1,OVRLRESP,SD,2016
S0251,ARM1,OVRLRESP,SD,2044
S0251,ARM1,OVRLRESP,SD,2072
S0251,ARM1,OVRLRESP,SD,2100
S0251,ARM1,OVRLRESP,SD,2128
S0251,ARM1,OVRLRESP,SD,2156
S0251,ARM1,OVRLRESP,SD,2184
S0251,ARM1,OVRLRESP,SD,2212
S0251,ARM1,OVRLRESP,SD,2240
S0251,ARM1,OVRLRESP,SD,2268
S0251,ARM1,OVRLRESP,SD,2296
S0251,ARM1,OVRLRESP,SD,2324
S0251,ARM1,OVRLRESP,SD,2352
S0251,ARM1,OVRLRESP,SD,2380
S0251,ARM1,OVRLRESP,SD,2408
S0251,ARM1,OVRLRESP,SD,2436
S0251,ARM1,OVRLRESP,SD,2464
S0251,ARM1,OVRLRESP,SD,2492
S0251,ARM1,OVRLRESP,SD,2520
S0251,ARM1,OVRLRESP,SD,2548
S0251,ARM1,OVRLRESP,SD,2576
S0251,ARM1,OVRLRESP,SD,2604
S0251,ARM1,OVRLRESP,SD,2632
S0251,ARM1,OVRLRESP,SD,2660
S0251,ARM1,OVRLRESP,SD,2688
S0251,ARM1,OVRLRESP,SD,2716
S0251,ARM1,OVRLRESP,SD,2744
S0251,ARM1,OVRLRESP,SD,2772
S0251,ARM1,OVRLRESP,SD,2800
S0251,ARM1,OVRLRESP,SD,2828
S0251,ARM1,OVRLRESP,SD,2856
S0251,ARM1,OVRLRESP,SD,2884
S0251,ARM1,OVRLRESP,SD,2912
S0251,ARM1,CBOR,SD,56
S0252,ARM1,OVRLRESP,SD,28
S0252,ARM1,OVRLRESP,PR,56
S0252,ARM1,OVRLRESP,PR,84
S0252,ARM1,OVRLRESP,PR,112
S0252,ARM1,OVRLRESP,PR,140
S0252,ARM1,OVRLRESP,PR,168
S0252,ARM1,OVRLRESP,PR,196
S0252,ARM1,OVRLRESP,PR,224
S0252,ARM1,OVRLRESP,PR,252
S0252,ARM1,OVRLRESP,PR,280
S0252,ARM1,OVRLRESP,PR,308
S0252,ARM1,OVRLRESP,PR,336
S0252,ARM1,OVRLRESP,PR,364
S0252,ARM1,OVRLRESP,PR,392
S0252,ARM1,OVRLRESP,PR,420
S0252,ARM1,OVRLRESP,PR,448
S0252,ARM1,OVRLRESP,PR,476
S0252,ARM1,OVRLRESP,PR,504
S0252,ARM1,OVRLRESP,PR,532
S0252,ARM1,OVRLRESP,PR,560
S0252,ARM1,OVRLRESP,PR,588
S0252,ARM1,OVRLRESP,PR,616
S0252,ARM1,OVRLRESP,PR,644
S0252,ARM1,OVRLRESP,PR,672
S0252,ARM1,OVRLRESP,PR,700
S0252,ARM1,OVRLRESP,PR,728
S0252,ARM1,OVRLRESP,PR,756
S0252,ARM1,OVRLRESP,PR,784
S0252,ARM1,OVRLRESP,PR,812
S0252,ARM1,OVRLRESP,PR,840
S0252,ARM1,OVRLRESP,PR,868
S0252,ARM1,OVRLRESP,PR,896
S0252,ARM1,OVRLRESP,PR,924
S0252,ARM1,OVRLRESP,PR,952
S0252,ARM1,OVRLRESP,PR,980
S0252,ARM1,OVRLRESP,PR,1008
S0252,ARM1,OVRLRESP,PR,1036
S0252,ARM1,OVRLRESP,PR,1064
S0252,ARM1,OVRLRESP,PR,1092
S0252,ARM1,OVRLRESP,PR,1120
S0252,ARM1,OVRLRESP,PR,1148
S0252,ARM1,OVRLRESP,PR,1176
S0252,ARM1,OVRLRESP,PR,1204
S0252,ARM1,OVRLRESP,PR,1232
S0252,ARM1,OVRLRESP,PR,1260
S0252,ARM1,OVRLRESP,PR,1288
S0252,ARM1,OVRLRESP,PR,1316
S0252,ARM1,OVRLRESP,PR,1344
S0252,ARM1,OVRLRESP,PR,1372
S0252,ARM1,OVRLRESP,PR,1400
S0252,ARM1,OVRLRESP,PR,1428
S0252,ARM1,OVRLRESP,PR,1456
S0252,ARM1,OVRLRESP,PR,1484
S0252,ARM1,OVRLRESP,PR,1512
S0252,ARM1,OVRLRESP,PR,1540
S0252,ARM1,OVRLRESP,PR,1568
S0252,ARM1,OVRLRESP,PR,1596
S0252,ARM1,OVRLRESP,PR,1624
S0252,ARM1,OVRLRESP,PR,1652
S0252,ARM1,OVRLRESP,PR,1680
S0252,ARM1,OVRLRESP,PR,1708
S0252,ARM1,OVRLRESP,PR,1736
S0252,ARM1,OVRLRESP,PR,1764
S0252,ARM1,OVRLRESP,PR,1792
S0252,ARM1,OVRLRESP,PR,1820
S0252,ARM1,OVRLRESP,PR,1848
S0252,ARM1,OVRLRESP,PR,1876
S0252,ARM1,OVRLRESP,PR,1904
S0252,ARM1,OVRLRESP,PR,1932
S0252,ARM1,OVRLRESP,PR,1960
S0252,ARM1,OVRLRESP,PR,1988
S0252,ARM1,OVRLRESP,PR,2016
S0252,ARM1,OVRLRESP,PR,2044
S0252,ARM1,OVRLRESP,PR,2072
S0252,ARM1,OVRLRESP,PR,2100
S0252,ARM1,OVRLRESP,PR,2128
S0252,ARM1,OVRLRESP,PR,2156
S0252,ARM1,OVRLRESP,PR,2184
S0252,ARM1,OVRLRESP,PR,2212
S0252,ARM1,OVRLRESP,PR,2240
S0252,ARM1,OVRLRESP,PR,2268
S0252,ARM1,OVRLRESP,PR,2296
S0252,ARM1,OVRLRESP,PR,2324
S0252,ARM1,CBOR,PR,56
S0254,ARM1,OVRLRESP,SD,28
S0254,ARM1,OVRLRESP,PR,56
S0254,ARM1,OVRLRESP,PR,84
S0254,ARM1,OVRLRESP,PR,112
S0254,ARM1,OVRLRESP,PR,140
S0254,ARM1,OVRLRESP,PR,168
S0254,ARM1,OVRLRESP,PR,196
S0254,ARM1,OVRLRESP,PR,224
S0254,ARM1,OVRLRESP,PR,252
S0254,ARM1,OVRLRESP,PR,280
S0254,ARM1,OVRLRESP,PR,308
S0254,ARM1,OVRLRESP,PR,336
S0254,ARM1,OVRLRESP,PR,364
S0254,ARM1,OVRLRESP,PR,392
S0254,ARM1,OVRLRESP,PR,420
S0254,ARM1,OVRLRESP,PR,448
S0254,ARM1,OVRLRESP,PR,476
S0254,ARM1,OVRLRESP,PR,504
S0254,ARM1,OVRLRESP,PR,532
S0254,ARM1,OVRLRESP,PR,560
S0254,ARM1,OVRLRESP,PR,588
S0254,ARM1,OVRLRESP,PR,616
S0254,ARM1,OVRLRESP,PR,644
S0254,ARM1,OVRLRESP,PR,672
S0254,ARM1,OVRLRESP,PR,700
S0254,ARM1,OVRLRESP,PR,728
S0254,ARM1,OVRLRESP,PR,756
S0254,ARM1,OVRLRESP,PR,784
S0254,ARM1,OVRLRESP,PR,812
S0254,ARM1,OVRLRESP,PR,840
S0254,ARM1,OVRLRESP,PR,868
S0254,ARM1,OVRLRESP,PR,896
S0254,ARM1,OVRLRESP,PR,924
S0254,ARM1,OVRLRESP,PR,952
S0254,ARM1,OVRLRESP,PR,980
S0254,ARM1,OVRLRESP,PR,1008
S0254,ARM1,OVRLRESP,PR,1036
S0254,ARM1,OVRLRESP,PR,1064
S0254,ARM1,OVRLRESP,PR,1092
S0254,ARM1,OVRLRESP,PR,1120
S0254,ARM1,OVRLRESP,PR,1148
S0254,ARM1,OVRLRESP,PR,1176
S0254,ARM1,OVRLRESP,PR,1204
S0254,ARM1,OVRLRESP,PR,1232
S0254,ARM1,OVRLRESP,PR,1260
S0254,ARM1,OVRLRESP,PR,1288
S0254,ARM1,OVRLRESP,PR,1316
S0254,ARM1,OVRLRESP,PD,1344
S0254,ARM1,CBOR,PR,56
S0260,ARM1,OVRLRESP,SD,28
S0260,ARM1,OVRLRESP,SD,56
S0260,ARM1,OVRLRESP,SD,84
S0260,ARM1,OVRLRESP,SD,112
S0260,ARM1,OVRLRESP,SD,140
S0260,ARM1,OVRLRESP,SD,168
S0260,ARM1,OVRLRESP,SD,196
S0260,ARM1,OVRLRESP,SD,224
S0260,ARM1,OVRLRESP,SD,252
S0260,ARM1,OVRLRESP,SD,280
S0260,ARM1,OVRLRESP,SD,308
S0260,ARM1,OVRLRESP,SD,336
S0260,ARM1,OVRLRESP,SD,364
S0260,ARM1,OVRLRESP,SD,392
S0260,ARM1,OVRLRESP,SD,420
S0260,ARM1,OVRLRESP,SD,448
S0260,ARM1,OVRLRESP,SD,476
S0260,ARM1,OVRLRESP,SD,504
S0260,ARM1,OVRLRESP,SD,532
S0260,ARM1,OVRLRESP,SD,560
S0260,ARM1,OVRLRESP,SD,588
S0260,ARM1,OVRLRESP,SD,616
S0260,ARM1,OVRLRESP,SD,644
S0260,ARM1,OVRLRESP,SD,672
S0260,ARM1,OVRLRESP,SD,700
S0260,ARM1,OVRLRESP,SD,728
S0260,ARM1,OVRLRESP,SD,756
S0260,ARM1,OVRLRESP,SD,784
S0260,ARM1,OVRLRESP,SD,812
S0260,ARM1,OVRLRESP,SD,840
S0260,ARM1,OVRLRESP,SD,868
S0260,ARM1,OVRLRESP,SD,896
S0260,ARM1,OVRLRESP,SD,924
S0260,ARM1,OVRLRESP,SD,952
S0260,ARM1,OVRLRESP,SD,980
S0260,ARM1,OVRLRESP,SD,1008
S0260,ARM1,OVRLRESP,SD,1036
S0260,ARM1,OVRLRESP,SD,1064
S0260,ARM1,OVRLRESP,SD,1092
S0260,ARM1,OVRLRESP,SD,1120
S0260,ARM1,OVRLRESP,SD,1148
S0260,ARM1,OVRLRESP,SD,1176
S0260,ARM1,OVRLRESP,SD,1204
S0260,ARM1,OVRLRESP,PD,1232
S0260,ARM1,CBOR,SD,56
S0262,ARM1,OVRLRESP,SD,28
S0262,ARM1,OVRLRESP,PR,56
S0262,ARM1,OVRLRESP,PR,84
S0262,ARM1,OVRLRESP,PR,112
S0262,ARM1,OVRLRESP,PR,140
S0262,ARM1,OVRLRESP,PR,168
S0262,ARM1,OVRLRESP,PR,196
S0262,ARM1,OVRLRESP,PR,224
S0262,ARM1,OVRLRESP,PR,252
S0262,ARM1,OVRLRESP,PR,280
S0262,ARM1,OVRLRESP,PR,308
S0262,ARM1,OVRLRESP,PR,336
S0262,ARM1,OVRLRESP,PR,364
S0262,ARM1,OVRLRESP,PR,392
S0262,ARM1,OVRLRESP,PR,420
S0262,ARM1,OVRLRESP,PR,448
S0262,ARM1,OVRLRESP,PR,476
S0262,ARM1,OVRLRESP,PR,504
S0262,ARM1,OVRLRESP,PR,532
S0262,ARM1,OVRLRESP,PR,560
S0262,ARM1,OVRLRESP,PR,588
S0262,ARM1,OVRLRESP,PR,616
S0262,ARM1,OVRLRESP,PR,644
S0262,ARM1,OVRLRESP,PR,672
S0262,ARM1,OVRLRESP,PR,700
S0262,ARM1,OVRLRESP,PR,728
S0262,ARM1,OVRLRESP,PR,756
S0262,ARM1,OVRLRESP,PR,784
S0262,ARM1,OVRLRESP,PR,812
S0262,ARM1,OVRLRESP,PR,840
S0262,ARM1,OVRLRESP,PR,868
S0262,ARM1,OVRLRESP,PR,896
S0262,ARM1,OVRLRESP,PR,924
S0262,ARM1,OVRLRESP,PR,952
S0262,ARM1,OVRLRESP,PR,980
S0262,ARM1,OVRLRESP,PR,1008
S0262,ARM1,OVRLRESP,PR,1036
S0262,ARM1,OVRLRESP,PR,1064
S0262,ARM1,OVRLRESP,PR,1092
S0262,ARM1,OVRLRESP,PR,1120
S0262,ARM1,OVRLRESP,PR,1148
S0262,ARM1,OVRLRESP,PR,1176
S0262,ARM1,OVRLRESP,PR,1204
S0262,ARM1,OVRLRESP,PR,1232
S0262,ARM1,OVRLRESP,PR,1260
S0262,ARM1,OVRLRESP,PR,1288
S0262,ARM1,OVRLRESP,PR,1316
S0262,ARM1,OVRLRESP,PR,1344
S0262,ARM1,OVRLRESP,PR,1372
S0262,ARM1,OVRLRESP,PR,1400
S0262,ARM1,OVRLRESP,PR,1428
S0262,ARM1,OVRLRESP,PR,1456
S0262,ARM1,OVRLRESP,PR,1484
S0262,ARM1,OVRLRESP,PR,1512
S0262,ARM1,OVRLRESP,PR,1540
S0262,ARM1,OVRLRESP,PR,1568
S0262,ARM1,OVRLRESP,PR,1596
S0262,ARM1,OVRLRESP,PR,1624
S0262,ARM1,OVRLRESP,PR,1652
S0262,ARM1,OVRLRESP,PR,1680
S0262,ARM1,OVRLRESP,PR,1708
S0262,ARM1,OVRLRESP,PR,1736
S0262,ARM1,OVRLRESP,PR,1764
S0262,ARM1,OVRLRESP,PR,1792
S0262,ARM1,OVRLRESP,PD,1820
S0262,ARM1,CBOR,PR,56
S0263,ARM1,OVRLRESP,PR,28
S0263,ARM1,OVRLRESP,CR,56
S0263,ARM1,OVRLRESP,CR,84
S0263,ARM1,OVRLRESP,CR,112
S0263,ARM1,OVRLRESP,CR,140
S0263,ARM1,OVRLRESP,CR,168
S0263,ARM1,OVRLRESP,CR,196
S0263,ARM1,OVRLRESP,CR,224
S0263,ARM1,OVRLRESP,CR,252
S0263,ARM1,OVRLRESP,CR,280
S0263,ARM1,OVRLRESP,CR,308
S0263,ARM1,OVRLRESP,CR,336
S0263,ARM1,OVRLRESP,CR,364
S0263,ARM1,OVRLRESP,CR,392
S0263,ARM1,OVRLRESP,CR,420
S0263,ARM1,OVRLRESP,CR,448
S0263,ARM1,OVRLRESP,CR,476
S0263,ARM1,OVRLRESP,CR,504
S0263,ARM1,OVRLRESP,CR,532
S0263,ARM1,OVRLRESP,CR,560
S0263,ARM1,OVRLRESP,CR,588
S0263,ARM1,OVRLRESP,CR,616
S0263,ARM1,OVRLRESP,CR,644
S0263,ARM1,OVRLRESP,CR,672
S0263,ARM1,OVRLRESP,CR,700
S0263,ARM1,OVRLRESP,CR,728
S0263,ARM1,OVRLRESP,CR,756
S0263,ARM1,OVRLRESP,CR,784
S0263,ARM1,OVRLRESP,CR,812
S0263,ARM1,OVRLRESP,CR,840
S0263,ARM1,OVRLRESP,PR,868
S0263,ARM1,OVRLRESP,PR,896
S0263,ARM1,OVRLRESP,PR,924
S0263,ARM1,OVRLRESP,PR,952
S0263,ARM1,OVRLRESP,PR,980
S0263,ARM1,OVRLRESP,PR,1008
S0263,ARM1,OVRLRESP,PR,1036
S0263,ARM1,OVRLRESP,PR,1064
S0263,ARM1,OVRLRESP,PR,1092
S0263,ARM1,OVRLRESP,PR,1120
S0263,ARM1,OVRLRESP,PR,1148
S0263,ARM1,OVRLRESP,PR,1176
S0263,ARM1,OVRLRESP,PR,1204
S0263,ARM1,OVRLRESP,PR,1232
S0263,ARM1,OVRLRESP,PR,1260
S0263,ARM1,OVRLRESP,PR,1288
S0263,ARM1,OVRLRESP,PR,1316
S0263,ARM1,OVRLRESP,PR,1344
S0263,ARM1,OVRLRESP,PR,1372
S0263,ARM1,OVRLRESP,PR,1400
S0263,ARM1,OVRLRESP,PR,1428
S0263,ARM1,OVRLRESP,PR,1456
S0263,ARM1,OVRLRESP,PR,1484
S0263,ARM1,OVRLRESP,PR,1512
S0263,ARM1,OVRLRESP,PR,1540
S0263,ARM1,OVRLRESP,PR,1568
S0263,ARM1,OVRLRESP,PR,1596
S0263,ARM1,OVRLRESP,PR,1624
S0263,ARM1,OVRLRESP,PR,1652
S0263,ARM1,OVRLRESP,PR,1680
S0263,ARM1,OVRLRESP,PR,1708
S0263,ARM1,OVRLRESP,PR,1736
S0263,ARM1,OVRLRESP,PR,1764
S0263,ARM1,OVRLRESP,PR,1792
S0263,ARM1,OVRLRESP,PR,1820
S0263,ARM1,OVRLRESP,PR,1848
S0263,ARM1,OVRLRESP,PR,1876
S0263,ARM1,OVRLRESP,PR,1904
S0263,ARM1,OVRLRESP,PR,1932
S0263,ARM1,OVRLRESP,PR,1960
S0263,ARM1,OVRLRESP,PR,1988
S0263,ARM1,OVRLRESP,PR,2016
S0263,ARM1,OVRLRESP,PR,2044
S0263,ARM1,OVRLRESP,PR,2072
S0263,ARM1,OVRLRESP,PR,2100
S0263,ARM1,OVRLRESP,PR,2128
S0263,ARM1,OVRLRESP,PR,2156
S0263,ARM1,OVRLRESP,PR,2184
S0263,ARM1,OVRLRESP,PR,2212
S0263,ARM1,OVRLRESP,PR,2240
S0263,ARM1,OVRLRESP,PR,2268
S0263,ARM1,OVRLRESP,PR,2296
S0263,ARM1,OVRLRESP,PR,2324
S0263,ARM1,OVRLRESP,PR,2352
S0263,ARM1,OVRLRESP,PR,2380
S0263,ARM1,OVRLRESP,PR,2408
S0263,ARM1,OVRLRESP,PR,2436
S0263,ARM1,OVRLRESP,PR,2464
S0263,ARM1,OVRLRESP,PR,2492
S0263,ARM1,OVRLRESP,PR,2520
S0263,ARM1,OVRLRESP,PR,2548
S0263,ARM1,OVRLRESP,PR,2576
S0263,ARM1,OVRLRESP,PR,2604
S0263,ARM1,OVRLRESP,PR,2632
S0263,ARM1,OVRLRESP,PR,2660
S0263,ARM1,OVRLRESP,PR,2688
S0263,ARM1,OVRLRESP,PR,2716
S0263,ARM1,OVRLRESP,PR,2744
S0263,ARM1,OVRLRESP,PR,2772
S0263,ARM1,OVRLRESP,PR,2800
S0263,ARM1,OVRLRESP,PR,2828
S0263,ARM1,OVRLRESP,PR,2856
S0263,ARM1,CBOR,CR,56
S0264,ARM1,OVRLRESP,SD,28
S0264,ARM1,OVRLRESP,CR,56
S0264,ARM1,OVRLRESP,CR,84
S0264,ARM1,OVRLRESP,CR,112
S0264,ARM1,OVRLRESP,CR,140
S0264,ARM1,OVRLRESP,CR,168
S0264,ARM1,OVRLRESP,CR,196
S0264,ARM1,OVRLRESP,CR,224
S0264,ARM1,OVRLRESP,CR,252
S0264,ARM1,OVRLRESP,CR,280
S0264,ARM1,OVRLRESP,CR,308
S0264,ARM1,OVRLRESP,CR,336
S0264,ARM1,OVRLRESP,CR,364
S0264,ARM1,OVRLRESP,CR,392
S0264,ARM1,OVRLRESP,CR,420
S0264,ARM1,OVRLRESP,CR,448
S0264,ARM1,OVRLRESP,CR,476
S0264,ARM1,OVRLRESP,CR,504
S0264,ARM1,OVRLRESP,CR,532
S0264,ARM1,OVRLRESP,PR,560
S0264,ARM1,OVRLRESP,PR,588
S0264,ARM1,OVRLRESP,PR,616
S0264,ARM1,OVRLRESP,PR,644
S0264,ARM1,OVRLRESP,PR,672
S0264,ARM1,OVRLRESP,PR,700
S0264,ARM1,OVRLRESP,PR,728
S0264,ARM1,OVRLRESP,PR,756
S0264,ARM1,OVRLRESP,PR,784
S0264,ARM1,OVRLRESP,PR,812
S0264,ARM1,OVRLRESP,PR,840
S0264,ARM1,OVRLRESP,PR,868
S0264,ARM1,OVRLRESP,PR,896
S0264,ARM1,OVRLRESP,PR,924
S0264,ARM1,OVRLRESP,PR,952
S0264,ARM1,OVRLRESP,PR,980
S0264,ARM1,OVRLRESP,PR,1008
S0264,ARM1,OVRLRESP,PR,1036
S0264,ARM1,OVRLRESP,PR,1064
S0264,ARM1,OVRLRESP,PR,1092
S0264,ARM1,OVRLRESP,PR,1120
S0264,ARM1,OVRLRESP,PR,1148
S0264,ARM1,OVRLRESP,PR,1176
S0264,ARM1,OVRLRESP,PR,1204
S0264,ARM1,OVRLRESP,PR,1232
S0264,ARM1,OVRLRESP,PR,1260
S0264,ARM1,OVRLRESP,PR,1288
S0264,ARM1,OVRLRESP,PR,1316
S0264,ARM1,OVRLRESP,PR,1344
S0264,ARM1,OVRLRESP,PR,1372
S0264,ARM1,OVRLRESP,PR,1400
S0264,ARM1,OVRLRESP,PR,1428
S0264,ARM1,OVRLRESP,PR,1456
S0264,ARM1,OVRLRESP,PR,1484
S0264,ARM1,OVRLRESP,PR,1512
S0264,ARM1,OVRLRESP,PR,1540
S0264,ARM1,OVRLRESP,PR,1568
S0264,ARM1,OVRLRESP,PR,1596
S0264,ARM1,OVRLRESP,PR,1624
S0264,ARM1,OVRLRESP,PR,1652
S0264,ARM1,OVRLRESP,PR,1680
S0264,ARM1,CBOR,CR,56
S0265,ARM1,OVRLRESP,PR,28
S0265,ARM1,OVRLRESP,CR,56
S0265,ARM1,OVRLRESP,CR,84
S0265,ARM1,OVRLRESP,CR,112
S0265,ARM1,OVRLRESP,CR,140
S0265,ARM1,OVRLRESP,CR,168
S0265,ARM1,OVRLRESP,CR,196
S0265,ARM1,OVRLRESP,CR,224
S0265,ARM1,OVRLRESP,CR,252
S0265,ARM1,OVRLRESP,CR,280
S0265,ARM1,OVRLRESP,CR,308
S0265,ARM1,OVRLRESP,CR,336
S0265,ARM1,OVRLRESP,CR,364
S0265,ARM1,OVRLRESP,CR,392
S0265,ARM1,OVRLRESP,CR,420
S0265,ARM1,OVRLRESP,CR,448
S0265,ARM1,OVRLRESP,CR,476
S0265,ARM1,OVRLRESP,CR,504
S0265,ARM1,OVRLRESP,CR,532
S0265,ARM1,OVRLRESP,CR,560
S0265,ARM1,OVRLRESP,CR,588
S0265,ARM1,OVRLRESP,CR,616
S0265,ARM1,OVRLRESP,CR,644
S0265,ARM1,OVRLRESP,CR,672
S0265,ARM1,OVRLRESP,CR,700
S0265,ARM1,OVRLRESP,CR,728
S0265,ARM1,OVRLRESP,CR,756
S0265,ARM1,OVRLRESP,CR,784
S0265,ARM1,OVRLRESP,CR,812
S0265,ARM1,OVRLRESP,CR,840
S0265,ARM1,OVRLRESP,CR,868
S0265,ARM1,OVRLRESP,CR,896
S0265,ARM1,OVRLRESP,CR,924
S0265,ARM1,OVRLRESP,CR,952
S0265,ARM1,OVRLRESP,CR,980
S0265,ARM1,OVRLRESP,CR,1008
S0265,ARM1,OVRLRESP,CR,1036
S0265,ARM1,OVRLRESP,CR,1064
S0265,ARM1,OVRLRESP,CR,1092
S0265,ARM1,OVRLRESP,CR,1120
S0265,ARM1,OVRLRESP,CR,1148
S0265,ARM1,OVRLRESP,CR,1176
S0265,ARM1,OVRLRESP,CR,1204
S0265,ARM1,OVRLRESP,CR,1232
S0265,ARM1,OVRLRESP,CR,1260
S0265,ARM1,OVRLRESP,CR,1288
S0265,ARM1,OVRLRESP,CR,1316
S0265,ARM1,OVRLRESP,CR,1344
S0265,ARM1,OVRLRESP,CR,1372
S0265,ARM1,OVRLRESP,CR,1400
S0265,ARM1,OVRLRESP,CR,1428
S0265,ARM1,OVRLRESP,CR,1456
S0265,ARM1,OVRLRESP,CR,1484
S0265,ARM1,OVRLRESP,CR,1512
S0265,ARM1,OVRLRESP,CR,1540
S0265,ARM1,OVRLRESP,CR,1568
S0265,ARM1,OVRLRESP,CR,1596
S0265,ARM1,OVRLRESP,CR,1624
S0265,ARM1,OVRLRESP,CR,1652
S0265,ARM1,OVRLRESP,CR,1680
S0265,ARM1,OVRLRESP,CR,1708
S0265,ARM1,OVRLRESP,CR,1736
S0265,ARM1,OVRLRESP,CR,1764
S0265,ARM1,OVRLRESP,CR,1792
S0265,ARM1,OVRLRESP,CR,1820
S0265,ARM1,OVRLRESP,CR,1848
S0265,ARM1,OVRLRESP,CR,1876
S0265,ARM1,OVRLRESP,CR,1904
S0265,ARM1,OVRLRESP,CR,1932
S0265,ARM1,OVRLRESP,CR,1960
S0265,ARM1,OVRLRESP,CR,1988
S0265,ARM1,OVRLRESP,CR,2016
S0265,ARM1,OVRLRESP,CR,2044
S0265,ARM1,OVRLRESP,CR,2072
S0265,ARM1,OVRLRESP,CR,2100
S0265,ARM1,OVRLRESP,CR,2128
S0265,ARM1,OVRLRESP,CR,2156
S0265,ARM1,OVRLRESP,CR,2184
S0265,ARM1,OVRLRESP,CR,2212
S0265,ARM1,OVRLRESP,CR,2240
S0265,ARM1,OVRLRESP,CR,2268
S0265,ARM1,OVRLRESP,CR,2296
S0265,ARM1,OVRLRESP,CR,2324
S0265,ARM1,OVRLRESP,CR,2352
S0265,ARM1,OVRLRESP,CR,2380
S0265,ARM1,OVRLRESP,CR,2408
S0265,ARM1,OVRLRESP,CR,2436
S0265,ARM1,OVRLRESP,CR,2464
S0265,ARM1,OVRLRESP,CR,2492
S0265,ARM1,OVRLRESP,CR,2520
S0265,ARM1,OVRLRESP,CR,2548
S0265,ARM1,OVRLRESP,CR,2576
S0265,ARM1,OVRLRESP,CR,2604
S0265,ARM1,OVRLRESP,CR,2632
S0265,ARM1,OVRLRESP,CR,2660
S0265,ARM1,OVRLRESP,CR,2688
S0265,ARM1,OVRLRESP,CR,2716
S0265,ARM1,OVRLRESP,CR,2744
S0265,ARM1,OVRLRESP,CR,2772
S0265,ARM1,OVRLRESP,CR,2800
S0265,ARM1,OVRLRESP,CR,2828
S0265,ARM1,CBOR,CR,56
S0266,ARM1,OVRLRESP,SD,28
S0266,ARM1,OVRLRESP,CR,56
S0266,ARM1,OVRLRESP,CR,84
S0266,ARM1,OVRLRESP,CR,112
S0266,ARM1,OVRLRESP,CR,140
S0266,ARM1,OVRLRESP,CR,168
S0266,ARM1,OVRLRESP,CR,196
S0266,ARM1,OVRLRESP,CR,224
S0266,ARM1,OVRLRESP,CR,252
S0266,ARM1,OVRLRESP,CR,280
S0266,ARM1,OVRLRESP,CR,308
S0266,ARM1,OVRLRESP,CR,336
S0266,ARM1,OVRLRESP,CR,364
S0266,ARM1,OVRLRESP,CR,392
S0266,ARM1,OVRLRESP,CR,420
S0266,ARM1,OVRLRESP,CR,448
S0266,ARM1,OVRLRESP,CR,476
S0266,ARM1,OVRLRESP,CR,504
S0266,ARM1,OVRLRESP,CR,532
S0266,ARM1,OVRLRESP,CR,560
S0266,ARM1,OVRLRESP,CR,588
S0266,ARM1,OVRLRESP,CR,616
S0266,ARM1,OVRLRESP,CR,644
S0266,ARM1,OVRLRESP,CR,672
S0266,ARM1,OVRLRESP,CR,700
S0266,ARM1,OVRLRESP,CR,728
S0266,ARM1,OVRLRESP,CR,756
S0266,ARM1,OVRLRESP,CR,784
S0266,ARM1,OVRLRESP,CR,812
S0266,ARM1,OVRLRESP,CR,840
S0266,ARM1,OVRLRESP,CR,868
S0266,ARM1,OVRLRESP,CR,896
S0266,ARM1,OVRLRESP,CR,924
S0266,ARM1,OVRLRESP,CR,952
S0266,ARM1,OVRLRESP,CR,980
S0266,ARM1,OVRLRESP,CR,1008
S0266,ARM1,OVRLRESP,CR,1036
S0266,ARM1,OVRLRESP,CR,1064
S0266,ARM1,OVRLRESP,CR,1092
S0266,ARM1,OVRLRESP,CR,1120
S0266,ARM1,OVRLRESP,CR,1148
S0266,ARM1,OVRLRESP,CR,1176
S0266,ARM1,OVRLRESP,CR,1204
S0266,ARM1,OVRLRESP,CR,1232
S0266,ARM1,OVRLRESP,CR,1260
S0266,ARM1,OVRLRESP,CR,1288
S0266,ARM1,OVRLRESP,CR,1316
S0266,ARM1,OVRLRESP,CR,1344
S0266,ARM1,OVRLRESP,PR,1372
S0266,ARM1,OVRLRESP,PR,1400
S0266,ARM1,OVRLRESP,PR,1428
S0266,ARM1,OVRLRESP,PR,1456
S0266,ARM1,OVRLRESP,PR,1484
S0266,ARM1,OVRLRESP,PR,1512
S0266,ARM1,OVRLRESP,PR,1540
S0266,ARM1,OVRLRESP,PR,1568
S0266,ARM1,OVRLRESP,PR,1596
S0266,ARM1,OVRLRESP,PR,1624
S0266,ARM1,OVRLRESP,PR,1652
S0266,ARM1,OVRLRESP,PR,1680
S0266,ARM1,OVRLRESP,PR,1708
S0266,ARM1,OVRLRESP,PR,1736
S0266,ARM1,OVRLRESP,PR,1764
S0266,ARM1,OVRLRESP,PR,1792
S0266,ARM1,OVRLRESP,PR,1820
S0266,ARM1,OVRLRESP,PR,1848
S0266,ARM1,OVRLRESP,PR,1876
S0266,ARM1,CBOR,CR,56
S0268,ARM1,OVRLRESP,SD,28
S0268,ARM1,OVRLRESP,PR,56
S0268,ARM1,OVRLRESP,PR,84
S0268,ARM1,OVRLRESP,PR,112
S0268,ARM1,OVRLRESP,PR,140
S0268,ARM1,OVRLRESP,PR,168
S0268,ARM1,OVRLRESP,PR,196
S0268,ARM1,OVRLRESP,PR,224
S0268,ARM1,OVRLRESP,PR,252
S0268,ARM1,OVRLRESP,PR,280
S0268,ARM1,OVRLRESP,PR,308
S0268,ARM1,OVRLRESP,PR,336
S0268,ARM1,OVRLRESP,PR,364
S0268,ARM1,OVRLRESP,PR,392
S0268,ARM1,OVRLRESP,PR,420
S0268,ARM1,OVRLRESP,PR,448
S0268,ARM1,OVRLRESP,PR,476
S0268,ARM1,OVRLRESP,PR,504
S0268,ARM1,OVRLRESP,PR,532
S0268,ARM1,OVRLRESP,PR,560
S0268,ARM1,OVRLRESP,PR,588
S0268,ARM1,OVRLRESP,PR,616
S0268,ARM1,OVRLRESP,PR,644
S0268,ARM1,OVRLRESP,PR,672
S0268,ARM1,OVRLRESP,PR,700
S0268,ARM1,OVRLRESP,PR,728
S0268,ARM1,OVRLRESP,PR,756
S0268,ARM1,OVRLRESP,PR,784
S0268,ARM1,OVRLRESP,PR,812
S0268,ARM1,OVRLRESP,PR,840
S0268,ARM1,OVRLRESP,PR,868
S0268,ARM1,OVRLRESP,PR,896
S0268,ARM1,OVRLRESP,PR,924
S0268,ARM1,OVRLRESP,PR,952
S0268,ARM1,OVRLRESP,PR,980
S0268,ARM1,OVRLRESP,PR,1008
S0268,ARM1,OVRLRESP,PR,1036
S0268,ARM1,OVRLRESP,PR,1064
S0268,ARM1,OVRLRESP,PR,1092
S0268,ARM1,OVRLRESP,PR,1120
S0268,ARM1,OVRLRESP,PR,1148
S0268,ARM1,OVRLRESP,PR,1176
S0268,ARM1,OVRLRESP,PR,1204
S0268,ARM1,OVRLRESP,PR,1232
S0268,ARM1,OVRLRESP,PR,1260
S0268,ARM1,OVRLRESP,PR,1288
S0268,ARM1,OVRLRESP,PR,1316
S0268,ARM1,OVRLRESP,PR,1344
S0268,ARM1,OVRLRESP,PR,1372
S0268,ARM1,OVRLRESP,PR,1400
S0268,ARM1,OVRLRESP,PR,1428
S0268,ARM1,OVRLRESP,PR,1456
S0268,ARM1,OVRLRESP,PR,1484
S0268,ARM1,OVRLRESP,PR,1512
S0268,ARM1,OVRLRESP,PR,1540
S0268,ARM1,OVRLRESP,PR,1568
S0268,ARM1,OVRLRESP,PR,1596
S0268,ARM1,OVRLRESP,PR,1624
S0268,ARM1,OVRLRESP,PR,1652
S0268,ARM1,OVRLRESP,PR,1680
S0268,ARM1,OVRLRESP,PR,1708
S0268,ARM1,OVRLRESP,PR,1736
S0268,ARM1,OVRLRESP,PR,1764
S0268,ARM1,OVRLRESP,PR,1792
S0268,ARM1,OVRLRESP,PR,1820
S0268,ARM1,OVRLRESP,PR,1848
S0268,ARM1,OVRLRESP,PR,1876
S0268,ARM1,OVRLRESP,PR,1904
S0268,ARM1,OVRLRESP,PR,1932
S0268,ARM1,OVRLRESP,PR,1960
S0268,ARM1,OVRLRESP,PR,1988
S0268,ARM1,OVRLRESP,PR,2016
S0268,ARM1,OVRLRESP,PR,2044
S0268,ARM1,OVRLRESP,PR,2072
S0268,ARM1,OVRLRESP,PR,2100
S0268,ARM1,OVRLRESP,PR,2128
S0268,ARM1,OVRLRESP,PR,2156
S0268,ARM1,OVRLRESP,PR,2184
S0268,ARM1,OVRLRESP,PR,2212
S0268,ARM1,OVRLRESP,PR,2240
S0268,ARM1,OVRLRESP,PR,2268
S0268,ARM1,OVRLRESP,PR,2296
S0268,ARM1,OVRLRESP,PR,2324
S0268,ARM1,OVRLRESP,PR,2352
S0268,ARM1,OVRLRESP,PR,2380
S0268,ARM1,OVRLRESP,PR,2408
S0268,ARM1,OVRLRESP,PR,2436
S0268,ARM1,OVRLRESP,PR,2464
S0268,ARM1,OVRLRESP,PR,2492
S0268,ARM1,OVRLRESP,PR,2520
S0268,ARM1,OVRLRESP,PR,2548
S0268,ARM1,OVRLRESP,PR,2576
S0268,ARM1,OVRLRESP,PR,2604
S0268,ARM1,OVRLRESP,PR,2632
S0268,ARM1,OVRLRESP,PR,2660
S0268,ARM1,OVRLRESP,PR,2688
S0268,ARM1,OVRLRESP,PR,2716
S0268,ARM1,OVRLRESP,PR,2744
S0268,ARM1,OVRLRESP,PR,2772
S0268,ARM1,OVRLRESP,PR,2800
S0268,ARM1,CBOR,PR,56
S0271,ARM1,OVRLRESP,SD,28
S0271,ARM1,OVRLRESP,PR,56
S0271,ARM1,OVRLRESP,PR,84
S0271,ARM1,OVRLRESP,PR,112
S0271,ARM1,OVRLRESP,PR,140
S0271,ARM1,OVRLRESP,PR,168
S0271,ARM1,OVRLRESP,PR,196
S0271,ARM1,OVRLRESP,PR,224
S0271,ARM1,OVRLRESP,PR,252
S0271,ARM1,OVRLRESP,PR,280
S0271,ARM1,OVRLRESP,PR,308
S0271,ARM1,OVRLRESP,PR,336
S0271,ARM1,OVRLRESP,PR,364
S0271,ARM1,OVRLRESP,PR,392
S0271,ARM1,OVRLRESP,PR,420
S0271,ARM1,OVRLRESP,PR,448
S0271,ARM1,OVRLRESP,PR,476
S0271,ARM1,OVRLRESP,PR,504
S0271,ARM1,OVRLRESP,PR,532
S0271,ARM1,OVRLRESP,PR,560
S0271,ARM1,OVRLRESP,PR,588
S0271,ARM1,OVRLRESP,PR,616
S0271,ARM1,OVRLRESP,PR,644
S0271,ARM1,OVRLRESP,PR,672
S0271,ARM1,OVRLRESP,PR,700
S0271,ARM1,OVRLRESP,PR,728
S0271,ARM1,OVRLRESP,PR,756
S0271,ARM1,OVRLRESP,PR,784
S0271,ARM1,OVRLRESP,PR,812
S0271,ARM1,OVRLRESP,PR,840
S0271,ARM1,OVRLRESP,PR,868
S0271,ARM1,OVRLRESP,PR,896
S0271,ARM1,OVRLRESP,PR,924
S0271,ARM1,OVRLRESP,PR,952
S0271,ARM1,OVRLRESP,PR,980
S0271,ARM1,OVRLRESP,PR,1008
S0271,ARM1,OVRLRESP,PR,1036
S0271,ARM1,OVRLRESP,PR,1064
S0271,ARM1,OVRLRESP,PR,1092
S0271,ARM1,OVRLRESP,PR,1120
S0271,ARM1,OVRLRESP,PR,1148
S0271,ARM1,OVRLRESP,PR,1176
S0271,ARM1,OVRLRESP,PR,1204
S0271,ARM1,OVRLRESP,PR,1232
S0271,ARM1,OVRLRESP,PR,1260
S0271,ARM1,OVRLRESP,PR,1288
S0271,ARM1,OVRLRESP,PR,1316
S0271,ARM1,OVRLRESP,PR,1344
S0271,ARM1,OVRLRESP,PR,1372
S0271,ARM1,OVRLRESP,PR,1400
S0271,ARM1,OVRLRESP,PR,1428
S0271,ARM1,OVRLRESP,PR,1456
S0271,ARM1,OVRLRESP,PR,1484
S0271,ARM1,OVRLRESP,PR,1512
S0271,ARM1,OVRLRESP,PR,1540
S0271,ARM1,OVRLRESP,PR,1568
S0271,ARM1,OVRLRESP,PR,1596
S0271,ARM1,OVRLRESP,PR,1624
S0271,ARM1,OVRLRESP,PR,1652
S0271,ARM1,OVRLRESP,PR,1680
S0271,ARM1,OVRLRESP,PR,1708
S0271,ARM1,OVRLRESP,PR,1736
S0271,ARM1,OVRLRESP,PR,1764
S0271,ARM1,OVRLRESP,PR,1792
S0271,ARM1,OVRLRESP,PR,1820
S0271,ARM1,OVRLRESP,PR,1848
S0271,ARM1,OVRLRESP,PR,1876
S0271,ARM1,OVRLRESP,PR,1904
S0271,ARM1,OVRLRESP,PR,1932
S0271,ARM1,OVRLRESP,PR,1960
S0271,ARM1,OVRLRESP,PR,1988
S0271,ARM1,OVRLRESP,PR,2016
S0271,ARM1,OVRLRESP,PR,2044
S0271,ARM1,OVRLRESP,PR,2072
S0271,ARM1,OVRLRESP,PR,2100
S0271,ARM1,OVRLRESP,PR,2128
S0271,ARM1,OVRLRESP,PR,2156
S0271,ARM1,OVRLRESP,PR,2184
S0271,ARM1,OVRLRESP,PR,2212
S0271,ARM1,OVRLRESP,PR,2240
S0271,ARM1,OVRLRESP,PR,2268
S0271,ARM1,OVRLRESP,PR,2296
S0271,ARM1,OVRLRESP,PR,2324
S0271,ARM1,OVRLRESP,PR,2352
S0271,ARM1,OVRLRESP,PR,2380
S0271,ARM1,OVRLRESP,PR,2408
S0271,ARM1,OVRLRESP,PR,2436
S0271,ARM1,OVRLRESP,PR,2464
S0271,ARM1,OVRLRESP,PR,2492
S0271,ARM1,OVRLRESP,PR,2520
S0271,ARM1,OVRLRESP,PR,2548
S0271,ARM1,OVRLRESP,PR,2576
S0271,ARM1,OVRLRESP,PR,2604
S0271,ARM1,OVRLRESP,PR,2632
S0271,ARM1,OVRLRESP,PR,2660
S0271,ARM1,OVRLRESP,PR,2688
S0271,ARM1,OVRLRESP,PR,2716
S0271,ARM1,OVRLRESP,PR,2744
S0271,ARM1,OVRLRESP,PR,2772
S0271,ARM1,OVRLRESP,PR,2800
S0271,ARM1,CBOR,PR,56
S0273,ARM1,OVRLRESP,SD,28
S0273,ARM1,OVRLRESP,PR,56
S0273,ARM1,OVRLRESP,PR,84
S0273,ARM1,OVRLRESP,PR,112
S0273,ARM1,OVRLRESP,PR,140
S0273,ARM1,OVRLRESP,PD,168
S0273,ARM1,CBOR,PR,56
S0283,ARM1,OVRLRESP,SD,28
S0283,ARM1,OVRLRESP,SD,56
S0283,ARM1,OVRLRESP,SD,84
S0283,ARM1,OVRLRESP,SD,112
S0283,ARM1,OVRLRESP,SD,140
S0283,ARM1,OVRLRESP,SD,168
S0283,ARM1,OVRLRESP,SD,196
S0283,ARM1,OVRLRESP,SD,224
S0283,ARM1,OVRLRESP,SD,252
S0283,ARM1,OVRLRESP,SD,280
S0283,ARM1,OVRLRESP,SD,308
S0283,ARM1,OVRLRESP,SD,336
S0283,ARM1,OVRLRESP,SD,364
S0283,ARM1,OVRLRESP,SD,392
S0283,ARM1,OVRLRESP,SD,420
S0283,ARM1,OVRLRESP,SD,448
S0283,ARM1,OVRLRESP,SD,476
S0283,ARM1,OVRLRESP,SD,504
S0283,ARM1,OVRLRESP,SD,532
S0283,ARM1,OVRLRESP,SD,560
S0283,ARM1,OVRLRESP,SD,588
S0283,ARM1,OVRLRESP,SD,616
S0283,ARM1,OVRLRESP,SD,644
S0283,ARM1,OVRLRESP,SD,672
S0283,ARM1,OVRLRESP,SD,700
S0283,ARM1,OVRLRESP,SD,728
S0283,ARM1,OVRLRESP,SD,756
S0283,ARM1,OVRLRESP,SD,784
S0283,ARM1,OVRLRESP,SD,812
S0283,ARM1,OVRLRESP,SD,840
S0283,ARM1,OVRLRESP,SD,868
S0283,ARM1,OVRLRESP,SD,896
S0283,ARM1,OVRLRESP,SD,924
S0283,ARM1,OVRLRESP,SD,952
S0283,ARM1,OVRLRESP,SD,980
S0283,ARM1,OVRLRESP,SD,1008
S0283,ARM1,OVRLRESP,SD,1036
S0283,ARM1,OVRLRESP,SD,1064
S0283,ARM1,OVRLRESP,SD,1092
S0283,ARM1,OVRLRESP,SD,1120
S0283,ARM1,OVRLRESP,SD,1148
S0283,ARM1,OVRLRESP,SD,1176
S0283,ARM1,OVRLRESP,SD,1204
S0283,ARM1,OVRLRESP,SD,1232
S0283,ARM1,OVRLRESP,SD,1260
S0283,ARM1,OVRLRESP,SD,1288
S0283,ARM1,OVRLRESP,SD,1316
S0283,ARM1,OVRLRESP,SD,1344
S0283,ARM1,OVRLRESP,SD,1372
S0283,ARM1,OVRLRESP,SD,1400
S0283,ARM1,OVRLRESP,SD,1428
S0283,ARM1,OVRLRESP,SD,1456
S0283,ARM1,OVRLRESP,SD,1484
S0283,ARM1,OVRLRESP,SD,1512
S0283,ARM1,OVRLRESP,SD,1540
S0283,ARM1,OVRLRESP,SD,1568
S0283,ARM1,OVRLRESP,SD,1596
S0283,ARM1,OVRLRESP,SD,1624
S0283,ARM1,OVRLRESP,SD,1652
S0283,ARM1,OVRLRESP,PD,1680
S0283,ARM1,CBOR,SD,56
S0286,ARM1,OVRLRESP,PR,28
S0286,ARM1,OVRLRESP,CR,56
S0286,ARM1,OVRLRESP,CR,84
S0286,ARM1,OVRLRESP,CR,112
S0286,ARM1,OVRLRESP,CR,140
S0286,ARM1,OVRLRESP,CR,168
S0286,ARM1,OVRLRESP,CR,196
S0286,ARM1,OVRLRESP,CR,224
S0286,ARM1,OVRLRESP,CR,252
S0286,ARM1,OVRLRESP,CR,280
S0286,ARM1,OVRLRESP,CR,308
S0286,ARM1,OVRLRESP,CR,336
S0286,ARM1,OVRLRESP,CR,364
S0286,ARM1,OVRLRESP,CR,392
S0286,ARM1,OVRLRESP,CR,420
S0286,ARM1,OVRLRESP,CR,448
S0286,ARM1,OVRLRESP,CR,476
S0286,ARM1,OVRLRESP,CR,504
S0286,ARM1,OVRLRESP,CR,532
S0286,ARM1,OVRLRESP,CR,560
S0286,ARM1,OVRLRESP,CR,588
S0286,ARM1,OVRLRESP,CR,616
S0286,ARM1,OVRLRESP,CR,644
S0286,ARM1,OVRLRESP,CR,672
S0286,ARM1,OVRLRESP,CR,700
S0286,ARM1,OVRLRESP,CR,728
S0286,ARM1,OVRLRESP,CR,756
S0286,ARM1,OVRLRESP,CR,784
S0286,ARM1,OVRLRESP,CR,812
S0286,ARM1,OVRLRESP,CR,840
S0286,ARM1,OVRLRESP,CR,868
S0286,ARM1,OVRLRESP,CR,896
S0286,ARM1,OVRLRESP,CR,924
S0286,ARM1,OVRLRESP,CR,952
S0286,ARM1,OVRLRESP,CR,980
S0286,ARM1,OVRLRESP,CR,1008
S0286,ARM1,OVRLRESP,CR,1036
S0286,ARM1,OVRLRESP,CR,1064
S0286,ARM1,OVRLRESP,CR,1092
S0286,ARM1,OVRLRESP,CR,1120
S0286,ARM1,OVRLRESP,CR,1148
S0286,ARM1,OVRLRESP,CR,1176
S0286,ARM1,OVRLRESP,CR,1204
S0286,ARM1,OVRLRESP,CR,1232
S0286,ARM1,OVRLRESP,CR,1260
S0286,ARM1,OVRLRESP,CR,1288
S0286,ARM1,OVRLRESP,CR,1316
S0286,ARM1,OVRLRESP,PR,1344
S0286,ARM1,OVRLRESP,PR,1372
S0286,ARM1,OVRLRESP,PR,1400
S0286,ARM1,OVRLRESP,PR,1428
S0286,ARM1,OVRLRESP,PR,1456
S0286,ARM1,OVRLRESP,PR,1484
S0286,ARM1,OVRLRESP,PR,1512
S0286,ARM1,OVRLRESP,PR,1540
S0286,ARM1,OVRLRESP,PR,1568
S0286,ARM1,OVRLRESP,PR,1596
S0286,ARM1,OVRLRESP,PR,1624
S0286,ARM1,OVRLRESP,PR,1652
S0286,ARM1,OVRLRESP,PR,1680
S0286,ARM1,OVRLRESP,PR,1708
S0286,ARM1,OVRLRESP,PR,1736
S0286,ARM1,OVRLRESP,PR,1764
S0286,ARM1,OVRLRESP,PR,1792
S0286,ARM1,OVRLRESP,PR,1820
S0286,ARM1,OVRLRESP,PR,1848
S0286,ARM1,OVRLRESP,PR,1876
S0286,ARM1,OVRLRESP,PR,1904
S0286,ARM1,OVRLRESP,PR,1932
S0286,ARM1,OVRLRESP,PR,1960
S0286,ARM1,OVRLRESP,PR,1988
S0286,ARM1,OVRLRESP,PR,2016
S0286,ARM1,OVRLRESP,PR,2044
S0286,ARM1,OVRLRESP,PR,2072
S0286,ARM1,OVRLRESP,PR,2100
S0286,ARM1,OVRLRESP,PR,2128
S0286,ARM1,OVRLRESP,PR,2156
S0286,ARM1,OVRLRESP,PR,2184
S0286,ARM1,OVRLRESP,PR,2212
S0286,ARM1,OVRLRESP,PR,2240
S0286,ARM1,OVRLRESP,PR,2268
S0286,ARM1,OVRLRESP,PR,2296
S0286,ARM1,OVRLRESP,PR,2324
S0286,ARM1,OVRLRESP,PR,2352
S0286,ARM1,OVRLRESP,PR,2380
S0286,ARM1,OVRLRESP,PR,2408
S0286,ARM1,CBOR,CR,56
S0288,ARM1,OVRLRESP,SD,28
S0288,ARM1,OVRLRESP,CR,56
S0288,ARM1,OVRLRESP,CR,84
S0288,ARM1,OVRLRESP,CR,112
S0288,ARM1,OVRLRESP,CR,140
S0288,ARM1,OVRLRESP,CR,168
S0288,ARM1,OVRLRESP,CR,196
S0288,ARM1,OVRLRESP,CR,224
S0288,ARM1,OVRLRESP,CR,252
S0288,ARM1,CBOR,CR,56
S0289,ARM1,OVRLRESP,SD,28
S0289,ARM1,OVRLRESP,PR,56
S0289,ARM1,OVRLRESP,PR,84
S0289,ARM1,OVRLRESP,PD,112
S0289,ARM1,CBOR,PR,56
S0290,ARM1,OVRLRESP,PR,28
S0290,ARM1,OVRLRESP,CR,56
S0290,ARM1,OVRLRESP,CR,84
S0290,ARM1,OVRLRESP,CR,112
S0290,ARM1,OVRLRESP,CR,140
S0290,ARM1,OVRLRESP,CR,168
S0290,ARM1,OVRLRESP,CR,196
S0290,ARM1,OVRLRESP,CR,224
S0290,ARM1,CBOR,CR,56
S0291,ARM1,OVRLRESP,SD,28
S0291,ARM1,OVRLRESP,PR,56
S0291,ARM1,OVRLRESP,PR,84
S0291,ARM1,OVRLRESP,PR,112
S0291,ARM1,OVRLRESP,PR,140
S0291,ARM1,OVRLRESP,PR,168
S0291,ARM1,OVRLRESP,PR,196
S0291,ARM1,OVRLRESP,PD,224
S0291,ARM1,CBOR,PR,56
S0292,ARM1,OVRLRESP,SD,28
S0292,ARM1,OVRLRESP,CR,56
S0292,ARM1,OVRLRESP,CR,84
S0292,ARM1,OVRLRESP,CR,112
S0292,ARM1,OVRLRESP,CR,140
S0292,ARM1,OVRLRESP,CR,168
S0292,ARM1,OVRLRESP,CR,196
S0292,ARM1,OVRLRESP,CR,224
S0292,ARM1,OVRLRESP,CR,252
S0292,ARM1,OVRLRESP,CR,280
S0292,ARM1,OVRLRESP,CR,308
S0292,ARM1,OVRLRESP,CR,336
S0292,ARM1,OVRLRESP,CR,364
S0292,ARM1,OVRLRESP,CR,392
S0292,ARM1,OVRLRESP,CR,420
S0292,ARM1,OVRLRESP,CR,448
S0292,ARM1,OVRLRESP,CR,476
S0292,ARM1,OVRLRESP,CR,504
S0292,ARM1,OVRLRESP,CR,532
S0292,ARM1,OVRLRESP,CR,560
S0292,ARM1,OVRLRESP,CR,588
S0292,ARM1,OVRLRESP,CR,616
S0292,ARM1,OVRLRESP,CR,644
S0292,ARM1,OVRLRESP,CR,672
S0292,ARM1,OVRLRESP,CR,700
S0292,ARM1,OVRLRESP,CR,728
S0292,ARM1,OVRLRESP,CR,756
S0292,ARM1,OVRLRESP,CR,784
S0292,ARM1,OVRLRESP,CR,812
S0292,ARM1,OVRLRESP,CR,840
S0292,ARM1,OVRLRESP,CR,868
S0292,ARM1,OVRLRESP,CR,896
S0292,ARM1,OVRLRESP,CR,924
S0292,ARM1,OVRLRESP,CR,952
S0292,ARM1,OVRLRESP,CR,980
S0292,ARM1,OVRLRESP,CR,1008
S0292,ARM1,OVRLRESP,CR,1036
S0292,ARM1,OVRLRESP,CR,1064
S0292,ARM1,OVRLRESP,CR,1092
S0292,ARM1,OVRLRESP,CR,1120
S0292,ARM1,OVRLRESP,CR,1148
S0292,ARM1,OVRLRESP,CR,1176
S0292,ARM1,OVRLRESP,CR,1204
S0292,ARM1,OVRLRESP,CR,1232
S0292,ARM1,OVRLRESP,CR,1260
S0292,ARM1,OVRLRESP,CR,1288
S0292,ARM1,OVRLRESP,CR,1316
S0292,ARM1,OVRLRESP,CR,1344
S0292,ARM1,OVRLRESP,CR,1372
S0292,ARM1,OVRLRESP,CR,1400
S0292,ARM1,OVRLRESP,CR,1428
S0292,ARM1,OVRLRESP,CR,1456
S0292,ARM1,OVRLRESP,CR,1484
S0292,ARM1,OVRLRESP,CR,1512
S0292,ARM1,OVRLRESP,CR,1540
S0292,ARM1,OVRLRESP,CR,1568
S0292,ARM1,OVRLRESP,CR,1596
S0292,ARM1,OVRLRESP,CR,1624
S0292,ARM1,OVRLRESP,CR,1652
S0292,ARM1,OVRLRESP,CR,1680
S0292,ARM1,OVRLRESP,CR,1708
S0292,ARM1,OVRLRESP,CR,1736
S0292,ARM1,OVRLRESP,CR,1764
S0292,ARM1,OVRLRESP,CR,1792
S0292,ARM1,OVRLRESP,CR,1820
S0292,ARM1,OVRLRESP,CR,1848
S0292,ARM1,OVRLRESP,CR,1876
S0292,ARM1,OVRLRESP,CR,1904
S0292,ARM1,OVRLRESP,CR,1932
S0292,ARM1,OVRLRESP,CR,1960
S0292,ARM1,OVRLRESP,CR,1988
S0292,ARM1,OVRLRESP,CR,2016
S0292,ARM1,OVRLRESP,CR,2044
S0292,ARM1,OVRLRESP,CR,2072
S0292,ARM1,OVRLRESP,CR,2100
S0292,ARM1,OVRLRESP,CR,2128
S0292,ARM1,OVRLRESP,CR,2156
S0292,ARM1,OVRLRESP,CR,2184
S0292,ARM1,OVRLRESP,CR,2212
S0292,ARM1,OVRLRESP,CR,2240
S0292,ARM1,OVRLRESP,CR,2268
S0292,ARM1,OVRLRESP,CR,2296
S0292,ARM1,OVRLRESP,CR,2324
S0292,ARM1,OVRLRESP,CR,2352
S0292,ARM1,OVRLRESP,CR,2380
S0292,ARM1,OVRLRESP,CR,2408
S0292,ARM1,OVRLRESP,CR,2436
S0292,ARM1,OVRLRESP,CR,2464
S0292,ARM1,OVRLRESP,CR,2492
S0292,ARM1,OVRLRESP,CR,2520
S0292,ARM1,OVRLRESP,CR,2548
S0292,ARM1,OVRLRESP,CR,2576
S0292,ARM1,OVRLRESP,CR,2604
S0292,ARM1,OVRLRESP,CR,2632
S0292,ARM1,OVRLRESP,CR,2660
S0292,ARM1,OVRLRESP,CR,2688
S0292,ARM1,CBOR,CR,56
S0293,ARM1,OVRLRESP,PR,28
S0293,ARM1,OVRLRESP,CR,56
S0293,ARM1,OVRLRESP,CR,84
S0293,ARM1,OVRLRESP,CR,112
S0293,ARM1,OVRLRESP,CR,140
S0293,ARM1,OVRLRESP,CR,168
S0293,ARM1,OVRLRESP,CR,196
S0293,ARM1,OVRLRESP,CR,224
S0293,ARM1,OVRLRESP,CR,252
S0293,ARM1,OVRLRESP,CR,280
S0293,ARM1,OVRLRESP,CR,308
S0293,ARM1,OVRLRESP,CR,336
S0293,ARM1,OVRLRESP,CR,364
S0293,ARM1,OVRLRESP,CR,392
S0293,ARM1,OVRLRESP,CR,420
S0293,ARM1,OVRLRESP,CR,448
S0293,ARM1,OVRLRESP,CR,476
S0293,ARM1,OVRLRESP,CR,504
S0293,ARM1,OVRLRESP,CR,532
S0293,ARM1,OVRLRESP,CR,560
S0293,ARM1,OVRLRESP,CR,588
S0293,ARM1,OVRLRESP,CR,616
S0293,ARM1,OVRLRESP,CR,644
S0293,ARM1,OVRLRESP,CR,672
S0293,ARM1,OVRLRESP,CR,700
S0293,ARM1,OVRLRESP,CR,728
S0293,ARM1,OVRLRESP,CR,756
S0293,ARM1,OVRLRESP,CR,784
S0293,ARM1,OVRLRESP,CR,812
S0293,ARM1,OVRLRESP,CR,840
S0293,ARM1,OVRLRESP,CR,868
S0293,ARM1,OVRLRESP,PD,896
S0293,ARM1,CBOR,CR,56
S0297,ARM1,OVRLRESP,PD,28
S0297,ARM1,CBOR,PD,28
S0303,ARM1,OVRLRESP,SD,28
S0303,ARM1,OVRLRESP,PR,56
S0303,ARM1,OVRLRESP,PR,84
S0303,ARM1,OVRLRESP,PD,112
S0303,ARM1,CBOR,PR,56
S0304,ARM1,OVRLRESP,SD,28
S0304,ARM1,OVRLRESP,PR,56
S0304,ARM1,OVRLRESP,PR,84
S0304,ARM1,OVRLRESP,PR,112
S0304,ARM1,OVRLRESP,PR,140
S0304,ARM1,OVRLRESP,PR,168
S0304,ARM1,OVRLRESP,PR,196
S0304,ARM1,OVRLRESP,PR,224
S0304,ARM1,OVRLRESP,PR,252
S0304,ARM1,OVRLRESP,PR,280
S0304,ARM1,OVRLRESP,PR,308
S0304,ARM1,OVRLRESP,PR,336
S0304,ARM1,OVRLRESP,PR,364
S0304,ARM1,OVRLRESP,PR,392
S0304,ARM1,OVRLRESP,PR,420
S0304,ARM1,OVRLRESP,PR,448
S0304,ARM1,OVRLRESP,PR,476
S0304,ARM1,OVRLRESP,PR,504
S0304,ARM1,OVRLRESP,PR,532
S0304,ARM1,OVRLRESP,PR,560
S0304,ARM1,OVRLRESP,PR,588
S0304,ARM1,OVRLRESP,PR,616
S0304,ARM1,OVRLRESP,PR,644
S0304,ARM1,OVRLRESP,PR,672
S0304,ARM1,OVRLRESP,PR,700
S0304,ARM1,OVRLRESP,PR,728
S0304,ARM1,OVRLRESP,PR,756
S0304,ARM1,OVRLRESP,PR,784
S0304,ARM1,OVRLRESP,PR,812
S0304,ARM1,OVRLRESP,PR,840
S0304,ARM1,OVRLRESP,PR,868
S0304,ARM1,OVRLRESP,PR,896
S0304,ARM1,OVRLRESP,PR,924
S0304,ARM1,OVRLRESP,PR,952
S0304,ARM1,OVRLRESP,PR,980
S0304,ARM1,OVRLRESP,PR,1008
S0304,ARM1,OVRLRESP,PR,1036
S0304,ARM1,OVRLRESP,PR,1064
S0304,ARM1,OVRLRESP,PR,1092
S0304,ARM1,OVRLRESP,PR,1120
S0304,ARM1,OVRLRESP,PR,1148
S0304,ARM1,OVRLRESP,PR,1176
S0304,ARM1,OVRLRESP,PR,1204
S0304,ARM1,OVRLRESP,PR,1232
S0304,ARM1,OVRLRESP,PR,1260
S0304,ARM1,OVRLRESP,PR,1288
S0304,ARM1,OVRLRESP,PR,1316
S0304,ARM1,OVRLRESP,PR,1344
S0304,ARM1,OVRLRESP,PR,1372
S0304,ARM1,OVRLRESP,PR,1400
S0304,ARM1,OVRLRESP,PR,1428
S0304,ARM1,OVRLRESP,PR,1456
S0304,ARM1,OVRLRESP,PR,1484
S0304,ARM1,OVRLRESP,PR,1512
S0304,ARM1,OVRLRESP,PR,1540
S0304,ARM1,OVRLRESP,PR,1568
S0304,ARM1,OVRLRESP,PR,1596
S0304,ARM1,OVRLRESP,PR,1624
S0304,ARM1,OVRLRESP,PR,1652
S0304,ARM1,OVRLRESP,PR,1680
S0304,ARM1,OVRLRESP,PR,1708
S0304,ARM1,OVRLRESP,PR,1736
S0304,ARM1,OVRLRESP,PR,1764
S0304,ARM1,OVRLRESP,PR,1792
S0304,ARM1,OVRLRESP,PR,1820
S0304,ARM1,OVRLRESP,PR,1848
S0304,ARM1,OVRLRESP,PR,1876
S0304,ARM1,OVRLRESP,PR,1904
S0304,ARM1,OVRLRESP,PR,1932
S0304,ARM1,OVRLRESP,PR,1960
S0304,ARM1,OVRLRESP,PR,1988
S0304,ARM1,OVRLRESP,PR,2016
S0304,ARM1,OVRLRESP,PR,2044
S0304,ARM1,OVRLRESP,PR,2072
S0304,ARM1,OVRLRESP,PR,2100
S0304,ARM1,OVRLRESP,PR,2128
S0304,ARM1,OVRLRESP,PR,2156
S0304,ARM1,OVRLRESP,PR,2184
S0304,ARM1,OVRLRESP,PR,2212
S0304,ARM1,OVRLRESP,PR,2240
S0304,ARM1,OVRLRESP,PR,2268
S0304,ARM1,OVRLRESP,PR,2296
S0304,ARM1,OVRLRESP,PR,2324
S0304,ARM1,OVRLRESP,PR,2352
S0304,ARM1,OVRLRESP,PR,2380
S0304,ARM1,OVRLRESP,PR,2408
S0304,ARM1,OVRLRESP,PR,2436
S0304,ARM1,OVRLRESP,PR,2464
S0304,ARM1,OVRLRESP,PR,2492
S0304,ARM1,OVRLRESP,PR,2520
S0304,ARM1,OVRLRESP,PR,2548
S0304,ARM1,OVRLRESP,PR,2576
S0304,ARM1,OVRLRESP,PR,2604
S0304,ARM1,OVRLRESP,PR,2632
S0304,ARM1,OVRLRESP,PR,2660
S0304,ARM1,CBOR,PR,56
S0306,ARM1,OVRLRESP,SD,28
S0306,ARM1,OVRLRESP,PR,56
S0306,ARM1,OVRLRESP,PR,84
S0306,ARM1,OVRLRESP,PR,112
S0306,ARM1,OVRLRESP,PR,140
S0306,ARM1,OVRLRESP,PR,168
S0306,ARM1,OVRLRESP,PR,196
S0306,ARM1,OVRLRESP,PR,224
S0306,ARM1,OVRLRESP,PR,252
S0306,ARM1,OVRLRESP,PR,280
S0306,ARM1,OVRLRESP,PR,308
S0306,ARM1,OVRLRESP,PR,336
S0306,ARM1,OVRLRESP,PR,364
S0306,ARM1,OVRLRESP,PR,392
S0306,ARM1,OVRLRESP,PR,420
S0306,ARM1,OVRLRESP,PR,448
S0306,ARM1,OVRLRESP,PR,476
S0306,ARM1,OVRLRESP,PR,504
S0306,ARM1,OVRLRESP,PR,532
S0306,ARM1,OVRLRESP,PR,560
S0306,ARM1,OVRLRESP,PR,588
S0306,ARM1,CBOR,PR,56
S0310,ARM1,OVRLRESP,PR,28
S0310,ARM1,OVRLRESP,CR,56
S0310,ARM1,OVRLRESP,CR,84
S0310,ARM1,OVRLRESP,CR,112
S0310,ARM1,OVRLRESP,CR,140
S0310,ARM1,OVRLRESP,CR,168
S0310,ARM1,OVRLRESP,CR,196
S0310,ARM1,OVRLRESP,CR,224
S0310,ARM1,OVRLRESP,CR,252
S0310,ARM1,OVRLRESP,CR,280
S0310,ARM1,OVRLRESP,CR,308
S0310,ARM1,OVRLRESP,CR,336
S0310,ARM1,OVRLRESP,CR,364
S0310,ARM1,OVRLRESP,CR,392
S0310,ARM1,OVRLRESP,CR,420
S0310,ARM1,OVRLRESP,CR,448
S0310,ARM1,OVRLRESP,CR,476
S0310,ARM1,OVRLRESP,PD,504
S0310,ARM1,CBOR,CR,56
S0311,ARM1,OVRLRESP,SD,28
S0311,ARM1,OVRLRESP,PR,56
S0311,ARM1,OVRLRESP,PR,84
S0311,ARM1,OVRLRESP,PR,112
S0311,ARM1,OVRLRESP,PR,140
S0311,ARM1,OVRLRESP,PR,168
S0311,ARM1,OVRLRESP,PR,196
S0311,ARM1,OVRLRESP,PR,224
S0311,ARM1,OVRLRESP,PR,252
S0311,ARM1,OVRLRESP,PR,280
S0311,ARM1,OVRLRESP,PR,308
S0311,ARM1,OVRLRESP,PR,336
S0311,ARM1,OVRLRESP,PR,364
S0311,ARM1,OVRLRESP,PR,392
S0311,ARM1,OVRLRESP,PR,420
S0311,ARM1,OVRLRESP,PR,448
S0311,ARM1,OVRLRESP,PR,476
S0311,ARM1,OVRLRESP,PR,504
S0311,ARM1,OVRLRESP,PR,532
S0311,ARM1,OVRLRESP,PR,560
S0311,ARM1,OVRLRESP,PR,588
S0311,ARM1,OVRLRESP,PR,616
S0311,ARM1,OVRLRESP,PR,644
S0311,ARM1,OVRLRESP,PR,672
S0311,ARM1,OVRLRESP,PR,700
S0311,ARM1,OVRLRESP,PR,728
S0311,ARM1,OVRLRESP,PR,756
S0311,ARM1,OVRLRESP,PR,784
S0311,ARM1,OVRLRESP,PR,812
S0311,ARM1,OVRLRESP,PR,840
S0311,ARM1,OVRLRESP,PR,868
S0311,ARM1,OVRLRESP,PR,896
S0311,ARM1,OVRLRESP,PR,924
S0311,ARM1,OVRLRESP,PR,952
S0311,ARM1,OVRLRESP,PR,980
S0311,ARM1,OVRLRESP,PR,1008
S0311,ARM1,OVRLRESP,PR,1036
S0311,ARM1,OVRLRESP,PR,1064
S0311,ARM1,OVRLRESP,PR,1092
S0311,ARM1,OVRLRESP,PR,1120
S0311,ARM1,OVRLRESP,PR,1148
S0311,ARM1,OVRLRESP,PR,1176
S0311,ARM1,OVRLRESP,PR,1204
S0311,ARM1,OVRLRESP,PR,1232
S0311,ARM1,OVRLRESP,PR,1260
S0311,ARM1,OVRLRESP,PR,1288
S0311,ARM1,OVRLRESP,PR,1316
S0311,ARM1,OVRLRESP,PR,1344
S0311,ARM1,OVRLRESP,PR,1372
S0311,ARM1,OVRLRESP,PR,1400
S0311,ARM1,OVRLRESP,PR,1428
S0311,ARM1,OVRLRESP,PR,1456
S0311,ARM1,OVRLRESP,PR,1484
S0311,ARM1,OVRLRESP,PR,1512
S0311,ARM1,OVRLRESP,PR,1540
S0311,ARM1,OVRLRESP,PR,1568
S0311,ARM1,OVRLRESP,PR,1596
S0311,ARM1,OVRLRESP,PR,1624
S0311,ARM1,OVRLRESP,PR,1652
S0311,ARM1,OVRLRESP,PR,1680
S0311,ARM1,OVRLRESP,PR,1708
S0311,ARM1,OVRLRESP,PR,1736
S0311,ARM1,OVRLRESP,PR,1764
S0311,ARM1,OVRLRESP,PR,1792
S0311,ARM1,OVRLRESP,PR,1820
S0311,ARM1,OVRLRESP,PR,1848
S0311,ARM1,OVRLRESP,PR,1876
S0311,ARM1,OVRLRESP,PR,1904
S0311,ARM1,OVRLRESP,PR,1932
S0311,ARM1,OVRLRESP,PR,1960
S0311,ARM1,OVRLRESP,PR,1988
S0311,ARM1,OVRLRESP,PR,2016
S0311,ARM1,OVRLRESP,PR,2044
S0311,ARM1,OVRLRESP,PR,2072
S0311,ARM1,OVRLRESP,PR,2100
S0311,ARM1,OVRLRESP,PR,2128
S0311,ARM1,OVRLRESP,PR,2156
S0311,ARM1,OVRLRESP,PR,2184
S0311,ARM1,OVRLRESP,PR,2212
S0311,ARM1,OVRLRESP,PR,2240
S0311,ARM1,OVRLRESP,PR,2268
S0311,ARM1,CBOR,PR,56
S0312,ARM1,OVRLRESP,PR,28
S0312,ARM1,OVRLRESP,CR,56
S0312,ARM1,OVRLRESP,CR,84
S0312,ARM1,OVRLRESP,CR,112
S0312,ARM1,OVRLRESP,CR,140
S0312,ARM1,OVRLRESP,CR,168
S0312,ARM1,OVRLRESP,CR,196
S0312,ARM1,OVRLRESP,CR,224
S0312,ARM1,OVRLRESP,CR,252
S0312,ARM1,OVRLRESP,CR,280
S0312,ARM1,OVRLRESP,CR,308
S0312,ARM1,OVRLRESP,CR,336
S0312,ARM1,OVRLRESP,PR,364
S0312,ARM1,OVRLRESP,PR,392
S0312,ARM1,OVRLRESP,PR,420
S0312,ARM1,OVRLRESP,PR,448
S0312,ARM1,OVRLRESP,PR,476
S0312,ARM1,OVRLRESP,PR,504
S0312,ARM1,OVRLRESP,PR,532
S0312,ARM1,OVRLRESP,PR,560
S0312,ARM1,OVRLRESP,PR,588
S0312,ARM1,OVRLRESP,PR,616
S0312,ARM1,OVRLRESP,PR,644
S0312,ARM1,OVRLRESP,PR,672
S0312,ARM1,OVRLRESP,PR,700
S0312,ARM1,OVRLRESP,PR,728
S0312,ARM1,OVRLRESP,PR,756
S0312,ARM1,OVRLRESP,PR,784
S0312,ARM1,OVRLRESP,PR,812
S0312,ARM1,OVRLRESP,PR,840
S0312,ARM1,OVRLRESP,PR,868
S0312,ARM1,OVRLRESP,PR,896
S0312,ARM1,OVRLRESP,PR,924
S0312,ARM1,OVRLRESP,PR,952
S0312,ARM1,OVRLRESP,PR,980
S0312,ARM1,OVRLRESP,PR,1008
S0312,ARM1,OVRLRESP,PR,1036
S0312,ARM1,CBOR,CR,56
S0313,ARM1,OVRLRESP,PR,28
S0313,ARM1,OVRLRESP,CR,56
S0313,ARM1,OVRLRESP,CR,84
S0313,ARM1,OVRLRESP,CR,112
S0313,ARM1,OVRLRESP,CR,140
S0313,ARM1,OVRLRESP,CR,168
S0313,ARM1,OVRLRESP,CR,196
S0313,ARM1,OVRLRESP,CR,224
S0313,ARM1,OVRLRESP,CR,252
S0313,ARM1,OVRLRESP,CR,280
S0313,ARM1,OVRLRESP,CR,308
S0313,ARM1,OVRLRESP,CR,336
S0313,ARM1,OVRLRESP,CR,364
S0313,ARM1,OVRLRESP,CR,392
S0313,ARM1,OVRLRESP,CR,420
S0313,ARM1,OVRLRESP,CR,448
S0313,ARM1,OVRLRESP,CR,476
S0313,ARM1,OVRLRESP,CR,504
S0313,ARM1,OVRLRESP,CR,532
S0313,ARM1,OVRLRESP,CR,560
S0313,ARM1,OVRLRESP,CR,588
S0313,ARM1,OVRLRESP,CR,616
S0313,ARM1,OVRLRESP,PR,644
S0313,ARM1,OVRLRESP,PR,672
S0313,ARM1,OVRLRESP,PR,700
S0313,ARM1,CBOR,CR,56
S0315,ARM1,OVRLRESP,SD,28
S0315,ARM1,OVRLRESP,SD,56
S0315,ARM1,OVRLRESP,SD,84
S0315,ARM1,OVRLRESP,SD,112
S0315,ARM1,OVRLRESP,SD,140
S0315,ARM1,OVRLRESP,SD,168
S0315,ARM1,OVRLRESP,SD,196
S0315,ARM1,OVRLRESP,SD,224
S0315,ARM1,OVRLRESP,SD,252
S0315,ARM1,OVRLRESP,SD,280
S0315,ARM1,OVRLRESP,SD,308
S0315,ARM1,OVRLRESP,SD,336
S0315,ARM1,OVRLRESP,SD,364
S0315,ARM1,OVRLRESP,SD,392
S0315,ARM1,OVRLRESP,SD,420
S0315,ARM1,OVRLRESP,SD,448
S0315,ARM1,OVRLRESP,SD,476
S0315,ARM1,OVRLRESP,SD,504
S0315,ARM1,OVRLRESP,SD,532
S0315,ARM1,OVRLRESP,SD,560
S0315,ARM1,OVRLRESP,SD,588
S0315,ARM1,OVRLRESP,SD,616
S0315,ARM1,OVRLRESP,SD,644
S0315,ARM1,OVRLRESP,SD,672
S0315,ARM1,OVRLRESP,SD,700
S0315,ARM1,OVRLRESP,SD,728
S0315,ARM1,OVRLRESP,SD,756
S0315,ARM1,OVRLRESP,SD,784
S0315,ARM1,OVRLRESP,SD,812
S0315,ARM1,OVRLRESP,SD,840
S0315,ARM1,OVRLRESP,SD,868
S0315,ARM1,OVRLRESP,SD,896
S0315,ARM1,OVRLRESP,SD,924
S0315,ARM1,OVRLRESP,SD,952
S0315,ARM1,OVRLRESP,SD,980
S0315,ARM1,OVRLRESP,SD,1008
S0315,ARM1,OVRLRESP,SD,1036
S0315,ARM1,OVRLRESP,SD,1064
S0315,ARM1,OVRLRESP,SD,1092
S0315,ARM1,OVRLRESP,SD,1120
S0315,ARM1,OVRLRESP,SD,1148
S0315,ARM1,OVRLRESP,SD,1176
S0315,ARM1,OVRLRESP,SD,1204
S0315,ARM1,OVRLRESP,SD,1232
S0315,ARM1,OVRLRESP,SD,1260
S0315,ARM1,OVRLRESP,SD,1288
S0315,ARM1,OVRLRESP,SD,1316
S0315,ARM1,OVRLRESP,SD,1344
S0315,ARM1,OVRLRESP,SD,1372
S0315,ARM1,OVRLRESP,SD,1400
S0315,ARM1,OVRLRESP,SD,1428
S0315,ARM1,OVRLRESP,SD,1456
S0315,ARM1,OVRLRESP,SD,1484
S0315,ARM1,OVRLRESP,SD,1512
S0315,ARM1,OVRLRESP,SD,1540
S0315,ARM1,OVRLRESP,SD,1568
S0315,ARM1,OVRLRESP,SD,1596
S0315,ARM1,OVRLRESP,SD,1624
S0315,ARM1,OVRLRESP,SD,1652
S0315,ARM1,OVRLRESP,SD,1680
S0315,ARM1,OVRLRESP,SD,1708
S0315,ARM1,OVRLRESP,SD,1736
S0315,ARM1,OVRLRESP,SD,1764
S0315,ARM1,OVRLRESP,SD,1792
S0315,ARM1,OVRLRESP,SD,1820
S0315,ARM1,OVRLRESP,SD,1848
S0315,ARM1,OVRLRESP,SD,1876
S0315,ARM1,OVRLRESP,SD,1904
S0315,ARM1,OVRLRESP,SD,1932
S0315,ARM1,OVRLRESP,SD,1960
S0315,ARM1,OVRLRESP,SD,1988
S0315,ARM1,OVRLRESP,SD,2016
S0315,ARM1,OVRLRESP,PD,2044
S0315,ARM1,CBOR,SD,56
S0316,ARM1,OVRLRESP,PR,28
S0316,ARM1,OVRLRESP,CR,56
S0316,ARM1,OVRLRESP,CR,84
S0316,ARM1,OVRLRESP,CR,112
S0316,ARM1,OVRLRESP,CR,140
S0316,ARM1,OVRLRESP,CR,168
S0316,ARM1,OVRLRESP,PD,196
S0316,ARM1,CBOR,CR,56
S0318,ARM1,OVRLRESP,SD,28
S0318,ARM1,OVRLRESP,PR,56
S0318,ARM1,OVRLRESP,PR,84
S0318,ARM1,OVRLRESP,PR,112
S0318,ARM1,OVRLRESP,PR,140
S0318,ARM1,OVRLRESP,PR,168
S0318,ARM1,OVRLRESP,PR,196
S0318,ARM1,OVRLRESP,PR,224
S0318,ARM1,OVRLRESP,PR,252
S0318,ARM1,OVRLRESP,PR,280
S0318,ARM1,OVRLRESP,PR,308
S0318,ARM1,OVRLRESP,PR,336
S0318,ARM1,OVRLRESP,PR,364
S0318,ARM1,OVRLRESP,PR,392
S0318,ARM1,OVRLRESP,PR,420
S0318,ARM1,OVRLRESP,PR,448
S0318,ARM1,OVRLRESP,PR,476
S0318,ARM1,OVRLRESP,PR,504
S0318,ARM1,OVRLRESP,PR,532
S0318,ARM1,OVRLRESP,PR,560
S0318,ARM1,OVRLRESP,PR,588
S0318,ARM1,OVRLRESP,PR,616
S0318,ARM1,OVRLRESP,PR,644
S0318,ARM1,OVRLRESP,PR,672
S0318,ARM1,OVRLRESP,PR,700
S0318,ARM1,OVRLRESP,PR,728
S0318,ARM1,OVRLRESP,PR,756
S0318,ARM1,OVRLRESP,PR,784
S0318,ARM1,OVRLRESP,PR,812
S0318,ARM1,OVRLRESP,PR,840
S0318,ARM1,OVRLRESP,PR,868
S0318,ARM1,OVRLRESP,PR,896
S0318,ARM1,OVRLRESP,PR,924
S0318,ARM1,OVRLRESP,PR,952
S0318,ARM1,OVRLRESP,PR,980
S0318,ARM1,OVRLRESP,PR,1008
S0318,ARM1,OVRLRESP,PR,1036
S0318,ARM1,CBOR,PR,56
S0319,ARM1,OVRLRESP,SD,28
S0319,ARM1,OVRLRESP,PR,56
S0319,ARM1,OVRLRESP,PR,84
S0319,ARM1,OVRLRESP,PR,112
S0319,ARM1,OVRLRESP,PR,140
S0319,ARM1,OVRLRESP,PR,168
S0319,ARM1,OVRLRESP,PR,196
S0319,ARM1,OVRLRESP,PR,224
S0319,ARM1,OVRLRESP,PR,252
S0319,ARM1,OVRLRESP,PR,280
S0319,ARM1,OVRLRESP,PR,308
S0319,ARM1,OVRLRESP,PR,336
S0319,ARM1,OVRLRESP,PR,364
S0319,ARM1,OVRLRESP,PR,392
S0319,ARM1,OVRLRESP,PR,420
S0319,ARM1,OVRLRESP,PR,448
S0319,ARM1,OVRLRESP,PR,476
S0319,ARM1,OVRLRESP,PR,504
S0319,ARM1,CBOR,PR,56
S0323,ARM1,OVRLRESP,PR,28
S0323,ARM1,OVRLRESP,CR,56
S0323,ARM1,OVRLRESP,CR,84
S0323,ARM1,OVRLRESP,CR,112
S0323,ARM1,OVRLRESP,CR,140
S0323,ARM1,OVRLRESP,CR,168
S0323,ARM1,OVRLRESP,CR,196
S0323,ARM1,OVRLRESP,CR,224
S0323,ARM1,OVRLRESP,CR,252
S0323,ARM1,OVRLRESP,CR,280
S0323,ARM1,OVRLRESP,CR,308
S0323,ARM1,OVRLRESP,CR,336
S0323,ARM1,OVRLRESP,CR,364
S0323,ARM1,OVRLRESP,CR,392
S0323,ARM1,OVRLRESP,CR,420
S0323,ARM1,OVRLRESP,CR,448
S0323,ARM1,OVRLRESP,CR,476
S0323,ARM1,OVRLRESP,PR,504
S0323,ARM1,OVRLRESP,PR,532
S0323,ARM1,OVRLRESP,PR,560
S0323,ARM1,OVRLRESP,PR,588
S0323,ARM1,OVRLRESP,PR,616
S0323,ARM1,OVRLRESP,PR,644
S0323,ARM1,OVRLRESP,PR,672
S0323,ARM1,OVRLRESP,PR,700
S0323,ARM1,OVRLRESP,PR,728
S0323,ARM1,OVRLRESP,PR,756
S0323,ARM1,OVRLRESP,PR,784
S0323,ARM1,OVRLRESP,PR,812
S0323,ARM1,OVRLRESP,PR,840
S0323,ARM1,OVRLRESP,PR,868
S0323,ARM1,OVRLRESP,PR,896
S0323,ARM1,OVRLRESP,PR,924
S0323,ARM1,OVRLRESP,PR,952
S0323,ARM1,OVRLRESP,PR,980
S0323,ARM1,OVRLRESP,PR,1008
S0323,ARM1,OVRLRESP,PR,1036
S0323,ARM1,OVRLRESP,PR,1064
S0323,ARM1,OVRLRESP,PR,1092
S0323,ARM1,OVRLRESP,PR,1120
S0323,ARM1,OVRLRESP,PR,1148
S0323,ARM1,OVRLRESP,PR,1176
S0323,ARM1,OVRLRESP,PR,1204
S0323,ARM1,OVRLRESP,PR,1232
S0323,ARM1,OVRLRESP,PR,1260
S0323,ARM1,OVRLRESP,PR,1288
S0323,ARM1,OVRLRESP,PR,1316
S0323,ARM1,OVRLRESP,PR,1344
S0323,ARM1,OVRLRESP,PR,1372
S0323,ARM1,OVRLRESP,PR,1400
S0323,ARM1,OVRLRESP,PR,1428
S0323,ARM1,OVRLRESP,PR,1456
S0323,ARM1,OVRLRESP,PR,1484
S0323,ARM1,OVRLRESP,PR,1512
S0323,ARM1,OVRLRESP,PR,1540
S0323,ARM1,OVRLRESP,PR,1568
S0323,ARM1,OVRLRESP,PR,1596
S0323,ARM1,OVRLRESP,PR,1624
S0323,ARM1,OVRLRESP,PR,1652
S0323,ARM1,OVRLRESP,PR,1680
S0323,ARM1,OVRLRESP,PR,1708
S0323,ARM1,OVRLRESP,PR,1736
S0323,ARM1,OVRLRESP,PR,1764
S0323,ARM1,OVRLRESP,PR,1792
S0323,ARM1,OVRLRESP,PR,1820
S0323,ARM1,OVRLRESP,PR,1848
S0323,ARM1,OVRLRESP,PR,1876
S0323,ARM1,OVRLRESP,PR,1904
S0323,ARM1,OVRLRESP,PR,1932
S0323,ARM1,OVRLRESP,PR,1960
S0323,ARM1,OVRLRESP,PR,1988
S0323,ARM1,OVRLRESP,PR,2016
S0323,ARM1,OVRLRESP,PR,2044
S0323,ARM1,OVRLRESP,PR,2072
S0323,ARM1,OVRLRESP,PR,2100
S0323,ARM1,OVRLRESP,PR,2128
S0323,ARM1,OVRLRESP,PR,2156
S0323,ARM1,OVRLRESP,PR,2184
S0323,ARM1,OVRLRESP,PR,2212
S0323,ARM1,OVRLRESP,PR,2240
S0323,ARM1,OVRLRESP,PR,2268
S0323,ARM1,OVRLRESP,PR,2296
S0323,ARM1,OVRLRESP,PR,2324
S0323,ARM1,OVRLRESP,PR,2352
S0323,ARM1,OVRLRESP,PR,2380
S0323,ARM1,OVRLRESP,PR,2408
S0323,ARM1,OVRLRESP,PR,2436
S0323,ARM1,OVRLRESP,PR,2464
S0323,ARM1,OVRLRESP,PR,2492
S0323,ARM1,OVRLRESP,PR,2520
S0323,ARM1,OVRLRESP,PR,2548
S0323,ARM1,CBOR,CR,56
S0324,ARM1,OVRLRESP,SD,28
S0324,ARM1,OVRLRESP,PR,56
S0324,ARM1,CBOR,SD,56
S0327,ARM1,OVRLRESP,SD,28
S0327,ARM1,OVRLRESP,SD,56
S0327,ARM1,OVRLRESP,SD,84
S0327,ARM1,OVRLRESP,SD,112
S0327,ARM1,OVRLRESP,SD,140
S0327,ARM1,OVRLRESP,SD,168
S0327,ARM1,OVRLRESP,SD,196
S0327,ARM1,OVRLRESP,SD,224
S0327,ARM1,OVRLRESP,SD,252
S0327,ARM1,OVRLRESP,SD,280
S0327,ARM1,OVRLRESP,SD,308
S0327,ARM1,OVRLRESP,SD,336
S0327,ARM1,OVRLRESP,SD,364
S0327,ARM1,OVRLRESP,SD,392
S0327,ARM1,OVRLRESP,SD,420
S0327,ARM1,OVRLRESP,SD,448
S0327,ARM1,OVRLRESP,SD,476
S0327,ARM1,CBOR,SD,56
S0328,ARM1,OVRLRESP,PR,28
S0328,ARM1,OVRLRESP,CR,56
S0328,ARM1,OVRLRESP,CR,84
S0328,ARM1,OVRLRESP,CR,112
S0328,ARM1,OVRLRESP,CR,140
S0328,ARM1,OVRLRESP,CR,168
S0328,ARM1,OVRLRESP,CR,196
S0328,ARM1,OVRLRESP,CR,224
S0328,ARM1,OVRLRESP,CR,252
S0328,ARM1,OVRLRESP,CR,280
S0328,ARM1,OVRLRESP,CR,308
S0328,ARM1,OVRLRESP,CR,336
S0328,ARM1,OVRLRESP,CR,364
S0328,ARM1,OVRLRESP,CR,392
S0328,ARM1,OVRLRESP,CR,420
S0328,ARM1,OVRLRESP,CR,448
S0328,ARM1,OVRLRESP,CR,476
S0328,ARM1,OVRLRESP,CR,504
S0328,ARM1,OVRLRESP,CR,532
S0328,ARM1,OVRLRESP,CR,560
S0328,ARM1,OVRLRESP,CR,588
S0328,ARM1,OVRLRESP,CR,616
S0328,ARM1,OVRLRESP,CR,644
S0328,ARM1,OVRLRESP,CR,672
S0328,ARM1,OVRLRESP,CR,700
S0328,ARM1,OVRLRESP,CR,728
S0328,ARM1,OVRLRESP,CR,756
S0328,ARM1,OVRLRESP,CR,784
S0328,ARM1,OVRLRESP,CR,812
S0328,ARM1,OVRLRESP,CR,840
S0328,ARM1,OVRLRESP,CR,868
S0328,ARM1,OVRLRESP,CR,896
S0328,ARM1,OVRLRESP,CR,924
S0328,ARM1,OVRLRESP,CR,952
S0328,ARM1,OVRLRESP,CR,980
S0328,ARM1,OVRLRESP,CR,1008
S0328,ARM1,OVRLRESP,CR,1036
S0328,ARM1,OVRLRESP,CR,1064
S0328,ARM1,OVRLRESP,CR,1092
S0328,ARM1,OVRLRESP,CR,1120
S0328,ARM1,OVRLRESP,CR,1148
S0328,ARM1,OVRLRESP,CR,1176
S0328,ARM1,OVRLRESP,CR,1204
S0328,ARM1,OVRLRESP,CR,1232
S0328,ARM1,OVRLRESP,CR,1260
S0328,ARM1,OVRLRESP,CR,1288
S0328,ARM1,OVRLRESP,CR,1316
S0328,ARM1,OVRLRESP,CR,1344
S0328,ARM1,OVRLRESP,CR,1372
S0328,ARM1,OVRLRESP,CR,1400
S0328,ARM1,OVRLRESP,CR,1428
S0328,ARM1,OVRLRESP,CR,1456
S0328,ARM1,OVRLRESP,PR,1484
S0328,ARM1,CBOR,CR,56
S0334,ARM1,OVRLRESP,SD,28
S0334,ARM1,OVRLRESP,PR,56
S0334,ARM1,OVRLRESP,PR,84
S0334,ARM1,OVRLRESP,PR,112
S0334,ARM1,OVRLRESP,PR,140
S0334,ARM1,OVRLRESP,PR,168
S0334,ARM1,OVRLRESP,PR,196
S0334,ARM1,OVRLRESP,PR,224
S0334,ARM1,OVRLRESP,PR,252
S0334,ARM1,OVRLRESP,PR,280
S0334,ARM1,OVRLRESP,PR,308
S0334,ARM1,OVRLRESP,PR,336
S0334,ARM1,OVRLRESP,PR,364
S0334,ARM1,OVRLRESP,PR,392
S0334,ARM1,OVRLRESP,PR,420
S0334,ARM1,OVRLRESP,PR,448
S0334,ARM1,OVRLRESP,PR,476
S0334,ARM1,OVRLRESP,PR,504
S0334,ARM1,OVRLRESP,PR,532
S0334,ARM1,OVRLRESP,PR,560
S0334,ARM1,OVRLRESP,PR,588
S0334,ARM1,OVRLRESP,PR,616
S0334,ARM1,OVRLRESP,PR,644
S0334,ARM1,OVRLRESP,PR,672
S0334,ARM1,OVRLRESP,PR,700
S0334,ARM1,OVRLRESP,PR,728
S0334,ARM1,OVRLRESP,PR,756
S0334,ARM1,OVRLRESP,PR,784
S0334,ARM1,OVRLRESP,PR,812
S0334,ARM1,OVRLRESP,PR,840
S0334,ARM1,OVRLRESP,PR,868
S0334,ARM1,OVRLRESP,PR,896
S0334,ARM1,OVRLRESP,PR,924
S0334,ARM1,OVRLRESP,PR,952
S0334,ARM1,OVRLRESP,PR,980
S0334,ARM1,OVRLRESP,PR,1008
S0334,ARM1,OVRLRESP,PR,1036
S0334,ARM1,OVRLRESP,PR,1064
S0334,ARM1,OVRLRESP,PR,1092
S0334,ARM1,OVRLRESP,PR,1120
S0334,ARM1,OVRLRESP,PR,1148
S0334,ARM1,OVRLRESP,PR,1176
S0334,ARM1,OVRLRESP,PR,1204
S0334,ARM1,OVRLRESP,PR,1232
S0334,ARM1,OVRLRESP,PR,1260
S0334,ARM1,OVRLRESP,PR,1288
S0334,ARM1,OVRLRESP,PR,1316
S0334,ARM1,OVRLRESP,PR,1344
S0334,ARM1,OVRLRESP,PR,1372
S0334,ARM1,OVRLRESP,PR,1400
S0334,ARM1,OVRLRESP,PR,1428
S0334,ARM1,OVRLRESP,PR,1456
S0334,ARM1,OVRLRESP,PR,1484
S0334,ARM1,OVRLRESP,PR,1512
S0334,ARM1,OVRLRESP,PR,1540
S0334,ARM1,OVRLRESP,PR,1568
S0334,ARM1,OVRLRESP,PR,1596
S0334,ARM1,OVRLRESP,PR,1624
S0334,ARM1,OVRLRESP,PR,1652
S0334,ARM1,OVRLRESP,PR,1680
S0334,ARM1,OVRLRESP,PR,1708
S0334,ARM1,OVRLRESP,PR,1736
S0334,ARM1,OVRLRESP,PR,1764
S0334,ARM1,OVRLRESP,PR,1792
S0334,ARM1,OVRLRESP,PR,1820
S0334,ARM1,OVRLRESP,PR,1848
S0334,ARM1,OVRLRESP,PR,1876
S0334,ARM1,OVRLRESP,PR,1904
S0334,ARM1,OVRLRESP,PR,1932
S0334,ARM1,OVRLRESP,PR,1960
S0334,ARM1,OVRLRESP,PR,1988
S0334,ARM1,OVRLRESP,PR,2016
S0334,ARM1,OVRLRESP,PR,2044
S0334,ARM1,OVRLRESP,PR,2072
S0334,ARM1,OVRLRESP,PR,2100
S0334,ARM1,OVRLRESP,PR,2128
S0334,ARM1,OVRLRESP,PR,2156
S0334,ARM1,OVRLRESP,PR,2184
S0334,ARM1,OVRLRESP,PR,2212
S0334,ARM1,OVRLRESP,PR,2240
S0334,ARM1,OVRLRESP,PR,2268
S0334,ARM1,OVRLRESP,PR,2296
S0334,ARM1,OVRLRESP,PR,2324
S0334,ARM1,OVRLRESP,PR,2352
S0334,ARM1,OVRLRESP,PR,2380
S0334,ARM1,OVRLRESP,PR,2408
S0334,ARM1,OVRLRESP,PR,2436
S0334,ARM1,OVRLRESP,PR,2464
S0334,ARM1,OVRLRESP,PR,2492
S0334,ARM1,CBOR,PR,56
S0335,ARM1,OVRLRESP,SD,28
S0335,ARM1,OVRLRESP,PR,56
S0335,ARM1,OVRLRESP,PR,84
S0335,ARM1,OVRLRESP,PR,112
S0335,ARM1,OVRLRESP,PR,140
S0335,ARM1,OVRLRESP,PR,168
S0335,ARM1,OVRLRESP,PR,196
S0335,ARM1,OVRLRESP,PR,224
S0335,ARM1,OVRLRESP,PR,252
S0335,ARM1,OVRLRESP,PR,280
S0335,ARM1,OVRLRESP,PR,308
S0335,ARM1,OVRLRESP,PR,336
S0335,ARM1,OVRLRESP,PR,364
S0335,ARM1,OVRLRESP,PR,392
S0335,ARM1,OVRLRESP,PR,420
S0335,ARM1,OVRLRESP,PR,448
S0335,ARM1,OVRLRESP,PR,476
S0335,ARM1,OVRLRESP,PR,504
S0335,ARM1,OVRLRESP,PR,532
S0335,ARM1,OVRLRESP,PD,560
S0335,ARM1,CBOR,PR,56
S0336,ARM1,OVRLRESP,SD,28
S0336,ARM1,OVRLRESP,PR,56
S0336,ARM1,OVRLRESP,PR,84
S0336,ARM1,OVRLRESP,PR,112
S0336,ARM1,OVRLRESP,PR,140
S0336,ARM1,OVRLRESP,PR,168
S0336,ARM1,OVRLRESP,PR,196
S0336,ARM1,OVRLRESP,PR,224
S0336,ARM1,OVRLRESP,PR,252
S0336,ARM1,OVRLRESP,PR,280
S0336,ARM1,OVRLRESP,PR,308
S0336,ARM1,OVRLRESP,PR,336
S0336,ARM1,OVRLRESP,PR,364
S0336,ARM1,OVRLRESP,PR,392
S0336,ARM1,OVRLRESP,PR,420
S0336,ARM1,OVRLRESP,PR,448
S0336,ARM1,OVRLRESP,PR,476
S0336,ARM1,OVRLRESP,PR,504
S0336,ARM1,OVRLRESP,PR,532
S0336,ARM1,OVRLRESP,PR,560
S0336,ARM1,OVRLRESP,PR,588
S0336,ARM1,OVRLRESP,PR,616
S0336,ARM1,OVRLRESP,PR,644
S0336,ARM1,OVRLRESP,PR,672
S0336,ARM1,OVRLRESP,PR,700
S0336,ARM1,OVRLRESP,PR,728
S0336,ARM1,OVRLRESP,PR,756
S0336,ARM1,OVRLRESP,PR,784
S0336,ARM1,OVRLRESP,PR,812
S0336,ARM1,OVRLRESP,PR,840
S0336,ARM1,OVRLRESP,PR,868
S0336,ARM1,OVRLRESP,PR,896
S0336,ARM1,OVRLRESP,PR,924
S0336,ARM1,OVRLRESP,PR,952
S0336,ARM1,OVRLRESP,PR,980
S0336,ARM1,OVRLRESP,PR,1008
S0336,ARM1,OVRLRESP,PR,1036
S0336,ARM1,OVRLRESP,PR,1064
S0336,ARM1,OVRLRESP,PR,1092
S0336,ARM1,OVRLRESP,PR,1120
S0336,ARM1,OVRLRESP,PR,1148
S0336,ARM1,OVRLRESP,PR,1176
S0336,ARM1,OVRLRESP,PR,1204
S0336,ARM1,OVRLRESP,PR,1232
S0336,ARM1,OVRLRESP,PR,1260
S0336,ARM1,OVRLRESP,PR,1288
S0336,ARM1,OVRLRESP,PR,1316
S0336,ARM1,OVRLRESP,PR,1344
S0336,ARM1,OVRLRESP,PR,1372
S0336,ARM1,OVRLRESP,PR,1400
S0336,ARM1,OVRLRESP,PR,1428
S0336,ARM1,OVRLRESP,PR,1456
S0336,ARM1,OVRLRESP,PR,1484
S0336,ARM1,OVRLRESP,PR,1512
S0336,ARM1,OVRLRESP,PR,1540
S0336,ARM1,OVRLRESP,PD,1568
S0336,ARM1,CBOR,PR,56
S0337,ARM1,OVRLRESP,SD,28
S0337,ARM1,OVRLRESP,PR,56
S0337,ARM1,OVRLRESP,PR,84
S0337,ARM1,OVRLRESP,PR,112
S0337,ARM1,OVRLRESP,PR,140
S0337,ARM1,OVRLRESP,PR,168
S0337,ARM1,OVRLRESP,PR,196
S0337,ARM1,OVRLRESP,PR,224
S0337,ARM1,OVRLRESP,PR,252
S0337,ARM1,OVRLRESP,PR,280
S0337,ARM1,OVRLRESP,PR,308
S0337,ARM1,OVRLRESP,PR,336
S0337,ARM1,OVRLRESP,PR,364
S0337,ARM1,OVRLRESP,PR,392
S0337,ARM1,OVRLRESP,PR,420
S0337,ARM1,OVRLRESP,PR,448
S0337,ARM1,OVRLRESP,PR,476
S0337,ARM1,OVRLRESP,PR,504
S0337,ARM1,OVRLRESP,PR,532
S0337,ARM1,OVRLRESP,PR,560
S0337,ARM1,OVRLRESP,PR,588
S0337,ARM1,OVRLRESP,PR,616
S0337,ARM1,OVRLRESP,PR,644
S0337,ARM1,OVRLRESP,PR,672
S0337,ARM1,OVRLRESP,PR,700
S0337,ARM1,OVRLRESP,PR,728
S0337,ARM1,OVRLRESP,PR,756
S0337,ARM1,OVRLRESP,PR,784
S0337,ARM1,OVRLRESP,PR,812
S0337,ARM1,OVRLRESP,PR,840
S0337,ARM1,OVRLRESP,PR,868
S0337,ARM1,OVRLRESP,PR,896
S0337,ARM1,OVRLRESP,PR,924
S0337,ARM1,OVRLRESP,PR,952
S0337,ARM1,OVRLRESP,PR,980
S0337,ARM1,OVRLRESP,PR,1008
S0337,ARM1,OVRLRESP,PR,1036
S0337,ARM1,OVRLRESP,PR,1064
S0337,ARM1,OVRLRESP,PR,1092
S0337,ARM1,OVRLRESP,PR,1120
S0337,ARM1,OVRLRESP,PR,1148
S0337,ARM1,OVRLRESP,PR,1176
S0337,ARM1,OVRLRESP,PR,1204
S0337,ARM1,OVRLRESP,PR,1232
S0337,ARM1,OVRLRESP,PR,1260
S0337,ARM1,OVRLRESP,PR,1288
S0337,ARM1,OVRLRESP,PR,1316
S0337,ARM1,OVRLRESP,PR,1344
S0337,ARM1,OVRLRESP,PR,1372
S0337,ARM1,OVRLRESP,PR,1400
S0337,ARM1,OVRLRESP,PR,1428
S0337,ARM1,OVRLRESP,PR,1456
S0337,ARM1,OVRLRESP,PR,1484
S0337,ARM1,OVRLRESP,PR,1512
S0337,ARM1,OVRLRESP,PR,1540
S0337,ARM1,OVRLRESP,PR,1568
S0337,ARM1,OVRLRESP,PR,1596
S0337,ARM1,OVRLRESP,PR,1624
S0337,ARM1,OVRLRESP,PR,1652
S0337,ARM1,OVRLRESP,PR,1680
S0337,ARM1,OVRLRESP,PR,1708
S0337,ARM1,OVRLRESP,PR,1736
S0337,ARM1,OVRLRESP,PR,1764
S0337,ARM1,OVRLRESP,PR,1792
S0337,ARM1,OVRLRESP,PR,1820
S0337,ARM1,OVRLRESP,PR,1848
S0337,ARM1,OVRLRESP,PR,1876
S0337,ARM1,OVRLRESP,PR,1904
S0337,ARM1,OVRLRESP,PR,1932
S0337,ARM1,OVRLRESP,PR,1960
S0337,ARM1,OVRLRESP,PR,1988
S0337,ARM1,OVRLRESP,PR,2016
S0337,ARM1,OVRLRESP,PR,2044
S0337,ARM1,OVRLRESP,PR,2072
S0337,ARM1,OVRLRESP,PR,2100
S0337,ARM1,OVRLRESP,PR,2128
S0337,ARM1,OVRLRESP,PR,2156
S0337,ARM1,OVRLRESP,PR,2184
S0337,ARM1,OVRLRESP,PR,2212
S0337,ARM1,OVRLRESP,PR,2240
S0337,ARM1,OVRLRESP,PR,2268
S0337,ARM1,OVRLRESP,PR,2296
S0337,ARM1,OVRLRESP,PR,2324
S0337,ARM1,OVRLRESP,PR,2352
S0337,ARM1,OVRLRESP,PR,2380
S0337,ARM1,OVRLRESP,PR,2408
S0337,ARM1,OVRLRESP,PR,2436
S0337,ARM1,OVRLRESP,PR,2464
S0337,ARM1,CBOR,PR,56
S0339,ARM1,OVRLRESP,SD,28
S0339,ARM1,OVRLRESP,PR,56
S0339,ARM1,OVRLRESP,PR,84
S0339,ARM1,OVRLRESP,PR,112
S0339,ARM1,OVRLRESP,PR,140
S0339,ARM1,OVRLRESP,PR,168
S0339,ARM1,OVRLRESP,PR,196
S0339,ARM1,OVRLRESP,PR,224
S0339,ARM1,OVRLRESP,PR,252
S0339,ARM1,OVRLRESP,PR,280
S0339,ARM1,OVRLRESP,PR,308
S0339,ARM1,OVRLRESP,PR,336
S0339,ARM1,OVRLRESP,PR,364
S0339,ARM1,OVRLRESP,PR,392
S0339,ARM1,OVRLRESP,PR,420
S0339,ARM1,OVRLRESP,PR,448
S0339,ARM1,OVRLRESP,PR,476
S0339,ARM1,OVRLRESP,PR,504
S0339,ARM1,CBOR,PR,56
S0342,ARM1,OVRLRESP,SD,28
S0342,ARM1,OVRLRESP,SD,56
S0342,ARM1,OVRLRESP,SD,84
S0342,ARM1,OVRLRESP,SD,112
S0342,ARM1,OVRLRESP,SD,140
S0342,ARM1,OVRLRESP,SD,168
S0342,ARM1,OVRLRESP,SD,196
S0342,ARM1,OVRLRESP,SD,224
S0342,ARM1,OVRLRESP,SD,252
S0342,ARM1,OVRLRESP,SD,280
S0342,ARM1,OVRLRESP,SD,308
S0342,ARM1,OVRLRESP,SD,336
S0342,ARM1,OVRLRESP,SD,364
S0342,ARM1,OVRLRESP,SD,392
S0342,ARM1,OVRLRESP,SD,420
S0342,ARM1,OVRLRESP,SD,448
S0342,ARM1,OVRLRESP,SD,476
S0342,ARM1,OVRLRESP,SD,504
S0342,ARM1,OVRLRESP,SD,532
S0342,ARM1,OVRLRESP,SD,560
S0342,ARM1,OVRLRESP,SD,588
S0342,ARM1,OVRLRESP,SD,616
S0342,ARM1,OVRLRESP,SD,644
S0342,ARM1,OVRLRESP,SD,672
S0342,ARM1,OVRLRESP,SD,700
S0342,ARM1,OVRLRESP,SD,728
S0342,ARM1,OVRLRESP,SD,756
S0342,ARM1,OVRLRESP,SD,784
S0342,ARM1,OVRLRESP,SD,812
S0342,ARM1,OVRLRESP,SD,840
S0342,ARM1,OVRLRESP,SD,868
S0342,ARM1,OVRLRESP,SD,896
S0342,ARM1,OVRLRESP,SD,924
S0342,ARM1,OVRLRESP,SD,952
S0342,ARM1,OVRLRESP,SD,980
S0342,ARM1,OVRLRESP,SD,1008
S0342,ARM1,OVRLRESP,SD,1036
S0342,ARM1,OVRLRESP,SD,1064
S0342,ARM1,OVRLRESP,SD,1092
S0342,ARM1,OVRLRESP,SD,1120
S0342,ARM1,OVRLRESP,SD,1148
S0342,ARM1,OVRLRESP,SD,1176
S0342,ARM1,OVRLRESP,SD,1204
S0342,ARM1,OVRLRESP,SD,1232
S0342,ARM1,OVRLRESP,SD,1260
S0342,ARM1,OVRLRESP,SD,1288
S0342,ARM1,OVRLRESP,SD,1316
S0342,ARM1,OVRLRESP,SD,1344
S0342,ARM1,OVRLRESP,SD,1372
S0342,ARM1,OVRLRESP,SD,1400
S0342,ARM1,OVRLRESP,SD,1428
S0342,ARM1,OVRLRESP,SD,1456
S0342,ARM1,OVRLRESP,SD,1484
S0342,ARM1,OVRLRESP,SD,1512
S0342,ARM1,OVRLRESP,SD,1540
S0342,ARM1,OVRLRESP,SD,1568
S0342,ARM1,OVRLRESP,SD,1596
S0342,ARM1,OVRLRESP,SD,1624
S0342,ARM1,OVRLRESP,SD,1652
S0342,ARM1,OVRLRESP,SD,1680
S0342,ARM1,OVRLRESP,SD,1708
S0342,ARM1,OVRLRESP,SD,1736
S0342,ARM1,OVRLRESP,SD,1764
S0342,ARM1,OVRLRESP,SD,1792
S0342,ARM1,OVRLRESP,SD,1820
S0342,ARM1,OVRLRESP,SD,1848
S0342,ARM1,OVRLRESP,SD,1876
S0342,ARM1,OVRLRESP,SD,1904
S0342,ARM1,OVRLRESP,SD,1932
S0342,ARM1,OVRLRESP,SD,1960
S0342,ARM1,OVRLRESP,SD,1988
S0342,ARM1,OVRLRESP,SD,2016
S0342,ARM1,OVRLRESP,SD,2044
S0342,ARM1,OVRLRESP,SD,2072
S0342,ARM1,OVRLRESP,SD,2100
S0342,ARM1,OVRLRESP,SD,2128
S0342,ARM1,OVRLRESP,SD,2156
S0342,ARM1,OVRLRESP,SD,2184
S0342,ARM1,OVRLRESP,SD,2212
S0342,ARM1,OVRLRESP,SD,2240
S0342,ARM1,OVRLRESP,SD,2268
S0342,ARM1,OVRLRESP,PD,2296
S0342,ARM1,CBOR,SD,56
S0345,ARM1,OVRLRESP,PR,28
S0345,ARM1,OVRLRESP,CR,56
S0345,ARM1,OVRLRESP,CR,84
S0345,ARM1,OVRLRESP,CR,112
S0345,ARM1,OVRLRESP,CR,140
S0345,ARM1,OVRLRESP,CR,168
S0345,ARM1,OVRLRESP,CR,196
S0345,ARM1,OVRLRESP,CR,224
S0345,ARM1,OVRLRESP,CR,252
S0345,ARM1,OVRLRESP,CR,280
S0345,ARM1,OVRLRESP,CR,308
S0345,ARM1,OVRLRESP,CR,336
S0345,ARM1,OVRLRESP,CR,364
S0345,ARM1,OVRLRESP,CR,392
S0345,ARM1,OVRLRESP,CR,420
S0345,ARM1,OVRLRESP,CR,448
S0345,ARM1,OVRLRESP,CR,476
S0345,ARM1,OVRLRESP,CR,504
S0345,ARM1,OVRLRESP,CR,532
S0345,ARM1,OVRLRESP,CR,560
S0345,ARM1,OVRLRESP,CR,588
S0345,ARM1,OVRLRESP,CR,616
S0345,ARM1,OVRLRESP,CR,644
S0345,ARM1,OVRLRESP,CR,672
S0345,ARM1,OVRLRESP,CR,700
S0345,ARM1,OVRLRESP,CR,728
S0345,ARM1,OVRLRESP,CR,756
S0345,ARM1,OVRLRESP,CR,784
S0345,ARM1,OVRLRESP,CR,812
S0345,ARM1,OVRLRESP,CR,840
S0345,ARM1,OVRLRESP,CR,868
S0345,ARM1,OVRLRESP,CR,896
S0345,ARM1,OVRLRESP,CR,924
S0345,ARM1,OVRLRESP,CR,952
S0345,ARM1,OVRLRESP,CR,980
S0345,ARM1,OVRLRESP,CR,1008
S0345,ARM1,OVRLRESP,CR,1036
S0345,ARM1,OVRLRESP,CR,1064
S0345,ARM1,OVRLRESP,CR,1092
S0345,ARM1,OVRLRESP,CR,1120
S0345,ARM1,OVRLRESP,CR,1148
S0345,ARM1,OVRLRESP,CR,1176
S0345,ARM1,OVRLRESP,CR,1204
S0345,ARM1,OVRLRESP,CR,1232
S0345,ARM1,OVRLRESP,CR,1260
S0345,ARM1,OVRLRESP,CR,1288
S0345,ARM1,OVRLRESP,CR,1316
S0345,ARM1,OVRLRESP,CR,1344
S0345,ARM1,OVRLRESP,CR,1372
S0345,ARM1,OVRLRESP,CR,1400
S0345,ARM1,OVRLRESP,CR,1428
S0345,ARM1,OVRLRESP,CR,1456
S0345,ARM1,OVRLRESP,CR,1484
S0345,ARM1,OVRLRESP,PR,1512
S0345,ARM1,OVRLRESP,PR,1540
S0345,ARM1,OVRLRESP,PR,1568
S0345,ARM1,OVRLRESP,PR,1596
S0345,ARM1,OVRLRESP,PR,1624
S0345,ARM1,CBOR,CR,56
S0346,ARM1,OVRLRESP,SD,28
S0346,ARM1,OVRLRESP,SD,56
S0346,ARM1,OVRLRESP,SD,84
S0346,ARM1,OVRLRESP,SD,112
S0346,ARM1,OVRLRESP,SD,140
S0346,ARM1,OVRLRESP,SD,168
S0346,ARM1,OVRLRESP,PD,196
S0346,ARM1,CBOR,SD,56
S0348,ARM1,OVRLRESP,SD,28
S0348,ARM1,OVRLRESP,PR,56
S0348,ARM1,OVRLRESP,PR,84
S0348,ARM1,OVRLRESP,PR,112
S0348,ARM1,OVRLRESP,PR,140
S0348,ARM1,OVRLRESP,PR,168
S0348,ARM1,OVRLRESP,PR,196
S0348,ARM1,OVRLRESP,PR,224
S0348,ARM1,OVRLRESP,PR,252
S0348,ARM1,OVRLRESP,PR,280
S0348,ARM1,OVRLRESP,PR,308
S0348,ARM1,OVRLRESP,PR,336
S0348,ARM1,OVRLRESP,PR,364
S0348,ARM1,OVRLRESP,PR,392
S0348,ARM1,OVRLRESP,PR,420
S0348,ARM1,OVRLRESP,PR,448
S0348,ARM1,OVRLRESP,PR,476
S0348,ARM1,OVRLRESP,PR,504
S0348,ARM1,OVRLRESP,PR,532
S0348,ARM1,OVRLRESP,PR,560
S0348,ARM1,OVRLRESP,PR,588
S0348,ARM1,OVRLRESP,PR,616
S0348,ARM1,OVRLRESP,PR,644
S0348,ARM1,OVRLRESP,PR,672
S0348,ARM1,OVRLRESP,PR,700
S0348,ARM1,OVRLRESP,PR,728
S0348,ARM1,OVRLRESP,PR,756
S0348,ARM1,OVRLRESP,PR,784
S0348,ARM1,OVRLRESP,PR,812
S0348,ARM1,OVRLRESP,PR,840
S0348,ARM1,OVRLRESP,PR,868
S0348,ARM1,OVRLRESP,PR,896
S0348,ARM1,OVRLRESP,PR,924
S0348,ARM1,OVRLRESP,PR,952
S0348,ARM1,OVRLRESP,PR,980
S0348,ARM1,OVRLRESP,PR,1008
S0348,ARM1,OVRLRESP,PR,1036
S0348,ARM1,OVRLRESP,PR,1064
S0348,ARM1,OVRLRESP,PR,1092
S0348,ARM1,OVRLRESP,PR,1120
S0348,ARM1,OVRLRESP,PR,1148
S0348,ARM1,OVRLRESP,PR,1176
S0348,ARM1,OVRLRESP,PR,1204
S0348,ARM1,OVRLRESP,PR,1232
S0348,ARM1,OVRLRESP,PR,1260
S0348,ARM1,OVRLRESP,PR,1288
S0348,ARM1,OVRLRESP,PR,1316
S0348,ARM1,OVRLRESP,PR,1344
S0348,ARM1,OVRLRESP,PR,1372
S0348,ARM1,OVRLRESP,PR,1400
S0348,ARM1,OVRLRESP,PR,1428
S0348,ARM1,OVRLRESP,PR,1456
S0348,ARM1,OVRLRESP,PR,1484
S0348,ARM1,OVRLRESP,PR,1512
S0348,ARM1,OVRLRESP,PR,1540
S0348,ARM1,OVRLRESP,PR,1568
S0348,ARM1,OVRLRESP,PR,1596
S0348,ARM1,OVRLRESP,PR,1624
S0348,ARM1,OVRLRESP,PR,1652
S0348,ARM1,OVRLRESP,PR,1680
S0348,ARM1,OVRLRESP,PR,1708
S0348,ARM1,OVRLRESP,PR,1736
S0348,ARM1,OVRLRESP,PR,1764
S0348,ARM1,OVRLRESP,PR,1792
S0348,ARM1,OVRLRESP,PR,1820
S0348,ARM1,OVRLRESP,PR,1848
S0348,ARM1,OVRLRESP,PR,1876
S0348,ARM1,OVRLRESP,PR,1904
S0348,ARM1,OVRLRESP,PR,1932
S0348,ARM1,OVRLRESP,PR,1960
S0348,ARM1,OVRLRESP,PR,1988
S0348,ARM1,OVRLRESP,PR,2016
S0348,ARM1,OVRLRESP,PR,2044
S0348,ARM1,OVRLRESP,PR,2072
S0348,ARM1,OVRLRESP,PR,2100
S0348,ARM1,OVRLRESP,PR,2128
S0348,ARM1,OVRLRESP,PR,2156
S0348,ARM1,OVRLRESP,PR,2184
S0348,ARM1,OVRLRESP,PR,2212
S0348,ARM1,OVRLRESP,PR,2240
S0348,ARM1,OVRLRESP,PR,2268
S0348,ARM1,OVRLRESP,PR,2296
S0348,ARM1,CBOR,PR,56
S0350,ARM1,OVRLRESP,SD,28
S0350,ARM1,OVRLRESP,PR,56
S0350,ARM1,OVRLRESP,PR,84
S0350,ARM1,OVRLRESP,PR,112
S0350,ARM1,OVRLRESP,PR,140
S0350,ARM1,OVRLRESP,PR,168
S0350,ARM1,OVRLRESP,PR,196
S0350,ARM1,OVRLRESP,PR,224
S0350,ARM1,OVRLRESP,PR,252
S0350,ARM1,OVRLRESP,PR,280
S0350,ARM1,OVRLRESP,PR,308
S0350,ARM1,OVRLRESP,PR,336
S0350,ARM1,OVRLRESP,PR,364
S0350,ARM1,OVRLRESP,PR,392
S0350,ARM1,OVRLRESP,PD,420
S0350,ARM1,CBOR,PR,56
S0351,ARM1,OVRLRESP,PR,28
S0351,ARM1,OVRLRESP,CR,56
S0351,ARM1,OVRLRESP,CR,84
S0351,ARM1,OVRLRESP,CR,112
S0351,ARM1,OVRLRESP,CR,140
S0351,ARM1,OVRLRESP,CR,168
S0351,ARM1,OVRLRESP,CR,196
S0351,ARM1,OVRLRESP,CR,224
S0351,ARM1,OVRLRESP,CR,252
S0351,ARM1,OVRLRESP,CR,280
S0351,ARM1,OVRLRESP,CR,308
S0351,ARM1,OVRLRESP,CR,336
S0351,ARM1,OVRLRESP,CR,364
S0351,ARM1,OVRLRESP,CR,392
S0351,ARM1,OVRLRESP,CR,420
S0351,ARM1,OVRLRESP,CR,448
S0351,ARM1,OVRLRESP,CR,476
S0351,ARM1,OVRLRESP,CR,504
S0351,ARM1,OVRLRESP,CR,532
S0351,ARM1,OVRLRESP,PR,560
S0351,ARM1,OVRLRESP,PR,588
S0351,ARM1,OVRLRESP,PR,616
S0351,ARM1,OVRLRESP,PR,644
S0351,ARM1,OVRLRESP,PR,672
S0351,ARM1,OVRLRESP,PR,700
S0351,ARM1,OVRLRESP,PR,728
S0351,ARM1,OVRLRESP,PR,756
S0351,ARM1,OVRLRESP,PR,784
S0351,ARM1,OVRLRESP,PR,812
S0351,ARM1,CBOR,CR,56
S0353,ARM1,OVRLRESP,PR,28
S0353,ARM1,OVRLRESP,CR,56
S0353,ARM1,OVRLRESP,PR,84
S0353,ARM1,OVRLRESP,PR,112
S0353,ARM1,OVRLRESP,PR,140
S0353,ARM1,OVRLRESP,PR,168
S0353,ARM1,OVRLRESP,PR,196
S0353,ARM1,OVRLRESP,PR,224
S0353,ARM1,OVRLRESP,PR,252
S0353,ARM1,OVRLRESP,PR,280
S0353,ARM1,OVRLRESP,PR,308
S0353,ARM1,OVRLRESP,PR,336
S0353,ARM1,OVRLRESP,PR,364
S0353,ARM1,OVRLRESP,PR,392
S0353,ARM1,OVRLRESP,PR,420
S0353,ARM1,OVRLRESP,PR,448
S0353,ARM1,OVRLRESP,PR,476
S0353,ARM1,OVRLRESP,PR,504
S0353,ARM1,OVRLRESP,PR,532
S0353,ARM1,OVRLRESP,PR,560
S0353,ARM1,OVRLRESP,PR,588
S0353,ARM1,OVRLRESP,PR,616
S0353,ARM1,OVRLRESP,PR,644
S0353,ARM1,OVRLRESP,PR,672
S0353,ARM1,CBOR,CR,56
S0355,ARM1,OVRLRESP,SD,28
S0355,ARM1,OVRLRESP,PR,56
S0355,ARM1,OVRLRESP,PR,84
S0355,ARM1,OVRLRESP,PR,112
S0355,ARM1,OVRLRESP,PR,140
S0355,ARM1,OVRLRESP,PR,168
S0355,ARM1,OVRLRESP,PR,196
S0355,ARM1,OVRLRESP,PR,224
S0355,ARM1,OVRLRESP,PR,252
S0355,ARM1,OVRLRESP,PR,280
S0355,ARM1,OVRLRESP,PR,308
S0355,ARM1,OVRLRESP,PR,336
S0355,ARM1,OVRLRESP,PR,364
S0355,ARM1,OVRLRESP,PR,392
S0355,ARM1,OVRLRESP,PR,420
S0355,ARM1,CBOR,PR,56
S0358,ARM1,OVRLRESP,SD,28
S0358,ARM1,OVRLRESP,PR,56
S0358,ARM1,OVRLRESP,PD,84
S0358,ARM1,CBOR,SD,56
S0360,ARM1,OVRLRESP,SD,28
S0360,ARM1,OVRLRESP,PR,56
S0360,ARM1,OVRLRESP,PR,84
S0360,ARM1,OVRLRESP,PR,112
S0360,ARM1,OVRLRESP,PR,140
S0360,ARM1,OVRLRESP,PR,168
S0360,ARM1,OVRLRESP,PR,196
S0360,ARM1,OVRLRESP,PR,224
S0360,ARM1,OVRLRESP,PR,252
S0360,ARM1,OVRLRESP,PR,280
S0360,ARM1,OVRLRESP,PR,308
S0360,ARM1,OVRLRESP,PR,336
S0360,ARM1,OVRLRESP,PR,364
S0360,ARM1,OVRLRESP,PR,392
S0360,ARM1,OVRLRESP,PR,420
S0360,ARM1,OVRLRESP,PR,448
S0360,ARM1,OVRLRESP,PR,476
S0360,ARM1,OVRLRESP,PR,504
S0360,ARM1,OVRLRESP,PR,532
S0360,ARM1,OVRLRESP,PR,560
S0360,ARM1,OVRLRESP,PR,588
S0360,ARM1,OVRLRESP,PR,616
S0360,ARM1,OVRLRESP,PR,644
S0360,ARM1,OVRLRESP,PR,672
S0360,ARM1,OVRLRESP,PR,700
S0360,ARM1,OVRLRESP,PR,728
S0360,ARM1,OVRLRESP,PR,756
S0360,ARM1,OVRLRESP,PR,784
S0360,ARM1,OVRLRESP,PR,812
S0360,ARM1,OVRLRESP,PD,840
S0360,ARM1,CBOR,PR,56
S0361,ARM1,OVRLRESP,SD,28
S0361,ARM1,OVRLRESP,SD,56
S0361,ARM1,OVRLRESP,SD,84
S0361,ARM1,OVRLRESP,SD,112
S0361,ARM1,OVRLRESP,SD,140
S0361,ARM1,OVRLRESP,SD,168
S0361,ARM1,OVRLRESP,SD,196
S0361,ARM1,OVRLRESP,SD,224
S0361,ARM1,OVRLRESP,SD,252
S0361,ARM1,OVRLRESP,SD,280
S0361,ARM1,OVRLRESP,SD,308
S0361,ARM1,OVRLRESP,SD,336
S0361,ARM1,OVRLRESP,SD,364
S0361,ARM1,OVRLRESP,SD,392
S0361,ARM1,OVRLRESP,SD,420
S0361,ARM1,OVRLRESP,SD,448
S0361,ARM1,OVRLRESP,SD,476
S0361,ARM1,OVRLRESP,SD,504
S0361,ARM1,OVRLRESP,SD,532
S0361,ARM1,OVRLRESP,SD,560
S0361,ARM1,OVRLRESP,SD,588
S0361,ARM1,OVRLRESP,SD,616
S0361,ARM1,OVRLRESP,SD,644
S0361,ARM1,OVRLRESP,SD,672
S0361,ARM1,OVRLRESP,SD,700
S0361,ARM1,OVRLRESP,SD,728
S0361,ARM1,OVRLRESP,SD,756
S0361,ARM1,OVRLRESP,SD,784
S0361,ARM1,OVRLRESP,SD,812
S0361,ARM1,OVRLRESP,SD,840
S0361,ARM1,OVRLRESP,SD,868
S0361,ARM1,OVRLRESP,SD,896
S0361,ARM1,OVRLRESP,SD,924
S0361,ARM1,OVRLRESP,SD,952
S0361,ARM1,OVRLRESP,SD,980
S0361,ARM1,OVRLRESP,SD,1008
S0361,ARM1,OVRLRESP,SD,1036
S0361,ARM1,OVRLRESP,SD,1064
S0361,ARM1,OVRLRESP,SD,1092
S0361,ARM1,OVRLRESP,SD,1120
S0361,ARM1,OVRLRESP,SD,1148
S0361,ARM1,OVRLRESP,SD,1176
S0361,ARM1,OVRLRESP,SD,1204
S0361,ARM1,OVRLRESP,SD,1232
S0361,ARM1,OVRLRESP,SD,1260
S0361,ARM1,OVRLRESP,SD,1288
S0361,ARM1,OVRLRESP,SD,1316
S0361,ARM1,OVRLRESP,SD,1344
S0361,ARM1,OVRLRESP,SD,1372
S0361,ARM1,OVRLRESP,SD,1400
S0361,ARM1,OVRLRESP,SD,1428
S0361,ARM1,OVRLRESP,SD,1456
S0361,ARM1,OVRLRESP,SD,1484
S0361,ARM1,OVRLRESP,SD,1512
S0361,ARM1,OVRLRESP,SD,1540
S0361,ARM1,OVRLRESP,SD,1568
S0361,ARM1,OVRLRESP,SD,1596
S0361,ARM1,OVRLRESP,SD,1624
S0361,ARM1,OVRLRESP,SD,1652
S0361,ARM1,OVRLRESP,SD,1680
S0361,ARM1,OVRLRESP,SD,1708
S0361,ARM1,OVRLRESP,SD,1736
S0361,ARM1,OVRLRESP,SD,1764
S0361,ARM1,OVRLRESP,SD,1792
S0361,ARM1,OVRLRESP,SD,1820
S0361,ARM1,OVRLRESP,SD,1848
S0361,ARM1,OVRLRESP,SD,1876
S0361,ARM1,OVRLRESP,SD,1904
S0361,ARM1,OVRLRESP,SD,1932
S0361,ARM1,OVRLRESP,SD,1960
S0361,ARM1,OVRLRESP,SD,1988
S0361,ARM1,OVRLRESP,SD,2016
S0361,ARM1,OVRLRESP,SD,2044
S0361,ARM1,OVRLRESP,SD,2072
S0361,ARM1,OVRLRESP,SD,2100
S0361,ARM1,OVRLRESP,SD,2128
S0361,ARM1,OVRLRESP,PD,2156
S0361,ARM1,CBOR,SD,56
S0363,ARM1,OVRLRESP,SD,28
S0363,ARM1,OVRLRESP,PR,56
S0363,ARM1,OVRLRESP,PR,84
S0363,ARM1,OVRLRESP,PR,112
S0363,ARM1,OVRLRESP,PR,140
S0363,ARM1,OVRLRESP,PR,168
S0363,ARM1,OVRLRESP,PR,196
S0363,ARM1,OVRLRESP,PR,224
S0363,ARM1,OVRLRESP,PR,252
S0363,ARM1,OVRLRESP,PR,280
S0363,ARM1,OVRLRESP,PR,308
S0363,ARM1,OVRLRESP,PR,336
S0363,ARM1,OVRLRESP,PR,364
S0363,ARM1,OVRLRESP,PR,392
S0363,ARM1,OVRLRESP,PR,420
S0363,ARM1,OVRLRESP,PR,448
S0363,ARM1,OVRLRESP,PR,476
S0363,ARM1,OVRLRESP,PR,504
S0363,ARM1,OVRLRESP,PR,532
S0363,ARM1,OVRLRESP,PR,560
S0363,ARM1,OVRLRESP,PR,588
S0363,ARM1,OVRLRESP,PR,616
S0363,ARM1,OVRLRESP,PR,644
S0363,ARM1,OVRLRESP,PR,672
S0363,ARM1,OVRLRESP,PR,700
S0363,ARM1,OVRLRESP,PR,728
S0363,ARM1,OVRLRESP,PR,756
S0363,ARM1,OVRLRESP,PR,784
S0363,ARM1,OVRLRESP,PR,812
S0363,ARM1,OVRLRESP,PR,840
S0363,ARM1,OVRLRESP,PR,868
S0363,ARM1,OVRLRESP,PR,896
S0363,ARM1,OVRLRESP,PR,924
S0363,ARM1,OVRLRESP,PR,952
S0363,ARM1,OVRLRESP,PR,980
S0363,ARM1,OVRLRESP,PR,1008
S0363,ARM1,OVRLRESP,PR,1036
S0363,ARM1,OVRLRESP,PR,1064
S0363,ARM1,OVRLRESP,PR,1092
S0363,ARM1,OVRLRESP,PR,1120
S0363,ARM1,OVRLRESP,PR,1148
S0363,ARM1,OVRLRESP,PR,1176
S0363,ARM1,OVRLRESP,PD,1204
S0363,ARM1,CBOR,PR,56
S0365,ARM1,OVRLRESP,PR,28
S0365,ARM1,OVRLRESP,CR,56
S0365,ARM1,OVRLRESP,CR,84
S0365,ARM1,OVRLRESP,CR,112
S0365,ARM1,OVRLRESP,CR,140
S0365,ARM1,OVRLRESP,CR,168
S0365,ARM1,OVRLRESP,CR,196
S0365,ARM1,OVRLRESP,CR,224
S0365,ARM1,OVRLRESP,CR,252
S0365,ARM1,OVRLRESP,CR,280
S0365,ARM1,OVRLRESP,CR,308
S0365,ARM1,OVRLRESP,CR,336
S0365,ARM1,OVRLRESP,CR,364
S0365,ARM1,OVRLRESP,CR,392
S0365,ARM1,OVRLRESP,CR,420
S0365,ARM1,OVRLRESP,CR,448
S0365,ARM1,OVRLRESP,CR,476
S0365,ARM1,OVRLRESP,CR,504
S0365,ARM1,OVRLRESP,CR,532
S0365,ARM1,OVRLRESP,CR,560
S0365,ARM1,OVRLRESP,CR,588
S0365,ARM1,OVRLRESP,CR,616
S0365,ARM1,OVRLRESP,CR,644
S0365,ARM1,OVRLRESP,CR,672
S0365,ARM1,OVRLRESP,CR,700
S0365,ARM1,OVRLRESP,CR,728
S0365,ARM1,OVRLRESP,CR,756
S0365,ARM1,OVRLRESP,CR,784
S0365,ARM1,OVRLRESP,CR,812
S0365,ARM1,OVRLRESP,CR,840
S0365,ARM1,OVRLRESP,CR,868
S0365,ARM1,OVRLRESP,CR,896
S0365,ARM1,OVRLRESP,CR,924
S0365,ARM1,OVRLRESP,CR,952
S0365,ARM1,OVRLRESP,CR,980
S0365,ARM1,OVRLRESP,CR,1008
S0365,ARM1,OVRLRESP,CR,1036
S0365,ARM1,OVRLRESP,CR,1064
S0365,ARM1,OVRLRESP,CR,1092
S0365,ARM1,OVRLRESP,CR,1120
S0365,ARM1,OVRLRESP,CR,1148
S0365,ARM1,OVRLRESP,CR,1176
S0365,ARM1,OVRLRESP,CR,1204
S0365,ARM1,OVRLRESP,CR,1232
S0365,ARM1,OVRLRESP,CR,1260
S0365,ARM1,OVRLRESP,CR,1288
S0365,ARM1,OVRLRESP,CR,1316
S0365,ARM1,OVRLRESP,CR,1344
S0365,ARM1,OVRLRESP,CR,1372
S0365,ARM1,OVRLRESP,CR,1400
S0365,ARM1,OVRLRESP,CR,1428
S0365,ARM1,OVRLRESP,CR,1456
S0365,ARM1,OVRLRESP,CR,1484
S0365,ARM1,OVRLRESP,CR,1512
S0365,ARM1,OVRLRESP,CR,1540
S0365,ARM1,OVRLRESP,CR,1568
S0365,ARM1,OVRLRESP,CR,1596
S0365,ARM1,OVRLRESP,CR,1624
S0365,ARM1,OVRLRESP,CR,1652
S0365,ARM1,OVRLRESP,CR,1680
S0365,ARM1,OVRLRESP,CR,1708
S0365,ARM1,OVRLRESP,CR,1736
S0365,ARM1,OVRLRESP,CR,1764
S0365,ARM1,OVRLRESP,PR,1792
S0365,ARM1,OVRLRESP,PR,1820
S0365,ARM1,OVRLRESP,PR,1848
S0365,ARM1,CBOR,CR,56
S0366,ARM1,OVRLRESP,SD,28
S0366,ARM1,OVRLRESP,SD,56
S0366,ARM1,OVRLRESP,SD,84
S0366,ARM1,OVRLRESP,SD,112
S0366,ARM1,OVRLRESP,SD,140
S0366,ARM1,OVRLRESP,SD,168
S0366,ARM1,OVRLRESP,SD,196
S0366,ARM1,OVRLRESP,SD,224
S0366,ARM1,OVRLRESP,SD,252
S0366,ARM1,OVRLRESP,SD,280
S0366,ARM1,OVRLRESP,SD,308
S0366,ARM1,OVRLRESP,SD,336
S0366,ARM1,OVRLRESP,SD,364
S0366,ARM1,OVRLRESP,SD,392
S0366,ARM1,OVRLRESP,SD,420
S0366,ARM1,OVRLRESP,SD,448
S0366,ARM1,OVRLRESP,SD,476
S0366,ARM1,OVRLRESP,SD,504
S0366,ARM1,OVRLRESP,SD,532
S0366,ARM1,OVRLRESP,SD,560
S0366,ARM1,OVRLRESP,SD,588
S0366,ARM1,OVRLRESP,SD,616
S0366,ARM1,OVRLRESP,SD,644
S0366,ARM1,OVRLRESP,SD,672
S0366,ARM1,OVRLRESP,SD,700
S0366,ARM1,OVRLRESP,SD,728
S0366,ARM1,OVRLRESP,SD,756
S0366,ARM1,OVRLRESP,SD,784
S0366,ARM1,OVRLRESP,SD,812
S0366,ARM1,OVRLRESP,SD,840
S0366,ARM1,OVRLRESP,SD,868
S0366,ARM1,OVRLRESP,SD,896
S0366,ARM1,OVRLRESP,SD,924
S0366,ARM1,OVRLRESP,SD,952
S0366,ARM1,OVRLRESP,SD,980
S0366,ARM1,OVRLRESP,SD,1008
S0366,ARM1,OVRLRESP,SD,1036
S0366,ARM1,OVRLRESP,SD,1064
S0366,ARM1,OVRLRESP,SD,1092
S0366,ARM1,OVRLRESP,SD,1120
S0366,ARM1,OVRLRESP,SD,1148
S0366,ARM1,OVRLRESP,SD,1176
S0366,ARM1,OVRLRESP,SD,1204
S0366,ARM1,OVRLRESP,SD,1232
S0366,ARM1,OVRLRESP,SD,1260
S0366,ARM1,OVRLRESP,SD,1288
S0366,ARM1,OVRLRESP,SD,1316
S0366,ARM1,OVRLRESP,SD,1344
S0366,ARM1,OVRLRESP,SD,1372
S0366,ARM1,OVRLRESP,SD,1400
S0366,ARM1,OVRLRESP,SD,1428
S0366,ARM1,OVRLRESP,SD,1456
S0366,ARM1,OVRLRESP,SD,1484
S0366,ARM1,OVRLRESP,SD,1512
S0366,ARM1,OVRLRESP,SD,1540
S0366,ARM1,OVRLRESP,SD,1568
S0366,ARM1,OVRLRESP,SD,1596
S0366,ARM1,OVRLRESP,SD,1624
S0366,ARM1,OVRLRESP,SD,1652
S0366,ARM1,OVRLRESP,SD,1680
S0366,ARM1,OVRLRESP,SD,1708
S0366,ARM1,OVRLRESP,SD,1736
S0366,ARM1,OVRLRESP,SD,1764
S0366,ARM1,OVRLRESP,SD,1792
S0366,ARM1,OVRLRESP,SD,1820
S0366,ARM1,OVRLRESP,SD,1848
S0366,ARM1,OVRLRESP,SD,1876
S0366,ARM1,OVRLRESP,SD,1904
S0366,ARM1,OVRLRESP,PD,1932
S0366,ARM1,CBOR,SD,56
S0369,ARM1,OVRLRESP,SD,28
S0369,ARM1,OVRLRESP,PD,56
S0369,ARM1,CBOR,PD,56
S0370,ARM1,OVRLRESP,SD,28
S0370,ARM1,OVRLRESP,SD,56
S0370,ARM1,OVRLRESP,SD,84
S0370,ARM1,OVRLRESP,SD,112
S0370,ARM1,OVRLRESP,SD,140
S0370,ARM1,OVRLRESP,SD,168
S0370,ARM1,OVRLRESP,SD,196
S0370,ARM1,OVRLRESP,PD,224
S0370,ARM1,CBOR,SD,56
S0372,ARM1,OVRLRESP,PR,28
S0372,ARM1,OVRLRESP,CR,56
S0372,ARM1,OVRLRESP,CR,84
S0372,ARM1,OVRLRESP,CR,112
S0372,ARM1,OVRLRESP,CR,140
S0372,ARM1,OVRLRESP,CR,168
S0372,ARM1,OVRLRESP,CR,196
S0372,ARM1,OVRLRESP,CR,224
S0372,ARM1,OVRLRESP,CR,252
S0372,ARM1,OVRLRESP,CR,280
S0372,ARM1,OVRLRESP,CR,308
S0372,ARM1,OVRLRESP,CR,336
S0372,ARM1,OVRLRESP,CR,364
S0372,ARM1,OVRLRESP,CR,392
S0372,ARM1,OVRLRESP,CR,420
S0372,ARM1,OVRLRESP,CR,448
S0372,ARM1,OVRLRESP,CR,476
S0372,ARM1,OVRLRESP,CR,504
S0372,ARM1,OVRLRESP,CR,532
S0372,ARM1,OVRLRESP,CR,560
S0372,ARM1,OVRLRESP,CR,588
S0372,ARM1,OVRLRESP,CR,616
S0372,ARM1,OVRLRESP,CR,644
S0372,ARM1,OVRLRESP,CR,672
S0372,ARM1,OVRLRESP,CR,700
S0372,ARM1,OVRLRESP,CR,728
S0372,ARM1,OVRLRESP,CR,756
S0372,ARM1,OVRLRESP,CR,784
S0372,ARM1,OVRLRESP,CR,812
S0372,ARM1,OVRLRESP,CR,840
S0372,ARM1,OVRLRESP,CR,868
S0372,ARM1,OVRLRESP,CR,896
S0372,ARM1,OVRLRESP,CR,924
S0372,ARM1,OVRLRESP,CR,952
S0372,ARM1,OVRLRESP,CR,980
S0372,ARM1,OVRLRESP,CR,1008
S0372,ARM1,OVRLRESP,CR,1036
S0372,ARM1,OVRLRESP,CR,1064
S0372,ARM1,OVRLRESP,CR,1092
S0372,ARM1,OVRLRESP,CR,1120
S0372,ARM1,OVRLRESP,CR,1148
S0372,ARM1,OVRLRESP,CR,1176
S0372,ARM1,OVRLRESP,CR,1204
S0372,ARM1,OVRLRESP,CR,1232
S0372,ARM1,OVRLRESP,CR,1260
S0372,ARM1,OVRLRESP,CR,1288
S0372,ARM1,OVRLRESP,CR,1316
S0372,ARM1,OVRLRESP,CR,1344
S0372,ARM1,OVRLRESP,CR,1372
S0372,ARM1,OVRLRESP,CR,1400
S0372,ARM1,OVRLRESP,CR,1428
S0372,ARM1,OVRLRESP,CR,1456
S0372,ARM1,OVRLRESP,CR,1484
S0372,ARM1,OVRLRESP,CR,1512
S0372,ARM1,OVRLRESP,CR,1540
S0372,ARM1,OVRLRESP,CR,1568
S0372,ARM1,OVRLRESP,CR,1596
S0372,ARM1,OVRLRESP,CR,1624
S0372,ARM1,OVRLRESP,CR,1652
S0372,ARM1,OVRLRESP,CR,1680
S0372,ARM1,OVRLRESP,CR,1708
S0372,ARM1,OVRLRESP,CR,1736
S0372,ARM1,OVRLRESP,CR,1764
S0372,ARM1,OVRLRESP,CR,1792
S0372,ARM1,OVRLRESP,CR,1820
S0372,ARM1,OVRLRESP,CR,1848
S0372,ARM1,OVRLRESP,CR,1876
S0372,ARM1,OVRLRESP,CR,1904
S0372,ARM1,OVRLRESP,CR,1932
S0372,ARM1,OVRLRESP,CR,1960
S0372,ARM1,OVRLRESP,CR,1988
S0372,ARM1,OVRLRESP,CR,2016
S0372,ARM1,OVRLRESP,CR,2044
S0372,ARM1,OVRLRESP,CR,2072
S0372,ARM1,OVRLRESP,CR,2100
S0372,ARM1,OVRLRESP,CR,2128
S0372,ARM1,OVRLRESP,CR,2156
S0372,ARM1,OVRLRESP,CR,2184
S0372,ARM1,OVRLRESP,CR,2212
S0372,ARM1,OVRLRESP,CR,2240
S0372,ARM1,OVRLRESP,CR,2268
S0372,ARM1,CBOR,CR,56
S0373,ARM1,OVRLRESP,SD,28
S0373,ARM1,OVRLRESP,CR,56
S0373,ARM1,OVRLRESP,CR,84
S0373,ARM1,OVRLRESP,CR,112
S0373,ARM1,OVRLRESP,CR,140
S0373,ARM1,OVRLRESP,CR,168
S0373,ARM1,OVRLRESP,CR,196
S0373,ARM1,OVRLRESP,CR,224
S0373,ARM1,OVRLRESP,CR,252
S0373,ARM1,OVRLRESP,CR,280
S0373,ARM1,OVRLRESP,CR,308
S0373,ARM1,OVRLRESP,CR,336
S0373,ARM1,OVRLRESP,CR,364
S0373,ARM1,OVRLRESP,CR,392
S0373,ARM1,OVRLRESP,CR,420
S0373,ARM1,CBOR,CR,56
S0374,ARM1,OVRLRESP,SD,28
S0374,ARM1,OVRLRESP,PR,56
S0374,ARM1,OVRLRESP,PR,84
S0374,ARM1,OVRLRESP,PR,112
S0374,ARM1,OVRLRESP,PR,140
S0374,ARM1,OVRLRESP,PR,168
S0374,ARM1,OVRLRESP,PR,196
S0374,ARM1,OVRLRESP,PR,224
S0374,ARM1,OVRLRESP,PR,252
S0374,ARM1,OVRLRESP,PR,280
S0374,ARM1,OVRLRESP,PR,308
S0374,ARM1,OVRLRESP,PR,336
S0374,ARM1,OVRLRESP,PR,364
S0374,ARM1,OVRLRESP,PR,392
S0374,ARM1,OVRLRESP,PR,420
S0374,ARM1,OVRLRESP,PR,448
S0374,ARM1,OVRLRESP,PR,476
S0374,ARM1,OVRLRESP,PR,504
S0374,ARM1,OVRLRESP,PR,532
S0374,ARM1,OVRLRESP,PR,560
S0374,ARM1,OVRLRESP,PR,588
S0374,ARM1,OVRLRESP,PR,616
S0374,ARM1,OVRLRESP,PR,644
S0374,ARM1,OVRLRESP,PR,672
S0374,ARM1,OVRLRESP,PR,700
S0374,ARM1,OVRLRESP,PR,728
S0374,ARM1,OVRLRESP,PR,756
S0374,ARM1,OVRLRESP,PR,784
S0374,ARM1,OVRLRESP,PR,812
S0374,ARM1,OVRLRESP,PR,840
S0374,ARM1,OVRLRESP,PR,868
S0374,ARM1,OVRLRESP,PR,896
S0374,ARM1,OVRLRESP,PR,924
S0374,ARM1,OVRLRESP,PR,952
S0374,ARM1,OVRLRESP,PR,980
S0374,ARM1,OVRLRESP,PR,1008
S0374,ARM1,OVRLRESP,PR,1036
S0374,ARM1,OVRLRESP,PR,1064
S0374,ARM1,OVRLRESP,PR,1092
S0374,ARM1,OVRLRESP,PR,1120
S0374,ARM1,OVRLRESP,PR,1148
S0374,ARM1,OVRLRESP,PR,1176
S0374,ARM1,OVRLRESP,PR,1204
S0374,ARM1,OVRLRESP,PR,1232
S0374,ARM1,OVRLRESP,PR,1260
S0374,ARM1,OVRLRESP,PR,1288
S0374,ARM1,OVRLRESP,PR,1316
S0374,ARM1,OVRLRESP,PR,1344
S0374,ARM1,OVRLRESP,PR,1372
S0374,ARM1,OVRLRESP,PR,1400
S0374,ARM1,OVRLRESP,PR,1428
S0374,ARM1,OVRLRESP,PR,1456
S0374,ARM1,OVRLRESP,PR,1484
S0374,ARM1,OVRLRESP,PR,1512
S0374,ARM1,OVRLRESP,PR,1540
S0374,ARM1,OVRLRESP,PR,1568
S0374,ARM1,OVRLRESP,PR,1596
S0374,ARM1,OVRLRESP,PR,1624
S0374,ARM1,OVRLRESP,PR,1652
S0374,ARM1,OVRLRESP,PR,1680
S0374,ARM1,OVRLRESP,PR,1708
S0374,ARM1,OVRLRESP,PR,1736
S0374,ARM1,OVRLRESP,PR,1764
S0374,ARM1,OVRLRESP,PR,1792
S0374,ARM1,OVRLRESP,PR,1820
S0374,ARM1,OVRLRESP,PR,1848
S0374,ARM1,OVRLRESP,PR,1876
S0374,ARM1,OVRLRESP,PR,1904
S0374,ARM1,OVRLRESP,PR,1932
S0374,ARM1,OVRLRESP,PR,1960
S0374,ARM1,OVRLRESP,PR,1988
S0374,ARM1,OVRLRESP,PR,2016
S0374,ARM1,OVRLRESP,PR,2044
S0374,ARM1,OVRLRESP,PR,2072
S0374,ARM1,OVRLRESP,PR,2100
S0374,ARM1,OVRLRESP,PR,2128
S0374,ARM1,OVRLRESP,PR,2156
S0374,ARM1,OVRLRESP,PR,2184
S0374,ARM1,OVRLRESP,PR,2212
S0374,ARM1,OVRLRESP,PR,2240
S0374,ARM1,OVRLRESP,PR,2268
S0374,ARM1,CBOR,PR,56
S0377,ARM1,OVRLRESP,SD,28
S0377,ARM1,OVRLRESP,PR,56
S0377,ARM1,OVRLRESP,PR,84
S0377,ARM1,OVRLRESP,PR,112
S0377,ARM1,OVRLRESP,PR,140
S0377,ARM1,OVRLRESP,PR,168
S0377,ARM1,OVRLRESP,PR,196
S0377,ARM1,OVRLRESP,PR,224
S0377,ARM1,OVRLRESP,PR,252
S0377,ARM1,OVRLRESP,PR,280
S0377,ARM1,OVRLRESP,PR,308
S0377,ARM1,OVRLRESP,PR,336
S0377,ARM1,OVRLRESP,PR,364
S0377,ARM1,OVRLRESP,PR,392
S0377,ARM1,OVRLRESP,PR,420
S0377,ARM1,OVRLRESP,PR,448
S0377,ARM1,OVRLRESP,PR,476
S0377,ARM1,OVRLRESP,PR,504
S0377,ARM1,OVRLRESP,PR,532
S0377,ARM1,OVRLRESP,PR,560
S0377,ARM1,OVRLRESP,PR,588
S0377,ARM1,OVRLRESP,PR,616
S0377,ARM1,OVRLRESP,PR,644
S0377,ARM1,OVRLRESP,PR,672
S0377,ARM1,OVRLRESP,PR,700
S0377,ARM1,OVRLRESP,PR,728
S0377,ARM1,OVRLRESP,PR,756
S0377,ARM1,OVRLRESP,PR,784
S0377,ARM1,OVRLRESP,PR,812
S0377,ARM1,OVRLRESP,PR,840
S0377,ARM1,OVRLRESP,PR,868
S0377,ARM1,OVRLRESP,PR,896
S0377,ARM1,OVRLRESP,PR,924
S0377,ARM1,OVRLRESP,PR,952
S0377,ARM1,OVRLRESP,PR,980
S0377,ARM1,OVRLRESP,PR,1008
S0377,ARM1,OVRLRESP,PR,1036
S0377,ARM1,OVRLRESP,PR,1064
S0377,ARM1,OVRLRESP,PR,1092
S0377,ARM1,OVRLRESP,PR,1120
S0377,ARM1,OVRLRESP,PR,1148
S0377,ARM1,OVRLRESP,PR,1176
S0377,ARM1,OVRLRESP,PR,1204
S0377,ARM1,OVRLRESP,PR,1232
S0377,ARM1,OVRLRESP,PR,1260
S0377,ARM1,OVRLRESP,PR,1288
S0377,ARM1,OVRLRESP,PR,1316
S0377,ARM1,OVRLRESP,PR,1344
S0377,ARM1,OVRLRESP,PR,1372
S0377,ARM1,OVRLRESP,PR,1400
S0377,ARM1,OVRLRESP,PR,1428
S0377,ARM1,OVRLRESP,PR,1456
S0377,ARM1,OVRLRESP,PR,1484
S0377,ARM1,OVRLRESP,PR,1512
S0377,ARM1,OVRLRESP,PR,1540
S0377,ARM1,OVRLRESP,PR,1568
S0377,ARM1,CBOR,PR,56
S0379,ARM1,OVRLRESP,SD,28
S0379,ARM1,OVRLRESP,PR,56
S0379,ARM1,OVRLRESP,PR,84
S0379,ARM1,OVRLRESP,PR,112
S0379,ARM1,OVRLRESP,PR,140
S0379,ARM1,OVRLRESP,PR,168
S0379,ARM1,OVRLRESP,PR,196
S0379,ARM1,OVRLRESP,PR,224
S0379,ARM1,OVRLRESP,PR,252
S0379,ARM1,OVRLRESP,PR,280
S0379,ARM1,OVRLRESP,PR,308
S0379,ARM1,OVRLRESP,PR,336
S0379,ARM1,OVRLRESP,PR,364
S0379,ARM1,OVRLRESP,PR,392
S0379,ARM1,OVRLRESP,PR,420
S0379,ARM1,OVRLRESP,PR,448
S0379,ARM1,OVRLRESP,PR,476
S0379,ARM1,OVRLRESP,PR,504
S0379,ARM1,OVRLRESP,PR,532
S0379,ARM1,OVRLRESP,PD,560
S0379,ARM1,CBOR,PR,56
S0380,ARM1,OVRLRESP,SD,28
S0380,ARM1,OVRLRESP,PR,56
S0380,ARM1,OVRLRESP,PR,84
S0380,ARM1,OVRLRESP,PR,112
S0380,ARM1,OVRLRESP,PR,140
S0380,ARM1,OVRLRESP,PR,168
S0380,ARM1,OVRLRESP,PR,196
S0380,ARM1,OVRLRESP,PR,224
S0380,ARM1,OVRLRESP,PR,252
S0380,ARM1,OVRLRESP,PR,280
S0380,ARM1,OVRLRESP,PR,308
S0380,ARM1,OVRLRESP,PR,336
S0380,ARM1,OVRLRESP,PR,364
S0380,ARM1,OVRLRESP,PR,392
S0380,ARM1,OVRLRESP,PR,420
S0380,ARM1,OVRLRESP,PR,448
S0380,ARM1,OVRLRESP,PR,476
S0380,ARM1,OVRLRESP,PR,504
S0380,ARM1,OVRLRESP,PR,532
S0380,ARM1,OVRLRESP,PR,560
S0380,ARM1,OVRLRESP,PR,588
S0380,ARM1,OVRLRESP,PR,616
S0380,ARM1,OVRLRESP,PR,644
S0380,ARM1,OVRLRESP,PR,672
S0380,ARM1,OVRLRESP,PR,700
S0380,ARM1,OVRLRESP,PR,728
S0380,ARM1,OVRLRESP,PR,756
S0380,ARM1,OVRLRESP,PR,784
S0380,ARM1,OVRLRESP,PR,812
S0380,ARM1,OVRLRESP,PR,840
S0380,ARM1,OVRLRESP,PR,868
S0380,ARM1,OVRLRESP,PR,896
S0380,ARM1,OVRLRESP,PR,924
S0380,ARM1,OVRLRESP,PR,952
S0380,ARM1,OVRLRESP,PR,980
S0380,ARM1,OVRLRESP,PR,1008
S0380,ARM1,OVRLRESP,PR,1036
S0380,ARM1,OVRLRESP,PR,1064
S0380,ARM1,OVRLRESP,PR,1092
S0380,ARM1,OVRLRESP,PR,1120
S0380,ARM1,OVRLRESP,PR,1148
S0380,ARM1,OVRLRESP,PR,1176
S0380,ARM1,OVRLRESP,PR,1204
S0380,ARM1,OVRLRESP,PR,1232
S0380,ARM1,OVRLRESP,PR,1260
S0380,ARM1,OVRLRESP,PR,1288
S0380,ARM1,OVRLRESP,PR,1316
S0380,ARM1,OVRLRESP,PR,1344
S0380,ARM1,OVRLRESP,PR,1372
S0380,ARM1,OVRLRESP,PR,1400
S0380,ARM1,OVRLRESP,PR,1428
S0380,ARM1,OVRLRESP,PR,1456
S0380,ARM1,OVRLRESP,PR,1484
S0380,ARM1,OVRLRESP,PR,1512
S0380,ARM1,OVRLRESP,PR,1540
S0380,ARM1,OVRLRESP,PR,1568
S0380,ARM1,OVRLRESP,PR,1596
S0380,ARM1,OVRLRESP,PR,1624
S0380,ARM1,OVRLRESP,PR,1652
S0380,ARM1,OVRLRESP,PR,1680
S0380,ARM1,OVRLRESP,PR,1708
S0380,ARM1,OVRLRESP,PR,1736
S0380,ARM1,CBOR,PR,56
S0382,ARM1,OVRLRESP,SD,28
S0382,ARM1,OVRLRESP,PR,56
S0382,ARM1,OVRLRESP,PR,84
S0382,ARM1,OVRLRESP,PR,112
S0382,ARM1,OVRLRESP,PR,140
S0382,ARM1,OVRLRESP,PR,168
S0382,ARM1,OVRLRESP,PR,196
S0382,ARM1,OVRLRESP,PR,224
S0382,ARM1,OVRLRESP,PR,252
S0382,ARM1,OVRLRESP,PR,280
S0382,ARM1,OVRLRESP,PR,308
S0382,ARM1,OVRLRESP,PR,336
S0382,ARM1,OVRLRESP,PR,364
S0382,ARM1,OVRLRESP,PR,392
S0382,ARM1,OVRLRESP,PR,420
S0382,ARM1,OVRLRESP,PR,448
S0382,ARM1,OVRLRESP,PR,476
S0382,ARM1,OVRLRESP,PR,504
S0382,ARM1,OVRLRESP,PR,532
S0382,ARM1,OVRLRESP,PR,560
S0382,ARM1,OVRLRESP,PR,588
S0382,ARM1,OVRLRESP,PR,616
S0382,ARM1,OVRLRESP,PR,644
S0382,ARM1,OVRLRESP,PR,672
S0382,ARM1,OVRLRESP,PR,700
S0382,ARM1,OVRLRESP,PR,728
S0382,ARM1,OVRLRESP,PR,756
S0382,ARM1,OVRLRESP,PR,784
S0382,ARM1,OVRLRESP,PR,812
S0382,ARM1,OVRLRESP,PD,840
S0382,ARM1,CBOR,PR,56
S0384,ARM1,OVRLRESP,SD,28
S0384,ARM1,CBOR,NE,
S0385,ARM1,OVRLRESP,PR,28
S0385,ARM1,OVRLRESP,PD,56
S0385,ARM1,CBOR,PD,56
S0386,ARM1,OVRLRESP,SD,28
S0386,ARM1,OVRLRESP,SD,56
S0386,ARM1,OVRLRESP,SD,84
S0386,ARM1,OVRLRESP,SD,112
S0386,ARM1,OVRLRESP,SD,140
S0386,ARM1,OVRLRESP,SD,168
S0386,ARM1,OVRLRESP,SD,196
S0386,ARM1,OVRLRESP,SD,224
S0386,ARM1,OVRLRESP,PD,252
S0386,ARM1,CBOR,SD,56
S0388,ARM1,OVRLRESP,PD,28
S0388,ARM1,CBOR,PD,28
S0392,ARM1,OVRLRESP,SD,28
S0392,ARM1,OVRLRESP,PR,56
S0392,ARM1,OVRLRESP,PR,84
S0392,ARM1,OVRLRESP,PD,112
S0392,ARM1,CBOR,PR,56
S0393,ARM1,OVRLRESP,PD,28
S0393,ARM1,CBOR,PD,28
S0394,ARM1,OVRLRESP,SD,28
S0394,ARM1,OVRLRESP,PR,56
S0394,ARM1,OVRLRESP,PR,84
S0394,ARM1,OVRLRESP,PR,112
S0394,ARM1,OVRLRESP,PR,140
S0394,ARM1,OVRLRESP,PR,168
S0394,ARM1,OVRLRESP,PR,196
S0394,ARM1,OVRLRESP,PR,224
S0394,ARM1,OVRLRESP,PR,252
S0394,ARM1,OVRLRESP,PR,280
S0394,ARM1,OVRLRESP,PR,308
S0394,ARM1,OVRLRESP,PR,336
S0394,ARM1,OVRLRESP,PR,364
S0394,ARM1,OVRLRESP,PR,392
S0394,ARM1,OVRLRESP,PR,420
S0394,ARM1,OVRLRESP,PR,448
S0394,ARM1,OVRLRESP,PR,476
S0394,ARM1,OVRLRESP,PR,504
S0394,ARM1,OVRLRESP,PR,532
S0394,ARM1,OVRLRESP,PD,560
S0394,ARM1,CBOR,PR,56
S0395,ARM1,OVRLRESP,SD,28
S0395,ARM1,OVRLRESP,PR,56
S0395,ARM1,OVRLRESP,PR,84
S0395,ARM1,OVRLRESP,PR,112
S0395,ARM1,OVRLRESP,PR,140
S0395,ARM1,OVRLRESP,PR,168
S0395,ARM1,OVRLRESP,PR,196
S0395,ARM1,OVRLRESP,PR,224
S0395,ARM1,OVRLRESP,PR,252
S0395,ARM1,OVRLRESP,PR,280
S0395,ARM1,CBOR,PR,56
S0398,ARM1,OVRLRESP,SD,28
S0398,ARM1,OVRLRESP,SD,56
S0398,ARM1,OVRLRESP,SD,84
S0398,ARM1,OVRLRESP,SD,112
S0398,ARM1,OVRLRESP,SD,140
S0398,ARM1,OVRLRESP,SD,168
S0398,ARM1,OVRLRESP,SD,196
S0398,ARM1,OVRLRESP,SD,224
S0398,ARM1,OVRLRESP,SD,252
S0398,ARM1,OVRLRESP,SD,280
S0398,ARM1,OVRLRESP,SD,308
S0398,ARM1,OVRLRESP,SD,336
S0398,ARM1,OVRLRESP,SD,364
S0398,ARM1,OVRLRESP,SD,392
S0398,ARM1,OVRLRESP,SD,420
S0398,ARM1,OVRLRESP,SD,448
S0398,ARM1,OVRLRESP,SD,476
S0398,ARM1,OVRLRESP,SD,504
S0398,ARM1,OVRLRESP,SD,532
S0398,ARM1,OVRLRESP,SD,560
S0398,ARM1,OVRLRESP,SD,588
S0398,ARM1,OVRLRESP,SD,616
S0398,ARM1,OVRLRESP,SD,644
S0398,ARM1,OVRLRESP,SD,672
S0398,ARM1,OVRLRESP,SD,700
S0398,ARM1,OVRLRESP,SD,728
S0398,ARM1,OVRLRESP,SD,756
S0398,ARM1,OVRLRESP,SD,784
S0398,ARM1,OVRLRESP,SD,812
S0398,ARM1,OVRLRESP,SD,840
S0398,ARM1,OVRLRESP,SD,868
S0398,ARM1,OVRLRESP,SD,896
S0398,ARM1,OVRLRESP,SD,924
S0398,ARM1,OVRLRESP,SD,952
S0398,ARM1,OVRLRESP,SD,980
S0398,ARM1,OVRLRESP,SD,1008
S0398,ARM1,OVRLRESP,SD,1036
S0398,ARM1,OVRLRESP,SD,1064
S0398,ARM1,OVRLRESP,SD,1092
S0398,ARM1,OVRLRESP,SD,1120
S0398,ARM1,OVRLRESP,SD,1148
S0398,ARM1,OVRLRESP,SD,1176
S0398,ARM1,OVRLRESP,SD,1204
S0398,ARM1,OVRLRESP,SD,1232
S0398,ARM1,OVRLRESP,SD,1260
S0398,ARM1,OVRLRESP,SD,1288
S0398,ARM1,OVRLRESP,SD,1316
S0398,ARM1,OVRLRESP,SD,1344
S0398,ARM1,OVRLRESP,SD,1372
S0398,ARM1,OVRLRESP,SD,1400
S0398,ARM1,OVRLRESP,SD,1428
S0398,ARM1,OVRLRESP,SD,1456
S0398,ARM1,OVRLRESP,SD,1484
S0398,ARM1,OVRLRESP,SD,1512
S0398,ARM1,OVRLRESP,SD,1540
S0398,ARM1,OVRLRESP,SD,1568
S0398,ARM1,OVRLRESP,SD,1596
S0398,ARM1,OVRLRESP,SD,1624
S0398,ARM1,OVRLRESP,SD,1652
S0398,ARM1,OVRLRESP,SD,1680
S0398,ARM1,OVRLRESP,SD,1708
S0398,ARM1,OVRLRESP,SD,1736
S0398,ARM1,OVRLRESP,SD,1764
S0398,ARM1,OVRLRESP,PD,1792
S0398,ARM1,CBOR,SD,56
S0400,ARM1,OVRLRESP,SD,28
S0400,ARM1,OVRLRESP,CR,56
S0400,ARM1,OVRLRESP,PD,84
S0400,ARM1,CBOR,SD,56
S0401,ARM1,OVRLRESP,PR,28
S0401,ARM1,OVRLRESP,CR,56
S0401,ARM1,OVRLRESP,CR,84
S0401,ARM1,OVRLRESP,CR,112
S0401,ARM1,OVRLRESP,CR,140
S0401,ARM1,OVRLRESP,CR,168
S0401,ARM1,OVRLRESP,CR,196
S0401,ARM1,OVRLRESP,CR,224
S0401,ARM1,OVRLRESP,CR,252
S0401,ARM1,OVRLRESP,CR,280
S0401,ARM1,OVRLRESP,CR,308
S0401,ARM1,OVRLRESP,CR,336
S0401,ARM1,OVRLRESP,CR,364
S0401,ARM1,OVRLRESP,CR,392
S0401,ARM1,OVRLRESP,CR,420
S0401,ARM1,OVRLRESP,CR,448
S0401,ARM1,OVRLRESP,CR,476
S0401,ARM1,OVRLRESP,CR,504
S0401,ARM1,OVRLRESP,CR,532
S0401,ARM1,OVRLRESP,CR,560
S0401,ARM1,OVRLRESP,CR,588
S0401,ARM1,OVRLRESP,CR,616
S0401,ARM1,OVRLRESP,CR,644
S0401,ARM1,OVRLRESP,CR,672
S0401,ARM1,OVRLRESP,CR,700
S0401,ARM1,OVRLRESP,CR,728
S0401,ARM1,OVRLRESP,CR,756
S0401,ARM1,OVRLRESP,CR,784
S0401,ARM1,OVRLRESP,CR,812
S0401,ARM1,OVRLRESP,CR,840
S0401,ARM1,OVRLRESP,CR,868
S0401,ARM1,OVRLRESP,CR,896
S0401,ARM1,OVRLRESP,CR,924
S0401,ARM1,OVRLRESP,CR,952
S0401,ARM1,OVRLRESP,CR,980
S0401,ARM1,OVRLRESP,CR,1008
S0401,ARM1,OVRLRESP,CR,1036
S0401,ARM1,OVRLRESP,CR,1064
S0401,ARM1,OVRLRESP,CR,1092
S0401,ARM1,OVRLRESP,CR,1120
S0401,ARM1,OVRLRESP,CR,1148
S0401,ARM1,OVRLRESP,CR,1176
S0401,ARM1,OVRLRESP,CR,1204
S0401,ARM1,OVRLRESP,CR,1232
S0401,ARM1,OVRLRESP,CR,1260
S0401,ARM1,OVRLRESP,CR,1288
S0401,ARM1,OVRLRESP,CR,1316
S0401,ARM1,OVRLRESP,CR,1344
S0401,ARM1,OVRLRESP,CR,1372
S0401,ARM1,OVRLRESP,CR,1400
S0401,ARM1,OVRLRESP,CR,1428
S0401,ARM1,OVRLRESP,CR,1456
S0401,ARM1,OVRLRESP,CR,1484
S0401,ARM1,OVRLRESP,CR,1512
S0401,ARM1,OVRLRESP,CR,1540
S0401,ARM1,OVRLRESP,CR,1568
S0401,ARM1,OVRLRESP,CR,1596
S0401,ARM1,OVRLRESP,CR,1624
S0401,ARM1,OVRLRESP,CR,1652
S0401,ARM1,OVRLRESP,CR,1680
S0401,ARM1,OVRLRESP,CR,1708
S0401,ARM1,OVRLRESP,CR,1736
S0401,ARM1,OVRLRESP,CR,1764
S0401,ARM1,OVRLRESP,CR,1792
S0401,ARM1,OVRLRESP,CR,1820
S0401,ARM1,OVRLRESP,CR,1848
S0401,ARM1,OVRLRESP,CR,1876
S0401,ARM1,OVRLRESP,CR,1904
S0401,ARM1,OVRLRESP,CR,1932
S0401,ARM1,OVRLRESP,CR,1960
S0401,ARM1,OVRLRESP,CR,1988
S0401,ARM1,OVRLRESP,CR,2016
S0401,ARM1,OVRLRESP,CR,2044
S0401,ARM1,OVRLRESP,CR,2072
S0401,ARM1,OVRLRESP,CR,2100
S0401,ARM1,CBOR,CR,56
S0405,ARM1,CBOR,NE,
S0406,ARM1,OVRLRESP,SD,28
S0406,ARM1,OVRLRESP,SD,56
S0406,ARM1,OVRLRESP,SD,84
S0406,ARM1,OVRLRESP,SD,112
S0406,ARM1,OVRLRESP,SD,140
S0406,ARM1,OVRLRESP,SD,168
S0406,ARM1,OVRLRESP,SD,196
S0406,ARM1,OVRLRESP,SD,224
S0406,ARM1,OVRLRESP,SD,252
S0406,ARM1,OVRLRESP,SD,280
S0406,ARM1,OVRLRESP,SD,308
S0406,ARM1,OVRLRESP,SD,336
S0406,ARM1,OVRLRESP,SD,364
S0406,ARM1,OVRLRESP,SD,392
S0406,ARM1,OVRLRESP,SD,420
S0406,ARM1,OVRLRESP,SD,448
S0406,ARM1,OVRLRESP,SD,476
S0406,ARM1,OVRLRESP,SD,504
S0406,ARM1,OVRLRESP,SD,532
S0406,ARM1,OVRLRESP,SD,560
S0406,ARM1,OVRLRESP,SD,588
S0406,ARM1,OVRLRESP,SD,616
S0406,ARM1,OVRLRESP,SD,644
S0406,ARM1,OVRLRESP,SD,672
S0406,ARM1,OVRLRESP,SD,700
S0406,ARM1,OVRLRESP,SD,728
S0406,ARM1,OVRLRESP,SD,756
S0406,ARM1,OVRLRESP,SD,784
S0406,ARM1,OVRLRESP,SD,812
S0406,ARM1,OVRLRESP,SD,840
S0406,ARM1,OVRLRESP,SD,868
S0406,ARM1,OVRLRESP,SD,896
S0406,ARM1,OVRLRESP,SD,924
S0406,ARM1,OVRLRESP,SD,952
S0406,ARM1,OVRLRESP,SD,980
S0406,ARM1,OVRLRESP,SD,1008
S0406,ARM1,OVRLRESP,SD,1036
S0406,ARM1,OVRLRESP,SD,1064
S0406,ARM1,OVRLRESP,SD,1092
S0406,ARM1,OVRLRESP,SD,1120
S0406,ARM1,OVRLRESP,SD,1148
S0406,ARM1,OVRLRESP,SD,1176
S0406,ARM1,OVRLRESP,SD,1204
S0406,ARM1,OVRLRESP,SD,1232
S0406,ARM1,OVRLRESP,SD,1260
S0406,ARM1,OVRLRESP,SD,1288
S0406,ARM1,OVRLRESP,SD,1316
S0406,ARM1,OVRLRESP,SD,1344
S0406,ARM1,OVRLRESP,SD,1372
S0406,ARM1,OVRLRESP,SD,1400
S0406,ARM1,OVRLRESP,SD,1428
S0406,ARM1,OVRLRESP,SD,1456
S0406,ARM1,OVRLRESP,SD,1484
S0406,ARM1,OVRLRESP,SD,1512
S0406,ARM1,OVRLRESP,SD,1540
S0406,ARM1,OVRLRESP,SD,1568
S0406,ARM1,OVRLRESP,SD,1596
S0406,ARM1,OVRLRESP,SD,1624
S0406,ARM1,OVRLRESP,SD,1652
S0406,ARM1,OVRLRESP,SD,1680
S0406,ARM1,OVRLRESP,SD,1708
S0406,ARM1,OVRLRESP,SD,1736
S0406,ARM1,OVRLRESP,SD,1764
S0406,ARM1,OVRLRESP,SD,1792
S0406,ARM1,OVRLRESP,SD,1820
S0406,ARM1,OVRLRESP,SD,1848
S0406,ARM1,OVRLRESP,SD,1876
S0406,ARM1,OVRLRESP,SD,1904
S0406,ARM1,OVRLRESP,SD,1932
S0406,ARM1,OVRLRESP,SD,1960
S0406,ARM1,OVRLRESP,SD,1988
S0406,ARM1,OVRLRESP,SD,2016
S0406,ARM1,OVRLRESP,SD,2044
S0406,ARM1,OVRLRESP,SD,2072
S0406,ARM1,CBOR,SD,56
S0408,ARM1,OVRLRESP,SD,28
S0408,ARM1,OVRLRESP,PR,56
S0408,ARM1,OVRLRESP,PD,84
S0408,ARM1,CBOR,SD,56
S0410,ARM1,OVRLRESP,SD,28
S0410,ARM1,OVRLRESP,CR,56
S0410,ARM1,OVRLRESP,CR,84
S0410,ARM1,OVRLRESP,CR,112
S0410,ARM1,OVRLRESP,CR,140
S0410,ARM1,OVRLRESP,CR,168
S0410,ARM1,OVRLRESP,CR,196
S0410,ARM1,OVRLRESP,CR,224
S0410,ARM1,OVRLRESP,CR,252
S0410,ARM1,OVRLRESP,CR,280
S0410,ARM1,OVRLRESP,CR,308
S0410,ARM1,OVRLRESP,CR,336
S0410,ARM1,OVRLRESP,CR,364
S0410,ARM1,OVRLRESP,CR,392
S0410,ARM1,OVRLRESP,CR,420
S0410,ARM1,OVRLRESP,CR,448
S0410,ARM1,OVRLRESP,CR,476
S0410,ARM1,OVRLRESP,CR,504
S0410,ARM1,OVRLRESP,CR,532
S0410,ARM1,OVRLRESP,CR,560
S0410,ARM1,OVRLRESP,CR,588
S0410,ARM1,OVRLRESP,CR,616
S0410,ARM1,OVRLRESP,CR,644
S0410,ARM1,OVRLRESP,CR,672
S0410,ARM1,OVRLRESP,CR,700
S0410,ARM1,OVRLRESP,CR,728
S0410,ARM1,OVRLRESP,CR,756
S0410,ARM1,OVRLRESP,CR,784
S0410,ARM1,OVRLRESP,CR,812
S0410,ARM1,OVRLRESP,CR,840
S0410,ARM1,OVRLRESP,CR,868
S0410,ARM1,OVRLRESP,CR,896
S0410,ARM1,OVRLRESP,CR,924
S0410,ARM1,OVRLRESP,CR,952
S0410,ARM1,OVRLRESP,CR,980
S0410,ARM1,OVRLRESP,CR,1008
S0410,ARM1,OVRLRESP,CR,1036
S0410,ARM1,OVRLRESP,CR,1064
S0410,ARM1,OVRLRESP,CR,1092
S0410,ARM1,OVRLRESP,CR,1120
S0410,ARM1,OVRLRESP,CR,1148
S0410,ARM1,OVRLRESP,CR,1176
S0410,ARM1,OVRLRESP,CR,1204
S0410,ARM1,OVRLRESP,CR,1232
S0410,ARM1,OVRLRESP,CR,1260
S0410,ARM1,OVRLRESP,CR,1288
S0410,ARM1,OVRLRESP,CR,1316
S0410,ARM1,OVRLRESP,CR,1344
S0410,ARM1,OVRLRESP,CR,1372
S0410,ARM1,OVRLRESP,CR,1400
S0410,ARM1,OVRLRESP,CR,1428
S0410,ARM1,OVRLRESP,CR,1456
S0410,ARM1,OVRLRESP,PR,1484
S0410,ARM1,OVRLRESP,PR,1512
S0410,ARM1,OVRLRESP,PR,1540
S0410,ARM1,OVRLRESP,PR,1568
S0410,ARM1,OVRLRESP,PR,1596
S0410,ARM1,OVRLRESP,PR,1624
S0410,ARM1,OVRLRESP,PR,1652
S0410,ARM1,CBOR,CR,56
S0411,ARM1,OVRLRESP,PR,28
S0411,ARM1,OVRLRESP,CR,56
S0411,ARM1,OVRLRESP,CR,84
S0411,ARM1,OVRLRESP,CR,112
S0411,ARM1,OVRLRESP,CR,140
S0411,ARM1,OVRLRESP,CR,168
S0411,ARM1,OVRLRESP,CR,196
S0411,ARM1,OVRLRESP,CR,224
S0411,ARM1,OVRLRESP,CR,252
S0411,ARM1,OVRLRESP,CR,280
S0411,ARM1,OVRLRESP,CR,308
S0411,ARM1,OVRLRESP,CR,336
S0411,ARM1,OVRLRESP,CR,364
S0411,ARM1,OVRLRESP,CR,392
S0411,ARM1,OVRLRESP,CR,420
S0411,ARM1,OVRLRESP,CR,448
S0411,ARM1,OVRLRESP,CR,476
S0411,ARM1,OVRLRESP,CR,504
S0411,ARM1,OVRLRESP,CR,532
S0411,ARM1,OVRLRESP,CR,560
S0411,ARM1,OVRLRESP,CR,588
S0411,ARM1,OVRLRESP,CR,616
S0411,ARM1,OVRLRESP,CR,644
S0411,ARM1,OVRLRESP,CR,672
S0411,ARM1,OVRLRESP,CR,700
S0411,ARM1,OVRLRESP,CR,728
S0411,ARM1,OVRLRESP,CR,756
S0411,ARM1,OVRLRESP,CR,784
S0411,ARM1,OVRLRESP,CR,812
S0411,ARM1,OVRLRESP,CR,840
S0411,ARM1,OVRLRESP,CR,868
S0411,ARM1,OVRLRESP,CR,896
S0411,ARM1,OVRLRESP,CR,924
S0411,ARM1,OVRLRESP,CR,952
S0411,ARM1,OVRLRESP,CR,980
S0411,ARM1,OVRLRESP,CR,1008
S0411,ARM1,OVRLRESP,CR,1036
S0411,ARM1,OVRLRESP,CR,1064
S0411,ARM1,OVRLRESP,CR,1092
S0411,ARM1,OVRLRESP,CR,1120
S0411,ARM1,OVRLRESP,CR,1148
S0411,ARM1,OVRLRESP,CR,1176
S0411,ARM1,OVRLRESP,CR,1204
S0411,ARM1,OVRLRESP,CR,1232
S0411,ARM1,OVRLRESP,CR,1260
S0411,ARM1,OVRLRESP,CR,1288
S0411,ARM1,OVRLRESP,CR,1316
S0411,ARM1,OVRLRESP,CR,1344
S0411,ARM1,OVRLRESP,CR,1372
S0411,ARM1,OVRLRESP,CR,1400
S0411,ARM1,OVRLRESP,CR,1428
S0411,ARM1,OVRLRESP,CR,1456
S0411,ARM1,OVRLRESP,CR,1484
S0411,ARM1,OVRLRESP,CR,1512
S0411,ARM1,OVRLRESP,CR,1540
S0411,ARM1,OVRLRESP,CR,1568
S0411,ARM1,OVRLRESP,CR,1596
S0411,ARM1,OVRLRESP,CR,1624
S0411,ARM1,OVRLRESP,CR,1652
S0411,ARM1,OVRLRESP,CR,1680
S0411,ARM1,OVRLRESP,CR,1708
S0411,ARM1,OVRLRESP,CR,1736
S0411,ARM1,OVRLRESP,CR,1764
S0411,ARM1,OVRLRESP,CR,1792
S0411,ARM1,OVRLRESP,CR,1820
S0411,ARM1,OVRLRESP,CR,1848
S0411,ARM1,OVRLRESP,CR,1876
S0411,ARM1,OVRLRESP,PR,1904
S0411,ARM1,OVRLRESP,PR,1932
S0411,ARM1,OVRLRESP,PR,1960
S0411,ARM1,OVRLRESP,PR,1988
S0411,ARM1,OVRLRESP,PR,2016
S0411,ARM1,OVRLRESP,PR,2044
S0411,ARM1,OVRLRESP,PR,2072
S0411,ARM1,CBOR,CR,56
S0412,ARM1,OVRLRESP,SD,28
S0412,ARM1,OVRLRESP,PR,56
S0412,ARM1,OVRLRESP,PR,84
S0412,ARM1,OVRLRESP,PR,112
S0412,ARM1,OVRLRESP,PR,140
S0412,ARM1,OVRLRESP,PR,168
S0412,ARM1,OVRLRESP,PR,196
S0412,ARM1,OVRLRESP,PR,224
S0412,ARM1,OVRLRESP,PR,252
S0412,ARM1,OVRLRESP,PR,280
S0412,ARM1,OVRLRESP,PR,308
S0412,ARM1,OVRLRESP,PR,336
S0412,ARM1,OVRLRESP,PR,364
S0412,ARM1,OVRLRESP,PR,392
S0412,ARM1,OVRLRESP,PR,420
S0412,ARM1,OVRLRESP,PR,448
S0412,ARM1,OVRLRESP,PR,476
S0412,ARM1,OVRLRESP,PR,504
S0412,ARM1,OVRLRESP,PR,532
S0412,ARM1,OVRLRESP,PR,560
S0412,ARM1,OVRLRESP,PR,588
S0412,ARM1,OVRLRESP,PR,616
S0412,ARM1,OVRLRESP,PR,644
S0412,ARM1,CBOR,PR,56
S0417,ARM1,OVRLRESP,SD,28
S0417,ARM1,OVRLRESP,PR,56
S0417,ARM1,OVRLRESP,PR,84
S0417,ARM1,OVRLRESP,PR,112
S0417,ARM1,OVRLRESP,PR,140
S0417,ARM1,OVRLRESP,PR,168
S0417,ARM1,OVRLRESP,PR,196
S0417,ARM1,OVRLRESP,PR,224
S0417,ARM1,OVRLRESP,PR,252
S0417,ARM1,OVRLRESP,PR,280
S0417,ARM1,OVRLRESP,PR,308
S0417,ARM1,OVRLRESP,PR,336
S0417,ARM1,OVRLRESP,PR,364
S0417,ARM1,OVRLRESP,PR,392
S0417,ARM1,OVRLRESP,PR,420
S0417,ARM1,OVRLRESP,PR,448
S0417,ARM1,OVRLRESP,PR,476
S0417,ARM1,OVRLRESP,PR,504
S0417,ARM1,OVRLRESP,PR,532
S0417,ARM1,OVRLRESP,PR,560
S0417,ARM1,OVRLRESP,PR,588
S0417,ARM1,OVRLRESP,PR,616
S0417,ARM1,OVRLRESP,PR,644
S0417,ARM1,OVRLRESP,PR,672
S0417,ARM1,OVRLRESP,PR,700
S0417,ARM1,OVRLRESP,PR,728
S0417,ARM1,OVRLRESP,PR,756
S0417,ARM1,OVRLRESP,PR,784
S0417,ARM1,OVRLRESP,PR,812
S0417,ARM1,OVRLRESP,PR,840
S0417,ARM1,OVRLRESP,PR,868
S0417,ARM1,OVRLRESP,PR,896
S0417,ARM1,OVRLRESP,PR,924
S0417,ARM1,OVRLRESP,PR,952
S0417,ARM1,OVRLRESP,PR,980
S0417,ARM1,OVRLRESP,PR,1008
S0417,ARM1,OVRLRESP,PR,1036
S0417,ARM1,OVRLRESP,PR,1064
S0417,ARM1,OVRLRESP,PR,1092
S0417,ARM1,OVRLRESP,PR,1120
S0417,ARM1,OVRLRESP,PR,1148
S0417,ARM1,OVRLRESP,PR,1176
S0417,ARM1,OVRLRESP,PR,1204
S0417,ARM1,OVRLRESP,PR,1232
S0417,ARM1,OVRLRESP,PR,1260
S0417,ARM1,OVRLRESP,PR,1288
S0417,ARM1,OVRLRESP,PR,1316
S0417,ARM1,OVRLRESP,PR,1344
S0417,ARM1,OVRLRESP,PR,1372
S0417,ARM1,OVRLRESP,PR,1400
S0417,ARM1,OVRLRESP,PR,1428
S0417,ARM1,OVRLRESP,PR,1456
S0417,ARM1,OVRLRESP,PR,1484
S0417,ARM1,OVRLRESP,PR,1512
S0417,ARM1,OVRLRESP,PR,1540
S0417,ARM1,OVRLRESP,PR,1568
S0417,ARM1,OVRLRESP,PR,1596
S0417,ARM1,OVRLRESP,PR,1624
S0417,ARM1,OVRLRESP,PR,1652
S0417,ARM1,OVRLRESP,PR,1680
S0417,ARM1,OVRLRESP,PR,1708
S0417,ARM1,OVRLRESP,PR,1736
S0417,ARM1,OVRLRESP,PR,1764
S0417,ARM1,OVRLRESP,PR,1792
S0417,ARM1,OVRLRESP,PR,1820
S0417,ARM1,OVRLRESP,PR,1848
S0417,ARM1,OVRLRESP,PR,1876
S0417,ARM1,OVRLRESP,PR,1904
S0417,ARM1,OVRLRESP,PR,1932
S0417,ARM1,OVRLRESP,PR,1960
S0417,ARM1,OVRLRESP,PR,1988
S0417,ARM1,OVRLRESP,PR,2016
S0417,ARM1,OVRLRESP,PR,2044
S0417,ARM1,CBOR,PR,56
S0419,ARM1,OVRLRESP,SD,28
S0419,ARM1,OVRLRESP,PR,56
S0419,ARM1,OVRLRESP,PR,84
S0419,ARM1,OVRLRESP,PR,112
S0419,ARM1,OVRLRESP,PR,140
S0419,ARM1,OVRLRESP,PR,168
S0419,ARM1,OVRLRESP,PR,196
S0419,ARM1,OVRLRESP,PR,224
S0419,ARM1,OVRLRESP,PR,252
S0419,ARM1,OVRLRESP,PR,280
S0419,ARM1,OVRLRESP,PR,308
S0419,ARM1,OVRLRESP,PR,336
S0419,ARM1,OVRLRESP,PR,364
S0419,ARM1,OVRLRESP,PR,392
S0419,ARM1,OVRLRESP,PR,420
S0419,ARM1,OVRLRESP,PR,448
S0419,ARM1,OVRLRESP,PR,476
S0419,ARM1,OVRLRESP,PR,504
S0419,ARM1,OVRLRESP,PR,532
S0419,ARM1,OVRLRESP,PR,560
S0419,ARM1,OVRLRESP,PR,588
S0419,ARM1,OVRLRESP,PR,616
S0419,ARM1,OVRLRESP,PR,644
S0419,ARM1,OVRLRESP,PR,672
S0419,ARM1,OVRLRESP,PR,700
S0419,ARM1,OVRLRESP,PR,728
S0419,ARM1,OVRLRESP,PR,756
S0419,ARM1,OVRLRESP,PD,784
S0419,ARM1,CBOR,PR,56
S0420,ARM1,OVRLRESP,SD,28
S0420,ARM1,OVRLRESP,PR,56
S0420,ARM1,OVRLRESP,PR,84
S0420,ARM1,OVRLRESP,PR,112
S0420,ARM1,OVRLRESP,PR,140
S0420,ARM1,OVRLRESP,PR,168
S0420,ARM1,OVRLRESP,PR,196
S0420,ARM1,OVRLRESP,PR,224
S0420,ARM1,OVRLRESP,PR,252
S0420,ARM1,OVRLRESP,PR,280
S0420,ARM1,OVRLRESP,PR,308
S0420,ARM1,OVRLRESP,PR,336
S0420,ARM1,OVRLRESP,PR,364
S0420,ARM1,OVRLRESP,PR,392
S0420,ARM1,OVRLRESP,PR,420
S0420,ARM1,OVRLRESP,PR,448
S0420,ARM1,OVRLRESP,PR,476
S0420,ARM1,OVRLRESP,PR,504
S0420,ARM1,OVRLRESP,PR,532
S0420,ARM1,OVRLRESP,PR,560
S0420,ARM1,OVRLRESP,PR,588
S0420,ARM1,OVRLRESP,PR,616
S0420,ARM1,OVRLRESP,PR,644
S0420,ARM1,OVRLRESP,PR,672
S0420,ARM1,OVRLRESP,PR,700
S0420,ARM1,OVRLRESP,PR,728
S0420,ARM1,OVRLRESP,PR,756
S0420,ARM1,OVRLRESP,PR,784
S0420,ARM1,OVRLRESP,PR,812
S0420,ARM1,OVRLRESP,PR,840
S0420,ARM1,OVRLRESP,PR,868
S0420,ARM1,OVRLRESP,PR,896
S0420,ARM1,OVRLRESP,PR,924
S0420,ARM1,OVRLRESP,PR,952
S0420,ARM1,OVRLRESP,PR,980
S0420,ARM1,OVRLRESP,PR,1008
S0420,ARM1,OVRLRESP,PR,1036
S0420,ARM1,OVRLRESP,PR,1064
S0420,ARM1,OVRLRESP,PR,1092
S0420,ARM1,OVRLRESP,PR,1120
S0420,ARM1,OVRLRESP,PR,1148
S0420,ARM1,OVRLRESP,PR,1176
S0420,ARM1,OVRLRESP,PR,1204
S0420,ARM1,OVRLRESP,PR,1232
S0420,ARM1,OVRLRESP,PR,1260
S0420,ARM1,OVRLRESP,PR,1288
S0420,ARM1,OVRLRESP,PR,1316
S0420,ARM1,OVRLRESP,PR,1344
S0420,ARM1,OVRLRESP,PR,1372
S0420,ARM1,OVRLRESP,PR,1400
S0420,ARM1,OVRLRESP,PR,1428
S0420,ARM1,OVRLRESP,PR,1456
S0420,ARM1,OVRLRESP,PR,1484
S0420,ARM1,OVRLRESP,PR,1512
S0420,ARM1,OVRLRESP,PR,1540
S0420,ARM1,OVRLRESP,PR,1568
S0420,ARM1,OVRLRESP,PR,1596
S0420,ARM1,OVRLRESP,PR,1624
S0420,ARM1,OVRLRESP,PR,1652
S0420,ARM1,OVRLRESP,PR,1680
S0420,ARM1,OVRLRESP,PR,1708
S0420,ARM1,OVRLRESP,PR,1736
S0420,ARM1,OVRLRESP,PR,1764
S0420,ARM1,OVRLRESP,PR,1792
S0420,ARM1,OVRLRESP,PR,1820
S0420,ARM1,OVRLRESP,PR,1848
S0420,ARM1,OVRLRESP,PR,1876
S0420,ARM1,OVRLRESP,PR,1904
S0420,ARM1,OVRLRESP,PR,1932
S0420,ARM1,OVRLRESP,PR,1960
S0420,ARM1,OVRLRESP,PR,1988
S0420,ARM1,OVRLRESP,PR,2016
S0420,ARM1,OVRLRESP,PR,2044
S0420,ARM1,CBOR,PR,56
S0421,ARM1,OVRLRESP,SD,28
S0421,ARM1,OVRLRESP,SD,56
S0421,ARM1,OVRLRESP,SD,84
S0421,ARM1,OVRLRESP,SD,112
S0421,ARM1,OVRLRESP,SD,140
S0421,ARM1,OVRLRESP,SD,168
S0421,ARM1,OVRLRESP,SD,196
S0421,ARM1,OVRLRESP,SD,224
S0421,ARM1,OVRLRESP,SD,252
S0421,ARM1,OVRLRESP,SD,280
S0421,ARM1,OVRLRESP,SD,308
S0421,ARM1,OVRLRESP,SD,336
S0421,ARM1,OVRLRESP,SD,364
S0421,ARM1,OVRLRESP,SD,392
S0421,ARM1,OVRLRESP,SD,420
S0421,ARM1,OVRLRESP,SD,448
S0421,ARM1,OVRLRESP,SD,476
S0421,ARM1,OVRLRESP,SD,504
S0421,ARM1,OVRLRESP,SD,532
S0421,ARM1,OVRLRESP,SD,560
S0421,ARM1,OVRLRESP,SD,588
S0421,ARM1,OVRLRESP,SD,616
S0421,ARM1,OVRLRESP,SD,644
S0421,ARM1,OVRLRESP,SD,672
S0421,ARM1,OVRLRESP,SD,700
S0421,ARM1,OVRLRESP,SD,728
S0421,ARM1,OVRLRESP,SD,756
S0421,ARM1,OVRLRESP,SD,784
S0421,ARM1,OVRLRESP,SD,812
S0421,ARM1,OVRLRESP,SD,840
S0421,ARM1,OVRLRESP,SD,868
S0421,ARM1,OVRLRESP,SD,896
S0421,ARM1,OVRLRESP,SD,924
S0421,ARM1,OVRLRESP,SD,952
S0421,ARM1,OVRLRESP,SD,980
S0421,ARM1,OVRLRESP,SD,1008
S0421,ARM1,OVRLRESP,SD,1036
S0421,ARM1,OVRLRESP,SD,1064
S0421,ARM1,OVRLRESP,SD,1092
S0421,ARM1,OVRLRESP,SD,1120
S0421,ARM1,OVRLRESP,SD,1148
S0421,ARM1,OVRLRESP,SD,1176
S0421,ARM1,OVRLRESP,SD,1204
S0421,ARM1,OVRLRESP,SD,1232
S0421,ARM1,OVRLRESP,SD,1260
S0421,ARM1,OVRLRESP,SD,1288
S0421,ARM1,OVRLRESP,SD,1316
S0421,ARM1,OVRLRESP,SD,1344
S0421,ARM1,OVRLRESP,SD,1372
S0421,ARM1,OVRLRESP,SD,1400
S0421,ARM1,OVRLRESP,SD,1428
S0421,ARM1,OVRLRESP,SD,1456
S0421,ARM1,OVRLRESP,SD,1484
S0421,ARM1,OVRLRESP,SD,1512
S0421,ARM1,OVRLRESP,SD,1540
S0421,ARM1,OVRLRESP,SD,1568
S0421,ARM1,OVRLRESP,SD,1596
S0421,ARM1,OVRLRESP,SD,1624
S0421,ARM1,OVRLRESP,SD,1652
S0421,ARM1,OVRLRESP,SD,1680
S0421,ARM1,OVRLRESP,SD,1708
S0421,ARM1,OVRLRESP,SD,1736
S0421,ARM1,OVRLRESP,SD,1764
S0421,ARM1,OVRLRESP,SD,1792
S0421,ARM1,OVRLRESP,SD,1820
S0421,ARM1,OVRLRESP,SD,1848
S0421,ARM1,OVRLRESP,SD,1876
S0421,ARM1,OVRLRESP,SD,1904
S0421,ARM1,OVRLRESP,SD,1932
S0421,ARM1,OVRLRESP,SD,1960
S0421,ARM1,OVRLRESP,SD,1988
S0421,ARM1,OVRLRESP,SD,2016
S0421,ARM1,CBOR,SD,56
S0422,ARM1,OVRLRESP,SD,28
S0422,ARM1,OVRLRESP,PR,56
S0422,ARM1,OVRLRESP,PR,84
S0422,ARM1,OVRLRESP,PR,112
S0422,ARM1,OVRLRESP,PR,140
S0422,ARM1,OVRLRESP,PR,168
S0422,ARM1,OVRLRESP,PR,196
S0422,ARM1,OVRLRESP,PR,224
S0422,ARM1,OVRLRESP,PR,252
S0422,ARM1,OVRLRESP,PR,280
S0422,ARM1,OVRLRESP,PR,308
S0422,ARM1,OVRLRESP,PR,336
S0422,ARM1,OVRLRESP,PR,364
S0422,ARM1,OVRLRESP,PR,392
S0422,ARM1,OVRLRESP,PR,420
S0422,ARM1,OVRLRESP,PR,448
S0422,ARM1,OVRLRESP,PR,476
S0422,ARM1,OVRLRESP,PR,504
S0422,ARM1,OVRLRESP,PR,532
S0422,ARM1,OVRLRESP,PR,560
S0422,ARM1,OVRLRESP,PR,588
S0422,ARM1,OVRLRESP,PR,616
S0422,ARM1,OVRLRESP,PR,644
S0422,ARM1,OVRLRESP,PR,672
S0422,ARM1,OVRLRESP,PR,700
S0422,ARM1,OVRLRESP,PR,728
S0422,ARM1,OVRLRESP,PR,756
S0422,ARM1,OVRLRESP,PR,784
S0422,ARM1,OVRLRESP,PR,812
S0422,ARM1,OVRLRESP,PR,840
S0422,ARM1,OVRLRESP,PR,868
S0422,ARM1,OVRLRESP,PR,896
S0422,ARM1,OVRLRESP,PR,924
S0422,ARM1,OVRLRESP,PR,952
S0422,ARM1,OVRLRESP,PR,980
S0422,ARM1,OVRLRESP,PR,1008
S0422,ARM1,OVRLRESP,PR,1036
S0422,ARM1,OVRLRESP,PR,1064
S0422,ARM1,OVRLRESP,PR,1092
S0422,ARM1,OVRLRESP,PR,1120
S0422,ARM1,OVRLRESP,PR,1148
S0422,ARM1,OVRLRESP,PR,1176
S0422,ARM1,OVRLRESP,PR,1204
S0422,ARM1,OVRLRESP,PD,1232
S0422,ARM1,CBOR,PR,56
S0425,ARM1,OVRLRESP,PR,28
S0425,ARM1,OVRLRESP,PD,56
S0425,ARM1,CBOR,PD,56
S0426,ARM1,OVRLRESP,SD,28
S0426,ARM1,OVRLRESP,PR,56
S0426,ARM1,OVRLRESP,PR,84
S0426,ARM1,OVRLRESP,PR,112
S0426,ARM1,OVRLRESP,PR,140
S0426,ARM1,OVRLRESP,PR,168
S0426,ARM1,OVRLRESP,PR,196
S0426,ARM1,OVRLRESP,PR,224
S0426,ARM1,OVRLRESP,PR,252
S0426,ARM1,OVRLRESP,PR,280
S0426,ARM1,OVRLRESP,PR,308
S0426,ARM1,OVRLRESP,PR,336
S0426,ARM1,OVRLRESP,PR,364
S0426,ARM1,OVRLRESP,PR,392
S0426,ARM1,OVRLRESP,PR,420
S0426,ARM1,OVRLRESP,PR,448
S0426,ARM1,OVRLRESP,PR,476
S0426,ARM1,OVRLRESP,PR,504
S0426,ARM1,OVRLRESP,PR,532
S0426,ARM1,OVRLRESP,PR,560
S0426,ARM1,OVRLRESP,PR,588
S0426,ARM1,OVRLRESP,PR,616
S0426,ARM1,OVRLRESP,PR,644
S0426,ARM1,OVRLRESP,PR,672
S0426,ARM1,OVRLRESP,PR,700
S0426,ARM1,OVRLRESP,PR,728
S0426,ARM1,OVRLRESP,PR,756
S0426,ARM1,OVRLRESP,PR,784
S0426,ARM1,OVRLRESP,PR,812
S0426,ARM1,OVRLRESP,PR,840
S0426,ARM1,OVRLRESP,PR,868
S0426,ARM1,OVRLRESP,PR,896
S0426,ARM1,OVRLRESP,PR,924
S0426,ARM1,OVRLRESP,PR,952
S0426,ARM1,OVRLRESP,PR,980
S0426,ARM1,OVRLRESP,PR,1008
S0426,ARM1,OVRLRESP,PR,1036
S0426,ARM1,OVRLRESP,PR,1064
S0426,ARM1,OVRLRESP,PR,1092
S0426,ARM1,OVRLRESP,PR,1120
S0426,ARM1,OVRLRESP,PR,1148
S0426,ARM1,OVRLRESP,PR,1176
S0426,ARM1,OVRLRESP,PR,1204
S0426,ARM1,OVRLRESP,PR,1232
S0426,ARM1,OVRLRESP,PD,1260
S0426,ARM1,CBOR,PR,56
S0427,ARM1,OVRLRESP,SD,28
S0427,ARM1,OVRLRESP,PR,56
S0427,ARM1,OVRLRESP,PR,84
S0427,ARM1,OVRLRESP,PR,112
S0427,ARM1,OVRLRESP,PR,140
S0427,ARM1,OVRLRESP,PD,168
S0427,ARM1,CBOR,PR,56
S0429,ARM1,OVRLRESP,SD,28
S0429,ARM1,OVRLRESP,PR,56
S0429,ARM1,OVRLRESP,PR,84
S0429,ARM1,OVRLRESP,PR,112
S0429,ARM1,OVRLRESP,PR,140
S0429,ARM1,OVRLRESP,PR,168
S0429,ARM1,OVRLRESP,PR,196
S0429,ARM1,OVRLRESP,PR,224
S0429,ARM1,OVRLRESP,PR,252
S0429,ARM1,OVRLRESP,PR,280
S0429,ARM1,OVRLRESP,PR,308
S0429,ARM1,OVRLRESP,PR,336
S0429,ARM1,OVRLRESP,PR,364
S0429,ARM1,OVRLRESP,PR,392
S0429,ARM1,OVRLRESP,PR,420
S0429,ARM1,OVRLRESP,PR,448
S0429,ARM1,OVRLRESP,PR,476
S0429,ARM1,OVRLRESP,PR,504
S0429,ARM1,OVRLRESP,PR,532
S0429,ARM1,OVRLRESP,PR,560
S0429,ARM1,OVRLRESP,PR,588
S0429,ARM1,OVRLRESP,PR,616
S0429,ARM1,OVRLRESP,PR,644
S0429,ARM1,OVRLRESP,PR,672
S0429,ARM1,OVRLRESP,PR,700
S0429,ARM1,OVRLRESP,PR,728
S0429,ARM1,OVRLRESP,PR,756
S0429,ARM1,OVRLRESP,PR,784
S0429,ARM1,OVRLRESP,PR,812
S0429,ARM1,OVRLRESP,PR,840
S0429,ARM1,OVRLRESP,PR,868
S0429,ARM1,OVRLRESP,PR,896
S0429,ARM1,OVRLRESP,PR,924
S0429,ARM1,OVRLRESP,PR,952
S0429,ARM1,OVRLRESP,PR,980
S0429,ARM1,OVRLRESP,PR,1008
S0429,ARM1,OVRLRESP,PR,1036
S0429,ARM1,OVRLRESP,PR,1064
S0429,ARM1,OVRLRESP,PR,1092
S0429,ARM1,OVRLRESP,PR,1120
S0429,ARM1,OVRLRESP,PR,1148
S0429,ARM1,OVRLRESP,PR,1176
S0429,ARM1,OVRLRESP,PR,1204
S0429,ARM1,OVRLRESP,PR,1232
S0429,ARM1,OVRLRESP,PR,1260
S0429,ARM1,OVRLRESP,PR,1288
S0429,ARM1,OVRLRESP,PR,1316
S0429,ARM1,OVRLRESP,PR,1344
S0429,ARM1,OVRLRESP,PR,1372
S0429,ARM1,OVRLRESP,PR,1400
S0429,ARM1,OVRLRESP,PR,1428
S0429,ARM1,OVRLRESP,PR,1456
S0429,ARM1,OVRLRESP,PR,1484
S0429,ARM1,OVRLRESP,PR,1512
S0429,ARM1,OVRLRESP,PR,1540
S0429,ARM1,OVRLRESP,PR,1568
S0429,ARM1,OVRLRESP,PR,1596
S0429,ARM1,OVRLRESP,PR,1624
S0429,ARM1,OVRLRESP,PR,1652
S0429,ARM1,OVRLRESP,PR,1680
S0429,ARM1,OVRLRESP,PR,1708
S0429,ARM1,OVRLRESP,PR,1736
S0429,ARM1,OVRLRESP,PR,1764
S0429,ARM1,OVRLRESP,PR,1792
S0429,ARM1,OVRLRESP,PR,1820
S0429,ARM1,OVRLRESP,PR,1848
S0429,ARM1,OVRLRESP,PR,1876
S0429,ARM1,OVRLRESP,PR,1904
S0429,ARM1,OVRLRESP,PR,1932
S0429,ARM1,OVRLRESP,PR,1960
S0429,ARM1,CBOR,PR,56
S0434,ARM1,OVRLRESP,SD,28
S0434,ARM1,OVRLRESP,PR,56
S0434,ARM1,OVRLRESP,PD,84
S0434,ARM1,CBOR,SD,56
S0435,ARM1,OVRLRESP,PR,28
S0435,ARM1,OVRLRESP,CR,56
S0435,ARM1,OVRLRESP,CR,84
S0435,ARM1,OVRLRESP,CR,112
S0435,ARM1,OVRLRESP,CR,140
S0435,ARM1,OVRLRESP,CR,168
S0435,ARM1,OVRLRESP,CR,196
S0435,ARM1,OVRLRESP,CR,224
S0435,ARM1,OVRLRESP,CR,252
S0435,ARM1,OVRLRESP,CR,280
S0435,ARM1,OVRLRESP,CR,308
S0435,ARM1,OVRLRESP,CR,336
S0435,ARM1,OVRLRESP,PR,364
S0435,ARM1,OVRLRESP,PR,392
S0435,ARM1,OVRLRESP,PR,420
S0435,ARM1,OVRLRESP,PR,448
S0435,ARM1,OVRLRESP,PR,476
S0435,ARM1,OVRLRESP,PR,504
S0435,ARM1,OVRLRESP,PR,532
S0435,ARM1,OVRLRESP,PR,560
S0435,ARM1,OVRLRESP,PR,588
S0435,ARM1,OVRLRESP,PR,616
S0435,ARM1,OVRLRESP,PR,644
S0435,ARM1,OVRLRESP,PR,672
S0435,ARM1,OVRLRESP,PR,700
S0435,ARM1,OVRLRESP,PR,728
S0435,ARM1,OVRLRESP,PR,756
S0435,ARM1,OVRLRESP,PR,784
S0435,ARM1,OVRLRESP,PR,812
S0435,ARM1,OVRLRESP,PR,840
S0435,ARM1,OVRLRESP,PR,868
S0435,ARM1,OVRLRESP,PR,896
S0435,ARM1,OVRLRESP,PR,924
S0435,ARM1,OVRLRESP,PR,952
S0435,ARM1,OVRLRESP,PR,980
S0435,ARM1,OVRLRESP,PR,1008
S0435,ARM1,OVRLRESP,PR,1036
S0435,ARM1,OVRLRESP,PR,1064
S0435,ARM1,OVRLRESP,PR,1092
S0435,ARM1,OVRLRESP,PR,1120
S0435,ARM1,OVRLRESP,PR,1148
S0435,ARM1,OVRLRESP,PR,1176
S0435,ARM1,OVRLRESP,PR,1204
S0435,ARM1,OVRLRESP,PR,1232
S0435,ARM1,OVRLRESP,PR,1260
S0435,ARM1,OVRLRESP,PR,1288
S0435,ARM1,OVRLRESP,PR,1316
S0435,ARM1,OVRLRESP,PR,1344
S0435,ARM1,OVRLRESP,PR,1372
S0435,ARM1,OVRLRESP,PR,1400
S0435,ARM1,OVRLRESP,PR,1428
S0435,ARM1,OVRLRESP,PR,1456
S0435,ARM1,OVRLRESP,PR,1484
S0435,ARM1,OVRLRESP,PR,1512
S0435,ARM1,OVRLRESP,PR,1540
S0435,ARM1,OVRLRESP,PR,1568
S0435,ARM1,OVRLRESP,PR,1596
S0435,ARM1,OVRLRESP,PR,1624
S0435,ARM1,OVRLRESP,PR,1652
S0435,ARM1,CBOR,CR,56
S0440,ARM1,OVRLRESP,PD,28
S0440,ARM1,CBOR,PD,28
S0441,ARM1,OVRLRESP,SD,28
S0441,ARM1,OVRLRESP,PR,56
S0441,ARM1,OVRLRESP,PR,84
S0441,ARM1,OVRLRESP,PR,112
S0441,ARM1,OVRLRESP,PR,140
S0441,ARM1,OVRLRESP,PR,168
S0441,ARM1,OVRLRESP,PR,196
S0441,ARM1,OVRLRESP,PR,224
S0441,ARM1,OVRLRESP,PR,252
S0441,ARM1,OVRLRESP,PR,280
S0441,ARM1,OVRLRESP,PR,308
S0441,ARM1,OVRLRESP,PR,336
S0441,ARM1,OVRLRESP,PR,364
S0441,ARM1,OVRLRESP,PR,392
S0441,ARM1,OVRLRESP,PR,420
S0441,ARM1,OVRLRESP,PR,448
S0441,ARM1,OVRLRESP,PR,476
S0441,ARM1,OVRLRESP,PR,504
S0441,ARM1,OVRLRESP,PR,532
S0441,ARM1,OVRLRESP,PR,560
S0441,ARM1,OVRLRESP,PR,588
S0441,ARM1,OVRLRESP,PR,616
S0441,ARM1,OVRLRESP,PR,644
S0441,ARM1,OVRLRESP,PR,672
S0441,ARM1,OVRLRESP,PR,700
S0441,ARM1,OVRLRESP,PR,728
S0441,ARM1,OVRLRESP,PR,756
S0441,ARM1,OVRLRESP,PR,784
S0441,ARM1,OVRLRESP,PR,812
S0441,ARM1,OVRLRESP,PR,840
S0441,ARM1,OVRLRESP,PR,868
S0441,ARM1,OVRLRESP,PR,896
S0441,ARM1,OVRLRESP,PR,924
S0441,ARM1,OVRLRESP,PR,952
S0441,ARM1,OVRLRESP,PR,980
S0441,ARM1,OVRLRESP,PR,1008
S0441,ARM1,OVRLRESP,PR,1036
S0441,ARM1,OVRLRESP,PR,1064
S0441,ARM1,OVRLRESP,PR,1092
S0441,ARM1,OVRLRESP,PR,1120
S0441,ARM1,OVRLRESP,PR,1148
S0441,ARM1,OVRLRESP,PR,1176
S0441,ARM1,OVRLRESP,PR,1204
S0441,ARM1,OVRLRESP,PR,1232
S0441,ARM1,OVRLRESP,PR,1260
S0441,ARM1,OVRLRESP,PR,1288
S0441,ARM1,OVRLRESP,PR,1316
S0441,ARM1,OVRLRESP,PR,1344
S0441,ARM1,OVRLRESP,PR,1372
S0441,ARM1,OVRLRESP,PR,1400
S0441,ARM1,OVRLRESP,PR,1428
S0441,ARM1,OVRLRESP,PR,1456
S0441,ARM1,OVRLRESP,PR,1484
S0441,ARM1,OVRLRESP,PR,1512
S0441,ARM1,OVRLRESP,PR,1540
S0441,ARM1,OVRLRESP,PR,1568
S0441,ARM1,OVRLRESP,PR,1596
S0441,ARM1,OVRLRESP,PR,1624
S0441,ARM1,OVRLRESP,PR,1652
S0441,ARM1,OVRLRESP,PR,1680
S0441,ARM1,OVRLRESP,PR,1708
S0441,ARM1,OVRLRESP,PR,1736
S0441,ARM1,OVRLRESP,PR,1764
S0441,ARM1,OVRLRESP,PR,1792
S0441,ARM1,OVRLRESP,PR,1820
S0441,ARM1,OVRLRESP,PR,1848
S0441,ARM1,OVRLRESP,PR,1876
S0441,ARM1,CBOR,PR,56
S0444,ARM1,OVRLRESP,SD,28
S0444,ARM1,OVRLRESP,PR,56
S0444,ARM1,OVRLRESP,PR,84
S0444,ARM1,OVRLRESP,PR,112
S0444,ARM1,OVRLRESP,PR,140
S0444,ARM1,OVRLRESP,PR,168
S0444,ARM1,OVRLRESP,PR,196
S0444,ARM1,OVRLRESP,PR,224
S0444,ARM1,OVRLRESP,PR,252
S0444,ARM1,OVRLRESP,PR,280
S0444,ARM1,OVRLRESP,PR,308
S0444,ARM1,OVRLRESP,PR,336
S0444,ARM1,OVRLRESP,PR,364
S0444,ARM1,OVRLRESP,PR,392
S0444,ARM1,OVRLRESP,PR,420
S0444,ARM1,CBOR,PR,56
S0445,ARM1,OVRLRESP,PR,28
S0445,ARM1,OVRLRESP,CR,56
S0445,ARM1,OVRLRESP,CR,84
S0445,ARM1,OVRLRESP,CR,112
S0445,ARM1,OVRLRESP,CR,140
S0445,ARM1,OVRLRESP,CR,168
S0445,ARM1,OVRLRESP,CR,196
S0445,ARM1,OVRLRESP,CR,224
S0445,ARM1,OVRLRESP,CR,252
S0445,ARM1,OVRLRESP,CR,280
S0445,ARM1,OVRLRESP,CR,308
S0445,ARM1,OVRLRESP,CR,336
S0445,ARM1,OVRLRESP,CR,364
S0445,ARM1,OVRLRESP,CR,392
S0445,ARM1,OVRLRESP,CR,420
S0445,ARM1,OVRLRESP,CR,448
S0445,ARM1,OVRLRESP,CR,476
S0445,ARM1,OVRLRESP,CR,504
S0445,ARM1,OVRLRESP,CR,532
S0445,ARM1,OVRLRESP,CR,560
S0445,ARM1,OVRLRESP,CR,588
S0445,ARM1,OVRLRESP,CR,616
S0445,ARM1,OVRLRESP,CR,644
S0445,ARM1,OVRLRESP,CR,672
S0445,ARM1,OVRLRESP,CR,700
S0445,ARM1,OVRLRESP,CR,728
S0445,ARM1,OVRLRESP,CR,756
S0445,ARM1,OVRLRESP,CR,784
S0445,ARM1,OVRLRESP,CR,812
S0445,ARM1,OVRLRESP,CR,840
S0445,ARM1,OVRLRESP,CR,868
S0445,ARM1,OVRLRESP,CR,896
S0445,ARM1,OVRLRESP,CR,924
S0445,ARM1,OVRLRESP,CR,952
S0445,ARM1,OVRLRESP,CR,980
S0445,ARM1,OVRLRESP,CR,1008
S0445,ARM1,OVRLRESP,CR,1036
S0445,ARM1,OVRLRESP,CR,1064
S0445,ARM1,OVRLRESP,CR,1092
S0445,ARM1,OVRLRESP,CR,1120
S0445,ARM1,OVRLRESP,CR,1148
S0445,ARM1,OVRLRESP,CR,1176
S0445,ARM1,OVRLRESP,CR,1204
S0445,ARM1,OVRLRESP,CR,1232
S0445,ARM1,OVRLRESP,CR,1260
S0445,ARM1,OVRLRESP,CR,1288
S0445,ARM1,OVRLRESP,CR,1316
S0445,ARM1,OVRLRESP,CR,1344
S0445,ARM1,OVRLRESP,CR,1372
S0445,ARM1,OVRLRESP,CR,1400
S0445,ARM1,OVRLRESP,CR,1428
S0445,ARM1,OVRLRESP,CR,1456
S0445,ARM1,OVRLRESP,CR,1484
S0445,ARM1,OVRLRESP,CR,1512
S0445,ARM1,OVRLRESP,CR,1540
S0445,ARM1,OVRLRESP,CR,1568
S0445,ARM1,OVRLRESP,CR,1596
S0445,ARM1,OVRLRESP,CR,1624
S0445,ARM1,OVRLRESP,CR,1652
S0445,ARM1,OVRLRESP,CR,1680
S0445,ARM1,OVRLRESP,CR,1708
S0445,ARM1,OVRLRESP,CR,1736
S0445,ARM1,OVRLRESP,CR,1764
S0445,ARM1,OVRLRESP,CR,1792
S0445,ARM1,OVRLRESP,CR,1820
S0445,ARM1,OVRLRESP,CR,1848
S0445,ARM1,OVRLRESP,CR,1876
S0445,ARM1,CBOR,CR,56
S0447,ARM1,OVRLRESP,SD,28
S0447,ARM1,OVRLRESP,PR,56
S0447,ARM1,OVRLRESP,PR,84
S0447,ARM1,OVRLRESP,PR,112
S0447,ARM1,OVRLRESP,PR,140
S0447,ARM1,OVRLRESP,PR,168
S0447,ARM1,OVRLRESP,PR,196
S0447,ARM1,OVRLRESP,PR,224
S0447,ARM1,OVRLRESP,PR,252
S0447,ARM1,OVRLRESP,PR,280
S0447,ARM1,OVRLRESP,PR,308
S0447,ARM1,OVRLRESP,PR,336
S0447,ARM1,OVRLRESP,PR,364
S0447,ARM1,OVRLRESP,PR,392
S0447,ARM1,OVRLRESP,PR,420
S0447,ARM1,OVRLRESP,PR,448
S0447,ARM1,OVRLRESP,PR,476
S0447,ARM1,OVRLRESP,PR,504
S0447,ARM1,OVRLRESP,PR,532
S0447,ARM1,OVRLRESP,PR,560
S0447,ARM1,OVRLRESP,PR,588
S0447,ARM1,OVRLRESP,PR,616
S0447,ARM1,OVRLRESP,PR,644
S0447,ARM1,OVRLRESP,PR,672
S0447,ARM1,OVRLRESP,PR,700
S0447,ARM1,OVRLRESP,PR,728
S0447,ARM1,OVRLRESP,PR,756
S0447,ARM1,OVRLRESP,PR,784
S0447,ARM1,OVRLRESP,PR,812
S0447,ARM1,OVRLRESP,PR,840
S0447,ARM1,OVRLRESP,PR,868
S0447,ARM1,OVRLRESP,PR,896
S0447,ARM1,OVRLRESP,PR,924
S0447,ARM1,OVRLRESP,PR,952
S0447,ARM1,OVRLRESP,PR,980
S0447,ARM1,OVRLRESP,PR,1008
S0447,ARM1,OVRLRESP,PR,1036
S0447,ARM1,OVRLRESP,PR,1064
S0447,ARM1,OVRLRESP,PR,1092
S0447,ARM1,OVRLRESP,PR,1120
S0447,ARM1,OVRLRESP,PR,1148
S0447,ARM1,OVRLRESP,PR,1176
S0447,ARM1,OVRLRESP,PR,1204
S0447,ARM1,OVRLRESP,PR,1232
S0447,ARM1,OVRLRESP,PR,1260
S0447,ARM1,OVRLRESP,PR,1288
S0447,ARM1,OVRLRESP,PR,1316
S0447,ARM1,OVRLRESP,PR,1344
S0447,ARM1,OVRLRESP,PR,1372
S0447,ARM1,OVRLRESP,PR,1400
S0447,ARM1,OVRLRESP,PR,1428
S0447,ARM1,OVRLRESP,PR,1456
S0447,ARM1,OVRLRESP,PR,1484
S0447,ARM1,OVRLRESP,PR,1512
S0447,ARM1,OVRLRESP,PR,1540
S0447,ARM1,OVRLRESP,PR,1568
S0447,ARM1,OVRLRESP,PR,1596
S0447,ARM1,OVRLRESP,PR,1624
S0447,ARM1,OVRLRESP,PR,1652
S0447,ARM1,OVRLRESP,PR,1680
S0447,ARM1,OVRLRESP,PR,1708
S0447,ARM1,OVRLRESP,PR,1736
S0447,ARM1,OVRLRESP,PR,1764
S0447,ARM1,OVRLRESP,PR,1792
S0447,ARM1,OVRLRESP,PR,1820
S0447,ARM1,OVRLRESP,PR,1848
S0447,ARM1,OVRLRESP,PR,1876
S0447,ARM1,CBOR,PR,56
S0449,ARM1,OVRLRESP,SD,28
S0449,ARM1,OVRLRESP,PR,56
S0449,ARM1,OVRLRESP,PR,84
S0449,ARM1,OVRLRESP,PR,112
S0449,ARM1,OVRLRESP,PR,140
S0449,ARM1,OVRLRESP,PR,168
S0449,ARM1,OVRLRESP,PR,196
S0449,ARM1,OVRLRESP,PD,224
S0449,ARM1,CBOR,PR,56
S0450,ARM1,OVRLRESP,SD,28
S0450,ARM1,OVRLRESP,SD,56
S0450,ARM1,OVRLRESP,SD,84
S0450,ARM1,OVRLRESP,SD,112
S0450,ARM1,OVRLRESP,SD,140
S0450,ARM1,OVRLRESP,SD,168
S0450,ARM1,OVRLRESP,SD,196
S0450,ARM1,OVRLRESP,SD,224
S0450,ARM1,OVRLRESP,SD,252
S0450,ARM1,OVRLRESP,PD,280
S0450,ARM1,CBOR,SD,56
S0451,ARM1,OVRLRESP,SD,28
S0451,ARM1,OVRLRESP,PD,56
S0451,ARM1,CBOR,PD,56
S0452,ARM1,OVRLRESP,PR,28
S0452,ARM1,OVRLRESP,CR,56
S0452,ARM1,OVRLRESP,CR,84
S0452,ARM1,OVRLRESP,CR,112
S0452,ARM1,OVRLRESP,CR,140
S0452,ARM1,OVRLRESP,CR,168
S0452,ARM1,OVRLRESP,CR,196
S0452,ARM1,OVRLRESP,CR,224
S0452,ARM1,OVRLRESP,CR,252
S0452,ARM1,OVRLRESP,CR,280
S0452,ARM1,OVRLRESP,CR,308
S0452,ARM1,OVRLRESP,CR,336
S0452,ARM1,CBOR,CR,56
S0453,ARM1,OVRLRESP,SD,28
S0453,ARM1,OVRLRESP,PR,56
S0453,ARM1,OVRLRESP,PR,84
S0453,ARM1,OVRLRESP,PR,112
S0453,ARM1,OVRLRESP,PR,140
S0453,ARM1,OVRLRESP,PR,168
S0453,ARM1,OVRLRESP,PR,196
S0453,ARM1,OVRLRESP,PR,224
S0453,ARM1,OVRLRESP,PR,252
S0453,ARM1,OVRLRESP,PR,280
S0453,ARM1,OVRLRESP,PR,308
S0453,ARM1,OVRLRESP,PR,336
S0453,ARM1,OVRLRESP,PR,364
S0453,ARM1,CBOR,PR,56
S0454,ARM1,OVRLRESP,SD,28
S0454,ARM1,OVRLRESP,PR,56
S0454,ARM1,OVRLRESP,PR,84
S0454,ARM1,OVRLRESP,PR,112
S0454,ARM1,OVRLRESP,PR,140
S0454,ARM1,OVRLRESP,PR,168
S0454,ARM1,OVRLRESP,PR,196
S0454,ARM1,OVRLRESP,PR,224
S0454,ARM1,OVRLRESP,PR,252
S0454,ARM1,OVRLRESP,PR,280
S0454,ARM1,OVRLRESP,PR,308
S0454,ARM1,OVRLRESP,PR,336
S0454,ARM1,OVRLRESP,PR,364
S0454,ARM1,OVRLRESP,PR,392
S0454,ARM1,OVRLRESP,PR,420
S0454,ARM1,OVRLRESP,PR,448
S0454,ARM1,OVRLRESP,PR,476
S0454,ARM1,OVRLRESP,PR,504
S0454,ARM1,OVRLRESP,PR,532
S0454,ARM1,OVRLRESP,PR,560
S0454,ARM1,OVRLRESP,PR,588
S0454,ARM1,OVRLRESP,PR,616
S0454,ARM1,OVRLRESP,PR,644
S0454,ARM1,OVRLRESP,PR,672
S0454,ARM1,OVRLRESP,PR,700
S0454,ARM1,OVRLRESP,PR,728
S0454,ARM1,OVRLRESP,PR,756
S0454,ARM1,OVRLRESP,PR,784
S0454,ARM1,OVRLRESP,PR,812
S0454,ARM1,OVRLRESP,PR,840
S0454,ARM1,OVRLRESP,PR,868
S0454,ARM1,OVRLRESP,PD,896
S0454,ARM1,CBOR,PR,56
S0455,ARM1,OVRLRESP,SD,28
S0455,ARM1,OVRLRESP,SD,56
S0455,ARM1,OVRLRESP,SD,84
S0455,ARM1,OVRLRESP,SD,112
S0455,ARM1,OVRLRESP,SD,140
S0455,ARM1,OVRLRESP,SD,168
S0455,ARM1,OVRLRESP,SD,196
S0455,ARM1,OVRLRESP,SD,224
S0455,ARM1,OVRLRESP,SD,252
S0455,ARM1,OVRLRESP,SD,280
S0455,ARM1,OVRLRESP,SD,308
S0455,ARM1,OVRLRESP,SD,336
S0455,ARM1,OVRLRESP,PD,364
S0455,ARM1,CBOR,SD,56
S0457,ARM1,OVRLRESP,SD,28
S0457,ARM1,OVRLRESP,PR,56
S0457,ARM1,OVRLRESP,PR,84
S0457,ARM1,OVRLRESP,PR,112
S0457,ARM1,OVRLRESP,PR,140
S0457,ARM1,OVRLRESP,PR,168
S0457,ARM1,OVRLRESP,PR,196
S0457,ARM1,OVRLRESP,PR,224
S0457,ARM1,OVRLRESP,PR,252
S0457,ARM1,OVRLRESP,PR,280
S0457,ARM1,OVRLRESP,PR,308
S0457,ARM1,OVRLRESP,PR,336
S0457,ARM1,OVRLRESP,PR,364
S0457,ARM1,OVRLRESP,PR,392
S0457,ARM1,OVRLRESP,PR,420
S0457,ARM1,OVRLRESP,PR,448
S0457,ARM1,OVRLRESP,PR,476
S0457,ARM1,OVRLRESP,PR,504
S0457,ARM1,OVRLRESP,PR,532
S0457,ARM1,OVRLRESP,PR,560
S0457,ARM1,OVRLRESP,PR,588
S0457,ARM1,OVRLRESP,PR,616
S0457,ARM1,OVRLRESP,PR,644
S0457,ARM1,OVRLRESP,PR,672
S0457,ARM1,OVRLRESP,PR,700
S0457,ARM1,OVRLRESP,PR,728
S0457,ARM1,OVRLRESP,PR,756
S0457,ARM1,OVRLRESP,PR,784
S0457,ARM1,OVRLRESP,PR,812
S0457,ARM1,OVRLRESP,PR,840
S0457,ARM1,OVRLRESP,PR,868
S0457,ARM1,OVRLRESP,PR,896
S0457,ARM1,OVRLRESP,PR,924
S0457,ARM1,OVRLRESP,PR,952
S0457,ARM1,OVRLRESP,PR,980
S0457,ARM1,OVRLRESP,PR,1008
S0457,ARM1,OVRLRESP,PR,1036
S0457,ARM1,OVRLRESP,PR,1064
S0457,ARM1,OVRLRESP,PR,1092
S0457,ARM1,OVRLRESP,PR,1120
S0457,ARM1,OVRLRESP,PR,1148
S0457,ARM1,OVRLRESP,PR,1176
S0457,ARM1,OVRLRESP,PR,1204
S0457,ARM1,OVRLRESP,PR,1232
S0457,ARM1,OVRLRESP,PR,1260
S0457,ARM1,OVRLRESP,PR,1288
S0457,ARM1,OVRLRESP,PR,1316
S0457,ARM1,OVRLRESP,PR,1344
S0457,ARM1,OVRLRESP,PR,1372
S0457,ARM1,OVRLRESP,PR,1400
S0457,ARM1,OVRLRESP,PR,1428
S0457,ARM1,OVRLRESP,PR,1456
S0457,ARM1,OVRLRESP,PR,1484
S0457,ARM1,OVRLRESP,PR,1512
S0457,ARM1,OVRLRESP,PR,1540
S0457,ARM1,OVRLRESP,PR,1568
S0457,ARM1,OVRLRESP,PR,1596
S0457,ARM1,OVRLRESP,PR,1624
S0457,ARM1,OVRLRESP,PR,1652
S0457,ARM1,OVRLRESP,PR,1680
S0457,ARM1,OVRLRESP,PR,1708
S0457,ARM1,OVRLRESP,PR,1736
S0457,ARM1,OVRLRESP,PR,1764
S0457,ARM1,OVRLRESP,PR,1792
S0457,ARM1,OVRLRESP,PR,1820
S0457,ARM1,CBOR,PR,56
S0460,ARM1,OVRLRESP,SD,28
S0460,ARM1,OVRLRESP,PR,56
S0460,ARM1,OVRLRESP,PD,84
S0460,ARM1,CBOR,SD,56
S0001,ARM2,OVRLRESP,SD,28
S0001,ARM2,OVRLRESP,PR,56
S0001,ARM2,OVRLRESP,PR,84
S0001,ARM2,OVRLRESP,PR,112
S0001,ARM2,OVRLRESP,PR,140
S0001,ARM2,OVRLRESP,PR,168
S0001,ARM2,OVRLRESP,PR,196
S0001,ARM2,OVRLRESP,PR,224
S0001,ARM2,OVRLRESP,PR,252
S0001,ARM2,OVRLRESP,PR,280
S0001,ARM2,OVRLRESP,PR,308
S0001,ARM2,OVRLRESP,PR,336
S0001,ARM2,OVRLRESP,PR,364
S0001,ARM2,OVRLRESP,PR,392
S0001,ARM2,OVRLRESP,PR,420
S0001,ARM2,OVRLRESP,PR,448
S0001,ARM2,OVRLRESP,PR,476
S0001,ARM2,OVRLRESP,PR,504
S0001,ARM2,OVRLRESP,PR,532
S0001,ARM2,OVRLRESP,PR,560
S0001,ARM2,OVRLRESP,PR,588
S0001,ARM2,OVRLRESP,PR,616
S0001,ARM2,OVRLRESP,PR,644
S0001,ARM2,OVRLRESP,PR,672
S0001,ARM2,OVRLRESP,PR,700
S0001,ARM2,CBOR,PR,56
S0002,ARM2,OVRLRESP,PD,28
S0002,ARM2,CBOR,PD,28
S0004,ARM2,OVRLRESP,SD,28
S0004,ARM2,OVRLRESP,CR,56
S0004,ARM2,OVRLRESP,CR,84
S0004,ARM2,OVRLRESP,CR,112
S0004,ARM2,OVRLRESP,CR,140
S0004,ARM2,OVRLRESP,CR,168
S0004,ARM2,OVRLRESP,CR,196
S0004,ARM2,OVRLRESP,CR,224
S0004,ARM2,OVRLRESP,CR,252
S0004,ARM2,OVRLRESP,CR,280
S0004,ARM2,OVRLRESP,CR,308
S0004,ARM2,CBOR,CR,56
S0009,ARM2,OVRLRESP,SD,28
S0009,ARM2,OVRLRESP,CR,56
S0009,ARM2,OVRLRESP,CR,84
S0009,ARM2,OVRLRESP,PR,112
S0009,ARM2,OVRLRESP,PR,140
S0009,ARM2,OVRLRESP,PR,168
S0009,ARM2,OVRLRESP,PR,196
S0009,ARM2,OVRLRESP,PR,224
S0009,ARM2,OVRLRESP,PR,252
S0009,ARM2,OVRLRESP,PR,280
S0009,ARM2,OVRLRESP,PR,308
S0009,ARM2,OVRLRESP,PR,336
S0009,ARM2,OVRLRESP,PR,364
S0009,ARM2,OVRLRESP,PR,392
S0009,ARM2,OVRLRESP,PR,420
S0009,ARM2,OVRLRESP,PR,448
S0009,ARM2,OVRLRESP,PR,476
S0009,ARM2,OVRLRESP,PR,504
S0009,ARM2,OVRLRESP,PR,532
S0009,ARM2,OVRLRESP,PR,560
S0009,ARM2,OVRLRESP,PR,588
S0009,ARM2,OVRLRESP,PR,616
S0009,ARM2,OVRLRESP,PR,644
S0009,ARM2,CBOR,CR,56
S0010,ARM2,OVRLRESP,SD,28
S0010,ARM2,OVRLRESP,PR,56
S0010,ARM2,OVRLRESP,PR,84
S0010,ARM2,OVRLRESP,PR,112
S0010,ARM2,OVRLRESP,PR,140
S0010,ARM2,OVRLRESP,PR,168
S0010,ARM2,OVRLRESP,PR,196
S0010,ARM2,OVRLRESP,PR,224
S0010,ARM2,OVRLRESP,PR,252
S0010,ARM2,OVRLRESP,PR,280
S0010,ARM2,OVRLRESP,PR,308
S0010,ARM2,OVRLRESP,PR,336
S0010,ARM2,OVRLRESP,PR,364
S0010,ARM2,OVRLRESP,PR,392
S0010,ARM2,OVRLRESP,PR,420
S0010,ARM2,OVRLRESP,PR,448
S0010,ARM2,OVRLRESP,PR,476
S0010,ARM2,OVRLRESP,PR,504
S0010,ARM2,OVRLRESP,PR,532
S0010,ARM2,OVRLRESP,PR,560
S0010,ARM2,OVRLRESP,PR,588
S0010,ARM2,OVRLRESP,PR,616
S0010,ARM2,OVRLRESP,PR,644
S0010,ARM2,OVRLRESP,PR,672
S0010,ARM2,OVRLRESP,PR,700
S0010,ARM2,OVRLRESP,PR,728
S0010,ARM2,OVRLRESP,PR,756
S0010,ARM2,OVRLRESP,PR,784
S0010,ARM2,OVRLRESP,PR,812
S0010,ARM2,OVRLRESP,PR,840
S0010,ARM2,OVRLRESP,PR,868
S0010,ARM2,OVRLRESP,PR,896
S0010,ARM2,OVRLRESP,PR,924
S0010,ARM2,OVRLRESP,PR,952
S0010,ARM2,OVRLRESP,PR,980
S0010,ARM2,OVRLRESP,PR,1008
S0010,ARM2,OVRLRESP,PR,1036
S0010,ARM2,OVRLRESP,PR,1064
S0010,ARM2,OVRLRESP,PR,1092
S0010,ARM2,OVRLRESP,PR,1120
S0010,ARM2,OVRLRESP,PR,1148
S0010,ARM2,OVRLRESP,PR,1176
S0010,ARM2,OVRLRESP,PR,1204
S0010,ARM2,OVRLRESP,PR,1232
S0010,ARM2,OVRLRESP,PR,1260
S0010,ARM2,OVRLRESP,PR,1288
S0010,ARM2,OVRLRESP,PR,1316
S0010,ARM2,OVRLRESP,PR,1344
S0010,ARM2,OVRLRESP,PR,1372
S0010,ARM2,OVRLRESP,PR,1400
S0010,ARM2,OVRLRESP,PR,1428
S0010,ARM2,OVRLRESP,PR,1456
S0010,ARM2,OVRLRESP,PR,1484
S0010,ARM2,OVRLRESP,PR,1512
S0010,ARM2,OVRLRESP,PR,1540
S0010,ARM2,OVRLRESP,PR,1568
S0010,ARM2,OVRLRESP,PR,1596
S0010,ARM2,OVRLRESP,PR,1624
S0010,ARM2,OVRLRESP,PR,1652
S0010,ARM2,OVRLRESP,PR,1680
S0010,ARM2,OVRLRESP,PR,1708
S0010,ARM2,OVRLRESP,PR,1736
S0010,ARM2,OVRLRESP,PR,1764
S0010,ARM2,OVRLRESP,PR,1792
S0010,ARM2,OVRLRESP,PR,1820
S0010,ARM2,OVRLRESP,PR,1848
S0010,ARM2,OVRLRESP,PR,1876
S0010,ARM2,OVRLRESP,PR,1904
S0010,ARM2,OVRLRESP,PR,1932
S0010,ARM2,OVRLRESP,PR,1960
S0010,ARM2,OVRLRESP,PR,1988
S0010,ARM2,OVRLRESP,PR,2016
S0010,ARM2,OVRLRESP,PR,2044
S0010,ARM2,OVRLRESP,PR,2072
S0010,ARM2,OVRLRESP,PR,2100
S0010,ARM2,OVRLRESP,PR,2128
S0010,ARM2,OVRLRESP,PR,2156
S0010,ARM2,OVRLRESP,PR,2184
S0010,ARM2,OVRLRESP,PR,2212
S0010,ARM2,OVRLRESP,PR,2240
S0010,ARM2,OVRLRESP,PR,2268
S0010,ARM2,OVRLRESP,PR,2296
S0010,ARM2,OVRLRESP,PD,2324
S0010,ARM2,CBOR,PR,56
S0011,ARM2,OVRLRESP,SD,28
S0011,ARM2,OVRLRESP,PR,56
S0011,ARM2,OVRLRESP,PR,84
S0011,ARM2,OVRLRESP,PR,112
S0011,ARM2,OVRLRESP,PR,140
S0011,ARM2,OVRLRESP,PR,168
S0011,ARM2,OVRLRESP,PR,196
S0011,ARM2,OVRLRESP,PR,224
S0011,ARM2,OVRLRESP,PR,252
S0011,ARM2,OVRLRESP,PR,280
S0011,ARM2,OVRLRESP,PR,308
S0011,ARM2,OVRLRESP,PR,336
S0011,ARM2,OVRLRESP,PR,364
S0011,ARM2,OVRLRESP,PR,392
S0011,ARM2,OVRLRESP,PR,420
S0011,ARM2,OVRLRESP,PR,448
S0011,ARM2,OVRLRESP,PR,476
S0011,ARM2,OVRLRESP,PR,504
S0011,ARM2,OVRLRESP,PR,532
S0011,ARM2,OVRLRESP,PR,560
S0011,ARM2,OVRLRESP,PR,588
S0011,ARM2,OVRLRESP,PR,616
S0011,ARM2,OVRLRESP,PR,644
S0011,ARM2,OVRLRESP,PR,672
S0011,ARM2,OVRLRESP,PR,700
S0011,ARM2,OVRLRESP,PR,728
S0011,ARM2,OVRLRESP,PR,756
S0011,ARM2,OVRLRESP,PR,784
S0011,ARM2,OVRLRESP,PR,812
S0011,ARM2,OVRLRESP,PR,840
S0011,ARM2,OVRLRESP,PR,868
S0011,ARM2,OVRLRESP,PR,896
S0011,ARM2,OVRLRESP,PR,924
S0011,ARM2,OVRLRESP,PR,952
S0011,ARM2,OVRLRESP,PR,980
S0011,ARM2,OVRLRESP,PR,1008
S0011,ARM2,OVRLRESP,PR,1036
S0011,ARM2,OVRLRESP,PR,1064
S0011,ARM2,OVRLRESP,PR,1092
S0011,ARM2,OVRLRESP,PR,1120
S0011,ARM2,OVRLRESP,PR,1148
S0011,ARM2,OVRLRESP,PR,1176
S0011,ARM2,OVRLRESP,PR,1204
S0011,ARM2,OVRLRESP,PR,1232
S0011,ARM2,OVRLRESP,PR,1260
S0011,ARM2,OVRLRESP,PR,1288
S0011,ARM2,OVRLRESP,PR,1316
S0011,ARM2,OVRLRESP,PR,1344
S0011,ARM2,OVRLRESP,PR,1372
S0011,ARM2,OVRLRESP,PR,1400
S0011,ARM2,OVRLRESP,PR,1428
S0011,ARM2,OVRLRESP,PR,1456
S0011,ARM2,OVRLRESP,PR,1484
S0011,ARM2,OVRLRESP,PR,1512
S0011,ARM2,OVRLRESP,PR,1540
S0011,ARM2,OVRLRESP,PR,1568
S0011,ARM2,OVRLRESP,PR,1596
S0011,ARM2,OVRLRESP,PR,1624
S0011,ARM2,OVRLRESP,PR,1652
S0011,ARM2,OVRLRESP,PR,1680
S0011,ARM2,OVRLRESP,PR,1708
S0011,ARM2,OVRLRESP,PR,1736
S0011,ARM2,OVRLRESP,PR,1764
S0011,ARM2,OVRLRESP,PR,1792
S0011,ARM2,OVRLRESP,PR,1820
S0011,ARM2,OVRLRESP,PR,1848
S0011,ARM2,OVRLRESP,PR,1876
S0011,ARM2,OVRLRESP,PR,1904
S0011,ARM2,OVRLRESP,PR,1932
S0011,ARM2,OVRLRESP,PR,1960
S0011,ARM2,OVRLRESP,PR,1988
S0011,ARM2,OVRLRESP,PR,2016
S0011,ARM2,OVRLRESP,PR,2044
S0011,ARM2,OVRLRESP,PR,2072
S0011,ARM2,OVRLRESP,PR,2100
S0011,ARM2,CBOR,PR,56
S0017,ARM2,OVRLRESP,SD,28
S0017,ARM2,OVRLRESP,PR,56
S0017,ARM2,OVRLRESP,PR,84
S0017,ARM2,OVRLRESP,PR,112
S0017,ARM2,OVRLRESP,PR,140
S0017,ARM2,OVRLRESP,PR,168
S0017,ARM2,OVRLRESP,PR,196
S0017,ARM2,OVRLRESP,PR,224
S0017,ARM2,OVRLRESP,PR,252
S0017,ARM2,OVRLRESP,PR,280
S0017,ARM2,OVRLRESP,PR,308
S0017,ARM2,OVRLRESP,PR,336
S0017,ARM2,OVRLRESP,PR,364
S0017,ARM2,OVRLRESP,PR,392
S0017,ARM2,OVRLRESP,PR,420
S0017,ARM2,OVRLRESP,PR,448
S0017,ARM2,OVRLRESP,PR,476
S0017,ARM2,OVRLRESP,PR,504
S0017,ARM2,OVRLRESP,PR,532
S0017,ARM2,OVRLRESP,PR,560
S0017,ARM2,OVRLRESP,PR,588
S0017,ARM2,OVRLRESP,PR,616
S0017,ARM2,OVRLRESP,PR,644
S0017,ARM2,OVRLRESP,PR,672
S0017,ARM2,OVRLRESP,PR,700
S0017,ARM2,OVRLRESP,PR,728
S0017,ARM2,OVRLRESP,PR,756
S0017,ARM2,OVRLRESP,PR,784
S0017,ARM2,OVRLRESP,PR,812
S0017,ARM2,OVRLRESP,PR,840
S0017,ARM2,OVRLRESP,PR,868
S0017,ARM2,OVRLRESP,PR,896
S0017,ARM2,OVRLRESP,PR,924
S0017,ARM2,OVRLRESP,PR,952
S0017,ARM2,OVRLRESP,PR,980
S0017,ARM2,OVRLRESP,PR,1008
S0017,ARM2,OVRLRESP,PR,1036
S0017,ARM2,OVRLRESP,PR,1064
S0017,ARM2,OVRLRESP,PR,1092
S0017,ARM2,OVRLRESP,PR,1120
S0017,ARM2,OVRLRESP,PR,1148
S0017,ARM2,OVRLRESP,PR,1176
S0017,ARM2,OVRLRESP,PR,1204
S0017,ARM2,OVRLRESP,PR,1232
S0017,ARM2,OVRLRESP,PR,1260
S0017,ARM2,OVRLRESP,PR,1288
S0017,ARM2,OVRLRESP,PR,1316
S0017,ARM2,OVRLRESP,PR,1344
S0017,ARM2,OVRLRESP,PR,1372
S0017,ARM2,OVRLRESP,PR,1400
S0017,ARM2,OVRLRESP,PR,1428
S0017,ARM2,OVRLRESP,PR,1456
S0017,ARM2,OVRLRESP,PR,1484
S0017,ARM2,OVRLRESP,PR,1512
S0017,ARM2,OVRLRESP,PR,1540
S0017,ARM2,OVRLRESP,PR,1568
S0017,ARM2,OVRLRESP,PR,1596
S0017,ARM2,OVRLRESP,PR,1624
S0017,ARM2,OVRLRESP,PR,1652
S0017,ARM2,OVRLRESP,PR,1680
S0017,ARM2,OVRLRESP,PR,1708
S0017,ARM2,CBOR,PR,56
S0020,ARM2,OVRLRESP,PR,28
S0020,ARM2,OVRLRESP,CR,56
S0020,ARM2,OVRLRESP,CR,84
S0020,ARM2,OVRLRESP,CR,112
S0020,ARM2,OVRLRESP,CR,140
S0020,ARM2,OVRLRESP,CR,168
S0020,ARM2,OVRLRESP,CR,196
S0020,ARM2,OVRLRESP,CR,224
S0020,ARM2,OVRLRESP,CR,252
S0020,ARM2,OVRLRESP,CR,280
S0020,ARM2,OVRLRESP,CR,308
S0020,ARM2,OVRLRESP,CR,336
S0020,ARM2,OVRLRESP,CR,364
S0020,ARM2,OVRLRESP,CR,392
S0020,ARM2,OVRLRESP,CR,420
S0020,ARM2,OVRLRESP,CR,448
S0020,ARM2,OVRLRESP,CR,476
S0020,ARM2,OVRLRESP,CR,504
S0020,ARM2,OVRLRESP,CR,532
S0020,ARM2,OVRLRESP,CR,560
S0020,ARM2,OVRLRESP,CR,588
S0020,ARM2,OVRLRESP,CR,616
S0020,ARM2,OVRLRESP,CR,644
S0020,ARM2,OVRLRESP,PR,672
S0020,ARM2,OVRLRESP,PR,700
S0020,ARM2,OVRLRESP,PR,728
S0020,ARM2,OVRLRESP,PR,756
S0020,ARM2,OVRLRESP,PR,784
S0020,ARM2,OVRLRESP,PR,812
S0020,ARM2,OVRLRESP,PR,840
S0020,ARM2,OVRLRESP,PR,868
S0020,ARM2,OVRLRESP,PR,896
S0020,ARM2,OVRLRESP,PR,924
S0020,ARM2,OVRLRESP,PR,952
S0020,ARM2,OVRLRESP,PR,980
S0020,ARM2,OVRLRESP,PR,1008
S0020,ARM2,OVRLRESP,PR,1036
S0020,ARM2,OVRLRESP,PR,1064
S0020,ARM2,OVRLRESP,PR,1092
S0020,ARM2,OVRLRESP,PR,1120
S0020,ARM2,OVRLRESP,PR,1148
S0020,ARM2,OVRLRESP,PR,1176
S0020,ARM2,OVRLRESP,PR,1204
S0020,ARM2,OVRLRESP,PR,1232
S0020,ARM2,OVRLRESP,PR,1260
S0020,ARM2,OVRLRESP,PR,1288
S0020,ARM2,OVRLRESP,PR,1316
S0020,ARM2,OVRLRESP,PR,1344
S0020,ARM2,OVRLRESP,PR,1372
S0020,ARM2,CBOR,CR,56
S0021,ARM2,OVRLRESP,PR,28
S0021,ARM2,OVRLRESP,CR,56
S0021,ARM2,OVRLRESP,CR,84
S0021,ARM2,OVRLRESP,CR,112
S0021,ARM2,OVRLRESP,CR,140
S0021,ARM2,OVRLRESP,CR,168
S0021,ARM2,OVRLRESP,CR,196
S0021,ARM2,OVRLRESP,PD,224
S0021,ARM2,CBOR,CR,56
S0022,ARM2,OVRLRESP,SD,28
S0022,ARM2,OVRLRESP,PR,56
S0022,ARM2,OVRLRESP,PR,84
S0022,ARM2,OVRLRESP,PR,112
S0022,ARM2,OVRLRESP,PR,140
S0022,ARM2,OVRLRESP,PR,168
S0022,ARM2,OVRLRESP,PR,196
S0022,ARM2,OVRLRESP,PR,224
S0022,ARM2,OVRLRESP,PR,252
S0022,ARM2,OVRLRESP,PR,280
S0022,ARM2,OVRLRESP,PR,308
S0022,ARM2,OVRLRESP,PR,336
S0022,ARM2,OVRLRESP,PR,364
S0022,ARM2,OVRLRESP,PR,392
S0022,ARM2,OVRLRESP,PR,420
S0022,ARM2,OVRLRESP,PR,448
S0022,ARM2,OVRLRESP,PR,476
S0022,ARM2,OVRLRESP,PR,504
S0022,ARM2,OVRLRESP,PR,532
S0022,ARM2,OVRLRESP,PR,560
S0022,ARM2,OVRLRESP,PR,588
S0022,ARM2,OVRLRESP,PR,616
S0022,ARM2,OVRLRESP,PR,644
S0022,ARM2,OVRLRESP,PR,672
S0022,ARM2,OVRLRESP,PR,700
S0022,ARM2,OVRLRESP,PR,728
S0022,ARM2,OVRLRESP,PR,756
S0022,ARM2,OVRLRESP,PR,784
S0022,ARM2,OVRLRESP,PR,812
S0022,ARM2,OVRLRESP,PR,840
S0022,ARM2,OVRLRESP,PR,868
S0022,ARM2,OVRLRESP,PR,896
S0022,ARM2,OVRLRESP,PR,924
S0022,ARM2,OVRLRESP,PR,952
S0022,ARM2,OVRLRESP,PR,980
S0022,ARM2,OVRLRESP,PR,1008
S0022,ARM2,OVRLRESP,PR,1036
S0022,ARM2,OVRLRESP,PR,1064
S0022,ARM2,OVRLRESP,PR,1092
S0022,ARM2,OVRLRESP,PR,1120
S0022,ARM2,OVRLRESP,PR,1148
S0022,ARM2,OVRLRESP,PR,1176
S0022,ARM2,OVRLRESP,PR,1204
S0022,ARM2,OVRLRESP,PR,1232
S0022,ARM2,OVRLRESP,PR,1260
S0022,ARM2,OVRLRESP,PR,1288
S0022,ARM2,OVRLRESP,PR,1316
S0022,ARM2,OVRLRESP,PR,1344
S0022,ARM2,OVRLRESP,PR,1372
S0022,ARM2,OVRLRESP,PR,1400
S0022,ARM2,OVRLRESP,PR,1428
S0022,ARM2,OVRLRESP,PR,1456
S0022,ARM2,OVRLRESP,PR,1484
S0022,ARM2,OVRLRESP,PR,1512
S0022,ARM2,OVRLRESP,PR,1540
S0022,ARM2,OVRLRESP,PR,1568
S0022,ARM2,OVRLRESP,PR,1596
S0022,ARM2,OVRLRESP,PR,1624
S0022,ARM2,OVRLRESP,PR,1652
S0022,ARM2,CBOR,PR,56
S0024,ARM2,OVRLRESP,SD,28
S0024,ARM2,OVRLRESP,PR,56
S0024,ARM2,OVRLRESP,PR,84
S0024,ARM2,OVRLRESP,PR,112
S0024,ARM2,OVRLRESP,PR,140
S0024,ARM2,OVRLRESP,PR,168
S0024,ARM2,OVRLRESP,PR,196
S0024,ARM2,OVRLRESP,PR,224
S0024,ARM2,OVRLRESP,PR,252
S0024,ARM2,OVRLRESP,PR,280
S0024,ARM2,OVRLRESP,PR,308
S0024,ARM2,OVRLRESP,PR,336
S0024,ARM2,OVRLRESP,PR,364
S0024,ARM2,OVRLRESP,PR,392
S0024,ARM2,OVRLRESP,PR,420
S0024,ARM2,OVRLRESP,PR,448
S0024,ARM2,OVRLRESP,PR,476
S0024,ARM2,OVRLRESP,PR,504
S0024,ARM2,OVRLRESP,PR,532
S0024,ARM2,OVRLRESP,PR,560
S0024,ARM2,CBOR,PR,56
S0025,ARM2,OVRLRESP,SD,28
S0025,ARM2,OVRLRESP,PR,56
S0025,ARM2,OVRLRESP,PR,84
S0025,ARM2,OVRLRESP,PR,112
S0025,ARM2,OVRLRESP,PR,140
S0025,ARM2,OVRLRESP,PR,168
S0025,ARM2,OVRLRESP,PR,196
S0025,ARM2,OVRLRESP,PR,224
S0025,ARM2,OVRLRESP,PR,252
S0025,ARM2,OVRLRESP,PR,280
S0025,ARM2,OVRLRESP,PR,308
S0025,ARM2,OVRLRESP,PR,336
S0025,ARM2,OVRLRESP,PR,364
S0025,ARM2,OVRLRESP,PR,392
S0025,ARM2,OVRLRESP,PR,420
S0025,ARM2,OVRLRESP,PR,448
S0025,ARM2,OVRLRESP,PR,476
S0025,ARM2,OVRLRESP,PR,504
S0025,ARM2,OVRLRESP,PR,532
S0025,ARM2,OVRLRESP,PR,560
S0025,ARM2,OVRLRESP,PR,588
S0025,ARM2,OVRLRESP,PR,616
S0025,ARM2,OVRLRESP,PR,644
S0025,ARM2,OVRLRESP,PR,672
S0025,ARM2,OVRLRESP,PR,700
S0025,ARM2,OVRLRESP,PR,728
S0025,ARM2,OVRLRESP,PR,756
S0025,ARM2,OVRLRESP,PR,784
S0025,ARM2,OVRLRESP,PR,812
S0025,ARM2,OVRLRESP,PR,840
S0025,ARM2,OVRLRESP,PR,868
S0025,ARM2,OVRLRESP,PR,896
S0025,ARM2,OVRLRESP,PR,924
S0025,ARM2,OVRLRESP,PR,952
S0025,ARM2,OVRLRESP,PR,980
S0025,ARM2,OVRLRESP,PR,1008
S0025,ARM2,OVRLRESP,PR,1036
S0025,ARM2,OVRLRESP,PR,1064
S0025,ARM2,OVRLRESP,PR,1092
S0025,ARM2,OVRLRESP,PR,1120
S0025,ARM2,OVRLRESP,PR,1148
S0025,ARM2,OVRLRESP,PR,1176
S0025,ARM2,OVRLRESP,PR,1204
S0025,ARM2,OVRLRESP,PR,1232
S0025,ARM2,OVRLRESP,PR,1260
S0025,ARM2,OVRLRESP,PR,1288
S0025,ARM2,OVRLRESP,PR,1316
S0025,ARM2,OVRLRESP,PR,1344
S0025,ARM2,OVRLRESP,PR,1372
S0025,ARM2,OVRLRESP,PR,1400
S0025,ARM2,OVRLRESP,PR,1428
S0025,ARM2,OVRLRESP,PR,1456
S0025,ARM2,OVRLRESP,PR,1484
S0025,ARM2,OVRLRESP,PR,1512
S0025,ARM2,OVRLRESP,PR,1540
S0025,ARM2,OVRLRESP,PR,1568
S0025,ARM2,OVRLRESP,PR,1596
S0025,ARM2,OVRLRESP,PR,1624
S0025,ARM2,OVRLRESP,PR,1652
S0025,ARM2,OVRLRESP,PR,1680
S0025,ARM2,OVRLRESP,PR,1708
S0025,ARM2,OVRLRESP,PR,1736
S0025,ARM2,OVRLRESP,PR,1764
S0025,ARM2,OVRLRESP,PR,1792
S0025,ARM2,OVRLRESP,PR,1820
S0025,ARM2,OVRLRESP,PR,1848
S0025,ARM2,OVRLRESP,PR,1876
S0025,ARM2,OVRLRESP,PR,1904
S0025,ARM2,OVRLRESP,PR,1932
S0025,ARM2,OVRLRESP,PR,1960
S0025,ARM2,OVRLRESP,PR,1988
S0025,ARM2,OVRLRESP,PR,2016
S0025,ARM2,OVRLRESP,PR,2044
S0025,ARM2,OVRLRESP,PR,2072
S0025,ARM2,OVRLRESP,PR,2100
S0025,ARM2,OVRLRESP,PR,2128
S0025,ARM2,OVRLRESP,PR,2156
S0025,ARM2,OVRLRESP,PR,2184
S0025,ARM2,OVRLRESP,PR,2212
S0025,ARM2,OVRLRESP,PR,2240
S0025,ARM2,OVRLRESP,PR,2268
S0025,ARM2,OVRLRESP,PR,2296
S0025,ARM2,OVRLRESP,PR,2324
S0025,ARM2,OVRLRESP,PR,2352
S0025,ARM2,OVRLRESP,PR,2380
S0025,ARM2,OVRLRESP,PR,2408
S0025,ARM2,OVRLRESP,PR,2436
S0025,ARM2,OVRLRESP,PR,2464
S0025,ARM2,OVRLRESP,PR,2492
S0025,ARM2,OVRLRESP,PR,2520
S0025,ARM2,OVRLRESP,PR,2548
S0025,ARM2,OVRLRESP,PR,2576
S0025,ARM2,OVRLRESP,PR,2604
S0025,ARM2,OVRLRESP,PR,2632
S0025,ARM2,OVRLRESP,PR,2660
S0025,ARM2,OVRLRESP,PR,2688
S0025,ARM2,OVRLRESP,PR,2716
S0025,ARM2,OVRLRESP,PR,2744
S0025,ARM2,OVRLRESP,PR,2772
S0025,ARM2,OVRLRESP,PR,2800
S0025,ARM2,OVRLRESP,PR,2828
S0025,ARM2,OVRLRESP,PR,2856
S0025,ARM2,OVRLRESP,PR,2884
S0025,ARM2,OVRLRESP,PR,2912
S0025,ARM2,OVRLRESP,PR,2940
S0025,ARM2,OVRLRESP,PR,2968
S0025,ARM2,OVRLRESP,PR,2996
S0025,ARM2,OVRLRESP,PR,3024
S0025,ARM2,OVRLRESP,PR,3052
S0025,ARM2,OVRLRESP,PR,3080
S0025,ARM2,OVRLRESP,PR,3108
S0025,ARM2,OVRLRESP,PR,3136
S0025,ARM2,OVRLRESP,PR,3164
S0025,ARM2,OVRLRESP,PR,3192
S0025,ARM2,OVRLRESP,PR,3220
S0025,ARM2,OVRLRESP,PR,3248
S0025,ARM2,OVRLRESP,PR,3276
S0025,ARM2,OVRLRESP,PR,3304
S0025,ARM2,OVRLRESP,PR,3332
S0025,ARM2,OVRLRESP,PR,3360
S0025,ARM2,OVRLRESP,PR,3388
S0025,ARM2,OVRLRESP,PR,3416
S0025,ARM2,OVRLRESP,PR,3444
S0025,ARM2,OVRLRESP,PR,3472
S0025,ARM2,OVRLRESP,PR,3500
S0025,ARM2,OVRLRESP,PR,3528
S0025,ARM2,OVRLRESP,PR,3556
S0025,ARM2,OVRLRESP,PR,3584
S0025,ARM2,OVRLRESP,PR,3612
S0025,ARM2,OVRLRESP,PR,3640
S0025,ARM2,OVRLRESP,PR,3668
S0025,ARM2,OVRLRESP,PR,3696
S0025,ARM2,OVRLRESP,PR,3724
S0025,ARM2,OVRLRESP,PR,3752
S0025,ARM2,OVRLRESP,PR,3780
S0025,ARM2,OVRLRESP,PR,3808
S0025,ARM2,OVRLRESP,PR,3836
S0025,ARM2,OVRLRESP,PR,3864
S0025,ARM2,OVRLRESP,PR,3892
S0025,ARM2,OVRLRESP,PR,3920
S0025,ARM2,OVRLRESP,PR,3948
S0025,ARM2,OVRLRESP,PR,3976
S0025,ARM2,OVRLRESP,PR,4004
S0025,ARM2,OVRLRESP,PR,4032
S0025,ARM2,OVRLRESP,PR,4060
S0025,ARM2,OVRLRESP,PR,4088
S0025,ARM2,OVRLRESP,PR,4116
S0025,ARM2,OVRLRESP,PR,4144
S0025,ARM2,CBOR,PR,56
S0026,ARM2,OVRLRESP,SD,28
S0026,ARM2,OVRLRESP,PR,56
S0026,ARM2,OVRLRESP,PR,84
S0026,ARM2,OVRLRESP,PR,112
S0026,ARM2,OVRLRESP,PR,140
S0026,ARM2,OVRLRESP,PR,168
S0026,ARM2,OVRLRESP,PR,196
S0026,ARM2,OVRLRESP,PR,224
S0026,ARM2,OVRLRESP,PR,252
S0026,ARM2,OVRLRESP,PR,280
S0026,ARM2,OVRLRESP,PR,308
S0026,ARM2,OVRLRESP,PR,336
S0026,ARM2,OVRLRESP,PR,364
S0026,ARM2,OVRLRESP,PR,392
S0026,ARM2,OVRLRESP,PR,420
S0026,ARM2,OVRLRESP,PR,448
S0026,ARM2,OVRLRESP,PR,476
S0026,ARM2,OVRLRESP,PR,504
S0026,ARM2,OVRLRESP,PR,532
S0026,ARM2,OVRLRESP,PR,560
S0026,ARM2,OVRLRESP,PR,588
S0026,ARM2,OVRLRESP,PR,616
S0026,ARM2,OVRLRESP,PR,644
S0026,ARM2,OVRLRESP,PR,672
S0026,ARM2,OVRLRESP,PR,700
S0026,ARM2,OVRLRESP,PR,728
S0026,ARM2,OVRLRESP,PR,756
S0026,ARM2,OVRLRESP,PR,784
S0026,ARM2,OVRLRESP,PR,812
S0026,ARM2,OVRLRESP,PR,840
S0026,ARM2,OVRLRESP,PR,868
S0026,ARM2,OVRLRESP,PR,896
S0026,ARM2,OVRLRESP,PR,924
S0026,ARM2,OVRLRESP,PR,952
S0026,ARM2,OVRLRESP,PR,980
S0026,ARM2,OVRLRESP,PR,1008
S0026,ARM2,OVRLRESP,PR,1036
S0026,ARM2,OVRLRESP,PR,1064
S0026,ARM2,OVRLRESP,PR,1092
S0026,ARM2,OVRLRESP,PR,1120
S0026,ARM2,OVRLRESP,PR,1148
S0026,ARM2,OVRLRESP,PR,1176
S0026,ARM2,OVRLRESP,PR,1204
S0026,ARM2,OVRLRESP,PR,1232
S0026,ARM2,OVRLRESP,PR,1260
S0026,ARM2,OVRLRESP,PR,1288
S0026,ARM2,OVRLRESP,PR,1316
S0026,ARM2,OVRLRESP,PR,1344
S0026,ARM2,OVRLRESP,PR,1372
S0026,ARM2,OVRLRESP,PR,1400
S0026,ARM2,OVRLRESP,PR,1428
S0026,ARM2,OVRLRESP,PR,1456
S0026,ARM2,OVRLRESP,PR,1484
S0026,ARM2,OVRLRESP,PR,1512
S0026,ARM2,OVRLRESP,PR,1540
S0026,ARM2,OVRLRESP,PR,1568
S0026,ARM2,OVRLRESP,PR,1596
S0026,ARM2,OVRLRESP,PR,1624
S0026,ARM2,OVRLRESP,PR,1652
S0026,ARM2,OVRLRESP,PR,1680
S0026,ARM2,OVRLRESP,PR,1708
S0026,ARM2,OVRLRESP,PR,1736
S0026,ARM2,OVRLRESP,PR,1764
S0026,ARM2,OVRLRESP,PR,1792
S0026,ARM2,OVRLRESP,PR,1820
S0026,ARM2,OVRLRESP,PR,1848
S0026,ARM2,OVRLRESP,PR,1876
S0026,ARM2,OVRLRESP,PR,1904
S0026,ARM2,OVRLRESP,PR,1932
S0026,ARM2,OVRLRESP,PR,1960
S0026,ARM2,OVRLRESP,PR,1988
S0026,ARM2,OVRLRESP,PR,2016
S0026,ARM2,OVRLRESP,PR,2044
S0026,ARM2,OVRLRESP,PR,2072
S0026,ARM2,OVRLRESP,PR,2100
S0026,ARM2,OVRLRESP,PR,2128
S0026,ARM2,OVRLRESP,PR,2156
S0026,ARM2,OVRLRESP,PR,2184
S0026,ARM2,OVRLRESP,PR,2212
S0026,ARM2,OVRLRESP,PR,2240
S0026,ARM2,OVRLRESP,PR,2268
S0026,ARM2,OVRLRESP,PR,2296
S0026,ARM2,OVRLRESP,PR,2324
S0026,ARM2,OVRLRESP,PR,2352
S0026,ARM2,OVRLRESP,PR,2380
S0026,ARM2,OVRLRESP,PR,2408
S0026,ARM2,OVRLRESP,PR,2436
S0026,ARM2,OVRLRESP,PR,2464
S0026,ARM2,OVRLRESP,PR,2492
S0026,ARM2,OVRLRESP,PR,2520
S0026,ARM2,OVRLRESP,PR,2548
S0026,ARM2,OVRLRESP,PR,2576
S0026,ARM2,OVRLRESP,PR,2604
S0026,ARM2,OVRLRESP,PR,2632
S0026,ARM2,OVRLRESP,PR,2660
S0026,ARM2,OVRLRESP,PR,2688
S0026,ARM2,OVRLRESP,PR,2716
S0026,ARM2,OVRLRESP,PR,2744
S0026,ARM2,OVRLRESP,PR,2772
S0026,ARM2,OVRLRESP,PR,2800
S0026,ARM2,OVRLRESP,PR,2828
S0026,ARM2,OVRLRESP,PR,2856
S0026,ARM2,OVRLRESP,PR,2884
S0026,ARM2,OVRLRESP,PR,2912
S0026,ARM2,OVRLRESP,PR,2940
S0026,ARM2,OVRLRESP,PR,2968
S0026,ARM2,OVRLRESP,PR,2996
S0026,ARM2,OVRLRESP,PR,3024
S0026,ARM2,OVRLRESP,PR,3052
S0026,ARM2,OVRLRESP,PR,3080
S0026,ARM2,OVRLRESP,PR,3108
S0026,ARM2,OVRLRESP,PR,3136
S0026,ARM2,OVRLRESP,PR,3164
S0026,ARM2,OVRLRESP,PR,3192
S0026,ARM2,OVRLRESP,PR,3220
S0026,ARM2,OVRLRESP,PR,3248
S0026,ARM2,OVRLRESP,PR,3276
S0026,ARM2,OVRLRESP,PR,3304
S0026,ARM2,OVRLRESP,PR,3332
S0026,ARM2,OVRLRESP,PR,3360
S0026,ARM2,OVRLRESP,PR,3388
S0026,ARM2,OVRLRESP,PR,3416
S0026,ARM2,OVRLRESP,PR,3444
S0026,ARM2,OVRLRESP,PR,3472
S0026,ARM2,OVRLRESP,PR,3500
S0026,ARM2,OVRLRESP,PR,3528
S0026,ARM2,OVRLRESP,PR,3556
S0026,ARM2,OVRLRESP,PR,3584
S0026,ARM2,OVRLRESP,PR,3612
S0026,ARM2,OVRLRESP,PR,3640
S0026,ARM2,OVRLRESP,PR,3668
S0026,ARM2,OVRLRESP,PR,3696
S0026,ARM2,OVRLRESP,PR,3724
S0026,ARM2,OVRLRESP,PR,3752
S0026,ARM2,OVRLRESP,PR,3780
S0026,ARM2,OVRLRESP,PR,3808
S0026,ARM2,OVRLRESP,PR,3836
S0026,ARM2,OVRLRESP,PR,3864
S0026,ARM2,OVRLRESP,PR,3892
S0026,ARM2,OVRLRESP,PR,3920
S0026,ARM2,OVRLRESP,PR,3948
S0026,ARM2,OVRLRESP,PR,3976
S0026,ARM2,OVRLRESP,PR,4004
S0026,ARM2,OVRLRESP,PR,4032
S0026,ARM2,OVRLRESP,PR,4060
S0026,ARM2,OVRLRESP,PR,4088
S0026,ARM2,OVRLRESP,PR,4116
S0026,ARM2,OVRLRESP,PR,4144
S0026,ARM2,CBOR,PR,56
S0031,ARM2,OVRLRESP,SD,28
S0031,ARM2,OVRLRESP,PR,56
S0031,ARM2,OVRLRESP,PR,84
S0031,ARM2,OVRLRESP,PR,112
S0031,ARM2,OVRLRESP,PR,140
S0031,ARM2,OVRLRESP,PR,168
S0031,ARM2,OVRLRESP,PR,196
S0031,ARM2,OVRLRESP,PR,224
S0031,ARM2,OVRLRESP,PR,252
S0031,ARM2,OVRLRESP,PR,280
S0031,ARM2,OVRLRESP,PR,308
S0031,ARM2,OVRLRESP,PR,336
S0031,ARM2,OVRLRESP,PR,364
S0031,ARM2,OVRLRESP,PR,392
S0031,ARM2,OVRLRESP,PR,420
S0031,ARM2,OVRLRESP,PR,448
S0031,ARM2,OVRLRESP,PR,476
S0031,ARM2,OVRLRESP,PR,504
S0031,ARM2,OVRLRESP,PR,532
S0031,ARM2,OVRLRESP,PR,560
S0031,ARM2,OVRLRESP,PR,588
S0031,ARM2,OVRLRESP,PR,616
S0031,ARM2,OVRLRESP,PR,644
S0031,ARM2,OVRLRESP,PR,672
S0031,ARM2,OVRLRESP,PR,700
S0031,ARM2,OVRLRESP,PR,728
S0031,ARM2,OVRLRESP,PR,756
S0031,ARM2,OVRLRESP,PR,784
S0031,ARM2,OVRLRESP,PR,812
S0031,ARM2,OVRLRESP,PR,840
S0031,ARM2,OVRLRESP,PR,868
S0031,ARM2,OVRLRESP,PD,896
S0031,ARM2,CBOR,PR,56
S0032,ARM2,OVRLRESP,SD,28
S0032,ARM2,OVRLRESP,SD,56
S0032,ARM2,OVRLRESP,SD,84
S0032,ARM2,OVRLRESP,SD,112
S0032,ARM2,OVRLRESP,SD,140
S0032,ARM2,OVRLRESP,SD,168
S0032,ARM2,OVRLRESP,SD,196
S0032,ARM2,OVRLRESP,SD,224
S0032,ARM2,OVRLRESP,SD,252
S0032,ARM2,OVRLRESP,SD,280
S0032,ARM2,OVRLRESP,SD,308
S0032,ARM2,OVRLRESP,SD,336
S0032,ARM2,OVRLRESP,SD,364
S0032,ARM2,OVRLRESP,SD,392
S0032,ARM2,OVRLRESP,SD,420
S0032,ARM2,OVRLRESP,SD,448
S0032,ARM2,OVRLRESP,SD,476
S0032,ARM2,OVRLRESP,SD,504
S0032,ARM2,OVRLRESP,SD,532
S0032,ARM2,OVRLRESP,SD,560
S0032,ARM2,OVRLRESP,SD,588
S0032,ARM2,OVRLRESP,SD,616
S0032,ARM2,OVRLRESP,SD,644
S0032,ARM2,OVRLRESP,SD,672
S0032,ARM2,OVRLRESP,SD,700
S0032,ARM2,OVRLRESP,SD,728
S0032,ARM2,OVRLRESP,SD,756
S0032,ARM2,OVRLRESP,SD,784
S0032,ARM2,OVRLRESP,SD,812
S0032,ARM2,OVRLRESP,SD,840
S0032,ARM2,OVRLRESP,SD,868
S0032,ARM2,OVRLRESP,SD,896
S0032,ARM2,OVRLRESP,SD,924
S0032,ARM2,OVRLRESP,SD,952
S0032,ARM2,OVRLRESP,SD,980
S0032,ARM2,OVRLRESP,SD,1008
S0032,ARM2,OVRLRESP,SD,1036
S0032,ARM2,OVRLRESP,SD,1064
S0032,ARM2,OVRLRESP,SD,1092
S0032,ARM2,OVRLRESP,SD,1120
S0032,ARM2,OVRLRESP,SD,1148
S0032,ARM2,OVRLRESP,SD,1176
S0032,ARM2,OVRLRESP,SD,1204
S0032,ARM2,OVRLRESP,SD,1232
S0032,ARM2,OVRLRESP,SD,1260
S0032,ARM2,OVRLRESP,SD,1288
S0032,ARM2,OVRLRESP,SD,1316
S0032,ARM2,OVRLRESP,SD,1344
S0032,ARM2,OVRLRESP,SD,1372
S0032,ARM2,OVRLRESP,SD,1400
S0032,ARM2,OVRLRESP,SD,1428
S0032,ARM2,OVRLRESP,SD,1456
S0032,ARM2,OVRLRESP,SD,1484
S0032,ARM2,OVRLRESP,SD,1512
S0032,ARM2,OVRLRESP,SD,1540
S0032,ARM2,OVRLRESP,PD,1568
S0032,ARM2,CBOR,SD,56
S0033,ARM2,OVRLRESP,PR,28
S0033,ARM2,OVRLRESP,CR,56
S0033,ARM2,OVRLRESP,CR,84
S0033,ARM2,OVRLRESP,CR,112
S0033,ARM2,OVRLRESP,CR,140
S0033,ARM2,OVRLRESP,CR,168
S0033,ARM2,OVRLRESP,CR,196
S0033,ARM2,OVRLRESP,CR,224
S0033,ARM2,OVRLRESP,CR,252
S0033,ARM2,OVRLRESP,CR,280
S0033,ARM2,OVRLRESP,CR,308
S0033,ARM2,OVRLRESP,CR,336
S0033,ARM2,OVRLRESP,CR,364
S0033,ARM2,OVRLRESP,CR,392
S0033,ARM2,OVRLRESP,CR,420
S0033,ARM2,OVRLRESP,CR,448
S0033,ARM2,OVRLRESP,CR,476
S0033,ARM2,OVRLRESP,CR,504
S0033,ARM2,OVRLRESP,CR,532
S0033,ARM2,OVRLRESP,CR,560
S0033,ARM2,OVRLRESP,CR,588
S0033,ARM2,OVRLRESP,CR,616
S0033,ARM2,OVRLRESP,CR,644
S0033,ARM2,OVRLRESP,CR,672
S0033,ARM2,OVRLRESP,CR,700
S0033,ARM2,OVRLRESP,CR,728
S0033,ARM2,OVRLRESP,CR,756
S0033,ARM2,OVRLRESP,CR,784
S0033,ARM2,OVRLRESP,CR,812
S0033,ARM2,OVRLRESP,CR,840
S0033,ARM2,OVRLRESP,CR,868
S0033,ARM2,OVRLRESP,CR,896
S0033,ARM2,OVRLRESP,CR,924
S0033,ARM2,OVRLRESP,CR,952
S0033,ARM2,OVRLRESP,CR,980
S0033,ARM2,OVRLRESP,CR,1008
S0033,ARM2,OVRLRESP,CR,1036
S0033,ARM2,OVRLRESP,CR,1064
S0033,ARM2,OVRLRESP,CR,1092
S0033,ARM2,OVRLRESP,CR,1120
S0033,ARM2,OVRLRESP,CR,1148
S0033,ARM2,OVRLRESP,CR,1176
S0033,ARM2,OVRLRESP,CR,1204
S0033,ARM2,OVRLRESP,CR,1232
S0033,ARM2,OVRLRESP,CR,1260
S0033,ARM2,OVRLRESP,CR,1288
S0033,ARM2,OVRLRESP,CR,1316
S0033,ARM2,OVRLRESP,CR,1344
S0033,ARM2,OVRLRESP,CR,1372
S0033,ARM2,OVRLRESP,CR,1400
S0033,ARM2,OVRLRESP,CR,1428
S0033,ARM2,OVRLRESP,CR,1456
S0033,ARM2,OVRLRESP,CR,1484
S0033,ARM2,OVRLRESP,CR,1512
S0033,ARM2,OVRLRESP,CR,1540
S0033,ARM2,OVRLRESP,CR,1568
S0033,ARM2,OVRLRESP,CR,1596
S0033,ARM2,OVRLRESP,CR,1624
S0033,ARM2,OVRLRESP,CR,1652
S0033,ARM2,OVRLRESP,CR,1680
S0033,ARM2,OVRLRESP,CR,1708
S0033,ARM2,OVRLRESP,CR,1736
S0033,ARM2,OVRLRESP,CR,1764
S0033,ARM2,OVRLRESP,CR,1792
S0033,ARM2,OVRLRESP,CR,1820
S0033,ARM2,OVRLRESP,CR,1848
S0033,ARM2,OVRLRESP,CR,1876
S0033,ARM2,OVRLRESP,CR,1904
S0033,ARM2,OVRLRESP,CR,1932
S0033,ARM2,OVRLRESP,CR,1960
S0033,ARM2,OVRLRESP,CR,1988
S0033,ARM2,OVRLRESP,CR,2016
S0033,ARM2,OVRLRESP,CR,2044
S0033,ARM2,OVRLRESP,CR,2072
S0033,ARM2,OVRLRESP,CR,2100
S0033,ARM2,OVRLRESP,CR,2128
S0033,ARM2,OVRLRESP,CR,2156
S0033,ARM2,OVRLRESP,CR,2184
S0033,ARM2,OVRLRESP,CR,2212
S0033,ARM2,OVRLRESP,CR,2240
S0033,ARM2,OVRLRESP,CR,2268
S0033,ARM2,OVRLRESP,CR,2296
S0033,ARM2,OVRLRESP,CR,2324
S0033,ARM2,OVRLRESP,CR,2352
S0033,ARM2,OVRLRESP,CR,2380
S0033,ARM2,OVRLRESP,CR,2408
S0033,ARM2,OVRLRESP,CR,2436
S0033,ARM2,OVRLRESP,CR,2464
S0033,ARM2,OVRLRESP,PR,2492
S0033,ARM2,OVRLRESP,PR,2520
S0033,ARM2,CBOR,CR,56
S0035,ARM2,OVRLRESP,SD,28
S0035,ARM2,OVRLRESP,PR,56
S0035,ARM2,OVRLRESP,PR,84
S0035,ARM2,OVRLRESP,PR,112
S0035,ARM2,OVRLRESP,PR,140
S0035,ARM2,OVRLRESP,PR,168
S0035,ARM2,OVRLRESP,PR,196
S0035,ARM2,OVRLRESP,PR,224
S0035,ARM2,OVRLRESP,PR,252
S0035,ARM2,OVRLRESP,PR,280
S0035,ARM2,OVRLRESP,PR,308
S0035,ARM2,OVRLRESP,PR,336
S0035,ARM2,OVRLRESP,PR,364
S0035,ARM2,OVRLRESP,PR,392
S0035,ARM2,OVRLRESP,PR,420
S0035,ARM2,OVRLRESP,PR,448
S0035,ARM2,OVRLRESP,PR,476
S0035,ARM2,OVRLRESP,PR,504
S0035,ARM2,OVRLRESP,PR,532
S0035,ARM2,OVRLRESP,PR,560
S0035,ARM2,OVRLRESP,PR,588
S0035,ARM2,OVRLRESP,PR,616
S0035,ARM2,OVRLRESP,PR,644
S0035,ARM2,OVRLRESP,PR,672
S0035,ARM2,OVRLRESP,PR,700
S0035,ARM2,OVRLRESP,PR,728
S0035,ARM2,OVRLRESP,PR,756
S0035,ARM2,OVRLRESP,PR,784
S0035,ARM2,OVRLRESP,PR,812
S0035,ARM2,OVRLRESP,PR,840
S0035,ARM2,OVRLRESP,PR,868
S0035,ARM2,OVRLRESP,PR,896
S0035,ARM2,OVRLRESP,PR,924
S0035,ARM2,OVRLRESP,PR,952
S0035,ARM2,OVRLRESP,PR,980
S0035,ARM2,OVRLRESP,PR,1008
S0035,ARM2,OVRLRESP,PR,1036
S0035,ARM2,OVRLRESP,PR,1064
S0035,ARM2,OVRLRESP,PR,1092
S0035,ARM2,OVRLRESP,PR,1120
S0035,ARM2,OVRLRESP,PR,1148
S0035,ARM2,OVRLRESP,PR,1176
S0035,ARM2,OVRLRESP,PR,1204
S0035,ARM2,OVRLRESP,PR,1232
S0035,ARM2,OVRLRESP,PR,1260
S0035,ARM2,OVRLRESP,PR,1288
S0035,ARM2,OVRLRESP,PR,1316
S0035,ARM2,OVRLRESP,PR,1344
S0035,ARM2,OVRLRESP,PR,1372
S0035,ARM2,OVRLRESP,PR,1400
S0035,ARM2,OVRLRESP,PR,1428
S0035,ARM2,OVRLRESP,PR,1456
S0035,ARM2,OVRLRESP,PR,1484
S0035,ARM2,OVRLRESP,PR,1512
S0035,ARM2,OVRLRESP,PR,1540
S0035,ARM2,OVRLRESP,PD,1568
S0035,ARM2,CBOR,PR,56
S0036,ARM2,OVRLRESP,SD,28
S0036,ARM2,OVRLRESP,PR,56
S0036,ARM2,OVRLRESP,PR,84
S0036,ARM2,OVRLRESP,PR,112
S0036,ARM2,OVRLRESP,PR,140
S0036,ARM2,OVRLRESP,PR,168
S0036,ARM2,OVRLRESP,PR,196
S0036,ARM2,OVRLRESP,PR,224
S0036,ARM2,OVRLRESP,PR,252
S0036,ARM2,OVRLRESP,PR,280
S0036,ARM2,OVRLRESP,PR,308
S0036,ARM2,OVRLRESP,PR,336
S0036,ARM2,OVRLRESP,PR,364
S0036,ARM2,OVRLRESP,PR,392
S0036,ARM2,OVRLRESP,PR,420
S0036,ARM2,OVRLRESP,PR,448
S0036,ARM2,OVRLRESP,PR,476
S0036,ARM2,OVRLRESP,PR,504
S0036,ARM2,OVRLRESP,PR,532
S0036,ARM2,OVRLRESP,PR,560
S0036,ARM2,OVRLRESP,PR,588
S0036,ARM2,OVRLRESP,PR,616
S0036,ARM2,OVRLRESP,PR,644
S0036,ARM2,OVRLRESP,PR,672
S0036,ARM2,OVRLRESP,PR,700
S0036,ARM2,OVRLRESP,PD,728
S0036,ARM2,CBOR,PR,56
S0037,ARM2,OVRLRESP,SD,28
S0037,ARM2,OVRLRESP,PR,56
S0037,ARM2,OVRLRESP,PR,84
S0037,ARM2,OVRLRESP,PR,112
S0037,ARM2,OVRLRESP,PR,140
S0037,ARM2,OVRLRESP,PR,168
S0037,ARM2,OVRLRESP,PR,196
S0037,ARM2,OVRLRESP,PR,224
S0037,ARM2,OVRLRESP,PR,252
S0037,ARM2,OVRLRESP,PR,280
S0037,ARM2,OVRLRESP,PR,308
S0037,ARM2,OVRLRESP,PR,336
S0037,ARM2,OVRLRESP,PR,364
S0037,ARM2,OVRLRESP,PR,392
S0037,ARM2,OVRLRESP,PR,420
S0037,ARM2,OVRLRESP,PR,448
S0037,ARM2,OVRLRESP,PR,476
S0037,ARM2,OVRLRESP,PR,504
S0037,ARM2,OVRLRESP,PR,532
S0037,ARM2,OVRLRESP,PR,560
S0037,ARM2,OVRLRESP,PR,588
S0037,ARM2,OVRLRESP,PR,616
S0037,ARM2,OVRLRESP,PR,644
S0037,ARM2,OVRLRESP,PR,672
S0037,ARM2,OVRLRESP,PR,700
S0037,ARM2,OVRLRESP,PR,728
S0037,ARM2,OVRLRESP,PR,756
S0037,ARM2,OVRLRESP,PR,784
S0037,ARM2,OVRLRESP,PR,812
S0037,ARM2,OVRLRESP,PR,840
S0037,ARM2,OVRLRESP,PR,868
S0037,ARM2,OVRLRESP,PR,896
S0037,ARM2,OVRLRESP,PR,924
S0037,ARM2,OVRLRESP,PR,952
S0037,ARM2,OVRLRESP,PR,980
S0037,ARM2,OVRLRESP,PR,1008
S0037,ARM2,OVRLRESP,PR,1036
S0037,ARM2,OVRLRESP,PR,1064
S0037,ARM2,OVRLRESP,PR,1092
S0037,ARM2,OVRLRESP,PR,1120
S0037,ARM2,OVRLRESP,PR,1148
S0037,ARM2,OVRLRESP,PR,1176
S0037,ARM2,OVRLRESP,PR,1204
S0037,ARM2,OVRLRESP,PR,1232
S0037,ARM2,OVRLRESP,PR,1260
S0037,ARM2,OVRLRESP,PR,1288
S0037,ARM2,OVRLRESP,PR,1316
S0037,ARM2,OVRLRESP,PR,1344
S0037,ARM2,OVRLRESP,PR,1372
S0037,ARM2,OVRLRESP,PR,1400
S0037,ARM2,OVRLRESP,PR,1428
S0037,ARM2,OVRLRESP,PR,1456
S0037,ARM2,OVRLRESP,PR,1484
S0037,ARM2,OVRLRESP,PR,1512
S0037,ARM2,OVRLRESP,PR,1540
S0037,ARM2,OVRLRESP,PR,1568
S0037,ARM2,OVRLRESP,PR,1596
S0037,ARM2,OVRLRESP,PR,1624
S0037,ARM2,OVRLRESP,PR,1652
S0037,ARM2,OVRLRESP,PR,1680
S0037,ARM2,OVRLRESP,PR,1708
S0037,ARM2,OVRLRESP,PR,1736
S0037,ARM2,OVRLRESP,PR,1764
S0037,ARM2,OVRLRESP,PR,1792
S0037,ARM2,OVRLRESP,PR,1820
S0037,ARM2,OVRLRESP,PR,1848
S0037,ARM2,OVRLRESP,PR,1876
S0037,ARM2,OVRLRESP,PR,1904
S0037,ARM2,OVRLRESP,PR,1932
S0037,ARM2,OVRLRESP,PR,1960
S0037,ARM2,OVRLRESP,PR,1988
S0037,ARM2,OVRLRESP,PR,2016
S0037,ARM2,OVRLRESP,PR,2044
S0037,ARM2,OVRLRESP,PR,2072
S0037,ARM2,OVRLRESP,PR,2100
S0037,ARM2,OVRLRESP,PR,2128
S0037,ARM2,OVRLRESP,PR,2156
S0037,ARM2,OVRLRESP,PR,2184
S0037,ARM2,OVRLRESP,PR,2212
S0037,ARM2,OVRLRESP,PR,2240
S0037,ARM2,OVRLRESP,PR,2268
S0037,ARM2,OVRLRESP,PR,2296
S0037,ARM2,OVRLRESP,PR,2324
S0037,ARM2,OVRLRESP,PR,2352
S0037,ARM2,OVRLRESP,PR,2380
S0037,ARM2,OVRLRESP,PR,2408
S0037,ARM2,OVRLRESP,PR,2436
S0037,ARM2,OVRLRESP,PR,2464
S0037,ARM2,OVRLRESP,PR,2492
S0037,ARM2,OVRLRESP,PR,2520
S0037,ARM2,OVRLRESP,PR,2548
S0037,ARM2,OVRLRESP,PR,2576
S0037,ARM2,OVRLRESP,PR,2604
S0037,ARM2,OVRLRESP,PR,2632
S0037,ARM2,OVRLRESP,PR,2660
S0037,ARM2,OVRLRESP,PR,2688
S0037,ARM2,OVRLRESP,PR,2716
S0037,ARM2,OVRLRESP,PR,2744
S0037,ARM2,OVRLRESP,PR,2772
S0037,ARM2,OVRLRESP,PR,2800
S0037,ARM2,OVRLRESP,PR,2828
S0037,ARM2,OVRLRESP,PR,2856
S0037,ARM2,OVRLRESP,PR,2884
S0037,ARM2,OVRLRESP,PR,2912
S0037,ARM2,OVRLRESP,PR,2940
S0037,ARM2,OVRLRESP,PR,2968
S0037,ARM2,OVRLRESP,PR,2996
S0037,ARM2,OVRLRESP,PR,3024
S0037,ARM2,OVRLRESP,PR,3052
S0037,ARM2,OVRLRESP,PR,3080
S0037,ARM2,OVRLRESP,PR,3108
S0037,ARM2,OVRLRESP,PR,3136
S0037,ARM2,OVRLRESP,PR,3164
S0037,ARM2,OVRLRESP,PR,3192
S0037,ARM2,OVRLRESP,PR,3220
S0037,ARM2,OVRLRESP,PR,3248
S0037,ARM2,OVRLRESP,PR,3276
S0037,ARM2,OVRLRESP,PR,3304
S0037,ARM2,OVRLRESP,PR,3332
S0037,ARM2,OVRLRESP,PR,3360
S0037,ARM2,OVRLRESP,PR,3388
S0037,ARM2,OVRLRESP,PR,3416
S0037,ARM2,OVRLRESP,PR,3444
S0037,ARM2,OVRLRESP,PR,3472
S0037,ARM2,OVRLRESP,PR,3500
S0037,ARM2,OVRLRESP,PR,3528
S0037,ARM2,OVRLRESP,PR,3556
S0037,ARM2,OVRLRESP,PR,3584
S0037,ARM2,OVRLRESP,PR,3612
S0037,ARM2,OVRLRESP,PR,3640
S0037,ARM2,OVRLRESP,PR,3668
S0037,ARM2,OVRLRESP,PR,3696
S0037,ARM2,OVRLRESP,PR,3724
S0037,ARM2,OVRLRESP,PR,3752
S0037,ARM2,OVRLRESP,PR,3780
S0037,ARM2,OVRLRESP,PR,3808
S0037,ARM2,OVRLRESP,PR,3836
S0037,ARM2,OVRLRESP,PR,3864
S0037,ARM2,OVRLRESP,PR,3892
S0037,ARM2,OVRLRESP,PR,3920
S0037,ARM2,OVRLRESP,PR,3948
S0037,ARM2,OVRLRESP,PR,3976
S0037,ARM2,OVRLRESP,PR,4004
S0037,ARM2,OVRLRESP,PR,4032
S0037,ARM2,OVRLRESP,PR,4060
S0037,ARM2,OVRLRESP,PR,4088
S0037,ARM2,CBOR,PR,56
S0040,ARM2,OVRLRESP,SD,28
S0040,ARM2,OVRLRESP,PR,56
S0040,ARM2,CBOR,SD,56
S0042,ARM2,OVRLRESP,SD,28
S0042,ARM2,OVRLRESP,PR,56
S0042,ARM2,OVRLRESP,PR,84
S0042,ARM2,OVRLRESP,PR,112
S0042,ARM2,OVRLRESP,PR,140
S0042,ARM2,OVRLRESP,PR,168
S0042,ARM2,OVRLRESP,PR,196
S0042,ARM2,OVRLRESP,PR,224
S0042,ARM2,OVRLRESP,PR,252
S0042,ARM2,OVRLRESP,PR,280
S0042,ARM2,OVRLRESP,PR,308
S0042,ARM2,OVRLRESP,PR,336
S0042,ARM2,OVRLRESP,PR,364
S0042,ARM2,OVRLRESP,PR,392
S0042,ARM2,OVRLRESP,PR,420
S0042,ARM2,OVRLRESP,PD,448
S0042,ARM2,CBOR,PR,56
S0043,ARM2,OVRLRESP,SD,28
S0043,ARM2,OVRLRESP,PR,56
S0043,ARM2,OVRLRESP,PD,84
S0043,ARM2,CBOR,SD,56
S0045,ARM2,OVRLRESP,SD,28
S0045,ARM2,OVRLRESP,PR,56
S0045,ARM2,OVRLRESP,PR,84
S0045,ARM2,OVRLRESP,PR,112
S0045,ARM2,OVRLRESP,PR,140
S0045,ARM2,OVRLRESP,PR,168
S0045,ARM2,OVRLRESP,PR,196
S0045,ARM2,OVRLRESP,PR,224
S0045,ARM2,OVRLRESP,PR,252
S0045,ARM2,OVRLRESP,PR,280
S0045,ARM2,OVRLRESP,PR,308
S0045,ARM2,OVRLRESP,PR,336
S0045,ARM2,OVRLRESP,PR,364
S0045,ARM2,OVRLRESP,PR,392
S0045,ARM2,OVRLRESP,PR,420
S0045,ARM2,OVRLRESP,PR,448
S0045,ARM2,OVRLRESP,PR,476
S0045,ARM2,OVRLRESP,PR,504
S0045,ARM2,CBOR,PR,56
S0046,ARM2,OVRLRESP,SD,28
S0046,ARM2,OVRLRESP,PR,56
S0046,ARM2,OVRLRESP,PR,84
S0046,ARM2,OVRLRESP,PR,112
S0046,ARM2,OVRLRESP,PR,140
S0046,ARM2,OVRLRESP,PR,168
S0046,ARM2,OVRLRESP,PR,196
S0046,ARM2,OVRLRESP,PR,224
S0046,ARM2,OVRLRESP,PR,252
S0046,ARM2,OVRLRESP,PR,280
S0046,ARM2,OVRLRESP,PR,308
S0046,ARM2,OVRLRESP,PR,336
S0046,ARM2,OVRLRESP,PR,364
S0046,ARM2,OVRLRESP,PR,392
S0046,ARM2,OVRLRESP,PR,420
S0046,ARM2,OVRLRESP,PR,448
S0046,ARM2,OVRLRESP,PR,476
S0046,ARM2,OVRLRESP,PR,504
S0046,ARM2,OVRLRESP,PR,532
S0046,ARM2,OVRLRESP,PR,560
S0046,ARM2,OVRLRESP,PR,588
S0046,ARM2,OVRLRESP,PR,616
S0046,ARM2,OVRLRESP,PR,644
S0046,ARM2,OVRLRESP,PR,672
S0046,ARM2,OVRLRESP,PR,700
S0046,ARM2,OVRLRESP,PR,728
S0046,ARM2,OVRLRESP,PR,756
S0046,ARM2,OVRLRESP,PR,784
S0046,ARM2,OVRLRESP,PR,812
S0046,ARM2,OVRLRESP,PR,840
S0046,ARM2,OVRLRESP,PR,868
S0046,ARM2,OVRLRESP,PR,896
S0046,ARM2,OVRLRESP,PR,924
S0046,ARM2,OVRLRESP,PR,952
S0046,ARM2,OVRLRESP,PR,980
S0046,ARM2,OVRLRESP,PR,1008
S0046,ARM2,OVRLRESP,PR,1036
S0046,ARM2,OVRLRESP,PR,1064
S0046,ARM2,OVRLRESP,PR,1092
S0046,ARM2,OVRLRESP,PR,1120
S0046,ARM2,OVRLRESP,PR,1148
S0046,ARM2,OVRLRESP,PR,1176
S0046,ARM2,OVRLRESP,PR,1204
S0046,ARM2,OVRLRESP,PR,1232
S0046,ARM2,OVRLRESP,PR,1260
S0046,ARM2,OVRLRESP,PR,1288
S0046,ARM2,OVRLRESP,PR,1316
S0046,ARM2,OVRLRESP,PR,1344
S0046,ARM2,OVRLRESP,PR,1372
S0046,ARM2,OVRLRESP,PR,1400
S0046,ARM2,OVRLRESP,PR,1428
S0046,ARM2,OVRLRESP,PR,1456
S0046,ARM2,OVRLRESP,PR,1484
S0046,ARM2,OVRLRESP,PR,1512
S0046,ARM2,OVRLRESP,PR,1540
S0046,ARM2,OVRLRESP,PR,1568
S0046,ARM2,OVRLRESP,PR,1596
S0046,ARM2,OVRLRESP,PR,1624
S0046,ARM2,OVRLRESP,PR,1652
S0046,ARM2,OVRLRESP,PR,1680
S0046,ARM2,OVRLRESP,PR,1708
S0046,ARM2,OVRLRESP,PR,1736
S0046,ARM2,OVRLRESP,PR,1764
S0046,ARM2,OVRLRESP,PR,1792
S0046,ARM2,OVRLRESP,PR,1820
S0046,ARM2,OVRLRESP,PR,1848
S0046,ARM2,OVRLRESP,PR,1876
S0046,ARM2,OVRLRESP,PR,1904
S0046,ARM2,OVRLRESP,PR,1932
S0046,ARM2,OVRLRESP,PR,1960
S0046,ARM2,OVRLRESP,PR,1988
S0046,ARM2,OVRLRESP,PR,2016
S0046,ARM2,OVRLRESP,PR,2044
S0046,ARM2,OVRLRESP,PR,2072
S0046,ARM2,OVRLRESP,PR,2100
S0046,ARM2,OVRLRESP,PR,2128
S0046,ARM2,OVRLRESP,PR,2156
S0046,ARM2,OVRLRESP,PR,2184
S0046,ARM2,OVRLRESP,PR,2212
S0046,ARM2,OVRLRESP,PR,2240
S0046,ARM2,OVRLRESP,PR,2268
S0046,ARM2,OVRLRESP,PR,2296
S0046,ARM2,OVRLRESP,PR,2324
S0046,ARM2,OVRLRESP,PR,2352
S0046,ARM2,OVRLRESP,PR,2380
S0046,ARM2,OVRLRESP,PR,2408
S0046,ARM2,OVRLRESP,PR,2436
S0046,ARM2,CBOR,PR,56
S0051,ARM2,OVRLRESP,SD,28
S0051,ARM2,OVRLRESP,PR,56
S0051,ARM2,OVRLRESP,PR,84
S0051,ARM2,OVRLRESP,PR,112
S0051,ARM2,OVRLRESP,PR,140
S0051,ARM2,OVRLRESP,PR,168
S0051,ARM2,OVRLRESP,PR,196
S0051,ARM2,OVRLRESP,PR,224
S0051,ARM2,OVRLRESP,PR,252
S0051,ARM2,OVRLRESP,PR,280
S0051,ARM2,OVRLRESP,PR,308
S0051,ARM2,OVRLRESP,PR,336
S0051,ARM2,OVRLRESP,PR,364
S0051,ARM2,OVRLRESP,PR,392
S0051,ARM2,OVRLRESP,PR,420
S0051,ARM2,OVRLRESP,PR,448
S0051,ARM2,OVRLRESP,PR,476
S0051,ARM2,OVRLRESP,PR,504
S0051,ARM2,OVRLRESP,PR,532
S0051,ARM2,OVRLRESP,PR,560
S0051,ARM2,OVRLRESP,PD,588
S0051,ARM2,CBOR,PR,56
S0052,ARM2,OVRLRESP,PR,28
S0052,ARM2,OVRLRESP,CR,56
S0052,ARM2,OVRLRESP,CR,84
S0052,ARM2,OVRLRESP,CR,112
S0052,ARM2,OVRLRESP,CR,140
S0052,ARM2,OVRLRESP,CR,168
S0052,ARM2,OVRLRESP,CR,196
S0052,ARM2,OVRLRESP,CR,224
S0052,ARM2,OVRLRESP,CR,252
S0052,ARM2,OVRLRESP,CR,280
S0052,ARM2,OVRLRESP,CR,308
S0052,ARM2,OVRLRESP,CR,336
S0052,ARM2,OVRLRESP,CR,364
S0052,ARM2,OVRLRESP,CR,392
S0052,ARM2,OVRLRESP,CR,420
S0052,ARM2,OVRLRESP,CR,448
S0052,ARM2,OVRLRESP,CR,476
S0052,ARM2,OVRLRESP,CR,504
S0052,ARM2,OVRLRESP,CR,532
S0052,ARM2,OVRLRESP,CR,560
S0052,ARM2,OVRLRESP,CR,588
S0052,ARM2,OVRLRESP,CR,616
S0052,ARM2,OVRLRESP,CR,644
S0052,ARM2,OVRLRESP,PR,672
S0052,ARM2,OVRLRESP,PR,700
S0052,ARM2,OVRLRESP,PR,728
S0052,ARM2,OVRLRESP,PR,756
S0052,ARM2,OVRLRESP,PR,784
S0052,ARM2,OVRLRESP,PR,812
S0052,ARM2,OVRLRESP,PR,840
S0052,ARM2,OVRLRESP,PR,868
S0052,ARM2,OVRLRESP,PR,896
S0052,ARM2,OVRLRESP,PR,924
S0052,ARM2,OVRLRESP,PR,952
S0052,ARM2,OVRLRESP,PR,980
S0052,ARM2,OVRLRESP,PR,1008
S0052,ARM2,OVRLRESP,PR,1036
S0052,ARM2,OVRLRESP,PR,1064
S0052,ARM2,OVRLRESP,PR,1092
S0052,ARM2,OVRLRESP,PR,1120
S0052,ARM2,OVRLRESP,PR,1148
S0052,ARM2,OVRLRESP,PR,1176
S0052,ARM2,OVRLRESP,PR,1204
S0052,ARM2,OVRLRESP,PR,1232
S0052,ARM2,OVRLRESP,PR,1260
S0052,ARM2,OVRLRESP,PR,1288
S0052,ARM2,OVRLRESP,PR,1316
S0052,ARM2,OVRLRESP,PR,1344
S0052,ARM2,OVRLRESP,PR,1372
S0052,ARM2,OVRLRESP,PR,1400
S0052,ARM2,OVRLRESP,PR,1428
S0052,ARM2,OVRLRESP,PR,1456
S0052,ARM2,OVRLRESP,PR,1484
S0052,ARM2,OVRLRESP,PR,1512
S0052,ARM2,OVRLRESP,PR,1540
S0052,ARM2,OVRLRESP,PR,1568
S0052,ARM2,OVRLRESP,PR,1596
S0052,ARM2,OVRLRESP,PR,1624
S0052,ARM2,OVRLRESP,PR,1652
S0052,ARM2,OVRLRESP,PR,1680
S0052,ARM2,OVRLRESP,PR,1708
S0052,ARM2,OVRLRESP,PR,1736
S0052,ARM2,OVRLRESP,PR,1764
S0052,ARM2,OVRLRESP,PR,1792
S0052,ARM2,OVRLRESP,PR,1820
S0052,ARM2,OVRLRESP,PR,1848
S0052,ARM2,OVRLRESP,PR,1876
S0052,ARM2,OVRLRESP,PR,1904
S0052,ARM2,OVRLRESP,PR,1932
S0052,ARM2,OVRLRESP,PR,1960
S0052,ARM2,OVRLRESP,PR,1988
S0052,ARM2,OVRLRESP,PR,2016
S0052,ARM2,OVRLRESP,PR,2044
S0052,ARM2,OVRLRESP,PR,2072
S0052,ARM2,OVRLRESP,PR,2100
S0052,ARM2,OVRLRESP,PR,2128
S0052,ARM2,OVRLRESP,PR,2156
S0052,ARM2,OVRLRESP,PR,2184
S0052,ARM2,OVRLRESP,PR,2212
S0052,ARM2,OVRLRESP,PR,2240
S0052,ARM2,OVRLRESP,PR,2268
S0052,ARM2,OVRLRESP,PR,2296
S0052,ARM2,OVRLRESP,PR,2324
S0052,ARM2,OVRLRESP,PR,2352
S0052,ARM2,OVRLRESP,PR,2380
S0052,ARM2,OVRLRESP,PR,2408
S0052,ARM2,OVRLRESP,PR,2436
S0052,ARM2,OVRLRESP,PR,2464
S0052,ARM2,OVRLRESP,PR,2492
S0052,ARM2,OVRLRESP,PR,2520
S0052,ARM2,OVRLRESP,PR,2548
S0052,ARM2,OVRLRESP,PR,2576
S0052,ARM2,OVRLRESP,PR,2604
S0052,ARM2,CBOR,CR,56
S0054,ARM2,OVRLRESP,SD,28
S0054,ARM2,OVRLRESP,PR,56
S0054,ARM2,OVRLRESP,PR,84
S0054,ARM2,OVRLRESP,PR,112
S0054,ARM2,OVRLRESP,PR,140
S0054,ARM2,OVRLRESP,PR,168
S0054,ARM2,OVRLRESP,PR,196
S0054,ARM2,CBOR,PR,56
S0055,ARM2,OVRLRESP,SD,28
S0055,ARM2,OVRLRESP,PD,56
S0055,ARM2,CBOR,PD,56
S0057,ARM2,OVRLRESP,SD,28
S0057,ARM2,OVRLRESP,PR,56
S0057,ARM2,OVRLRESP,PR,84
S0057,ARM2,OVRLRESP,PR,112
S0057,ARM2,OVRLRESP,PR,140
S0057,ARM2,OVRLRESP,PR,168
S0057,ARM2,OVRLRESP,PR,196
S0057,ARM2,OVRLRESP,PR,224
S0057,ARM2,OVRLRESP,PR,252
S0057,ARM2,OVRLRESP,PR,280
S0057,ARM2,OVRLRESP,PR,308
S0057,ARM2,OVRLRESP,PR,336
S0057,ARM2,OVRLRESP,PR,364
S0057,ARM2,OVRLRESP,PR,392
S0057,ARM2,OVRLRESP,PR,420
S0057,ARM2,OVRLRESP,PR,448
S0057,ARM2,OVRLRESP,PR,476
S0057,ARM2,OVRLRESP,PR,504
S0057,ARM2,OVRLRESP,PR,532
S0057,ARM2,OVRLRESP,PR,560
S0057,ARM2,OVRLRESP,PR,588
S0057,ARM2,OVRLRESP,PR,616
S0057,ARM2,OVRLRESP,PR,644
S0057,ARM2,OVRLRESP,PR,672
S0057,ARM2,OVRLRESP,PR,700
S0057,ARM2,OVRLRESP,PR,728
S0057,ARM2,OVRLRESP,PR,756
S0057,ARM2,OVRLRESP,PR,784
S0057,ARM2,OVRLRESP,PR,812
S0057,ARM2,OVRLRESP,PR,840
S0057,ARM2,OVRLRESP,PR,868
S0057,ARM2,OVRLRESP,PR,896
S0057,ARM2,OVRLRESP,PR,924
S0057,ARM2,OVRLRESP,PR,952
S0057,ARM2,OVRLRESP,PR,980
S0057,ARM2,OVRLRESP,PR,1008
S0057,ARM2,OVRLRESP,PR,1036
S0057,ARM2,OVRLRESP,PR,1064
S0057,ARM2,OVRLRESP,PR,1092
S0057,ARM2,OVRLRESP,PR,1120
S0057,ARM2,OVRLRESP,PR,1148
S0057,ARM2,OVRLRESP,PR,1176
S0057,ARM2,OVRLRESP,PR,1204
S0057,ARM2,OVRLRESP,PR,1232
S0057,ARM2,OVRLRESP,PR,1260
S0057,ARM2,OVRLRESP,PR,1288
S0057,ARM2,OVRLRESP,PR,1316
S0057,ARM2,OVRLRESP,PR,1344
S0057,ARM2,OVRLRESP,PR,1372
S0057,ARM2,OVRLRESP,PR,1400
S0057,ARM2,OVRLRESP,PR,1428
S0057,ARM2,OVRLRESP,PR,1456
S0057,ARM2,OVRLRESP,PR,1484
S0057,ARM2,OVRLRESP,PR,1512
S0057,ARM2,OVRLRESP,PR,1540
S0057,ARM2,OVRLRESP,PR,1568
S0057,ARM2,OVRLRESP,PR,1596
S0057,ARM2,OVRLRESP,PR,1624
S0057,ARM2,OVRLRESP,PR,1652
S0057,ARM2,OVRLRESP,PR,1680
S0057,ARM2,OVRLRESP,PR,1708
S0057,ARM2,OVRLRESP,PR,1736
S0057,ARM2,OVRLRESP,PR,1764
S0057,ARM2,OVRLRESP,PR,1792
S0057,ARM2,OVRLRESP,PR,1820
S0057,ARM2,OVRLRESP,PR,1848
S0057,ARM2,OVRLRESP,PR,1876
S0057,ARM2,OVRLRESP,PR,1904
S0057,ARM2,OVRLRESP,PR,1932
S0057,ARM2,OVRLRESP,PR,1960
S0057,ARM2,OVRLRESP,PR,1988
S0057,ARM2,OVRLRESP,PR,2016
S0057,ARM2,OVRLRESP,PR,2044
S0057,ARM2,OVRLRESP,PR,2072
S0057,ARM2,OVRLRESP,PR,2100
S0057,ARM2,OVRLRESP,PR,2128
S0057,ARM2,OVRLRESP,PR,2156
S0057,ARM2,OVRLRESP,PR,2184
S0057,ARM2,OVRLRESP,PR,2212
S0057,ARM2,OVRLRESP,PR,2240
S0057,ARM2,OVRLRESP,PR,2268
S0057,ARM2,OVRLRESP,PR,2296
S0057,ARM2,OVRLRESP,PR,2324
S0057,ARM2,OVRLRESP,PR,2352
S0057,ARM2,OVRLRESP,PR,2380
S0057,ARM2,OVRLRESP,PR,2408
S0057,ARM2,OVRLRESP,PR,2436
S0057,ARM2,OVRLRESP,PR,2464
S0057,ARM2,OVRLRESP,PR,2492
S0057,ARM2,OVRLRESP,PR,2520
S0057,ARM2,OVRLRESP,PR,2548
S0057,ARM2,OVRLRESP,PR,2576
S0057,ARM2,OVRLRESP,PR,2604
S0057,ARM2,OVRLRESP,PR,2632
S0057,ARM2,OVRLRESP,PR,2660
S0057,ARM2,OVRLRESP,PR,2688
S0057,ARM2,OVRLRESP,PR,2716
S0057,ARM2,OVRLRESP,PR,2744
S0057,ARM2,OVRLRESP,PR,2772
S0057,ARM2,OVRLRESP,PR,2800
S0057,ARM2,OVRLRESP,PR,2828
S0057,ARM2,OVRLRESP,PR,2856
S0057,ARM2,OVRLRESP,PR,2884
S0057,ARM2,OVRLRESP,PR,2912
S0057,ARM2,OVRLRESP,PR,2940
S0057,ARM2,OVRLRESP,PR,2968
S0057,ARM2,OVRLRESP,PR,2996
S0057,ARM2,OVRLRESP,PR,3024
S0057,ARM2,OVRLRESP,PR,3052
S0057,ARM2,OVRLRESP,PR,3080
S0057,ARM2,OVRLRESP,PR,3108
S0057,ARM2,OVRLRESP,PR,3136
S0057,ARM2,OVRLRESP,PR,3164
S0057,ARM2,OVRLRESP,PR,3192
S0057,ARM2,OVRLRESP,PR,3220
S0057,ARM2,OVRLRESP,PR,3248
S0057,ARM2,OVRLRESP,PR,3276
S0057,ARM2,OVRLRESP,PR,3304
S0057,ARM2,OVRLRESP,PR,3332
S0057,ARM2,OVRLRESP,PR,3360
S0057,ARM2,OVRLRESP,PR,3388
S0057,ARM2,OVRLRESP,PR,3416
S0057,ARM2,OVRLRESP,PR,3444
S0057,ARM2,OVRLRESP,PR,3472
S0057,ARM2,OVRLRESP,PR,3500
S0057,ARM2,OVRLRESP,PR,3528
S0057,ARM2,OVRLRESP,PR,3556
S0057,ARM2,OVRLRESP,PR,3584
S0057,ARM2,OVRLRESP,PR,3612
S0057,ARM2,OVRLRESP,PR,3640
S0057,ARM2,OVRLRESP,PR,3668
S0057,ARM2,OVRLRESP,PR,3696
S0057,ARM2,OVRLRESP,PR,3724
S0057,ARM2,OVRLRESP,PR,3752
S0057,ARM2,OVRLRESP,PR,3780
S0057,ARM2,OVRLRESP,PR,3808
S0057,ARM2,OVRLRESP,PR,3836
S0057,ARM2,OVRLRESP,PR,3864
S0057,ARM2,OVRLRESP,PR,3892
S0057,ARM2,OVRLRESP,PR,3920
S0057,ARM2,OVRLRESP,PR,3948
S0057,ARM2,CBOR,PR,56
S0059,ARM2,OVRLRESP,SD,28
S0059,ARM2,OVRLRESP,PR,56
S0059,ARM2,OVRLRESP,PR,84
S0059,ARM2,OVRLRESP,PR,112
S0059,ARM2,OVRLRESP,PR,140
S0059,ARM2,OVRLRESP,PR,168
S0059,ARM2,OVRLRESP,PR,196
S0059,ARM2,OVRLRESP,PR,224
S0059,ARM2,OVRLRESP,PR,252
S0059,ARM2,OVRLRESP,PR,280
S0059,ARM2,OVRLRESP,PR,308
S0059,ARM2,OVRLRESP,PR,336
S0059,ARM2,OVRLRESP,PR,364
S0059,ARM2,OVRLRESP,PR,392
S0059,ARM2,OVRLRESP,PR,420
S0059,ARM2,OVRLRESP,PR,448
S0059,ARM2,OVRLRESP,PR,476
S0059,ARM2,OVRLRESP,PR,504
S0059,ARM2,OVRLRESP,PR,532
S0059,ARM2,OVRLRESP,PR,560
S0059,ARM2,OVRLRESP,PR,588
S0059,ARM2,OVRLRESP,PR,616
S0059,ARM2,OVRLRESP,PR,644
S0059,ARM2,OVRLRESP,PR,672
S0059,ARM2,OVRLRESP,PR,700
S0059,ARM2,OVRLRESP,PR,728
S0059,ARM2,OVRLRESP,PR,756
S0059,ARM2,OVRLRESP,PR,784
S0059,ARM2,OVRLRESP,PR,812
S0059,ARM2,OVRLRESP,PR,840
S0059,ARM2,OVRLRESP,PR,868
S0059,ARM2,OVRLRESP,PR,896
S0059,ARM2,OVRLRESP,PR,924
S0059,ARM2,OVRLRESP,PR,952
S0059,ARM2,OVRLRESP,PR,980
S0059,ARM2,OVRLRESP,PR,1008
S0059,ARM2,OVRLRESP,PR,1036
S0059,ARM2,OVRLRESP,PR,1064
S0059,ARM2,OVRLRESP,PR,1092
S0059,ARM2,OVRLRESP,PR,1120
S0059,ARM2,OVRLRESP,PR,1148
S0059,ARM2,OVRLRESP,PR,1176
S0059,ARM2,OVRLRESP,PD,1204
S0059,ARM2,CBOR,PR,56
S0060,ARM2,OVRLRESP,PR,28
S0060,ARM2,OVRLRESP,CR,56
S0060,ARM2,OVRLRESP,CR,84
S0060,ARM2,OVRLRESP,CR,112
S0060,ARM2,OVRLRESP,CR,140
S0060,ARM2,OVRLRESP,CR,168
S0060,ARM2,OVRLRESP,CR,196
S0060,ARM2,OVRLRESP,CR,224
S0060,ARM2,OVRLRESP,CR,252
S0060,ARM2,OVRLRESP,CR,280
S0060,ARM2,OVRLRESP,CR,308
S0060,ARM2,OVRLRESP,CR,336
S0060,ARM2,OVRLRESP,CR,364
S0060,ARM2,OVRLRESP,CR,392
S0060,ARM2,OVRLRESP,CR,420
S0060,ARM2,OVRLRESP,CR,448
S0060,ARM2,OVRLRESP,CR,476
S0060,ARM2,OVRLRESP,CR,504
S0060,ARM2,OVRLRESP,PD,532
S0060,ARM2,CBOR,CR,56
S0061,ARM2,OVRLRESP,PD,28
S0061,ARM2,CBOR,PD,28
S0062,ARM2,OVRLRESP,SD,28
S0062,ARM2,OVRLRESP,SD,56
S0062,ARM2,OVRLRESP,SD,84
S0062,ARM2,OVRLRESP,SD,112
S0062,ARM2,OVRLRESP,SD,140
S0062,ARM2,OVRLRESP,SD,168
S0062,ARM2,OVRLRESP,SD,196
S0062,ARM2,OVRLRESP,SD,224
S0062,ARM2,OVRLRESP,SD,252
S0062,ARM2,OVRLRESP,SD,280
S0062,ARM2,OVRLRESP,SD,308
S0062,ARM2,OVRLRESP,SD,336
S0062,ARM2,OVRLRESP,SD,364
S0062,ARM2,OVRLRESP,SD,392
S0062,ARM2,OVRLRESP,SD,420
S0062,ARM2,OVRLRESP,SD,448
S0062,ARM2,OVRLRESP,SD,476
S0062,ARM2,OVRLRESP,SD,504
S0062,ARM2,OVRLRESP,SD,532
S0062,ARM2,OVRLRESP,SD,560
S0062,ARM2,OVRLRESP,PD,588
S0062,ARM2,CBOR,SD,56
S0066,ARM2,OVRLRESP,SD,28
S0066,ARM2,OVRLRESP,CR,56
S0066,ARM2,OVRLRESP,CR,84
S0066,ARM2,OVRLRESP,CR,112
S0066,ARM2,OVRLRESP,CR,140
S0066,ARM2,OVRLRESP,CR,168
S0066,ARM2,OVRLRESP,CR,196
S0066,ARM2,OVRLRESP,CR,224
S0066,ARM2,OVRLRESP,CR,252
S0066,ARM2,OVRLRESP,CR,280
S0066,ARM2,OVRLRESP,CR,308
S0066,ARM2,OVRLRESP,CR,336
S0066,ARM2,OVRLRESP,CR,364
S0066,ARM2,OVRLRESP,CR,392
S0066,ARM2,OVRLRESP,CR,420
S0066,ARM2,OVRLRESP,CR,448
S0066,ARM2,OVRLRESP,CR,476
S0066,ARM2,OVRLRESP,CR,504
S0066,ARM2,OVRLRESP,CR,532
S0066,ARM2,OVRLRESP,CR,560
S0066,ARM2,OVRLRESP,CR,588
S0066,ARM2,OVRLRESP,CR,616
S0066,ARM2,OVRLRESP,CR,644
S0066,ARM2,OVRLRESP,CR,672
S0066,ARM2,OVRLRESP,CR,700
S0066,ARM2,OVRLRESP,CR,728
S0066,ARM2,OVRLRESP,CR,756
S0066,ARM2,OVRLRESP,CR,784
S0066,ARM2,OVRLRESP,CR,812
S0066,ARM2,OVRLRESP,CR,840
S0066,ARM2,OVRLRESP,CR,868
S0066,ARM2,OVRLRESP,CR,896
S0066,ARM2,OVRLRESP,CR,924
S0066,ARM2,OVRLRESP,CR,952
S0066,ARM2,OVRLRESP,CR,980
S0066,ARM2,OVRLRESP,CR,1008
S0066,ARM2,OVRLRESP,CR,1036
S0066,ARM2,OVRLRESP,CR,1064
S0066,ARM2,OVRLRESP,CR,1092
S0066,ARM2,OVRLRESP,CR,1120
S0066,ARM2,OVRLRESP,CR,1148
S0066,ARM2,OVRLRESP,CR,1176
S0066,ARM2,OVRLRESP,CR,1204
S0066,ARM2,OVRLRESP,CR,1232
S0066,ARM2,OVRLRESP,CR,1260
S0066,ARM2,OVRLRESP,CR,1288
S0066,ARM2,OVRLRESP,CR,1316
S0066,ARM2,OVRLRESP,CR,1344
S0066,ARM2,OVRLRESP,CR,1372
S0066,ARM2,OVRLRESP,CR,1400
S0066,ARM2,OVRLRESP,CR,1428
S0066,ARM2,OVRLRESP,CR,1456
S0066,ARM2,OVRLRESP,CR,1484
S0066,ARM2,OVRLRESP,PR,1512
S0066,ARM2,OVRLRESP,PR,1540
S0066,ARM2,OVRLRESP,PR,1568
S0066,ARM2,OVRLRESP,PR,1596
S0066,ARM2,OVRLRESP,PR,1624
S0066,ARM2,OVRLRESP,PR,1652
S0066,ARM2,OVRLRESP,PR,1680
S0066,ARM2,OVRLRESP,PR,1708
S0066,ARM2,OVRLRESP,PR,1736
S0066,ARM2,OVRLRESP,PR,1764
S0066,ARM2,OVRLRESP,PR,1792
S0066,ARM2,OVRLRESP,PR,1820
S0066,ARM2,OVRLRESP,PR,1848
S0066,ARM2,OVRLRESP,PR,1876
S0066,ARM2,OVRLRESP,PR,1904
S0066,ARM2,OVRLRESP,PR,1932
S0066,ARM2,OVRLRESP,PR,1960
S0066,ARM2,OVRLRESP,PR,1988
S0066,ARM2,OVRLRESP,PR,2016
S0066,ARM2,OVRLRESP,PR,2044
S0066,ARM2,OVRLRESP,PR,2072
S0066,ARM2,OVRLRESP,PR,2100
S0066,ARM2,OVRLRESP,PR,2128
S0066,ARM2,OVRLRESP,PR,2156
S0066,ARM2,OVRLRESP,PR,2184
S0066,ARM2,OVRLRESP,PR,2212
S0066,ARM2,OVRLRESP,PR,2240
S0066,ARM2,OVRLRESP,PR,2268
S0066,ARM2,OVRLRESP,PR,2296
S0066,ARM2,CBOR,CR,56
S0067,ARM2,OVRLRESP,SD,28
S0067,ARM2,OVRLRESP,PR,56
S0067,ARM2,OVRLRESP,PR,84
S0067,ARM2,OVRLRESP,PR,112
S0067,ARM2,OVRLRESP,PR,140
S0067,ARM2,OVRLRESP,PR,168
S0067,ARM2,OVRLRESP,PR,196
S0067,ARM2,OVRLRESP,PR,224
S0067,ARM2,OVRLRESP,PR,252
S0067,ARM2,OVRLRESP,PR,280
S0067,ARM2,OVRLRESP,PR,308
S0067,ARM2,OVRLRESP,PR,336
S0067,ARM2,OVRLRESP,PR,364
S0067,ARM2,OVRLRESP,PR,392
S0067,ARM2,OVRLRESP,PR,420
S0067,ARM2,OVRLRESP,PR,448
S0067,ARM2,OVRLRESP,PR,476
S0067,ARM2,OVRLRESP,PR,504
S0067,ARM2,OVRLRESP,PR,532
S0067,ARM2,OVRLRESP,PR,560
S0067,ARM2,OVRLRESP,PR,588
S0067,ARM2,OVRLRESP,PR,616
S0067,ARM2,OVRLRESP,PR,644
S0067,ARM2,OVRLRESP,PR,672
S0067,ARM2,OVRLRESP,PR,700
S0067,ARM2,OVRLRESP,PR,728
S0067,ARM2,CBOR,PR,56
S0068,ARM2,OVRLRESP,SD,28
S0068,ARM2,OVRLRESP,PR,56
S0068,ARM2,OVRLRESP,PR,84
S0068,ARM2,OVRLRESP,PR,112
S0068,ARM2,OVRLRESP,PR,140
S0068,ARM2,OVRLRESP,PR,168
S0068,ARM2,OVRLRESP,PR,196
S0068,ARM2,OVRLRESP,PR,224
S0068,ARM2,OVRLRESP,PR,252
S0068,ARM2,OVRLRESP,PR,280
S0068,ARM2,OVRLRESP,PR,308
S0068,ARM2,OVRLRESP,PR,336
S0068,ARM2,OVRLRESP,PR,364
S0068,ARM2,OVRLRESP,PR,392
S0068,ARM2,OVRLRESP,PR,420
S0068,ARM2,OVRLRESP,PR,448
S0068,ARM2,OVRLRESP,PR,476
S0068,ARM2,OVRLRESP,PR,504
S0068,ARM2,OVRLRESP,PR,532
S0068,ARM2,OVRLRESP,PR,560
S0068,ARM2,OVRLRESP,PR,588
S0068,ARM2,OVRLRESP,PR,616
S0068,ARM2,OVRLRESP,PR,644
S0068,ARM2,OVRLRESP,PR,672
S0068,ARM2,OVRLRESP,PR,700
S0068,ARM2,OVRLRESP,PR,728
S0068,ARM2,OVRLRESP,PR,756
S0068,ARM2,OVRLRESP,PR,784
S0068,ARM2,OVRLRESP,PR,812
S0068,ARM2,OVRLRESP,PR,840
S0068,ARM2,OVRLRESP,PR,868
S0068,ARM2,OVRLRESP,PR,896
S0068,ARM2,OVRLRESP,PR,924
S0068,ARM2,OVRLRESP,PR,952
S0068,ARM2,OVRLRESP,PR,980
S0068,ARM2,OVRLRESP,PR,1008
S0068,ARM2,OVRLRESP,PR,1036
S0068,ARM2,OVRLRESP,PR,1064
S0068,ARM2,OVRLRESP,PR,1092
S0068,ARM2,OVRLRESP,PR,1120
S0068,ARM2,OVRLRESP,PR,1148
S0068,ARM2,OVRLRESP,PR,1176
S0068,ARM2,OVRLRESP,PR,1204
S0068,ARM2,OVRLRESP,PR,1232
S0068,ARM2,OVRLRESP,PR,1260
S0068,ARM2,OVRLRESP,PR,1288
S0068,ARM2,OVRLRESP,PR,1316
S0068,ARM2,OVRLRESP,PR,1344
S0068,ARM2,OVRLRESP,PR,1372
S0068,ARM2,OVRLRESP,PR,1400
S0068,ARM2,OVRLRESP,PR,1428
S0068,ARM2,OVRLRESP,PR,1456
S0068,ARM2,OVRLRESP,PR,1484
S0068,ARM2,OVRLRESP,PR,1512
S0068,ARM2,OVRLRESP,PR,1540
S0068,ARM2,OVRLRESP,PR,1568
S0068,ARM2,OVRLRESP,PR,1596
S0068,ARM2,OVRLRESP,PR,1624
S0068,ARM2,OVRLRESP,PR,1652
S0068,ARM2,OVRLRESP,PR,1680
S0068,ARM2,OVRLRESP,PR,1708
S0068,ARM2,OVRLRESP,PR,1736
S0068,ARM2,OVRLRESP,PR,1764
S0068,ARM2,OVRLRESP,PR,1792
S0068,ARM2,OVRLRESP,PR,1820
S0068,ARM2,OVRLRESP,PR,1848
S0068,ARM2,OVRLRESP,PR,1876
S0068,ARM2,OVRLRESP,PR,1904
S0068,ARM2,OVRLRESP,PR,1932
S0068,ARM2,OVRLRESP,PR,1960
S0068,ARM2,OVRLRESP,PR,1988
S0068,ARM2,OVRLRESP,PR,2016
S0068,ARM2,OVRLRESP,PR,2044
S0068,ARM2,OVRLRESP,PR,2072
S0068,ARM2,OVRLRESP,PR,2100
S0068,ARM2,OVRLRESP,PR,2128
S0068,ARM2,OVRLRESP,PR,2156
S0068,ARM2,OVRLRESP,PR,2184
S0068,ARM2,OVRLRESP,PR,2212
S0068,ARM2,OVRLRESP,PR,2240
S0068,ARM2,OVRLRESP,PR,2268
S0068,ARM2,OVRLRESP,PR,2296
S0068,ARM2,CBOR,PR,56
S0069,ARM2,OVRLRESP,PR,28
S0069,ARM2,OVRLRESP,CR,56
S0069,ARM2,OVRLRESP,CR,84
S0069,ARM2,OVRLRESP,CR,112
S0069,ARM2,OVRLRESP,CR,140
S0069,ARM2,OVRLRESP,CR,168
S0069,ARM2,OVRLRESP,CR,196
S0069,ARM2,OVRLRESP,CR,224
S0069,ARM2,OVRLRESP,CR,252
S0069,ARM2,OVRLRESP,CR,280
S0069,ARM2,OVRLRESP,CR,308
S0069,ARM2,OVRLRESP,PR,336
S0069,ARM2,OVRLRESP,PR,364
S0069,ARM2,OVRLRESP,PR,392
S0069,ARM2,OVRLRESP,PR,420
S0069,ARM2,OVRLRESP,PR,448
S0069,ARM2,OVRLRESP,PR,476
S0069,ARM2,CBOR,CR,56
S0070,ARM2,CBOR,NE,
S0071,ARM2,OVRLRESP,SD,28
S0071,ARM2,OVRLRESP,PR,56
S0071,ARM2,OVRLRESP,PR,84
S0071,ARM2,OVRLRESP,PR,112
S0071,ARM2,OVRLRESP,PR,140
S0071,ARM2,OVRLRESP,PR,168
S0071,ARM2,OVRLRESP,PR,196
S0071,ARM2,OVRLRESP,PR,224
S0071,ARM2,OVRLRESP,PR,252
S0071,ARM2,OVRLRESP,PR,280
S0071,ARM2,OVRLRESP,PR,308
S0071,ARM2,OVRLRESP,PR,336
S0071,ARM2,OVRLRESP,PR,364
S0071,ARM2,OVRLRESP,PR,392
S0071,ARM2,OVRLRESP,PR,420
S0071,ARM2,OVRLRESP,PR,448
S0071,ARM2,OVRLRESP,PR,476
S0071,ARM2,OVRLRESP,PR,504
S0071,ARM2,OVRLRESP,PR,532
S0071,ARM2,CBOR,PR,56
S0072,ARM2,OVRLRESP,PR,28
S0072,ARM2,OVRLRESP,CR,56
S0072,ARM2,OVRLRESP,CR,84
S0072,ARM2,OVRLRESP,CR,112
S0072,ARM2,OVRLRESP,CR,140
S0072,ARM2,OVRLRESP,CR,168
S0072,ARM2,OVRLRESP,CR,196
S0072,ARM2,OVRLRESP,CR,224
S0072,ARM2,OVRLRESP,CR,252
S0072,ARM2,OVRLRESP,CR,280
S0072,ARM2,OVRLRESP,CR,308
S0072,ARM2,OVRLRESP,CR,336
S0072,ARM2,OVRLRESP,CR,364
S0072,ARM2,OVRLRESP,CR,392
S0072,ARM2,OVRLRESP,CR,420
S0072,ARM2,OVRLRESP,CR,448
S0072,ARM2,OVRLRESP,CR,476
S0072,ARM2,OVRLRESP,CR,504
S0072,ARM2,OVRLRESP,CR,532
S0072,ARM2,OVRLRESP,CR,560
S0072,ARM2,OVRLRESP,CR,588
S0072,ARM2,OVRLRESP,CR,616
S0072,ARM2,OVRLRESP,CR,644
S0072,ARM2,OVRLRESP,CR,672
S0072,ARM2,OVRLRESP,CR,700
S0072,ARM2,OVRLRESP,CR,728
S0072,ARM2,OVRLRESP,CR,756
S0072,ARM2,OVRLRESP,CR,784
S0072,ARM2,OVRLRESP,CR,812
S0072,ARM2,OVRLRESP,CR,840
S0072,ARM2,OVRLRESP,CR,868
S0072,ARM2,OVRLRESP,CR,896
S0072,ARM2,OVRLRESP,CR,924
S0072,ARM2,OVRLRESP,CR,952
S0072,ARM2,OVRLRESP,CR,980
S0072,ARM2,OVRLRESP,CR,1008
S0072,ARM2,OVRLRESP,CR,1036
S0072,ARM2,OVRLRESP,CR,1064
S0072,ARM2,OVRLRESP,CR,1092
S0072,ARM2,OVRLRESP,CR,1120
S0072,ARM2,OVRLRESP,CR,1148
S0072,ARM2,OVRLRESP,CR,1176
S0072,ARM2,OVRLRESP,CR,1204
S0072,ARM2,OVRLRESP,CR,1232
S0072,ARM2,OVRLRESP,CR,1260
S0072,ARM2,OVRLRESP,CR,1288
S0072,ARM2,OVRLRESP,CR,1316
S0072,ARM2,OVRLRESP,CR,1344
S0072,ARM2,OVRLRESP,PR,1372
S0072,ARM2,OVRLRESP,PR,1400
S0072,ARM2,OVRLRESP,PR,1428
S0072,ARM2,OVRLRESP,PR,1456
S0072,ARM2,OVRLRESP,PR,1484
S0072,ARM2,OVRLRESP,PR,1512
S0072,ARM2,OVRLRESP,PR,1540
S0072,ARM2,OVRLRESP,PR,1568
S0072,ARM2,OVRLRESP,PR,1596
S0072,ARM2,OVRLRESP,PR,1624
S0072,ARM2,OVRLRESP,PR,1652
S0072,ARM2,OVRLRESP,PR,1680
S0072,ARM2,OVRLRESP,PR,1708
S0072,ARM2,OVRLRESP,PR,1736
S0072,ARM2,OVRLRESP,PR,1764
S0072,ARM2,OVRLRESP,PR,1792
S0072,ARM2,OVRLRESP,PR,1820
S0072,ARM2,OVRLRESP,PR,1848
S0072,ARM2,OVRLRESP,PR,1876
S0072,ARM2,OVRLRESP,PR,1904
S0072,ARM2,OVRLRESP,PR,1932
S0072,ARM2,OVRLRESP,PR,1960
S0072,ARM2,OVRLRESP,PR,1988
S0072,ARM2,OVRLRESP,PR,2016
S0072,ARM2,OVRLRESP,PR,2044
S0072,ARM2,OVRLRESP,PR,2072
S0072,ARM2,OVRLRESP,PR,2100
S0072,ARM2,OVRLRESP,PR,2128
S0072,ARM2,OVRLRESP,PR,2156
S0072,ARM2,OVRLRESP,PR,2184
S0072,ARM2,OVRLRESP,PR,2212
S0072,ARM2,OVRLRESP,PR,2240
S0072,ARM2,CBOR,CR,56
S0074,ARM2,OVRLRESP,SD,28
S0074,ARM2,OVRLRESP,PR,56
S0074,ARM2,OVRLRESP,PR,84
S0074,ARM2,OVRLRESP,PR,112
S0074,ARM2,OVRLRESP,PR,140
S0074,ARM2,OVRLRESP,PR,168
S0074,ARM2,OVRLRESP,PR,196
S0074,ARM2,OVRLRESP,PR,224
S0074,ARM2,OVRLRESP,PR,252
S0074,ARM2,OVRLRESP,PR,280
S0074,ARM2,OVRLRESP,PR,308
S0074,ARM2,OVRLRESP,PR,336
S0074,ARM2,OVRLRESP,PR,364
S0074,ARM2,OVRLRESP,PR,392
S0074,ARM2,OVRLRESP,PR,420
S0074,ARM2,OVRLRESP,PR,448
S0074,ARM2,OVRLRESP,PR,476
S0074,ARM2,OVRLRESP,PR,504
S0074,ARM2,OVRLRESP,PR,532
S0074,ARM2,OVRLRESP,PR,560
S0074,ARM2,OVRLRESP,PR,588
S0074,ARM2,OVRLRESP,PR,616
S0074,ARM2,OVRLRESP,PR,644
S0074,ARM2,OVRLRESP,PR,672
S0074,ARM2,OVRLRESP,PR,700
S0074,ARM2,OVRLRESP,PR,728
S0074,ARM2,OVRLRESP,PR,756
S0074,ARM2,OVRLRESP,PR,784
S0074,ARM2,OVRLRESP,PR,812
S0074,ARM2,OVRLRESP,PR,840
S0074,ARM2,OVRLRESP,PR,868
S0074,ARM2,OVRLRESP,PR,896
S0074,ARM2,OVRLRESP,PR,924
S0074,ARM2,OVRLRESP,PR,952
S0074,ARM2,OVRLRESP,PR,980
S0074,ARM2,OVRLRESP,PR,1008
S0074,ARM2,OVRLRESP,PR,1036
S0074,ARM2,OVRLRESP,PR,1064
S0074,ARM2,OVRLRESP,PR,1092
S0074,ARM2,OVRLRESP,PR,1120
S0074,ARM2,OVRLRESP,PR,1148
S0074,ARM2,OVRLRESP,PR,1176
S0074,ARM2,OVRLRESP,PR,1204
S0074,ARM2,OVRLRESP,PR,1232
S0074,ARM2,OVRLRESP,PR,1260
S0074,ARM2,OVRLRESP,PR,1288
S0074,ARM2,OVRLRESP,PR,1316
S0074,ARM2,OVRLRESP,PR,1344
S0074,ARM2,OVRLRESP,PR,1372
S0074,ARM2,OVRLRESP,PR,1400
S0074,ARM2,OVRLRESP,PR,1428
S0074,ARM2,OVRLRESP,PR,1456
S0074,ARM2,OVRLRESP,PR,1484
S0074,ARM2,OVRLRESP,PR,1512
S0074,ARM2,OVRLRESP,PR,1540
S0074,ARM2,OVRLRESP,PR,1568
S0074,ARM2,OVRLRESP,PR,1596
S0074,ARM2,OVRLRESP,PR,1624
S0074,ARM2,OVRLRESP,PR,1652
S0074,ARM2,OVRLRESP,PR,1680
S0074,ARM2,OVRLRESP,PR,1708
S0074,ARM2,OVRLRESP,PR,1736
S0074,ARM2,OVRLRESP,PR,1764
S0074,ARM2,OVRLRESP,PR,1792
S0074,ARM2,OVRLRESP,PR,1820
S0074,ARM2,OVRLRESP,PR,1848
S0074,ARM2,OVRLRESP,PR,1876
S0074,ARM2,OVRLRESP,PR,1904
S0074,ARM2,OVRLRESP,PR,1932
S0074,ARM2,OVRLRESP,PR,1960
S0074,ARM2,OVRLRESP,PR,1988
S0074,ARM2,OVRLRESP,PR,2016
S0074,ARM2,OVRLRESP,PR,2044
S0074,ARM2,OVRLRESP,PR,2072
S0074,ARM2,OVRLRESP,PR,2100
S0074,ARM2,OVRLRESP,PR,2128
S0074,ARM2,OVRLRESP,PR,2156
S0074,ARM2,OVRLRESP,PR,2184
S0074,ARM2,OVRLRESP,PR,2212
S0074,ARM2,OVRLRESP,PR,2240
S0074,ARM2,OVRLRESP,PR,2268
S0074,ARM2,OVRLRESP,PR,2296
S0074,ARM2,OVRLRESP,PR,2324
S0074,ARM2,OVRLRESP,PR,2352
S0074,ARM2,OVRLRESP,PR,2380
S0074,ARM2,OVRLRESP,PR,2408
S0074,ARM2,OVRLRESP,PR,2436
S0074,ARM2,OVRLRESP,PR,2464
S0074,ARM2,OVRLRESP,PR,2492
S0074,ARM2,OVRLRESP,PR,2520
S0074,ARM2,OVRLRESP,PR,2548
S0074,ARM2,OVRLRESP,PR,2576
S0074,ARM2,OVRLRESP,PR,2604
S0074,ARM2,OVRLRESP,PR,2632
S0074,ARM2,OVRLRESP,PR,2660
S0074,ARM2,OVRLRESP,PR,2688
S0074,ARM2,OVRLRESP,PR,2716
S0074,ARM2,OVRLRESP,PR,2744
S0074,ARM2,OVRLRESP,PR,2772
S0074,ARM2,OVRLRESP,PR,2800
S0074,ARM2,OVRLRESP,PR,2828
S0074,ARM2,OVRLRESP,PR,2856
S0074,ARM2,OVRLRESP,PR,2884
S0074,ARM2,OVRLRESP,PR,2912
S0074,ARM2,OVRLRESP,PR,2940
S0074,ARM2,OVRLRESP,PR,2968
S0074,ARM2,OVRLRESP,PR,2996
S0074,ARM2,OVRLRESP,PR,3024
S0074,ARM2,OVRLRESP,PR,3052
S0074,ARM2,OVRLRESP,PR,3080
S0074,ARM2,OVRLRESP,PR,3108
S0074,ARM2,OVRLRESP,PR,3136
S0074,ARM2,OVRLRESP,PR,3164
S0074,ARM2,OVRLRESP,PR,3192
S0074,ARM2,OVRLRESP,PR,3220
S0074,ARM2,OVRLRESP,PR,3248
S0074,ARM2,OVRLRESP,PR,3276
S0074,ARM2,OVRLRESP,PR,3304
S0074,ARM2,OVRLRESP,PR,3332
S0074,ARM2,OVRLRESP,PR,3360
S0074,ARM2,OVRLRESP,PR,3388
S0074,ARM2,OVRLRESP,PR,3416
S0074,ARM2,OVRLRESP,PR,3444
S0074,ARM2,OVRLRESP,PR,3472
S0074,ARM2,OVRLRESP,PR,3500
S0074,ARM2,OVRLRESP,PR,3528
S0074,ARM2,OVRLRESP,PR,3556
S0074,ARM2,OVRLRESP,PR,3584
S0074,ARM2,OVRLRESP,PR,3612
S0074,ARM2,OVRLRESP,PR,3640
S0074,ARM2,OVRLRESP,PR,3668
S0074,ARM2,OVRLRESP,PD,3696
S0074,ARM2,CBOR,PR,56
S0076,ARM2,OVRLRESP,SD,28
S0076,ARM2,OVRLRESP,PR,56
S0076,ARM2,OVRLRESP,PR,84
S0076,ARM2,OVRLRESP,PR,112
S0076,ARM2,OVRLRESP,PR,140
S0076,ARM2,OVRLRESP,PR,168
S0076,ARM2,OVRLRESP,PR,196
S0076,ARM2,OVRLRESP,PR,224
S0076,ARM2,OVRLRESP,PR,252
S0076,ARM2,OVRLRESP,PR,280
S0076,ARM2,OVRLRESP,PR,308
S0076,ARM2,OVRLRESP,PR,336
S0076,ARM2,OVRLRESP,PR,364
S0076,ARM2,OVRLRESP,PR,392
S0076,ARM2,OVRLRESP,PR,420
S0076,ARM2,OVRLRESP,PR,448
S0076,ARM2,OVRLRESP,PR,476
S0076,ARM2,OVRLRESP,PR,504
S0076,ARM2,OVRLRESP,PR,532
S0076,ARM2,OVRLRESP,PR,560
S0076,ARM2,OVRLRESP,PR,588
S0076,ARM2,OVRLRESP,PR,616
S0076,ARM2,OVRLRESP,PR,644
S0076,ARM2,OVRLRESP,PR,672
S0076,ARM2,OVRLRESP,PR,700
S0076,ARM2,OVRLRESP,PR,728
S0076,ARM2,OVRLRESP,PR,756
S0076,ARM2,OVRLRESP,PR,784
S0076,ARM2,OVRLRESP,PR,812
S0076,ARM2,OVRLRESP,PR,840
S0076,ARM2,OVRLRESP,PR,868
S0076,ARM2,OVRLRESP,PR,896
S0076,ARM2,OVRLRESP,PR,924
S0076,ARM2,OVRLRESP,PR,952
S0076,ARM2,OVRLRESP,PR,980
S0076,ARM2,OVRLRESP,PR,1008
S0076,ARM2,OVRLRESP,PR,1036
S0076,ARM2,OVRLRESP,PR,1064
S0076,ARM2,OVRLRESP,PR,1092
S0076,ARM2,OVRLRESP,PR,1120
S0076,ARM2,OVRLRESP,PR,1148
S0076,ARM2,OVRLRESP,PR,1176
S0076,ARM2,OVRLRESP,PR,1204
S0076,ARM2,OVRLRESP,PR,1232
S0076,ARM2,OVRLRESP,PR,1260
S0076,ARM2,OVRLRESP,PR,1288
S0076,ARM2,OVRLRESP,PR,1316
S0076,ARM2,OVRLRESP,PR,1344
S0076,ARM2,OVRLRESP,PR,1372
S0076,ARM2,OVRLRESP,PR,1400
S0076,ARM2,OVRLRESP,PR,1428
S0076,ARM2,OVRLRESP,PD,1456
S0076,ARM2,CBOR,PR,56
S0077,ARM2,OVRLRESP,PR,28
S0077,ARM2,OVRLRESP,CR,56
S0077,ARM2,OVRLRESP,CR,84
S0077,ARM2,OVRLRESP,CR,112
S0077,ARM2,OVRLRESP,CR,140
S0077,ARM2,OVRLRESP,CR,168
S0077,ARM2,OVRLRESP,CR,196
S0077,ARM2,OVRLRESP,CR,224
S0077,ARM2,OVRLRESP,CR,252
S0077,ARM2,OVRLRESP,CR,280
S0077,ARM2,OVRLRESP,CR,308
S0077,ARM2,OVRLRESP,CR,336
S0077,ARM2,OVRLRESP,CR,364
S0077,ARM2,OVRLRESP,CR,392
S0077,ARM2,OVRLRESP,CR,420
S0077,ARM2,OVRLRESP,CR,448
S0077,ARM2,OVRLRESP,CR,476
S0077,ARM2,OVRLRESP,CR,504
S0077,ARM2,OVRLRESP,CR,532
S0077,ARM2,OVRLRESP,CR,560
S0077,ARM2,OVRLRESP,CR,588
S0077,ARM2,OVRLRESP,CR,616
S0077,ARM2,OVRLRESP,CR,644
S0077,ARM2,OVRLRESP,CR,672
S0077,ARM2,OVRLRESP,CR,700
S0077,ARM2,OVRLRESP,CR,728
S0077,ARM2,OVRLRESP,CR,756
S0077,ARM2,OVRLRESP,CR,784
S0077,ARM2,OVRLRESP,CR,812
S0077,ARM2,OVRLRESP,CR,840
S0077,ARM2,OVRLRESP,CR,868
S0077,ARM2,OVRLRESP,CR,896
S0077,ARM2,OVRLRESP,CR,924
S0077,ARM2,OVRLRESP,CR,952
S0077,ARM2,OVRLRESP,CR,980
S0077,ARM2,OVRLRESP,CR,1008
S0077,ARM2,OVRLRESP,CR,1036
S0077,ARM2,OVRLRESP,CR,1064
S0077,ARM2,OVRLRESP,PD,1092
S0077,ARM2,CBOR,CR,56
S0081,ARM2,OVRLRESP,SD,28
S0081,ARM2,OVRLRESP,CR,56
S0081,ARM2,OVRLRESP,CR,84
S0081,ARM2,OVRLRESP,CR,112
S0081,ARM2,OVRLRESP,CR,140
S0081,ARM2,OVRLRESP,PR,168
S0081,ARM2,OVRLRESP,PR,196
S0081,ARM2,OVRLRESP,PR,224
S0081,ARM2,OVRLRESP,PR,252
S0081,ARM2,OVRLRESP,PR,280
S0081,ARM2,OVRLRESP,PR,308
S0081,ARM2,OVRLRESP,PR,336
S0081,ARM2,OVRLRESP,PR,364
S0081,ARM2,OVRLRESP,PR,392
S0081,ARM2,OVRLRESP,PR,420
S0081,ARM2,OVRLRESP,PR,448
S0081,ARM2,OVRLRESP,PR,476
S0081,ARM2,OVRLRESP,PR,504
S0081,ARM2,OVRLRESP,PR,532
S0081,ARM2,OVRLRESP,PR,560
S0081,ARM2,OVRLRESP,PR,588
S0081,ARM2,OVRLRESP,PR,616
S0081,ARM2,OVRLRESP,PR,644
S0081,ARM2,OVRLRESP,PR,672
S0081,ARM2,OVRLRESP,PR,700
S0081,ARM2,OVRLRESP,PR,728
S0081,ARM2,OVRLRESP,PR,756
S0081,ARM2,OVRLRESP,PR,784
S0081,ARM2,OVRLRESP,PR,812
S0081,ARM2,OVRLRESP,PR,840
S0081,ARM2,OVRLRESP,PR,868
S0081,ARM2,OVRLRESP,PR,896
S0081,ARM2,OVRLRESP,PR,924
S0081,ARM2,OVRLRESP,PR,952
S0081,ARM2,OVRLRESP,PR,980
S0081,ARM2,OVRLRESP,PR,1008
S0081,ARM2,OVRLRESP,PR,1036
S0081,ARM2,OVRLRESP,PR,1064
S0081,ARM2,OVRLRESP,PR,1092
S0081,ARM2,OVRLRESP,PR,1120
S0081,ARM2,OVRLRESP,PR,1148
S0081,ARM2,CBOR,CR,56
S0082,ARM2,OVRLRESP,SD,28
S0082,ARM2,OVRLRESP,PR,56
S0082,ARM2,OVRLRESP,PR,84
S0082,ARM2,OVRLRESP,PR,112
S0082,ARM2,OVRLRESP,PR,140
S0082,ARM2,OVRLRESP,PR,168
S0082,ARM2,OVRLRESP,PR,196
S0082,ARM2,OVRLRESP,PR,224
S0082,ARM2,OVRLRESP,PR,252
S0082,ARM2,OVRLRESP,PR,280
S0082,ARM2,OVRLRESP,PR,308
S0082,ARM2,OVRLRESP,PR,336
S0082,ARM2,OVRLRESP,PR,364
S0082,ARM2,OVRLRESP,PR,392
S0082,ARM2,OVRLRESP,PR,420
S0082,ARM2,OVRLRESP,PR,448
S0082,ARM2,OVRLRESP,PR,476
S0082,ARM2,OVRLRESP,PR,504
S0082,ARM2,OVRLRESP,PR,532
S0082,ARM2,OVRLRESP,PR,560
S0082,ARM2,OVRLRESP,PR,588
S0082,ARM2,OVRLRESP,PR,616
S0082,ARM2,OVRLRESP,PR,644
S0082,ARM2,OVRLRESP,PR,672
S0082,ARM2,OVRLRESP,PR,700
S0082,ARM2,OVRLRESP,PR,728
S0082,ARM2,OVRLRESP,PR,756
S0082,ARM2,OVRLRESP,PR,784
S0082,ARM2,OVRLRESP,PR,812
S0082,ARM2,OVRLRESP,PR,840
S0082,ARM2,OVRLRESP,PR,868
S0082,ARM2,OVRLRESP,PR,896
S0082,ARM2,OVRLRESP,PR,924
S0082,ARM2,OVRLRESP,PR,952
S0082,ARM2,OVRLRESP,PR,980
S0082,ARM2,OVRLRESP,PR,1008
S0082,ARM2,OVRLRESP,PR,1036
S0082,ARM2,OVRLRESP,PR,1064
S0082,ARM2,OVRLRESP,PR,1092
S0082,ARM2,OVRLRESP,PR,1120
S0082,ARM2,OVRLRESP,PR,1148
S0082,ARM2,OVRLRESP,PR,1176
S0082,ARM2,OVRLRESP,PR,1204
S0082,ARM2,OVRLRESP,PR,1232
S0082,ARM2,OVRLRESP,PR,1260
S0082,ARM2,OVRLRESP,PR,1288
S0082,ARM2,OVRLRESP,PR,1316
S0082,ARM2,OVRLRESP,PR,1344
S0082,ARM2,OVRLRESP,PR,1372
S0082,ARM2,OVRLRESP,PR,1400
S0082,ARM2,OVRLRESP,PR,1428
S0082,ARM2,OVRLRESP,PR,1456
S0082,ARM2,OVRLRESP,PR,1484
S0082,ARM2,OVRLRESP,PR,1512
S0082,ARM2,OVRLRESP,PR,1540
S0082,ARM2,OVRLRESP,PR,1568
S0082,ARM2,OVRLRESP,PR,1596
S0082,ARM2,OVRLRESP,PR,1624
S0082,ARM2,OVRLRESP,PR,1652
S0082,ARM2,OVRLRESP,PR,1680
S0082,ARM2,OVRLRESP,PR,1708
S0082,ARM2,OVRLRESP,PR,1736
S0082,ARM2,OVRLRESP,PR,1764
S0082,ARM2,OVRLRESP,PR,1792
S0082,ARM2,OVRLRESP,PR,1820
S0082,ARM2,OVRLRESP,PR,1848
S0082,ARM2,OVRLRESP,PR,1876
S0082,ARM2,OVRLRESP,PR,1904
S0082,ARM2,OVRLRESP,PR,1932
S0082,ARM2,OVRLRESP,PR,1960
S0082,ARM2,OVRLRESP,PR,1988
S0082,ARM2,OVRLRESP,PR,2016
S0082,ARM2,OVRLRESP,PR,2044
S0082,ARM2,OVRLRESP,PR,2072
S0082,ARM2,OVRLRESP,PR,2100
S0082,ARM2,OVRLRESP,PR,2128
S0082,ARM2,OVRLRESP,PR,2156
S0082,ARM2,OVRLRESP,PR,2184
S0082,ARM2,OVRLRESP,PR,2212
S0082,ARM2,OVRLRESP,PR,2240
S0082,ARM2,OVRLRESP,PR,2268
S0082,ARM2,OVRLRESP,PR,2296
S0082,ARM2,OVRLRESP,PR,2324
S0082,ARM2,OVRLRESP,PR,2352
S0082,ARM2,OVRLRESP,PR,2380
S0082,ARM2,OVRLRESP,PR,2408
S0082,ARM2,OVRLRESP,PR,2436
S0082,ARM2,OVRLRESP,PR,2464
S0082,ARM2,OVRLRESP,PR,2492
S0082,ARM2,OVRLRESP,PR,2520
S0082,ARM2,OVRLRESP,PR,2548
S0082,ARM2,OVRLRESP,PR,2576
S0082,ARM2,OVRLRESP,PR,2604
S0082,ARM2,OVRLRESP,PR,2632
S0082,ARM2,OVRLRESP,PR,2660
S0082,ARM2,OVRLRESP,PR,2688
S0082,ARM2,OVRLRESP,PR,2716
S0082,ARM2,OVRLRESP,PR,2744
S0082,ARM2,OVRLRESP,PR,2772
S0082,ARM2,OVRLRESP,PR,2800
S0082,ARM2,OVRLRESP,PR,2828
S0082,ARM2,OVRLRESP,PR,2856
S0082,ARM2,OVRLRESP,PR,2884
S0082,ARM2,OVRLRESP,PR,2912
S0082,ARM2,OVRLRESP,PR,2940
S0082,ARM2,OVRLRESP,PR,2968
S0082,ARM2,OVRLRESP,PR,2996
S0082,ARM2,OVRLRESP,PR,3024
S0082,ARM2,OVRLRESP,PR,3052
S0082,ARM2,OVRLRESP,PR,3080
S0082,ARM2,OVRLRESP,PR,3108
S0082,ARM2,OVRLRESP,PR,3136
S0082,ARM2,OVRLRESP,PR,3164
S0082,ARM2,OVRLRESP,PR,3192
S0082,ARM2,OVRLRESP,PR,3220
S0082,ARM2,OVRLRESP,PR,3248
S0082,ARM2,OVRLRESP,PR,3276
S0082,ARM2,OVRLRESP,PR,3304
S0082,ARM2,OVRLRESP,PR,3332
S0082,ARM2,OVRLRESP,PR,3360
S0082,ARM2,OVRLRESP,PR,3388
S0082,ARM2,OVRLRESP,PR,3416
S0082,ARM2,OVRLRESP,PR,3444
S0082,ARM2,OVRLRESP,PR,3472
S0082,ARM2,OVRLRESP,PR,3500
S0082,ARM2,OVRLRESP,PR,3528
S0082,ARM2,OVRLRESP,PR,3556
S0082,ARM2,OVRLRESP,PR,3584
S0082,ARM2,OVRLRESP,PR,3612
S0082,ARM2,OVRLRESP,PR,3640
S0082,ARM2,OVRLRESP,PR,3668
S0082,ARM2,OVRLRESP,PR,3696
S0082,ARM2,OVRLRESP,PR,3724
S0082,ARM2,OVRLRESP,PR,3752
S0082,ARM2,OVRLRESP,PR,3780
S0082,ARM2,OVRLRESP,PR,3808
S0082,ARM2,CBOR,PR,56
S0085,ARM2,OVRLRESP,PR,28
S0085,ARM2,OVRLRESP,CR,56
S0085,ARM2,OVRLRESP,CR,84
S0085,ARM2,OVRLRESP,CR,112
S0085,ARM2,OVRLRESP,CR,140
S0085,ARM2,OVRLRESP,CR,168
S0085,ARM2,OVRLRESP,PR,196
S0085,ARM2,OVRLRESP,PR,224
S0085,ARM2,OVRLRESP,PR,252
S0085,ARM2,OVRLRESP,PR,280
S0085,ARM2,OVRLRESP,PR,308
S0085,ARM2,OVRLRESP,PR,336
S0085,ARM2,OVRLRESP,PR,364
S0085,ARM2,OVRLRESP,PR,392
S0085,ARM2,OVRLRESP,PR,420
S0085,ARM2,OVRLRESP,PR,448
S0085,ARM2,OVRLRESP,PR,476
S0085,ARM2,OVRLRESP,PR,504
S0085,ARM2,OVRLRESP,PR,532
S0085,ARM2,OVRLRESP,PR,560
S0085,ARM2,OVRLRESP,PR,588
S0085,ARM2,OVRLRESP,PR,616
S0085,ARM2,OVRLRESP,PR,644
S0085,ARM2,CBOR,CR,56
S0087,ARM2,OVRLRESP,SD,28
S0087,ARM2,OVRLRESP,PR,56
S0087,ARM2,OVRLRESP,PR,84
S0087,ARM2,OVRLRESP,PR,112
S0087,ARM2,OVRLRESP,PR,140
S0087,ARM2,OVRLRESP,PR,168
S0087,ARM2,OVRLRESP,PR,196
S0087,ARM2,CBOR,PR,56
S0089,ARM2,OVRLRESP,SD,28
S0089,ARM2,OVRLRESP,PR,56
S0089,ARM2,OVRLRESP,PR,84
S0089,ARM2,OVRLRESP,PR,112
S0089,ARM2,OVRLRESP,PR,140
S0089,ARM2,OVRLRESP,PR,168
S0089,ARM2,OVRLRESP,PR,196
S0089,ARM2,OVRLRESP,PR,224
S0089,ARM2,OVRLRESP,PR,252
S0089,ARM2,CBOR,PR,56
S0090,ARM2,OVRLRESP,SD,28
S0090,ARM2,OVRLRESP,PR,56
S0090,ARM2,OVRLRESP,PR,84
S0090,ARM2,OVRLRESP,PR,112
S0090,ARM2,OVRLRESP,PR,140
S0090,ARM2,OVRLRESP,PR,168
S0090,ARM2,OVRLRESP,PR,196
S0090,ARM2,OVRLRESP,PR,224
S0090,ARM2,OVRLRESP,PR,252
S0090,ARM2,OVRLRESP,PR,280
S0090,ARM2,OVRLRESP,PR,308
S0090,ARM2,OVRLRESP,PR,336
S0090,ARM2,OVRLRESP,PR,364
S0090,ARM2,OVRLRESP,PR,392
S0090,ARM2,OVRLRESP,PR,420
S0090,ARM2,OVRLRESP,PR,448
S0090,ARM2,OVRLRESP,PR,476
S0090,ARM2,OVRLRESP,PR,504
S0090,ARM2,OVRLRESP,PR,532
S0090,ARM2,OVRLRESP,PR,560
S0090,ARM2,OVRLRESP,PR,588
S0090,ARM2,OVRLRESP,PR,616
S0090,ARM2,OVRLRESP,PR,644
S0090,ARM2,OVRLRESP,PR,672
S0090,ARM2,OVRLRESP,PR,700
S0090,ARM2,OVRLRESP,PR,728
S0090,ARM2,OVRLRESP,PR,756
S0090,ARM2,OVRLRESP,PR,784
S0090,ARM2,OVRLRESP,PR,812
S0090,ARM2,OVRLRESP,PR,840
S0090,ARM2,OVRLRESP,PR,868
S0090,ARM2,OVRLRESP,PR,896
S0090,ARM2,OVRLRESP,PR,924
S0090,ARM2,OVRLRESP,PR,952
S0090,ARM2,OVRLRESP,PR,980
S0090,ARM2,OVRLRESP,PR,1008
S0090,ARM2,OVRLRESP,PR,1036
S0090,ARM2,OVRLRESP,PR,1064
S0090,ARM2,OVRLRESP,PR,1092
S0090,ARM2,OVRLRESP,PR,1120
S0090,ARM2,OVRLRESP,PR,1148
S0090,ARM2,OVRLRESP,PD,1176
S0090,ARM2,CBOR,PR,56
S0091,ARM2,OVRLRESP,SD,28
S0091,ARM2,OVRLRESP,CR,56
S0091,ARM2,OVRLRESP,CR,84
S0091,ARM2,OVRLRESP,CR,112
S0091,ARM2,OVRLRESP,CR,140
S0091,ARM2,OVRLRESP,CR,168
S0091,ARM2,OVRLRESP,CR,196
S0091,ARM2,OVRLRESP,CR,224
S0091,ARM2,OVRLRESP,CR,252
S0091,ARM2,OVRLRESP,CR,280
S0091,ARM2,OVRLRESP,CR,308
S0091,ARM2,OVRLRESP,CR,336
S0091,ARM2,OVRLRESP,CR,364
S0091,ARM2,OVRLRESP,CR,392
S0091,ARM2,OVRLRESP,CR,420
S0091,ARM2,OVRLRESP,CR,448
S0091,ARM2,OVRLRESP,CR,476
S0091,ARM2,OVRLRESP,CR,504
S0091,ARM2,OVRLRESP,CR,532
S0091,ARM2,OVRLRESP,CR,560
S0091,ARM2,OVRLRESP,CR,588
S0091,ARM2,OVRLRESP,CR,616
S0091,ARM2,OVRLRESP,CR,644
S0091,ARM2,OVRLRESP,CR,672
S0091,ARM2,OVRLRESP,CR,700
S0091,ARM2,OVRLRESP,CR,728
S0091,ARM2,OVRLRESP,CR,756
S0091,ARM2,OVRLRESP,CR,784
S0091,ARM2,OVRLRESP,CR,812
S0091,ARM2,OVRLRESP,CR,840
S0091,ARM2,OVRLRESP,CR,868
S0091,ARM2,OVRLRESP,CR,896
S0091,ARM2,OVRLRESP,CR,924
S0091,ARM2,OVRLRESP,CR,952
S0091,ARM2,OVRLRESP,CR,980
S0091,ARM2,OVRLRESP,CR,1008
S0091,ARM2,OVRLRESP,CR,1036
S0091,ARM2,OVRLRESP,CR,1064
S0091,ARM2,OVRLRESP,CR,1092
S0091,ARM2,OVRLRESP,CR,1120
S0091,ARM2,OVRLRESP,CR,1148
S0091,ARM2,OVRLRESP,CR,1176
S0091,ARM2,OVRLRESP,CR,1204
S0091,ARM2,OVRLRESP,CR,1232
S0091,ARM2,OVRLRESP,CR,1260
S0091,ARM2,OVRLRESP,CR,1288
S0091,ARM2,OVRLRESP,CR,1316
S0091,ARM2,OVRLRESP,CR,1344
S0091,ARM2,OVRLRESP,CR,1372
S0091,ARM2,OVRLRESP,CR,1400
S0091,ARM2,OVRLRESP,CR,1428
S0091,ARM2,OVRLRESP,CR,1456
S0091,ARM2,OVRLRESP,CR,1484
S0091,ARM2,OVRLRESP,CR,1512
S0091,ARM2,OVRLRESP,CR,1540
S0091,ARM2,OVRLRESP,CR,1568
S0091,ARM2,OVRLRESP,PD,1596
S0091,ARM2,CBOR,CR,56
S0093,ARM2,OVRLRESP,SD,28
S0093,ARM2,OVRLRESP,PR,56
S0093,ARM2,OVRLRESP,PR,84
S0093,ARM2,OVRLRESP,PR,112
S0093,ARM2,OVRLRESP,PR,140
S0093,ARM2,OVRLRESP,PR,168
S0093,ARM2,OVRLRESP,PR,196
S0093,ARM2,OVRLRESP,PR,224
S0093,ARM2,OVRLRESP,PR,252
S0093,ARM2,OVRLRESP,PD,280
S0093,ARM2,CBOR,PR,56
S0094,ARM2,OVRLRESP,SD,28
S0094,ARM2,OVRLRESP,SD,56
S0094,ARM2,OVRLRESP,SD,84
S0094,ARM2,OVRLRESP,SD,112
S0094,ARM2,OVRLRESP,SD,140
S0094,ARM2,OVRLRESP,SD,168
S0094,ARM2,OVRLRESP,SD,196
S0094,ARM2,OVRLRESP,SD,224
S0094,ARM2,OVRLRESP,SD,252
S0094,ARM2,OVRLRESP,SD,280
S0094,ARM2,OVRLRESP,SD,308
S0094,ARM2,OVRLRESP,SD,336
S0094,ARM2,OVRLRESP,SD,364
S0094,ARM2,OVRLRESP,SD,392
S0094,ARM2,OVRLRESP,SD,420
S0094,ARM2,OVRLRESP,SD,448
S0094,ARM2,OVRLRESP,SD,476
S0094,ARM2,OVRLRESP,SD,504
S0094,ARM2,OVRLRESP,SD,532
S0094,ARM2,OVRLRESP,SD,560
S0094,ARM2,OVRLRESP,SD,588
S0094,ARM2,OVRLRESP,PD,616
S0094,ARM2,CBOR,SD,56
S0095,ARM2,OVRLRESP,SD,28
S0095,ARM2,OVRLRESP,CR,56
S0095,ARM2,OVRLRESP,CR,84
S0095,ARM2,OVRLRESP,CR,112
S0095,ARM2,OVRLRESP,CR,140
S0095,ARM2,OVRLRESP,CR,168
S0095,ARM2,OVRLRESP,CR,196
S0095,ARM2,OVRLRESP,CR,224
S0095,ARM2,OVRLRESP,CR,252
S0095,ARM2,OVRLRESP,CR,280
S0095,ARM2,OVRLRESP,CR,308
S0095,ARM2,OVRLRESP,CR,336
S0095,ARM2,OVRLRESP,CR,364
S0095,ARM2,OVRLRESP,CR,392
S0095,ARM2,OVRLRESP,CR,420
S0095,ARM2,OVRLRESP,CR,448
S0095,ARM2,OVRLRESP,CR,476
S0095,ARM2,OVRLRESP,CR,504
S0095,ARM2,OVRLRESP,CR,532
S0095,ARM2,OVRLRESP,CR,560
S0095,ARM2,OVRLRESP,CR,588
S0095,ARM2,OVRLRESP,CR,616
S0095,ARM2,OVRLRESP,CR,644
S0095,ARM2,OVRLRESP,CR,672
S0095,ARM2,OVRLRESP,CR,700
S0095,ARM2,OVRLRESP,CR,728
S0095,ARM2,OVRLRESP,CR,756
S0095,ARM2,OVRLRESP,CR,784
S0095,ARM2,OVRLRESP,CR,812
S0095,ARM2,OVRLRESP,CR,840
S0095,ARM2,OVRLRESP,CR,868
S0095,ARM2,OVRLRESP,CR,896
S0095,ARM2,OVRLRESP,CR,924
S0095,ARM2,OVRLRESP,CR,952
S0095,ARM2,OVRLRESP,CR,980
S0095,ARM2,OVRLRESP,CR,1008
S0095,ARM2,OVRLRESP,CR,1036
S0095,ARM2,OVRLRESP,CR,1064
S0095,ARM2,OVRLRESP,CR,1092
S0095,ARM2,OVRLRESP,CR,1120
S0095,ARM2,OVRLRESP,CR,1148
S0095,ARM2,OVRLRESP,CR,1176
S0095,ARM2,OVRLRESP,CR,1204
S0095,ARM2,OVRLRESP,CR,1232
S0095,ARM2,OVRLRESP,CR,1260
S0095,ARM2,OVRLRESP,CR,1288
S0095,ARM2,OVRLRESP,CR,1316
S0095,ARM2,OVRLRESP,CR,1344
S0095,ARM2,OVRLRESP,CR,1372
S0095,ARM2,OVRLRESP,CR,1400
S0095,ARM2,OVRLRESP,CR,1428
S0095,ARM2,OVRLRESP,CR,1456
S0095,ARM2,OVRLRESP,CR,1484
S0095,ARM2,OVRLRESP,CR,1512
S0095,ARM2,OVRLRESP,CR,1540
S0095,ARM2,OVRLRESP,CR,1568
S0095,ARM2,OVRLRESP,CR,1596
S0095,ARM2,OVRLRESP,CR,1624
S0095,ARM2,OVRLRESP,CR,1652
S0095,ARM2,OVRLRESP,CR,1680
S0095,ARM2,OVRLRESP,CR,1708
S0095,ARM2,OVRLRESP,CR,1736
S0095,ARM2,OVRLRESP,CR,1764
S0095,ARM2,OVRLRESP,CR,1792
S0095,ARM2,OVRLRESP,CR,1820
S0095,ARM2,OVRLRESP,CR,1848
S0095,ARM2,OVRLRESP,CR,1876
S0095,ARM2,OVRLRESP,CR,1904
S0095,ARM2,OVRLRESP,CR,1932
S0095,ARM2,OVRLRESP,CR,1960
S0095,ARM2,OVRLRESP,CR,1988
S0095,ARM2,OVRLRESP,CR,2016
S0095,ARM2,OVRLRESP,CR,2044
S0095,ARM2,OVRLRESP,CR,2072
S0095,ARM2,OVRLRESP,CR,2100
S0095,ARM2,OVRLRESP,CR,2128
S0095,ARM2,OVRLRESP,CR,2156
S0095,ARM2,OVRLRESP,CR,2184
S0095,ARM2,OVRLRESP,CR,2212
S0095,ARM2,OVRLRESP,CR,2240
S0095,ARM2,OVRLRESP,CR,2268
S0095,ARM2,OVRLRESP,CR,2296
S0095,ARM2,OVRLRESP,CR,2324
S0095,ARM2,OVRLRESP,CR,2352
S0095,ARM2,OVRLRESP,CR,2380
S0095,ARM2,OVRLRESP,CR,2408
S0095,ARM2,OVRLRESP,CR,2436
S0095,ARM2,OVRLRESP,CR,2464
S0095,ARM2,OVRLRESP,CR,2492
S0095,ARM2,OVRLRESP,CR,2520
S0095,ARM2,OVRLRESP,PR,2548
S0095,ARM2,OVRLRESP,PR,2576
S0095,ARM2,OVRLRESP,PR,2604
S0095,ARM2,OVRLRESP,PR,2632
S0095,ARM2,OVRLRESP,PR,2660
S0095,ARM2,OVRLRESP,PR,2688
S0095,ARM2,OVRLRESP,PR,2716
S0095,ARM2,OVRLRESP,PR,2744
S0095,ARM2,CBOR,CR,56
S0098,ARM2,OVRLRESP,SD,28
S0098,ARM2,OVRLRESP,PR,56
S0098,ARM2,OVRLRESP,PR,84
S0098,ARM2,OVRLRESP,PR,112
S0098,ARM2,CBOR,PR,56
S0099,ARM2,OVRLRESP,SD,28
S0099,ARM2,OVRLRESP,PR,56
S0099,ARM2,OVRLRESP,PR,84
S0099,ARM2,OVRLRESP,PR,112
S0099,ARM2,OVRLRESP,PR,140
S0099,ARM2,OVRLRESP,PR,168
S0099,ARM2,OVRLRESP,PR,196
S0099,ARM2,OVRLRESP,PR,224
S0099,ARM2,OVRLRESP,PR,252
S0099,ARM2,OVRLRESP,PR,280
S0099,ARM2,OVRLRESP,PR,308
S0099,ARM2,OVRLRESP,PR,336
S0099,ARM2,OVRLRESP,PR,364
S0099,ARM2,OVRLRESP,PR,392
S0099,ARM2,OVRLRESP,PR,420
S0099,ARM2,OVRLRESP,PR,448
S0099,ARM2,OVRLRESP,PR,476
S0099,ARM2,OVRLRESP,PR,504
S0099,ARM2,OVRLRESP,PR,532
S0099,ARM2,OVRLRESP,PR,560
S0099,ARM2,OVRLRESP,PR,588
S0099,ARM2,OVRLRESP,PR,616
S0099,ARM2,OVRLRESP,PR,644
S0099,ARM2,OVRLRESP,PR,672
S0099,ARM2,OVRLRESP,PR,700
S0099,ARM2,OVRLRESP,PR,728
S0099,ARM2,OVRLRESP,PR,756
S0099,ARM2,OVRLRESP,PR,784
S0099,ARM2,OVRLRESP,PR,812
S0099,ARM2,OVRLRESP,PR,840
S0099,ARM2,CBOR,PR,56
S0101,ARM2,OVRLRESP,SD,28
S0101,ARM2,OVRLRESP,PR,56
S0101,ARM2,OVRLRESP,PR,84
S0101,ARM2,OVRLRESP,PR,112
S0101,ARM2,OVRLRESP,PR,140
S0101,ARM2,OVRLRESP,PR,168
S0101,ARM2,OVRLRESP,PR,196
S0101,ARM2,OVRLRESP,PR,224
S0101,ARM2,OVRLRESP,PR,252
S0101,ARM2,OVRLRESP,PR,280
S0101,ARM2,OVRLRESP,PR,308
S0101,ARM2,OVRLRESP,PR,336
S0101,ARM2,OVRLRESP,PR,364
S0101,ARM2,OVRLRESP,PR,392
S0101,ARM2,OVRLRESP,PR,420
S0101,ARM2,OVRLRESP,PR,448
S0101,ARM2,OVRLRESP,PR,476
S0101,ARM2,OVRLRESP,PR,504
S0101,ARM2,OVRLRESP,PR,532
S0101,ARM2,OVRLRESP,PR,560
S0101,ARM2,OVRLRESP,PR,588
S0101,ARM2,OVRLRESP,PR,616
S0101,ARM2,OVRLRESP,PR,644
S0101,ARM2,OVRLRESP,PR,672
S0101,ARM2,OVRLRESP,PR,700
S0101,ARM2,OVRLRESP,PR,728
S0101,ARM2,OVRLRESP,PR,756
S0101,ARM2,OVRLRESP,PR,784
S0101,ARM2,OVRLRESP,PR,812
S0101,ARM2,OVRLRESP,PD,840
S0101,ARM2,CBOR,PR,56
S0102,ARM2,OVRLRESP,PR,28
S0102,ARM2,CBOR,NE,
S0104,ARM2,OVRLRESP,SD,28
S0104,ARM2,OVRLRESP,PR,56
S0104,ARM2,OVRLRESP,PR,84
S0104,ARM2,OVRLRESP,PR,112
S0104,ARM2,OVRLRESP,PR,140
S0104,ARM2,OVRLRESP,PR,168
S0104,ARM2,OVRLRESP,PR,196
S0104,ARM2,OVRLRESP,PR,224
S0104,ARM2,OVRLRESP,PR,252
S0104,ARM2,OVRLRESP,PR,280
S0104,ARM2,OVRLRESP,PR,308
S0104,ARM2,OVRLRESP,PR,336
S0104,ARM2,OVRLRESP,PR,364
S0104,ARM2,OVRLRESP,PR,392
S0104,ARM2,OVRLRESP,PR,420
S0104,ARM2,OVRLRESP,PR,448
S0104,ARM2,OVRLRESP,PR,476
S0104,ARM2,OVRLRESP,PR,504
S0104,ARM2,OVRLRESP,PR,532
S0104,ARM2,OVRLRESP,PR,560
S0104,ARM2,OVRLRESP,PR,588
S0104,ARM2,OVRLRESP,PR,616
S0104,ARM2,OVRLRESP,PR,644
S0104,ARM2,OVRLRESP,PR,672
S0104,ARM2,OVRLRESP,PR,700
S0104,ARM2,OVRLRESP,PR,728
S0104,ARM2,OVRLRESP,PR,756
S0104,ARM2,OVRLRESP,PR,784
S0104,ARM2,OVRLRESP,PR,812
S0104,ARM2,OVRLRESP,PR,840
S0104,ARM2,OVRLRESP,PR,868
S0104,ARM2,OVRLRESP,PR,896
S0104,ARM2,OVRLRESP,PR,924
S0104,ARM2,OVRLRESP,PR,952
S0104,ARM2,OVRLRESP,PR,980
S0104,ARM2,OVRLRESP,PR,1008
S0104,ARM2,OVRLRESP,PR,1036
S0104,ARM2,OVRLRESP,PR,1064
S0104,ARM2,OVRLRESP,PR,1092
S0104,ARM2,OVRLRESP,PR,1120
S0104,ARM2,OVRLRESP,PR,1148
S0104,ARM2,OVRLRESP,PR,1176
S0104,ARM2,OVRLRESP,PR,1204
S0104,ARM2,OVRLRESP,PR,1232
S0104,ARM2,OVRLRESP,PR,1260
S0104,ARM2,OVRLRESP,PR,1288
S0104,ARM2,OVRLRESP,PR,1316
S0104,ARM2,OVRLRESP,PR,1344
S0104,ARM2,OVRLRESP,PR,1372
S0104,ARM2,OVRLRESP,PR,1400
S0104,ARM2,OVRLRESP,PR,1428
S0104,ARM2,OVRLRESP,PR,1456
S0104,ARM2,OVRLRESP,PR,1484
S0104,ARM2,OVRLRESP,PR,1512
S0104,ARM2,OVRLRESP,PR,1540
S0104,ARM2,OVRLRESP,PR,1568
S0104,ARM2,OVRLRESP,PR,1596
S0104,ARM2,OVRLRESP,PR,1624
S0104,ARM2,OVRLRESP,PR,1652
S0104,ARM2,OVRLRESP,PR,1680
S0104,ARM2,OVRLRESP,PR,1708
S0104,ARM2,OVRLRESP,PR,1736
S0104,ARM2,OVRLRESP,PR,1764
S0104,ARM2,OVRLRESP,PD,1792
S0104,ARM2,CBOR,PR,56
S0106,ARM2,OVRLRESP,SD,28
S0106,ARM2,OVRLRESP,PR,56
S0106,ARM2,OVRLRESP,PR,84
S0106,ARM2,OVRLRESP,PR,112
S0106,ARM2,OVRLRESP,PR,140
S0106,ARM2,OVRLRESP,PR,168
S0106,ARM2,OVRLRESP,PR,196
S0106,ARM2,OVRLRESP,PR,224
S0106,ARM2,OVRLRESP,PR,252
S0106,ARM2,OVRLRESP,PR,280
S0106,ARM2,OVRLRESP,PR,308
S0106,ARM2,OVRLRESP,PR,336
S0106,ARM2,OVRLRESP,PR,364
S0106,ARM2,OVRLRESP,PR,392
S0106,ARM2,OVRLRESP,PR,420
S0106,ARM2,OVRLRESP,PR,448
S0106,ARM2,OVRLRESP,PR,476
S0106,ARM2,OVRLRESP,PR,504
S0106,ARM2,OVRLRESP,PR,532
S0106,ARM2,OVRLRESP,PR,560
S0106,ARM2,OVRLRESP,PR,588
S0106,ARM2,OVRLRESP,PR,616
S0106,ARM2,OVRLRESP,PR,644
S0106,ARM2,OVRLRESP,PR,672
S0106,ARM2,OVRLRESP,PR,700
S0106,ARM2,OVRLRESP,PR,728
S0106,ARM2,OVRLRESP,PR,756
S0106,ARM2,OVRLRESP,PR,784
S0106,ARM2,OVRLRESP,PR,812
S0106,ARM2,OVRLRESP,PR,840
S0106,ARM2,OVRLRESP,PR,868
S0106,ARM2,OVRLRESP,PR,896
S0106,ARM2,OVRLRESP,PR,924
S0106,ARM2,OVRLRESP,PR,952
S0106,ARM2,OVRLRESP,PR,980
S0106,ARM2,OVRLRESP,PR,1008
S0106,ARM2,OVRLRESP,PR,1036
S0106,ARM2,OVRLRESP,PR,1064
S0106,ARM2,OVRLRESP,PR,1092
S0106,ARM2,OVRLRESP,PR,1120
S0106,ARM2,OVRLRESP,PR,1148
S0106,ARM2,OVRLRESP,PR,1176
S0106,ARM2,OVRLRESP,PR,1204
S0106,ARM2,OVRLRESP,PR,1232
S0106,ARM2,OVRLRESP,PR,1260
S0106,ARM2,OVRLRESP,PR,1288
S0106,ARM2,OVRLRESP,PR,1316
S0106,ARM2,OVRLRESP,PR,1344
S0106,ARM2,OVRLRESP,PR,1372
S0106,ARM2,OVRLRESP,PR,1400
S0106,ARM2,OVRLRESP,PR,1428
S0106,ARM2,OVRLRESP,PR,1456
S0106,ARM2,OVRLRESP,PR,1484
S0106,ARM2,OVRLRESP,PR,1512
S0106,ARM2,OVRLRESP,PR,1540
S0106,ARM2,OVRLRESP,PR,1568
S0106,ARM2,OVRLRESP,PR,1596
S0106,ARM2,OVRLRESP,PR,1624
S0106,ARM2,OVRLRESP,PR,1652
S0106,ARM2,OVRLRESP,PR,1680
S0106,ARM2,OVRLRESP,PR,1708
S0106,ARM2,OVRLRESP,PR,1736
S0106,ARM2,OVRLRESP,PR,1764
S0106,ARM2,OVRLRESP,PR,1792
S0106,ARM2,OVRLRESP,PR,1820
S0106,ARM2,OVRLRESP,PR,1848
S0106,ARM2,OVRLRESP,PD,1876
S0106,ARM2,CBOR,PR,56
S0107,ARM2,OVRLRESP,SD,28
S0107,ARM2,OVRLRESP,SD,56
S0107,ARM2,OVRLRESP,SD,84
S0107,ARM2,OVRLRESP,SD,112
S0107,ARM2,OVRLRESP,SD,140
S0107,ARM2,OVRLRESP,SD,168
S0107,ARM2,OVRLRESP,SD,196
S0107,ARM2,OVRLRESP,SD,224
S0107,ARM2,OVRLRESP,SD,252
S0107,ARM2,OVRLRESP,SD,280
S0107,ARM2,OVRLRESP,SD,308
S0107,ARM2,OVRLRESP,SD,336
S0107,ARM2,OVRLRESP,SD,364
S0107,ARM2,OVRLRESP,SD,392
S0107,ARM2,OVRLRESP,SD,420
S0107,ARM2,OVRLRESP,SD,448
S0107,ARM2,OVRLRESP,SD,476
S0107,ARM2,OVRLRESP,SD,504
S0107,ARM2,OVRLRESP,PD,532
S0107,ARM2,CBOR,SD,56
S0109,ARM2,OVRLRESP,SD,28
S0109,ARM2,OVRLRESP,PR,56
S0109,ARM2,OVRLRESP,PR,84
S0109,ARM2,OVRLRESP,PR,112
S0109,ARM2,OVRLRESP,PR,140
S0109,ARM2,OVRLRESP,PR,168
S0109,ARM2,OVRLRESP,PR,196
S0109,ARM2,OVRLRESP,PR,224
S0109,ARM2,OVRLRESP,PR,252
S0109,ARM2,OVRLRESP,PR,280
S0109,ARM2,OVRLRESP,PR,308
S0109,ARM2,OVRLRESP,PR,336
S0109,ARM2,OVRLRESP,PR,364
S0109,ARM2,OVRLRESP,PR,392
S0109,ARM2,OVRLRESP,PR,420
S0109,ARM2,OVRLRESP,PR,448
S0109,ARM2,OVRLRESP,PR,476
S0109,ARM2,OVRLRESP,PR,504
S0109,ARM2,OVRLRESP,PR,532
S0109,ARM2,OVRLRESP,PR,560
S0109,ARM2,OVRLRESP,PR,588
S0109,ARM2,OVRLRESP,PR,616
S0109,ARM2,OVRLRESP,PR,644
S0109,ARM2,OVRLRESP,PR,672
S0109,ARM2,OVRLRESP,PR,700
S0109,ARM2,OVRLRESP,PR,728
S0109,ARM2,OVRLRESP,PR,756
S0109,ARM2,OVRLRESP,PR,784
S0109,ARM2,OVRLRESP,PR,812
S0109,ARM2,OVRLRESP,PR,840
S0109,ARM2,OVRLRESP,PR,868
S0109,ARM2,OVRLRESP,PR,896
S0109,ARM2,OVRLRESP,PR,924
S0109,ARM2,OVRLRESP,PR,952
S0109,ARM2,OVRLRESP,PR,980
S0109,ARM2,OVRLRESP,PR,1008
S0109,ARM2,OVRLRESP,PR,1036
S0109,ARM2,OVRLRESP,PR,1064
S0109,ARM2,OVRLRESP,PR,1092
S0109,ARM2,OVRLRESP,PR,1120
S0109,ARM2,OVRLRESP,PR,1148
S0109,ARM2,OVRLRESP,PR,1176
S0109,ARM2,CBOR,PR,56
S0110,ARM2,OVRLRESP,SD,28
S0110,ARM2,OVRLRESP,SD,56
S0110,ARM2,OVRLRESP,SD,84
S0110,ARM2,OVRLRESP,SD,112
S0110,ARM2,OVRLRESP,SD,140
S0110,ARM2,OVRLRESP,SD,168
S0110,ARM2,OVRLRESP,SD,196
S0110,ARM2,OVRLRESP,SD,224
S0110,ARM2,OVRLRESP,SD,252
S0110,ARM2,OVRLRESP,SD,280
S0110,ARM2,OVRLRESP,SD,308
S0110,ARM2,OVRLRESP,SD,336
S0110,ARM2,OVRLRESP,PD,364
S0110,ARM2,CBOR,SD,56
S0112,ARM2,OVRLRESP,SD,28
S0112,ARM2,OVRLRESP,PR,56
S0112,ARM2,OVRLRESP,PR,84
S0112,ARM2,OVRLRESP,PR,112
S0112,ARM2,OVRLRESP,PR,140
S0112,ARM2,OVRLRESP,PR,168
S0112,ARM2,OVRLRESP,PR,196
S0112,ARM2,OVRLRESP,PR,224
S0112,ARM2,OVRLRESP,PR,252
S0112,ARM2,OVRLRESP,PR,280
S0112,ARM2,OVRLRESP,PR,308
S0112,ARM2,OVRLRESP,PR,336
S0112,ARM2,OVRLRESP,PR,364
S0112,ARM2,OVRLRESP,PR,392
S0112,ARM2,OVRLRESP,PR,420
S0112,ARM2,OVRLRESP,PR,448
S0112,ARM2,OVRLRESP,PR,476
S0112,ARM2,OVRLRESP,PR,504
S0112,ARM2,OVRLRESP,PR,532
S0112,ARM2,OVRLRESP,PR,560
S0112,ARM2,OVRLRESP,PR,588
S0112,ARM2,OVRLRESP,PR,616
S0112,ARM2,OVRLRESP,PR,644
S0112,ARM2,OVRLRESP,PR,672
S0112,ARM2,OVRLRESP,PR,700
S0112,ARM2,OVRLRESP,PR,728
S0112,ARM2,OVRLRESP,PR,756
S0112,ARM2,OVRLRESP,PR,784
S0112,ARM2,OVRLRESP,PR,812
S0112,ARM2,OVRLRESP,PR,840
S0112,ARM2,OVRLRESP,PR,868
S0112,ARM2,OVRLRESP,PR,896
S0112,ARM2,OVRLRESP,PR,924
S0112,ARM2,OVRLRESP,PR,952
S0112,ARM2,OVRLRESP,PR,980
S0112,ARM2,OVRLRESP,PR,1008
S0112,ARM2,OVRLRESP,PR,1036
S0112,ARM2,OVRLRESP,PR,1064
S0112,ARM2,OVRLRESP,PR,1092
S0112,ARM2,OVRLRESP,PR,1120
S0112,ARM2,OVRLRESP,PR,1148
S0112,ARM2,OVRLRESP,PR,1176
S0112,ARM2,OVRLRESP,PR,1204
S0112,ARM2,OVRLRESP,PR,1232
S0112,ARM2,OVRLRESP,PR,1260
S0112,ARM2,OVRLRESP,PR,1288
S0112,ARM2,OVRLRESP,PR,1316
S0112,ARM2,OVRLRESP,PR,1344
S0112,ARM2,OVRLRESP,PR,1372
S0112,ARM2,OVRLRESP,PR,1400
S0112,ARM2,OVRLRESP,PR,1428
S0112,ARM2,OVRLRESP,PR,1456
S0112,ARM2,OVRLRESP,PR,1484
S0112,ARM2,OVRLRESP,PR,1512
S0112,ARM2,OVRLRESP,PR,1540
S0112,ARM2,OVRLRESP,PR,1568
S0112,ARM2,OVRLRESP,PR,1596
S0112,ARM2,OVRLRESP,PR,1624
S0112,ARM2,OVRLRESP,PR,1652
S0112,ARM2,OVRLRESP,PR,1680
S0112,ARM2,OVRLRESP,PR,1708
S0112,ARM2,OVRLRESP,PR,1736
S0112,ARM2,OVRLRESP,PR,1764
S0112,ARM2,OVRLRESP,PR,1792
S0112,ARM2,OVRLRESP,PR,1820
S0112,ARM2,OVRLRESP,PR,1848
S0112,ARM2,OVRLRESP,PR,1876
S0112,ARM2,OVRLRESP,PR,1904
S0112,ARM2,OVRLRESP,PR,1932
S0112,ARM2,OVRLRESP,PR,1960
S0112,ARM2,OVRLRESP,PR,1988
S0112,ARM2,OVRLRESP,PR,2016
S0112,ARM2,OVRLRESP,PR,2044
S0112,ARM2,OVRLRESP,PR,2072
S0112,ARM2,OVRLRESP,PR,2100
S0112,ARM2,OVRLRESP,PR,2128
S0112,ARM2,OVRLRESP,PR,2156
S0112,ARM2,OVRLRESP,PR,2184
S0112,ARM2,OVRLRESP,PR,2212
S0112,ARM2,OVRLRESP,PR,2240
S0112,ARM2,OVRLRESP,PR,2268
S0112,ARM2,OVRLRESP,PR,2296
S0112,ARM2,OVRLRESP,PR,2324
S0112,ARM2,OVRLRESP,PR,2352
S0112,ARM2,CBOR,PR,56
S0114,ARM2,OVRLRESP,SD,28
S0114,ARM2,OVRLRESP,PR,56
S0114,ARM2,OVRLRESP,PR,84
S0114,ARM2,OVRLRESP,PR,112
S0114,ARM2,OVRLRESP,PR,140
S0114,ARM2,OVRLRESP,PR,168
S0114,ARM2,OVRLRESP,PR,196
S0114,ARM2,OVRLRESP,PR,224
S0114,ARM2,OVRLRESP,PR,252
S0114,ARM2,OVRLRESP,PR,280
S0114,ARM2,OVRLRESP,PR,308
S0114,ARM2,OVRLRESP,PR,336
S0114,ARM2,OVRLRESP,PR,364
S0114,ARM2,OVRLRESP,PR,392
S0114,ARM2,OVRLRESP,PR,420
S0114,ARM2,OVRLRESP,PR,448
S0114,ARM2,OVRLRESP,PR,476
S0114,ARM2,OVRLRESP,PR,504
S0114,ARM2,OVRLRESP,PR,532
S0114,ARM2,OVRLRESP,PR,560
S0114,ARM2,OVRLRESP,PR,588
S0114,ARM2,OVRLRESP,PR,616
S0114,ARM2,OVRLRESP,PR,644
S0114,ARM2,OVRLRESP,PR,672
S0114,ARM2,OVRLRESP,PR,700
S0114,ARM2,OVRLRESP,PR,728
S0114,ARM2,OVRLRESP,PR,756
S0114,ARM2,OVRLRESP,PR,784
S0114,ARM2,OVRLRESP,PR,812
S0114,ARM2,OVRLRESP,PR,840
S0114,ARM2,OVRLRESP,PR,868
S0114,ARM2,OVRLRESP,PR,896
S0114,ARM2,OVRLRESP,PR,924
S0114,ARM2,OVRLRESP,PR,952
S0114,ARM2,OVRLRESP,PR,980
S0114,ARM2,OVRLRESP,PR,1008
S0114,ARM2,OVRLRESP,PR,1036
S0114,ARM2,OVRLRESP,PR,1064
S0114,ARM2,OVRLRESP,PR,1092
S0114,ARM2,OVRLRESP,PR,1120
S0114,ARM2,OVRLRESP,PR,1148
S0114,ARM2,OVRLRESP,PR,1176
S0114,ARM2,OVRLRESP,PR,1204
S0114,ARM2,OVRLRESP,PR,1232
S0114,ARM2,OVRLRESP,PR,1260
S0114,ARM2,OVRLRESP,PR,1288
S0114,ARM2,OVRLRESP,PR,1316
S0114,ARM2,OVRLRESP,PR,1344
S0114,ARM2,OVRLRESP,PR,1372
S0114,ARM2,OVRLRESP,PR,1400
S0114,ARM2,OVRLRESP,PR,1428
S0114,ARM2,OVRLRESP,PR,1456
S0114,ARM2,OVRLRESP,PR,1484
S0114,ARM2,OVRLRESP,PR,1512
S0114,ARM2,OVRLRESP,PR,1540
S0114,ARM2,OVRLRESP,PR,1568
S0114,ARM2,OVRLRESP,PR,1596
S0114,ARM2,OVRLRESP,PR,1624
S0114,ARM2,OVRLRESP,PR,1652
S0114,ARM2,OVRLRESP,PR,1680
S0114,ARM2,OVRLRESP,PR,1708
S0114,ARM2,OVRLRESP,PR,1736
S0114,ARM2,OVRLRESP,PR,1764
S0114,ARM2,OVRLRESP,PR,1792
S0114,ARM2,OVRLRESP,PR,1820
S0114,ARM2,OVRLRESP,PR,1848
S0114,ARM2,OVRLRESP,PR,1876
S0114,ARM2,OVRLRESP,PR,1904
S0114,ARM2,OVRLRESP,PR,1932
S0114,ARM2,OVRLRESP,PR,1960
S0114,ARM2,OVRLRESP,PR,1988
S0114,ARM2,OVRLRESP,PR,2016
S0114,ARM2,OVRLRESP,PR,2044
S0114,ARM2,OVRLRESP,PR,2072
S0114,ARM2,OVRLRESP,PR,2100
S0114,ARM2,OVRLRESP,PR,2128
S0114,ARM2,OVRLRESP,PR,2156
S0114,ARM2,OVRLRESP,PR,2184
S0114,ARM2,OVRLRESP,PR,2212
S0114,ARM2,OVRLRESP,PR,2240
S0114,ARM2,OVRLRESP,PR,2268
S0114,ARM2,OVRLRESP,PR,2296
S0114,ARM2,OVRLRESP,PR,2324
S0114,ARM2,OVRLRESP,PR,2352
S0114,ARM2,OVRLRESP,PR,2380
S0114,ARM2,OVRLRESP,PR,2408
S0114,ARM2,OVRLRESP,PR,2436
S0114,ARM2,OVRLRESP,PR,2464
S0114,ARM2,OVRLRESP,PR,2492
S0114,ARM2,OVRLRESP,PR,2520
S0114,ARM2,OVRLRESP,PR,2548
S0114,ARM2,OVRLRESP,PR,2576
S0114,ARM2,OVRLRESP,PR,2604
S0114,ARM2,OVRLRESP,PR,2632
S0114,ARM2,OVRLRESP,PR,2660
S0114,ARM2,OVRLRESP,PR,2688
S0114,ARM2,OVRLRESP,PR,2716
S0114,ARM2,OVRLRESP,PR,2744
S0114,ARM2,OVRLRESP,PR,2772
S0114,ARM2,OVRLRESP,PR,2800
S0114,ARM2,OVRLRESP,PR,2828
S0114,ARM2,OVRLRESP,PR,2856
S0114,ARM2,OVRLRESP,PR,2884
S0114,ARM2,OVRLRESP,PR,2912
S0114,ARM2,OVRLRESP,PR,2940
S0114,ARM2,OVRLRESP,PR,2968
S0114,ARM2,OVRLRESP,PR,2996
S0114,ARM2,OVRLRESP,PR,3024
S0114,ARM2,OVRLRESP,PR,3052
S0114,ARM2,OVRLRESP,PR,3080
S0114,ARM2,OVRLRESP,PR,3108
S0114,ARM2,OVRLRESP,PR,3136
S0114,ARM2,OVRLRESP,PR,3164
S0114,ARM2,OVRLRESP,PR,3192
S0114,ARM2,OVRLRESP,PR,3220
S0114,ARM2,OVRLRESP,PR,3248
S0114,ARM2,OVRLRESP,PR,3276
S0114,ARM2,OVRLRESP,PR,3304
S0114,ARM2,OVRLRESP,PR,3332
S0114,ARM2,OVRLRESP,PR,3360
S0114,ARM2,OVRLRESP,PR,3388
S0114,ARM2,OVRLRESP,PR,3416
S0114,ARM2,OVRLRESP,PR,3444
S0114,ARM2,OVRLRESP,PR,3472
S0114,ARM2,OVRLRESP,PR,3500
S0114,ARM2,CBOR,PR,56
S0118,ARM2,OVRLRESP,SD,28
S0118,ARM2,OVRLRESP,PR,56
S0118,ARM2,OVRLRESP,PR,84
S0118,ARM2,OVRLRESP,PR,112
S0118,ARM2,OVRLRESP,PD,140
S0118,ARM2,CBOR,PR,56
S0119,ARM2,OVRLRESP,SD,28
S0119,ARM2,OVRLRESP,PR,56
S0119,ARM2,OVRLRESP,PR,84
S0119,ARM2,OVRLRESP,PR,112
S0119,ARM2,OVRLRESP,PR,140
S0119,ARM2,OVRLRESP,PR,168
S0119,ARM2,OVRLRESP,PR,196
S0119,ARM2,OVRLRESP,PR,224
S0119,ARM2,OVRLRESP,PR,252
S0119,ARM2,OVRLRESP,PR,280
S0119,ARM2,OVRLRESP,PR,308
S0119,ARM2,OVRLRESP,PR,336
S0119,ARM2,OVRLRESP,PR,364
S0119,ARM2,OVRLRESP,PR,392
S0119,ARM2,OVRLRESP,PR,420
S0119,ARM2,OVRLRESP,PR,448
S0119,ARM2,OVRLRESP,PR,476
S0119,ARM2,OVRLRESP,PR,504
S0119,ARM2,OVRLRESP,PR,532
S0119,ARM2,OVRLRESP,PR,560
S0119,ARM2,OVRLRESP,PR,588
S0119,ARM2,OVRLRESP,PR,616
S0119,ARM2,OVRLRESP,PR,644
S0119,ARM2,OVRLRESP,PR,672
S0119,ARM2,OVRLRESP,PR,700
S0119,ARM2,OVRLRESP,PR,728
S0119,ARM2,OVRLRESP,PR,756
S0119,ARM2,OVRLRESP,PR,784
S0119,ARM2,OVRLRESP,PR,812
S0119,ARM2,OVRLRESP,PR,840
S0119,ARM2,OVRLRESP,PR,868
S0119,ARM2,OVRLRESP,PR,896
S0119,ARM2,OVRLRESP,PR,924
S0119,ARM2,OVRLRESP,PR,952
S0119,ARM2,OVRLRESP,PR,980
S0119,ARM2,OVRLRESP,PR,1008
S0119,ARM2,OVRLRESP,PR,1036
S0119,ARM2,OVRLRESP,PR,1064
S0119,ARM2,OVRLRESP,PR,1092
S0119,ARM2,OVRLRESP,PR,1120
S0119,ARM2,OVRLRESP,PR,1148
S0119,ARM2,OVRLRESP,PR,1176
S0119,ARM2,OVRLRESP,PR,1204
S0119,ARM2,OVRLRESP,PR,1232
S0119,ARM2,OVRLRESP,PR,1260
S0119,ARM2,OVRLRESP,PR,1288
S0119,ARM2,OVRLRESP,PR,1316
S0119,ARM2,OVRLRESP,PR,1344
S0119,ARM2,OVRLRESP,PR,1372
S0119,ARM2,OVRLRESP,PR,1400
S0119,ARM2,OVRLRESP,PR,1428
S0119,ARM2,OVRLRESP,PR,1456
S0119,ARM2,OVRLRESP,PR,1484
S0119,ARM2,OVRLRESP,PR,1512
S0119,ARM2,OVRLRESP,PR,1540
S0119,ARM2,OVRLRESP,PR,1568
S0119,ARM2,OVRLRESP,PR,1596
S0119,ARM2,OVRLRESP,PR,1624
S0119,ARM2,OVRLRESP,PR,1652
S0119,ARM2,OVRLRESP,PR,1680
S0119,ARM2,OVRLRESP,PR,1708
S0119,ARM2,OVRLRESP,PR,1736
S0119,ARM2,OVRLRESP,PR,1764
S0119,ARM2,OVRLRESP,PR,1792
S0119,ARM2,OVRLRESP,PR,1820
S0119,ARM2,OVRLRESP,PR,1848
S0119,ARM2,OVRLRESP,PR,1876
S0119,ARM2,OVRLRESP,PR,1904
S0119,ARM2,OVRLRESP,PR,1932
S0119,ARM2,OVRLRESP,PR,1960
S0119,ARM2,OVRLRESP,PR,1988
S0119,ARM2,OVRLRESP,PR,2016
S0119,ARM2,OVRLRESP,PR,2044
S0119,ARM2,OVRLRESP,PR,2072
S0119,ARM2,OVRLRESP,PR,2100
S0119,ARM2,OVRLRESP,PR,2128
S0119,ARM2,OVRLRESP,PR,2156
S0119,ARM2,OVRLRESP,PR,2184
S0119,ARM2,OVRLRESP,PR,2212
S0119,ARM2,OVRLRESP,PR,2240
S0119,ARM2,OVRLRESP,PR,2268
S0119,ARM2,OVRLRESP,PR,2296
S0119,ARM2,OVRLRESP,PR,2324
S0119,ARM2,OVRLRESP,PR,2352
S0119,ARM2,OVRLRESP,PR,2380
S0119,ARM2,OVRLRESP,PR,2408
S0119,ARM2,OVRLRESP,PR,2436
S0119,ARM2,OVRLRESP,PR,2464
S0119,ARM2,OVRLRESP,PR,2492
S0119,ARM2,OVRLRESP,PR,2520
S0119,ARM2,OVRLRESP,PR,2548
S0119,ARM2,OVRLRESP,PR,2576
S0119,ARM2,OVRLRESP,PR,2604
S0119,ARM2,OVRLRESP,PR,2632
S0119,ARM2,OVRLRESP,PR,2660
S0119,ARM2,OVRLRESP,PR,2688
S0119,ARM2,OVRLRESP,PR,2716
S0119,ARM2,OVRLRESP,PR,2744
S0119,ARM2,OVRLRESP,PR,2772
S0119,ARM2,OVRLRESP,PR,2800
S0119,ARM2,OVRLRESP,PR,2828
S0119,ARM2,OVRLRESP,PR,2856
S0119,ARM2,OVRLRESP,PR,2884
S0119,ARM2,OVRLRESP,PR,2912
S0119,ARM2,CBOR,PR,56
S0122,ARM2,OVRLRESP,SD,28
S0122,ARM2,OVRLRESP,SD,56
S0122,ARM2,OVRLRESP,SD,84
S0122,ARM2,OVRLRESP,SD,112
S0122,ARM2,OVRLRESP,SD,140
S0122,ARM2,OVRLRESP,SD,168
S0122,ARM2,OVRLRESP,SD,196
S0122,ARM2,OVRLRESP,SD,224
S0122,ARM2,OVRLRESP,SD,252
S0122,ARM2,OVRLRESP,SD,280
S0122,ARM2,OVRLRESP,SD,308
S0122,ARM2,OVRLRESP,SD,336
S0122,ARM2,OVRLRESP,SD,364
S0122,ARM2,OVRLRESP,SD,392
S0122,ARM2,OVRLRESP,SD,420
S0122,ARM2,OVRLRESP,SD,448
S0122,ARM2,OVRLRESP,SD,476
S0122,ARM2,OVRLRESP,SD,504
S0122,ARM2,OVRLRESP,PD,532
S0122,ARM2,CBOR,SD,56
S0125,ARM2,OVRLRESP,SD,28
S0125,ARM2,OVRLRESP,CR,56
S0125,ARM2,OVRLRESP,CR,84
S0125,ARM2,OVRLRESP,CR,112
S0125,ARM2,OVRLRESP,CR,140
S0125,ARM2,OVRLRESP,CR,168
S0125,ARM2,OVRLRESP,CR,196
S0125,ARM2,OVRLRESP,CR,224
S0125,ARM2,OVRLRESP,CR,252
S0125,ARM2,OVRLRESP,CR,280
S0125,ARM2,OVRLRESP,CR,308
S0125,ARM2,OVRLRESP,PR,336
S0125,ARM2,OVRLRESP,PR,364
S0125,ARM2,OVRLRESP,PR,392
S0125,ARM2,OVRLRESP,PR,420
S0125,ARM2,OVRLRESP,PR,448
S0125,ARM2,OVRLRESP,PR,476
S0125,ARM2,OVRLRESP,PR,504
S0125,ARM2,OVRLRESP,PR,532
S0125,ARM2,OVRLRESP,PR,560
S0125,ARM2,OVRLRESP,PR,588
S0125,ARM2,OVRLRESP,PR,616
S0125,ARM2,OVRLRESP,PR,644
S0125,ARM2,OVRLRESP,PR,672
S0125,ARM2,OVRLRESP,PR,700
S0125,ARM2,OVRLRESP,PR,728
S0125,ARM2,OVRLRESP,PR,756
S0125,ARM2,OVRLRESP,PR,784
S0125,ARM2,OVRLRESP,PR,812
S0125,ARM2,OVRLRESP,PR,840
S0125,ARM2,OVRLRESP,PR,868
S0125,ARM2,OVRLRESP,PR,896
S0125,ARM2,OVRLRESP,PR,924
S0125,ARM2,OVRLRESP,PR,952
S0125,ARM2,OVRLRESP,PR,980
S0125,ARM2,OVRLRESP,PR,1008
S0125,ARM2,OVRLRESP,PR,1036
S0125,ARM2,OVRLRESP,PR,1064
S0125,ARM2,OVRLRESP,PR,1092
S0125,ARM2,OVRLRESP,PR,1120
S0125,ARM2,OVRLRESP,PR,1148
S0125,ARM2,OVRLRESP,PR,1176
S0125,ARM2,OVRLRESP,PR,1204
S0125,ARM2,OVRLRESP,PR,1232
S0125,ARM2,OVRLRESP,PR,1260
S0125,ARM2,OVRLRESP,PR,1288
S0125,ARM2,OVRLRESP,PR,1316
S0125,ARM2,OVRLRESP,PR,1344
S0125,ARM2,OVRLRESP,PR,1372
S0125,ARM2,OVRLRESP,PR,1400
S0125,ARM2,OVRLRESP,PR,1428
S0125,ARM2,OVRLRESP,PR,1456
S0125,ARM2,OVRLRESP,PR,1484
S0125,ARM2,CBOR,CR,56
S0130,ARM2,OVRLRESP,SD,28
S0130,ARM2,OVRLRESP,SD,56
S0130,ARM2,OVRLRESP,SD,84
S0130,ARM2,OVRLRESP,SD,112
S0130,ARM2,OVRLRESP,SD,140
S0130,ARM2,OVRLRESP,SD,168
S0130,ARM2,OVRLRESP,SD,196
S0130,ARM2,OVRLRESP,SD,224
S0130,ARM2,OVRLRESP,SD,252
S0130,ARM2,OVRLRESP,SD,280
S0130,ARM2,OVRLRESP,SD,308
S0130,ARM2,OVRLRESP,SD,336
S0130,ARM2,OVRLRESP,SD,364
S0130,ARM2,OVRLRESP,SD,392
S0130,ARM2,OVRLRESP,SD,420
S0130,ARM2,OVRLRESP,SD,448
S0130,ARM2,OVRLRESP,SD,476
S0130,ARM2,OVRLRESP,SD,504
S0130,ARM2,OVRLRESP,SD,532
S0130,ARM2,OVRLRESP,SD,560
S0130,ARM2,OVRLRESP,SD,588
S0130,ARM2,OVRLRESP,SD,616
S0130,ARM2,OVRLRESP,SD,644
S0130,ARM2,OVRLRESP,SD,672
S0130,ARM2,OVRLRESP,SD,700
S0130,ARM2,OVRLRESP,SD,728
S0130,ARM2,OVRLRESP,SD,756
S0130,ARM2,OVRLRESP,SD,784
S0130,ARM2,OVRLRESP,SD,812
S0130,ARM2,OVRLRESP,SD,840
S0130,ARM2,OVRLRESP,SD,868
S0130,ARM2,OVRLRESP,SD,896
S0130,ARM2,OVRLRESP,SD,924
S0130,ARM2,OVRLRESP,SD,952
S0130,ARM2,OVRLRESP,SD,980
S0130,ARM2,OVRLRESP,SD,1008
S0130,ARM2,OVRLRESP,SD,1036
S0130,ARM2,OVRLRESP,SD,1064
S0130,ARM2,OVRLRESP,SD,1092
S0130,ARM2,OVRLRESP,SD,1120
S0130,ARM2,OVRLRESP,SD,1148
S0130,ARM2,OVRLRESP,SD,1176
S0130,ARM2,OVRLRESP,SD,1204
S0130,ARM2,OVRLRESP,SD,1232
S0130,ARM2,OVRLRESP,SD,1260
S0130,ARM2,OVRLRESP,SD,1288
S0130,ARM2,OVRLRESP,SD,1316
S0130,ARM2,OVRLRESP,SD,1344
S0130,ARM2,OVRLRESP,SD,1372
S0130,ARM2,OVRLRESP,SD,1400
S0130,ARM2,OVRLRESP,SD,1428
S0130,ARM2,OVRLRESP,SD,1456
S0130,ARM2,OVRLRESP,SD,1484
S0130,ARM2,OVRLRESP,SD,1512
S0130,ARM2,OVRLRESP,PD,1540
S0130,ARM2,CBOR,SD,56
S0132,ARM2,OVRLRESP,SD,28
S0132,ARM2,OVRLRESP,PD,56
S0132,ARM2,CBOR,PD,56
S0135,ARM2,OVRLRESP,PR,28
S0135,ARM2,OVRLRESP,CR,56
S0135,ARM2,OVRLRESP,CR,84
S0135,ARM2,OVRLRESP,CR,112
S0135,ARM2,OVRLRESP,CR,140
S0135,ARM2,OVRLRESP,CR,168
S0135,ARM2,OVRLRESP,PR,196
S0135,ARM2,OVRLRESP,PR,224
S0135,ARM2,OVRLRESP,PR,252
S0135,ARM2,OVRLRESP,PR,280
S0135,ARM2,OVRLRESP,PR,308
S0135,ARM2,OVRLRESP,PR,336
S0135,ARM2,OVRLRESP,PR,364
S0135,ARM2,OVRLRESP,PR,392
S0135,ARM2,OVRLRESP,PR,420
S0135,ARM2,OVRLRESP,PR,448
S0135,ARM2,OVRLRESP,PR,476
S0135,ARM2,OVRLRESP,PR,504
S0135,ARM2,OVRLRESP,PR,532
S0135,ARM2,OVRLRESP,PR,560
S0135,ARM2,OVRLRESP,PR,588
S0135,ARM2,OVRLRESP,PR,616
S0135,ARM2,OVRLRESP,PR,644
S0135,ARM2,OVRLRESP,PR,672
S0135,ARM2,OVRLRESP,PR,700
S0135,ARM2,OVRLRESP,PR,728
S0135,ARM2,OVRLRESP,PR,756
S0135,ARM2,OVRLRESP,PR,784
S0135,ARM2,OVRLRESP,PR,812
S0135,ARM2,OVRLRESP,PR,840
S0135,ARM2,OVRLRESP,PR,868
S0135,ARM2,OVRLRESP,PR,896
S0135,ARM2,OVRLRESP,PR,924
S0135,ARM2,OVRLRESP,PR,952
S0135,ARM2,OVRLRESP,PR,980
S0135,ARM2,OVRLRESP,PR,1008
S0135,ARM2,OVRLRESP,PR,1036
S0135,ARM2,OVRLRESP,PR,1064
S0135,ARM2,OVRLRESP,PR,1092
S0135,ARM2,OVRLRESP,PR,1120
S0135,ARM2,OVRLRESP,PR,1148
S0135,ARM2,OVRLRESP,PR,1176
S0135,ARM2,OVRLRESP,PR,1204
S0135,ARM2,OVRLRESP,PR,1232
S0135,ARM2,OVRLRESP,PR,1260
S0135,ARM2,OVRLRESP,PR,1288
S0135,ARM2,OVRLRESP,PR,1316
S0135,ARM2,OVRLRESP,PR,1344
S0135,ARM2,OVRLRESP,PR,1372
S0135,ARM2,OVRLRESP,PR,1400
S0135,ARM2,OVRLRESP,PR,1428
S0135,ARM2,OVRLRESP,PR,1456
S0135,ARM2,OVRLRESP,PR,1484
S0135,ARM2,OVRLRESP,PR,1512
S0135,ARM2,OVRLRESP,PR,1540
S0135,ARM2,OVRLRESP,PR,1568
S0135,ARM2,OVRLRESP,PR,1596
S0135,ARM2,OVRLRESP,PR,1624
S0135,ARM2,OVRLRESP,PR,1652
S0135,ARM2,OVRLRESP,PR,1680
S0135,ARM2,OVRLRESP,PR,1708
S0135,ARM2,OVRLRESP,PR,1736
S0135,ARM2,OVRLRESP,PR,1764
S0135,ARM2,OVRLRESP,PR,1792
S0135,ARM2,OVRLRESP,PR,1820
S0135,ARM2,OVRLRESP,PR,1848
S0135,ARM2,OVRLRESP,PR,1876
S0135,ARM2,OVRLRESP,PR,1904
S0135,ARM2,OVRLRESP,PR,1932
S0135,ARM2,OVRLRESP,PR,1960
S0135,ARM2,OVRLRESP,PR,1988
S0135,ARM2,OVRLRESP,PR,2016
S0135,ARM2,OVRLRESP,PR,2044
S0135,ARM2,OVRLRESP,PR,2072
S0135,ARM2,OVRLRESP,PR,2100
S0135,ARM2,OVRLRESP,PR,2128
S0135,ARM2,OVRLRESP,PR,2156
S0135,ARM2,OVRLRESP,PR,2184
S0135,ARM2,OVRLRESP,PR,2212
S0135,ARM2,OVRLRESP,PR,2240
S0135,ARM2,OVRLRESP,PR,2268
S0135,ARM2,OVRLRESP,PR,2296
S0135,ARM2,OVRLRESP,PR,2324
S0135,ARM2,OVRLRESP,PR,2352
S0135,ARM2,OVRLRESP,PR,2380
S0135,ARM2,OVRLRESP,PR,2408
S0135,ARM2,OVRLRESP,PR,2436
S0135,ARM2,OVRLRESP,PR,2464
S0135,ARM2,OVRLRESP,PR,2492
S0135,ARM2,OVRLRESP,PR,2520
S0135,ARM2,OVRLRESP,PR,2548
S0135,ARM2,OVRLRESP,PR,2576
S0135,ARM2,OVRLRESP,PR,2604
S0135,ARM2,OVRLRESP,PR,2632
S0135,ARM2,OVRLRESP,PR,2660
S0135,ARM2,OVRLRESP,PR,2688
S0135,ARM2,OVRLRESP,PR,2716
S0135,ARM2,OVRLRESP,PR,2744
S0135,ARM2,OVRLRESP,PR,2772
S0135,ARM2,OVRLRESP,PR,2800
S0135,ARM2,OVRLRESP,PR,2828
S0135,ARM2,OVRLRESP,PR,2856
S0135,ARM2,OVRLRESP,PR,2884
S0135,ARM2,OVRLRESP,PR,2912
S0135,ARM2,OVRLRESP,PR,2940
S0135,ARM2,OVRLRESP,PR,2968
S0135,ARM2,OVRLRESP,PR,2996
S0135,ARM2,OVRLRESP,PR,3024
S0135,ARM2,OVRLRESP,PR,3052
S0135,ARM2,OVRLRESP,PR,3080
S0135,ARM2,OVRLRESP,PR,3108
S0135,ARM2,OVRLRESP,PR,3136
S0135,ARM2,OVRLRESP,PR,3164
S0135,ARM2,OVRLRESP,PR,3192
S0135,ARM2,OVRLRESP,PR,3220
S0135,ARM2,OVRLRESP,PR,3248
S0135,ARM2,OVRLRESP,PR,3276
S0135,ARM2,OVRLRESP,PR,3304
S0135,ARM2,OVRLRESP,PR,3332
S0135,ARM2,OVRLRESP,PR,3360
S0135,ARM2,OVRLRESP,PR,3388
S0135,ARM2,OVRLRESP,PR,3416
S0135,ARM2,OVRLRESP,PR,3444
S0135,ARM2,OVRLRESP,PR,3472
S0135,ARM2,OVRLRESP,PR,3500
S0135,ARM2,CBOR,CR,56
S0139,ARM2,OVRLRESP,SD,28
S0139,ARM2,OVRLRESP,PR,56
S0139,ARM2,OVRLRESP,PR,84
S0139,ARM2,OVRLRESP,PR,112
S0139,ARM2,OVRLRESP,PR,140
S0139,ARM2,OVRLRESP,PR,168
S0139,ARM2,OVRLRESP,PR,196
S0139,ARM2,OVRLRESP,PR,224
S0139,ARM2,OVRLRESP,PR,252
S0139,ARM2,OVRLRESP,PR,280
S0139,ARM2,OVRLRESP,PR,308
S0139,ARM2,OVRLRESP,PR,336
S0139,ARM2,OVRLRESP,PR,364
S0139,ARM2,OVRLRESP,PR,392
S0139,ARM2,OVRLRESP,PR,420
S0139,ARM2,OVRLRESP,PR,448
S0139,ARM2,OVRLRESP,PR,476
S0139,ARM2,OVRLRESP,PR,504
S0139,ARM2,OVRLRESP,PR,532
S0139,ARM2,OVRLRESP,PR,560
S0139,ARM2,OVRLRESP,PR,588
S0139,ARM2,OVRLRESP,PR,616
S0139,ARM2,OVRLRESP,PR,644
S0139,ARM2,OVRLRESP,PR,672
S0139,ARM2,OVRLRESP,PR,700
S0139,ARM2,OVRLRESP,PR,728
S0139,ARM2,OVRLRESP,PR,756
S0139,ARM2,OVRLRESP,PR,784
S0139,ARM2,OVRLRESP,PR,812
S0139,ARM2,OVRLRESP,PR,840
S0139,ARM2,OVRLRESP,PR,868
S0139,ARM2,OVRLRESP,PR,896
S0139,ARM2,OVRLRESP,PR,924
S0139,ARM2,OVRLRESP,PR,952
S0139,ARM2,OVRLRESP,PR,980
S0139,ARM2,OVRLRESP,PR,1008
S0139,ARM2,OVRLRESP,PR,1036
S0139,ARM2,OVRLRESP,PD,1064
S0139,ARM2,CBOR,PR,56
S0140,ARM2,OVRLRESP,SD,28
S0140,ARM2,OVRLRESP,PR,56
S0140,ARM2,OVRLRESP,PR,84
S0140,ARM2,OVRLRESP,PR,112
S0140,ARM2,OVRLRESP,PR,140
S0140,ARM2,OVRLRESP,PR,168
S0140,ARM2,OVRLRESP,PR,196
S0140,ARM2,OVRLRESP,PR,224
S0140,ARM2,OVRLRESP,PR,252
S0140,ARM2,OVRLRESP,PR,280
S0140,ARM2,OVRLRESP,PR,308
S0140,ARM2,OVRLRESP,PR,336
S0140,ARM2,OVRLRESP,PR,364
S0140,ARM2,OVRLRESP,PR,392
S0140,ARM2,OVRLRESP,PR,420
S0140,ARM2,OVRLRESP,PR,448
S0140,ARM2,OVRLRESP,PR,476
S0140,ARM2,OVRLRESP,PR,504
S0140,ARM2,OVRLRESP,PR,532
S0140,ARM2,OVRLRESP,PR,560
S0140,ARM2,OVRLRESP,PR,588
S0140,ARM2,OVRLRESP,PR,616
S0140,ARM2,OVRLRESP,PR,644
S0140,ARM2,OVRLRESP,PR,672
S0140,ARM2,OVRLRESP,PR,700
S0140,ARM2,OVRLRESP,PR,728
S0140,ARM2,OVRLRESP,PR,756
S0140,ARM2,OVRLRESP,PR,784
S0140,ARM2,OVRLRESP,PR,812
S0140,ARM2,OVRLRESP,PR,840
S0140,ARM2,OVRLRESP,PR,868
S0140,ARM2,OVRLRESP,PR,896
S0140,ARM2,OVRLRESP,PR,924
S0140,ARM2,OVRLRESP,PR,952
S0140,ARM2,OVRLRESP,PR,980
S0140,ARM2,OVRLRESP,PR,1008
S0140,ARM2,OVRLRESP,PR,1036
S0140,ARM2,OVRLRESP,PR,1064
S0140,ARM2,OVRLRESP,PR,1092
S0140,ARM2,OVRLRESP,PR,1120
S0140,ARM2,OVRLRESP,PR,1148
S0140,ARM2,OVRLRESP,PR,1176
S0140,ARM2,OVRLRESP,PR,1204
S0140,ARM2,OVRLRESP,PR,1232
S0140,ARM2,OVRLRESP,PR,1260
S0140,ARM2,OVRLRESP,PR,1288
S0140,ARM2,OVRLRESP,PR,1316
S0140,ARM2,OVRLRESP,PR,1344
S0140,ARM2,OVRLRESP,PR,1372
S0140,ARM2,OVRLRESP,PR,1400
S0140,ARM2,OVRLRESP,PR,1428
S0140,ARM2,OVRLRESP,PR,1456
S0140,ARM2,OVRLRESP,PR,1484
S0140,ARM2,OVRLRESP,PR,1512
S0140,ARM2,OVRLRESP,PR,1540
S0140,ARM2,OVRLRESP,PR,1568
S0140,ARM2,OVRLRESP,PR,1596
S0140,ARM2,OVRLRESP,PR,1624
S0140,ARM2,OVRLRESP,PR,1652
S0140,ARM2,OVRLRESP,PR,1680
S0140,ARM2,OVRLRESP,PR,1708
S0140,ARM2,OVRLRESP,PR,1736
S0140,ARM2,OVRLRESP,PR,1764
S0140,ARM2,OVRLRESP,PR,1792
S0140,ARM2,OVRLRESP,PR,1820
S0140,ARM2,OVRLRESP,PR,1848
S0140,ARM2,OVRLRESP,PR,1876
S0140,ARM2,OVRLRESP,PR,1904
S0140,ARM2,OVRLRESP,PR,1932
S0140,ARM2,OVRLRESP,PR,1960
S0140,ARM2,OVRLRESP,PR,1988
S0140,ARM2,OVRLRESP,PR,2016
S0140,ARM2,OVRLRESP,PR,2044
S0140,ARM2,OVRLRESP,PR,2072
S0140,ARM2,OVRLRESP,PR,2100
S0140,ARM2,OVRLRESP,PR,2128
S0140,ARM2,OVRLRESP,PR,2156
S0140,ARM2,OVRLRESP,PR,2184
S0140,ARM2,OVRLRESP,PR,2212
S0140,ARM2,OVRLRESP,PR,2240
S0140,ARM2,OVRLRESP,PR,2268
S0140,ARM2,OVRLRESP,PR,2296
S0140,ARM2,OVRLRESP,PR,2324
S0140,ARM2,OVRLRESP,PR,2352
S0140,ARM2,OVRLRESP,PR,2380
S0140,ARM2,OVRLRESP,PR,2408
S0140,ARM2,OVRLRESP,PR,2436
S0140,ARM2,OVRLRESP,PR,2464
S0140,ARM2,OVRLRESP,PR,2492
S0140,ARM2,OVRLRESP,PR,2520
S0140,ARM2,OVRLRESP,PR,2548
S0140,ARM2,OVRLRESP,PR,2576
S0140,ARM2,OVRLRESP,PR,2604
S0140,ARM2,OVRLRESP,PR,2632
S0140,ARM2,OVRLRESP,PR,2660
S0140,ARM2,OVRLRESP,PR,2688
S0140,ARM2,OVRLRESP,PR,2716
S0140,ARM2,OVRLRESP,PR,2744
S0140,ARM2,OVRLRESP,PR,2772
S0140,ARM2,OVRLRESP,PR,2800
S0140,ARM2,OVRLRESP,PR,2828
S0140,ARM2,OVRLRESP,PR,2856
S0140,ARM2,OVRLRESP,PR,2884
S0140,ARM2,OVRLRESP,PR,2912
S0140,ARM2,OVRLRESP,PR,2940
S0140,ARM2,OVRLRESP,PR,2968
S0140,ARM2,OVRLRESP,PR,2996
S0140,ARM2,OVRLRESP,PR,3024
S0140,ARM2,OVRLRESP,PR,3052
S0140,ARM2,OVRLRESP,PR,3080
S0140,ARM2,OVRLRESP,PR,3108
S0140,ARM2,OVRLRESP,PR,3136
S0140,ARM2,OVRLRESP,PR,3164
S0140,ARM2,OVRLRESP,PR,3192
S0140,ARM2,OVRLRESP,PR,3220
S0140,ARM2,OVRLRESP,PR,3248
S0140,ARM2,OVRLRESP,PR,3276
S0140,ARM2,OVRLRESP,PR,3304
S0140,ARM2,OVRLRESP,PR,3332
S0140,ARM2,OVRLRESP,PR,3360
S0140,ARM2,OVRLRESP,PR,3388
S0140,ARM2,OVRLRESP,PR,3416
S0140,ARM2,OVRLRESP,PR,3444
S0140,ARM2,CBOR,PR,56
S0142,ARM2,OVRLRESP,PR,28
S0142,ARM2,OVRLRESP,CR,56
S0142,ARM2,OVRLRESP,CR,84
S0142,ARM2,OVRLRESP,CR,112
S0142,ARM2,OVRLRESP,CR,140
S0142,ARM2,OVRLRESP,CR,168
S0142,ARM2,OVRLRESP,PR,196
S0142,ARM2,OVRLRESP,PR,224
S0142,ARM2,OVRLRESP,PR,252
S0142,ARM2,OVRLRESP,PR,280
S0142,ARM2,OVRLRESP,PR,308
S0142,ARM2,OVRLRESP,PR,336
S0142,ARM2,OVRLRESP,PR,364
S0142,ARM2,OVRLRESP,PR,392
S0142,ARM2,OVRLRESP,PR,420
S0142,ARM2,OVRLRESP,PR,448
S0142,ARM2,OVRLRESP,PR,476
S0142,ARM2,OVRLRESP,PR,504
S0142,ARM2,OVRLRESP,PR,532
S0142,ARM2,OVRLRESP,PR,560
S0142,ARM2,OVRLRESP,PR,588
S0142,ARM2,OVRLRESP,PR,616
S0142,ARM2,CBOR,CR,56
S0145,ARM2,OVRLRESP,PR,28
S0145,ARM2,OVRLRESP,CR,56
S0145,ARM2,OVRLRESP,CR,84
S0145,ARM2,OVRLRESP,CR,112
S0145,ARM2,OVRLRESP,CR,140
S0145,ARM2,OVRLRESP,CR,168
S0145,ARM2,OVRLRESP,CR,196
S0145,ARM2,OVRLRESP,CR,224
S0145,ARM2,OVRLRESP,CR,252
S0145,ARM2,OVRLRESP,CR,280
S0145,ARM2,OVRLRESP,CR,308
S0145,ARM2,OVRLRESP,CR,336
S0145,ARM2,OVRLRESP,CR,364
S0145,ARM2,OVRLRESP,CR,392
S0145,ARM2,OVRLRESP,CR,420
S0145,ARM2,OVRLRESP,CR,448
S0145,ARM2,OVRLRESP,CR,476
S0145,ARM2,OVRLRESP,CR,504
S0145,ARM2,OVRLRESP,CR,532
S0145,ARM2,OVRLRESP,CR,560
S0145,ARM2,OVRLRESP,CR,588
S0145,ARM2,OVRLRESP,CR,616
S0145,ARM2,OVRLRESP,CR,644
S0145,ARM2,OVRLRESP,CR,672
S0145,ARM2,OVRLRESP,CR,700
S0145,ARM2,OVRLRESP,CR,728
S0145,ARM2,OVRLRESP,CR,756
S0145,ARM2,OVRLRESP,CR,784
S0145,ARM2,OVRLRESP,CR,812
S0145,ARM2,OVRLRESP,CR,840
S0145,ARM2,OVRLRESP,CR,868
S0145,ARM2,OVRLRESP,CR,896
S0145,ARM2,OVRLRESP,CR,924
S0145,ARM2,OVRLRESP,CR,952
S0145,ARM2,OVRLRESP,CR,980
S0145,ARM2,OVRLRESP,CR,1008
S0145,ARM2,OVRLRESP,CR,1036
S0145,ARM2,OVRLRESP,CR,1064
S0145,ARM2,OVRLRESP,CR,1092
S0145,ARM2,OVRLRESP,CR,1120
S0145,ARM2,OVRLRESP,CR,1148
S0145,ARM2,OVRLRESP,CR,1176
S0145,ARM2,OVRLRESP,CR,1204
S0145,ARM2,OVRLRESP,CR,1232
S0145,ARM2,OVRLRESP,CR,1260
S0145,ARM2,OVRLRESP,CR,1288
S0145,ARM2,OVRLRESP,CR,1316
S0145,ARM2,OVRLRESP,CR,1344
S0145,ARM2,OVRLRESP,CR,1372
S0145,ARM2,OVRLRESP,CR,1400
S0145,ARM2,OVRLRESP,CR,1428
S0145,ARM2,OVRLRESP,CR,1456
S0145,ARM2,OVRLRESP,CR,1484
S0145,ARM2,OVRLRESP,CR,1512
S0145,ARM2,OVRLRESP,PR,1540
S0145,ARM2,OVRLRESP,PR,1568
S0145,ARM2,OVRLRESP,PR,1596
S0145,ARM2,OVRLRESP,PR,1624
S0145,ARM2,OVRLRESP,PR,1652
S0145,ARM2,OVRLRESP,PR,1680
S0145,ARM2,OVRLRESP,PR,1708
S0145,ARM2,OVRLRESP,PR,1736
S0145,ARM2,OVRLRESP,PR,1764
S0145,ARM2,OVRLRESP,PR,1792
S0145,ARM2,OVRLRESP,PR,1820
S0145,ARM2,OVRLRESP,PR,1848
S0145,ARM2,OVRLRESP,PR,1876
S0145,ARM2,OVRLRESP,PR,1904
S0145,ARM2,OVRLRESP,PR,1932
S0145,ARM2,OVRLRESP,PR,1960
S0145,ARM2,OVRLRESP,PR,1988
S0145,ARM2,OVRLRESP,PR,2016
S0145,ARM2,OVRLRESP,PR,2044
S0145,ARM2,OVRLRESP,PR,2072
S0145,ARM2,OVRLRESP,PR,2100
S0145,ARM2,OVRLRESP,PR,2128
S0145,ARM2,OVRLRESP,PR,2156
S0145,ARM2,OVRLRESP,PR,2184
S0145,ARM2,OVRLRESP,PR,2212
S0145,ARM2,OVRLRESP,PR,2240
S0145,ARM2,OVRLRESP,PR,2268
S0145,ARM2,OVRLRESP,PR,2296
S0145,ARM2,OVRLRESP,PR,2324
S0145,ARM2,CBOR,CR,56
S0146,ARM2,OVRLRESP,PR,28
S0146,ARM2,OVRLRESP,CR,56
S0146,ARM2,OVRLRESP,CR,84
S0146,ARM2,OVRLRESP,CR,112
S0146,ARM2,OVRLRESP,CR,140
S0146,ARM2,OVRLRESP,CR,168
S0146,ARM2,OVRLRESP,CR,196
S0146,ARM2,OVRLRESP,CR,224
S0146,ARM2,OVRLRESP,CR,252
S0146,ARM2,OVRLRESP,CR,280
S0146,ARM2,OVRLRESP,CR,308
S0146,ARM2,OVRLRESP,CR,336
S0146,ARM2,OVRLRESP,CR,364
S0146,ARM2,OVRLRESP,PR,392
S0146,ARM2,OVRLRESP,PR,420
S0146,ARM2,OVRLRESP,PR,448
S0146,ARM2,OVRLRESP,PR,476
S0146,ARM2,OVRLRESP,PR,504
S0146,ARM2,OVRLRESP,PR,532
S0146,ARM2,OVRLRESP,PR,560
S0146,ARM2,OVRLRESP,PR,588
S0146,ARM2,OVRLRESP,PR,616
S0146,ARM2,OVRLRESP,PR,644
S0146,ARM2,OVRLRESP,PR,672
S0146,ARM2,OVRLRESP,PR,700
S0146,ARM2,OVRLRESP,PR,728
S0146,ARM2,OVRLRESP,PR,756
S0146,ARM2,OVRLRESP,PR,784
S0146,ARM2,OVRLRESP,PR,812
S0146,ARM2,OVRLRESP,PR,840
S0146,ARM2,OVRLRESP,PR,868
S0146,ARM2,OVRLRESP,PR,896
S0146,ARM2,OVRLRESP,PR,924
S0146,ARM2,OVRLRESP,PR,952
S0146,ARM2,OVRLRESP,PR,980
S0146,ARM2,OVRLRESP,PR,1008
S0146,ARM2,OVRLRESP,PR,1036
S0146,ARM2,OVRLRESP,PR,1064
S0146,ARM2,OVRLRESP,PR,1092
S0146,ARM2,OVRLRESP,PR,1120
S0146,ARM2,OVRLRESP,PR,1148
S0146,ARM2,OVRLRESP,PR,1176
S0146,ARM2,OVRLRESP,PR,1204
S0146,ARM2,OVRLRESP,PR,1232
S0146,ARM2,OVRLRESP,PR,1260
S0146,ARM2,OVRLRESP,PR,1288
S0146,ARM2,OVRLRESP,PR,1316
S0146,ARM2,OVRLRESP,PR,1344
S0146,ARM2,OVRLRESP,PR,1372
S0146,ARM2,OVRLRESP,PR,1400
S0146,ARM2,OVRLRESP,PR,1428
S0146,ARM2,OVRLRESP,PR,1456
S0146,ARM2,OVRLRESP,PR,1484
S0146,ARM2,OVRLRESP,PR,1512
S0146,ARM2,OVRLRESP,PR,1540
S0146,ARM2,OVRLRESP,PR,1568
S0146,ARM2,OVRLRESP,PR,1596
S0146,ARM2,OVRLRESP,PR,1624
S0146,ARM2,OVRLRESP,PR,1652
S0146,ARM2,OVRLRESP,PR,1680
S0146,ARM2,OVRLRESP,PR,1708
S0146,ARM2,OVRLRESP,PR,1736
S0146,ARM2,OVRLRESP,PR,1764
S0146,ARM2,OVRLRESP,PR,1792
S0146,ARM2,OVRLRESP,PR,1820
S0146,ARM2,OVRLRESP,PR,1848
S0146,ARM2,OVRLRESP,PR,1876
S0146,ARM2,OVRLRESP,PR,1904
S0146,ARM2,OVRLRESP,PR,1932
S0146,ARM2,OVRLRESP,PR,1960
S0146,ARM2,OVRLRESP,PR,1988
S0146,ARM2,OVRLRESP,PR,2016
S0146,ARM2,OVRLRESP,PR,2044
S0146,ARM2,OVRLRESP,PR,2072
S0146,ARM2,CBOR,CR,56
S0147,ARM2,OVRLRESP,PR,28
S0147,ARM2,OVRLRESP,CR,56
S0147,ARM2,OVRLRESP,CR,84
S0147,ARM2,OVRLRESP,CR,112
S0147,ARM2,OVRLRESP,CR,140
S0147,ARM2,OVRLRESP,CR,168
S0147,ARM2,OVRLRESP,CR,196
S0147,ARM2,OVRLRESP,CR,224
S0147,ARM2,OVRLRESP,PR,252
S0147,ARM2,OVRLRESP,PR,280
S0147,ARM2,OVRLRESP,PR,308
S0147,ARM2,OVRLRESP,PR,336
S0147,ARM2,OVRLRESP,PR,364
S0147,ARM2,OVRLRESP,PR,392
S0147,ARM2,OVRLRESP,PR,420
S0147,ARM2,OVRLRESP,PR,448
S0147,ARM2,OVRLRESP,PR,476
S0147,ARM2,OVRLRESP,PR,504
S0147,ARM2,OVRLRESP,PR,532
S0147,ARM2,OVRLRESP,PR,560
S0147,ARM2,OVRLRESP,PR,588
S0147,ARM2,OVRLRESP,PR,616
S0147,ARM2,OVRLRESP,PR,644
S0147,ARM2,OVRLRESP,PR,672
S0147,ARM2,OVRLRESP,PR,700
S0147,ARM2,OVRLRESP,PR,728
S0147,ARM2,OVRLRESP,PR,756
S0147,ARM2,OVRLRESP,PR,784
S0147,ARM2,OVRLRESP,PR,812
S0147,ARM2,OVRLRESP,PR,840
S0147,ARM2,OVRLRESP,PR,868
S0147,ARM2,OVRLRESP,PR,896
S0147,ARM2,OVRLRESP,PR,924
S0147,ARM2,OVRLRESP,PR,952
S0147,ARM2,OVRLRESP,PR,980
S0147,ARM2,OVRLRESP,PR,1008
S0147,ARM2,OVRLRESP,PR,1036
S0147,ARM2,OVRLRESP,PR,1064
S0147,ARM2,OVRLRESP,PR,1092
S0147,ARM2,OVRLRESP,PR,1120
S0147,ARM2,OVRLRESP,PR,1148
S0147,ARM2,OVRLRESP,PR,1176
S0147,ARM2,OVRLRESP,PR,1204
S0147,ARM2,OVRLRESP,PR,1232
S0147,ARM2,OVRLRESP,PR,1260
S0147,ARM2,OVRLRESP,PR,1288
S0147,ARM2,OVRLRESP,PR,1316
S0147,ARM2,OVRLRESP,PR,1344
S0147,ARM2,OVRLRESP,PR,1372
S0147,ARM2,OVRLRESP,PR,1400
S0147,ARM2,OVRLRESP,PR,1428
S0147,ARM2,OVRLRESP,PR,1456
S0147,ARM2,OVRLRESP,PR,1484
S0147,ARM2,OVRLRESP,PR,1512
S0147,ARM2,OVRLRESP,PR,1540
S0147,ARM2,OVRLRESP,PR,1568
S0147,ARM2,OVRLRESP,PR,1596
S0147,ARM2,OVRLRESP,PR,1624
S0147,ARM2,OVRLRESP,PR,1652
S0147,ARM2,OVRLRESP,PR,1680
S0147,ARM2,OVRLRESP,PR,1708
S0147,ARM2,OVRLRESP,PR,1736
S0147,ARM2,OVRLRESP,PR,1764
S0147,ARM2,OVRLRESP,PR,1792
S0147,ARM2,OVRLRESP,PR,1820
S0147,ARM2,OVRLRESP,PR,1848
S0147,ARM2,OVRLRESP,PR,1876
S0147,ARM2,OVRLRESP,PR,1904
S0147,ARM2,OVRLRESP,PR,1932
S0147,ARM2,OVRLRESP,PR,1960
S0147,ARM2,OVRLRESP,PR,1988
S0147,ARM2,OVRLRESP,PR,2016
S0147,ARM2,OVRLRESP,PR,2044
S0147,ARM2,OVRLRESP,PR,2072
S0147,ARM2,OVRLRESP,PR,2100
S0147,ARM2,OVRLRESP,PR,2128
S0147,ARM2,OVRLRESP,PR,2156
S0147,ARM2,OVRLRESP,PR,2184
S0147,ARM2,OVRLRESP,PR,2212
S0147,ARM2,OVRLRESP,PR,2240
S0147,ARM2,OVRLRESP,PR,2268
S0147,ARM2,OVRLRESP,PR,2296
S0147,ARM2,CBOR,CR,56
S0148,ARM2,OVRLRESP,SD,28
S0148,ARM2,OVRLRESP,PR,56
S0148,ARM2,OVRLRESP,PR,84
S0148,ARM2,OVRLRESP,PR,112
S0148,ARM2,OVRLRESP,PR,140
S0148,ARM2,OVRLRESP,PR,168
S0148,ARM2,OVRLRESP,PR,196
S0148,ARM2,OVRLRESP,PR,224
S0148,ARM2,OVRLRESP,PR,252
S0148,ARM2,OVRLRESP,PR,280
S0148,ARM2,OVRLRESP,PR,308
S0148,ARM2,OVRLRESP,PR,336
S0148,ARM2,OVRLRESP,PR,364
S0148,ARM2,OVRLRESP,PR,392
S0148,ARM2,OVRLRESP,PR,420
S0148,ARM2,OVRLRESP,PR,448
S0148,ARM2,OVRLRESP,PR,476
S0148,ARM2,OVRLRESP,PR,504
S0148,ARM2,OVRLRESP,PR,532
S0148,ARM2,OVRLRESP,PR,560
S0148,ARM2,OVRLRESP,PR,588
S0148,ARM2,OVRLRESP,PR,616
S0148,ARM2,OVRLRESP,PR,644
S0148,ARM2,OVRLRESP,PR,672
S0148,ARM2,OVRLRESP,PR,700
S0148,ARM2,OVRLRESP,PR,728
S0148,ARM2,CBOR,PR,56
S0150,ARM2,OVRLRESP,SD,28
S0150,ARM2,OVRLRESP,PR,56
S0150,ARM2,OVRLRESP,PR,84
S0150,ARM2,OVRLRESP,PR,112
S0150,ARM2,OVRLRESP,PR,140
S0150,ARM2,OVRLRESP,PR,168
S0150,ARM2,OVRLRESP,PR,196
S0150,ARM2,OVRLRESP,PR,224
S0150,ARM2,OVRLRESP,PR,252
S0150,ARM2,OVRLRESP,PR,280
S0150,ARM2,OVRLRESP,PR,308
S0150,ARM2,OVRLRESP,PR,336
S0150,ARM2,OVRLRESP,PD,364
S0150,ARM2,CBOR,PR,56
S0154,ARM2,OVRLRESP,SD,28
S0154,ARM2,OVRLRESP,CR,56
S0154,ARM2,OVRLRESP,CR,84
S0154,ARM2,OVRLRESP,CR,112
S0154,ARM2,OVRLRESP,CR,140
S0154,ARM2,OVRLRESP,CR,168
S0154,ARM2,OVRLRESP,CR,196
S0154,ARM2,OVRLRESP,CR,224
S0154,ARM2,OVRLRESP,CR,252
S0154,ARM2,OVRLRESP,CR,280
S0154,ARM2,OVRLRESP,CR,308
S0154,ARM2,OVRLRESP,CR,336
S0154,ARM2,OVRLRESP,CR,364
S0154,ARM2,OVRLRESP,CR,392
S0154,ARM2,OVRLRESP,CR,420
S0154,ARM2,OVRLRESP,CR,448
S0154,ARM2,OVRLRESP,CR,476
S0154,ARM2,OVRLRESP,CR,504
S0154,ARM2,OVRLRESP,CR,532
S0154,ARM2,OVRLRESP,CR,560
S0154,ARM2,OVRLRESP,CR,588
S0154,ARM2,OVRLRESP,CR,616
S0154,ARM2,OVRLRESP,CR,644
S0154,ARM2,OVRLRESP,CR,672
S0154,ARM2,OVRLRESP,CR,700
S0154,ARM2,OVRLRESP,CR,728
S0154,ARM2,OVRLRESP,CR,756
S0154,ARM2,OVRLRESP,CR,784
S0154,ARM2,OVRLRESP,CR,812
S0154,ARM2,OVRLRESP,CR,840
S0154,ARM2,OVRLRESP,CR,868
S0154,ARM2,OVRLRESP,CR,896
S0154,ARM2,OVRLRESP,CR,924
S0154,ARM2,OVRLRESP,CR,952
S0154,ARM2,OVRLRESP,CR,980
S0154,ARM2,OVRLRESP,CR,1008
S0154,ARM2,OVRLRESP,CR,1036
S0154,ARM2,OVRLRESP,CR,1064
S0154,ARM2,OVRLRESP,CR,1092
S0154,ARM2,OVRLRESP,CR,1120
S0154,ARM2,OVRLRESP,CR,1148
S0154,ARM2,OVRLRESP,CR,1176
S0154,ARM2,OVRLRESP,CR,1204
S0154,ARM2,OVRLRESP,CR,1232
S0154,ARM2,OVRLRESP,CR,1260
S0154,ARM2,OVRLRESP,CR,1288
S0154,ARM2,OVRLRESP,CR,1316
S0154,ARM2,OVRLRESP,CR,1344
S0154,ARM2,OVRLRESP,CR,1372
S0154,ARM2,OVRLRESP,CR,1400
S0154,ARM2,OVRLRESP,CR,1428
S0154,ARM2,OVRLRESP,CR,1456
S0154,ARM2,OVRLRESP,CR,1484
S0154,ARM2,OVRLRESP,CR,1512
S0154,ARM2,OVRLRESP,CR,1540
S0154,ARM2,OVRLRESP,CR,1568
S0154,ARM2,OVRLRESP,CR,1596
S0154,ARM2,OVRLRESP,CR,1624
S0154,ARM2,OVRLRESP,CR,1652
S0154,ARM2,OVRLRESP,CR,1680
S0154,ARM2,OVRLRESP,CR,1708
S0154,ARM2,OVRLRESP,CR,1736
S0154,ARM2,OVRLRESP,CR,1764
S0154,ARM2,OVRLRESP,CR,1792
S0154,ARM2,OVRLRESP,CR,1820
S0154,ARM2,OVRLRESP,CR,1848
S0154,ARM2,OVRLRESP,CR,1876
S0154,ARM2,OVRLRESP,CR,1904
S0154,ARM2,OVRLRESP,CR,1932
S0154,ARM2,OVRLRESP,CR,1960
S0154,ARM2,OVRLRESP,CR,1988
S0154,ARM2,OVRLRESP,CR,2016
S0154,ARM2,OVRLRESP,CR,2044
S0154,ARM2,OVRLRESP,CR,2072
S0154,ARM2,OVRLRESP,CR,2100
S0154,ARM2,OVRLRESP,CR,2128
S0154,ARM2,OVRLRESP,CR,2156
S0154,ARM2,OVRLRESP,CR,2184
S0154,ARM2,OVRLRESP,CR,2212
S0154,ARM2,OVRLRESP,CR,2240
S0154,ARM2,OVRLRESP,CR,2268
S0154,ARM2,OVRLRESP,PR,2296
S0154,ARM2,OVRLRESP,PR,2324
S0154,ARM2,OVRLRESP,PR,2352
S0154,ARM2,OVRLRESP,PR,2380
S0154,ARM2,OVRLRESP,PR,2408
S0154,ARM2,OVRLRESP,PR,2436
S0154,ARM2,OVRLRESP,PR,2464
S0154,ARM2,OVRLRESP,PR,2492
S0154,ARM2,OVRLRESP,PR,2520
S0154,ARM2,OVRLRESP,PR,2548
S0154,ARM2,OVRLRESP,PR,2576
S0154,ARM2,OVRLRESP,PR,2604
S0154,ARM2,OVRLRESP,PR,2632
S0154,ARM2,OVRLRESP,PR,2660
S0154,ARM2,OVRLRESP,PR,2688
S0154,ARM2,OVRLRESP,PR,2716
S0154,ARM2,OVRLRESP,PR,2744
S0154,ARM2,OVRLRESP,PR,2772
S0154,ARM2,OVRLRESP,PR,2800
S0154,ARM2,OVRLRESP,PR,2828
S0154,ARM2,OVRLRESP,PR,2856
S0154,ARM2,OVRLRESP,PR,2884
S0154,ARM2,OVRLRESP,PR,2912
S0154,ARM2,OVRLRESP,PR,2940
S0154,ARM2,OVRLRESP,PR,2968
S0154,ARM2,OVRLRESP,PR,2996
S0154,ARM2,OVRLRESP,PR,3024
S0154,ARM2,OVRLRESP,PR,3052
S0154,ARM2,OVRLRESP,PR,3080
S0154,ARM2,OVRLRESP,PR,3108
S0154,ARM2,OVRLRESP,PR,3136
S0154,ARM2,OVRLRESP,PR,3164
S0154,ARM2,OVRLRESP,PR,3192
S0154,ARM2,OVRLRESP,PR,3220
S0154,ARM2,OVRLRESP,PR,3248
S0154,ARM2,OVRLRESP,PR,3276
S0154,ARM2,OVRLRESP,PR,3304
S0154,ARM2,OVRLRESP,PR,3332
S0154,ARM2,OVRLRESP,PR,3360
S0154,ARM2,OVRLRESP,PR,3388
S0154,ARM2,OVRLRESP,PR,3416
S0154,ARM2,OVRLRESP,PR,3444
S0154,ARM2,CBOR,CR,56
S0155,ARM2,OVRLRESP,SD,28
S0155,ARM2,OVRLRESP,SD,56
S0155,ARM2,OVRLRESP,SD,84
S0155,ARM2,OVRLRESP,SD,112
S0155,ARM2,OVRLRESP,SD,140
S0155,ARM2,OVRLRESP,SD,168
S0155,ARM2,OVRLRESP,SD,196
S0155,ARM2,OVRLRESP,SD,224
S0155,ARM2,OVRLRESP,SD,252
S0155,ARM2,OVRLRESP,SD,280
S0155,ARM2,OVRLRESP,SD,308
S0155,ARM2,OVRLRESP,PD,336
S0155,ARM2,CBOR,SD,56
S0160,ARM2,OVRLRESP,PD,28
S0160,ARM2,CBOR,PD,28
S0161,ARM2,OVRLRESP,SD,28
S0161,ARM2,OVRLRESP,PR,56
S0161,ARM2,OVRLRESP,PR,84
S0161,ARM2,OVRLRESP,PR,112
S0161,ARM2,OVRLRESP,PR,140
S0161,ARM2,OVRLRESP,PR,168
S0161,ARM2,CBOR,PR,56
S0164,ARM2,OVRLRESP,SD,28
S0164,ARM2,OVRLRESP,PR,56
S0164,ARM2,OVRLRESP,PR,84
S0164,ARM2,OVRLRESP,PR,112
S0164,ARM2,OVRLRESP,PR,140
S0164,ARM2,OVRLRESP,PR,168
S0164,ARM2,OVRLRESP,PR,196
S0164,ARM2,OVRLRESP,PR,224
S0164,ARM2,OVRLRESP,PR,252
S0164,ARM2,OVRLRESP,PR,280
S0164,ARM2,OVRLRESP,PR,308
S0164,ARM2,OVRLRESP,PR,336
S0164,ARM2,OVRLRESP,PR,364
S0164,ARM2,OVRLRESP,PR,392
S0164,ARM2,OVRLRESP,PR,420
S0164,ARM2,OVRLRESP,PR,448
S0164,ARM2,OVRLRESP,PR,476
S0164,ARM2,OVRLRESP,PR,504
S0164,ARM2,OVRLRESP,PR,532
S0164,ARM2,OVRLRESP,PR,560
S0164,ARM2,OVRLRESP,PR,588
S0164,ARM2,OVRLRESP,PR,616
S0164,ARM2,OVRLRESP,PR,644
S0164,ARM2,OVRLRESP,PR,672
S0164,ARM2,OVRLRESP,PR,700
S0164,ARM2,OVRLRESP,PR,728
S0164,ARM2,OVRLRESP,PR,756
S0164,ARM2,OVRLRESP,PR,784
S0164,ARM2,OVRLRESP,PR,812
S0164,ARM2,OVRLRESP,PR,840
S0164,ARM2,CBOR,PR,56
S0165,ARM2,OVRLRESP,SD,28
S0165,ARM2,OVRLRESP,PR,56
S0165,ARM2,OVRLRESP,PR,84
S0165,ARM2,OVRLRESP,PR,112
S0165,ARM2,OVRLRESP,PR,140
S0165,ARM2,OVRLRESP,PR,168
S0165,ARM2,OVRLRESP,PR,196
S0165,ARM2,OVRLRESP,PR,224
S0165,ARM2,OVRLRESP,PR,252
S0165,ARM2,OVRLRESP,PR,280
S0165,ARM2,OVRLRESP,PR,308
S0165,ARM2,OVRLRESP,PR,336
S0165,ARM2,OVRLRESP,PR,364
S0165,ARM2,OVRLRESP,PR,392
S0165,ARM2,OVRLRESP,PR,420
S0165,ARM2,OVRLRESP,PR,448
S0165,ARM2,OVRLRESP,PR,476
S0165,ARM2,OVRLRESP,PR,504
S0165,ARM2,OVRLRESP,PR,532
S0165,ARM2,OVRLRESP,PR,560
S0165,ARM2,OVRLRESP,PR,588
S0165,ARM2,OVRLRESP,PR,616
S0165,ARM2,OVRLRESP,PR,644
S0165,ARM2,OVRLRESP,PR,672
S0165,ARM2,OVRLRESP,PR,700
S0165,ARM2,OVRLRESP,PR,728
S0165,ARM2,OVRLRESP,PR,756
S0165,ARM2,OVRLRESP,PR,784
S0165,ARM2,OVRLRESP,PR,812
S0165,ARM2,OVRLRESP,PR,840
S0165,ARM2,OVRLRESP,PR,868
S0165,ARM2,OVRLRESP,PR,896
S0165,ARM2,OVRLRESP,PR,924
S0165,ARM2,OVRLRESP,PR,952
S0165,ARM2,OVRLRESP,PR,980
S0165,ARM2,OVRLRESP,PR,1008
S0165,ARM2,OVRLRESP,PR,1036
S0165,ARM2,OVRLRESP,PR,1064
S0165,ARM2,OVRLRESP,PR,1092
S0165,ARM2,OVRLRESP,PR,1120
S0165,ARM2,OVRLRESP,PR,1148
S0165,ARM2,OVRLRESP,PR,1176
S0165,ARM2,OVRLRESP,PR,1204
S0165,ARM2,OVRLRESP,PR,1232
S0165,ARM2,OVRLRESP,PR,1260
S0165,ARM2,OVRLRESP,PR,1288
S0165,ARM2,OVRLRESP,PR,1316
S0165,ARM2,OVRLRESP,PR,1344
S0165,ARM2,OVRLRESP,PR,1372
S0165,ARM2,OVRLRESP,PR,1400
S0165,ARM2,OVRLRESP,PR,1428
S0165,ARM2,OVRLRESP,PR,1456
S0165,ARM2,OVRLRESP,PR,1484
S0165,ARM2,CBOR,PR,56
S0167,ARM2,OVRLRESP,SD,28
S0167,ARM2,OVRLRESP,CR,56
S0167,ARM2,OVRLRESP,CR,84
S0167,ARM2,OVRLRESP,CR,112
S0167,ARM2,OVRLRESP,CR,140
S0167,ARM2,OVRLRESP,CR,168
S0167,ARM2,OVRLRESP,CR,196
S0167,ARM2,OVRLRESP,CR,224
S0167,ARM2,OVRLRESP,CR,252
S0167,ARM2,OVRLRESP,CR,280
S0167,ARM2,OVRLRESP,CR,308
S0167,ARM2,OVRLRESP,CR,336
S0167,ARM2,OVRLRESP,CR,364
S0167,ARM2,OVRLRESP,CR,392
S0167,ARM2,OVRLRESP,CR,420
S0167,ARM2,OVRLRESP,CR,448
S0167,ARM2,OVRLRESP,CR,476
S0167,ARM2,OVRLRESP,CR,504
S0167,ARM2,OVRLRESP,CR,532
S0167,ARM2,OVRLRESP,CR,560
S0167,ARM2,OVRLRESP,CR,588
S0167,ARM2,OVRLRESP,CR,616
S0167,ARM2,OVRLRESP,CR,644
S0167,ARM2,OVRLRESP,CR,672
S0167,ARM2,OVRLRESP,CR,700
S0167,ARM2,OVRLRESP,CR,728
S0167,ARM2,OVRLRESP,CR,756
S0167,ARM2,OVRLRESP,CR,784
S0167,ARM2,OVRLRESP,CR,812
S0167,ARM2,OVRLRESP,CR,840
S0167,ARM2,OVRLRESP,CR,868
S0167,ARM2,OVRLRESP,CR,896
S0167,ARM2,OVRLRESP,CR,924
S0167,ARM2,OVRLRESP,CR,952
S0167,ARM2,OVRLRESP,CR,980
S0167,ARM2,OVRLRESP,PR,1008
S0167,ARM2,OVRLRESP,PR,1036
S0167,ARM2,OVRLRESP,PR,1064
S0167,ARM2,CBOR,CR,56
S0171,ARM2,OVRLRESP,SD,28
S0171,ARM2,OVRLRESP,CR,56
S0171,ARM2,OVRLRESP,CR,84
S0171,ARM2,OVRLRESP,CR,112
S0171,ARM2,OVRLRESP,PR,140
S0171,ARM2,OVRLRESP,PR,168
S0171,ARM2,OVRLRESP,PR,196
S0171,ARM2,OVRLRESP,PR,224
S0171,ARM2,OVRLRESP,PR,252
S0171,ARM2,OVRLRESP,PR,280
S0171,ARM2,OVRLRESP,PR,308
S0171,ARM2,OVRLRESP,PR,336
S0171,ARM2,OVRLRESP,PR,364
S0171,ARM2,OVRLRESP,PR,392
S0171,ARM2,CBOR,CR,56
S0176,ARM2,OVRLRESP,SD,28
S0176,ARM2,OVRLRESP,CR,56
S0176,ARM2,OVRLRESP,CR,84
S0176,ARM2,OVRLRESP,CR,112
S0176,ARM2,OVRLRESP,CR,140
S0176,ARM2,OVRLRESP,CR,168
S0176,ARM2,OVRLRESP,CR,196
S0176,ARM2,OVRLRESP,CR,224
S0176,ARM2,OVRLRESP,CR,252
S0176,ARM2,OVRLRESP,CR,280
S0176,ARM2,OVRLRESP,CR,308
S0176,ARM2,OVRLRESP,CR,336
S0176,ARM2,OVRLRESP,CR,364
S0176,ARM2,OVRLRESP,CR,392
S0176,ARM2,OVRLRESP,CR,420
S0176,ARM2,OVRLRESP,CR,448
S0176,ARM2,OVRLRESP,CR,476
S0176,ARM2,OVRLRESP,CR,504
S0176,ARM2,OVRLRESP,CR,532
S0176,ARM2,OVRLRESP,CR,560
S0176,ARM2,OVRLRESP,CR,588
S0176,ARM2,OVRLRESP,CR,616
S0176,ARM2,OVRLRESP,CR,644
S0176,ARM2,OVRLRESP,PR,672
S0176,ARM2,OVRLRESP,PR,700
S0176,ARM2,OVRLRESP,PR,728
S0176,ARM2,OVRLRESP,PR,756
S0176,ARM2,OVRLRESP,PR,784
S0176,ARM2,OVRLRESP,PR,812
S0176,ARM2,OVRLRESP,PR,840
S0176,ARM2,OVRLRESP,PR,868
S0176,ARM2,OVRLRESP,PR,896
S0176,ARM2,OVRLRESP,PR,924
S0176,ARM2,OVRLRESP,PR,952
S0176,ARM2,OVRLRESP,PR,980
S0176,ARM2,OVRLRESP,PR,1008
S0176,ARM2,OVRLRESP,PR,1036
S0176,ARM2,OVRLRESP,PR,1064
S0176,ARM2,OVRLRESP,PR,1092
S0176,ARM2,CBOR,CR,56
S0177,ARM2,OVRLRESP,SD,28
S0177,ARM2,OVRLRESP,CR,56
S0177,ARM2,OVRLRESP,CR,84
S0177,ARM2,OVRLRESP,CR,112
S0177,ARM2,OVRLRESP,CR,140
S0177,ARM2,OVRLRESP,CR,168
S0177,ARM2,OVRLRESP,CR,196
S0177,ARM2,OVRLRESP,PR,224
S0177,ARM2,OVRLRESP,PR,252
S0177,ARM2,OVRLRESP,PR,280
S0177,ARM2,OVRLRESP,PR,308
S0177,ARM2,OVRLRESP,PR,336
S0177,ARM2,OVRLRESP,PR,364
S0177,ARM2,OVRLRESP,PR,392
S0177,ARM2,OVRLRESP,PR,420
S0177,ARM2,OVRLRESP,PR,448
S0177,ARM2,OVRLRESP,PR,476
S0177,ARM2,OVRLRESP,PR,504
S0177,ARM2,OVRLRESP,PR,532
S0177,ARM2,OVRLRESP,PR,560
S0177,ARM2,OVRLRESP,PR,588
S0177,ARM2,OVRLRESP,PR,616
S0177,ARM2,OVRLRESP,PR,644
S0177,ARM2,OVRLRESP,PR,672
S0177,ARM2,OVRLRESP,PR,700
S0177,ARM2,OVRLRESP,PR,728
S0177,ARM2,OVRLRESP,PR,756
S0177,ARM2,OVRLRESP,PR,784
S0177,ARM2,OVRLRESP,PR,812
S0177,ARM2,OVRLRESP,PR,840
S0177,ARM2,OVRLRESP,PR,868
S0177,ARM2,OVRLRESP,PR,896
S0177,ARM2,OVRLRESP,PR,924
S0177,ARM2,OVRLRESP,PR,952
S0177,ARM2,OVRLRESP,PR,980
S0177,ARM2,OVRLRESP,PR,1008
S0177,ARM2,OVRLRESP,PR,1036
S0177,ARM2,OVRLRESP,PR,1064
S0177,ARM2,OVRLRESP,PR,1092
S0177,ARM2,OVRLRESP,PR,1120
S0177,ARM2,OVRLRESP,PR,1148
S0177,ARM2,OVRLRESP,PR,1176
S0177,ARM2,OVRLRESP,PR,1204
S0177,ARM2,OVRLRESP,PR,1232
S0177,ARM2,OVRLRESP,PR,1260
S0177,ARM2,OVRLRESP,PR,1288
S0177,ARM2,OVRLRESP,PR,1316
S0177,ARM2,OVRLRESP,PR,1344
S0177,ARM2,OVRLRESP,PR,1372
S0177,ARM2,OVRLRESP,PR,1400
S0177,ARM2,OVRLRESP,PR,1428
S0177,ARM2,OVRLRESP,PR,1456
S0177,ARM2,OVRLRESP,PR,1484
S0177,ARM2,CBOR,CR,56
S0178,ARM2,OVRLRESP,SD,28
S0178,ARM2,OVRLRESP,CR,56
S0178,ARM2,OVRLRESP,PR,84
S0178,ARM2,OVRLRESP,PR,112
S0178,ARM2,OVRLRESP,PR,140
S0178,ARM2,OVRLRESP,PR,168
S0178,ARM2,OVRLRESP,PR,196
S0178,ARM2,OVRLRESP,PR,224
S0178,ARM2,OVRLRESP,PR,252
S0178,ARM2,OVRLRESP,PR,280
S0178,ARM2,OVRLRESP,PR,308
S0178,ARM2,OVRLRESP,PR,336
S0178,ARM2,OVRLRESP,PR,364
S0178,ARM2,OVRLRESP,PR,392
S0178,ARM2,OVRLRESP,PR,420
S0178,ARM2,OVRLRESP,PR,448
S0178,ARM2,OVRLRESP,PR,476
S0178,ARM2,OVRLRESP,PR,504
S0178,ARM2,OVRLRESP,PR,532
S0178,ARM2,OVRLRESP,PR,560
S0178,ARM2,OVRLRESP,PR,588
S0178,ARM2,OVRLRESP,PR,616
S0178,ARM2,OVRLRESP,PR,644
S0178,ARM2,OVRLRESP,PR,672
S0178,ARM2,OVRLRESP,PR,700
S0178,ARM2,OVRLRESP,PR,728
S0178,ARM2,OVRLRESP,PR,756
S0178,ARM2,OVRLRESP,PR,784
S0178,ARM2,OVRLRESP,PR,812
S0178,ARM2,OVRLRESP,PR,840
S0178,ARM2,OVRLRESP,PR,868
S0178,ARM2,OVRLRESP,PR,896
S0178,ARM2,OVRLRESP,PR,924
S0178,ARM2,OVRLRESP,PR,952
S0178,ARM2,OVRLRESP,PR,980
S0178,ARM2,OVRLRESP,PR,1008
S0178,ARM2,OVRLRESP,PR,1036
S0178,ARM2,OVRLRESP,PR,1064
S0178,ARM2,OVRLRESP,PR,1092
S0178,ARM2,OVRLRESP,PR,1120
S0178,ARM2,OVRLRESP,PR,1148
S0178,ARM2,OVRLRESP,PR,1176
S0178,ARM2,OVRLRESP,PR,1204
S0178,ARM2,OVRLRESP,PR,1232
S0178,ARM2,OVRLRESP,PR,1260
S0178,ARM2,OVRLRESP,PR,1288
S0178,ARM2,OVRLRESP,PR,1316
S0178,ARM2,OVRLRESP,PR,1344
S0178,ARM2,OVRLRESP,PR,1372
S0178,ARM2,OVRLRESP,PR,1400
S0178,ARM2,OVRLRESP,PR,1428
S0178,ARM2,OVRLRESP,PR,1456
S0178,ARM2,OVRLRESP,PR,1484
S0178,ARM2,OVRLRESP,PR,1512
S0178,ARM2,OVRLRESP,PR,1540
S0178,ARM2,OVRLRESP,PR,1568
S0178,ARM2,OVRLRESP,PR,1596
S0178,ARM2,OVRLRESP,PR,1624
S0178,ARM2,OVRLRESP,PR,1652
S0178,ARM2,OVRLRESP,PR,1680
S0178,ARM2,OVRLRESP,PR,1708
S0178,ARM2,OVRLRESP,PR,1736
S0178,ARM2,CBOR,CR,56
S0182,ARM2,OVRLRESP,SD,28
S0182,ARM2,OVRLRESP,PD,56
S0182,ARM2,CBOR,PD,56
S0183,ARM2,OVRLRESP,PR,28
S0183,ARM2,OVRLRESP,CR,56
S0183,ARM2,OVRLRESP,CR,84
S0183,ARM2,OVRLRESP,CR,112
S0183,ARM2,OVRLRESP,CR,140
S0183,ARM2,OVRLRESP,CR,168
S0183,ARM2,OVRLRESP,CR,196
S0183,ARM2,OVRLRESP,CR,224
S0183,ARM2,OVRLRESP,CR,252
S0183,ARM2,OVRLRESP,CR,280
S0183,ARM2,OVRLRESP,CR,308
S0183,ARM2,OVRLRESP,CR,336
S0183,ARM2,OVRLRESP,CR,364
S0183,ARM2,OVRLRESP,CR,392
S0183,ARM2,OVRLRESP,CR,420
S0183,ARM2,OVRLRESP,CR,448
S0183,ARM2,OVRLRESP,CR,476
S0183,ARM2,OVRLRESP,CR,504
S0183,ARM2,OVRLRESP,CR,532
S0183,ARM2,OVRLRESP,CR,560
S0183,ARM2,OVRLRESP,PR,588
S0183,ARM2,OVRLRESP,PR,616
S0183,ARM2,OVRLRESP,PR,644
S0183,ARM2,OVRLRESP,PR,672
S0183,ARM2,OVRLRESP,PR,700
S0183,ARM2,OVRLRESP,PR,728
S0183,ARM2,OVRLRESP,PR,756
S0183,ARM2,OVRLRESP,PR,784
S0183,ARM2,OVRLRESP,PR,812
S0183,ARM2,OVRLRESP,PR,840
S0183,ARM2,OVRLRESP,PR,868
S0183,ARM2,OVRLRESP,PR,896
S0183,ARM2,OVRLRESP,PR,924
S0183,ARM2,OVRLRESP,PR,952
S0183,ARM2,OVRLRESP,PR,980
S0183,ARM2,OVRLRESP,PR,1008
S0183,ARM2,OVRLRESP,PR,1036
S0183,ARM2,OVRLRESP,PR,1064
S0183,ARM2,OVRLRESP,PR,1092
S0183,ARM2,OVRLRESP,PR,1120
S0183,ARM2,OVRLRESP,PR,1148
S0183,ARM2,OVRLRESP,PR,1176
S0183,ARM2,OVRLRESP,PR,1204
S0183,ARM2,OVRLRESP,PR,1232
S0183,ARM2,OVRLRESP,PR,1260
S0183,ARM2,OVRLRESP,PR,1288
S0183,ARM2,OVRLRESP,PR,1316
S0183,ARM2,CBOR,CR,56
S0184,ARM2,OVRLRESP,SD,28
S0184,ARM2,OVRLRESP,SD,56
S0184,ARM2,OVRLRESP,SD,84
S0184,ARM2,OVRLRESP,SD,112
S0184,ARM2,OVRLRESP,SD,140
S0184,ARM2,OVRLRESP,SD,168
S0184,ARM2,OVRLRESP,SD,196
S0184,ARM2,OVRLRESP,SD,224
S0184,ARM2,OVRLRESP,SD,252
S0184,ARM2,OVRLRESP,PD,280
S0184,ARM2,CBOR,SD,56
S0186,ARM2,OVRLRESP,PR,28
S0186,ARM2,OVRLRESP,CR,56
S0186,ARM2,OVRLRESP,CR,84
S0186,ARM2,OVRLRESP,CR,112
S0186,ARM2,OVRLRESP,PD,140
S0186,ARM2,CBOR,CR,56
S0187,ARM2,OVRLRESP,SD,28
S0187,ARM2,OVRLRESP,PR,56
S0187,ARM2,OVRLRESP,PR,84
S0187,ARM2,OVRLRESP,PR,112
S0187,ARM2,OVRLRESP,PR,140
S0187,ARM2,OVRLRESP,PR,168
S0187,ARM2,OVRLRESP,PR,196
S0187,ARM2,OVRLRESP,PR,224
S0187,ARM2,OVRLRESP,PR,252
S0187,ARM2,OVRLRESP,PR,280
S0187,ARM2,OVRLRESP,PR,308
S0187,ARM2,OVRLRESP,PR,336
S0187,ARM2,OVRLRESP,PR,364
S0187,ARM2,OVRLRESP,PR,392
S0187,ARM2,OVRLRESP,PR,420
S0187,ARM2,OVRLRESP,PR,448
S0187,ARM2,OVRLRESP,PR,476
S0187,ARM2,OVRLRESP,PR,504
S0187,ARM2,OVRLRESP,PR,532
S0187,ARM2,OVRLRESP,PR,560
S0187,ARM2,OVRLRESP,PR,588
S0187,ARM2,OVRLRESP,PR,616
S0187,ARM2,OVRLRESP,PR,644
S0187,ARM2,OVRLRESP,PR,672
S0187,ARM2,OVRLRESP,PR,700
S0187,ARM2,OVRLRESP,PR,728
S0187,ARM2,OVRLRESP,PR,756
S0187,ARM2,OVRLRESP,PR,784
S0187,ARM2,OVRLRESP,PR,812
S0187,ARM2,OVRLRESP,PR,840
S0187,ARM2,OVRLRESP,PR,868
S0187,ARM2,OVRLRESP,PR,896
S0187,ARM2,OVRLRESP,PR,924
S0187,ARM2,OVRLRESP,PR,952
S0187,ARM2,OVRLRESP,PR,980
S0187,ARM2,OVRLRESP,PR,1008
S0187,ARM2,OVRLRESP,PR,1036
S0187,ARM2,OVRLRESP,PR,1064
S0187,ARM2,OVRLRESP,PR,1092
S0187,ARM2,OVRLRESP,PR,1120
S0187,ARM2,OVRLRESP,PR,1148
S0187,ARM2,OVRLRESP,PR,1176
S0187,ARM2,OVRLRESP,PR,1204
S0187,ARM2,OVRLRESP,PR,1232
S0187,ARM2,OVRLRESP,PR,1260
S0187,ARM2,OVRLRESP,PR,1288
S0187,ARM2,OVRLRESP,PR,1316
S0187,ARM2,OVRLRESP,PR,1344
S0187,ARM2,OVRLRESP,PR,1372
S0187,ARM2,OVRLRESP,PR,1400
S0187,ARM2,OVRLRESP,PR,1428
S0187,ARM2,OVRLRESP,PR,1456
S0187,ARM2,OVRLRESP,PR,1484
S0187,ARM2,OVRLRESP,PR,1512
S0187,ARM2,OVRLRESP,PR,1540
S0187,ARM2,OVRLRESP,PR,1568
S0187,ARM2,OVRLRESP,PR,1596
S0187,ARM2,OVRLRESP,PR,1624
S0187,ARM2,OVRLRESP,PR,1652
S0187,ARM2,OVRLRESP,PR,1680
S0187,ARM2,OVRLRESP,PR,1708
S0187,ARM2,OVRLRESP,PR,1736
S0187,ARM2,OVRLRESP,PR,1764
S0187,ARM2,OVRLRESP,PR,1792
S0187,ARM2,OVRLRESP,PR,1820
S0187,ARM2,OVRLRESP,PR,1848
S0187,ARM2,CBOR,PR,56
S0188,ARM2,OVRLRESP,PR,28
S0188,ARM2,OVRLRESP,CR,56
S0188,ARM2,OVRLRESP,CR,84
S0188,ARM2,OVRLRESP,CR,112
S0188,ARM2,OVRLRESP,CR,140
S0188,ARM2,OVRLRESP,CR,168
S0188,ARM2,OVRLRESP,CR,196
S0188,ARM2,OVRLRESP,CR,224
S0188,ARM2,OVRLRESP,CR,252
S0188,ARM2,OVRLRESP,CR,280
S0188,ARM2,OVRLRESP,CR,308
S0188,ARM2,OVRLRESP,CR,336
S0188,ARM2,OVRLRESP,CR,364
S0188,ARM2,OVRLRESP,CR,392
S0188,ARM2,OVRLRESP,CR,420
S0188,ARM2,OVRLRESP,CR,448
S0188,ARM2,OVRLRESP,CR,476
S0188,ARM2,OVRLRESP,CR,504
S0188,ARM2,OVRLRESP,CR,532
S0188,ARM2,OVRLRESP,CR,560
S0188,ARM2,OVRLRESP,CR,588
S0188,ARM2,OVRLRESP,CR,616
S0188,ARM2,OVRLRESP,CR,644
S0188,ARM2,OVRLRESP,CR,672
S0188,ARM2,OVRLRESP,CR,700
S0188,ARM2,OVRLRESP,CR,728
S0188,ARM2,OVRLRESP,CR,756
S0188,ARM2,OVRLRESP,CR,784
S0188,ARM2,OVRLRESP,CR,812
S0188,ARM2,OVRLRESP,CR,840
S0188,ARM2,OVRLRESP,CR,868
S0188,ARM2,OVRLRESP,CR,896
S0188,ARM2,OVRLRESP,CR,924
S0188,ARM2,OVRLRESP,CR,952
S0188,ARM2,OVRLRESP,CR,980
S0188,ARM2,OVRLRESP,CR,1008
S0188,ARM2,OVRLRESP,CR,1036
S0188,ARM2,OVRLRESP,CR,1064
S0188,ARM2,OVRLRESP,CR,1092
S0188,ARM2,OVRLRESP,CR,1120
S0188,ARM2,OVRLRESP,CR,1148
S0188,ARM2,OVRLRESP,CR,1176
S0188,ARM2,OVRLRESP,CR,1204
S0188,ARM2,OVRLRESP,CR,1232
S0188,ARM2,OVRLRESP,CR,1260
S0188,ARM2,OVRLRESP,CR,1288
S0188,ARM2,OVRLRESP,CR,1316
S0188,ARM2,OVRLRESP,CR,1344
S0188,ARM2,OVRLRESP,CR,1372
S0188,ARM2,OVRLRESP,CR,1400
S0188,ARM2,OVRLRESP,CR,1428
S0188,ARM2,OVRLRESP,CR,1456
S0188,ARM2,OVRLRESP,CR,1484
S0188,ARM2,OVRLRESP,CR,1512
S0188,ARM2,OVRLRESP,CR,1540
S0188,ARM2,OVRLRESP,CR,1568
S0188,ARM2,OVRLRESP,CR,1596
S0188,ARM2,OVRLRESP,CR,1624
S0188,ARM2,OVRLRESP,CR,1652
S0188,ARM2,OVRLRESP,CR,1680
S0188,ARM2,OVRLRESP,CR,1708
S0188,ARM2,OVRLRESP,CR,1736
S0188,ARM2,OVRLRESP,CR,1764
S0188,ARM2,OVRLRESP,CR,1792
S0188,ARM2,OVRLRESP,CR,1820
S0188,ARM2,OVRLRESP,CR,1848
S0188,ARM2,OVRLRESP,CR,1876
S0188,ARM2,OVRLRESP,CR,1904
S0188,ARM2,OVRLRESP,CR,1932
S0188,ARM2,OVRLRESP,CR,1960
S0188,ARM2,OVRLRESP,CR,1988
S0188,ARM2,OVRLRESP,CR,2016
S0188,ARM2,OVRLRESP,CR,2044
S0188,ARM2,OVRLRESP,CR,2072
S0188,ARM2,OVRLRESP,CR,2100
S0188,ARM2,OVRLRESP,CR,2128
S0188,ARM2,OVRLRESP,CR,2156
S0188,ARM2,OVRLRESP,CR,2184
S0188,ARM2,OVRLRESP,CR,2212
S0188,ARM2,OVRLRESP,CR,2240
S0188,ARM2,OVRLRESP,CR,2268
S0188,ARM2,OVRLRESP,CR,2296
S0188,ARM2,OVRLRESP,CR,2324
S0188,ARM2,OVRLRESP,CR,2352
S0188,ARM2,OVRLRESP,CR,2380
S0188,ARM2,OVRLRESP,CR,2408
S0188,ARM2,OVRLRESP,CR,2436
S0188,ARM2,OVRLRESP,CR,2464
S0188,ARM2,OVRLRESP,CR,2492
S0188,ARM2,OVRLRESP,CR,2520
S0188,ARM2,OVRLRESP,CR,2548
S0188,ARM2,OVRLRESP,CR,2576
S0188,ARM2,OVRLRESP,CR,2604
S0188,ARM2,OVRLRESP,CR,2632
S0188,ARM2,OVRLRESP,CR,2660
S0188,ARM2,OVRLRESP,CR,2688
S0188,ARM2,OVRLRESP,CR,2716
S0188,ARM2,OVRLRESP,PR,2744
S0188,ARM2,OVRLRESP,PR,2772
S0188,ARM2,OVRLRESP,PR,2800
S0188,ARM2,OVRLRESP,PR,2828
S0188,ARM2,OVRLRESP,PR,2856
S0188,ARM2,OVRLRESP,PR,2884
S0188,ARM2,OVRLRESP,PR,2912
S0188,ARM2,OVRLRESP,PR,2940
S0188,ARM2,OVRLRESP,PR,2968
S0188,ARM2,OVRLRESP,PR,2996
S0188,ARM2,OVRLRESP,PR,3024
S0188,ARM2,OVRLRESP,PR,3052
S0188,ARM2,OVRLRESP,PR,3080
S0188,ARM2,OVRLRESP,PR,3108
S0188,ARM2,OVRLRESP,PR,3136
S0188,ARM2,OVRLRESP,PR,3164
S0188,ARM2,OVRLRESP,PR,3192
S0188,ARM2,OVRLRESP,PR,3220
S0188,ARM2,CBOR,CR,56
S0189,ARM2,OVRLRESP,SD,28
S0189,ARM2,OVRLRESP,PR,56
S0189,ARM2,OVRLRESP,PR,84
S0189,ARM2,OVRLRESP,PR,112
S0189,ARM2,OVRLRESP,PR,140
S0189,ARM2,OVRLRESP,PR,168
S0189,ARM2,OVRLRESP,PR,196
S0189,ARM2,OVRLRESP,PR,224
S0189,ARM2,OVRLRESP,PR,252
S0189,ARM2,OVRLRESP,PR,280
S0189,ARM2,OVRLRESP,PR,308
S0189,ARM2,OVRLRESP,PR,336
S0189,ARM2,OVRLRESP,PR,364
S0189,ARM2,OVRLRESP,PR,392
S0189,ARM2,OVRLRESP,PR,420
S0189,ARM2,OVRLRESP,PR,448
S0189,ARM2,OVRLRESP,PR,476
S0189,ARM2,OVRLRESP,PR,504
S0189,ARM2,OVRLRESP,PR,532
S0189,ARM2,OVRLRESP,PR,560
S0189,ARM2,OVRLRESP,PR,588
S0189,ARM2,OVRLRESP,PR,616
S0189,ARM2,OVRLRESP,PR,644
S0189,ARM2,OVRLRESP,PR,672
S0189,ARM2,OVRLRESP,PR,700
S0189,ARM2,OVRLRESP,PR,728
S0189,ARM2,OVRLRESP,PR,756
S0189,ARM2,OVRLRESP,PR,784
S0189,ARM2,OVRLRESP,PR,812
S0189,ARM2,OVRLRESP,PR,840
S0189,ARM2,OVRLRESP,PR,868
S0189,ARM2,OVRLRESP,PR,896
S0189,ARM2,OVRLRESP,PR,924
S0189,ARM2,OVRLRESP,PR,952
S0189,ARM2,OVRLRESP,PR,980
S0189,ARM2,OVRLRESP,PR,1008
S0189,ARM2,OVRLRESP,PR,1036
S0189,ARM2,OVRLRESP,PR,1064
S0189,ARM2,OVRLRESP,PR,1092
S0189,ARM2,OVRLRESP,PR,1120
S0189,ARM2,OVRLRESP,PR,1148
S0189,ARM2,OVRLRESP,PR,1176
S0189,ARM2,OVRLRESP,PR,1204
S0189,ARM2,CBOR,PR,56
S0190,ARM2,OVRLRESP,SD,28
S0190,ARM2,OVRLRESP,PR,56
S0190,ARM2,OVRLRESP,PR,84
S0190,ARM2,OVRLRESP,PR,112
S0190,ARM2,OVRLRESP,PR,140
S0190,ARM2,OVRLRESP,PR,168
S0190,ARM2,OVRLRESP,PR,196
S0190,ARM2,OVRLRESP,PR,224
S0190,ARM2,OVRLRESP,PR,252
S0190,ARM2,CBOR,PR,56
S0191,ARM2,OVRLRESP,SD,28
S0191,ARM2,OVRLRESP,PR,56
S0191,ARM2,OVRLRESP,PR,84
S0191,ARM2,OVRLRESP,PR,112
S0191,ARM2,OVRLRESP,PR,140
S0191,ARM2,OVRLRESP,PR,168
S0191,ARM2,OVRLRESP,PR,196
S0191,ARM2,OVRLRESP,PR,224
S0191,ARM2,OVRLRESP,PR,252
S0191,ARM2,OVRLRESP,PR,280
S0191,ARM2,OVRLRESP,PR,308
S0191,ARM2,OVRLRESP,PR,336
S0191,ARM2,OVRLRESP,PR,364
S0191,ARM2,OVRLRESP,PR,392
S0191,ARM2,OVRLRESP,PR,420
S0191,ARM2,OVRLRESP,PR,448
S0191,ARM2,OVRLRESP,PR,476
S0191,ARM2,OVRLRESP,PR,504
S0191,ARM2,OVRLRESP,PR,532
S0191,ARM2,OVRLRESP,PR,560
S0191,ARM2,OVRLRESP,PR,588
S0191,ARM2,OVRLRESP,PR,616
S0191,ARM2,OVRLRESP,PR,644
S0191,ARM2,OVRLRESP,PR,672
S0191,ARM2,OVRLRESP,PR,700
S0191,ARM2,OVRLRESP,PR,728
S0191,ARM2,OVRLRESP,PR,756
S0191,ARM2,OVRLRESP,PR,784
S0191,ARM2,OVRLRESP,PD,812
S0191,ARM2,CBOR,PR,56
S0192,ARM2,OVRLRESP,SD,28
S0192,ARM2,OVRLRESP,PR,56
S0192,ARM2,OVRLRESP,PR,84
S0192,ARM2,OVRLRESP,PR,112
S0192,ARM2,OVRLRESP,PR,140
S0192,ARM2,OVRLRESP,PR,168
S0192,ARM2,OVRLRESP,PR,196
S0192,ARM2,OVRLRESP,PR,224
S0192,ARM2,OVRLRESP,PR,252
S0192,ARM2,OVRLRESP,PR,280
S0192,ARM2,OVRLRESP,PR,308
S0192,ARM2,OVRLRESP,PR,336
S0192,ARM2,OVRLRESP,PR,364
S0192,ARM2,OVRLRESP,PR,392
S0192,ARM2,OVRLRESP,PR,420
S0192,ARM2,OVRLRESP,PR,448
S0192,ARM2,OVRLRESP,PR,476
S0192,ARM2,OVRLRESP,PR,504
S0192,ARM2,OVRLRESP,PR,532
S0192,ARM2,OVRLRESP,PR,560
S0192,ARM2,OVRLRESP,PR,588
S0192,ARM2,OVRLRESP,PR,616
S0192,ARM2,OVRLRESP,PR,644
S0192,ARM2,OVRLRESP,PR,672
S0192,ARM2,OVRLRESP,PR,700
S0192,ARM2,OVRLRESP,PR,728
S0192,ARM2,OVRLRESP,PR,756
S0192,ARM2,OVRLRESP,PR,784
S0192,ARM2,OVRLRESP,PR,812
S0192,ARM2,OVRLRESP,PR,840
S0192,ARM2,OVRLRESP,PR,868
S0192,ARM2,OVRLRESP,PR,896
S0192,ARM2,OVRLRESP,PR,924
S0192,ARM2,OVRLRESP,PR,952
S0192,ARM2,OVRLRESP,PR,980
S0192,ARM2,OVRLRESP,PR,1008
S0192,ARM2,OVRLRESP,PR,1036
S0192,ARM2,OVRLRESP,PR,1064
S0192,ARM2,OVRLRESP,PR,1092
S0192,ARM2,OVRLRESP,PR,1120
S0192,ARM2,OVRLRESP,PR,1148
S0192,ARM2,OVRLRESP,PR,1176
S0192,ARM2,OVRLRESP,PR,1204
S0192,ARM2,OVRLRESP,PR,1232
S0192,ARM2,OVRLRESP,PR,1260
S0192,ARM2,OVRLRESP,PR,1288
S0192,ARM2,OVRLRESP,PR,1316
S0192,ARM2,OVRLRESP,PR,1344
S0192,ARM2,OVRLRESP,PR,1372
S0192,ARM2,OVRLRESP,PR,1400
S0192,ARM2,OVRLRESP,PR,1428
S0192,ARM2,OVRLRESP,PR,1456
S0192,ARM2,OVRLRESP,PR,1484
S0192,ARM2,OVRLRESP,PR,1512
S0192,ARM2,OVRLRESP,PR,1540
S0192,ARM2,OVRLRESP,PR,1568
S0192,ARM2,OVRLRESP,PR,1596
S0192,ARM2,OVRLRESP,PR,1624
S0192,ARM2,OVRLRESP,PR,1652
S0192,ARM2,OVRLRESP,PR,1680
S0192,ARM2,OVRLRESP,PR,1708
S0192,ARM2,OVRLRESP,PR,1736
S0192,ARM2,OVRLRESP,PR,1764
S0192,ARM2,OVRLRESP,PR,1792
S0192,ARM2,OVRLRESP,PR,1820
S0192,ARM2,OVRLRESP,PR,1848
S0192,ARM2,OVRLRESP,PR,1876
S0192,ARM2,OVRLRESP,PR,1904
S0192,ARM2,OVRLRESP,PR,1932
S0192,ARM2,OVRLRESP,PR,1960
S0192,ARM2,OVRLRESP,PR,1988
S0192,ARM2,OVRLRESP,PR,2016
S0192,ARM2,OVRLRESP,PR,2044
S0192,ARM2,OVRLRESP,PR,2072
S0192,ARM2,OVRLRESP,PR,2100
S0192,ARM2,OVRLRESP,PR,2128
S0192,ARM2,OVRLRESP,PR,2156
S0192,ARM2,OVRLRESP,PR,2184
S0192,ARM2,OVRLRESP,PR,2212
S0192,ARM2,OVRLRESP,PR,2240
S0192,ARM2,OVRLRESP,PR,2268
S0192,ARM2,OVRLRESP,PR,2296
S0192,ARM2,OVRLRESP,PR,2324
S0192,ARM2,OVRLRESP,PR,2352
S0192,ARM2,OVRLRESP,PR,2380
S0192,ARM2,OVRLRESP,PR,2408
S0192,ARM2,OVRLRESP,PR,2436
S0192,ARM2,OVRLRESP,PR,2464
S0192,ARM2,OVRLRESP,PR,2492
S0192,ARM2,OVRLRESP,PR,2520
S0192,ARM2,OVRLRESP,PR,2548
S0192,ARM2,CBOR,PR,56
S0195,ARM2,OVRLRESP,SD,28
S0195,ARM2,OVRLRESP,SD,56
S0195,ARM2,OVRLRESP,SD,84
S0195,ARM2,OVRLRESP,SD,112
S0195,ARM2,OVRLRESP,SD,140
S0195,ARM2,OVRLRESP,SD,168
S0195,ARM2,OVRLRESP,SD,196
S0195,ARM2,OVRLRESP,SD,224
S0195,ARM2,OVRLRESP,SD,252
S0195,ARM2,OVRLRESP,SD,280
S0195,ARM2,OVRLRESP,SD,308
S0195,ARM2,OVRLRESP,SD,336
S0195,ARM2,OVRLRESP,SD,364
S0195,ARM2,OVRLRESP,SD,392
S0195,ARM2,OVRLRESP,SD,420
S0195,ARM2,OVRLRESP,SD,448
S0195,ARM2,OVRLRESP,SD,476
S0195,ARM2,OVRLRESP,SD,504
S0195,ARM2,OVRLRESP,SD,532
S0195,ARM2,OVRLRESP,SD,560
S0195,ARM2,OVRLRESP,SD,588
S0195,ARM2,OVRLRESP,SD,616
S0195,ARM2,OVRLRESP,SD,644
S0195,ARM2,OVRLRESP,SD,672
S0195,ARM2,OVRLRESP,SD,700
S0195,ARM2,OVRLRESP,SD,728
S0195,ARM2,OVRLRESP,SD,756
S0195,ARM2,OVRLRESP,SD,784
S0195,ARM2,OVRLRESP,SD,812
S0195,ARM2,OVRLRESP,SD,840
S0195,ARM2,OVRLRESP,SD,868
S0195,ARM2,OVRLRESP,SD,896
S0195,ARM2,OVRLRESP,SD,924
S0195,ARM2,OVRLRESP,SD,952
S0195,ARM2,OVRLRESP,SD,980
S0195,ARM2,OVRLRESP,SD,1008
S0195,ARM2,OVRLRESP,SD,1036
S0195,ARM2,OVRLRESP,SD,1064
S0195,ARM2,OVRLRESP,SD,1092
S0195,ARM2,OVRLRESP,SD,1120
S0195,ARM2,OVRLRESP,SD,1148
S0195,ARM2,OVRLRESP,SD,1176
S0195,ARM2,OVRLRESP,SD,1204
S0195,ARM2,OVRLRESP,SD,1232
S0195,ARM2,OVRLRESP,SD,1260
S0195,ARM2,OVRLRESP,SD,1288
S0195,ARM2,OVRLRESP,SD,1316
S0195,ARM2,OVRLRESP,SD,1344
S0195,ARM2,OVRLRESP,SD,1372
S0195,ARM2,OVRLRESP,SD,1400
S0195,ARM2,OVRLRESP,SD,1428
S0195,ARM2,OVRLRESP,SD,1456
S0195,ARM2,OVRLRESP,SD,1484
S0195,ARM2,OVRLRESP,SD,1512
S0195,ARM2,OVRLRESP,SD,1540
S0195,ARM2,OVRLRESP,SD,1568
S0195,ARM2,OVRLRESP,SD,1596
S0195,ARM2,OVRLRESP,SD,1624
S0195,ARM2,OVRLRESP,SD,1652
S0195,ARM2,OVRLRESP,SD,1680
S0195,ARM2,OVRLRESP,SD,1708
S0195,ARM2,OVRLRESP,SD,1736
S0195,ARM2,OVRLRESP,SD,1764
S0195,ARM2,OVRLRESP,SD,1792
S0195,ARM2,OVRLRESP,SD,1820
S0195,ARM2,OVRLRESP,SD,1848
S0195,ARM2,OVRLRESP,SD,1876
S0195,ARM2,OVRLRESP,SD,1904
S0195,ARM2,OVRLRESP,SD,1932
S0195,ARM2,OVRLRESP,SD,1960
S0195,ARM2,OVRLRESP,SD,1988
S0195,ARM2,OVRLRESP,SD,2016
S0195,ARM2,OVRLRESP,SD,2044
S0195,ARM2,OVRLRESP,SD,2072
S0195,ARM2,OVRLRESP,SD,2100
S0195,ARM2,OVRLRESP,SD,2128
S0195,ARM2,OVRLRESP,SD,2156
S0195,ARM2,OVRLRESP,SD,2184
S0195,ARM2,OVRLRESP,SD,2212
S0195,ARM2,OVRLRESP,PD,2240
S0195,ARM2,CBOR,SD,56
S0196,ARM2,OVRLRESP,SD,28
S0196,ARM2,OVRLRESP,PR,56
S0196,ARM2,OVRLRESP,PR,84
S0196,ARM2,OVRLRESP,PR,112
S0196,ARM2,OVRLRESP,PR,140
S0196,ARM2,OVRLRESP,PR,168
S0196,ARM2,OVRLRESP,PR,196
S0196,ARM2,OVRLRESP,PR,224
S0196,ARM2,OVRLRESP,PR,252
S0196,ARM2,OVRLRESP,PR,280
S0196,ARM2,OVRLRESP,PR,308
S0196,ARM2,OVRLRESP,PR,336
S0196,ARM2,OVRLRESP,PR,364
S0196,ARM2,OVRLRESP,PR,392
S0196,ARM2,OVRLRESP,PR,420
S0196,ARM2,OVRLRESP,PR,448
S0196,ARM2,OVRLRESP,PR,476
S0196,ARM2,OVRLRESP,PR,504
S0196,ARM2,OVRLRESP,PR,532
S0196,ARM2,OVRLRESP,PR,560
S0196,ARM2,OVRLRESP,PR,588
S0196,ARM2,OVRLRESP,PR,616
S0196,ARM2,OVRLRESP,PR,644
S0196,ARM2,OVRLRESP,PR,672
S0196,ARM2,OVRLRESP,PR,700
S0196,ARM2,OVRLRESP,PR,728
S0196,ARM2,OVRLRESP,PR,756
S0196,ARM2,OVRLRESP,PR,784
S0196,ARM2,OVRLRESP,PR,812
S0196,ARM2,OVRLRESP,PR,840
S0196,ARM2,OVRLRESP,PR,868
S0196,ARM2,OVRLRESP,PR,896
S0196,ARM2,OVRLRESP,PR,924
S0196,ARM2,OVRLRESP,PR,952
S0196,ARM2,OVRLRESP,PR,980
S0196,ARM2,OVRLRESP,PR,1008
S0196,ARM2,OVRLRESP,PR,1036
S0196,ARM2,OVRLRESP,PR,1064
S0196,ARM2,OVRLRESP,PR,1092
S0196,ARM2,OVRLRESP,PR,1120
S0196,ARM2,OVRLRESP,PR,1148
S0196,ARM2,OVRLRESP,PR,1176
S0196,ARM2,OVRLRESP,PR,1204
S0196,ARM2,OVRLRESP,PR,1232
S0196,ARM2,OVRLRESP,PR,1260
S0196,ARM2,OVRLRESP,PR,1288
S0196,ARM2,OVRLRESP,PR,1316
S0196,ARM2,OVRLRESP,PR,1344
S0196,ARM2,OVRLRESP,PR,1372
S0196,ARM2,OVRLRESP,PR,1400
S0196,ARM2,OVRLRESP,PR,1428
S0196,ARM2,OVRLRESP,PR,1456
S0196,ARM2,OVRLRESP,PR,1484
S0196,ARM2,OVRLRESP,PR,1512
S0196,ARM2,OVRLRESP,PR,1540
S0196,ARM2,OVRLRESP,PR,1568
S0196,ARM2,OVRLRESP,PR,1596
S0196,ARM2,OVRLRESP,PR,1624
S0196,ARM2,OVRLRESP,PR,1652
S0196,ARM2,OVRLRESP,PR,1680
S0196,ARM2,OVRLRESP,PR,1708
S0196,ARM2,OVRLRESP,PR,1736
S0196,ARM2,OVRLRESP,PR,1764
S0196,ARM2,OVRLRESP,PR,1792
S0196,ARM2,OVRLRESP,PR,1820
S0196,ARM2,OVRLRESP,PR,1848
S0196,ARM2,OVRLRESP,PR,1876
S0196,ARM2,OVRLRESP,PR,1904
S0196,ARM2,OVRLRESP,PR,1932
S0196,ARM2,OVRLRESP,PR,1960
S0196,ARM2,OVRLRESP,PR,1988
S0196,ARM2,OVRLRESP,PR,2016
S0196,ARM2,OVRLRESP,PR,2044
S0196,ARM2,OVRLRESP,PR,2072
S0196,ARM2,OVRLRESP,PR,2100
S0196,ARM2,OVRLRESP,PR,2128
S0196,ARM2,OVRLRESP,PR,2156
S0196,ARM2,OVRLRESP,PR,2184
S0196,ARM2,OVRLRESP,PR,2212
S0196,ARM2,OVRLRESP,PR,2240
S0196,ARM2,OVRLRESP,PR,2268
S0196,ARM2,OVRLRESP,PR,2296
S0196,ARM2,OVRLRESP,PR,2324
S0196,ARM2,OVRLRESP,PR,2352
S0196,ARM2,OVRLRESP,PR,2380
S0196,ARM2,OVRLRESP,PR,2408
S0196,ARM2,OVRLRESP,PR,2436
S0196,ARM2,OVRLRESP,PR,2464
S0196,ARM2,OVRLRESP,PR,2492
S0196,ARM2,OVRLRESP,PR,2520
S0196,ARM2,OVRLRESP,PR,2548
S0196,ARM2,OVRLRESP,PR,2576
S0196,ARM2,OVRLRESP,PR,2604
S0196,ARM2,OVRLRESP,PR,2632
S0196,ARM2,OVRLRESP,PR,2660
S0196,ARM2,OVRLRESP,PR,2688
S0196,ARM2,OVRLRESP,PR,2716
S0196,ARM2,OVRLRESP,PR,2744
S0196,ARM2,OVRLRESP,PR,2772
S0196,ARM2,OVRLRESP,PR,2800
S0196,ARM2,OVRLRESP,PR,2828
S0196,ARM2,OVRLRESP,PR,2856
S0196,ARM2,OVRLRESP,PR,2884
S0196,ARM2,OVRLRESP,PR,2912
S0196,ARM2,OVRLRESP,PR,2940
S0196,ARM2,OVRLRESP,PR,2968
S0196,ARM2,OVRLRESP,PR,2996
S0196,ARM2,OVRLRESP,PR,3024
S0196,ARM2,OVRLRESP,PR,3052
S0196,ARM2,OVRLRESP,PR,3080
S0196,ARM2,OVRLRESP,PR,3108
S0196,ARM2,OVRLRESP,PR,3136
S0196,ARM2,OVRLRESP,PR,3164
S0196,ARM2,CBOR,PR,56
S0197,ARM2,OVRLRESP,SD,28
S0197,ARM2,OVRLRESP,PR,56
S0197,ARM2,OVRLRESP,PR,84
S0197,ARM2,OVRLRESP,PR,112
S0197,ARM2,OVRLRESP,PR,140
S0197,ARM2,OVRLRESP,PR,168
S0197,ARM2,OVRLRESP,PR,196
S0197,ARM2,OVRLRESP,PR,224
S0197,ARM2,OVRLRESP,PR,252
S0197,ARM2,OVRLRESP,PR,280
S0197,ARM2,OVRLRESP,PR,308
S0197,ARM2,OVRLRESP,PR,336
S0197,ARM2,OVRLRESP,PR,364
S0197,ARM2,OVRLRESP,PR,392
S0197,ARM2,OVRLRESP,PR,420
S0197,ARM2,OVRLRESP,PR,448
S0197,ARM2,OVRLRESP,PR,476
S0197,ARM2,OVRLRESP,PR,504
S0197,ARM2,OVRLRESP,PR,532
S0197,ARM2,OVRLRESP,PR,560
S0197,ARM2,OVRLRESP,PR,588
S0197,ARM2,OVRLRESP,PR,616
S0197,ARM2,OVRLRESP,PR,644
S0197,ARM2,OVRLRESP,PR,672
S0197,ARM2,OVRLRESP,PR,700
S0197,ARM2,OVRLRESP,PR,728
S0197,ARM2,OVRLRESP,PR,756
S0197,ARM2,OVRLRESP,PR,784
S0197,ARM2,OVRLRESP,PR,812
S0197,ARM2,OVRLRESP,PR,840
S0197,ARM2,OVRLRESP,PR,868
S0197,ARM2,OVRLRESP,PR,896
S0197,ARM2,OVRLRESP,PR,924
S0197,ARM2,OVRLRESP,PR,952
S0197,ARM2,OVRLRESP,PR,980
S0197,ARM2,OVRLRESP,PR,1008
S0197,ARM2,OVRLRESP,PR,1036
S0197,ARM2,OVRLRESP,PR,1064
S0197,ARM2,OVRLRESP,PR,1092
S0197,ARM2,OVRLRESP,PR,1120
S0197,ARM2,OVRLRESP,PR,1148
S0197,ARM2,OVRLRESP,PR,1176
S0197,ARM2,OVRLRESP,PR,1204
S0197,ARM2,OVRLRESP,PR,1232
S0197,ARM2,OVRLRESP,PR,1260
S0197,ARM2,OVRLRESP,PR,1288
S0197,ARM2,OVRLRESP,PR,1316
S0197,ARM2,OVRLRESP,PR,1344
S0197,ARM2,OVRLRESP,PR,1372
S0197,ARM2,OVRLRESP,PR,1400
S0197,ARM2,OVRLRESP,PR,1428
S0197,ARM2,OVRLRESP,PR,1456
S0197,ARM2,OVRLRESP,PR,1484
S0197,ARM2,OVRLRESP,PR,1512
S0197,ARM2,OVRLRESP,PR,1540
S0197,ARM2,OVRLRESP,PR,1568
S0197,ARM2,OVRLRESP,PR,1596
S0197,ARM2,OVRLRESP,PR,1624
S0197,ARM2,OVRLRESP,PR,1652
S0197,ARM2,OVRLRESP,PD,1680
S0197,ARM2,CBOR,PR,56
S0198,ARM2,OVRLRESP,SD,28
S0198,ARM2,OVRLRESP,PR,56
S0198,ARM2,OVRLRESP,PR,84
S0198,ARM2,OVRLRESP,PR,112
S0198,ARM2,OVRLRESP,PR,140
S0198,ARM2,OVRLRESP,PR,168
S0198,ARM2,OVRLRESP,PR,196
S0198,ARM2,OVRLRESP,PR,224
S0198,ARM2,OVRLRESP,PR,252
S0198,ARM2,OVRLRESP,PR,280
S0198,ARM2,OVRLRESP,PR,308
S0198,ARM2,OVRLRESP,PR,336
S0198,ARM2,OVRLRESP,PR,364
S0198,ARM2,OVRLRESP,PR,392
S0198,ARM2,OVRLRESP,PR,420
S0198,ARM2,OVRLRESP,PR,448
S0198,ARM2,OVRLRESP,PR,476
S0198,ARM2,OVRLRESP,PR,504
S0198,ARM2,OVRLRESP,PR,532
S0198,ARM2,OVRLRESP,PR,560
S0198,ARM2,OVRLRESP,PR,588
S0198,ARM2,OVRLRESP,PR,616
S0198,ARM2,OVRLRESP,PR,644
S0198,ARM2,OVRLRESP,PR,672
S0198,ARM2,OVRLRESP,PR,700
S0198,ARM2,OVRLRESP,PR,728
S0198,ARM2,OVRLRESP,PR,756
S0198,ARM2,OVRLRESP,PR,784
S0198,ARM2,OVRLRESP,PR,812
S0198,ARM2,OVRLRESP,PR,840
S0198,ARM2,OVRLRESP,PR,868
S0198,ARM2,OVRLRESP,PR,896
S0198,ARM2,OVRLRESP,PR,924
S0198,ARM2,OVRLRESP,PR,952
S0198,ARM2,OVRLRESP,PR,980
S0198,ARM2,OVRLRESP,PR,1008
S0198,ARM2,OVRLRESP,PR,1036
S0198,ARM2,OVRLRESP,PR,1064
S0198,ARM2,OVRLRESP,PR,1092
S0198,ARM2,OVRLRESP,PR,1120
S0198,ARM2,OVRLRESP,PR,1148
S0198,ARM2,OVRLRESP,PR,1176
S0198,ARM2,OVRLRESP,PR,1204
S0198,ARM2,OVRLRESP,PR,1232
S0198,ARM2,OVRLRESP,PR,1260
S0198,ARM2,OVRLRESP,PR,1288
S0198,ARM2,OVRLRESP,PR,1316
S0198,ARM2,OVRLRESP,PR,1344
S0198,ARM2,OVRLRESP,PR,1372
S0198,ARM2,OVRLRESP,PR,1400
S0198,ARM2,OVRLRESP,PR,1428
S0198,ARM2,OVRLRESP,PR,1456
S0198,ARM2,OVRLRESP,PR,1484
S0198,ARM2,OVRLRESP,PR,1512
S0198,ARM2,OVRLRESP,PR,1540
S0198,ARM2,OVRLRESP,PR,1568
S0198,ARM2,OVRLRESP,PR,1596
S0198,ARM2,OVRLRESP,PR,1624
S0198,ARM2,OVRLRESP,PR,1652
S0198,ARM2,OVRLRESP,PR,1680
S0198,ARM2,OVRLRESP,PR,1708
S0198,ARM2,OVRLRESP,PR,1736
S0198,ARM2,OVRLRESP,PR,1764
S0198,ARM2,OVRLRESP,PR,1792
S0198,ARM2,OVRLRESP,PR,1820
S0198,ARM2,OVRLRESP,PR,1848
S0198,ARM2,OVRLRESP,PR,1876
S0198,ARM2,OVRLRESP,PR,1904
S0198,ARM2,OVRLRESP,PR,1932
S0198,ARM2,OVRLRESP,PR,1960
S0198,ARM2,OVRLRESP,PR,1988
S0198,ARM2,OVRLRESP,PR,2016
S0198,ARM2,OVRLRESP,PR,2044
S0198,ARM2,OVRLRESP,PR,2072
S0198,ARM2,OVRLRESP,PR,2100
S0198,ARM2,OVRLRESP,PR,2128
S0198,ARM2,OVRLRESP,PR,2156
S0198,ARM2,OVRLRESP,PR,2184
S0198,ARM2,OVRLRESP,PR,2212
S0198,ARM2,OVRLRESP,PR,2240
S0198,ARM2,OVRLRESP,PR,2268
S0198,ARM2,OVRLRESP,PR,2296
S0198,ARM2,OVRLRESP,PR,2324
S0198,ARM2,OVRLRESP,PR,2352
S0198,ARM2,OVRLRESP,PR,2380
S0198,ARM2,OVRLRESP,PR,2408
S0198,ARM2,OVRLRESP,PR,2436
S0198,ARM2,OVRLRESP,PR,2464
S0198,ARM2,OVRLRESP,PR,2492
S0198,ARM2,OVRLRESP,PR,2520
S0198,ARM2,OVRLRESP,PR,2548
S0198,ARM2,OVRLRESP,PR,2576
S0198,ARM2,OVRLRESP,PR,2604
S0198,ARM2,OVRLRESP,PR,2632
S0198,ARM2,OVRLRESP,PR,2660
S0198,ARM2,OVRLRESP,PR,2688
S0198,ARM2,OVRLRESP,PR,2716
S0198,ARM2,OVRLRESP,PR,2744
S0198,ARM2,OVRLRESP,PR,2772
S0198,ARM2,OVRLRESP,PR,2800
S0198,ARM2,OVRLRESP,PR,2828
S0198,ARM2,OVRLRESP,PR,2856
S0198,ARM2,OVRLRESP,PR,2884
S0198,ARM2,OVRLRESP,PR,2912
S0198,ARM2,OVRLRESP,PR,2940
S0198,ARM2,OVRLRESP,PR,2968
S0198,ARM2,OVRLRESP,PR,2996
S0198,ARM2,OVRLRESP,PR,3024
S0198,ARM2,OVRLRESP,PR,3052
S0198,ARM2,OVRLRESP,PR,3080
S0198,ARM2,OVRLRESP,PR,3108
S0198,ARM2,OVRLRESP,PR,3136
S0198,ARM2,OVRLRESP,PR,3164
S0198,ARM2,CBOR,PR,56
S0200,ARM2,OVRLRESP,PR,28
S0200,ARM2,OVRLRESP,CR,56
S0200,ARM2,OVRLRESP,CR,84
S0200,ARM2,OVRLRESP,CR,112
S0200,ARM2,OVRLRESP,CR,140
S0200,ARM2,OVRLRESP,CR,168
S0200,ARM2,OVRLRESP,CR,196
S0200,ARM2,OVRLRESP,CR,224
S0200,ARM2,OVRLRESP,CR,252
S0200,ARM2,OVRLRESP,CR,280
S0200,ARM2,OVRLRESP,CR,308
S0200,ARM2,OVRLRESP,CR,336
S0200,ARM2,OVRLRESP,CR,364
S0200,ARM2,OVRLRESP,CR,392
S0200,ARM2,OVRLRESP,CR,420
S0200,ARM2,OVRLRESP,CR,448
S0200,ARM2,OVRLRESP,CR,476
S0200,ARM2,OVRLRESP,CR,504
S0200,ARM2,OVRLRESP,CR,532
S0200,ARM2,OVRLRESP,CR,560
S0200,ARM2,OVRLRESP,CR,588
S0200,ARM2,OVRLRESP,CR,616
S0200,ARM2,OVRLRESP,CR,644
S0200,ARM2,OVRLRESP,CR,672
S0200,ARM2,OVRLRESP,CR,700
S0200,ARM2,OVRLRESP,CR,728
S0200,ARM2,OVRLRESP,CR,756
S0200,ARM2,OVRLRESP,CR,784
S0200,ARM2,OVRLRESP,CR,812
S0200,ARM2,OVRLRESP,CR,840
S0200,ARM2,OVRLRESP,CR,868
S0200,ARM2,OVRLRESP,CR,896
S0200,ARM2,OVRLRESP,CR,924
S0200,ARM2,OVRLRESP,CR,952
S0200,ARM2,OVRLRESP,CR,980
S0200,ARM2,OVRLRESP,CR,1008
S0200,ARM2,OVRLRESP,CR,1036
S0200,ARM2,OVRLRESP,CR,1064
S0200,ARM2,OVRLRESP,CR,1092
S0200,ARM2,OVRLRESP,CR,1120
S0200,ARM2,OVRLRESP,CR,1148
S0200,ARM2,OVRLRESP,CR,1176
S0200,ARM2,OVRLRESP,PR,1204
S0200,ARM2,OVRLRESP,PR,1232
S0200,ARM2,OVRLRESP,PR,1260
S0200,ARM2,CBOR,CR,56
S0203,ARM2,OVRLRESP,SD,28
S0203,ARM2,OVRLRESP,PR,56
S0203,ARM2,OVRLRESP,PR,84
S0203,ARM2,OVRLRESP,PR,112
S0203,ARM2,OVRLRESP,PR,140
S0203,ARM2,OVRLRESP,PR,168
S0203,ARM2,OVRLRESP,PR,196
S0203,ARM2,OVRLRESP,PR,224
S0203,ARM2,OVRLRESP,PR,252
S0203,ARM2,OVRLRESP,PR,280
S0203,ARM2,OVRLRESP,PR,308
S0203,ARM2,OVRLRESP,PR,336
S0203,ARM2,OVRLRESP,PR,364
S0203,ARM2,OVRLRESP,PR,392
S0203,ARM2,OVRLRESP,PR,420
S0203,ARM2,OVRLRESP,PR,448
S0203,ARM2,OVRLRESP,PR,476
S0203,ARM2,OVRLRESP,PR,504
S0203,ARM2,OVRLRESP,PR,532
S0203,ARM2,OVRLRESP,PR,560
S0203,ARM2,OVRLRESP,PR,588
S0203,ARM2,OVRLRESP,PR,616
S0203,ARM2,OVRLRESP,PR,644
S0203,ARM2,OVRLRESP,PR,672
S0203,ARM2,OVRLRESP,PR,700
S0203,ARM2,OVRLRESP,PR,728
S0203,ARM2,OVRLRESP,PR,756
S0203,ARM2,OVRLRESP,PR,784
S0203,ARM2,OVRLRESP,PR,812
S0203,ARM2,OVRLRESP,PR,840
S0203,ARM2,OVRLRESP,PR,868
S0203,ARM2,OVRLRESP,PR,896
S0203,ARM2,OVRLRESP,PR,924
S0203,ARM2,OVRLRESP,PR,952
S0203,ARM2,OVRLRESP,PR,980
S0203,ARM2,OVRLRESP,PR,1008
S0203,ARM2,OVRLRESP,PR,1036
S0203,ARM2,OVRLRESP,PR,1064
S0203,ARM2,OVRLRESP,PR,1092
S0203,ARM2,OVRLRESP,PR,1120
S0203,ARM2,OVRLRESP,PR,1148
S0203,ARM2,OVRLRESP,PR,1176
S0203,ARM2,OVRLRESP,PR,1204
S0203,ARM2,OVRLRESP,PR,1232
S0203,ARM2,OVRLRESP,PR,1260
S0203,ARM2,OVRLRESP,PR,1288
S0203,ARM2,OVRLRESP,PR,1316
S0203,ARM2,OVRLRESP,PR,1344
S0203,ARM2,OVRLRESP,PR,1372
S0203,ARM2,OVRLRESP,PR,1400
S0203,ARM2,OVRLRESP,PR,1428
S0203,ARM2,OVRLRESP,PR,1456
S0203,ARM2,OVRLRESP,PR,1484
S0203,ARM2,OVRLRESP,PR,1512
S0203,ARM2,OVRLRESP,PR,1540
S0203,ARM2,OVRLRESP,PR,1568
S0203,ARM2,OVRLRESP,PR,1596
S0203,ARM2,OVRLRESP,PR,1624
S0203,ARM2,OVRLRESP,PR,1652
S0203,ARM2,OVRLRESP,PR,1680
S0203,ARM2,OVRLRESP,PR,1708
S0203,ARM2,OVRLRESP,PR,1736
S0203,ARM2,OVRLRESP,PR,1764
S0203,ARM2,OVRLRESP,PR,1792
S0203,ARM2,OVRLRESP,PR,1820
S0203,ARM2,OVRLRESP,PR,1848
S0203,ARM2,OVRLRESP,PR,1876
S0203,ARM2,OVRLRESP,PR,1904
S0203,ARM2,OVRLRESP,PR,1932
S0203,ARM2,OVRLRESP,PR,1960
S0203,ARM2,OVRLRESP,PR,1988
S0203,ARM2,OVRLRESP,PR,2016
S0203,ARM2,OVRLRESP,PR,2044
S0203,ARM2,OVRLRESP,PR,2072
S0203,ARM2,OVRLRESP,PR,2100
S0203,ARM2,OVRLRESP,PR,2128
S0203,ARM2,OVRLRESP,PR,2156
S0203,ARM2,OVRLRESP,PR,2184
S0203,ARM2,OVRLRESP,PR,2212
S0203,ARM2,OVRLRESP,PR,2240
S0203,ARM2,OVRLRESP,PR,2268
S0203,ARM2,OVRLRESP,PR,2296
S0203,ARM2,CBOR,PR,56
S0204,ARM2,OVRLRESP,SD,28
S0204,ARM2,OVRLRESP,SD,56
S0204,ARM2,OVRLRESP,SD,84
S0204,ARM2,OVRLRESP,SD,112
S0204,ARM2,OVRLRESP,SD,140
S0204,ARM2,OVRLRESP,SD,168
S0204,ARM2,OVRLRESP,SD,196
S0204,ARM2,OVRLRESP,SD,224
S0204,ARM2,OVRLRESP,SD,252
S0204,ARM2,OVRLRESP,SD,280
S0204,ARM2,OVRLRESP,SD,308
S0204,ARM2,OVRLRESP,SD,336
S0204,ARM2,OVRLRESP,SD,364
S0204,ARM2,OVRLRESP,SD,392
S0204,ARM2,OVRLRESP,SD,420
S0204,ARM2,OVRLRESP,SD,448
S0204,ARM2,OVRLRESP,SD,476
S0204,ARM2,OVRLRESP,SD,504
S0204,ARM2,OVRLRESP,SD,532
S0204,ARM2,OVRLRESP,SD,560
S0204,ARM2,OVRLRESP,SD,588
S0204,ARM2,OVRLRESP,SD,616
S0204,ARM2,OVRLRESP,SD,644
S0204,ARM2,OVRLRESP,SD,672
S0204,ARM2,OVRLRESP,SD,700
S0204,ARM2,OVRLRESP,SD,728
S0204,ARM2,OVRLRESP,SD,756
S0204,ARM2,OVRLRESP,SD,784
S0204,ARM2,OVRLRESP,SD,812
S0204,ARM2,OVRLRESP,SD,840
S0204,ARM2,OVRLRESP,SD,868
S0204,ARM2,OVRLRESP,SD,896
S0204,ARM2,OVRLRESP,SD,924
S0204,ARM2,OVRLRESP,SD,952
S0204,ARM2,OVRLRESP,SD,980
S0204,ARM2,OVRLRESP,SD,1008
S0204,ARM2,OVRLRESP,SD,1036
S0204,ARM2,OVRLRESP,SD,1064
S0204,ARM2,OVRLRESP,SD,1092
S0204,ARM2,OVRLRESP,SD,1120
S0204,ARM2,OVRLRESP,SD,1148
S0204,ARM2,OVRLRESP,SD,1176
S0204,ARM2,OVRLRESP,SD,1204
S0204,ARM2,OVRLRESP,SD,1232
S0204,ARM2,OVRLRESP,SD,1260
S0204,ARM2,OVRLRESP,SD,1288
S0204,ARM2,OVRLRESP,SD,1316
S0204,ARM2,OVRLRESP,SD,1344
S0204,ARM2,OVRLRESP,SD,1372
S0204,ARM2,OVRLRESP,SD,1400
S0204,ARM2,OVRLRESP,SD,1428
S0204,ARM2,OVRLRESP,SD,1456
S0204,ARM2,OVRLRESP,SD,1484
S0204,ARM2,OVRLRESP,SD,1512
S0204,ARM2,OVRLRESP,SD,1540
S0204,ARM2,OVRLRESP,SD,1568
S0204,ARM2,OVRLRESP,SD,1596
S0204,ARM2,OVRLRESP,SD,1624
S0204,ARM2,OVRLRESP,SD,1652
S0204,ARM2,OVRLRESP,SD,1680
S0204,ARM2,OVRLRESP,SD,1708
S0204,ARM2,OVRLRESP,SD,1736
S0204,ARM2,OVRLRESP,SD,1764
S0204,ARM2,OVRLRESP,SD,1792
S0204,ARM2,OVRLRESP,SD,1820
S0204,ARM2,OVRLRESP,SD,1848
S0204,ARM2,OVRLRESP,SD,1876
S0204,ARM2,OVRLRESP,SD,1904
S0204,ARM2,OVRLRESP,SD,1932
S0204,ARM2,OVRLRESP,SD,1960
S0204,ARM2,OVRLRESP,SD,1988
S0204,ARM2,OVRLRESP,SD,2016
S0204,ARM2,OVRLRESP,SD,2044
S0204,ARM2,OVRLRESP,SD,2072
S0204,ARM2,OVRLRESP,SD,2100
S0204,ARM2,OVRLRESP,SD,2128
S0204,ARM2,OVRLRESP,SD,2156
S0204,ARM2,OVRLRESP,SD,2184
S0204,ARM2,OVRLRESP,SD,2212
S0204,ARM2,OVRLRESP,SD,2240
S0204,ARM2,OVRLRESP,SD,2268
S0204,ARM2,OVRLRESP,SD,2296
S0204,ARM2,OVRLRESP,SD,2324
S0204,ARM2,OVRLRESP,SD,2352
S0204,ARM2,OVRLRESP,SD,2380
S0204,ARM2,OVRLRESP,SD,2408
S0204,ARM2,OVRLRESP,SD,2436
S0204,ARM2,OVRLRESP,PD,2464
S0204,ARM2,CBOR,SD,56
S0205,ARM2,OVRLRESP,SD,28
S0205,ARM2,OVRLRESP,PR,56
S0205,ARM2,OVRLRESP,PR,84
S0205,ARM2,OVRLRESP,PR,112
S0205,ARM2,OVRLRESP,PR,140
S0205,ARM2,OVRLRESP,PR,168
S0205,ARM2,OVRLRESP,PR,196
S0205,ARM2,OVRLRESP,PR,224
S0205,ARM2,OVRLRESP,PR,252
S0205,ARM2,OVRLRESP,PR,280
S0205,ARM2,OVRLRESP,PR,308
S0205,ARM2,OVRLRESP,PR,336
S0205,ARM2,OVRLRESP,PR,364
S0205,ARM2,OVRLRESP,PR,392
S0205,ARM2,OVRLRESP,PR,420
S0205,ARM2,OVRLRESP,PR,448
S0205,ARM2,OVRLRESP,PR,476
S0205,ARM2,OVRLRESP,PR,504
S0205,ARM2,OVRLRESP,PR,532
S0205,ARM2,OVRLRESP,PR,560
S0205,ARM2,OVRLRESP,PR,588
S0205,ARM2,OVRLRESP,PR,616
S0205,ARM2,OVRLRESP,PR,644
S0205,ARM2,OVRLRESP,PR,672
S0205,ARM2,OVRLRESP,PR,700
S0205,ARM2,OVRLRESP,PR,728
S0205,ARM2,OVRLRESP,PR,756
S0205,ARM2,OVRLRESP,PR,784
S0205,ARM2,OVRLRESP,PR,812
S0205,ARM2,OVRLRESP,PR,840
S0205,ARM2,OVRLRESP,PR,868
S0205,ARM2,OVRLRESP,PR,896
S0205,ARM2,OVRLRESP,PR,924
S0205,ARM2,OVRLRESP,PR,952
S0205,ARM2,OVRLRESP,PR,980
S0205,ARM2,OVRLRESP,PR,1008
S0205,ARM2,OVRLRESP,PR,1036
S0205,ARM2,OVRLRESP,PR,1064
S0205,ARM2,OVRLRESP,PR,1092
S0205,ARM2,OVRLRESP,PR,1120
S0205,ARM2,OVRLRESP,PR,1148
S0205,ARM2,OVRLRESP,PR,1176
S0205,ARM2,OVRLRESP,PR,1204
S0205,ARM2,OVRLRESP,PR,1232
S0205,ARM2,OVRLRESP,PR,1260
S0205,ARM2,OVRLRESP,PR,1288
S0205,ARM2,OVRLRESP,PR,1316
S0205,ARM2,OVRLRESP,PR,1344
S0205,ARM2,OVRLRESP,PR,1372
S0205,ARM2,OVRLRESP,PR,1400
S0205,ARM2,OVRLRESP,PR,1428
S0205,ARM2,OVRLRESP,PR,1456
S0205,ARM2,OVRLRESP,PR,1484
S0205,ARM2,OVRLRESP,PR,1512
S0205,ARM2,OVRLRESP,PR,1540
S0205,ARM2,OVRLRESP,PR,1568
S0205,ARM2,OVRLRESP,PR,1596
S0205,ARM2,OVRLRESP,PR,1624
S0205,ARM2,OVRLRESP,PR,1652
S0205,ARM2,OVRLRESP,PR,1680
S0205,ARM2,OVRLRESP,PR,1708
S0205,ARM2,OVRLRESP,PR,1736
S0205,ARM2,OVRLRESP,PR,1764
S0205,ARM2,OVRLRESP,PR,1792
S0205,ARM2,OVRLRESP,PR,1820
S0205,ARM2,OVRLRESP,PR,1848
S0205,ARM2,OVRLRESP,PR,1876
S0205,ARM2,OVRLRESP,PR,1904
S0205,ARM2,OVRLRESP,PR,1932
S0205,ARM2,OVRLRESP,PR,1960
S0205,ARM2,OVRLRESP,PR,1988
S0205,ARM2,OVRLRESP,PR,2016
S0205,ARM2,OVRLRESP,PR,2044
S0205,ARM2,OVRLRESP,PR,2072
S0205,ARM2,OVRLRESP,PR,2100
S0205,ARM2,OVRLRESP,PR,2128
S0205,ARM2,OVRLRESP,PR,2156
S0205,ARM2,OVRLRESP,PR,2184
S0205,ARM2,OVRLRESP,PR,2212
S0205,ARM2,OVRLRESP,PR,2240
S0205,ARM2,OVRLRESP,PR,2268
S0205,ARM2,OVRLRESP,PR,2296
S0205,ARM2,OVRLRESP,PR,2324
S0205,ARM2,OVRLRESP,PR,2352
S0205,ARM2,OVRLRESP,PR,2380
S0205,ARM2,OVRLRESP,PR,2408
S0205,ARM2,OVRLRESP,PR,2436
S0205,ARM2,OVRLRESP,PR,2464
S0205,ARM2,OVRLRESP,PR,2492
S0205,ARM2,OVRLRESP,PR,2520
S0205,ARM2,OVRLRESP,PR,2548
S0205,ARM2,OVRLRESP,PR,2576
S0205,ARM2,OVRLRESP,PR,2604
S0205,ARM2,OVRLRESP,PR,2632
S0205,ARM2,OVRLRESP,PR,2660
S0205,ARM2,OVRLRESP,PR,2688
S0205,ARM2,OVRLRESP,PR,2716
S0205,ARM2,OVRLRESP,PR,2744
S0205,ARM2,OVRLRESP,PR,2772
S0205,ARM2,OVRLRESP,PR,2800
S0205,ARM2,OVRLRESP,PR,2828
S0205,ARM2,OVRLRESP,PR,2856
S0205,ARM2,OVRLRESP,PR,2884
S0205,ARM2,OVRLRESP,PR,2912
S0205,ARM2,OVRLRESP,PR,2940
S0205,ARM2,OVRLRESP,PR,2968
S0205,ARM2,OVRLRESP,PR,2996
S0205,ARM2,OVRLRESP,PR,3024
S0205,ARM2,OVRLRESP,PR,3052
S0205,ARM2,OVRLRESP,PR,3080
S0205,ARM2,OVRLRESP,PR,3108
S0205,ARM2,OVRLRESP,PR,3136
S0205,ARM2,CBOR,PR,56
S0206,ARM2,OVRLRESP,SD,28
S0206,ARM2,OVRLRESP,PR,56
S0206,ARM2,OVRLRESP,PR,84
S0206,ARM2,OVRLRESP,PR,112
S0206,ARM2,OVRLRESP,PR,140
S0206,ARM2,OVRLRESP,PR,168
S0206,ARM2,OVRLRESP,PR,196
S0206,ARM2,OVRLRESP,PR,224
S0206,ARM2,OVRLRESP,PR,252
S0206,ARM2,OVRLRESP,PR,280
S0206,ARM2,OVRLRESP,PR,308
S0206,ARM2,OVRLRESP,PR,336
S0206,ARM2,OVRLRESP,PR,364
S0206,ARM2,OVRLRESP,PR,392
S0206,ARM2,OVRLRESP,PR,420
S0206,ARM2,OVRLRESP,PR,448
S0206,ARM2,OVRLRESP,PR,476
S0206,ARM2,OVRLRESP,PR,504
S0206,ARM2,OVRLRESP,PR,532
S0206,ARM2,OVRLRESP,PR,560
S0206,ARM2,OVRLRESP,PR,588
S0206,ARM2,OVRLRESP,PR,616
S0206,ARM2,OVRLRESP,PR,644
S0206,ARM2,OVRLRESP,PR,672
S0206,ARM2,OVRLRESP,PR,700
S0206,ARM2,OVRLRESP,PR,728
S0206,ARM2,OVRLRESP,PR,756
S0206,ARM2,OVRLRESP,PR,784
S0206,ARM2,OVRLRESP,PR,812
S0206,ARM2,OVRLRESP,PR,840
S0206,ARM2,OVRLRESP,PR,868
S0206,ARM2,OVRLRESP,PR,896
S0206,ARM2,OVRLRESP,PR,924
S0206,ARM2,OVRLRESP,PR,952
S0206,ARM2,OVRLRESP,PR,980
S0206,ARM2,OVRLRESP,PR,1008
S0206,ARM2,OVRLRESP,PR,1036
S0206,ARM2,OVRLRESP,PR,1064
S0206,ARM2,OVRLRESP,PR,1092
S0206,ARM2,OVRLRESP,PR,1120
S0206,ARM2,OVRLRESP,PR,1148
S0206,ARM2,OVRLRESP,PR,1176
S0206,ARM2,OVRLRESP,PR,1204
S0206,ARM2,OVRLRESP,PR,1232
S0206,ARM2,OVRLRESP,PR,1260
S0206,ARM2,OVRLRESP,PR,1288
S0206,ARM2,OVRLRESP,PR,1316
S0206,ARM2,OVRLRESP,PR,1344
S0206,ARM2,OVRLRESP,PR,1372
S0206,ARM2,OVRLRESP,PR,1400
S0206,ARM2,OVRLRESP,PR,1428
S0206,ARM2,OVRLRESP,PR,1456
S0206,ARM2,OVRLRESP,PR,1484
S0206,ARM2,OVRLRESP,PR,1512
S0206,ARM2,OVRLRESP,PR,1540
S0206,ARM2,OVRLRESP,PR,1568
S0206,ARM2,OVRLRESP,PR,1596
S0206,ARM2,OVRLRESP,PR,1624
S0206,ARM2,OVRLRESP,PR,1652
S0206,ARM2,OVRLRESP,PR,1680
S0206,ARM2,OVRLRESP,PR,1708
S0206,ARM2,OVRLRESP,PR,1736
S0206,ARM2,OVRLRESP,PR,1764
S0206,ARM2,OVRLRESP,PR,1792
S0206,ARM2,OVRLRESP,PR,1820
S0206,ARM2,OVRLRESP,PR,1848
S0206,ARM2,OVRLRESP,PR,1876
S0206,ARM2,OVRLRESP,PR,1904
S0206,ARM2,OVRLRESP,PR,1932
S0206,ARM2,OVRLRESP,PR,1960
S0206,ARM2,OVRLRESP,PR,1988
S0206,ARM2,OVRLRESP,PR,2016
S0206,ARM2,OVRLRESP,PR,2044
S0206,ARM2,OVRLRESP,PR,2072
S0206,ARM2,OVRLRESP,PR,2100
S0206,ARM2,OVRLRESP,PR,2128
S0206,ARM2,OVRLRESP,PR,2156
S0206,ARM2,OVRLRESP,PR,2184
S0206,ARM2,OVRLRESP,PR,2212
S0206,ARM2,OVRLRESP,PR,2240
S0206,ARM2,OVRLRESP,PR,2268
S0206,ARM2,OVRLRESP,PR,2296
S0206,ARM2,OVRLRESP,PR,2324
S0206,ARM2,OVRLRESP,PR,2352
S0206,ARM2,OVRLRESP,PR,2380
S0206,ARM2,OVRLRESP,PR,2408
S0206,ARM2,OVRLRESP,PR,2436
S0206,ARM2,OVRLRESP,PR,2464
S0206,ARM2,OVRLRESP,PR,2492
S0206,ARM2,OVRLRESP,PR,2520
S0206,ARM2,OVRLRESP,PR,2548
S0206,ARM2,OVRLRESP,PR,2576
S0206,ARM2,OVRLRESP,PR,2604
S0206,ARM2,OVRLRESP,PR,2632
S0206,ARM2,OVRLRESP,PR,2660
S0206,ARM2,OVRLRESP,PR,2688
S0206,ARM2,OVRLRESP,PR,2716
S0206,ARM2,OVRLRESP,PR,2744
S0206,ARM2,OVRLRESP,PR,2772
S0206,ARM2,OVRLRESP,PR,2800
S0206,ARM2,OVRLRESP,PR,2828
S0206,ARM2,OVRLRESP,PR,2856
S0206,ARM2,OVRLRESP,PR,2884
S0206,ARM2,OVRLRESP,PR,2912
S0206,ARM2,OVRLRESP,PR,2940
S0206,ARM2,OVRLRESP,PR,2968
S0206,ARM2,OVRLRESP,PR,2996
S0206,ARM2,OVRLRESP,PR,3024
S0206,ARM2,OVRLRESP,PR,3052
S0206,ARM2,OVRLRESP,PR,3080
S0206,ARM2,OVRLRESP,PR,3108
S0206,ARM2,OVRLRESP,PR,3136
S0206,ARM2,CBOR,PR,56
S0207,ARM2,OVRLRESP,SD,28
S0207,ARM2,OVRLRESP,PR,56
S0207,ARM2,OVRLRESP,PR,84
S0207,ARM2,OVRLRESP,PR,112
S0207,ARM2,OVRLRESP,PR,140
S0207,ARM2,OVRLRESP,PR,168
S0207,ARM2,OVRLRESP,PR,196
S0207,ARM2,OVRLRESP,PR,224
S0207,ARM2,OVRLRESP,PR,252
S0207,ARM2,OVRLRESP,PR,280
S0207,ARM2,OVRLRESP,PR,308
S0207,ARM2,OVRLRESP,PR,336
S0207,ARM2,OVRLRESP,PR,364
S0207,ARM2,OVRLRESP,PR,392
S0207,ARM2,OVRLRESP,PR,420
S0207,ARM2,OVRLRESP,PR,448
S0207,ARM2,OVRLRESP,PR,476
S0207,ARM2,OVRLRESP,PR,504
S0207,ARM2,OVRLRESP,PR,532
S0207,ARM2,OVRLRESP,PR,560
S0207,ARM2,OVRLRESP,PR,588
S0207,ARM2,OVRLRESP,PR,616
S0207,ARM2,OVRLRESP,PR,644
S0207,ARM2,OVRLRESP,PR,672
S0207,ARM2,OVRLRESP,PR,700
S0207,ARM2,OVRLRESP,PR,728
S0207,ARM2,OVRLRESP,PR,756
S0207,ARM2,OVRLRESP,PR,784
S0207,ARM2,OVRLRESP,PR,812
S0207,ARM2,OVRLRESP,PR,840
S0207,ARM2,OVRLRESP,PR,868
S0207,ARM2,OVRLRESP,PR,896
S0207,ARM2,OVRLRESP,PR,924
S0207,ARM2,OVRLRESP,PR,952
S0207,ARM2,CBOR,PR,56
S0213,ARM2,OVRLRESP,PR,28
S0213,ARM2,OVRLRESP,CR,56
S0213,ARM2,OVRLRESP,CR,84
S0213,ARM2,OVRLRESP,CR,112
S0213,ARM2,OVRLRESP,CR,140
S0213,ARM2,OVRLRESP,CR,168
S0213,ARM2,OVRLRESP,CR,196
S0213,ARM2,OVRLRESP,CR,224
S0213,ARM2,OVRLRESP,CR,252
S0213,ARM2,OVRLRESP,CR,280
S0213,ARM2,OVRLRESP,CR,308
S0213,ARM2,OVRLRESP,CR,336
S0213,ARM2,OVRLRESP,CR,364
S0213,ARM2,OVRLRESP,CR,392
S0213,ARM2,OVRLRESP,CR,420
S0213,ARM2,OVRLRESP,PR,448
S0213,ARM2,OVRLRESP,PR,476
S0213,ARM2,OVRLRESP,PR,504
S0213,ARM2,CBOR,CR,56
S0214,ARM2,OVRLRESP,SD,28
S0214,ARM2,OVRLRESP,SD,56
S0214,ARM2,OVRLRESP,SD,84
S0214,ARM2,OVRLRESP,SD,112
S0214,ARM2,OVRLRESP,SD,140
S0214,ARM2,OVRLRESP,SD,168
S0214,ARM2,OVRLRESP,SD,196
S0214,ARM2,OVRLRESP,SD,224
S0214,ARM2,OVRLRESP,SD,252
S0214,ARM2,OVRLRESP,SD,280
S0214,ARM2,OVRLRESP,SD,308
S0214,ARM2,OVRLRESP,SD,336
S0214,ARM2,OVRLRESP,SD,364
S0214,ARM2,CBOR,SD,56
S0215,ARM2,OVRLRESP,SD,28
S0215,ARM2,OVRLRESP,PR,56
S0215,ARM2,OVRLRESP,PR,84
S0215,ARM2,OVRLRESP,PR,112
S0215,ARM2,OVRLRESP,PR,140
S0215,ARM2,OVRLRESP,PR,168
S0215,ARM2,OVRLRESP,PR,196
S0215,ARM2,OVRLRESP,PR,224
S0215,ARM2,OVRLRESP,PR,252
S0215,ARM2,OVRLRESP,PR,280
S0215,ARM2,OVRLRESP,PR,308
S0215,ARM2,OVRLRESP,PR,336
S0215,ARM2,OVRLRESP,PR,364
S0215,ARM2,OVRLRESP,PR,392
S0215,ARM2,OVRLRESP,PR,420
S0215,ARM2,OVRLRESP,PR,448
S0215,ARM2,OVRLRESP,PR,476
S0215,ARM2,OVRLRESP,PR,504
S0215,ARM2,OVRLRESP,PR,532
S0215,ARM2,OVRLRESP,PR,560
S0215,ARM2,OVRLRESP,PR,588
S0215,ARM2,OVRLRESP,PR,616
S0215,ARM2,OVRLRESP,PR,644
S0215,ARM2,OVRLRESP,PR,672
S0215,ARM2,OVRLRESP,PR,700
S0215,ARM2,OVRLRESP,PR,728
S0215,ARM2,OVRLRESP,PR,756
S0215,ARM2,OVRLRESP,PR,784
S0215,ARM2,OVRLRESP,PR,812
S0215,ARM2,OVRLRESP,PR,840
S0215,ARM2,OVRLRESP,PR,868
S0215,ARM2,OVRLRESP,PR,896
S0215,ARM2,OVRLRESP,PR,924
S0215,ARM2,OVRLRESP,PR,952
S0215,ARM2,OVRLRESP,PR,980
S0215,ARM2,OVRLRESP,PR,1008
S0215,ARM2,OVRLRESP,PR,1036
S0215,ARM2,OVRLRESP,PR,1064
S0215,ARM2,OVRLRESP,PR,1092
S0215,ARM2,OVRLRESP,PR,1120
S0215,ARM2,OVRLRESP,PR,1148
S0215,ARM2,OVRLRESP,PR,1176
S0215,ARM2,OVRLRESP,PR,1204
S0215,ARM2,OVRLRESP,PR,1232
S0215,ARM2,OVRLRESP,PR,1260
S0215,ARM2,OVRLRESP,PR,1288
S0215,ARM2,OVRLRESP,PR,1316
S0215,ARM2,OVRLRESP,PR,1344
S0215,ARM2,OVRLRESP,PR,1372
S0215,ARM2,OVRLRESP,PR,1400
S0215,ARM2,OVRLRESP,PR,1428
S0215,ARM2,OVRLRESP,PR,1456
S0215,ARM2,OVRLRESP,PR,1484
S0215,ARM2,OVRLRESP,PR,1512
S0215,ARM2,OVRLRESP,PR,1540
S0215,ARM2,OVRLRESP,PR,1568
S0215,ARM2,OVRLRESP,PR,1596
S0215,ARM2,OVRLRESP,PR,1624
S0215,ARM2,OVRLRESP,PR,1652
S0215,ARM2,OVRLRESP,PR,1680
S0215,ARM2,OVRLRESP,PR,1708
S0215,ARM2,OVRLRESP,PR,1736
S0215,ARM2,OVRLRESP,PR,1764
S0215,ARM2,OVRLRESP,PR,1792
S0215,ARM2,OVRLRESP,PR,1820
S0215,ARM2,OVRLRESP,PR,1848
S0215,ARM2,OVRLRESP,PR,1876
S0215,ARM2,OVRLRESP,PR,1904
S0215,ARM2,OVRLRESP,PR,1932
S0215,ARM2,OVRLRESP,PR,1960
S0215,ARM2,OVRLRESP,PR,1988
S0215,ARM2,OVRLRESP,PR,2016
S0215,ARM2,OVRLRESP,PR,2044
S0215,ARM2,OVRLRESP,PR,2072
S0215,ARM2,OVRLRESP,PR,2100
S0215,ARM2,OVRLRESP,PR,2128
S0215,ARM2,OVRLRESP,PR,2156
S0215,ARM2,OVRLRESP,PR,2184
S0215,ARM2,OVRLRESP,PR,2212
S0215,ARM2,OVRLRESP,PR,2240
S0215,ARM2,OVRLRESP,PR,2268
S0215,ARM2,OVRLRESP,PR,2296
S0215,ARM2,OVRLRESP,PR,2324
S0215,ARM2,OVRLRESP,PR,2352
S0215,ARM2,OVRLRESP,PR,2380
S0215,ARM2,OVRLRESP,PR,2408
S0215,ARM2,OVRLRESP,PR,2436
S0215,ARM2,OVRLRESP,PR,2464
S0215,ARM2,OVRLRESP,PR,2492
S0215,ARM2,OVRLRESP,PR,2520
S0215,ARM2,OVRLRESP,PR,2548
S0215,ARM2,OVRLRESP,PR,2576
S0215,ARM2,OVRLRESP,PR,2604
S0215,ARM2,OVRLRESP,PR,2632
S0215,ARM2,OVRLRESP,PR,2660
S0215,ARM2,OVRLRESP,PR,2688
S0215,ARM2,OVRLRESP,PR,2716
S0215,ARM2,OVRLRESP,PR,2744
S0215,ARM2,OVRLRESP,PR,2772
S0215,ARM2,OVRLRESP,PR,2800
S0215,ARM2,OVRLRESP,PR,2828
S0215,ARM2,OVRLRESP,PR,2856
S0215,ARM2,OVRLRESP,PR,2884
S0215,ARM2,OVRLRESP,PR,2912
S0215,ARM2,OVRLRESP,PR,2940
S0215,ARM2,OVRLRESP,PR,2968
S0215,ARM2,OVRLRESP,PR,2996
S0215,ARM2,OVRLRESP,PR,3024
S0215,ARM2,OVRLRESP,PR,3052
S0215,ARM2,OVRLRESP,PR,3080
S0215,ARM2,CBOR,PR,56
S0218,ARM2,OVRLRESP,SD,28
S0218,ARM2,OVRLRESP,PR,56
S0218,ARM2,OVRLRESP,PR,84
S0218,ARM2,OVRLRESP,PR,112
S0218,ARM2,OVRLRESP,PR,140
S0218,ARM2,OVRLRESP,PR,168
S0218,ARM2,OVRLRESP,PR,196
S0218,ARM2,OVRLRESP,PR,224
S0218,ARM2,OVRLRESP,PR,252
S0218,ARM2,OVRLRESP,PR,280
S0218,ARM2,OVRLRESP,PR,308
S0218,ARM2,OVRLRESP,PR,336
S0218,ARM2,OVRLRESP,PR,364
S0218,ARM2,OVRLRESP,PR,392
S0218,ARM2,OVRLRESP,PR,420
S0218,ARM2,OVRLRESP,PR,448
S0218,ARM2,OVRLRESP,PR,476
S0218,ARM2,OVRLRESP,PR,504
S0218,ARM2,OVRLRESP,PR,532
S0218,ARM2,OVRLRESP,PR,560
S0218,ARM2,OVRLRESP,PR,588
S0218,ARM2,OVRLRESP,PR,616
S0218,ARM2,OVRLRESP,PR,644
S0218,ARM2,OVRLRESP,PR,672
S0218,ARM2,OVRLRESP,PR,700
S0218,ARM2,OVRLRESP,PR,728
S0218,ARM2,OVRLRESP,PR,756
S0218,ARM2,OVRLRESP,PR,784
S0218,ARM2,OVRLRESP,PR,812
S0218,ARM2,OVRLRESP,PR,840
S0218,ARM2,OVRLRESP,PR,868
S0218,ARM2,OVRLRESP,PR,896
S0218,ARM2,OVRLRESP,PR,924
S0218,ARM2,OVRLRESP,PR,952
S0218,ARM2,OVRLRESP,PR,980
S0218,ARM2,OVRLRESP,PR,1008
S0218,ARM2,OVRLRESP,PR,1036
S0218,ARM2,OVRLRESP,PR,1064
S0218,ARM2,OVRLRESP,PR,1092
S0218,ARM2,OVRLRESP,PR,1120
S0218,ARM2,OVRLRESP,PR,1148
S0218,ARM2,OVRLRESP,PR,1176
S0218,ARM2,OVRLRESP,PR,1204
S0218,ARM2,OVRLRESP,PR,1232
S0218,ARM2,OVRLRESP,PR,1260
S0218,ARM2,OVRLRESP,PR,1288
S0218,ARM2,OVRLRESP,PR,1316
S0218,ARM2,OVRLRESP,PR,1344
S0218,ARM2,OVRLRESP,PR,1372
S0218,ARM2,OVRLRESP,PR,1400
S0218,ARM2,OVRLRESP,PR,1428
S0218,ARM2,OVRLRESP,PR,1456
S0218,ARM2,OVRLRESP,PR,1484
S0218,ARM2,OVRLRESP,PR,1512
S0218,ARM2,OVRLRESP,PR,1540
S0218,ARM2,OVRLRESP,PR,1568
S0218,ARM2,OVRLRESP,PR,1596
S0218,ARM2,OVRLRESP,PR,1624
S0218,ARM2,OVRLRESP,PR,1652
S0218,ARM2,OVRLRESP,PR,1680
S0218,ARM2,OVRLRESP,PR,1708
S0218,ARM2,OVRLRESP,PR,1736
S0218,ARM2,OVRLRESP,PR,1764
S0218,ARM2,OVRLRESP,PR,1792
S0218,ARM2,OVRLRESP,PR,1820
S0218,ARM2,OVRLRESP,PR,1848
S0218,ARM2,OVRLRESP,PR,1876
S0218,ARM2,OVRLRESP,PR,1904
S0218,ARM2,OVRLRESP,PR,1932
S0218,ARM2,OVRLRESP,PR,1960
S0218,ARM2,OVRLRESP,PR,1988
S0218,ARM2,OVRLRESP,PR,2016
S0218,ARM2,OVRLRESP,PR,2044
S0218,ARM2,OVRLRESP,PR,2072
S0218,ARM2,OVRLRESP,PR,2100
S0218,ARM2,OVRLRESP,PR,2128
S0218,ARM2,OVRLRESP,PR,2156
S0218,ARM2,OVRLRESP,PR,2184
S0218,ARM2,OVRLRESP,PR,2212
S0218,ARM2,OVRLRESP,PR,2240
S0218,ARM2,OVRLRESP,PR,2268
S0218,ARM2,OVRLRESP,PR,2296
S0218,ARM2,OVRLRESP,PR,2324
S0218,ARM2,OVRLRESP,PR,2352
S0218,ARM2,OVRLRESP,PR,2380
S0218,ARM2,OVRLRESP,PD,2408
S0218,ARM2,CBOR,PR,56
S0222,ARM2,OVRLRESP,SD,28
S0222,ARM2,OVRLRESP,PR,56
S0222,ARM2,OVRLRESP,PR,84
S0222,ARM2,OVRLRESP,PR,112
S0222,ARM2,OVRLRESP,PR,140
S0222,ARM2,OVRLRESP,PR,168
S0222,ARM2,OVRLRESP,PR,196
S0222,ARM2,OVRLRESP,PR,224
S0222,ARM2,OVRLRESP,PR,252
S0222,ARM2,OVRLRESP,PR,280
S0222,ARM2,OVRLRESP,PR,308
S0222,ARM2,OVRLRESP,PR,336
S0222,ARM2,OVRLRESP,PR,364
S0222,ARM2,OVRLRESP,PR,392
S0222,ARM2,OVRLRESP,PR,420
S0222,ARM2,OVRLRESP,PR,448
S0222,ARM2,OVRLRESP,PR,476
S0222,ARM2,OVRLRESP,PR,504
S0222,ARM2,OVRLRESP,PR,532
S0222,ARM2,OVRLRESP,PR,560
S0222,ARM2,OVRLRESP,PR,588
S0222,ARM2,OVRLRESP,PR,616
S0222,ARM2,OVRLRESP,PR,644
S0222,ARM2,OVRLRESP,PR,672
S0222,ARM2,OVRLRESP,PR,700
S0222,ARM2,OVRLRESP,PR,728
S0222,ARM2,OVRLRESP,PR,756
S0222,ARM2,OVRLRESP,PR,784
S0222,ARM2,OVRLRESP,PR,812
S0222,ARM2,OVRLRESP,PR,840
S0222,ARM2,OVRLRESP,PR,868
S0222,ARM2,OVRLRESP,PR,896
S0222,ARM2,OVRLRESP,PR,924
S0222,ARM2,OVRLRESP,PR,952
S0222,ARM2,OVRLRESP,PR,980
S0222,ARM2,OVRLRESP,PR,1008
S0222,ARM2,OVRLRESP,PR,1036
S0222,ARM2,OVRLRESP,PR,1064
S0222,ARM2,OVRLRESP,PR,1092
S0222,ARM2,OVRLRESP,PR,1120
S0222,ARM2,OVRLRESP,PR,1148
S0222,ARM2,OVRLRESP,PR,1176
S0222,ARM2,OVRLRESP,PR,1204
S0222,ARM2,OVRLRESP,PR,1232
S0222,ARM2,OVRLRESP,PR,1260
S0222,ARM2,OVRLRESP,PR,1288
S0222,ARM2,OVRLRESP,PR,1316
S0222,ARM2,OVRLRESP,PR,1344
S0222,ARM2,OVRLRESP,PR,1372
S0222,ARM2,OVRLRESP,PR,1400
S0222,ARM2,OVRLRESP,PR,1428
S0222,ARM2,OVRLRESP,PR,1456
S0222,ARM2,OVRLRESP,PR,1484
S0222,ARM2,OVRLRESP,PR,1512
S0222,ARM2,OVRLRESP,PR,1540
S0222,ARM2,OVRLRESP,PR,1568
S0222,ARM2,OVRLRESP,PR,1596
S0222,ARM2,OVRLRESP,PR,1624
S0222,ARM2,OVRLRESP,PR,1652
S0222,ARM2,OVRLRESP,PR,1680
S0222,ARM2,OVRLRESP,PR,1708
S0222,ARM2,OVRLRESP,PR,1736
S0222,ARM2,OVRLRESP,PR,1764
S0222,ARM2,OVRLRESP,PR,1792
S0222,ARM2,OVRLRESP,PR,1820
S0222,ARM2,CBOR,PR,56
S0223,ARM2,OVRLRESP,SD,28
S0223,ARM2,OVRLRESP,PR,56
S0223,ARM2,OVRLRESP,PR,84
S0223,ARM2,OVRLRESP,PR,112
S0223,ARM2,OVRLRESP,PR,140
S0223,ARM2,OVRLRESP,PR,168
S0223,ARM2,OVRLRESP,PR,196
S0223,ARM2,OVRLRESP,PR,224
S0223,ARM2,OVRLRESP,PR,252
S0223,ARM2,OVRLRESP,PR,280
S0223,ARM2,OVRLRESP,PR,308
S0223,ARM2,OVRLRESP,PR,336
S0223,ARM2,OVRLRESP,PR,364
S0223,ARM2,OVRLRESP,PD,392
S0223,ARM2,CBOR,PR,56
S0224,ARM2,OVRLRESP,SD,28
S0224,ARM2,OVRLRESP,CR,56
S0224,ARM2,OVRLRESP,CR,84
S0224,ARM2,OVRLRESP,CR,112
S0224,ARM2,OVRLRESP,CR,140
S0224,ARM2,OVRLRESP,CR,168
S0224,ARM2,OVRLRESP,CR,196
S0224,ARM2,OVRLRESP,CR,224
S0224,ARM2,OVRLRESP,CR,252
S0224,ARM2,OVRLRESP,CR,280
S0224,ARM2,OVRLRESP,CR,308
S0224,ARM2,OVRLRESP,CR,336
S0224,ARM2,OVRLRESP,CR,364
S0224,ARM2,OVRLRESP,CR,392
S0224,ARM2,OVRLRESP,CR,420
S0224,ARM2,OVRLRESP,CR,448
S0224,ARM2,OVRLRESP,CR,476
S0224,ARM2,OVRLRESP,CR,504
S0224,ARM2,OVRLRESP,CR,532
S0224,ARM2,OVRLRESP,CR,560
S0224,ARM2,OVRLRESP,CR,588
S0224,ARM2,OVRLRESP,CR,616
S0224,ARM2,OVRLRESP,CR,644
S0224,ARM2,OVRLRESP,CR,672
S0224,ARM2,OVRLRESP,PR,700
S0224,ARM2,OVRLRESP,PR,728
S0224,ARM2,OVRLRESP,PR,756
S0224,ARM2,OVRLRESP,PR,784
S0224,ARM2,OVRLRESP,PR,812
S0224,ARM2,OVRLRESP,PR,840
S0224,ARM2,OVRLRESP,PR,868
S0224,ARM2,OVRLRESP,PR,896
S0224,ARM2,OVRLRESP,PR,924
S0224,ARM2,OVRLRESP,PR,952
S0224,ARM2,OVRLRESP,PR,980
S0224,ARM2,OVRLRESP,PR,1008
S0224,ARM2,OVRLRESP,PR,1036
S0224,ARM2,OVRLRESP,PR,1064
S0224,ARM2,OVRLRESP,PR,1092
S0224,ARM2,OVRLRESP,PR,1120
S0224,ARM2,OVRLRESP,PR,1148
S0224,ARM2,OVRLRESP,PR,1176
S0224,ARM2,OVRLRESP,PR,1204
S0224,ARM2,OVRLRESP,PR,1232
S0224,ARM2,OVRLRESP,PR,1260
S0224,ARM2,OVRLRESP,PR,1288
S0224,ARM2,OVRLRESP,PR,1316
S0224,ARM2,OVRLRESP,PR,1344
S0224,ARM2,CBOR,CR,56
S0226,ARM2,OVRLRESP,SD,28
S0226,ARM2,OVRLRESP,SD,56
S0226,ARM2,OVRLRESP,SD,84
S0226,ARM2,OVRLRESP,SD,112
S0226,ARM2,OVRLRESP,SD,140
S0226,ARM2,OVRLRESP,SD,168
S0226,ARM2,OVRLRESP,SD,196
S0226,ARM2,OVRLRESP,SD,224
S0226,ARM2,OVRLRESP,SD,252
S0226,ARM2,OVRLRESP,SD,280
S0226,ARM2,OVRLRESP,PD,308
S0226,ARM2,CBOR,SD,56
S0230,ARM2,OVRLRESP,SD,28
S0230,ARM2,OVRLRESP,PR,56
S0230,ARM2,OVRLRESP,PR,84
S0230,ARM2,OVRLRESP,PR,112
S0230,ARM2,OVRLRESP,PR,140
S0230,ARM2,OVRLRESP,PR,168
S0230,ARM2,OVRLRESP,PR,196
S0230,ARM2,OVRLRESP,PR,224
S0230,ARM2,OVRLRESP,PR,252
S0230,ARM2,OVRLRESP,PR,280
S0230,ARM2,OVRLRESP,PR,308
S0230,ARM2,OVRLRESP,PR,336
S0230,ARM2,OVRLRESP,PR,364
S0230,ARM2,OVRLRESP,PR,392
S0230,ARM2,OVRLRESP,PR,420
S0230,ARM2,OVRLRESP,PR,448
S0230,ARM2,OVRLRESP,PR,476
S0230,ARM2,OVRLRESP,PR,504
S0230,ARM2,OVRLRESP,PR,532
S0230,ARM2,OVRLRESP,PD,560
S0230,ARM2,CBOR,PR,56
S0231,ARM2,OVRLRESP,SD,28
S0231,ARM2,OVRLRESP,CR,56
S0231,ARM2,OVRLRESP,CR,84
S0231,ARM2,OVRLRESP,CR,112
S0231,ARM2,OVRLRESP,CR,140
S0231,ARM2,OVRLRESP,CR,168
S0231,ARM2,OVRLRESP,CR,196
S0231,ARM2,OVRLRESP,CR,224
S0231,ARM2,OVRLRESP,CR,252
S0231,ARM2,OVRLRESP,CR,280
S0231,ARM2,OVRLRESP,PD,308
S0231,ARM2,CBOR,CR,56
S0232,ARM2,OVRLRESP,SD,28
S0232,ARM2,OVRLRESP,SD,56
S0232,ARM2,OVRLRESP,SD,84
S0232,ARM2,OVRLRESP,SD,112
S0232,ARM2,OVRLRESP,SD,140
S0232,ARM2,OVRLRESP,SD,168
S0232,ARM2,OVRLRESP,SD,196
S0232,ARM2,OVRLRESP,SD,224
S0232,ARM2,OVRLRESP,PD,252
S0232,ARM2,CBOR,SD,56
S0233,ARM2,OVRLRESP,PR,28
S0233,ARM2,OVRLRESP,CR,56
S0233,ARM2,OVRLRESP,CR,84
S0233,ARM2,OVRLRESP,CR,112
S0233,ARM2,OVRLRESP,CR,140
S0233,ARM2,OVRLRESP,CR,168
S0233,ARM2,OVRLRESP,CR,196
S0233,ARM2,OVRLRESP,CR,224
S0233,ARM2,OVRLRESP,CR,252
S0233,ARM2,OVRLRESP,CR,280
S0233,ARM2,OVRLRESP,CR,308
S0233,ARM2,OVRLRESP,CR,336
S0233,ARM2,OVRLRESP,CR,364
S0233,ARM2,OVRLRESP,CR,392
S0233,ARM2,OVRLRESP,CR,420
S0233,ARM2,OVRLRESP,CR,448
S0233,ARM2,OVRLRESP,CR,476
S0233,ARM2,OVRLRESP,CR,504
S0233,ARM2,OVRLRESP,CR,532
S0233,ARM2,OVRLRESP,CR,560
S0233,ARM2,OVRLRESP,CR,588
S0233,ARM2,OVRLRESP,CR,616
S0233,ARM2,OVRLRESP,CR,644
S0233,ARM2,OVRLRESP,CR,672
S0233,ARM2,OVRLRESP,CR,700
S0233,ARM2,OVRLRESP,CR,728
S0233,ARM2,OVRLRESP,CR,756
S0233,ARM2,OVRLRESP,CR,784
S0233,ARM2,OVRLRESP,CR,812
S0233,ARM2,OVRLRESP,CR,840
S0233,ARM2,OVRLRESP,CR,868
S0233,ARM2,OVRLRESP,CR,896
S0233,ARM2,OVRLRESP,CR,924
S0233,ARM2,OVRLRESP,CR,952
S0233,ARM2,OVRLRESP,CR,980
S0233,ARM2,OVRLRESP,CR,1008
S0233,ARM2,OVRLRESP,CR,1036
S0233,ARM2,OVRLRESP,CR,1064
S0233,ARM2,OVRLRESP,CR,1092
S0233,ARM2,OVRLRESP,CR,1120
S0233,ARM2,OVRLRESP,CR,1148
S0233,ARM2,OVRLRESP,CR,1176
S0233,ARM2,OVRLRESP,CR,1204
S0233,ARM2,OVRLRESP,CR,1232
S0233,ARM2,OVRLRESP,CR,1260
S0233,ARM2,OVRLRESP,CR,1288
S0233,ARM2,OVRLRESP,CR,1316
S0233,ARM2,OVRLRESP,CR,1344
S0233,ARM2,OVRLRESP,CR,1372
S0233,ARM2,OVRLRESP,CR,1400
S0233,ARM2,OVRLRESP,CR,1428
S0233,ARM2,OVRLRESP,CR,1456
S0233,ARM2,OVRLRESP,CR,1484
S0233,ARM2,OVRLRESP,CR,1512
S0233,ARM2,OVRLRESP,CR,1540
S0233,ARM2,OVRLRESP,CR,1568
S0233,ARM2,OVRLRESP,CR,1596
S0233,ARM2,OVRLRESP,CR,1624
S0233,ARM2,OVRLRESP,CR,1652
S0233,ARM2,OVRLRESP,CR,1680
S0233,ARM2,OVRLRESP,CR,1708
S0233,ARM2,OVRLRESP,CR,1736
S0233,ARM2,OVRLRESP,CR,1764
S0233,ARM2,OVRLRESP,CR,1792
S0233,ARM2,OVRLRESP,CR,1820
S0233,ARM2,OVRLRESP,CR,1848
S0233,ARM2,OVRLRESP,CR,1876
S0233,ARM2,OVRLRESP,CR,1904
S0233,ARM2,OVRLRESP,CR,1932
S0233,ARM2,OVRLRESP,CR,1960
S0233,ARM2,OVRLRESP,CR,1988
S0233,ARM2,OVRLRESP,CR,2016
S0233,ARM2,OVRLRESP,CR,2044
S0233,ARM2,OVRLRESP,CR,2072
S0233,ARM2,OVRLRESP,CR,2100
S0233,ARM2,OVRLRESP,CR,2128
S0233,ARM2,OVRLRESP,CR,2156
S0233,ARM2,OVRLRESP,CR,2184
S0233,ARM2,OVRLRESP,CR,2212
S0233,ARM2,OVRLRESP,CR,2240
S0233,ARM2,OVRLRESP,CR,2268
S0233,ARM2,OVRLRESP,CR,2296
S0233,ARM2,OVRLRESP,CR,2324
S0233,ARM2,OVRLRESP,CR,2352
S0233,ARM2,OVRLRESP,CR,2380
S0233,ARM2,OVRLRESP,CR,2408
S0233,ARM2,OVRLRESP,CR,2436
S0233,ARM2,OVRLRESP,CR,2464
S0233,ARM2,OVRLRESP,CR,2492
S0233,ARM2,OVRLRESP,CR,2520
S0233,ARM2,OVRLRESP,CR,2548
S0233,ARM2,OVRLRESP,CR,2576
S0233,ARM2,OVRLRESP,CR,2604
S0233,ARM2,OVRLRESP,CR,2632
S0233,ARM2,OVRLRESP,CR,2660
S0233,ARM2,OVRLRESP,CR,2688
S0233,ARM2,OVRLRESP,CR,2716
S0233,ARM2,OVRLRESP,CR,2744
S0233,ARM2,OVRLRESP,CR,2772
S0233,ARM2,OVRLRESP,CR,2800
S0233,ARM2,OVRLRESP,CR,2828
S0233,ARM2,OVRLRESP,CR,2856
S0233,ARM2,OVRLRESP,CR,2884
S0233,ARM2,OVRLRESP,CR,2912
S0233,ARM2,OVRLRESP,CR,2940
S0233,ARM2,OVRLRESP,CR,2968
S0233,ARM2,OVRLRESP,CR,2996
S0233,ARM2,CBOR,CR,56
S0234,ARM2,OVRLRESP,PR,28
S0234,ARM2,OVRLRESP,CR,56
S0234,ARM2,OVRLRESP,CR,84
S0234,ARM2,OVRLRESP,CR,112
S0234,ARM2,OVRLRESP,CR,140
S0234,ARM2,OVRLRESP,CR,168
S0234,ARM2,OVRLRESP,CR,196
S0234,ARM2,OVRLRESP,CR,224
S0234,ARM2,OVRLRESP,CR,252
S0234,ARM2,OVRLRESP,CR,280
S0234,ARM2,OVRLRESP,CR,308
S0234,ARM2,OVRLRESP,CR,336
S0234,ARM2,OVRLRESP,CR,364
S0234,ARM2,OVRLRESP,CR,392
S0234,ARM2,OVRLRESP,CR,420
S0234,ARM2,OVRLRESP,CR,448
S0234,ARM2,OVRLRESP,CR,476
S0234,ARM2,OVRLRESP,CR,504
S0234,ARM2,OVRLRESP,CR,532
S0234,ARM2,OVRLRESP,CR,560
S0234,ARM2,OVRLRESP,CR,588
S0234,ARM2,OVRLRESP,CR,616
S0234,ARM2,OVRLRESP,CR,644
S0234,ARM2,OVRLRESP,CR,672
S0234,ARM2,OVRLRESP,CR,700
S0234,ARM2,OVRLRESP,CR,728
S0234,ARM2,OVRLRESP,CR,756
S0234,ARM2,OVRLRESP,CR,784
S0234,ARM2,OVRLRESP,CR,812
S0234,ARM2,OVRLRESP,CR,840
S0234,ARM2,OVRLRESP,CR,868
S0234,ARM2,OVRLRESP,CR,896
S0234,ARM2,OVRLRESP,CR,924
S0234,ARM2,OVRLRESP,CR,952
S0234,ARM2,OVRLRESP,CR,980
S0234,ARM2,OVRLRESP,CR,1008
S0234,ARM2,OVRLRESP,CR,1036
S0234,ARM2,OVRLRESP,CR,1064
S0234,ARM2,OVRLRESP,CR,1092
S0234,ARM2,OVRLRESP,CR,1120
S0234,ARM2,OVRLRESP,CR,1148
S0234,ARM2,OVRLRESP,CR,1176
S0234,ARM2,OVRLRESP,PR,1204
S0234,ARM2,CBOR,CR,56
S0235,ARM2,OVRLRESP,SD,28
S0235,ARM2,OVRLRESP,PR,56
S0235,ARM2,OVRLRESP,PR,84
S0235,ARM2,OVRLRESP,PR,112
S0235,ARM2,OVRLRESP,PR,140
S0235,ARM2,OVRLRESP,PR,168
S0235,ARM2,OVRLRESP,PR,196
S0235,ARM2,OVRLRESP,PR,224
S0235,ARM2,OVRLRESP,PR,252
S0235,ARM2,OVRLRESP,PR,280
S0235,ARM2,OVRLRESP,PR,308
S0235,ARM2,OVRLRESP,PR,336
S0235,ARM2,OVRLRESP,PR,364
S0235,ARM2,OVRLRESP,PR,392
S0235,ARM2,OVRLRESP,PR,420
S0235,ARM2,OVRLRESP,PR,448
S0235,ARM2,OVRLRESP,PR,476
S0235,ARM2,OVRLRESP,PR,504
S0235,ARM2,OVRLRESP,PR,532
S0235,ARM2,OVRLRESP,PR,560
S0235,ARM2,OVRLRESP,PR,588
S0235,ARM2,OVRLRESP,PR,616
S0235,ARM2,OVRLRESP,PR,644
S0235,ARM2,OVRLRESP,PR,672
S0235,ARM2,OVRLRESP,PR,700
S0235,ARM2,OVRLRESP,PR,728
S0235,ARM2,OVRLRESP,PR,756
S0235,ARM2,OVRLRESP,PR,784
S0235,ARM2,OVRLRESP,PR,812
S0235,ARM2,OVRLRESP,PR,840
S0235,ARM2,OVRLRESP,PR,868
S0235,ARM2,OVRLRESP,PR,896
S0235,ARM2,OVRLRESP,PR,924
S0235,ARM2,OVRLRESP,PR,952
S0235,ARM2,OVRLRESP,PR,980
S0235,ARM2,OVRLRESP,PR,1008
S0235,ARM2,OVRLRESP,PR,1036
S0235,ARM2,OVRLRESP,PR,1064
S0235,ARM2,OVRLRESP,PR,1092
S0235,ARM2,OVRLRESP,PR,1120
S0235,ARM2,OVRLRESP,PR,1148
S0235,ARM2,OVRLRESP,PR,1176
S0235,ARM2,OVRLRESP,PR,1204
S0235,ARM2,OVRLRESP,PR,1232
S0235,ARM2,OVRLRESP,PR,1260
S0235,ARM2,OVRLRESP,PR,1288
S0235,ARM2,OVRLRESP,PR,1316
S0235,ARM2,OVRLRESP,PR,1344
S0235,ARM2,OVRLRESP,PR,1372
S0235,ARM2,OVRLRESP,PR,1400
S0235,ARM2,OVRLRESP,PR,1428
S0235,ARM2,OVRLRESP,PR,1456
S0235,ARM2,OVRLRESP,PR,1484
S0235,ARM2,OVRLRESP,PR,1512
S0235,ARM2,OVRLRESP,PR,1540
S0235,ARM2,OVRLRESP,PR,1568
S0235,ARM2,OVRLRESP,PR,1596
S0235,ARM2,OVRLRESP,PR,1624
S0235,ARM2,OVRLRESP,PR,1652
S0235,ARM2,OVRLRESP,PR,1680
S0235,ARM2,OVRLRESP,PR,1708
S0235,ARM2,OVRLRESP,PR,1736
S0235,ARM2,OVRLRESP,PR,1764
S0235,ARM2,OVRLRESP,PR,1792
S0235,ARM2,OVRLRESP,PR,1820
S0235,ARM2,OVRLRESP,PR,1848
S0235,ARM2,OVRLRESP,PR,1876
S0235,ARM2,OVRLRESP,PR,1904
S0235,ARM2,OVRLRESP,PR,1932
S0235,ARM2,OVRLRESP,PR,1960
S0235,ARM2,OVRLRESP,PR,1988
S0235,ARM2,OVRLRESP,PR,2016
S0235,ARM2,OVRLRESP,PR,2044
S0235,ARM2,OVRLRESP,PR,2072
S0235,ARM2,CBOR,PR,56
S0236,ARM2,OVRLRESP,PR,28
S0236,ARM2,OVRLRESP,CR,56
S0236,ARM2,OVRLRESP,PR,84
S0236,ARM2,OVRLRESP,PR,112
S0236,ARM2,OVRLRESP,PR,140
S0236,ARM2,OVRLRESP,PR,168
S0236,ARM2,OVRLRESP,PR,196
S0236,ARM2,OVRLRESP,PR,224
S0236,ARM2,OVRLRESP,PR,252
S0236,ARM2,OVRLRESP,PR,280
S0236,ARM2,OVRLRESP,PR,308
S0236,ARM2,OVRLRESP,PR,336
S0236,ARM2,OVRLRESP,PR,364
S0236,ARM2,OVRLRESP,PR,392
S0236,ARM2,OVRLRESP,PR,420
S0236,ARM2,OVRLRESP,PR,448
S0236,ARM2,OVRLRESP,PR,476
S0236,ARM2,OVRLRESP,PR,504
S0236,ARM2,OVRLRESP,PR,532
S0236,ARM2,OVRLRESP,PR,560
S0236,ARM2,OVRLRESP,PR,588
S0236,ARM2,OVRLRESP,PR,616
S0236,ARM2,OVRLRESP,PR,644
S0236,ARM2,OVRLRESP,PR,672
S0236,ARM2,OVRLRESP,PR,700
S0236,ARM2,OVRLRESP,PR,728
S0236,ARM2,OVRLRESP,PR,756
S0236,ARM2,OVRLRESP,PR,784
S0236,ARM2,OVRLRESP,PR,812
S0236,ARM2,OVRLRESP,PR,840
S0236,ARM2,OVRLRESP,PR,868
S0236,ARM2,OVRLRESP,PR,896
S0236,ARM2,OVRLRESP,PR,924
S0236,ARM2,OVRLRESP,PR,952
S0236,ARM2,OVRLRESP,PR,980
S0236,ARM2,OVRLRESP,PR,1008
S0236,ARM2,OVRLRESP,PR,1036
S0236,ARM2,OVRLRESP,PR,1064
S0236,ARM2,OVRLRESP,PR,1092
S0236,ARM2,OVRLRESP,PR,1120
S0236,ARM2,OVRLRESP,PR,1148
S0236,ARM2,OVRLRESP,PR,1176
S0236,ARM2,OVRLRESP,PR,1204
S0236,ARM2,OVRLRESP,PR,1232
S0236,ARM2,OVRLRESP,PR,1260
S0236,ARM2,OVRLRESP,PR,1288
S0236,ARM2,OVRLRESP,PR,1316
S0236,ARM2,OVRLRESP,PR,1344
S0236,ARM2,OVRLRESP,PR,1372
S0236,ARM2,OVRLRESP,PR,1400
S0236,ARM2,OVRLRESP,PR,1428
S0236,ARM2,OVRLRESP,PR,1456
S0236,ARM2,OVRLRESP,PR,1484
S0236,ARM2,OVRLRESP,PR,1512
S0236,ARM2,OVRLRESP,PR,1540
S0236,ARM2,OVRLRESP,PR,1568
S0236,ARM2,OVRLRESP,PR,1596
S0236,ARM2,CBOR,CR,56
S0237,ARM2,OVRLRESP,SD,28
S0237,ARM2,OVRLRESP,PR,56
S0237,ARM2,OVRLRESP,PR,84
S0237,ARM2,OVRLRESP,PR,112
S0237,ARM2,OVRLRESP,PR,140
S0237,ARM2,OVRLRESP,PR,168
S0237,ARM2,OVRLRESP,PR,196
S0237,ARM2,OVRLRESP,PR,224
S0237,ARM2,OVRLRESP,PR,252
S0237,ARM2,OVRLRESP,PR,280
S0237,ARM2,OVRLRESP,PR,308
S0237,ARM2,OVRLRESP,PR,336
S0237,ARM2,OVRLRESP,PR,364
S0237,ARM2,OVRLRESP,PR,392
S0237,ARM2,OVRLRESP,PR,420
S0237,ARM2,OVRLRESP,PR,448
S0237,ARM2,OVRLRESP,PR,476
S0237,ARM2,OVRLRESP,PR,504
S0237,ARM2,OVRLRESP,PR,532
S0237,ARM2,OVRLRESP,PR,560
S0237,ARM2,OVRLRESP,PR,588
S0237,ARM2,OVRLRESP,PR,616
S0237,ARM2,OVRLRESP,PR,644
S0237,ARM2,OVRLRESP,PR,672
S0237,ARM2,OVRLRESP,PR,700
S0237,ARM2,OVRLRESP,PR,728
S0237,ARM2,OVRLRESP,PR,756
S0237,ARM2,OVRLRESP,PR,784
S0237,ARM2,OVRLRESP,PR,812
S0237,ARM2,OVRLRESP,PR,840
S0237,ARM2,OVRLRESP,PR,868
S0237,ARM2,OVRLRESP,PR,896
S0237,ARM2,OVRLRESP,PR,924
S0237,ARM2,OVRLRESP,PR,952
S0237,ARM2,OVRLRESP,PR,980
S0237,ARM2,OVRLRESP,PR,1008
S0237,ARM2,OVRLRESP,PR,1036
S0237,ARM2,OVRLRESP,PR,1064
S0237,ARM2,OVRLRESP,PR,1092
S0237,ARM2,OVRLRESP,PR,1120
S0237,ARM2,OVRLRESP,PR,1148
S0237,ARM2,OVRLRESP,PR,1176
S0237,ARM2,OVRLRESP,PR,1204
S0237,ARM2,OVRLRESP,PR,1232
S0237,ARM2,OVRLRESP,PR,1260
S0237,ARM2,OVRLRESP,PR,1288
S0237,ARM2,OVRLRESP,PR,1316
S0237,ARM2,OVRLRESP,PR,1344
S0237,ARM2,OVRLRESP,PR,1372
S0237,ARM2,OVRLRESP,PR,1400
S0237,ARM2,OVRLRESP,PR,1428
S0237,ARM2,OVRLRESP,PR,1456
S0237,ARM2,OVRLRESP,PR,1484
S0237,ARM2,OVRLRESP,PR,1512
S0237,ARM2,OVRLRESP,PR,1540
S0237,ARM2,OVRLRESP,PR,1568
S0237,ARM2,OVRLRESP,PR,1596
S0237,ARM2,OVRLRESP,PR,1624
S0237,ARM2,OVRLRESP,PR,1652
S0237,ARM2,OVRLRESP,PR,1680
S0237,ARM2,OVRLRESP,PR,1708
S0237,ARM2,OVRLRESP,PR,1736
S0237,ARM2,OVRLRESP,PR,1764
S0237,ARM2,OVRLRESP,PR,1792
S0237,ARM2,OVRLRESP,PR,1820
S0237,ARM2,OVRLRESP,PR,1848
S0237,ARM2,OVRLRESP,PR,1876
S0237,ARM2,OVRLRESP,PR,1904
S0237,ARM2,OVRLRESP,PR,1932
S0237,ARM2,OVRLRESP,PR,1960
S0237,ARM2,OVRLRESP,PR,1988
S0237,ARM2,OVRLRESP,PR,2016
S0237,ARM2,OVRLRESP,PR,2044
S0237,ARM2,OVRLRESP,PR,2072
S0237,ARM2,OVRLRESP,PR,2100
S0237,ARM2,OVRLRESP,PR,2128
S0237,ARM2,OVRLRESP,PR,2156
S0237,ARM2,OVRLRESP,PR,2184
S0237,ARM2,OVRLRESP,PR,2212
S0237,ARM2,OVRLRESP,PR,2240
S0237,ARM2,OVRLRESP,PR,2268
S0237,ARM2,OVRLRESP,PR,2296
S0237,ARM2,OVRLRESP,PR,2324
S0237,ARM2,OVRLRESP,PR,2352
S0237,ARM2,OVRLRESP,PR,2380
S0237,ARM2,OVRLRESP,PR,2408
S0237,ARM2,OVRLRESP,PR,2436
S0237,ARM2,OVRLRESP,PR,2464
S0237,ARM2,OVRLRESP,PR,2492
S0237,ARM2,OVRLRESP,PR,2520
S0237,ARM2,OVRLRESP,PR,2548
S0237,ARM2,OVRLRESP,PR,2576
S0237,ARM2,OVRLRESP,PR,2604
S0237,ARM2,OVRLRESP,PR,2632
S0237,ARM2,OVRLRESP,PR,2660
S0237,ARM2,OVRLRESP,PR,2688
S0237,ARM2,OVRLRESP,PR,2716
S0237,ARM2,OVRLRESP,PR,2744
S0237,ARM2,OVRLRESP,PR,2772
S0237,ARM2,OVRLRESP,PR,2800
S0237,ARM2,OVRLRESP,PR,2828
S0237,ARM2,OVRLRESP,PR,2856
S0237,ARM2,OVRLRESP,PR,2884
S0237,ARM2,OVRLRESP,PR,2912
S0237,ARM2,OVRLRESP,PR,2940
S0237,ARM2,OVRLRESP,PR,2968
S0237,ARM2,OVRLRESP,PR,2996
S0237,ARM2,CBOR,PR,56
S0238,ARM2,OVRLRESP,PR,28
S0238,ARM2,OVRLRESP,CR,56
S0238,ARM2,OVRLRESP,CR,84
S0238,ARM2,OVRLRESP,CR,112
S0238,ARM2,OVRLRESP,CR,140
S0238,ARM2,OVRLRESP,CR,168
S0238,ARM2,OVRLRESP,CR,196
S0238,ARM2,OVRLRESP,CR,224
S0238,ARM2,OVRLRESP,CR,252
S0238,ARM2,OVRLRESP,CR,280
S0238,ARM2,OVRLRESP,CR,308
S0238,ARM2,OVRLRESP,CR,336
S0238,ARM2,OVRLRESP,CR,364
S0238,ARM2,OVRLRESP,CR,392
S0238,ARM2,OVRLRESP,CR,420
S0238,ARM2,OVRLRESP,CR,448
S0238,ARM2,OVRLRESP,CR,476
S0238,ARM2,OVRLRESP,CR,504
S0238,ARM2,OVRLRESP,CR,532
S0238,ARM2,OVRLRESP,CR,560
S0238,ARM2,OVRLRESP,CR,588
S0238,ARM2,OVRLRESP,CR,616
S0238,ARM2,OVRLRESP,CR,644
S0238,ARM2,OVRLRESP,CR,672
S0238,ARM2,OVRLRESP,CR,700
S0238,ARM2,OVRLRESP,CR,728
S0238,ARM2,OVRLRESP,CR,756
S0238,ARM2,OVRLRESP,CR,784
S0238,ARM2,OVRLRESP,CR,812
S0238,ARM2,OVRLRESP,CR,840
S0238,ARM2,OVRLRESP,CR,868
S0238,ARM2,OVRLRESP,CR,896
S0238,ARM2,OVRLRESP,CR,924
S0238,ARM2,OVRLRESP,CR,952
S0238,ARM2,OVRLRESP,CR,980
S0238,ARM2,OVRLRESP,CR,1008
S0238,ARM2,OVRLRESP,CR,1036
S0238,ARM2,OVRLRESP,CR,1064
S0238,ARM2,OVRLRESP,CR,1092
S0238,ARM2,OVRLRESP,PR,1120
S0238,ARM2,OVRLRESP,PR,1148
S0238,ARM2,OVRLRESP,PR,1176
S0238,ARM2,OVRLRESP,PR,1204
S0238,ARM2,OVRLRESP,PR,1232
S0238,ARM2,OVRLRESP,PR,1260
S0238,ARM2,OVRLRESP,PR,1288
S0238,ARM2,OVRLRESP,PR,1316
S0238,ARM2,OVRLRESP,PR,1344
S0238,ARM2,OVRLRESP,PR,1372
S0238,ARM2,OVRLRESP,PR,1400
S0238,ARM2,OVRLRESP,PR,1428
S0238,ARM2,OVRLRESP,PR,1456
S0238,ARM2,OVRLRESP,PR,1484
S0238,ARM2,CBOR,CR,56
S0243,ARM2,OVRLRESP,SD,28
S0243,ARM2,OVRLRESP,PR,56
S0243,ARM2,OVRLRESP,PR,84
S0243,ARM2,OVRLRESP,PR,112
S0243,ARM2,OVRLRESP,PR,140
S0243,ARM2,OVRLRESP,PR,168
S0243,ARM2,OVRLRESP,PR,196
S0243,ARM2,OVRLRESP,PR,224
S0243,ARM2,OVRLRESP,PR,252
S0243,ARM2,OVRLRESP,PR,280
S0243,ARM2,OVRLRESP,PR,308
S0243,ARM2,OVRLRESP,PR,336
S0243,ARM2,OVRLRESP,PR,364
S0243,ARM2,OVRLRESP,PR,392
S0243,ARM2,OVRLRESP,PR,420
S0243,ARM2,OVRLRESP,PR,448
S0243,ARM2,OVRLRESP,PR,476
S0243,ARM2,OVRLRESP,PR,504
S0243,ARM2,OVRLRESP,PR,532
S0243,ARM2,OVRLRESP,PR,560
S0243,ARM2,OVRLRESP,PR,588
S0243,ARM2,OVRLRESP,PR,616
S0243,ARM2,OVRLRESP,PR,644
S0243,ARM2,OVRLRESP,PR,672
S0243,ARM2,OVRLRESP,PR,700
S0243,ARM2,OVRLRESP,PR,728
S0243,ARM2,OVRLRESP,PR,756
S0243,ARM2,OVRLRESP,PR,784
S0243,ARM2,OVRLRESP,PR,812
S0243,ARM2,OVRLRESP,PR,840
S0243,ARM2,OVRLRESP,PR,868
S0243,ARM2,OVRLRESP,PR,896
S0243,ARM2,OVRLRESP,PR,924
S0243,ARM2,OVRLRESP,PR,952
S0243,ARM2,OVRLRESP,PR,980
S0243,ARM2,OVRLRESP,PR,1008
S0243,ARM2,OVRLRESP,PR,1036
S0243,ARM2,OVRLRESP,PR,1064
S0243,ARM2,OVRLRESP,PR,1092
S0243,ARM2,OVRLRESP,PR,1120
S0243,ARM2,OVRLRESP,PR,1148
S0243,ARM2,OVRLRESP,PR,1176
S0243,ARM2,OVRLRESP,PR,1204
S0243,ARM2,OVRLRESP,PR,1232
S0243,ARM2,OVRLRESP,PR,1260
S0243,ARM2,OVRLRESP,PR,1288
S0243,ARM2,OVRLRESP,PR,1316
S0243,ARM2,OVRLRESP,PR,1344
S0243,ARM2,OVRLRESP,PR,1372
S0243,ARM2,OVRLRESP,PR,1400
S0243,ARM2,OVRLRESP,PR,1428
S0243,ARM2,OVRLRESP,PR,1456
S0243,ARM2,OVRLRESP,PR,1484
S0243,ARM2,OVRLRESP,PR,1512
S0243,ARM2,OVRLRESP,PR,1540
S0243,ARM2,OVRLRESP,PR,1568
S0243,ARM2,OVRLRESP,PR,1596
S0243,ARM2,OVRLRESP,PR,1624
S0243,ARM2,OVRLRESP,PR,1652
S0243,ARM2,OVRLRESP,PR,1680
S0243,ARM2,OVRLRESP,PR,1708
S0243,ARM2,OVRLRESP,PR,1736
S0243,ARM2,OVRLRESP,PR,1764
S0243,ARM2,OVRLRESP,PR,1792
S0243,ARM2,OVRLRESP,PR,1820
S0243,ARM2,OVRLRESP,PR,1848
S0243,ARM2,OVRLRESP,PR,1876
S0243,ARM2,OVRLRESP,PR,1904
S0243,ARM2,OVRLRESP,PR,1932
S0243,ARM2,OVRLRESP,PR,1960
S0243,ARM2,OVRLRESP,PR,1988
S0243,ARM2,OVRLRESP,PR,2016
S0243,ARM2,OVRLRESP,PR,2044
S0243,ARM2,OVRLRESP,PR,2072
S0243,ARM2,OVRLRESP,PR,2100
S0243,ARM2,OVRLRESP,PR,2128
S0243,ARM2,OVRLRESP,PR,2156
S0243,ARM2,OVRLRESP,PR,2184
S0243,ARM2,OVRLRESP,PR,2212
S0243,ARM2,OVRLRESP,PR,2240
S0243,ARM2,OVRLRESP,PR,2268
S0243,ARM2,OVRLRESP,PR,2296
S0243,ARM2,OVRLRESP,PR,2324
S0243,ARM2,OVRLRESP,PR,2352
S0243,ARM2,OVRLRESP,PR,2380
S0243,ARM2,OVRLRESP,PR,2408
S0243,ARM2,OVRLRESP,PR,2436
S0243,ARM2,OVRLRESP,PR,2464
S0243,ARM2,OVRLRESP,PR,2492
S0243,ARM2,OVRLRESP,PR,2520
S0243,ARM2,OVRLRESP,PR,2548
S0243,ARM2,OVRLRESP,PR,2576
S0243,ARM2,OVRLRESP,PR,2604
S0243,ARM2,OVRLRESP,PR,2632
S0243,ARM2,OVRLRESP,PR,2660
S0243,ARM2,OVRLRESP,PR,2688
S0243,ARM2,OVRLRESP,PR,2716
S0243,ARM2,OVRLRESP,PR,2744
S0243,ARM2,OVRLRESP,PR,2772
S0243,ARM2,OVRLRESP,PR,2800
S0243,ARM2,OVRLRESP,PR,2828
S0243,ARM2,OVRLRESP,PR,2856
S0243,ARM2,OVRLRESP,PR,2884
S0243,ARM2,OVRLRESP,PR,2912
S0243,ARM2,OVRLRESP,PR,2940
S0243,ARM2,CBOR,PR,56
S0244,ARM2,OVRLRESP,SD,28
S0244,ARM2,OVRLRESP,PR,56
S0244,ARM2,OVRLRESP,PR,84
S0244,ARM2,OVRLRESP,PR,112
S0244,ARM2,OVRLRESP,PR,140
S0244,ARM2,OVRLRESP,PR,168
S0244,ARM2,OVRLRESP,PR,196
S0244,ARM2,OVRLRESP,PR,224
S0244,ARM2,OVRLRESP,PR,252
S0244,ARM2,OVRLRESP,PR,280
S0244,ARM2,OVRLRESP,PR,308
S0244,ARM2,OVRLRESP,PR,336
S0244,ARM2,OVRLRESP,PR,364
S0244,ARM2,OVRLRESP,PR,392
S0244,ARM2,OVRLRESP,PR,420
S0244,ARM2,OVRLRESP,PR,448
S0244,ARM2,OVRLRESP,PR,476
S0244,ARM2,OVRLRESP,PR,504
S0244,ARM2,OVRLRESP,PR,532
S0244,ARM2,OVRLRESP,PR,560
S0244,ARM2,OVRLRESP,PR,588
S0244,ARM2,OVRLRESP,PR,616
S0244,ARM2,OVRLRESP,PR,644
S0244,ARM2,OVRLRESP,PR,672
S0244,ARM2,OVRLRESP,PR,700
S0244,ARM2,OVRLRESP,PR,728
S0244,ARM2,OVRLRESP,PR,756
S0244,ARM2,OVRLRESP,PR,784
S0244,ARM2,OVRLRESP,PR,812
S0244,ARM2,OVRLRESP,PR,840
S0244,ARM2,OVRLRESP,PR,868
S0244,ARM2,OVRLRESP,PR,896
S0244,ARM2,OVRLRESP,PR,924
S0244,ARM2,OVRLRESP,PR,952
S0244,ARM2,OVRLRESP,PR,980
S0244,ARM2,OVRLRESP,PR,1008
S0244,ARM2,OVRLRESP,PR,1036
S0244,ARM2,OVRLRESP,PR,1064
S0244,ARM2,OVRLRESP,PR,1092
S0244,ARM2,OVRLRESP,PR,1120
S0244,ARM2,OVRLRESP,PR,1148
S0244,ARM2,OVRLRESP,PR,1176
S0244,ARM2,OVRLRESP,PR,1204
S0244,ARM2,OVRLRESP,PR,1232
S0244,ARM2,OVRLRESP,PR,1260
S0244,ARM2,OVRLRESP,PR,1288
S0244,ARM2,OVRLRESP,PR,1316
S0244,ARM2,OVRLRESP,PR,1344
S0244,ARM2,OVRLRESP,PR,1372
S0244,ARM2,OVRLRESP,PR,1400
S0244,ARM2,OVRLRESP,PR,1428
S0244,ARM2,OVRLRESP,PR,1456
S0244,ARM2,OVRLRESP,PR,1484
S0244,ARM2,OVRLRESP,PR,1512
S0244,ARM2,OVRLRESP,PR,1540
S0244,ARM2,OVRLRESP,PR,1568
S0244,ARM2,OVRLRESP,PR,1596
S0244,ARM2,OVRLRESP,PR,1624
S0244,ARM2,OVRLRESP,PR,1652
S0244,ARM2,OVRLRESP,PR,1680
S0244,ARM2,OVRLRESP,PR,1708
S0244,ARM2,OVRLRESP,PR,1736
S0244,ARM2,OVRLRESP,PR,1764
S0244,ARM2,CBOR,PR,56
S0245,ARM2,OVRLRESP,PR,28
S0245,ARM2,OVRLRESP,CR,56
S0245,ARM2,OVRLRESP,CR,84
S0245,ARM2,OVRLRESP,CR,112
S0245,ARM2,OVRLRESP,CR,140
S0245,ARM2,OVRLRESP,CR,168
S0245,ARM2,OVRLRESP,CR,196
S0245,ARM2,OVRLRESP,CR,224
S0245,ARM2,OVRLRESP,CR,252
S0245,ARM2,OVRLRESP,CR,280
S0245,ARM2,OVRLRESP,CR,308
S0245,ARM2,OVRLRESP,CR,336
S0245,ARM2,OVRLRESP,CR,364
S0245,ARM2,OVRLRESP,CR,392
S0245,ARM2,OVRLRESP,CR,420
S0245,ARM2,OVRLRESP,CR,448
S0245,ARM2,OVRLRESP,CR,476
S0245,ARM2,OVRLRESP,CR,504
S0245,ARM2,OVRLRESP,CR,532
S0245,ARM2,OVRLRESP,CR,560
S0245,ARM2,OVRLRESP,CR,588
S0245,ARM2,OVRLRESP,CR,616
S0245,ARM2,OVRLRESP,CR,644
S0245,ARM2,OVRLRESP,CR,672
S0245,ARM2,OVRLRESP,CR,700
S0245,ARM2,OVRLRESP,CR,728
S0245,ARM2,OVRLRESP,CR,756
S0245,ARM2,OVRLRESP,CR,784
S0245,ARM2,OVRLRESP,CR,812
S0245,ARM2,OVRLRESP,CR,840
S0245,ARM2,OVRLRESP,CR,868
S0245,ARM2,OVRLRESP,CR,896
S0245,ARM2,OVRLRESP,CR,924
S0245,ARM2,OVRLRESP,PR,952
S0245,ARM2,OVRLRESP,PR,980
S0245,ARM2,OVRLRESP,PR,1008
S0245,ARM2,OVRLRESP,PR,1036
S0245,ARM2,OVRLRESP,PR,1064
S0245,ARM2,OVRLRESP,PR,1092
S0245,ARM2,OVRLRESP,PR,1120
S0245,ARM2,OVRLRESP,PR,1148
S0245,ARM2,OVRLRESP,PR,1176
S0245,ARM2,OVRLRESP,PR,1204
S0245,ARM2,OVRLRESP,PR,1232
S0245,ARM2,OVRLRESP,PR,1260
S0245,ARM2,OVRLRESP,PR,1288
S0245,ARM2,OVRLRESP,PR,1316
S0245,ARM2,OVRLRESP,PR,1344
S0245,ARM2,OVRLRESP,PR,1372
S0245,ARM2,OVRLRESP,PR,1400
S0245,ARM2,OVRLRESP,PR,1428
S0245,ARM2,OVRLRESP,PR,1456
S0245,ARM2,OVRLRESP,PR,1484
S0245,ARM2,OVRLRESP,PR,1512
S0245,ARM2,OVRLRESP,PR,1540
S0245,ARM2,OVRLRESP,PR,1568
S0245,ARM2,OVRLRESP,PR,1596
S0245,ARM2,OVRLRESP,PR,1624
S0245,ARM2,OVRLRESP,PR,1652
S0245,ARM2,OVRLRESP,PR,1680
S0245,ARM2,OVRLRESP,PR,1708
S0245,ARM2,CBOR,CR,56
S0246,ARM2,OVRLRESP,PR,28
S0246,ARM2,OVRLRESP,CR,56
S0246,ARM2,OVRLRESP,CR,84
S0246,ARM2,OVRLRESP,CR,112
S0246,ARM2,OVRLRESP,CR,140
S0246,ARM2,OVRLRESP,CR,168
S0246,ARM2,OVRLRESP,CR,196
S0246,ARM2,OVRLRESP,CR,224
S0246,ARM2,OVRLRESP,CR,252
S0246,ARM2,OVRLRESP,CR,280
S0246,ARM2,OVRLRESP,CR,308
S0246,ARM2,OVRLRESP,CR,336
S0246,ARM2,OVRLRESP,CR,364
S0246,ARM2,OVRLRESP,CR,392
S0246,ARM2,OVRLRESP,CR,420
S0246,ARM2,OVRLRESP,CR,448
S0246,ARM2,OVRLRESP,CR,476
S0246,ARM2,OVRLRESP,CR,504
S0246,ARM2,OVRLRESP,CR,532
S0246,ARM2,OVRLRESP,CR,560
S0246,ARM2,OVRLRESP,CR,588
S0246,ARM2,OVRLRESP,CR,616
S0246,ARM2,OVRLRESP,CR,644
S0246,ARM2,OVRLRESP,CR,672
S0246,ARM2,OVRLRESP,CR,700
S0246,ARM2,OVRLRESP,CR,728
S0246,ARM2,OVRLRESP,CR,756
S0246,ARM2,OVRLRESP,CR,784
S0246,ARM2,OVRLRESP,CR,812
S0246,ARM2,OVRLRESP,CR,840
S0246,ARM2,OVRLRESP,CR,868
S0246,ARM2,OVRLRESP,CR,896
S0246,ARM2,OVRLRESP,CR,924
S0246,ARM2,OVRLRESP,CR,952
S0246,ARM2,OVRLRESP,CR,980
S0246,ARM2,OVRLRESP,CR,1008
S0246,ARM2,OVRLRESP,CR,1036
S0246,ARM2,OVRLRESP,CR,1064
S0246,ARM2,OVRLRESP,CR,1092
S0246,ARM2,OVRLRESP,CR,1120
S0246,ARM2,OVRLRESP,CR,1148
S0246,ARM2,OVRLRESP,CR,1176
S0246,ARM2,OVRLRESP,CR,1204
S0246,ARM2,OVRLRESP,CR,1232
S0246,ARM2,OVRLRESP,CR,1260
S0246,ARM2,OVRLRESP,CR,1288
S0246,ARM2,OVRLRESP,CR,1316
S0246,ARM2,OVRLRESP,CR,1344
S0246,ARM2,OVRLRESP,CR,1372
S0246,ARM2,OVRLRESP,CR,1400
S0246,ARM2,OVRLRESP,CR,1428
S0246,ARM2,OVRLRESP,CR,1456
S0246,ARM2,OVRLRESP,CR,1484
S0246,ARM2,OVRLRESP,CR,1512
S0246,ARM2,OVRLRESP,CR,1540
S0246,ARM2,OVRLRESP,CR,1568
S0246,ARM2,OVRLRESP,CR,1596
S0246,ARM2,OVRLRESP,CR,1624
S0246,ARM2,OVRLRESP,CR,1652
S0246,ARM2,OVRLRESP,CR,1680
S0246,ARM2,OVRLRESP,CR,1708
S0246,ARM2,OVRLRESP,CR,1736
S0246,ARM2,OVRLRESP,CR,1764
S0246,ARM2,OVRLRESP,CR,1792
S0246,ARM2,OVRLRESP,CR,1820
S0246,ARM2,OVRLRESP,CR,1848
S0246,ARM2,OVRLRESP,CR,1876
S0246,ARM2,OVRLRESP,CR,1904
S0246,ARM2,OVRLRESP,CR,1932
S0246,ARM2,OVRLRESP,CR,1960
S0246,ARM2,OVRLRESP,CR,1988
S0246,ARM2,OVRLRESP,CR,2016
S0246,ARM2,OVRLRESP,CR,2044
S0246,ARM2,OVRLRESP,CR,2072
S0246,ARM2,OVRLRESP,CR,2100
S0246,ARM2,OVRLRESP,CR,2128
S0246,ARM2,OVRLRESP,CR,2156
S0246,ARM2,OVRLRESP,CR,2184
S0246,ARM2,OVRLRESP,CR,2212
S0246,ARM2,OVRLRESP,CR,2240
S0246,ARM2,OVRLRESP,CR,2268
S0246,ARM2,OVRLRESP,CR,2296
S0246,ARM2,OVRLRESP,CR,2324
S0246,ARM2,OVRLRESP,CR,2352
S0246,ARM2,OVRLRESP,CR,2380
S0246,ARM2,OVRLRESP,CR,2408
S0246,ARM2,OVRLRESP,CR,2436
S0246,ARM2,OVRLRESP,CR,2464
S0246,ARM2,OVRLRESP,CR,2492
S0246,ARM2,OVRLRESP,CR,2520
S0246,ARM2,OVRLRESP,CR,2548
S0246,ARM2,OVRLRESP,CR,2576
S0246,ARM2,OVRLRESP,CR,2604
S0246,ARM2,OVRLRESP,CR,2632
S0246,ARM2,OVRLRESP,CR,2660
S0246,ARM2,OVRLRESP,CR,2688
S0246,ARM2,OVRLRESP,CR,2716
S0246,ARM2,OVRLRESP,CR,2744
S0246,ARM2,OVRLRESP,CR,2772
S0246,ARM2,OVRLRESP,CR,2800
S0246,ARM2,OVRLRESP,CR,2828
S0246,ARM2,OVRLRESP,CR,2856
S0246,ARM2,OVRLRESP,CR,2884
S0246,ARM2,OVRLRESP,CR,2912
S0246,ARM2,OVRLRESP,CR,2940
S0246,ARM2,CBOR,CR,56
S0248,ARM2,OVRLRESP,SD,28
S0248,ARM2,OVRLRESP,PR,56
S0248,ARM2,OVRLRESP,PR,84
S0248,ARM2,OVRLRESP,PR,112
S0248,ARM2,OVRLRESP,PR,140
S0248,ARM2,CBOR,PR,56
S0249,ARM2,OVRLRESP,SD,28
S0249,ARM2,OVRLRESP,PR,56
S0249,ARM2,OVRLRESP,PR,84
S0249,ARM2,OVRLRESP,PR,112
S0249,ARM2,OVRLRESP,PR,140
S0249,ARM2,OVRLRESP,PR,168
S0249,ARM2,OVRLRESP,PR,196
S0249,ARM2,OVRLRESP,PR,224
S0249,ARM2,OVRLRESP,PR,252
S0249,ARM2,OVRLRESP,PR,280
S0249,ARM2,OVRLRESP,PR,308
S0249,ARM2,OVRLRESP,PR,336
S0249,ARM2,OVRLRESP,PR,364
S0249,ARM2,OVRLRESP,PR,392
S0249,ARM2,OVRLRESP,PR,420
S0249,ARM2,OVRLRESP,PR,448
S0249,ARM2,OVRLRESP,PR,476
S0249,ARM2,OVRLRESP,PR,504
S0249,ARM2,OVRLRESP,PR,532
S0249,ARM2,OVRLRESP,PR,560
S0249,ARM2,CBOR,PR,56
S0250,ARM2,OVRLRESP,SD,28
S0250,ARM2,OVRLRESP,PR,56
S0250,ARM2,OVRLRESP,PR,84
S0250,ARM2,OVRLRESP,PR,112
S0250,ARM2,OVRLRESP,PR,140
S0250,ARM2,OVRLRESP,PR,168
S0250,ARM2,OVRLRESP,PR,196
S0250,ARM2,OVRLRESP,PR,224
S0250,ARM2,OVRLRESP,PR,252
S0250,ARM2,OVRLRESP,PR,280
S0250,ARM2,OVRLRESP,PR,308
S0250,ARM2,OVRLRESP,PR,336
S0250,ARM2,OVRLRESP,PR,364
S0250,ARM2,OVRLRESP,PR,392
S0250,ARM2,OVRLRESP,PR,420
S0250,ARM2,OVRLRESP,PR,448
S0250,ARM2,OVRLRESP,PR,476
S0250,ARM2,OVRLRESP,PR,504
S0250,ARM2,OVRLRESP,PR,532
S0250,ARM2,OVRLRESP,PR,560
S0250,ARM2,OVRLRESP,PR,588
S0250,ARM2,OVRLRESP,PR,616
S0250,ARM2,OVRLRESP,PR,644
S0250,ARM2,OVRLRESP,PR,672
S0250,ARM2,OVRLRESP,PR,700
S0250,ARM2,OVRLRESP,PR,728
S0250,ARM2,OVRLRESP,PR,756
S0250,ARM2,OVRLRESP,PR,784
S0250,ARM2,OVRLRESP,PR,812
S0250,ARM2,OVRLRESP,PR,840
S0250,ARM2,OVRLRESP,PR,868
S0250,ARM2,OVRLRESP,PR,896
S0250,ARM2,OVRLRESP,PR,924
S0250,ARM2,OVRLRESP,PR,952
S0250,ARM2,OVRLRESP,PR,980
S0250,ARM2,OVRLRESP,PR,1008
S0250,ARM2,OVRLRESP,PR,1036
S0250,ARM2,OVRLRESP,PR,1064
S0250,ARM2,OVRLRESP,PR,1092
S0250,ARM2,OVRLRESP,PR,1120
S0250,ARM2,OVRLRESP,PR,1148
S0250,ARM2,OVRLRESP,PR,1176
S0250,ARM2,OVRLRESP,PR,1204
S0250,ARM2,OVRLRESP,PR,1232
S0250,ARM2,OVRLRESP,PR,1260
S0250,ARM2,OVRLRESP,PR,1288
S0250,ARM2,OVRLRESP,PR,1316
S0250,ARM2,OVRLRESP,PR,1344
S0250,ARM2,OVRLRESP,PR,1372
S0250,ARM2,OVRLRESP,PR,1400
S0250,ARM2,OVRLRESP,PR,1428
S0250,ARM2,OVRLRESP,PR,1456
S0250,ARM2,OVRLRESP,PR,1484
S0250,ARM2,OVRLRESP,PR,1512
S0250,ARM2,OVRLRESP,PR,1540
S0250,ARM2,OVRLRESP,PR,1568
S0250,ARM2,OVRLRESP,PR,1596
S0250,ARM2,OVRLRESP,PR,1624
S0250,ARM2,OVRLRESP,PR,1652
S0250,ARM2,OVRLRESP,PR,1680
S0250,ARM2,OVRLRESP,PR,1708
S0250,ARM2,OVRLRESP,PR,1736
S0250,ARM2,OVRLRESP,PR,1764
S0250,ARM2,OVRLRESP,PR,1792
S0250,ARM2,OVRLRESP,PR,1820
S0250,ARM2,OVRLRESP,PR,1848
S0250,ARM2,OVRLRESP,PR,1876
S0250,ARM2,OVRLRESP,PR,1904
S0250,ARM2,OVRLRESP,PR,1932
S0250,ARM2,OVRLRESP,PR,1960
S0250,ARM2,OVRLRESP,PR,1988
S0250,ARM2,OVRLRESP,PD,2016
S0250,ARM2,CBOR,PR,56
S0253,ARM2,OVRLRESP,SD,28
S0253,ARM2,OVRLRESP,PR,56
S0253,ARM2,OVRLRESP,PR,84
S0253,ARM2,OVRLRESP,PR,112
S0253,ARM2,OVRLRESP,PR,140
S0253,ARM2,OVRLRESP,PR,168
S0253,ARM2,OVRLRESP,PR,196
S0253,ARM2,OVRLRESP,PR,224
S0253,ARM2,OVRLRESP,PR,252
S0253,ARM2,OVRLRESP,PR,280
S0253,ARM2,OVRLRESP,PR,308
S0253,ARM2,OVRLRESP,PR,336
S0253,ARM2,OVRLRESP,PR,364
S0253,ARM2,OVRLRESP,PR,392
S0253,ARM2,OVRLRESP,PR,420
S0253,ARM2,OVRLRESP,PR,448
S0253,ARM2,OVRLRESP,PR,476
S0253,ARM2,OVRLRESP,PR,504
S0253,ARM2,OVRLRESP,PR,532
S0253,ARM2,OVRLRESP,PR,560
S0253,ARM2,OVRLRESP,PR,588
S0253,ARM2,OVRLRESP,PR,616
S0253,ARM2,OVRLRESP,PR,644
S0253,ARM2,OVRLRESP,PR,672
S0253,ARM2,OVRLRESP,PR,700
S0253,ARM2,OVRLRESP,PR,728
S0253,ARM2,OVRLRESP,PR,756
S0253,ARM2,OVRLRESP,PR,784
S0253,ARM2,OVRLRESP,PR,812
S0253,ARM2,OVRLRESP,PR,840
S0253,ARM2,OVRLRESP,PR,868
S0253,ARM2,OVRLRESP,PR,896
S0253,ARM2,OVRLRESP,PR,924
S0253,ARM2,OVRLRESP,PR,952
S0253,ARM2,OVRLRESP,PR,980
S0253,ARM2,OVRLRESP,PR,1008
S0253,ARM2,OVRLRESP,PR,1036
S0253,ARM2,OVRLRESP,PR,1064
S0253,ARM2,OVRLRESP,PR,1092
S0253,ARM2,OVRLRESP,PR,1120
S0253,ARM2,OVRLRESP,PR,1148
S0253,ARM2,OVRLRESP,PR,1176
S0253,ARM2,OVRLRESP,PR,1204
S0253,ARM2,OVRLRESP,PD,1232
S0253,ARM2,CBOR,PR,56
S0255,ARM2,OVRLRESP,SD,28
S0255,ARM2,OVRLRESP,PR,56
S0255,ARM2,OVRLRESP,PR,84
S0255,ARM2,OVRLRESP,PR,112
S0255,ARM2,OVRLRESP,PR,140
S0255,ARM2,OVRLRESP,PR,168
S0255,ARM2,OVRLRESP,PR,196
S0255,ARM2,OVRLRESP,PR,224
S0255,ARM2,OVRLRESP,PR,252
S0255,ARM2,OVRLRESP,PR,280
S0255,ARM2,OVRLRESP,PR,308
S0255,ARM2,OVRLRESP,PR,336
S0255,ARM2,OVRLRESP,PR,364
S0255,ARM2,OVRLRESP,PR,392
S0255,ARM2,OVRLRESP,PR,420
S0255,ARM2,OVRLRESP,PR,448
S0255,ARM2,OVRLRESP,PR,476
S0255,ARM2,OVRLRESP,PR,504
S0255,ARM2,OVRLRESP,PR,532
S0255,ARM2,OVRLRESP,PR,560
S0255,ARM2,OVRLRESP,PR,588
S0255,ARM2,OVRLRESP,PR,616
S0255,ARM2,OVRLRESP,PR,644
S0255,ARM2,OVRLRESP,PR,672
S0255,ARM2,OVRLRESP,PR,700
S0255,ARM2,OVRLRESP,PR,728
S0255,ARM2,OVRLRESP,PR,756
S0255,ARM2,OVRLRESP,PR,784
S0255,ARM2,OVRLRESP,PR,812
S0255,ARM2,OVRLRESP,PR,840
S0255,ARM2,OVRLRESP,PR,868
S0255,ARM2,OVRLRESP,PR,896
S0255,ARM2,OVRLRESP,PR,924
S0255,ARM2,OVRLRESP,PR,952
S0255,ARM2,OVRLRESP,PR,980
S0255,ARM2,OVRLRESP,PR,1008
S0255,ARM2,OVRLRESP,PR,1036
S0255,ARM2,OVRLRESP,PR,1064
S0255,ARM2,OVRLRESP,PR,1092
S0255,ARM2,OVRLRESP,PR,1120
S0255,ARM2,OVRLRESP,PR,1148
S0255,ARM2,OVRLRESP,PR,1176
S0255,ARM2,OVRLRESP,PR,1204
S0255,ARM2,OVRLRESP,PR,1232
S0255,ARM2,OVRLRESP,PR,1260
S0255,ARM2,OVRLRESP,PR,1288
S0255,ARM2,OVRLRESP,PR,1316
S0255,ARM2,OVRLRESP,PR,1344
S0255,ARM2,OVRLRESP,PR,1372
S0255,ARM2,OVRLRESP,PR,1400
S0255,ARM2,OVRLRESP,PR,1428
S0255,ARM2,OVRLRESP,PR,1456
S0255,ARM2,OVRLRESP,PR,1484
S0255,ARM2,OVRLRESP,PR,1512
S0255,ARM2,OVRLRESP,PR,1540
S0255,ARM2,OVRLRESP,PR,1568
S0255,ARM2,OVRLRESP,PR,1596
S0255,ARM2,OVRLRESP,PR,1624
S0255,ARM2,OVRLRESP,PR,1652
S0255,ARM2,OVRLRESP,PR,1680
S0255,ARM2,OVRLRESP,PR,1708
S0255,ARM2,OVRLRESP,PR,1736
S0255,ARM2,OVRLRESP,PR,1764
S0255,ARM2,OVRLRESP,PR,1792
S0255,ARM2,OVRLRESP,PR,1820
S0255,ARM2,OVRLRESP,PR,1848
S0255,ARM2,OVRLRESP,PR,1876
S0255,ARM2,OVRLRESP,PR,1904
S0255,ARM2,OVRLRESP,PR,1932
S0255,ARM2,OVRLRESP,PR,1960
S0255,ARM2,OVRLRESP,PR,1988
S0255,ARM2,OVRLRESP,PR,2016
S0255,ARM2,OVRLRESP,PR,2044
S0255,ARM2,OVRLRESP,PR,2072
S0255,ARM2,OVRLRESP,PR,2100
S0255,ARM2,OVRLRESP,PR,2128
S0255,ARM2,OVRLRESP,PR,2156
S0255,ARM2,OVRLRESP,PR,2184
S0255,ARM2,OVRLRESP,PR,2212
S0255,ARM2,OVRLRESP,PR,2240
S0255,ARM2,OVRLRESP,PR,2268
S0255,ARM2,OVRLRESP,PR,2296
S0255,ARM2,OVRLRESP,PR,2324
S0255,ARM2,OVRLRESP,PR,2352
S0255,ARM2,OVRLRESP,PR,2380
S0255,ARM2,OVRLRESP,PR,2408
S0255,ARM2,OVRLRESP,PR,2436
S0255,ARM2,OVRLRESP,PR,2464
S0255,ARM2,OVRLRESP,PR,2492
S0255,ARM2,OVRLRESP,PR,2520
S0255,ARM2,OVRLRESP,PR,2548
S0255,ARM2,OVRLRESP,PR,2576
S0255,ARM2,OVRLRESP,PR,2604
S0255,ARM2,OVRLRESP,PR,2632
S0255,ARM2,OVRLRESP,PR,2660
S0255,ARM2,OVRLRESP,PR,2688
S0255,ARM2,OVRLRESP,PR,2716
S0255,ARM2,OVRLRESP,PR,2744
S0255,ARM2,OVRLRESP,PR,2772
S0255,ARM2,OVRLRESP,PR,2800
S0255,ARM2,OVRLRESP,PR,2828
S0255,ARM2,OVRLRESP,PR,2856
S0255,ARM2,OVRLRESP,PR,2884
S0255,ARM2,CBOR,PR,56
S0256,ARM2,OVRLRESP,SD,28
S0256,ARM2,OVRLRESP,PR,56
S0256,ARM2,OVRLRESP,PR,84
S0256,ARM2,OVRLRESP,PR,112
S0256,ARM2,OVRLRESP,PR,140
S0256,ARM2,OVRLRESP,PR,168
S0256,ARM2,OVRLRESP,PR,196
S0256,ARM2,OVRLRESP,PR,224
S0256,ARM2,OVRLRESP,PR,252
S0256,ARM2,OVRLRESP,PR,280
S0256,ARM2,OVRLRESP,PR,308
S0256,ARM2,OVRLRESP,PR,336
S0256,ARM2,OVRLRESP,PR,364
S0256,ARM2,OVRLRESP,PR,392
S0256,ARM2,OVRLRESP,PR,420
S0256,ARM2,OVRLRESP,PR,448
S0256,ARM2,OVRLRESP,PR,476
S0256,ARM2,OVRLRESP,PR,504
S0256,ARM2,OVRLRESP,PR,532
S0256,ARM2,OVRLRESP,PR,560
S0256,ARM2,OVRLRESP,PD,588
S0256,ARM2,CBOR,PR,56
S0257,ARM2,OVRLRESP,PR,28
S0257,ARM2,OVRLRESP,CR,56
S0257,ARM2,OVRLRESP,CR,84
S0257,ARM2,OVRLRESP,CR,112
S0257,ARM2,OVRLRESP,CR,140
S0257,ARM2,OVRLRESP,CR,168
S0257,ARM2,OVRLRESP,CR,196
S0257,ARM2,OVRLRESP,CR,224
S0257,ARM2,OVRLRESP,CR,252
S0257,ARM2,OVRLRESP,CR,280
S0257,ARM2,OVRLRESP,CR,308
S0257,ARM2,OVRLRESP,CR,336
S0257,ARM2,OVRLRESP,CR,364
S0257,ARM2,OVRLRESP,CR,392
S0257,ARM2,OVRLRESP,CR,420
S0257,ARM2,OVRLRESP,CR,448
S0257,ARM2,OVRLRESP,CR,476
S0257,ARM2,OVRLRESP,CR,504
S0257,ARM2,OVRLRESP,CR,532
S0257,ARM2,OVRLRESP,CR,560
S0257,ARM2,OVRLRESP,CR,588
S0257,ARM2,OVRLRESP,CR,616
S0257,ARM2,OVRLRESP,CR,644
S0257,ARM2,OVRLRESP,CR,672
S0257,ARM2,OVRLRESP,CR,700
S0257,ARM2,OVRLRESP,CR,728
S0257,ARM2,OVRLRESP,CR,756
S0257,ARM2,OVRLRESP,CR,784
S0257,ARM2,OVRLRESP,CR,812
S0257,ARM2,OVRLRESP,CR,840
S0257,ARM2,OVRLRESP,CR,868
S0257,ARM2,OVRLRESP,CR,896
S0257,ARM2,OVRLRESP,CR,924
S0257,ARM2,OVRLRESP,CR,952
S0257,ARM2,OVRLRESP,CR,980
S0257,ARM2,CBOR,CR,56
S0258,ARM2,OVRLRESP,SD,28
S0258,ARM2,OVRLRESP,PR,56
S0258,ARM2,OVRLRESP,PR,84
S0258,ARM2,OVRLRESP,PR,112
S0258,ARM2,OVRLRESP,PR,140
S0258,ARM2,OVRLRESP,PR,168
S0258,ARM2,OVRLRESP,PR,196
S0258,ARM2,OVRLRESP,PR,224
S0258,ARM2,OVRLRESP,PR,252
S0258,ARM2,OVRLRESP,PR,280
S0258,ARM2,OVRLRESP,PR,308
S0258,ARM2,OVRLRESP,PR,336
S0258,ARM2,OVRLRESP,PR,364
S0258,ARM2,OVRLRESP,PR,392
S0258,ARM2,OVRLRESP,PR,420
S0258,ARM2,OVRLRESP,PR,448
S0258,ARM2,OVRLRESP,PR,476
S0258,ARM2,OVRLRESP,PR,504
S0258,ARM2,OVRLRESP,PR,532
S0258,ARM2,OVRLRESP,PR,560
S0258,ARM2,OVRLRESP,PR,588
S0258,ARM2,OVRLRESP,PR,616
S0258,ARM2,OVRLRESP,PR,644
S0258,ARM2,OVRLRESP,PR,672
S0258,ARM2,OVRLRESP,PR,700
S0258,ARM2,OVRLRESP,PR,728
S0258,ARM2,OVRLRESP,PR,756
S0258,ARM2,OVRLRESP,PR,784
S0258,ARM2,OVRLRESP,PR,812
S0258,ARM2,OVRLRESP,PR,840
S0258,ARM2,OVRLRESP,PR,868
S0258,ARM2,OVRLRESP,PR,896
S0258,ARM2,OVRLRESP,PR,924
S0258,ARM2,OVRLRESP,PR,952
S0258,ARM2,OVRLRESP,PR,980
S0258,ARM2,OVRLRESP,PR,1008
S0258,ARM2,OVRLRESP,PR,1036
S0258,ARM2,OVRLRESP,PR,1064
S0258,ARM2,OVRLRESP,PR,1092
S0258,ARM2,OVRLRESP,PR,1120
S0258,ARM2,OVRLRESP,PR,1148
S0258,ARM2,OVRLRESP,PR,1176
S0258,ARM2,OVRLRESP,PR,1204
S0258,ARM2,OVRLRESP,PR,1232
S0258,ARM2,OVRLRESP,PR,1260
S0258,ARM2,OVRLRESP,PR,1288
S0258,ARM2,OVRLRESP,PR,1316
S0258,ARM2,OVRLRESP,PR,1344
S0258,ARM2,OVRLRESP,PR,1372
S0258,ARM2,OVRLRESP,PR,1400
S0258,ARM2,OVRLRESP,PR,1428
S0258,ARM2,OVRLRESP,PR,1456
S0258,ARM2,OVRLRESP,PR,1484
S0258,ARM2,OVRLRESP,PR,1512
S0258,ARM2,OVRLRESP,PR,1540
S0258,ARM2,OVRLRESP,PR,1568
S0258,ARM2,OVRLRESP,PR,1596
S0258,ARM2,OVRLRESP,PR,1624
S0258,ARM2,OVRLRESP,PR,1652
S0258,ARM2,OVRLRESP,PR,1680
S0258,ARM2,OVRLRESP,PR,1708
S0258,ARM2,OVRLRESP,PR,1736
S0258,ARM2,OVRLRESP,PR,1764
S0258,ARM2,OVRLRESP,PR,1792
S0258,ARM2,OVRLRESP,PR,1820
S0258,ARM2,OVRLRESP,PR,1848
S0258,ARM2,OVRLRESP,PR,1876
S0258,ARM2,OVRLRESP,PR,1904
S0258,ARM2,OVRLRESP,PR,1932
S0258,ARM2,OVRLRESP,PR,1960
S0258,ARM2,OVRLRESP,PR,1988
S0258,ARM2,OVRLRESP,PR,2016
S0258,ARM2,OVRLRESP,PR,2044
S0258,ARM2,OVRLRESP,PR,2072
S0258,ARM2,OVRLRESP,PR,2100
S0258,ARM2,OVRLRESP,PR,2128
S0258,ARM2,OVRLRESP,PR,2156
S0258,ARM2,OVRLRESP,PR,2184
S0258,ARM2,OVRLRESP,PR,2212
S0258,ARM2,OVRLRESP,PR,2240
S0258,ARM2,OVRLRESP,PR,2268
S0258,ARM2,OVRLRESP,PR,2296
S0258,ARM2,OVRLRESP,PR,2324
S0258,ARM2,OVRLRESP,PR,2352
S0258,ARM2,OVRLRESP,PR,2380
S0258,ARM2,CBOR,PR,56
S0259,ARM2,OVRLRESP,SD,28
S0259,ARM2,OVRLRESP,SD,56
S0259,ARM2,OVRLRESP,SD,84
S0259,ARM2,OVRLRESP,SD,112
S0259,ARM2,OVRLRESP,SD,140
S0259,ARM2,OVRLRESP,SD,168
S0259,ARM2,OVRLRESP,SD,196
S0259,ARM2,OVRLRESP,SD,224
S0259,ARM2,OVRLRESP,SD,252
S0259,ARM2,OVRLRESP,SD,280
S0259,ARM2,OVRLRESP,SD,308
S0259,ARM2,OVRLRESP,SD,336
S0259,ARM2,OVRLRESP,SD,364
S0259,ARM2,OVRLRESP,SD,392
S0259,ARM2,OVRLRESP,SD,420
S0259,ARM2,OVRLRESP,SD,448
S0259,ARM2,OVRLRESP,SD,476
S0259,ARM2,OVRLRESP,SD,504
S0259,ARM2,OVRLRESP,SD,532
S0259,ARM2,OVRLRESP,SD,560
S0259,ARM2,OVRLRESP,SD,588
S0259,ARM2,OVRLRESP,PD,616
S0259,ARM2,CBOR,SD,56
S0261,ARM2,OVRLRESP,SD,28
S0261,ARM2,OVRLRESP,PR,56
S0261,ARM2,OVRLRESP,PR,84
S0261,ARM2,OVRLRESP,PR,112
S0261,ARM2,OVRLRESP,PR,140
S0261,ARM2,OVRLRESP,PR,168
S0261,ARM2,OVRLRESP,PR,196
S0261,ARM2,OVRLRESP,PR,224
S0261,ARM2,OVRLRESP,PR,252
S0261,ARM2,OVRLRESP,PR,280
S0261,ARM2,OVRLRESP,PR,308
S0261,ARM2,OVRLRESP,PR,336
S0261,ARM2,OVRLRESP,PR,364
S0261,ARM2,OVRLRESP,PR,392
S0261,ARM2,OVRLRESP,PR,420
S0261,ARM2,OVRLRESP,PR,448
S0261,ARM2,OVRLRESP,PR,476
S0261,ARM2,OVRLRESP,PR,504
S0261,ARM2,OVRLRESP,PR,532
S0261,ARM2,CBOR,PR,56
S0267,ARM2,OVRLRESP,SD,28
S0267,ARM2,OVRLRESP,PR,56
S0267,ARM2,OVRLRESP,PR,84
S0267,ARM2,OVRLRESP,PR,112
S0267,ARM2,OVRLRESP,PR,140
S0267,ARM2,OVRLRESP,PR,168
S0267,ARM2,OVRLRESP,PR,196
S0267,ARM2,OVRLRESP,PR,224
S0267,ARM2,OVRLRESP,PR,252
S0267,ARM2,OVRLRESP,PR,280
S0267,ARM2,OVRLRESP,PR,308
S0267,ARM2,OVRLRESP,PR,336
S0267,ARM2,OVRLRESP,PR,364
S0267,ARM2,OVRLRESP,PR,392
S0267,ARM2,OVRLRESP,PR,420
S0267,ARM2,OVRLRESP,PR,448
S0267,ARM2,OVRLRESP,PR,476
S0267,ARM2,OVRLRESP,PR,504
S0267,ARM2,OVRLRESP,PR,532
S0267,ARM2,OVRLRESP,PR,560
S0267,ARM2,OVRLRESP,PR,588
S0267,ARM2,OVRLRESP,PR,616
S0267,ARM2,OVRLRESP,PR,644
S0267,ARM2,OVRLRESP,PR,672
S0267,ARM2,OVRLRESP,PR,700
S0267,ARM2,OVRLRESP,PR,728
S0267,ARM2,OVRLRESP,PR,756
S0267,ARM2,OVRLRESP,PR,784
S0267,ARM2,OVRLRESP,PR,812
S0267,ARM2,OVRLRESP,PR,840
S0267,ARM2,OVRLRESP,PR,868
S0267,ARM2,OVRLRESP,PR,896
S0267,ARM2,OVRLRESP,PR,924
S0267,ARM2,OVRLRESP,PR,952
S0267,ARM2,OVRLRESP,PR,980
S0267,ARM2,OVRLRESP,PR,1008
S0267,ARM2,OVRLRESP,PR,1036
S0267,ARM2,OVRLRESP,PR,1064
S0267,ARM2,OVRLRESP,PR,1092
S0267,ARM2,OVRLRESP,PR,1120
S0267,ARM2,OVRLRESP,PR,1148
S0267,ARM2,OVRLRESP,PR,1176
S0267,ARM2,OVRLRESP,PR,1204
S0267,ARM2,OVRLRESP,PR,1232
S0267,ARM2,OVRLRESP,PR,1260
S0267,ARM2,OVRLRESP,PR,1288
S0267,ARM2,OVRLRESP,PR,1316
S0267,ARM2,OVRLRESP,PR,1344
S0267,ARM2,OVRLRESP,PR,1372
S0267,ARM2,OVRLRESP,PR,1400
S0267,ARM2,OVRLRESP,PR,1428
S0267,ARM2,OVRLRESP,PR,1456
S0267,ARM2,OVRLRESP,PR,1484
S0267,ARM2,OVRLRESP,PR,1512
S0267,ARM2,OVRLRESP,PR,1540
S0267,ARM2,OVRLRESP,PR,1568
S0267,ARM2,OVRLRESP,PR,1596
S0267,ARM2,OVRLRESP,PR,1624
S0267,ARM2,OVRLRESP,PR,1652
S0267,ARM2,OVRLRESP,PR,1680
S0267,ARM2,OVRLRESP,PR,1708
S0267,ARM2,OVRLRESP,PR,1736
S0267,ARM2,OVRLRESP,PR,1764
S0267,ARM2,OVRLRESP,PR,1792
S0267,ARM2,OVRLRESP,PR,1820
S0267,ARM2,OVRLRESP,PR,1848
S0267,ARM2,OVRLRESP,PR,1876
S0267,ARM2,OVRLRESP,PR,1904
S0267,ARM2,OVRLRESP,PR,1932
S0267,ARM2,OVRLRESP,PR,1960
S0267,ARM2,OVRLRESP,PR,1988
S0267,ARM2,OVRLRESP,PR,2016
S0267,ARM2,OVRLRESP,PR,2044
S0267,ARM2,OVRLRESP,PR,2072
S0267,ARM2,OVRLRESP,PR,2100
S0267,ARM2,OVRLRESP,PR,2128
S0267,ARM2,OVRLRESP,PR,2156
S0267,ARM2,OVRLRESP,PR,2184
S0267,ARM2,OVRLRESP,PR,2212
S0267,ARM2,OVRLRESP,PR,2240
S0267,ARM2,OVRLRESP,PR,2268
S0267,ARM2,OVRLRESP,PR,2296
S0267,ARM2,OVRLRESP,PR,2324
S0267,ARM2,OVRLRESP,PR,2352
S0267,ARM2,OVRLRESP,PR,2380
S0267,ARM2,OVRLRESP,PR,2408
S0267,ARM2,OVRLRESP,PR,2436
S0267,ARM2,OVRLRESP,PR,2464
S0267,ARM2,OVRLRESP,PR,2492
S0267,ARM2,OVRLRESP,PR,2520
S0267,ARM2,OVRLRESP,PR,2548
S0267,ARM2,OVRLRESP,PR,2576
S0267,ARM2,CBOR,PR,56
S0269,ARM2,OVRLRESP,SD,28
S0269,ARM2,OVRLRESP,PR,56
S0269,ARM2,OVRLRESP,PR,84
S0269,ARM2,OVRLRESP,PR,112
S0269,ARM2,OVRLRESP,PR,140
S0269,ARM2,OVRLRESP,PR,168
S0269,ARM2,OVRLRESP,PR,196
S0269,ARM2,OVRLRESP,PR,224
S0269,ARM2,OVRLRESP,PR,252
S0269,ARM2,OVRLRESP,PR,280
S0269,ARM2,OVRLRESP,PD,308
S0269,ARM2,CBOR,PR,56
S0270,ARM2,OVRLRESP,SD,28
S0270,ARM2,OVRLRESP,CR,56
S0270,ARM2,OVRLRESP,CR,84
S0270,ARM2,OVRLRESP,CR,112
S0270,ARM2,OVRLRESP,CR,140
S0270,ARM2,OVRLRESP,CR,168
S0270,ARM2,OVRLRESP,CR,196
S0270,ARM2,OVRLRESP,CR,224
S0270,ARM2,OVRLRESP,CR,252
S0270,ARM2,OVRLRESP,CR,280
S0270,ARM2,OVRLRESP,CR,308
S0270,ARM2,OVRLRESP,CR,336
S0270,ARM2,OVRLRESP,CR,364
S0270,ARM2,OVRLRESP,CR,392
S0270,ARM2,OVRLRESP,CR,420
S0270,ARM2,OVRLRESP,CR,448
S0270,ARM2,OVRLRESP,CR,476
S0270,ARM2,OVRLRESP,CR,504
S0270,ARM2,OVRLRESP,CR,532
S0270,ARM2,OVRLRESP,CR,560
S0270,ARM2,OVRLRESP,CR,588
S0270,ARM2,OVRLRESP,CR,616
S0270,ARM2,OVRLRESP,CR,644
S0270,ARM2,OVRLRESP,CR,672
S0270,ARM2,OVRLRESP,CR,700
S0270,ARM2,OVRLRESP,CR,728
S0270,ARM2,OVRLRESP,CR,756
S0270,ARM2,OVRLRESP,CR,784
S0270,ARM2,OVRLRESP,CR,812
S0270,ARM2,OVRLRESP,CR,840
S0270,ARM2,OVRLRESP,CR,868
S0270,ARM2,OVRLRESP,CR,896
S0270,ARM2,OVRLRESP,CR,924
S0270,ARM2,OVRLRESP,CR,952
S0270,ARM2,OVRLRESP,CR,980
S0270,ARM2,OVRLRESP,CR,1008
S0270,ARM2,OVRLRESP,CR,1036
S0270,ARM2,OVRLRESP,CR,1064
S0270,ARM2,OVRLRESP,CR,1092
S0270,ARM2,OVRLRESP,CR,1120
S0270,ARM2,OVRLRESP,CR,1148
S0270,ARM2,OVRLRESP,CR,1176
S0270,ARM2,OVRLRESP,CR,1204
S0270,ARM2,OVRLRESP,CR,1232
S0270,ARM2,OVRLRESP,PD,1260
S0270,ARM2,CBOR,CR,56
S0272,ARM2,OVRLRESP,SD,28
S0272,ARM2,OVRLRESP,SD,56
S0272,ARM2,OVRLRESP,SD,84
S0272,ARM2,OVRLRESP,SD,112
S0272,ARM2,OVRLRESP,SD,140
S0272,ARM2,OVRLRESP,SD,168
S0272,ARM2,OVRLRESP,SD,196
S0272,ARM2,OVRLRESP,SD,224
S0272,ARM2,OVRLRESP,SD,252
S0272,ARM2,OVRLRESP,SD,280
S0272,ARM2,OVRLRESP,SD,308
S0272,ARM2,OVRLRESP,SD,336
S0272,ARM2,OVRLRESP,SD,364
S0272,ARM2,OVRLRESP,SD,392
S0272,ARM2,OVRLRESP,SD,420
S0272,ARM2,OVRLRESP,SD,448
S0272,ARM2,OVRLRESP,PD,476
S0272,ARM2,CBOR,SD,56
S0274,ARM2,OVRLRESP,SD,28
S0274,ARM2,OVRLRESP,PR,56
S0274,ARM2,OVRLRESP,PR,84
S0274,ARM2,OVRLRESP,PR,112
S0274,ARM2,OVRLRESP,PR,140
S0274,ARM2,OVRLRESP,PR,168
S0274,ARM2,OVRLRESP,PR,196
S0274,ARM2,OVRLRESP,PR,224
S0274,ARM2,OVRLRESP,PR,252
S0274,ARM2,OVRLRESP,PR,280
S0274,ARM2,OVRLRESP,PR,308
S0274,ARM2,OVRLRESP,PR,336
S0274,ARM2,OVRLRESP,PR,364
S0274,ARM2,OVRLRESP,PR,392
S0274,ARM2,OVRLRESP,PR,420
S0274,ARM2,OVRLRESP,PR,448
S0274,ARM2,OVRLRESP,PR,476
S0274,ARM2,OVRLRESP,PR,504
S0274,ARM2,OVRLRESP,PR,532
S0274,ARM2,OVRLRESP,PR,560
S0274,ARM2,OVRLRESP,PR,588
S0274,ARM2,OVRLRESP,PR,616
S0274,ARM2,OVRLRESP,PR,644
S0274,ARM2,OVRLRESP,PR,672
S0274,ARM2,OVRLRESP,PR,700
S0274,ARM2,OVRLRESP,PR,728
S0274,ARM2,OVRLRESP,PR,756
S0274,ARM2,OVRLRESP,PR,784
S0274,ARM2,OVRLRESP,PR,812
S0274,ARM2,OVRLRESP,PR,840
S0274,ARM2,OVRLRESP,PR,868
S0274,ARM2,OVRLRESP,PR,896
S0274,ARM2,OVRLRESP,PR,924
S0274,ARM2,OVRLRESP,PR,952
S0274,ARM2,OVRLRESP,PR,980
S0274,ARM2,OVRLRESP,PR,1008
S0274,ARM2,OVRLRESP,PR,1036
S0274,ARM2,OVRLRESP,PR,1064
S0274,ARM2,OVRLRESP,PR,1092
S0274,ARM2,OVRLRESP,PR,1120
S0274,ARM2,OVRLRESP,PR,1148
S0274,ARM2,OVRLRESP,PR,1176
S0274,ARM2,OVRLRESP,PR,1204
S0274,ARM2,OVRLRESP,PR,1232
S0274,ARM2,OVRLRESP,PR,1260
S0274,ARM2,OVRLRESP,PR,1288
S0274,ARM2,OVRLRESP,PR,1316
S0274,ARM2,OVRLRESP,PR,1344
S0274,ARM2,OVRLRESP,PR,1372
S0274,ARM2,OVRLRESP,PR,1400
S0274,ARM2,OVRLRESP,PR,1428
S0274,ARM2,OVRLRESP,PR,1456
S0274,ARM2,OVRLRESP,PR,1484
S0274,ARM2,OVRLRESP,PR,1512
S0274,ARM2,OVRLRESP,PR,1540
S0274,ARM2,OVRLRESP,PR,1568
S0274,ARM2,OVRLRESP,PR,1596
S0274,ARM2,OVRLRESP,PR,1624
S0274,ARM2,OVRLRESP,PR,1652
S0274,ARM2,OVRLRESP,PR,1680
S0274,ARM2,OVRLRESP,PR,1708
S0274,ARM2,OVRLRESP,PR,1736
S0274,ARM2,OVRLRESP,PR,1764
S0274,ARM2,OVRLRESP,PR,1792
S0274,ARM2,OVRLRESP,PR,1820
S0274,ARM2,OVRLRESP,PR,1848
S0274,ARM2,OVRLRESP,PR,1876
S0274,ARM2,OVRLRESP,PR,1904
S0274,ARM2,OVRLRESP,PR,1932
S0274,ARM2,OVRLRESP,PR,1960
S0274,ARM2,OVRLRESP,PR,1988
S0274,ARM2,OVRLRESP,PR,2016
S0274,ARM2,OVRLRESP,PR,2044
S0274,ARM2,OVRLRESP,PR,2072
S0274,ARM2,OVRLRESP,PR,2100
S0274,ARM2,OVRLRESP,PR,2128
S0274,ARM2,OVRLRESP,PR,2156
S0274,ARM2,OVRLRESP,PR,2184
S0274,ARM2,OVRLRESP,PR,2212
S0274,ARM2,OVRLRESP,PR,2240
S0274,ARM2,OVRLRESP,PR,2268
S0274,ARM2,OVRLRESP,PR,2296
S0274,ARM2,OVRLRESP,PR,2324
S0274,ARM2,OVRLRESP,PR,2352
S0274,ARM2,OVRLRESP,PR,2380
S0274,ARM2,OVRLRESP,PR,2408
S0274,ARM2,OVRLRESP,PR,2436
S0274,ARM2,OVRLRESP,PR,2464
S0274,ARM2,OVRLRESP,PR,2492
S0274,ARM2,OVRLRESP,PR,2520
S0274,ARM2,OVRLRESP,PR,2548
S0274,ARM2,OVRLRESP,PR,2576
S0274,ARM2,OVRLRESP,PR,2604
S0274,ARM2,OVRLRESP,PR,2632
S0274,ARM2,OVRLRESP,PR,2660
S0274,ARM2,OVRLRESP,PR,2688
S0274,ARM2,OVRLRESP,PR,2716
S0274,ARM2,OVRLRESP,PR,2744
S0274,ARM2,OVRLRESP,PR,2772
S0274,ARM2,CBOR,PR,56
S0275,ARM2,OVRLRESP,SD,28
S0275,ARM2,OVRLRESP,CR,56
S0275,ARM2,OVRLRESP,CR,84
S0275,ARM2,OVRLRESP,CR,112
S0275,ARM2,OVRLRESP,CR,140
S0275,ARM2,OVRLRESP,CR,168
S0275,ARM2,OVRLRESP,CR,196
S0275,ARM2,OVRLRESP,CR,224
S0275,ARM2,OVRLRESP,CR,252
S0275,ARM2,OVRLRESP,CR,280
S0275,ARM2,OVRLRESP,CR,308
S0275,ARM2,OVRLRESP,CR,336
S0275,ARM2,OVRLRESP,CR,364
S0275,ARM2,OVRLRESP,CR,392
S0275,ARM2,OVRLRESP,CR,420
S0275,ARM2,OVRLRESP,CR,448
S0275,ARM2,OVRLRESP,CR,476
S0275,ARM2,OVRLRESP,CR,504
S0275,ARM2,OVRLRESP,CR,532
S0275,ARM2,OVRLRESP,CR,560
S0275,ARM2,OVRLRESP,CR,588
S0275,ARM2,OVRLRESP,CR,616
S0275,ARM2,OVRLRESP,CR,644
S0275,ARM2,OVRLRESP,CR,672
S0275,ARM2,OVRLRESP,CR,700
S0275,ARM2,OVRLRESP,CR,728
S0275,ARM2,OVRLRESP,CR,756
S0275,ARM2,OVRLRESP,PR,784
S0275,ARM2,OVRLRESP,PR,812
S0275,ARM2,OVRLRESP,PR,840
S0275,ARM2,OVRLRESP,PR,868
S0275,ARM2,OVRLRESP,PR,896
S0275,ARM2,OVRLRESP,PR,924
S0275,ARM2,OVRLRESP,PR,952
S0275,ARM2,OVRLRESP,PR,980
S0275,ARM2,OVRLRESP,PR,1008
S0275,ARM2,OVRLRESP,PR,1036
S0275,ARM2,OVRLRESP,PR,1064
S0275,ARM2,OVRLRESP,PR,1092
S0275,ARM2,OVRLRESP,PR,1120
S0275,ARM2,OVRLRESP,PR,1148
S0275,ARM2,OVRLRESP,PR,1176
S0275,ARM2,OVRLRESP,PR,1204
S0275,ARM2,OVRLRESP,PR,1232
S0275,ARM2,OVRLRESP,PR,1260
S0275,ARM2,OVRLRESP,PR,1288
S0275,ARM2,OVRLRESP,PR,1316
S0275,ARM2,OVRLRESP,PR,1344
S0275,ARM2,OVRLRESP,PR,1372
S0275,ARM2,OVRLRESP,PR,1400
S0275,ARM2,OVRLRESP,PR,1428
S0275,ARM2,OVRLRESP,PR,1456
S0275,ARM2,OVRLRESP,PR,1484
S0275,ARM2,OVRLRESP,PR,1512
S0275,ARM2,OVRLRESP,PR,1540
S0275,ARM2,OVRLRESP,PR,1568
S0275,ARM2,OVRLRESP,PR,1596
S0275,ARM2,OVRLRESP,PR,1624
S0275,ARM2,OVRLRESP,PR,1652
S0275,ARM2,OVRLRESP,PR,1680
S0275,ARM2,OVRLRESP,PR,1708
S0275,ARM2,OVRLRESP,PR,1736
S0275,ARM2,OVRLRESP,PR,1764
S0275,ARM2,OVRLRESP,PR,1792
S0275,ARM2,OVRLRESP,PR,1820
S0275,ARM2,OVRLRESP,PR,1848
S0275,ARM2,OVRLRESP,PR,1876
S0275,ARM2,OVRLRESP,PR,1904
S0275,ARM2,OVRLRESP,PR,1932
S0275,ARM2,OVRLRESP,PR,1960
S0275,ARM2,CBOR,CR,56
S0276,ARM2,OVRLRESP,SD,28
S0276,ARM2,OVRLRESP,SD,56
S0276,ARM2,OVRLRESP,SD,84
S0276,ARM2,OVRLRESP,SD,112
S0276,ARM2,OVRLRESP,SD,140
S0276,ARM2,OVRLRESP,SD,168
S0276,ARM2,OVRLRESP,SD,196
S0276,ARM2,OVRLRESP,SD,224
S0276,ARM2,OVRLRESP,SD,252
S0276,ARM2,OVRLRESP,SD,280
S0276,ARM2,OVRLRESP,SD,308
S0276,ARM2,OVRLRESP,SD,336
S0276,ARM2,OVRLRESP,SD,364
S0276,ARM2,OVRLRESP,SD,392
S0276,ARM2,OVRLRESP,SD,420
S0276,ARM2,OVRLRESP,SD,448
S0276,ARM2,OVRLRESP,SD,476
S0276,ARM2,OVRLRESP,SD,504
S0276,ARM2,OVRLRESP,SD,532
S0276,ARM2,OVRLRESP,SD,560
S0276,ARM2,OVRLRESP,SD,588
S0276,ARM2,OVRLRESP,SD,616
S0276,ARM2,OVRLRESP,SD,644
S0276,ARM2,OVRLRESP,SD,672
S0276,ARM2,OVRLRESP,SD,700
S0276,ARM2,OVRLRESP,SD,728
S0276,ARM2,OVRLRESP,SD,756
S0276,ARM2,OVRLRESP,SD,784
S0276,ARM2,OVRLRESP,PD,812
S0276,ARM2,CBOR,SD,56
S0277,ARM2,OVRLRESP,SD,28
S0277,ARM2,OVRLRESP,PR,56
S0277,ARM2,OVRLRESP,PR,84
S0277,ARM2,OVRLRESP,PR,112
S0277,ARM2,OVRLRESP,PR,140
S0277,ARM2,OVRLRESP,PR,168
S0277,ARM2,OVRLRESP,PD,196
S0277,ARM2,CBOR,PR,56
S0278,ARM2,OVRLRESP,SD,28
S0278,ARM2,OVRLRESP,SD,56
S0278,ARM2,OVRLRESP,SD,84
S0278,ARM2,OVRLRESP,SD,112
S0278,ARM2,OVRLRESP,SD,140
S0278,ARM2,OVRLRESP,SD,168
S0278,ARM2,OVRLRESP,SD,196
S0278,ARM2,OVRLRESP,SD,224
S0278,ARM2,OVRLRESP,SD,252
S0278,ARM2,OVRLRESP,SD,280
S0278,ARM2,OVRLRESP,SD,308
S0278,ARM2,OVRLRESP,SD,336
S0278,ARM2,OVRLRESP,SD,364
S0278,ARM2,OVRLRESP,SD,392
S0278,ARM2,OVRLRESP,SD,420
S0278,ARM2,OVRLRESP,SD,448
S0278,ARM2,OVRLRESP,SD,476
S0278,ARM2,OVRLRESP,SD,504
S0278,ARM2,OVRLRESP,SD,532
S0278,ARM2,OVRLRESP,SD,560
S0278,ARM2,OVRLRESP,SD,588
S0278,ARM2,OVRLRESP,SD,616
S0278,ARM2,OVRLRESP,SD,644
S0278,ARM2,OVRLRESP,SD,672
S0278,ARM2,OVRLRESP,SD,700
S0278,ARM2,OVRLRESP,SD,728
S0278,ARM2,OVRLRESP,SD,756
S0278,ARM2,OVRLRESP,SD,784
S0278,ARM2,OVRLRESP,SD,812
S0278,ARM2,OVRLRESP,SD,840
S0278,ARM2,OVRLRESP,SD,868
S0278,ARM2,OVRLRESP,SD,896
S0278,ARM2,OVRLRESP,SD,924
S0278,ARM2,OVRLRESP,SD,952
S0278,ARM2,OVRLRESP,SD,980
S0278,ARM2,OVRLRESP,SD,1008
S0278,ARM2,OVRLRESP,SD,1036
S0278,ARM2,OVRLRESP,SD,1064
S0278,ARM2,OVRLRESP,SD,1092
S0278,ARM2,OVRLRESP,SD,1120
S0278,ARM2,OVRLRESP,SD,1148
S0278,ARM2,OVRLRESP,SD,1176
S0278,ARM2,OVRLRESP,SD,1204
S0278,ARM2,OVRLRESP,SD,1232
S0278,ARM2,OVRLRESP,SD,1260
S0278,ARM2,OVRLRESP,SD,1288
S0278,ARM2,OVRLRESP,PD,1316
S0278,ARM2,CBOR,SD,56
S0279,ARM2,OVRLRESP,SD,28
S0279,ARM2,OVRLRESP,PR,56
S0279,ARM2,OVRLRESP,PR,84
S0279,ARM2,OVRLRESP,PR,112
S0279,ARM2,OVRLRESP,PR,140
S0279,ARM2,CBOR,PR,56
S0280,ARM2,OVRLRESP,SD,28
S0280,ARM2,OVRLRESP,PR,56
S0280,ARM2,OVRLRESP,PR,84
S0280,ARM2,OVRLRESP,PR,112
S0280,ARM2,OVRLRESP,PR,140
S0280,ARM2,OVRLRESP,PR,168
S0280,ARM2,OVRLRESP,PR,196
S0280,ARM2,OVRLRESP,PR,224
S0280,ARM2,OVRLRESP,PR,252
S0280,ARM2,OVRLRESP,PR,280
S0280,ARM2,OVRLRESP,PR,308
S0280,ARM2,OVRLRESP,PR,336
S0280,ARM2,OVRLRESP,PR,364
S0280,ARM2,OVRLRESP,PR,392
S0280,ARM2,OVRLRESP,PR,420
S0280,ARM2,OVRLRESP,PR,448
S0280,ARM2,OVRLRESP,PR,476
S0280,ARM2,OVRLRESP,PR,504
S0280,ARM2,OVRLRESP,PR,532
S0280,ARM2,OVRLRESP,PR,560
S0280,ARM2,OVRLRESP,PR,588
S0280,ARM2,OVRLRESP,PR,616
S0280,ARM2,OVRLRESP,PR,644
S0280,ARM2,OVRLRESP,PR,672
S0280,ARM2,OVRLRESP,PR,700
S0280,ARM2,OVRLRESP,PR,728
S0280,ARM2,OVRLRESP,PR,756
S0280,ARM2,OVRLRESP,PR,784
S0280,ARM2,OVRLRESP,PR,812
S0280,ARM2,OVRLRESP,PR,840
S0280,ARM2,OVRLRESP,PR,868
S0280,ARM2,OVRLRESP,PR,896
S0280,ARM2,OVRLRESP,PR,924
S0280,ARM2,OVRLRESP,PR,952
S0280,ARM2,OVRLRESP,PR,980
S0280,ARM2,OVRLRESP,PR,1008
S0280,ARM2,OVRLRESP,PR,1036
S0280,ARM2,OVRLRESP,PR,1064
S0280,ARM2,OVRLRESP,PR,1092
S0280,ARM2,OVRLRESP,PR,1120
S0280,ARM2,OVRLRESP,PR,1148
S0280,ARM2,OVRLRESP,PR,1176
S0280,ARM2,OVRLRESP,PR,1204
S0280,ARM2,OVRLRESP,PR,1232
S0280,ARM2,OVRLRESP,PR,1260
S0280,ARM2,OVRLRESP,PR,1288
S0280,ARM2,OVRLRESP,PR,1316
S0280,ARM2,OVRLRESP,PR,1344
S0280,ARM2,OVRLRESP,PR,1372
S0280,ARM2,OVRLRESP,PR,1400
S0280,ARM2,OVRLRESP,PR,1428
S0280,ARM2,OVRLRESP,PR,1456
S0280,ARM2,OVRLRESP,PR,1484
S0280,ARM2,OVRLRESP,PR,1512
S0280,ARM2,OVRLRESP,PR,1540
S0280,ARM2,OVRLRESP,PR,1568
S0280,ARM2,OVRLRESP,PR,1596
S0280,ARM2,OVRLRESP,PR,1624
S0280,ARM2,OVRLRESP,PR,1652
S0280,ARM2,OVRLRESP,PR,1680
S0280,ARM2,OVRLRESP,PR,1708
S0280,ARM2,OVRLRESP,PR,1736
S0280,ARM2,OVRLRESP,PR,1764
S0280,ARM2,OVRLRESP,PR,1792
S0280,ARM2,OVRLRESP,PR,1820
S0280,ARM2,OVRLRESP,PR,1848
S0280,ARM2,OVRLRESP,PR,1876
S0280,ARM2,OVRLRESP,PR,1904
S0280,ARM2,OVRLRESP,PR,1932
S0280,ARM2,OVRLRESP,PR,1960
S0280,ARM2,OVRLRESP,PR,1988
S0280,ARM2,OVRLRESP,PR,2016
S0280,ARM2,OVRLRESP,PR,2044
S0280,ARM2,OVRLRESP,PR,2072
S0280,ARM2,OVRLRESP,PR,2100
S0280,ARM2,OVRLRESP,PR,2128
S0280,ARM2,OVRLRESP,PR,2156
S0280,ARM2,OVRLRESP,PR,2184
S0280,ARM2,OVRLRESP,PR,2212
S0280,ARM2,OVRLRESP,PR,2240
S0280,ARM2,OVRLRESP,PR,2268
S0280,ARM2,OVRLRESP,PR,2296
S0280,ARM2,CBOR,PR,56
S0281,ARM2,OVRLRESP,SD,28
S0281,ARM2,OVRLRESP,CR,56
S0281,ARM2,OVRLRESP,CR,84
S0281,ARM2,OVRLRESP,CR,112
S0281,ARM2,OVRLRESP,CR,140
S0281,ARM2,OVRLRESP,CR,168
S0281,ARM2,OVRLRESP,CR,196
S0281,ARM2,OVRLRESP,CR,224
S0281,ARM2,OVRLRESP,CR,252
S0281,ARM2,OVRLRESP,CR,280
S0281,ARM2,OVRLRESP,CR,308
S0281,ARM2,OVRLRESP,CR,336
S0281,ARM2,OVRLRESP,CR,364
S0281,ARM2,OVRLRESP,CR,392
S0281,ARM2,OVRLRESP,CR,420
S0281,ARM2,OVRLRESP,CR,448
S0281,ARM2,OVRLRESP,CR,476
S0281,ARM2,OVRLRESP,CR,504
S0281,ARM2,OVRLRESP,CR,532
S0281,ARM2,OVRLRESP,CR,560
S0281,ARM2,OVRLRESP,CR,588
S0281,ARM2,OVRLRESP,CR,616
S0281,ARM2,OVRLRESP,CR,644
S0281,ARM2,OVRLRESP,CR,672
S0281,ARM2,OVRLRESP,CR,700
S0281,ARM2,OVRLRESP,CR,728
S0281,ARM2,OVRLRESP,CR,756
S0281,ARM2,OVRLRESP,CR,784
S0281,ARM2,OVRLRESP,CR,812
S0281,ARM2,OVRLRESP,CR,840
S0281,ARM2,OVRLRESP,CR,868
S0281,ARM2,OVRLRESP,CR,896
S0281,ARM2,OVRLRESP,CR,924
S0281,ARM2,OVRLRESP,CR,952
S0281,ARM2,OVRLRESP,CR,980
S0281,ARM2,OVRLRESP,CR,1008
S0281,ARM2,OVRLRESP,CR,1036
S0281,ARM2,OVRLRESP,CR,1064
S0281,ARM2,OVRLRESP,CR,1092
S0281,ARM2,OVRLRESP,CR,1120
S0281,ARM2,OVRLRESP,CR,1148
S0281,ARM2,OVRLRESP,CR,1176
S0281,ARM2,OVRLRESP,CR,1204
S0281,ARM2,OVRLRESP,CR,1232
S0281,ARM2,OVRLRESP,CR,1260
S0281,ARM2,OVRLRESP,CR,1288
S0281,ARM2,OVRLRESP,CR,1316
S0281,ARM2,OVRLRESP,CR,1344
S0281,ARM2,OVRLRESP,CR,1372
S0281,ARM2,OVRLRESP,CR,1400
S0281,ARM2,OVRLRESP,CR,1428
S0281,ARM2,OVRLRESP,CR,1456
S0281,ARM2,OVRLRESP,CR,1484
S0281,ARM2,OVRLRESP,CR,1512
S0281,ARM2,OVRLRESP,CR,1540
S0281,ARM2,OVRLRESP,CR,1568
S0281,ARM2,OVRLRESP,CR,1596
S0281,ARM2,OVRLRESP,CR,1624
S0281,ARM2,OVRLRESP,CR,1652
S0281,ARM2,OVRLRESP,CR,1680
S0281,ARM2,OVRLRESP,CR,1708
S0281,ARM2,OVRLRESP,CR,1736
S0281,ARM2,OVRLRESP,CR,1764
S0281,ARM2,OVRLRESP,CR,1792
S0281,ARM2,OVRLRESP,CR,1820
S0281,ARM2,OVRLRESP,CR,1848
S0281,ARM2,OVRLRESP,CR,1876
S0281,ARM2,OVRLRESP,CR,1904
S0281,ARM2,OVRLRESP,CR,1932
S0281,ARM2,OVRLRESP,CR,1960
S0281,ARM2,OVRLRESP,CR,1988
S0281,ARM2,OVRLRESP,CR,2016
S0281,ARM2,OVRLRESP,CR,2044
S0281,ARM2,OVRLRESP,CR,2072
S0281,ARM2,OVRLRESP,CR,2100
S0281,ARM2,OVRLRESP,CR,2128
S0281,ARM2,OVRLRESP,CR,2156
S0281,ARM2,OVRLRESP,CR,2184
S0281,ARM2,OVRLRESP,CR,2212
S0281,ARM2,OVRLRESP,CR,2240
S0281,ARM2,OVRLRESP,CR,2268
S0281,ARM2,OVRLRESP,PR,2296
S0281,ARM2,OVRLRESP,PR,2324
S0281,ARM2,OVRLRESP,PR,2352
S0281,ARM2,OVRLRESP,PR,2380
S0281,ARM2,OVRLRESP,PR,2408
S0281,ARM2,OVRLRESP,PR,2436
S0281,ARM2,OVRLRESP,PR,2464
S0281,ARM2,OVRLRESP,PR,2492
S0281,ARM2,OVRLRESP,PR,2520
S0281,ARM2,OVRLRESP,PR,2548
S0281,ARM2,OVRLRESP,PR,2576
S0281,ARM2,OVRLRESP,PR,2604
S0281,ARM2,OVRLRESP,PR,2632
S0281,ARM2,CBOR,CR,56
S0282,ARM2,OVRLRESP,SD,28
S0282,ARM2,OVRLRESP,PR,56
S0282,ARM2,OVRLRESP,PR,84
S0282,ARM2,OVRLRESP,PR,112
S0282,ARM2,OVRLRESP,PR,140
S0282,ARM2,OVRLRESP,PR,168
S0282,ARM2,OVRLRESP,PR,196
S0282,ARM2,OVRLRESP,PR,224
S0282,ARM2,OVRLRESP,PR,252
S0282,ARM2,OVRLRESP,PR,280
S0282,ARM2,OVRLRESP,PR,308
S0282,ARM2,OVRLRESP,PR,336
S0282,ARM2,OVRLRESP,PR,364
S0282,ARM2,OVRLRESP,PR,392
S0282,ARM2,OVRLRESP,PR,420
S0282,ARM2,OVRLRESP,PR,448
S0282,ARM2,OVRLRESP,PR,476
S0282,ARM2,OVRLRESP,PR,504
S0282,ARM2,OVRLRESP,PR,532
S0282,ARM2,OVRLRESP,PR,560
S0282,ARM2,OVRLRESP,PR,588
S0282,ARM2,OVRLRESP,PR,616
S0282,ARM2,OVRLRESP,PR,644
S0282,ARM2,OVRLRESP,PR,672
S0282,ARM2,OVRLRESP,PR,700
S0282,ARM2,OVRLRESP,PR,728
S0282,ARM2,OVRLRESP,PR,756
S0282,ARM2,OVRLRESP,PR,784
S0282,ARM2,OVRLRESP,PR,812
S0282,ARM2,OVRLRESP,PR,840
S0282,ARM2,OVRLRESP,PR,868
S0282,ARM2,OVRLRESP,PR,896
S0282,ARM2,OVRLRESP,PR,924
S0282,ARM2,OVRLRESP,PR,952
S0282,ARM2,OVRLRESP,PR,980
S0282,ARM2,OVRLRESP,PR,1008
S0282,ARM2,OVRLRESP,PR,1036
S0282,ARM2,OVRLRESP,PR,1064
S0282,ARM2,OVRLRESP,PR,1092
S0282,ARM2,OVRLRESP,PR,1120
S0282,ARM2,OVRLRESP,PR,1148
S0282,ARM2,OVRLRESP,PR,1176
S0282,ARM2,OVRLRESP,PR,1204
S0282,ARM2,OVRLRESP,PR,1232
S0282,ARM2,OVRLRESP,PR,1260
S0282,ARM2,OVRLRESP,PR,1288
S0282,ARM2,OVRLRESP,PR,1316
S0282,ARM2,OVRLRESP,PR,1344
S0282,ARM2,OVRLRESP,PR,1372
S0282,ARM2,OVRLRESP,PR,1400
S0282,ARM2,OVRLRESP,PR,1428
S0282,ARM2,OVRLRESP,PR,1456
S0282,ARM2,OVRLRESP,PR,1484
S0282,ARM2,OVRLRESP,PR,1512
S0282,ARM2,OVRLRESP,PR,1540
S0282,ARM2,OVRLRESP,PR,1568
S0282,ARM2,OVRLRESP,PR,1596
S0282,ARM2,OVRLRESP,PR,1624
S0282,ARM2,OVRLRESP,PR,1652
S0282,ARM2,OVRLRESP,PR,1680
S0282,ARM2,OVRLRESP,PR,1708
S0282,ARM2,OVRLRESP,PR,1736
S0282,ARM2,OVRLRESP,PR,1764
S0282,ARM2,OVRLRESP,PR,1792
S0282,ARM2,OVRLRESP,PR,1820
S0282,ARM2,OVRLRESP,PR,1848
S0282,ARM2,OVRLRESP,PR,1876
S0282,ARM2,OVRLRESP,PR,1904
S0282,ARM2,OVRLRESP,PR,1932
S0282,ARM2,OVRLRESP,PR,1960
S0282,ARM2,OVRLRESP,PR,1988
S0282,ARM2,OVRLRESP,PR,2016
S0282,ARM2,OVRLRESP,PR,2044
S0282,ARM2,OVRLRESP,PR,2072
S0282,ARM2,OVRLRESP,PR,2100
S0282,ARM2,OVRLRESP,PR,2128
S0282,ARM2,OVRLRESP,PR,2156
S0282,ARM2,OVRLRESP,PR,2184
S0282,ARM2,OVRLRESP,PR,2212
S0282,ARM2,OVRLRESP,PR,2240
S0282,ARM2,OVRLRESP,PR,2268
S0282,ARM2,OVRLRESP,PR,2296
S0282,ARM2,OVRLRESP,PR,2324
S0282,ARM2,OVRLRESP,PR,2352
S0282,ARM2,OVRLRESP,PR,2380
S0282,ARM2,OVRLRESP,PR,2408
S0282,ARM2,OVRLRESP,PR,2436
S0282,ARM2,OVRLRESP,PR,2464
S0282,ARM2,OVRLRESP,PR,2492
S0282,ARM2,OVRLRESP,PR,2520
S0282,ARM2,OVRLRESP,PR,2548
S0282,ARM2,OVRLRESP,PR,2576
S0282,ARM2,OVRLRESP,PR,2604
S0282,ARM2,OVRLRESP,PR,2632
S0282,ARM2,OVRLRESP,PR,2660
S0282,ARM2,OVRLRESP,PR,2688
S0282,ARM2,OVRLRESP,PR,2716
S0282,ARM2,OVRLRESP,PR,2744
S0282,ARM2,CBOR,PR,56
S0284,ARM2,OVRLRESP,SD,28
S0284,ARM2,OVRLRESP,PR,56
S0284,ARM2,OVRLRESP,PR,84
S0284,ARM2,OVRLRESP,PR,112
S0284,ARM2,OVRLRESP,PR,140
S0284,ARM2,OVRLRESP,PR,168
S0284,ARM2,OVRLRESP,PR,196
S0284,ARM2,OVRLRESP,PR,224
S0284,ARM2,OVRLRESP,PR,252
S0284,ARM2,OVRLRESP,PR,280
S0284,ARM2,OVRLRESP,PR,308
S0284,ARM2,OVRLRESP,PR,336
S0284,ARM2,OVRLRESP,PR,364
S0284,ARM2,OVRLRESP,PR,392
S0284,ARM2,OVRLRESP,PR,420
S0284,ARM2,OVRLRESP,PR,448
S0284,ARM2,OVRLRESP,PR,476
S0284,ARM2,OVRLRESP,PR,504
S0284,ARM2,OVRLRESP,PR,532
S0284,ARM2,OVRLRESP,PR,560
S0284,ARM2,OVRLRESP,PR,588
S0284,ARM2,OVRLRESP,PR,616
S0284,ARM2,OVRLRESP,PR,644
S0284,ARM2,OVRLRESP,PR,672
S0284,ARM2,OVRLRESP,PR,700
S0284,ARM2,OVRLRESP,PR,728
S0284,ARM2,OVRLRESP,PR,756
S0284,ARM2,OVRLRESP,PR,784
S0284,ARM2,OVRLRESP,PR,812
S0284,ARM2,OVRLRESP,PR,840
S0284,ARM2,OVRLRESP,PR,868
S0284,ARM2,OVRLRESP,PR,896
S0284,ARM2,OVRLRESP,PR,924
S0284,ARM2,OVRLRESP,PR,952
S0284,ARM2,OVRLRESP,PR,980
S0284,ARM2,OVRLRESP,PR,1008
S0284,ARM2,OVRLRESP,PR,1036
S0284,ARM2,OVRLRESP,PR,1064
S0284,ARM2,OVRLRESP,PR,1092
S0284,ARM2,OVRLRESP,PR,1120
S0284,ARM2,OVRLRESP,PR,1148
S0284,ARM2,OVRLRESP,PR,1176
S0284,ARM2,OVRLRESP,PR,1204
S0284,ARM2,OVRLRESP,PR,1232
S0284,ARM2,OVRLRESP,PR,1260
S0284,ARM2,OVRLRESP,PR,1288
S0284,ARM2,OVRLRESP,PR,1316
S0284,ARM2,OVRLRESP,PR,1344
S0284,ARM2,OVRLRESP,PR,1372
S0284,ARM2,OVRLRESP,PR,1400
S0284,ARM2,OVRLRESP,PR,1428
S0284,ARM2,OVRLRESP,PR,1456
S0284,ARM2,OVRLRESP,PR,1484
S0284,ARM2,OVRLRESP,PR,1512
S0284,ARM2,OVRLRESP,PR,1540
S0284,ARM2,OVRLRESP,PR,1568
S0284,ARM2,OVRLRESP,PR,1596
S0284,ARM2,OVRLRESP,PR,1624
S0284,ARM2,OVRLRESP,PR,1652
S0284,ARM2,OVRLRESP,PR,1680
S0284,ARM2,OVRLRESP,PR,1708
S0284,ARM2,OVRLRESP,PR,1736
S0284,ARM2,OVRLRESP,PR,1764
S0284,ARM2,OVRLRESP,PR,1792
S0284,ARM2,OVRLRESP,PR,1820
S0284,ARM2,OVRLRESP,PR,1848
S0284,ARM2,OVRLRESP,PR,1876
S0284,ARM2,OVRLRESP,PR,1904
S0284,ARM2,OVRLRESP,PR,1932
S0284,ARM2,OVRLRESP,PR,1960
S0284,ARM2,OVRLRESP,PR,1988
S0284,ARM2,OVRLRESP,PR,2016
S0284,ARM2,OVRLRESP,PR,2044
S0284,ARM2,OVRLRESP,PR,2072
S0284,ARM2,OVRLRESP,PR,2100
S0284,ARM2,OVRLRESP,PR,2128
S0284,ARM2,OVRLRESP,PR,2156
S0284,ARM2,OVRLRESP,PR,2184
S0284,ARM2,OVRLRESP,PR,2212
S0284,ARM2,OVRLRESP,PR,2240
S0284,ARM2,OVRLRESP,PR,2268
S0284,ARM2,OVRLRESP,PR,2296
S0284,ARM2,OVRLRESP,PR,2324
S0284,ARM2,OVRLRESP,PR,2352
S0284,ARM2,OVRLRESP,PR,2380
S0284,ARM2,OVRLRESP,PR,2408
S0284,ARM2,OVRLRESP,PR,2436
S0284,ARM2,OVRLRESP,PR,2464
S0284,ARM2,OVRLRESP,PR,2492
S0284,ARM2,OVRLRESP,PR,2520
S0284,ARM2,OVRLRESP,PR,2548
S0284,ARM2,OVRLRESP,PR,2576
S0284,ARM2,OVRLRESP,PR,2604
S0284,ARM2,OVRLRESP,PR,2632
S0284,ARM2,OVRLRESP,PR,2660
S0284,ARM2,OVRLRESP,PR,2688
S0284,ARM2,OVRLRESP,PR,2716
S0284,ARM2,OVRLRESP,PR,2744
S0284,ARM2,CBOR,PR,56
S0285,ARM2,OVRLRESP,SD,28
S0285,ARM2,OVRLRESP,PR,56
S0285,ARM2,OVRLRESP,PR,84
S0285,ARM2,OVRLRESP,PR,112
S0285,ARM2,OVRLRESP,PR,140
S0285,ARM2,OVRLRESP,PD,168
S0285,ARM2,CBOR,PR,56
S0287,ARM2,OVRLRESP,SD,28
S0287,ARM2,OVRLRESP,CR,56
S0287,ARM2,OVRLRESP,CR,84
S0287,ARM2,OVRLRESP,CR,112
S0287,ARM2,OVRLRESP,CR,140
S0287,ARM2,OVRLRESP,CR,168
S0287,ARM2,OVRLRESP,CR,196
S0287,ARM2,OVRLRESP,CR,224
S0287,ARM2,OVRLRESP,CR,252
S0287,ARM2,OVRLRESP,CR,280
S0287,ARM2,OVRLRESP,CR,308
S0287,ARM2,OVRLRESP,CR,336
S0287,ARM2,OVRLRESP,CR,364
S0287,ARM2,OVRLRESP,CR,392
S0287,ARM2,OVRLRESP,CR,420
S0287,ARM2,OVRLRESP,PR,448
S0287,ARM2,OVRLRESP,PR,476
S0287,ARM2,OVRLRESP,PR,504
S0287,ARM2,OVRLRESP,PR,532
S0287,ARM2,OVRLRESP,PR,560
S0287,ARM2,OVRLRESP,PR,588
S0287,ARM2,OVRLRESP,PR,616
S0287,ARM2,OVRLRESP,PR,644
S0287,ARM2,OVRLRESP,PR,672
S0287,ARM2,OVRLRESP,PR,700
S0287,ARM2,OVRLRESP,PR,728
S0287,ARM2,OVRLRESP,PR,756
S0287,ARM2,OVRLRESP,PR,784
S0287,ARM2,OVRLRESP,PR,812
S0287,ARM2,OVRLRESP,PR,840
S0287,ARM2,OVRLRESP,PR,868
S0287,ARM2,CBOR,CR,56
S0294,ARM2,OVRLRESP,SD,28
S0294,ARM2,OVRLRESP,CR,56
S0294,ARM2,OVRLRESP,CR,84
S0294,ARM2,OVRLRESP,CR,112
S0294,ARM2,OVRLRESP,CR,140
S0294,ARM2,OVRLRESP,CR,168
S0294,ARM2,OVRLRESP,CR,196
S0294,ARM2,OVRLRESP,CR,224
S0294,ARM2,OVRLRESP,CR,252
S0294,ARM2,OVRLRESP,CR,280
S0294,ARM2,OVRLRESP,CR,308
S0294,ARM2,OVRLRESP,CR,336
S0294,ARM2,OVRLRESP,CR,364
S0294,ARM2,OVRLRESP,CR,392
S0294,ARM2,OVRLRESP,CR,420
S0294,ARM2,OVRLRESP,PR,448
S0294,ARM2,OVRLRESP,PR,476
S0294,ARM2,OVRLRESP,PR,504
S0294,ARM2,OVRLRESP,PR,532
S0294,ARM2,OVRLRESP,PR,560
S0294,ARM2,OVRLRESP,PR,588
S0294,ARM2,OVRLRESP,PR,616
S0294,ARM2,OVRLRESP,PR,644
S0294,ARM2,OVRLRESP,PR,672
S0294,ARM2,OVRLRESP,PR,700
S0294,ARM2,OVRLRESP,PR,728
S0294,ARM2,OVRLRESP,PR,756
S0294,ARM2,OVRLRESP,PR,784
S0294,ARM2,OVRLRESP,PR,812
S0294,ARM2,OVRLRESP,PR,840
S0294,ARM2,OVRLRESP,PR,868
S0294,ARM2,OVRLRESP,PR,896
S0294,ARM2,OVRLRESP,PR,924
S0294,ARM2,OVRLRESP,PR,952
S0294,ARM2,OVRLRESP,PR,980
S0294,ARM2,OVRLRESP,PR,1008
S0294,ARM2,OVRLRESP,PR,1036
S0294,ARM2,OVRLRESP,PR,1064
S0294,ARM2,OVRLRESP,PR,1092
S0294,ARM2,OVRLRESP,PR,1120
S0294,ARM2,OVRLRESP,PR,1148
S0294,ARM2,OVRLRESP,PR,1176
S0294,ARM2,OVRLRESP,PR,1204
S0294,ARM2,OVRLRESP,PR,1232
S0294,ARM2,OVRLRESP,PR,1260
S0294,ARM2,OVRLRESP,PR,1288
S0294,ARM2,OVRLRESP,PR,1316
S0294,ARM2,OVRLRESP,PR,1344
S0294,ARM2,OVRLRESP,PR,1372
S0294,ARM2,OVRLRESP,PR,1400
S0294,ARM2,OVRLRESP,PR,1428
S0294,ARM2,OVRLRESP,PR,1456
S0294,ARM2,OVRLRESP,PR,1484
S0294,ARM2,OVRLRESP,PR,1512
S0294,ARM2,OVRLRESP,PR,1540
S0294,ARM2,OVRLRESP,PR,1568
S0294,ARM2,OVRLRESP,PR,1596
S0294,ARM2,OVRLRESP,PR,1624
S0294,ARM2,OVRLRESP,PR,1652
S0294,ARM2,OVRLRESP,PR,1680
S0294,ARM2,OVRLRESP,PR,1708
S0294,ARM2,OVRLRESP,PR,1736
S0294,ARM2,OVRLRESP,PR,1764
S0294,ARM2,OVRLRESP,PR,1792
S0294,ARM2,OVRLRESP,PR,1820
S0294,ARM2,OVRLRESP,PR,1848
S0294,ARM2,OVRLRESP,PR,1876
S0294,ARM2,OVRLRESP,PR,1904
S0294,ARM2,OVRLRESP,PR,1932
S0294,ARM2,OVRLRESP,PR,1960
S0294,ARM2,OVRLRESP,PR,1988
S0294,ARM2,OVRLRESP,PR,2016
S0294,ARM2,OVRLRESP,PR,2044
S0294,ARM2,OVRLRESP,PR,2072
S0294,ARM2,OVRLRESP,PR,2100
S0294,ARM2,CBOR,CR,56
S0295,ARM2,OVRLRESP,SD,28
S0295,ARM2,OVRLRESP,PR,56
S0295,ARM2,OVRLRESP,PR,84
S0295,ARM2,OVRLRESP,PR,112
S0295,ARM2,OVRLRESP,PR,140
S0295,ARM2,OVRLRESP,PR,168
S0295,ARM2,OVRLRESP,PR,196
S0295,ARM2,OVRLRESP,PR,224
S0295,ARM2,OVRLRESP,PR,252
S0295,ARM2,OVRLRESP,PR,280
S0295,ARM2,OVRLRESP,PR,308
S0295,ARM2,OVRLRESP,PR,336
S0295,ARM2,OVRLRESP,PR,364
S0295,ARM2,OVRLRESP,PR,392
S0295,ARM2,OVRLRESP,PD,420
S0295,ARM2,CBOR,PR,56
S0296,ARM2,OVRLRESP,SD,28
S0296,ARM2,OVRLRESP,SD,56
S0296,ARM2,OVRLRESP,PD,84
S0296,ARM2,CBOR,SD,56
S0298,ARM2,OVRLRESP,SD,28
S0298,ARM2,OVRLRESP,PR,56
S0298,ARM2,OVRLRESP,PR,84
S0298,ARM2,OVRLRESP,PR,112
S0298,ARM2,OVRLRESP,PR,140
S0298,ARM2,OVRLRESP,PR,168
S0298,ARM2,OVRLRESP,PR,196
S0298,ARM2,OVRLRESP,PR,224
S0298,ARM2,OVRLRESP,PR,252
S0298,ARM2,OVRLRESP,PR,280
S0298,ARM2,OVRLRESP,PR,308
S0298,ARM2,OVRLRESP,PR,336
S0298,ARM2,OVRLRESP,PR,364
S0298,ARM2,OVRLRESP,PR,392
S0298,ARM2,OVRLRESP,PR,420
S0298,ARM2,OVRLRESP,PR,448
S0298,ARM2,OVRLRESP,PR,476
S0298,ARM2,OVRLRESP,PR,504
S0298,ARM2,OVRLRESP,PR,532
S0298,ARM2,OVRLRESP,PR,560
S0298,ARM2,OVRLRESP,PR,588
S0298,ARM2,OVRLRESP,PR,616
S0298,ARM2,OVRLRESP,PR,644
S0298,ARM2,OVRLRESP,PR,672
S0298,ARM2,OVRLRESP,PR,700
S0298,ARM2,OVRLRESP,PR,728
S0298,ARM2,OVRLRESP,PR,756
S0298,ARM2,OVRLRESP,PR,784
S0298,ARM2,OVRLRESP,PR,812
S0298,ARM2,OVRLRESP,PR,840
S0298,ARM2,OVRLRESP,PR,868
S0298,ARM2,OVRLRESP,PR,896
S0298,ARM2,OVRLRESP,PR,924
S0298,ARM2,OVRLRESP,PR,952
S0298,ARM2,OVRLRESP,PR,980
S0298,ARM2,OVRLRESP,PR,1008
S0298,ARM2,OVRLRESP,PR,1036
S0298,ARM2,OVRLRESP,PR,1064
S0298,ARM2,OVRLRESP,PR,1092
S0298,ARM2,OVRLRESP,PR,1120
S0298,ARM2,OVRLRESP,PR,1148
S0298,ARM2,OVRLRESP,PR,1176
S0298,ARM2,OVRLRESP,PR,1204
S0298,ARM2,OVRLRESP,PR,1232
S0298,ARM2,OVRLRESP,PR,1260
S0298,ARM2,OVRLRESP,PR,1288
S0298,ARM2,OVRLRESP,PR,1316
S0298,ARM2,OVRLRESP,PR,1344
S0298,ARM2,CBOR,PR,56
S0299,ARM2,OVRLRESP,SD,28
S0299,ARM2,OVRLRESP,SD,56
S0299,ARM2,OVRLRESP,SD,84
S0299,ARM2,OVRLRESP,SD,112
S0299,ARM2,OVRLRESP,SD,140
S0299,ARM2,OVRLRESP,SD,168
S0299,ARM2,OVRLRESP,SD,196
S0299,ARM2,OVRLRESP,SD,224
S0299,ARM2,OVRLRESP,SD,252
S0299,ARM2,OVRLRESP,SD,280
S0299,ARM2,OVRLRESP,SD,308
S0299,ARM2,OVRLRESP,SD,336
S0299,ARM2,OVRLRESP,SD,364
S0299,ARM2,OVRLRESP,SD,392
S0299,ARM2,OVRLRESP,SD,420
S0299,ARM2,OVRLRESP,SD,448
S0299,ARM2,OVRLRESP,SD,476
S0299,ARM2,OVRLRESP,SD,504
S0299,ARM2,OVRLRESP,SD,532
S0299,ARM2,OVRLRESP,SD,560
S0299,ARM2,OVRLRESP,SD,588
S0299,ARM2,OVRLRESP,SD,616
S0299,ARM2,OVRLRESP,SD,644
S0299,ARM2,OVRLRESP,SD,672
S0299,ARM2,OVRLRESP,SD,700
S0299,ARM2,OVRLRESP,SD,728
S0299,ARM2,OVRLRESP,SD,756
S0299,ARM2,OVRLRESP,SD,784
S0299,ARM2,OVRLRESP,SD,812
S0299,ARM2,OVRLRESP,SD,840
S0299,ARM2,OVRLRESP,SD,868
S0299,ARM2,OVRLRESP,SD,896
S0299,ARM2,OVRLRESP,SD,924
S0299,ARM2,OVRLRESP,SD,952
S0299,ARM2,OVRLRESP,SD,980
S0299,ARM2,OVRLRESP,SD,1008
S0299,ARM2,OVRLRESP,SD,1036
S0299,ARM2,OVRLRESP,SD,1064
S0299,ARM2,OVRLRESP,SD,1092
S0299,ARM2,OVRLRESP,SD,1120
S0299,ARM2,OVRLRESP,SD,1148
S0299,ARM2,OVRLRESP,SD,1176
S0299,ARM2,OVRLRESP,SD,1204
S0299,ARM2,OVRLRESP,SD,1232
S0299,ARM2,OVRLRESP,SD,1260
S0299,ARM2,OVRLRESP,SD,1288
S0299,ARM2,OVRLRESP,SD,1316
S0299,ARM2,OVRLRESP,SD,1344
S0299,ARM2,OVRLRESP,SD,1372
S0299,ARM2,OVRLRESP,SD,1400
S0299,ARM2,OVRLRESP,SD,1428
S0299,ARM2,OVRLRESP,SD,1456
S0299,ARM2,OVRLRESP,SD,1484
S0299,ARM2,OVRLRESP,SD,1512
S0299,ARM2,OVRLRESP,SD,1540
S0299,ARM2,OVRLRESP,SD,1568
S0299,ARM2,OVRLRESP,SD,1596
S0299,ARM2,OVRLRESP,SD,1624
S0299,ARM2,OVRLRESP,SD,1652
S0299,ARM2,OVRLRESP,SD,1680
S0299,ARM2,OVRLRESP,SD,1708
S0299,ARM2,OVRLRESP,SD,1736
S0299,ARM2,OVRLRESP,SD,1764
S0299,ARM2,OVRLRESP,SD,1792
S0299,ARM2,OVRLRESP,SD,1820
S0299,ARM2,OVRLRESP,SD,1848
S0299,ARM2,OVRLRESP,SD,1876
S0299,ARM2,OVRLRESP,SD,1904
S0299,ARM2,OVRLRESP,SD,1932
S0299,ARM2,OVRLRESP,SD,1960
S0299,ARM2,OVRLRESP,SD,1988
S0299,ARM2,OVRLRESP,SD,2016
S0299,ARM2,OVRLRESP,SD,2044
S0299,ARM2,OVRLRESP,SD,2072
S0299,ARM2,OVRLRESP,SD,2100
S0299,ARM2,OVRLRESP,SD,2128
S0299,ARM2,OVRLRESP,SD,2156
S0299,ARM2,OVRLRESP,SD,2184
S0299,ARM2,OVRLRESP,SD,2212
S0299,ARM2,OVRLRESP,SD,2240
S0299,ARM2,OVRLRESP,SD,2268
S0299,ARM2,OVRLRESP,SD,2296
S0299,ARM2,OVRLRESP,SD,2324
S0299,ARM2,OVRLRESP,SD,2352
S0299,ARM2,OVRLRESP,SD,2380
S0299,ARM2,OVRLRESP,SD,2408
S0299,ARM2,OVRLRESP,SD,2436
S0299,ARM2,OVRLRESP,SD,2464
S0299,ARM2,OVRLRESP,SD,2492
S0299,ARM2,OVRLRESP,SD,2520
S0299,ARM2,OVRLRESP,SD,2548
S0299,ARM2,OVRLRESP,SD,2576
S0299,ARM2,OVRLRESP,SD,2604
S0299,ARM2,OVRLRESP,SD,2632
S0299,ARM2,OVRLRESP,SD,2660
S0299,ARM2,CBOR,SD,56
S0300,ARM2,OVRLRESP,PR,28
S0300,ARM2,OVRLRESP,CR,56
S0300,ARM2,OVRLRESP,CR,84
S0300,ARM2,OVRLRESP,CR,112
S0300,ARM2,OVRLRESP,CR,140
S0300,ARM2,OVRLRESP,CR,168
S0300,ARM2,OVRLRESP,CR,196
S0300,ARM2,OVRLRESP,CR,224
S0300,ARM2,OVRLRESP,CR,252
S0300,ARM2,OVRLRESP,CR,280
S0300,ARM2,OVRLRESP,CR,308
S0300,ARM2,OVRLRESP,CR,336
S0300,ARM2,OVRLRESP,CR,364
S0300,ARM2,OVRLRESP,CR,392
S0300,ARM2,OVRLRESP,CR,420
S0300,ARM2,OVRLRESP,CR,448
S0300,ARM2,OVRLRESP,PR,476
S0300,ARM2,OVRLRESP,PR,504
S0300,ARM2,OVRLRESP,PR,532
S0300,ARM2,OVRLRESP,PR,560
S0300,ARM2,OVRLRESP,PR,588
S0300,ARM2,OVRLRESP,PR,616
S0300,ARM2,OVRLRESP,PR,644
S0300,ARM2,OVRLRESP,PR,672
S0300,ARM2,OVRLRESP,PR,700
S0300,ARM2,OVRLRESP,PR,728
S0300,ARM2,OVRLRESP,PR,756
S0300,ARM2,OVRLRESP,PR,784
S0300,ARM2,OVRLRESP,PR,812
S0300,ARM2,OVRLRESP,PR,840
S0300,ARM2,OVRLRESP,PR,868
S0300,ARM2,OVRLRESP,PR,896
S0300,ARM2,OVRLRESP,PR,924
S0300,ARM2,OVRLRESP,PR,952
S0300,ARM2,OVRLRESP,PR,980
S0300,ARM2,OVRLRESP,PR,1008
S0300,ARM2,OVRLRESP,PR,1036
S0300,ARM2,OVRLRESP,PR,1064
S0300,ARM2,OVRLRESP,PR,1092
S0300,ARM2,OVRLRESP,PR,1120
S0300,ARM2,OVRLRESP,PR,1148
S0300,ARM2,OVRLRESP,PR,1176
S0300,ARM2,OVRLRESP,PR,1204
S0300,ARM2,OVRLRESP,PR,1232
S0300,ARM2,OVRLRESP,PR,1260
S0300,ARM2,OVRLRESP,PR,1288
S0300,ARM2,OVRLRESP,PR,1316
S0300,ARM2,OVRLRESP,PR,1344
S0300,ARM2,OVRLRESP,PR,1372
S0300,ARM2,OVRLRESP,PR,1400
S0300,ARM2,OVRLRESP,PR,1428
S0300,ARM2,OVRLRESP,PR,1456
S0300,ARM2,OVRLRESP,PR,1484
S0300,ARM2,OVRLRESP,PR,1512
S0300,ARM2,OVRLRESP,PR,1540
S0300,ARM2,OVRLRESP,PR,1568
S0300,ARM2,OVRLRESP,PR,1596
S0300,ARM2,OVRLRESP,PR,1624
S0300,ARM2,OVRLRESP,PR,1652
S0300,ARM2,OVRLRESP,PR,1680
S0300,ARM2,CBOR,CR,56
S0301,ARM2,OVRLRESP,PR,28
S0301,ARM2,OVRLRESP,CR,56
S0301,ARM2,OVRLRESP,CR,84
S0301,ARM2,OVRLRESP,CR,112
S0301,ARM2,OVRLRESP,CR,140
S0301,ARM2,OVRLRESP,CR,168
S0301,ARM2,OVRLRESP,CR,196
S0301,ARM2,OVRLRESP,CR,224
S0301,ARM2,OVRLRESP,CR,252
S0301,ARM2,OVRLRESP,CR,280
S0301,ARM2,OVRLRESP,CR,308
S0301,ARM2,OVRLRESP,CR,336
S0301,ARM2,OVRLRESP,CR,364
S0301,ARM2,OVRLRESP,CR,392
S0301,ARM2,OVRLRESP,CR,420
S0301,ARM2,OVRLRESP,CR,448
S0301,ARM2,OVRLRESP,CR,476
S0301,ARM2,OVRLRESP,CR,504
S0301,ARM2,OVRLRESP,CR,532
S0301,ARM2,OVRLRESP,CR,560
S0301,ARM2,OVRLRESP,CR,588
S0301,ARM2,OVRLRESP,CR,616
S0301,ARM2,OVRLRESP,CR,644
S0301,ARM2,OVRLRESP,CR,672
S0301,ARM2,OVRLRESP,CR,700
S0301,ARM2,OVRLRESP,CR,728
S0301,ARM2,OVRLRESP,CR,756
S0301,ARM2,OVRLRESP,CR,784
S0301,ARM2,OVRLRESP,CR,812
S0301,ARM2,OVRLRESP,CR,840
S0301,ARM2,OVRLRESP,CR,868
S0301,ARM2,OVRLRESP,CR,896
S0301,ARM2,OVRLRESP,CR,924
S0301,ARM2,OVRLRESP,CR,952
S0301,ARM2,OVRLRESP,CR,980
S0301,ARM2,OVRLRESP,CR,1008
S0301,ARM2,OVRLRESP,CR,1036
S0301,ARM2,OVRLRESP,CR,1064
S0301,ARM2,OVRLRESP,CR,1092
S0301,ARM2,OVRLRESP,CR,1120
S0301,ARM2,OVRLRESP,CR,1148
S0301,ARM2,OVRLRESP,CR,1176
S0301,ARM2,OVRLRESP,CR,1204
S0301,ARM2,OVRLRESP,CR,1232
S0301,ARM2,OVRLRESP,CR,1260
S0301,ARM2,OVRLRESP,CR,1288
S0301,ARM2,OVRLRESP,CR,1316
S0301,ARM2,OVRLRESP,CR,1344
S0301,ARM2,OVRLRESP,CR,1372
S0301,ARM2,OVRLRESP,CR,1400
S0301,ARM2,OVRLRESP,CR,1428
S0301,ARM2,OVRLRESP,CR,1456
S0301,ARM2,OVRLRESP,CR,1484
S0301,ARM2,OVRLRESP,CR,1512
S0301,ARM2,OVRLRESP,CR,1540
S0301,ARM2,OVRLRESP,CR,1568
S0301,ARM2,OVRLRESP,CR,1596
S0301,ARM2,OVRLRESP,CR,1624
S0301,ARM2,OVRLRESP,CR,1652
S0301,ARM2,OVRLRESP,CR,1680
S0301,ARM2,OVRLRESP,CR,1708
S0301,ARM2,OVRLRESP,CR,1736
S0301,ARM2,OVRLRESP,CR,1764
S0301,ARM2,OVRLRESP,CR,1792
S0301,ARM2,OVRLRESP,CR,1820
S0301,ARM2,OVRLRESP,CR,1848
S0301,ARM2,OVRLRESP,CR,1876
S0301,ARM2,OVRLRESP,CR,1904
S0301,ARM2,OVRLRESP,CR,1932
S0301,ARM2,OVRLRESP,CR,1960
S0301,ARM2,OVRLRESP,CR,1988
S0301,ARM2,OVRLRESP,CR,2016
S0301,ARM2,OVRLRESP,CR,2044
S0301,ARM2,OVRLRESP,CR,2072
S0301,ARM2,OVRLRESP,CR,2100
S0301,ARM2,OVRLRESP,CR,2128
S0301,ARM2,OVRLRESP,CR,2156
S0301,ARM2,OVRLRESP,CR,2184
S0301,ARM2,OVRLRESP,CR,2212
S0301,ARM2,OVRLRESP,CR,2240
S0301,ARM2,OVRLRESP,CR,2268
S0301,ARM2,OVRLRESP,CR,2296
S0301,ARM2,OVRLRESP,CR,2324
S0301,ARM2,OVRLRESP,CR,2352
S0301,ARM2,OVRLRESP,CR,2380
S0301,ARM2,OVRLRESP,CR,2408
S0301,ARM2,OVRLRESP,CR,2436
S0301,ARM2,OVRLRESP,CR,2464
S0301,ARM2,OVRLRESP,CR,2492
S0301,ARM2,OVRLRESP,CR,2520
S0301,ARM2,OVRLRESP,CR,2548
S0301,ARM2,OVRLRESP,CR,2576
S0301,ARM2,OVRLRESP,CR,2604
S0301,ARM2,OVRLRESP,CR,2632
S0301,ARM2,OVRLRESP,CR,2660
S0301,ARM2,CBOR,CR,56
S0302,ARM2,OVRLRESP,SD,28
S0302,ARM2,OVRLRESP,PR,56
S0302,ARM2,OVRLRESP,PR,84
S0302,ARM2,OVRLRESP,PR,112
S0302,ARM2,OVRLRESP,PR,140
S0302,ARM2,OVRLRESP,PR,168
S0302,ARM2,OVRLRESP,PR,196
S0302,ARM2,OVRLRESP,PR,224
S0302,ARM2,OVRLRESP,PR,252
S0302,ARM2,OVRLRESP,PR,280
S0302,ARM2,OVRLRESP,PR,308
S0302,ARM2,OVRLRESP,PR,336
S0302,ARM2,OVRLRESP,PR,364
S0302,ARM2,OVRLRESP,PR,392
S0302,ARM2,OVRLRESP,PR,420
S0302,ARM2,OVRLRESP,PR,448
S0302,ARM2,OVRLRESP,PR,476
S0302,ARM2,OVRLRESP,PR,504
S0302,ARM2,OVRLRESP,PR,532
S0302,ARM2,OVRLRESP,PR,560
S0302,ARM2,OVRLRESP,PR,588
S0302,ARM2,OVRLRESP,PR,616
S0302,ARM2,OVRLRESP,PR,644
S0302,ARM2,OVRLRESP,PR,672
S0302,ARM2,OVRLRESP,PR,700
S0302,ARM2,OVRLRESP,PD,728
S0302,ARM2,CBOR,PR,56
S0305,ARM2,OVRLRESP,SD,28
S0305,ARM2,OVRLRESP,PR,56
S0305,ARM2,OVRLRESP,PR,84
S0305,ARM2,OVRLRESP,PR,112
S0305,ARM2,OVRLRESP,PR,140
S0305,ARM2,OVRLRESP,PR,168
S0305,ARM2,OVRLRESP,PR,196
S0305,ARM2,OVRLRESP,PR,224
S0305,ARM2,OVRLRESP,PR,252
S0305,ARM2,OVRLRESP,PR,280
S0305,ARM2,OVRLRESP,PR,308
S0305,ARM2,OVRLRESP,PR,336
S0305,ARM2,OVRLRESP,PR,364
S0305,ARM2,OVRLRESP,PR,392
S0305,ARM2,OVRLRESP,PR,420
S0305,ARM2,OVRLRESP,PR,448
S0305,ARM2,OVRLRESP,PR,476
S0305,ARM2,OVRLRESP,PR,504
S0305,ARM2,OVRLRESP,PR,532
S0305,ARM2,OVRLRESP,PR,560
S0305,ARM2,OVRLRESP,PR,588
S0305,ARM2,OVRLRESP,PR,616
S0305,ARM2,OVRLRESP,PR,644
S0305,ARM2,OVRLRESP,PR,672
S0305,ARM2,OVRLRESP,PR,700
S0305,ARM2,OVRLRESP,PR,728
S0305,ARM2,OVRLRESP,PR,756
S0305,ARM2,OVRLRESP,PR,784
S0305,ARM2,OVRLRESP,PR,812
S0305,ARM2,OVRLRESP,PR,840
S0305,ARM2,OVRLRESP,PR,868
S0305,ARM2,OVRLRESP,PR,896
S0305,ARM2,OVRLRESP,PR,924
S0305,ARM2,OVRLRESP,PR,952
S0305,ARM2,OVRLRESP,PR,980
S0305,ARM2,OVRLRESP,PR,1008
S0305,ARM2,OVRLRESP,PR,1036
S0305,ARM2,OVRLRESP,PR,1064
S0305,ARM2,OVRLRESP,PR,1092
S0305,ARM2,OVRLRESP,PR,1120
S0305,ARM2,OVRLRESP,PR,1148
S0305,ARM2,OVRLRESP,PR,1176
S0305,ARM2,OVRLRESP,PR,1204
S0305,ARM2,OVRLRESP,PR,1232
S0305,ARM2,OVRLRESP,PR,1260
S0305,ARM2,OVRLRESP,PR,1288
S0305,ARM2,OVRLRESP,PR,1316
S0305,ARM2,OVRLRESP,PR,1344
S0305,ARM2,OVRLRESP,PR,1372
S0305,ARM2,OVRLRESP,PR,1400
S0305,ARM2,OVRLRESP,PR,1428
S0305,ARM2,OVRLRESP,PR,1456
S0305,ARM2,OVRLRESP,PR,1484
S0305,ARM2,OVRLRESP,PR,1512
S0305,ARM2,OVRLRESP,PR,1540
S0305,ARM2,OVRLRESP,PR,1568
S0305,ARM2,OVRLRESP,PR,1596
S0305,ARM2,OVRLRESP,PR,1624
S0305,ARM2,OVRLRESP,PR,1652
S0305,ARM2,OVRLRESP,PR,1680
S0305,ARM2,OVRLRESP,PR,1708
S0305,ARM2,OVRLRESP,PR,1736
S0305,ARM2,OVRLRESP,PR,1764
S0305,ARM2,OVRLRESP,PR,1792
S0305,ARM2,OVRLRESP,PR,1820
S0305,ARM2,OVRLRESP,PR,1848
S0305,ARM2,OVRLRESP,PR,1876
S0305,ARM2,OVRLRESP,PR,1904
S0305,ARM2,OVRLRESP,PR,1932
S0305,ARM2,OVRLRESP,PR,1960
S0305,ARM2,OVRLRESP,PR,1988
S0305,ARM2,OVRLRESP,PR,2016
S0305,ARM2,OVRLRESP,PR,2044
S0305,ARM2,OVRLRESP,PR,2072
S0305,ARM2,OVRLRESP,PR,2100
S0305,ARM2,OVRLRESP,PR,2128
S0305,ARM2,CBOR,PR,56
S0307,ARM2,OVRLRESP,PR,28
S0307,ARM2,OVRLRESP,CR,56
S0307,ARM2,OVRLRESP,CR,84
S0307,ARM2,OVRLRESP,CR,112
S0307,ARM2,OVRLRESP,CR,140
S0307,ARM2,OVRLRESP,CR,168
S0307,ARM2,OVRLRESP,CR,196
S0307,ARM2,OVRLRESP,CR,224
S0307,ARM2,OVRLRESP,CR,252
S0307,ARM2,OVRLRESP,CR,280
S0307,ARM2,OVRLRESP,CR,308
S0307,ARM2,OVRLRESP,CR,336
S0307,ARM2,OVRLRESP,CR,364
S0307,ARM2,OVRLRESP,CR,392
S0307,ARM2,OVRLRESP,CR,420
S0307,ARM2,OVRLRESP,CR,448
S0307,ARM2,OVRLRESP,CR,476
S0307,ARM2,OVRLRESP,CR,504
S0307,ARM2,OVRLRESP,CR,532
S0307,ARM2,OVRLRESP,PR,560
S0307,ARM2,OVRLRESP,PR,588
S0307,ARM2,OVRLRESP,PR,616
S0307,ARM2,OVRLRESP,PR,644
S0307,ARM2,OVRLRESP,PR,672
S0307,ARM2,OVRLRESP,PR,700
S0307,ARM2,OVRLRESP,PR,728
S0307,ARM2,OVRLRESP,PR,756
S0307,ARM2,OVRLRESP,PR,784
S0307,ARM2,OVRLRESP,PR,812
S0307,ARM2,OVRLRESP,PR,840
S0307,ARM2,OVRLRESP,PR,868
S0307,ARM2,CBOR,CR,56
S0308,ARM2,OVRLRESP,SD,28
S0308,ARM2,OVRLRESP,PR,56
S0308,ARM2,CBOR,SD,56
S0309,ARM2,OVRLRESP,SD,28
S0309,ARM2,OVRLRESP,PR,56
S0309,ARM2,OVRLRESP,PR,84
S0309,ARM2,OVRLRESP,PD,112
S0309,ARM2,CBOR,PR,56
S0314,ARM2,OVRLRESP,PR,28
S0314,ARM2,OVRLRESP,CR,56
S0314,ARM2,OVRLRESP,CR,84
S0314,ARM2,OVRLRESP,CR,112
S0314,ARM2,OVRLRESP,CR,140
S0314,ARM2,OVRLRESP,CR,168
S0314,ARM2,OVRLRESP,CR,196
S0314,ARM2,OVRLRESP,CR,224
S0314,ARM2,OVRLRESP,CR,252
S0314,ARM2,OVRLRESP,CR,280
S0314,ARM2,OVRLRESP,CR,308
S0314,ARM2,OVRLRESP,CR,336
S0314,ARM2,OVRLRESP,CR,364
S0314,ARM2,OVRLRESP,CR,392
S0314,ARM2,OVRLRESP,CR,420
S0314,ARM2,OVRLRESP,CR,448
S0314,ARM2,OVRLRESP,CR,476
S0314,ARM2,OVRLRESP,CR,504
S0314,ARM2,OVRLRESP,CR,532
S0314,ARM2,OVRLRESP,CR,560
S0314,ARM2,OVRLRESP,CR,588
S0314,ARM2,OVRLRESP,CR,616
S0314,ARM2,OVRLRESP,CR,644
S0314,ARM2,OVRLRESP,CR,672
S0314,ARM2,OVRLRESP,CR,700
S0314,ARM2,OVRLRESP,CR,728
S0314,ARM2,OVRLRESP,CR,756
S0314,ARM2,OVRLRESP,CR,784
S0314,ARM2,OVRLRESP,CR,812
S0314,ARM2,OVRLRESP,CR,840
S0314,ARM2,OVRLRESP,CR,868
S0314,ARM2,OVRLRESP,CR,896
S0314,ARM2,OVRLRESP,CR,924
S0314,ARM2,OVRLRESP,CR,952
S0314,ARM2,OVRLRESP,PR,980
S0314,ARM2,OVRLRESP,PR,1008
S0314,ARM2,OVRLRESP,PR,1036
S0314,ARM2,OVRLRESP,PR,1064
S0314,ARM2,OVRLRESP,PR,1092
S0314,ARM2,OVRLRESP,PR,1120
S0314,ARM2,OVRLRESP,PR,1148
S0314,ARM2,OVRLRESP,PR,1176
S0314,ARM2,OVRLRESP,PR,1204
S0314,ARM2,OVRLRESP,PR,1232
S0314,ARM2,OVRLRESP,PR,1260
S0314,ARM2,OVRLRESP,PR,1288
S0314,ARM2,OVRLRESP,PR,1316
S0314,ARM2,OVRLRESP,PR,1344
S0314,ARM2,OVRLRESP,PR,1372
S0314,ARM2,OVRLRESP,PR,1400
S0314,ARM2,OVRLRESP,PR,1428
S0314,ARM2,OVRLRESP,PR,1456
S0314,ARM2,OVRLRESP,PR,1484
S0314,ARM2,OVRLRESP,PR,1512
S0314,ARM2,CBOR,CR,56
S0317,ARM2,OVRLRESP,SD,28
S0317,ARM2,OVRLRESP,CR,56
S0317,ARM2,OVRLRESP,CR,84
S0317,ARM2,OVRLRESP,CR,112
S0317,ARM2,CBOR,CR,56
S0320,ARM2,OVRLRESP,SD,28
S0320,ARM2,OVRLRESP,PR,56
S0320,ARM2,CBOR,SD,56
S0321,ARM2,OVRLRESP,SD,28
S0321,ARM2,OVRLRESP,PR,56
S0321,ARM2,OVRLRESP,PR,84
S0321,ARM2,OVRLRESP,PR,112
S0321,ARM2,OVRLRESP,PR,140
S0321,ARM2,OVRLRESP,PR,168
S0321,ARM2,OVRLRESP,PR,196
S0321,ARM2,OVRLRESP,PR,224
S0321,ARM2,OVRLRESP,PR,252
S0321,ARM2,OVRLRESP,PR,280
S0321,ARM2,OVRLRESP,PR,308
S0321,ARM2,OVRLRESP,PR,336
S0321,ARM2,OVRLRESP,PR,364
S0321,ARM2,OVRLRESP,PR,392
S0321,ARM2,OVRLRESP,PR,420
S0321,ARM2,OVRLRESP,PR,448
S0321,ARM2,OVRLRESP,PR,476
S0321,ARM2,OVRLRESP,PR,504
S0321,ARM2,OVRLRESP,PR,532
S0321,ARM2,OVRLRESP,PR,560
S0321,ARM2,OVRLRESP,PR,588
S0321,ARM2,OVRLRESP,PR,616
S0321,ARM2,OVRLRESP,PR,644
S0321,ARM2,OVRLRESP,PR,672
S0321,ARM2,OVRLRESP,PR,700
S0321,ARM2,OVRLRESP,PR,728
S0321,ARM2,OVRLRESP,PR,756
S0321,ARM2,OVRLRESP,PR,784
S0321,ARM2,OVRLRESP,PR,812
S0321,ARM2,OVRLRESP,PR,840
S0321,ARM2,OVRLRESP,PR,868
S0321,ARM2,OVRLRESP,PR,896
S0321,ARM2,OVRLRESP,PR,924
S0321,ARM2,OVRLRESP,PR,952
S0321,ARM2,OVRLRESP,PR,980
S0321,ARM2,OVRLRESP,PR,1008
S0321,ARM2,OVRLRESP,PR,1036
S0321,ARM2,OVRLRESP,PR,1064
S0321,ARM2,OVRLRESP,PR,1092
S0321,ARM2,OVRLRESP,PR,1120
S0321,ARM2,OVRLRESP,PR,1148
S0321,ARM2,OVRLRESP,PR,1176
S0321,ARM2,OVRLRESP,PR,1204
S0321,ARM2,OVRLRESP,PR,1232
S0321,ARM2,OVRLRESP,PR,1260
S0321,ARM2,OVRLRESP,PR,1288
S0321,ARM2,OVRLRESP,PR,1316
S0321,ARM2,OVRLRESP,PR,1344
S0321,ARM2,OVRLRESP,PR,1372
S0321,ARM2,OVRLRESP,PR,1400
S0321,ARM2,OVRLRESP,PR,1428
S0321,ARM2,OVRLRESP,PR,1456
S0321,ARM2,OVRLRESP,PR,1484
S0321,ARM2,OVRLRESP,PR,1512
S0321,ARM2,OVRLRESP,PR,1540
S0321,ARM2,OVRLRESP,PR,1568
S0321,ARM2,OVRLRESP,PR,1596
S0321,ARM2,OVRLRESP,PR,1624
S0321,ARM2,OVRLRESP,PD,1652
S0321,ARM2,CBOR,PR,56
S0322,ARM2,OVRLRESP,SD,28
S0322,ARM2,OVRLRESP,SD,56
S0322,ARM2,OVRLRESP,SD,84
S0322,ARM2,OVRLRESP,SD,112
S0322,ARM2,OVRLRESP,SD,140
S0322,ARM2,OVRLRESP,SD,168
S0322,ARM2,OVRLRESP,SD,196
S0322,ARM2,OVRLRESP,SD,224
S0322,ARM2,OVRLRESP,SD,252
S0322,ARM2,OVRLRESP,SD,280
S0322,ARM2,OVRLRESP,SD,308
S0322,ARM2,OVRLRESP,SD,336
S0322,ARM2,OVRLRESP,SD,364
S0322,ARM2,OVRLRESP,SD,392
S0322,ARM2,OVRLRESP,SD,420
S0322,ARM2,OVRLRESP,SD,448
S0322,ARM2,OVRLRESP,SD,476
S0322,ARM2,OVRLRESP,SD,504
S0322,ARM2,OVRLRESP,SD,532
S0322,ARM2,OVRLRESP,SD,560
S0322,ARM2,OVRLRESP,SD,588
S0322,ARM2,OVRLRESP,SD,616
S0322,ARM2,OVRLRESP,SD,644
S0322,ARM2,OVRLRESP,SD,672
S0322,ARM2,OVRLRESP,SD,700
S0322,ARM2,OVRLRESP,SD,728
S0322,ARM2,OVRLRESP,SD,756
S0322,ARM2,OVRLRESP,SD,784
S0322,ARM2,OVRLRESP,SD,812
S0322,ARM2,OVRLRESP,SD,840
S0322,ARM2,OVRLRESP,SD,868
S0322,ARM2,OVRLRESP,SD,896
S0322,ARM2,OVRLRESP,SD,924
S0322,ARM2,OVRLRESP,SD,952
S0322,ARM2,OVRLRESP,SD,980
S0322,ARM2,OVRLRESP,SD,1008
S0322,ARM2,OVRLRESP,SD,1036
S0322,ARM2,OVRLRESP,SD,1064
S0322,ARM2,OVRLRESP,SD,1092
S0322,ARM2,OVRLRESP,SD,1120
S0322,ARM2,OVRLRESP,SD,1148
S0322,ARM2,OVRLRESP,SD,1176
S0322,ARM2,OVRLRESP,SD,1204
S0322,ARM2,OVRLRESP,SD,1232
S0322,ARM2,OVRLRESP,SD,1260
S0322,ARM2,OVRLRESP,SD,1288
S0322,ARM2,OVRLRESP,SD,1316
S0322,ARM2,OVRLRESP,SD,1344
S0322,ARM2,OVRLRESP,SD,1372
S0322,ARM2,OVRLRESP,SD,1400
S0322,ARM2,OVRLRESP,SD,1428
S0322,ARM2,OVRLRESP,SD,1456
S0322,ARM2,OVRLRESP,SD,1484
S0322,ARM2,OVRLRESP,SD,1512
S0322,ARM2,OVRLRESP,SD,1540
S0322,ARM2,OVRLRESP,SD,1568
S0322,ARM2,OVRLRESP,SD,1596
S0322,ARM2,OVRLRESP,SD,1624
S0322,ARM2,OVRLRESP,PD,1652
S0322,ARM2,CBOR,SD,56
S0325,ARM2,OVRLRESP,SD,28
S0325,ARM2,OVRLRESP,PR,56
S0325,ARM2,OVRLRESP,PR,84
S0325,ARM2,OVRLRESP,PR,112
S0325,ARM2,OVRLRESP,PR,140
S0325,ARM2,OVRLRESP,PR,168
S0325,ARM2,OVRLRESP,PR,196
S0325,ARM2,OVRLRESP,PR,224
S0325,ARM2,OVRLRESP,PR,252
S0325,ARM2,OVRLRESP,PR,280
S0325,ARM2,OVRLRESP,PR,308
S0325,ARM2,OVRLRESP,PR,336
S0325,ARM2,OVRLRESP,PR,364
S0325,ARM2,OVRLRESP,PR,392
S0325,ARM2,OVRLRESP,PR,420
S0325,ARM2,OVRLRESP,PR,448
S0325,ARM2,OVRLRESP,PR,476
S0325,ARM2,OVRLRESP,PR,504
S0325,ARM2,OVRLRESP,PR,532
S0325,ARM2,OVRLRESP,PR,560
S0325,ARM2,OVRLRESP,PR,588
S0325,ARM2,OVRLRESP,PR,616
S0325,ARM2,OVRLRESP,PR,644
S0325,ARM2,OVRLRESP,PR,672
S0325,ARM2,OVRLRESP,PR,700
S0325,ARM2,OVRLRESP,PR,728
S0325,ARM2,OVRLRESP,PR,756
S0325,ARM2,OVRLRESP,PR,784
S0325,ARM2,OVRLRESP,PR,812
S0325,ARM2,OVRLRESP,PR,840
S0325,ARM2,OVRLRESP,PR,868
S0325,ARM2,OVRLRESP,PR,896
S0325,ARM2,OVRLRESP,PR,924
S0325,ARM2,OVRLRESP,PR,952
S0325,ARM2,OVRLRESP,PR,980
S0325,ARM2,OVRLRESP,PR,1008
S0325,ARM2,OVRLRESP,PR,1036
S0325,ARM2,OVRLRESP,PR,1064
S0325,ARM2,OVRLRESP,PR,1092
S0325,ARM2,OVRLRESP,PR,1120
S0325,ARM2,OVRLRESP,PR,1148
S0325,ARM2,OVRLRESP,PR,1176
S0325,ARM2,OVRLRESP,PR,1204
S0325,ARM2,OVRLRESP,PR,1232
S0325,ARM2,OVRLRESP,PR,1260
S0325,ARM2,OVRLRESP,PR,1288
S0325,ARM2,OVRLRESP,PR,1316
S0325,ARM2,OVRLRESP,PR,1344
S0325,ARM2,OVRLRESP,PR,1372
S0325,ARM2,OVRLRESP,PR,1400
S0325,ARM2,OVRLRESP,PR,1428
S0325,ARM2,OVRLRESP,PR,1456
S0325,ARM2,OVRLRESP,PR,1484
S0325,ARM2,OVRLRESP,PR,1512
S0325,ARM2,OVRLRESP,PR,1540
S0325,ARM2,OVRLRESP,PR,1568
S0325,ARM2,OVRLRESP,PR,1596
S0325,ARM2,OVRLRESP,PR,1624
S0325,ARM2,OVRLRESP,PR,1652
S0325,ARM2,OVRLRESP,PR,1680
S0325,ARM2,OVRLRESP,PR,1708
S0325,ARM2,OVRLRESP,PR,1736
S0325,ARM2,OVRLRESP,PR,1764
S0325,ARM2,OVRLRESP,PR,1792
S0325,ARM2,OVRLRESP,PR,1820
S0325,ARM2,OVRLRESP,PR,1848
S0325,ARM2,OVRLRESP,PR,1876
S0325,ARM2,OVRLRESP,PR,1904
S0325,ARM2,OVRLRESP,PR,1932
S0325,ARM2,OVRLRESP,PR,1960
S0325,ARM2,OVRLRESP,PR,1988
S0325,ARM2,OVRLRESP,PR,2016
S0325,ARM2,OVRLRESP,PR,2044
S0325,ARM2,OVRLRESP,PR,2072
S0325,ARM2,OVRLRESP,PR,2100
S0325,ARM2,OVRLRESP,PR,2128
S0325,ARM2,OVRLRESP,PR,2156
S0325,ARM2,OVRLRESP,PR,2184
S0325,ARM2,OVRLRESP,PR,2212
S0325,ARM2,OVRLRESP,PR,2240
S0325,ARM2,OVRLRESP,PR,2268
S0325,ARM2,OVRLRESP,PR,2296
S0325,ARM2,OVRLRESP,PR,2324
S0325,ARM2,OVRLRESP,PR,2352
S0325,ARM2,OVRLRESP,PR,2380
S0325,ARM2,OVRLRESP,PR,2408
S0325,ARM2,OVRLRESP,PR,2436
S0325,ARM2,OVRLRESP,PR,2464
S0325,ARM2,OVRLRESP,PR,2492
S0325,ARM2,OVRLRESP,PR,2520
S0325,ARM2,OVRLRESP,PR,2548
S0325,ARM2,CBOR,PR,56
S0326,ARM2,OVRLRESP,PR,28
S0326,ARM2,CBOR,NE,
S0329,ARM2,OVRLRESP,SD,28
S0329,ARM2,OVRLRESP,SD,56
S0329,ARM2,OVRLRESP,SD,84
S0329,ARM2,OVRLRESP,SD,112
S0329,ARM2,OVRLRESP,SD,140
S0329,ARM2,OVRLRESP,SD,168
S0329,ARM2,OVRLRESP,SD,196
S0329,ARM2,OVRLRESP,SD,224
S0329,ARM2,OVRLRESP,SD,252
S0329,ARM2,OVRLRESP,SD,280
S0329,ARM2,OVRLRESP,SD,308
S0329,ARM2,OVRLRESP,SD,336
S0329,ARM2,OVRLRESP,SD,364
S0329,ARM2,OVRLRESP,SD,392
S0329,ARM2,OVRLRESP,SD,420
S0329,ARM2,OVRLRESP,SD,448
S0329,ARM2,OVRLRESP,SD,476
S0329,ARM2,OVRLRESP,SD,504
S0329,ARM2,OVRLRESP,SD,532
S0329,ARM2,OVRLRESP,SD,560
S0329,ARM2,OVRLRESP,SD,588
S0329,ARM2,OVRLRESP,SD,616
S0329,ARM2,OVRLRESP,SD,644
S0329,ARM2,OVRLRESP,SD,672
S0329,ARM2,OVRLRESP,SD,700
S0329,ARM2,OVRLRESP,SD,728
S0329,ARM2,OVRLRESP,SD,756
S0329,ARM2,OVRLRESP,SD,784
S0329,ARM2,OVRLRESP,SD,812
S0329,ARM2,OVRLRESP,SD,840
S0329,ARM2,OVRLRESP,SD,868
S0329,ARM2,OVRLRESP,SD,896
S0329,ARM2,OVRLRESP,SD,924
S0329,ARM2,OVRLRESP,SD,952
S0329,ARM2,OVRLRESP,SD,980
S0329,ARM2,OVRLRESP,SD,1008
S0329,ARM2,OVRLRESP,SD,1036
S0329,ARM2,OVRLRESP,SD,1064
S0329,ARM2,OVRLRESP,SD,1092
S0329,ARM2,OVRLRESP,SD,1120
S0329,ARM2,OVRLRESP,SD,1148
S0329,ARM2,OVRLRESP,SD,1176
S0329,ARM2,OVRLRESP,SD,1204
S0329,ARM2,OVRLRESP,SD,1232
S0329,ARM2,OVRLRESP,SD,1260
S0329,ARM2,OVRLRESP,SD,1288
S0329,ARM2,OVRLRESP,SD,1316
S0329,ARM2,OVRLRESP,SD,1344
S0329,ARM2,OVRLRESP,SD,1372
S0329,ARM2,OVRLRESP,SD,1400
S0329,ARM2,OVRLRESP,SD,1428
S0329,ARM2,OVRLRESP,SD,1456
S0329,ARM2,OVRLRESP,SD,1484
S0329,ARM2,OVRLRESP,SD,1512
S0329,ARM2,OVRLRESP,SD,1540
S0329,ARM2,OVRLRESP,SD,1568
S0329,ARM2,OVRLRESP,SD,1596
S0329,ARM2,OVRLRESP,SD,1624
S0329,ARM2,OVRLRESP,SD,1652
S0329,ARM2,OVRLRESP,SD,1680
S0329,ARM2,OVRLRESP,SD,1708
S0329,ARM2,OVRLRESP,SD,1736
S0329,ARM2,OVRLRESP,SD,1764
S0329,ARM2,OVRLRESP,SD,1792
S0329,ARM2,OVRLRESP,SD,1820
S0329,ARM2,OVRLRESP,SD,1848
S0329,ARM2,OVRLRESP,SD,1876
S0329,ARM2,OVRLRESP,SD,1904
S0329,ARM2,OVRLRESP,SD,1932
S0329,ARM2,OVRLRESP,SD,1960
S0329,ARM2,OVRLRESP,SD,1988
S0329,ARM2,OVRLRESP,SD,2016
S0329,ARM2,OVRLRESP,SD,2044
S0329,ARM2,OVRLRESP,SD,2072
S0329,ARM2,OVRLRESP,SD,2100
S0329,ARM2,OVRLRESP,SD,2128
S0329,ARM2,OVRLRESP,SD,2156
S0329,ARM2,OVRLRESP,SD,2184
S0329,ARM2,OVRLRESP,SD,2212
S0329,ARM2,OVRLRESP,SD,2240
S0329,ARM2,OVRLRESP,SD,2268
S0329,ARM2,OVRLRESP,SD,2296
S0329,ARM2,OVRLRESP,SD,2324
S0329,ARM2,OVRLRESP,SD,2352
S0329,ARM2,OVRLRESP,SD,2380
S0329,ARM2,OVRLRESP,SD,2408
S0329,ARM2,OVRLRESP,SD,2436
S0329,ARM2,OVRLRESP,SD,2464
S0329,ARM2,OVRLRESP,SD,2492
S0329,ARM2,OVRLRESP,SD,2520
S0329,ARM2,CBOR,SD,56
S0330,ARM2,OVRLRESP,SD,28
S0330,ARM2,OVRLRESP,PR,56
S0330,ARM2,OVRLRESP,PR,84
S0330,ARM2,OVRLRESP,PR,112
S0330,ARM2,OVRLRESP,PR,140
S0330,ARM2,OVRLRESP,PR,168
S0330,ARM2,OVRLRESP,PR,196
S0330,ARM2,OVRLRESP,PR,224
S0330,ARM2,OVRLRESP,PR,252
S0330,ARM2,OVRLRESP,PR,280
S0330,ARM2,OVRLRESP,PR,308
S0330,ARM2,OVRLRESP,PR,336
S0330,ARM2,OVRLRESP,PR,364
S0330,ARM2,OVRLRESP,PR,392
S0330,ARM2,OVRLRESP,PR,420
S0330,ARM2,OVRLRESP,PR,448
S0330,ARM2,OVRLRESP,PR,476
S0330,ARM2,OVRLRESP,PR,504
S0330,ARM2,OVRLRESP,PR,532
S0330,ARM2,OVRLRESP,PR,560
S0330,ARM2,OVRLRESP,PR,588
S0330,ARM2,OVRLRESP,PR,616
S0330,ARM2,OVRLRESP,PR,644
S0330,ARM2,OVRLRESP,PR,672
S0330,ARM2,OVRLRESP,PR,700
S0330,ARM2,OVRLRESP,PR,728
S0330,ARM2,OVRLRESP,PR,756
S0330,ARM2,OVRLRESP,PR,784
S0330,ARM2,OVRLRESP,PR,812
S0330,ARM2,OVRLRESP,PR,840
S0330,ARM2,OVRLRESP,PR,868
S0330,ARM2,OVRLRESP,PR,896
S0330,ARM2,OVRLRESP,PR,924
S0330,ARM2,OVRLRESP,PR,952
S0330,ARM2,OVRLRESP,PR,980
S0330,ARM2,OVRLRESP,PR,1008
S0330,ARM2,OVRLRESP,PR,1036
S0330,ARM2,OVRLRESP,PR,1064
S0330,ARM2,OVRLRESP,PR,1092
S0330,ARM2,OVRLRESP,PR,1120
S0330,ARM2,OVRLRESP,PR,1148
S0330,ARM2,OVRLRESP,PR,1176
S0330,ARM2,OVRLRESP,PR,1204
S0330,ARM2,OVRLRESP,PR,1232
S0330,ARM2,OVRLRESP,PR,1260
S0330,ARM2,OVRLRESP,PR,1288
S0330,ARM2,OVRLRESP,PR,1316
S0330,ARM2,OVRLRESP,PR,1344
S0330,ARM2,OVRLRESP,PR,1372
S0330,ARM2,OVRLRESP,PR,1400
S0330,ARM2,CBOR,PR,56
S0331,ARM2,OVRLRESP,SD,28
S0331,ARM2,OVRLRESP,PR,56
S0331,ARM2,OVRLRESP,PR,84
S0331,ARM2,OVRLRESP,PR,112
S0331,ARM2,OVRLRESP,PR,140
S0331,ARM2,OVRLRESP,PR,168
S0331,ARM2,OVRLRESP,PR,196
S0331,ARM2,OVRLRESP,PR,224
S0331,ARM2,OVRLRESP,PR,252
S0331,ARM2,OVRLRESP,PR,280
S0331,ARM2,OVRLRESP,PR,308
S0331,ARM2,OVRLRESP,PR,336
S0331,ARM2,OVRLRESP,PR,364
S0331,ARM2,OVRLRESP,PR,392
S0331,ARM2,OVRLRESP,PR,420
S0331,ARM2,OVRLRESP,PR,448
S0331,ARM2,OVRLRESP,PR,476
S0331,ARM2,OVRLRESP,PR,504
S0331,ARM2,OVRLRESP,PR,532
S0331,ARM2,OVRLRESP,PR,560
S0331,ARM2,OVRLRESP,PR,588
S0331,ARM2,OVRLRESP,PR,616
S0331,ARM2,OVRLRESP,PR,644
S0331,ARM2,OVRLRESP,PR,672
S0331,ARM2,OVRLRESP,PR,700
S0331,ARM2,OVRLRESP,PR,728
S0331,ARM2,OVRLRESP,PR,756
S0331,ARM2,OVRLRESP,PR,784
S0331,ARM2,OVRLRESP,PR,812
S0331,ARM2,OVRLRESP,PR,840
S0331,ARM2,OVRLRESP,PR,868
S0331,ARM2,OVRLRESP,PR,896
S0331,ARM2,OVRLRESP,PR,924
S0331,ARM2,OVRLRESP,PR,952
S0331,ARM2,OVRLRESP,PR,980
S0331,ARM2,OVRLRESP,PR,1008
S0331,ARM2,OVRLRESP,PR,1036
S0331,ARM2,OVRLRESP,PR,1064
S0331,ARM2,OVRLRESP,PR,1092
S0331,ARM2,OVRLRESP,PR,1120
S0331,ARM2,OVRLRESP,PR,1148
S0331,ARM2,OVRLRESP,PR,1176
S0331,ARM2,OVRLRESP,PR,1204
S0331,ARM2,OVRLRESP,PR,1232
S0331,ARM2,OVRLRESP,PR,1260
S0331,ARM2,OVRLRESP,PR,1288
S0331,ARM2,OVRLRESP,PR,1316
S0331,ARM2,OVRLRESP,PR,1344
S0331,ARM2,OVRLRESP,PR,1372
S0331,ARM2,OVRLRESP,PR,1400
S0331,ARM2,OVRLRESP,PR,1428
S0331,ARM2,OVRLRESP,PR,1456
S0331,ARM2,OVRLRESP,PR,1484
S0331,ARM2,OVRLRESP,PR,1512
S0331,ARM2,OVRLRESP,PR,1540
S0331,ARM2,OVRLRESP,PR,1568
S0331,ARM2,OVRLRESP,PR,1596
S0331,ARM2,OVRLRESP,PR,1624
S0331,ARM2,OVRLRESP,PR,1652
S0331,ARM2,OVRLRESP,PR,1680
S0331,ARM2,OVRLRESP,PR,1708
S0331,ARM2,OVRLRESP,PR,1736
S0331,ARM2,OVRLRESP,PR,1764
S0331,ARM2,OVRLRESP,PR,1792
S0331,ARM2,OVRLRESP,PR,1820
S0331,ARM2,OVRLRESP,PR,1848
S0331,ARM2,OVRLRESP,PR,1876
S0331,ARM2,OVRLRESP,PR,1904
S0331,ARM2,OVRLRESP,PR,1932
S0331,ARM2,OVRLRESP,PR,1960
S0331,ARM2,OVRLRESP,PR,1988
S0331,ARM2,OVRLRESP,PR,2016
S0331,ARM2,OVRLRESP,PR,2044
S0331,ARM2,OVRLRESP,PR,2072
S0331,ARM2,OVRLRESP,PR,2100
S0331,ARM2,OVRLRESP,PR,2128
S0331,ARM2,OVRLRESP,PR,2156
S0331,ARM2,OVRLRESP,PR,2184
S0331,ARM2,OVRLRESP,PR,2212
S0331,ARM2,OVRLRESP,PR,2240
S0331,ARM2,OVRLRESP,PR,2268
S0331,ARM2,OVRLRESP,PR,2296
S0331,ARM2,OVRLRESP,PR,2324
S0331,ARM2,OVRLRESP,PR,2352
S0331,ARM2,OVRLRESP,PR,2380
S0331,ARM2,OVRLRESP,PR,2408
S0331,ARM2,OVRLRESP,PR,2436
S0331,ARM2,OVRLRESP,PR,2464
S0331,ARM2,OVRLRESP,PR,2492
S0331,ARM2,OVRLRESP,PR,2520
S0331,ARM2,CBOR,PR,56
S0332,ARM2,OVRLRESP,SD,28
S0332,ARM2,OVRLRESP,PR,56
S0332,ARM2,OVRLRESP,PR,84
S0332,ARM2,OVRLRESP,PR,112
S0332,ARM2,OVRLRESP,PR,140
S0332,ARM2,OVRLRESP,PR,168
S0332,ARM2,OVRLRESP,PR,196
S0332,ARM2,OVRLRESP,PR,224
S0332,ARM2,OVRLRESP,PR,252
S0332,ARM2,OVRLRESP,PR,280
S0332,ARM2,OVRLRESP,PR,308
S0332,ARM2,OVRLRESP,PR,336
S0332,ARM2,OVRLRESP,PR,364
S0332,ARM2,OVRLRESP,PR,392
S0332,ARM2,OVRLRESP,PR,420
S0332,ARM2,OVRLRESP,PR,448
S0332,ARM2,OVRLRESP,PR,476
S0332,ARM2,OVRLRESP,PR,504
S0332,ARM2,OVRLRESP,PR,532
S0332,ARM2,OVRLRESP,PR,560
S0332,ARM2,OVRLRESP,PR,588
S0332,ARM2,OVRLRESP,PR,616
S0332,ARM2,OVRLRESP,PR,644
S0332,ARM2,OVRLRESP,PR,672
S0332,ARM2,OVRLRESP,PR,700
S0332,ARM2,OVRLRESP,PR,728
S0332,ARM2,OVRLRESP,PR,756
S0332,ARM2,OVRLRESP,PR,784
S0332,ARM2,OVRLRESP,PR,812
S0332,ARM2,OVRLRESP,PR,840
S0332,ARM2,OVRLRESP,PR,868
S0332,ARM2,OVRLRESP,PR,896
S0332,ARM2,OVRLRESP,PR,924
S0332,ARM2,OVRLRESP,PR,952
S0332,ARM2,OVRLRESP,PR,980
S0332,ARM2,OVRLRESP,PR,1008
S0332,ARM2,OVRLRESP,PR,1036
S0332,ARM2,OVRLRESP,PR,1064
S0332,ARM2,OVRLRESP,PR,1092
S0332,ARM2,OVRLRESP,PR,1120
S0332,ARM2,OVRLRESP,PR,1148
S0332,ARM2,OVRLRESP,PR,1176
S0332,ARM2,OVRLRESP,PR,1204
S0332,ARM2,OVRLRESP,PR,1232
S0332,ARM2,OVRLRESP,PR,1260
S0332,ARM2,OVRLRESP,PR,1288
S0332,ARM2,OVRLRESP,PR,1316
S0332,ARM2,OVRLRESP,PR,1344
S0332,ARM2,OVRLRESP,PR,1372
S0332,ARM2,OVRLRESP,PR,1400
S0332,ARM2,OVRLRESP,PR,1428
S0332,ARM2,OVRLRESP,PR,1456
S0332,ARM2,OVRLRESP,PR,1484
S0332,ARM2,OVRLRESP,PR,1512
S0332,ARM2,OVRLRESP,PR,1540
S0332,ARM2,OVRLRESP,PR,1568
S0332,ARM2,OVRLRESP,PR,1596
S0332,ARM2,OVRLRESP,PR,1624
S0332,ARM2,OVRLRESP,PR,1652
S0332,ARM2,OVRLRESP,PR,1680
S0332,ARM2,OVRLRESP,PR,1708
S0332,ARM2,OVRLRESP,PR,1736
S0332,ARM2,OVRLRESP,PR,1764
S0332,ARM2,OVRLRESP,PR,1792
S0332,ARM2,OVRLRESP,PR,1820
S0332,ARM2,OVRLRESP,PR,1848
S0332,ARM2,OVRLRESP,PR,1876
S0332,ARM2,OVRLRESP,PR,1904
S0332,ARM2,OVRLRESP,PR,1932
S0332,ARM2,OVRLRESP,PR,1960
S0332,ARM2,OVRLRESP,PR,1988
S0332,ARM2,OVRLRESP,PR,2016
S0332,ARM2,OVRLRESP,PR,2044
S0332,ARM2,OVRLRESP,PR,2072
S0332,ARM2,OVRLRESP,PR,2100
S0332,ARM2,OVRLRESP,PR,2128
S0332,ARM2,OVRLRESP,PR,2156
S0332,ARM2,OVRLRESP,PR,2184
S0332,ARM2,OVRLRESP,PR,2212
S0332,ARM2,OVRLRESP,PR,2240
S0332,ARM2,OVRLRESP,PR,2268
S0332,ARM2,OVRLRESP,PR,2296
S0332,ARM2,OVRLRESP,PR,2324
S0332,ARM2,OVRLRESP,PR,2352
S0332,ARM2,OVRLRESP,PR,2380
S0332,ARM2,OVRLRESP,PR,2408
S0332,ARM2,OVRLRESP,PR,2436
S0332,ARM2,OVRLRESP,PR,2464
S0332,ARM2,OVRLRESP,PR,2492
S0332,ARM2,CBOR,PR,56
S0333,ARM2,OVRLRESP,SD,28
S0333,ARM2,OVRLRESP,PR,56
S0333,ARM2,OVRLRESP,PR,84
S0333,ARM2,OVRLRESP,PR,112
S0333,ARM2,OVRLRESP,PR,140
S0333,ARM2,OVRLRESP,PR,168
S0333,ARM2,OVRLRESP,PR,196
S0333,ARM2,OVRLRESP,PR,224
S0333,ARM2,OVRLRESP,PR,252
S0333,ARM2,OVRLRESP,PR,280
S0333,ARM2,OVRLRESP,PR,308
S0333,ARM2,OVRLRESP,PR,336
S0333,ARM2,OVRLRESP,PR,364
S0333,ARM2,OVRLRESP,PR,392
S0333,ARM2,OVRLRESP,PR,420
S0333,ARM2,OVRLRESP,PR,448
S0333,ARM2,OVRLRESP,PR,476
S0333,ARM2,OVRLRESP,PR,504
S0333,ARM2,OVRLRESP,PR,532
S0333,ARM2,OVRLRESP,PR,560
S0333,ARM2,OVRLRESP,PR,588
S0333,ARM2,OVRLRESP,PR,616
S0333,ARM2,OVRLRESP,PR,644
S0333,ARM2,OVRLRESP,PR,672
S0333,ARM2,OVRLRESP,PR,700
S0333,ARM2,OVRLRESP,PR,728
S0333,ARM2,OVRLRESP,PR,756
S0333,ARM2,OVRLRESP,PR,784
S0333,ARM2,OVRLRESP,PR,812
S0333,ARM2,OVRLRESP,PR,840
S0333,ARM2,OVRLRESP,PR,868
S0333,ARM2,OVRLRESP,PR,896
S0333,ARM2,OVRLRESP,PR,924
S0333,ARM2,OVRLRESP,PR,952
S0333,ARM2,OVRLRESP,PR,980
S0333,ARM2,OVRLRESP,PR,1008
S0333,ARM2,OVRLRESP,PR,1036
S0333,ARM2,OVRLRESP,PR,1064
S0333,ARM2,OVRLRESP,PR,1092
S0333,ARM2,OVRLRESP,PR,1120
S0333,ARM2,OVRLRESP,PR,1148
S0333,ARM2,OVRLRESP,PR,1176
S0333,ARM2,OVRLRESP,PR,1204
S0333,ARM2,CBOR,PR,56
S0338,ARM2,OVRLRESP,PR,28
S0338,ARM2,OVRLRESP,CR,56
S0338,ARM2,OVRLRESP,CR,84
S0338,ARM2,OVRLRESP,CR,112
S0338,ARM2,OVRLRESP,CR,140
S0338,ARM2,OVRLRESP,CR,168
S0338,ARM2,OVRLRESP,CR,196
S0338,ARM2,OVRLRESP,CR,224
S0338,ARM2,OVRLRESP,CR,252
S0338,ARM2,OVRLRESP,CR,280
S0338,ARM2,OVRLRESP,CR,308
S0338,ARM2,OVRLRESP,CR,336
S0338,ARM2,OVRLRESP,CR,364
S0338,ARM2,OVRLRESP,CR,392
S0338,ARM2,OVRLRESP,CR,420
S0338,ARM2,OVRLRESP,CR,448
S0338,ARM2,OVRLRESP,CR,476
S0338,ARM2,OVRLRESP,PR,504
S0338,ARM2,OVRLRESP,PR,532
S0338,ARM2,OVRLRESP,PR,560
S0338,ARM2,OVRLRESP,PR,588
S0338,ARM2,OVRLRESP,PR,616
S0338,ARM2,OVRLRESP,PR,644
S0338,ARM2,OVRLRESP,PR,672
S0338,ARM2,OVRLRESP,PR,700
S0338,ARM2,OVRLRESP,PR,728
S0338,ARM2,OVRLRESP,PR,756
S0338,ARM2,OVRLRESP,PR,784
S0338,ARM2,OVRLRESP,PR,812
S0338,ARM2,OVRLRESP,PR,840
S0338,ARM2,OVRLRESP,PR,868
S0338,ARM2,OVRLRESP,PR,896
S0338,ARM2,OVRLRESP,PR,924
S0338,ARM2,OVRLRESP,PR,952
S0338,ARM2,CBOR,CR,56
S0340,ARM2,OVRLRESP,PR,28
S0340,ARM2,OVRLRESP,CR,56
S0340,ARM2,OVRLRESP,CR,84
S0340,ARM2,OVRLRESP,CR,112
S0340,ARM2,OVRLRESP,CR,140
S0340,ARM2,OVRLRESP,CR,168
S0340,ARM2,OVRLRESP,CR,196
S0340,ARM2,OVRLRESP,CR,224
S0340,ARM2,OVRLRESP,CR,252
S0340,ARM2,OVRLRESP,CR,280
S0340,ARM2,OVRLRESP,CR,308
S0340,ARM2,OVRLRESP,CR,336
S0340,ARM2,OVRLRESP,CR,364
S0340,ARM2,OVRLRESP,CR,392
S0340,ARM2,OVRLRESP,CR,420
S0340,ARM2,OVRLRESP,CR,448
S0340,ARM2,OVRLRESP,CR,476
S0340,ARM2,OVRLRESP,CR,504
S0340,ARM2,OVRLRESP,CR,532
S0340,ARM2,OVRLRESP,CR,560
S0340,ARM2,OVRLRESP,CR,588
S0340,ARM2,OVRLRESP,CR,616
S0340,ARM2,OVRLRESP,CR,644
S0340,ARM2,OVRLRESP,CR,672
S0340,ARM2,OVRLRESP,CR,700
S0340,ARM2,OVRLRESP,CR,728
S0340,ARM2,OVRLRESP,CR,756
S0340,ARM2,OVRLRESP,CR,784
S0340,ARM2,OVRLRESP,CR,812
S0340,ARM2,OVRLRESP,CR,840
S0340,ARM2,OVRLRESP,CR,868
S0340,ARM2,OVRLRESP,CR,896
S0340,ARM2,OVRLRESP,CR,924
S0340,ARM2,OVRLRESP,CR,952
S0340,ARM2,OVRLRESP,CR,980
S0340,ARM2,OVRLRESP,CR,1008
S0340,ARM2,OVRLRESP,CR,1036
S0340,ARM2,OVRLRESP,CR,1064
S0340,ARM2,OVRLRESP,CR,1092
S0340,ARM2,OVRLRESP,CR,1120
S0340,ARM2,OVRLRESP,CR,1148
S0340,ARM2,OVRLRESP,CR,1176
S0340,ARM2,OVRLRESP,CR,1204
S0340,ARM2,OVRLRESP,CR,1232
S0340,ARM2,OVRLRESP,CR,1260
S0340,ARM2,OVRLRESP,CR,1288
S0340,ARM2,OVRLRESP,CR,1316
S0340,ARM2,OVRLRESP,CR,1344
S0340,ARM2,OVRLRESP,CR,1372
S0340,ARM2,OVRLRESP,CR,1400
S0340,ARM2,OVRLRESP,PD,1428
S0340,ARM2,CBOR,CR,56
S0341,ARM2,OVRLRESP,SD,28
S0341,ARM2,OVRLRESP,PR,56
S0341,ARM2,OVRLRESP,PR,84
S0341,ARM2,OVRLRESP,PR,112
S0341,ARM2,OVRLRESP,PR,140
S0341,ARM2,OVRLRESP,PR,168
S0341,ARM2,OVRLRESP,PR,196
S0341,ARM2,OVRLRESP,PR,224
S0341,ARM2,OVRLRESP,PR,252
S0341,ARM2,OVRLRESP,PR,280
S0341,ARM2,OVRLRESP,PR,308
S0341,ARM2,OVRLRESP,PR,336
S0341,ARM2,OVRLRESP,PR,364
S0341,ARM2,OVRLRESP,PR,392
S0341,ARM2,OVRLRESP,PR,420
S0341,ARM2,OVRLRESP,PR,448
S0341,ARM2,OVRLRESP,PR,476
S0341,ARM2,OVRLRESP,PR,504
S0341,ARM2,OVRLRESP,PR,532
S0341,ARM2,OVRLRESP,PR,560
S0341,ARM2,OVRLRESP,PR,588
S0341,ARM2,OVRLRESP,PR,616
S0341,ARM2,OVRLRESP,PR,644
S0341,ARM2,OVRLRESP,PR,672
S0341,ARM2,OVRLRESP,PR,700
S0341,ARM2,OVRLRESP,PR,728
S0341,ARM2,OVRLRESP,PR,756
S0341,ARM2,OVRLRESP,PR,784
S0341,ARM2,OVRLRESP,PR,812
S0341,ARM2,OVRLRESP,PR,840
S0341,ARM2,OVRLRESP,PR,868
S0341,ARM2,OVRLRESP,PR,896
S0341,ARM2,OVRLRESP,PR,924
S0341,ARM2,OVRLRESP,PR,952
S0341,ARM2,OVRLRESP,PR,980
S0341,ARM2,OVRLRESP,PR,1008
S0341,ARM2,OVRLRESP,PR,1036
S0341,ARM2,OVRLRESP,PR,1064
S0341,ARM2,OVRLRESP,PR,1092
S0341,ARM2,OVRLRESP,PR,1120
S0341,ARM2,OVRLRESP,PR,1148
S0341,ARM2,OVRLRESP,PR,1176
S0341,ARM2,OVRLRESP,PR,1204
S0341,ARM2,OVRLRESP,PR,1232
S0341,ARM2,OVRLRESP,PR,1260
S0341,ARM2,OVRLRESP,PR,1288
S0341,ARM2,OVRLRESP,PR,1316
S0341,ARM2,OVRLRESP,PR,1344
S0341,ARM2,OVRLRESP,PR,1372
S0341,ARM2,OVRLRESP,PR,1400
S0341,ARM2,OVRLRESP,PR,1428
S0341,ARM2,OVRLRESP,PR,1456
S0341,ARM2,OVRLRESP,PR,1484
S0341,ARM2,OVRLRESP,PR,1512
S0341,ARM2,OVRLRESP,PR,1540
S0341,ARM2,OVRLRESP,PR,1568
S0341,ARM2,OVRLRESP,PR,1596
S0341,ARM2,OVRLRESP,PR,1624
S0341,ARM2,OVRLRESP,PR,1652
S0341,ARM2,OVRLRESP,PR,1680
S0341,ARM2,OVRLRESP,PR,1708
S0341,ARM2,OVRLRESP,PR,1736
S0341,ARM2,OVRLRESP,PR,1764
S0341,ARM2,OVRLRESP,PR,1792
S0341,ARM2,CBOR,PR,56
S0343,ARM2,OVRLRESP,PR,28
S0343,ARM2,OVRLRESP,CR,56
S0343,ARM2,OVRLRESP,CR,84
S0343,ARM2,OVRLRESP,CR,112
S0343,ARM2,CBOR,CR,56
S0344,ARM2,OVRLRESP,SD,28
S0344,ARM2,OVRLRESP,PR,56
S0344,ARM2,OVRLRESP,PR,84
S0344,ARM2,OVRLRESP,PR,112
S0344,ARM2,OVRLRESP,PR,140
S0344,ARM2,OVRLRESP,PR,168
S0344,ARM2,OVRLRESP,PR,196
S0344,ARM2,OVRLRESP,PR,224
S0344,ARM2,OVRLRESP,PR,252
S0344,ARM2,OVRLRESP,PR,280
S0344,ARM2,OVRLRESP,PR,308
S0344,ARM2,OVRLRESP,PR,336
S0344,ARM2,OVRLRESP,PR,364
S0344,ARM2,OVRLRESP,PR,392
S0344,ARM2,OVRLRESP,PR,420
S0344,ARM2,OVRLRESP,PR,448
S0344,ARM2,OVRLRESP,PR,476
S0344,ARM2,OVRLRESP,PR,504
S0344,ARM2,OVRLRESP,PR,532
S0344,ARM2,OVRLRESP,PR,560
S0344,ARM2,OVRLRESP,PR,588
S0344,ARM2,OVRLRESP,PR,616
S0344,ARM2,OVRLRESP,PR,644
S0344,ARM2,OVRLRESP,PR,672
S0344,ARM2,OVRLRESP,PR,700
S0344,ARM2,OVRLRESP,PR,728
S0344,ARM2,OVRLRESP,PR,756
S0344,ARM2,OVRLRESP,PR,784
S0344,ARM2,OVRLRESP,PR,812
S0344,ARM2,OVRLRESP,PR,840
S0344,ARM2,OVRLRESP,PR,868
S0344,ARM2,OVRLRESP,PR,896
S0344,ARM2,OVRLRESP,PR,924
S0344,ARM2,OVRLRESP,PR,952
S0344,ARM2,OVRLRESP,PR,980
S0344,ARM2,OVRLRESP,PR,1008
S0344,ARM2,OVRLRESP,PR,1036
S0344,ARM2,OVRLRESP,PR,1064
S0344,ARM2,OVRLRESP,PR,1092
S0344,ARM2,OVRLRESP,PR,1120
S0344,ARM2,OVRLRESP,PR,1148
S0344,ARM2,OVRLRESP,PR,1176
S0344,ARM2,OVRLRESP,PR,1204
S0344,ARM2,OVRLRESP,PR,1232
S0344,ARM2,OVRLRESP,PR,1260
S0344,ARM2,OVRLRESP,PR,1288
S0344,ARM2,OVRLRESP,PR,1316
S0344,ARM2,OVRLRESP,PR,1344
S0344,ARM2,OVRLRESP,PR,1372
S0344,ARM2,OVRLRESP,PR,1400
S0344,ARM2,OVRLRESP,PR,1428
S0344,ARM2,OVRLRESP,PR,1456
S0344,ARM2,OVRLRESP,PR,1484
S0344,ARM2,OVRLRESP,PR,1512
S0344,ARM2,OVRLRESP,PR,1540
S0344,ARM2,OVRLRESP,PR,1568
S0344,ARM2,OVRLRESP,PR,1596
S0344,ARM2,OVRLRESP,PR,1624
S0344,ARM2,OVRLRESP,PR,1652
S0344,ARM2,OVRLRESP,PR,1680
S0344,ARM2,OVRLRESP,PR,1708
S0344,ARM2,OVRLRESP,PR,1736
S0344,ARM2,OVRLRESP,PR,1764
S0344,ARM2,OVRLRESP,PR,1792
S0344,ARM2,OVRLRESP,PR,1820
S0344,ARM2,OVRLRESP,PR,1848
S0344,ARM2,OVRLRESP,PR,1876
S0344,ARM2,OVRLRESP,PR,1904
S0344,ARM2,OVRLRESP,PR,1932
S0344,ARM2,OVRLRESP,PR,1960
S0344,ARM2,OVRLRESP,PR,1988
S0344,ARM2,OVRLRESP,PR,2016
S0344,ARM2,OVRLRESP,PR,2044
S0344,ARM2,OVRLRESP,PR,2072
S0344,ARM2,OVRLRESP,PR,2100
S0344,ARM2,OVRLRESP,PR,2128
S0344,ARM2,OVRLRESP,PR,2156
S0344,ARM2,OVRLRESP,PR,2184
S0344,ARM2,OVRLRESP,PR,2212
S0344,ARM2,OVRLRESP,PR,2240
S0344,ARM2,OVRLRESP,PR,2268
S0344,ARM2,OVRLRESP,PR,2296
S0344,ARM2,OVRLRESP,PR,2324
S0344,ARM2,OVRLRESP,PR,2352
S0344,ARM2,OVRLRESP,PR,2380
S0344,ARM2,OVRLRESP,PR,2408
S0344,ARM2,CBOR,PR,56
S0347,ARM2,OVRLRESP,SD,28
S0347,ARM2,OVRLRESP,PR,56
S0347,ARM2,OVRLRESP,PR,84
S0347,ARM2,OVRLRESP,PR,112
S0347,ARM2,OVRLRESP,PR,140
S0347,ARM2,OVRLRESP,PR,168
S0347,ARM2,OVRLRESP,PR,196
S0347,ARM2,OVRLRESP,PR,224
S0347,ARM2,OVRLRESP,PR,252
S0347,ARM2,OVRLRESP,PR,280
S0347,ARM2,OVRLRESP,PR,308
S0347,ARM2,OVRLRESP,PR,336
S0347,ARM2,OVRLRESP,PR,364
S0347,ARM2,OVRLRESP,PR,392
S0347,ARM2,OVRLRESP,PR,420
S0347,ARM2,OVRLRESP,PR,448
S0347,ARM2,OVRLRESP,PR,476
S0347,ARM2,OVRLRESP,PR,504
S0347,ARM2,OVRLRESP,PR,532
S0347,ARM2,OVRLRESP,PR,560
S0347,ARM2,OVRLRESP,PR,588
S0347,ARM2,OVRLRESP,PR,616
S0347,ARM2,OVRLRESP,PR,644
S0347,ARM2,OVRLRESP,PR,672
S0347,ARM2,OVRLRESP,PR,700
S0347,ARM2,OVRLRESP,PR,728
S0347,ARM2,OVRLRESP,PR,756
S0347,ARM2,OVRLRESP,PR,784
S0347,ARM2,OVRLRESP,PR,812
S0347,ARM2,OVRLRESP,PR,840
S0347,ARM2,OVRLRESP,PR,868
S0347,ARM2,OVRLRESP,PR,896
S0347,ARM2,OVRLRESP,PR,924
S0347,ARM2,OVRLRESP,PR,952
S0347,ARM2,OVRLRESP,PR,980
S0347,ARM2,OVRLRESP,PR,1008
S0347,ARM2,OVRLRESP,PR,1036
S0347,ARM2,OVRLRESP,PR,1064
S0347,ARM2,OVRLRESP,PR,1092
S0347,ARM2,OVRLRESP,PR,1120
S0347,ARM2,OVRLRESP,PR,1148
S0347,ARM2,OVRLRESP,PR,1176
S0347,ARM2,OVRLRESP,PR,1204
S0347,ARM2,OVRLRESP,PR,1232
S0347,ARM2,OVRLRESP,PR,1260
S0347,ARM2,OVRLRESP,PR,1288
S0347,ARM2,OVRLRESP,PR,1316
S0347,ARM2,OVRLRESP,PR,1344
S0347,ARM2,OVRLRESP,PR,1372
S0347,ARM2,OVRLRESP,PR,1400
S0347,ARM2,OVRLRESP,PR,1428
S0347,ARM2,OVRLRESP,PR,1456
S0347,ARM2,OVRLRESP,PR,1484
S0347,ARM2,OVRLRESP,PR,1512
S0347,ARM2,OVRLRESP,PR,1540
S0347,ARM2,OVRLRESP,PR,1568
S0347,ARM2,OVRLRESP,PR,1596
S0347,ARM2,OVRLRESP,PR,1624
S0347,ARM2,OVRLRESP,PR,1652
S0347,ARM2,OVRLRESP,PR,1680
S0347,ARM2,OVRLRESP,PR,1708
S0347,ARM2,OVRLRESP,PR,1736
S0347,ARM2,OVRLRESP,PR,1764
S0347,ARM2,OVRLRESP,PR,1792
S0347,ARM2,OVRLRESP,PR,1820
S0347,ARM2,OVRLRESP,PR,1848
S0347,ARM2,OVRLRESP,PR,1876
S0347,ARM2,OVRLRESP,PR,1904
S0347,ARM2,OVRLRESP,PR,1932
S0347,ARM2,OVRLRESP,PR,1960
S0347,ARM2,OVRLRESP,PR,1988
S0347,ARM2,OVRLRESP,PR,2016
S0347,ARM2,OVRLRESP,PR,2044
S0347,ARM2,OVRLRESP,PR,2072
S0347,ARM2,OVRLRESP,PR,2100
S0347,ARM2,CBOR,PR,56
S0349,ARM2,OVRLRESP,SD,28
S0349,ARM2,CBOR,NE,
S0352,ARM2,OVRLRESP,SD,28
S0352,ARM2,OVRLRESP,SD,56
S0352,ARM2,OVRLRESP,SD,84
S0352,ARM2,OVRLRESP,PD,112
S0352,ARM2,CBOR,SD,56
S0354,ARM2,OVRLRESP,SD,28
S0354,ARM2,OVRLRESP,CR,56
S0354,ARM2,OVRLRESP,CR,84
S0354,ARM2,OVRLRESP,CR,112
S0354,ARM2,OVRLRESP,CR,140
S0354,ARM2,OVRLRESP,CR,168
S0354,ARM2,OVRLRESP,CR,196
S0354,ARM2,OVRLRESP,CR,224
S0354,ARM2,OVRLRESP,CR,252
S0354,ARM2,OVRLRESP,CR,280
S0354,ARM2,OVRLRESP,CR,308
S0354,ARM2,OVRLRESP,CR,336
S0354,ARM2,OVRLRESP,CR,364
S0354,ARM2,OVRLRESP,CR,392
S0354,ARM2,OVRLRESP,CR,420
S0354,ARM2,OVRLRESP,CR,448
S0354,ARM2,OVRLRESP,CR,476
S0354,ARM2,OVRLRESP,CR,504
S0354,ARM2,OVRLRESP,CR,532
S0354,ARM2,OVRLRESP,CR,560
S0354,ARM2,OVRLRESP,CR,588
S0354,ARM2,OVRLRESP,CR,616
S0354,ARM2,OVRLRESP,CR,644
S0354,ARM2,OVRLRESP,CR,672
S0354,ARM2,OVRLRESP,CR,700
S0354,ARM2,OVRLRESP,CR,728
S0354,ARM2,OVRLRESP,CR,756
S0354,ARM2,OVRLRESP,CR,784
S0354,ARM2,OVRLRESP,CR,812
S0354,ARM2,OVRLRESP,CR,840
S0354,ARM2,OVRLRESP,CR,868
S0354,ARM2,OVRLRESP,CR,896
S0354,ARM2,OVRLRESP,CR,924
S0354,ARM2,OVRLRESP,CR,952
S0354,ARM2,OVRLRESP,CR,980
S0354,ARM2,OVRLRESP,CR,1008
S0354,ARM2,OVRLRESP,CR,1036
S0354,ARM2,OVRLRESP,CR,1064
S0354,ARM2,OVRLRESP,CR,1092
S0354,ARM2,OVRLRESP,CR,1120
S0354,ARM2,OVRLRESP,CR,1148
S0354,ARM2,OVRLRESP,PD,1176
S0354,ARM2,CBOR,CR,56
S0356,ARM2,OVRLRESP,SD,28
S0356,ARM2,OVRLRESP,CR,56
S0356,ARM2,OVRLRESP,CR,84
S0356,ARM2,OVRLRESP,CR,112
S0356,ARM2,OVRLRESP,CR,140
S0356,ARM2,OVRLRESP,CR,168
S0356,ARM2,OVRLRESP,CR,196
S0356,ARM2,OVRLRESP,CR,224
S0356,ARM2,OVRLRESP,CR,252
S0356,ARM2,OVRLRESP,CR,280
S0356,ARM2,OVRLRESP,CR,308
S0356,ARM2,OVRLRESP,CR,336
S0356,ARM2,OVRLRESP,CR,364
S0356,ARM2,OVRLRESP,CR,392
S0356,ARM2,OVRLRESP,CR,420
S0356,ARM2,OVRLRESP,CR,448
S0356,ARM2,OVRLRESP,CR,476
S0356,ARM2,OVRLRESP,CR,504
S0356,ARM2,OVRLRESP,CR,532
S0356,ARM2,OVRLRESP,CR,560
S0356,ARM2,OVRLRESP,CR,588
S0356,ARM2,OVRLRESP,CR,616
S0356,ARM2,OVRLRESP,CR,644
S0356,ARM2,OVRLRESP,CR,672
S0356,ARM2,OVRLRESP,CR,700
S0356,ARM2,OVRLRESP,CR,728
S0356,ARM2,OVRLRESP,CR,756
S0356,ARM2,OVRLRESP,CR,784
S0356,ARM2,OVRLRESP,CR,812
S0356,ARM2,OVRLRESP,CR,840
S0356,ARM2,OVRLRESP,CR,868
S0356,ARM2,OVRLRESP,CR,896
S0356,ARM2,OVRLRESP,CR,924
S0356,ARM2,OVRLRESP,CR,952
S0356,ARM2,OVRLRESP,CR,980
S0356,ARM2,OVRLRESP,CR,1008
S0356,ARM2,OVRLRESP,CR,1036
S0356,ARM2,OVRLRESP,CR,1064
S0356,ARM2,OVRLRESP,CR,1092
S0356,ARM2,OVRLRESP,CR,1120
S0356,ARM2,OVRLRESP,CR,1148
S0356,ARM2,OVRLRESP,CR,1176
S0356,ARM2,OVRLRESP,CR,1204
S0356,ARM2,OVRLRESP,CR,1232
S0356,ARM2,OVRLRESP,CR,1260
S0356,ARM2,OVRLRESP,CR,1288
S0356,ARM2,OVRLRESP,CR,1316
S0356,ARM2,OVRLRESP,CR,1344
S0356,ARM2,OVRLRESP,CR,1372
S0356,ARM2,OVRLRESP,CR,1400
S0356,ARM2,OVRLRESP,CR,1428
S0356,ARM2,OVRLRESP,CR,1456
S0356,ARM2,OVRLRESP,CR,1484
S0356,ARM2,OVRLRESP,CR,1512
S0356,ARM2,OVRLRESP,CR,1540
S0356,ARM2,OVRLRESP,CR,1568
S0356,ARM2,OVRLRESP,CR,1596
S0356,ARM2,OVRLRESP,CR,1624
S0356,ARM2,OVRLRESP,CR,1652
S0356,ARM2,OVRLRESP,CR,1680
S0356,ARM2,OVRLRESP,CR,1708
S0356,ARM2,OVRLRESP,CR,1736
S0356,ARM2,OVRLRESP,CR,1764
S0356,ARM2,OVRLRESP,CR,1792
S0356,ARM2,OVRLRESP,CR,1820
S0356,ARM2,OVRLRESP,CR,1848
S0356,ARM2,OVRLRESP,CR,1876
S0356,ARM2,OVRLRESP,CR,1904
S0356,ARM2,OVRLRESP,CR,1932
S0356,ARM2,OVRLRESP,CR,1960
S0356,ARM2,OVRLRESP,CR,1988
S0356,ARM2,OVRLRESP,CR,2016
S0356,ARM2,OVRLRESP,CR,2044
S0356,ARM2,OVRLRESP,CR,2072
S0356,ARM2,OVRLRESP,CR,2100
S0356,ARM2,OVRLRESP,CR,2128
S0356,ARM2,OVRLRESP,CR,2156
S0356,ARM2,OVRLRESP,CR,2184
S0356,ARM2,OVRLRESP,CR,2212
S0356,ARM2,OVRLRESP,CR,2240
S0356,ARM2,OVRLRESP,CR,2268
S0356,ARM2,OVRLRESP,CR,2296
S0356,ARM2,OVRLRESP,CR,2324
S0356,ARM2,OVRLRESP,CR,2352
S0356,ARM2,CBOR,CR,56
S0357,ARM2,OVRLRESP,SD,28
S0357,ARM2,OVRLRESP,PR,56
S0357,ARM2,OVRLRESP,PR,84
S0357,ARM2,OVRLRESP,PR,112
S0357,ARM2,OVRLRESP,PR,140
S0357,ARM2,OVRLRESP,PR,168
S0357,ARM2,OVRLRESP,PR,196
S0357,ARM2,OVRLRESP,PR,224
S0357,ARM2,OVRLRESP,PR,252
S0357,ARM2,OVRLRESP,PR,280
S0357,ARM2,OVRLRESP,PR,308
S0357,ARM2,OVRLRESP,PR,336
S0357,ARM2,OVRLRESP,PR,364
S0357,ARM2,OVRLRESP,PR,392
S0357,ARM2,OVRLRESP,PR,420
S0357,ARM2,OVRLRESP,PR,448
S0357,ARM2,OVRLRESP,PR,476
S0357,ARM2,OVRLRESP,PR,504
S0357,ARM2,OVRLRESP,PR,532
S0357,ARM2,OVRLRESP,PR,560
S0357,ARM2,OVRLRESP,PR,588
S0357,ARM2,OVRLRESP,PR,616
S0357,ARM2,OVRLRESP,PR,644
S0357,ARM2,OVRLRESP,PR,672
S0357,ARM2,OVRLRESP,PR,700
S0357,ARM2,OVRLRESP,PR,728
S0357,ARM2,OVRLRESP,PR,756
S0357,ARM2,OVRLRESP,PR,784
S0357,ARM2,OVRLRESP,PR,812
S0357,ARM2,OVRLRESP,PR,840
S0357,ARM2,OVRLRESP,PR,868
S0357,ARM2,OVRLRESP,PR,896
S0357,ARM2,OVRLRESP,PR,924
S0357,ARM2,OVRLRESP,PR,952
S0357,ARM2,OVRLRESP,PR,980
S0357,ARM2,OVRLRESP,PR,1008
S0357,ARM2,OVRLRESP,PR,1036
S0357,ARM2,OVRLRESP,PR,1064
S0357,ARM2,CBOR,PR,56
S0359,ARM2,OVRLRESP,SD,28
S0359,ARM2,OVRLRESP,PR,56
S0359,ARM2,OVRLRESP,PR,84
S0359,ARM2,OVRLRESP,PR,112
S0359,ARM2,OVRLRESP,PR,140
S0359,ARM2,OVRLRESP,PR,168
S0359,ARM2,OVRLRESP,PR,196
S0359,ARM2,OVRLRESP,PR,224
S0359,ARM2,OVRLRESP,PR,252
S0359,ARM2,CBOR,PR,56
S0362,ARM2,OVRLRESP,PR,28
S0362,ARM2,OVRLRESP,CR,56
S0362,ARM2,OVRLRESP,CR,84
S0362,ARM2,OVRLRESP,CR,112
S0362,ARM2,OVRLRESP,CR,140
S0362,ARM2,OVRLRESP,CR,168
S0362,ARM2,OVRLRESP,CR,196
S0362,ARM2,OVRLRESP,CR,224
S0362,ARM2,OVRLRESP,CR,252
S0362,ARM2,OVRLRESP,CR,280
S0362,ARM2,OVRLRESP,CR,308
S0362,ARM2,OVRLRESP,CR,336
S0362,ARM2,OVRLRESP,CR,364
S0362,ARM2,OVRLRESP,CR,392
S0362,ARM2,OVRLRESP,CR,420
S0362,ARM2,OVRLRESP,CR,448
S0362,ARM2,OVRLRESP,CR,476
S0362,ARM2,OVRLRESP,CR,504
S0362,ARM2,OVRLRESP,CR,532
S0362,ARM2,OVRLRESP,CR,560
S0362,ARM2,OVRLRESP,CR,588
S0362,ARM2,OVRLRESP,CR,616
S0362,ARM2,OVRLRESP,CR,644
S0362,ARM2,OVRLRESP,CR,672
S0362,ARM2,OVRLRESP,CR,700
S0362,ARM2,OVRLRESP,CR,728
S0362,ARM2,OVRLRESP,CR,756
S0362,ARM2,OVRLRESP,PR,784
S0362,ARM2,OVRLRESP,PR,812
S0362,ARM2,OVRLRESP,PR,840
S0362,ARM2,OVRLRESP,PR,868
S0362,ARM2,OVRLRESP,PR,896
S0362,ARM2,OVRLRESP,PR,924
S0362,ARM2,OVRLRESP,PR,952
S0362,ARM2,OVRLRESP,PR,980
S0362,ARM2,OVRLRESP,PR,1008
S0362,ARM2,OVRLRESP,PR,1036
S0362,ARM2,OVRLRESP,PR,1064
S0362,ARM2,OVRLRESP,PR,1092
S0362,ARM2,OVRLRESP,PR,1120
S0362,ARM2,OVRLRESP,PR,1148
S0362,ARM2,OVRLRESP,PR,1176
S0362,ARM2,OVRLRESP,PR,1204
S0362,ARM2,OVRLRESP,PR,1232
S0362,ARM2,OVRLRESP,PR,1260
S0362,ARM2,OVRLRESP,PR,1288
S0362,ARM2,OVRLRESP,PR,1316
S0362,ARM2,OVRLRESP,PR,1344
S0362,ARM2,OVRLRESP,PR,1372
S0362,ARM2,OVRLRESP,PR,1400
S0362,ARM2,OVRLRESP,PR,1428
S0362,ARM2,OVRLRESP,PR,1456
S0362,ARM2,OVRLRESP,PR,1484
S0362,ARM2,OVRLRESP,PR,1512
S0362,ARM2,OVRLRESP,PR,1540
S0362,ARM2,OVRLRESP,PR,1568
S0362,ARM2,OVRLRESP,PR,1596
S0362,ARM2,OVRLRESP,PR,1624
S0362,ARM2,OVRLRESP,PR,1652
S0362,ARM2,OVRLRESP,PR,1680
S0362,ARM2,OVRLRESP,PR,1708
S0362,ARM2,OVRLRESP,PR,1736
S0362,ARM2,OVRLRESP,PR,1764
S0362,ARM2,OVRLRESP,PR,1792
S0362,ARM2,OVRLRESP,PR,1820
S0362,ARM2,OVRLRESP,PR,1848
S0362,ARM2,OVRLRESP,PR,1876
S0362,ARM2,OVRLRESP,PR,1904
S0362,ARM2,OVRLRESP,PR,1932
S0362,ARM2,OVRLRESP,PR,1960
S0362,ARM2,OVRLRESP,PR,1988
S0362,ARM2,OVRLRESP,PR,2016
S0362,ARM2,OVRLRESP,PR,2044
S0362,ARM2,OVRLRESP,PR,2072
S0362,ARM2,OVRLRESP,PR,2100
S0362,ARM2,OVRLRESP,PR,2128
S0362,ARM2,CBOR,CR,56
S0364,ARM2,OVRLRESP,SD,28
S0364,ARM2,OVRLRESP,PR,56
S0364,ARM2,OVRLRESP,PR,84
S0364,ARM2,OVRLRESP,PR,112
S0364,ARM2,OVRLRESP,PR,140
S0364,ARM2,OVRLRESP,PR,168
S0364,ARM2,OVRLRESP,PR,196
S0364,ARM2,OVRLRESP,PR,224
S0364,ARM2,OVRLRESP,PR,252
S0364,ARM2,OVRLRESP,PR,280
S0364,ARM2,OVRLRESP,PR,308
S0364,ARM2,OVRLRESP,PR,336
S0364,ARM2,OVRLRESP,PR,364
S0364,ARM2,OVRLRESP,PR,392
S0364,ARM2,OVRLRESP,PR,420
S0364,ARM2,OVRLRESP,PR,448
S0364,ARM2,OVRLRESP,PR,476
S0364,ARM2,OVRLRESP,PR,504
S0364,ARM2,OVRLRESP,PR,532
S0364,ARM2,OVRLRESP,PR,560
S0364,ARM2,OVRLRESP,PR,588
S0364,ARM2,OVRLRESP,PR,616
S0364,ARM2,OVRLRESP,PR,644
S0364,ARM2,OVRLRESP,PR,672
S0364,ARM2,OVRLRESP,PR,700
S0364,ARM2,OVRLRESP,PR,728
S0364,ARM2,OVRLRESP,PR,756
S0364,ARM2,OVRLRESP,PR,784
S0364,ARM2,OVRLRESP,PR,812
S0364,ARM2,OVRLRESP,PR,840
S0364,ARM2,OVRLRESP,PR,868
S0364,ARM2,OVRLRESP,PR,896
S0364,ARM2,OVRLRESP,PR,924
S0364,ARM2,OVRLRESP,PR,952
S0364,ARM2,OVRLRESP,PR,980
S0364,ARM2,OVRLRESP,PR,1008
S0364,ARM2,OVRLRESP,PR,1036
S0364,ARM2,OVRLRESP,PR,1064
S0364,ARM2,OVRLRESP,PR,1092
S0364,ARM2,OVRLRESP,PR,1120
S0364,ARM2,OVRLRESP,PR,1148
S0364,ARM2,OVRLRESP,PR,1176
S0364,ARM2,OVRLRESP,PR,1204
S0364,ARM2,OVRLRESP,PR,1232
S0364,ARM2,OVRLRESP,PR,1260
S0364,ARM2,OVRLRESP,PR,1288
S0364,ARM2,OVRLRESP,PR,1316
S0364,ARM2,OVRLRESP,PR,1344
S0364,ARM2,OVRLRESP,PR,1372
S0364,ARM2,OVRLRESP,PR,1400
S0364,ARM2,OVRLRESP,PR,1428
S0364,ARM2,OVRLRESP,PR,1456
S0364,ARM2,OVRLRESP,PR,1484
S0364,ARM2,OVRLRESP,PR,1512
S0364,ARM2,OVRLRESP,PR,1540
S0364,ARM2,OVRLRESP,PR,1568
S0364,ARM2,OVRLRESP,PR,1596
S0364,ARM2,OVRLRESP,PR,1624
S0364,ARM2,OVRLRESP,PR,1652
S0364,ARM2,OVRLRESP,PR,1680
S0364,ARM2,OVRLRESP,PR,1708
S0364,ARM2,OVRLRESP,PR,1736
S0364,ARM2,OVRLRESP,PR,1764
S0364,ARM2,CBOR,PR,56
S0367,ARM2,OVRLRESP,SD,28
S0367,ARM2,OVRLRESP,CR,56
S0367,ARM2,OVRLRESP,CR,84
S0367,ARM2,OVRLRESP,CR,112
S0367,ARM2,OVRLRESP,CR,140
S0367,ARM2,OVRLRESP,CR,168
S0367,ARM2,OVRLRESP,CR,196
S0367,ARM2,OVRLRESP,CR,224
S0367,ARM2,OVRLRESP,CR,252
S0367,ARM2,OVRLRESP,CR,280
S0367,ARM2,OVRLRESP,CR,308
S0367,ARM2,OVRLRESP,CR,336
S0367,ARM2,OVRLRESP,CR,364
S0367,ARM2,OVRLRESP,CR,392
S0367,ARM2,OVRLRESP,CR,420
S0367,ARM2,OVRLRESP,CR,448
S0367,ARM2,OVRLRESP,CR,476
S0367,ARM2,OVRLRESP,CR,504
S0367,ARM2,OVRLRESP,CR,532
S0367,ARM2,OVRLRESP,PD,560
S0367,ARM2,CBOR,CR,56
S0368,ARM2,OVRLRESP,SD,28
S0368,ARM2,OVRLRESP,PR,56
S0368,ARM2,OVRLRESP,PR,84
S0368,ARM2,OVRLRESP,PR,112
S0368,ARM2,OVRLRESP,PR,140
S0368,ARM2,OVRLRESP,PR,168
S0368,ARM2,OVRLRESP,PR,196
S0368,ARM2,OVRLRESP,PR,224
S0368,ARM2,OVRLRESP,PR,252
S0368,ARM2,OVRLRESP,PD,280
S0368,ARM2,CBOR,PR,56
S0371,ARM2,OVRLRESP,SD,28
S0371,ARM2,OVRLRESP,PD,56
S0371,ARM2,CBOR,PD,56
S0375,ARM2,OVRLRESP,SD,28
S0375,ARM2,OVRLRESP,PR,56
S0375,ARM2,OVRLRESP,PR,84
S0375,ARM2,OVRLRESP,PR,112
S0375,ARM2,OVRLRESP,PR,140
S0375,ARM2,CBOR,PR,56
S0376,ARM2,OVRLRESP,SD,28
S0376,ARM2,OVRLRESP,PR,56
S0376,ARM2,OVRLRESP,PR,84
S0376,ARM2,OVRLRESP,PR,112
S0376,ARM2,OVRLRESP,PR,140
S0376,ARM2,OVRLRESP,PR,168
S0376,ARM2,OVRLRESP,PD,196
S0376,ARM2,CBOR,PR,56
S0378,ARM2,OVRLRESP,SD,28
S0378,ARM2,OVRLRESP,SD,56
S0378,ARM2,OVRLRESP,SD,84
S0378,ARM2,OVRLRESP,SD,112
S0378,ARM2,OVRLRESP,SD,140
S0378,ARM2,OVRLRESP,SD,168
S0378,ARM2,OVRLRESP,SD,196
S0378,ARM2,OVRLRESP,SD,224
S0378,ARM2,OVRLRESP,SD,252
S0378,ARM2,OVRLRESP,SD,280
S0378,ARM2,OVRLRESP,SD,308
S0378,ARM2,OVRLRESP,SD,336
S0378,ARM2,OVRLRESP,SD,364
S0378,ARM2,OVRLRESP,SD,392
S0378,ARM2,OVRLRESP,SD,420
S0378,ARM2,OVRLRESP,SD,448
S0378,ARM2,OVRLRESP,SD,476
S0378,ARM2,OVRLRESP,SD,504
S0378,ARM2,OVRLRESP,SD,532
S0378,ARM2,OVRLRESP,SD,560
S0378,ARM2,OVRLRESP,SD,588
S0378,ARM2,OVRLRESP,SD,616
S0378,ARM2,OVRLRESP,SD,644
S0378,ARM2,OVRLRESP,SD,672
S0378,ARM2,OVRLRESP,PD,700
S0378,ARM2,CBOR,SD,56
S0381,ARM2,OVRLRESP,PR,28
S0381,ARM2,OVRLRESP,CR,56
S0381,ARM2,OVRLRESP,CR,84
S0381,ARM2,OVRLRESP,CR,112
S0381,ARM2,OVRLRESP,CR,140
S0381,ARM2,OVRLRESP,CR,168
S0381,ARM2,OVRLRESP,CR,196
S0381,ARM2,OVRLRESP,CR,224
S0381,ARM2,OVRLRESP,CR,252
S0381,ARM2,OVRLRESP,CR,280
S0381,ARM2,OVRLRESP,CR,308
S0381,ARM2,OVRLRESP,CR,336
S0381,ARM2,OVRLRESP,CR,364
S0381,ARM2,OVRLRESP,CR,392
S0381,ARM2,OVRLRESP,CR,420
S0381,ARM2,OVRLRESP,CR,448
S0381,ARM2,OVRLRESP,CR,476
S0381,ARM2,OVRLRESP,CR,504
S0381,ARM2,OVRLRESP,CR,532
S0381,ARM2,OVRLRESP,CR,560
S0381,ARM2,OVRLRESP,CR,588
S0381,ARM2,OVRLRESP,CR,616
S0381,ARM2,OVRLRESP,CR,644
S0381,ARM2,OVRLRESP,CR,672
S0381,ARM2,OVRLRESP,CR,700
S0381,ARM2,OVRLRESP,CR,728
S0381,ARM2,OVRLRESP,CR,756
S0381,ARM2,OVRLRESP,CR,784
S0381,ARM2,OVRLRESP,CR,812
S0381,ARM2,OVRLRESP,CR,840
S0381,ARM2,OVRLRESP,CR,868
S0381,ARM2,OVRLRESP,CR,896
S0381,ARM2,OVRLRESP,CR,924
S0381,ARM2,OVRLRESP,CR,952
S0381,ARM2,OVRLRESP,CR,980
S0381,ARM2,OVRLRESP,PR,1008
S0381,ARM2,OVRLRESP,PR,1036
S0381,ARM2,OVRLRESP,PR,1064
S0381,ARM2,OVRLRESP,PR,1092
S0381,ARM2,OVRLRESP,PR,1120
S0381,ARM2,OVRLRESP,PR,1148
S0381,ARM2,OVRLRESP,PR,1176
S0381,ARM2,OVRLRESP,PR,1204
S0381,ARM2,OVRLRESP,PR,1232
S0381,ARM2,OVRLRESP,PR,1260
S0381,ARM2,OVRLRESP,PR,1288
S0381,ARM2,CBOR,CR,56
S0383,ARM2,OVRLRESP,PR,28
S0383,ARM2,OVRLRESP,PD,56
S0383,ARM2,CBOR,PD,56
S0387,ARM2,OVRLRESP,SD,28
S0387,ARM2,OVRLRESP,PR,56
S0387,ARM2,OVRLRESP,PR,84
S0387,ARM2,OVRLRESP,PR,112
S0387,ARM2,OVRLRESP,PR,140
S0387,ARM2,OVRLRESP,PR,168
S0387,ARM2,OVRLRESP,PR,196
S0387,ARM2,OVRLRESP,PR,224
S0387,ARM2,OVRLRESP,PR,252
S0387,ARM2,OVRLRESP,PR,280
S0387,ARM2,OVRLRESP,PR,308
S0387,ARM2,OVRLRESP,PR,336
S0387,ARM2,OVRLRESP,PR,364
S0387,ARM2,OVRLRESP,PR,392
S0387,ARM2,OVRLRESP,PR,420
S0387,ARM2,OVRLRESP,PR,448
S0387,ARM2,OVRLRESP,PR,476
S0387,ARM2,OVRLRESP,PR,504
S0387,ARM2,OVRLRESP,PR,532
S0387,ARM2,OVRLRESP,PR,560
S0387,ARM2,OVRLRESP,PR,588
S0387,ARM2,OVRLRESP,PR,616
S0387,ARM2,OVRLRESP,PR,644
S0387,ARM2,OVRLRESP,PR,672
S0387,ARM2,OVRLRESP,PR,700
S0387,ARM2,OVRLRESP,PR,728
S0387,ARM2,OVRLRESP,PR,756
S0387,ARM2,OVRLRESP,PR,784
S0387,ARM2,OVRLRESP,PR,812
S0387,ARM2,OVRLRESP,PR,840
S0387,ARM2,OVRLRESP,PR,868
S0387,ARM2,OVRLRESP,PR,896
S0387,ARM2,OVRLRESP,PR,924
S0387,ARM2,OVRLRESP,PR,952
S0387,ARM2,OVRLRESP,PR,980
S0387,ARM2,OVRLRESP,PR,1008
S0387,ARM2,OVRLRESP,PR,1036
S0387,ARM2,OVRLRESP,PR,1064
S0387,ARM2,OVRLRESP,PR,1092
S0387,ARM2,OVRLRESP,PR,1120
S0387,ARM2,OVRLRESP,PR,1148
S0387,ARM2,OVRLRESP,PR,1176
S0387,ARM2,OVRLRESP,PR,1204
S0387,ARM2,OVRLRESP,PR,1232
S0387,ARM2,OVRLRESP,PR,1260
S0387,ARM2,OVRLRESP,PR,1288
S0387,ARM2,OVRLRESP,PR,1316
S0387,ARM2,OVRLRESP,PR,1344
S0387,ARM2,OVRLRESP,PR,1372
S0387,ARM2,OVRLRESP,PR,1400
S0387,ARM2,OVRLRESP,PR,1428
S0387,ARM2,OVRLRESP,PR,1456
S0387,ARM2,OVRLRESP,PR,1484
S0387,ARM2,OVRLRESP,PR,1512
S0387,ARM2,OVRLRESP,PR,1540
S0387,ARM2,OVRLRESP,PR,1568
S0387,ARM2,OVRLRESP,PR,1596
S0387,ARM2,OVRLRESP,PR,1624
S0387,ARM2,OVRLRESP,PR,1652
S0387,ARM2,OVRLRESP,PR,1680
S0387,ARM2,OVRLRESP,PR,1708
S0387,ARM2,OVRLRESP,PR,1736
S0387,ARM2,OVRLRESP,PR,1764
S0387,ARM2,OVRLRESP,PR,1792
S0387,ARM2,OVRLRESP,PR,1820
S0387,ARM2,OVRLRESP,PR,1848
S0387,ARM2,OVRLRESP,PR,1876
S0387,ARM2,OVRLRESP,PR,1904
S0387,ARM2,OVRLRESP,PR,1932
S0387,ARM2,OVRLRESP,PR,1960
S0387,ARM2,OVRLRESP,PR,1988
S0387,ARM2,OVRLRESP,PR,2016
S0387,ARM2,OVRLRESP,PR,2044
S0387,ARM2,OVRLRESP,PR,2072
S0387,ARM2,OVRLRESP,PR,2100
S0387,ARM2,OVRLRESP,PR,2128
S0387,ARM2,OVRLRESP,PR,2156
S0387,ARM2,OVRLRESP,PR,2184
S0387,ARM2,OVRLRESP,PR,2212
S0387,ARM2,CBOR,PR,56
S0389,ARM2,OVRLRESP,SD,28
S0389,ARM2,OVRLRESP,SD,56
S0389,ARM2,OVRLRESP,SD,84
S0389,ARM2,OVRLRESP,SD,112
S0389,ARM2,OVRLRESP,SD,140
S0389,ARM2,OVRLRESP,SD,168
S0389,ARM2,OVRLRESP,SD,196
S0389,ARM2,OVRLRESP,SD,224
S0389,ARM2,OVRLRESP,SD,252
S0389,ARM2,OVRLRESP,SD,280
S0389,ARM2,OVRLRESP,SD,308
S0389,ARM2,OVRLRESP,SD,336
S0389,ARM2,OVRLRESP,SD,364
S0389,ARM2,OVRLRESP,SD,392
S0389,ARM2,OVRLRESP,SD,420
S0389,ARM2,OVRLRESP,SD,448
S0389,ARM2,OVRLRESP,SD,476
S0389,ARM2,OVRLRESP,SD,504
S0389,ARM2,OVRLRESP,SD,532
S0389,ARM2,OVRLRESP,SD,560
S0389,ARM2,OVRLRESP,SD,588
S0389,ARM2,OVRLRESP,SD,616
S0389,ARM2,OVRLRESP,SD,644
S0389,ARM2,OVRLRESP,SD,672
S0389,ARM2,OVRLRESP,SD,700
S0389,ARM2,OVRLRESP,SD,728
S0389,ARM2,OVRLRESP,SD,756
S0389,ARM2,OVRLRESP,SD,784
S0389,ARM2,OVRLRESP,SD,812
S0389,ARM2,OVRLRESP,SD,840
S0389,ARM2,OVRLRESP,PD,868
S0389,ARM2,CBOR,SD,56
S0390,ARM2,OVRLRESP,SD,28
S0390,ARM2,OVRLRESP,SD,56
S0390,ARM2,OVRLRESP,SD,84
S0390,ARM2,OVRLRESP,SD,112
S0390,ARM2,OVRLRESP,SD,140
S0390,ARM2,OVRLRESP,SD,168
S0390,ARM2,OVRLRESP,SD,196
S0390,ARM2,OVRLRESP,SD,224
S0390,ARM2,OVRLRESP,SD,252
S0390,ARM2,OVRLRESP,SD,280
S0390,ARM2,OVRLRESP,SD,308
S0390,ARM2,OVRLRESP,SD,336
S0390,ARM2,OVRLRESP,SD,364
S0390,ARM2,OVRLRESP,SD,392
S0390,ARM2,OVRLRESP,SD,420
S0390,ARM2,OVRLRESP,SD,448
S0390,ARM2,OVRLRESP,SD,476
S0390,ARM2,OVRLRESP,SD,504
S0390,ARM2,OVRLRESP,SD,532
S0390,ARM2,OVRLRESP,SD,560
S0390,ARM2,OVRLRESP,SD,588
S0390,ARM2,OVRLRESP,SD,616
S0390,ARM2,OVRLRESP,SD,644
S0390,ARM2,OVRLRESP,SD,672
S0390,ARM2,OVRLRESP,SD,700
S0390,ARM2,OVRLRESP,SD,728
S0390,ARM2,OVRLRESP,SD,756
S0390,ARM2,OVRLRESP,SD,784
S0390,ARM2,OVRLRESP,SD,812
S0390,ARM2,OVRLRESP,SD,840
S0390,ARM2,OVRLRESP,SD,868
S0390,ARM2,OVRLRESP,SD,896
S0390,ARM2,OVRLRESP,SD,924
S0390,ARM2,OVRLRESP,SD,952
S0390,ARM2,OVRLRESP,SD,980
S0390,ARM2,OVRLRESP,SD,1008
S0390,ARM2,OVRLRESP,SD,1036
S0390,ARM2,OVRLRESP,SD,1064
S0390,ARM2,OVRLRESP,SD,1092
S0390,ARM2,OVRLRESP,SD,1120
S0390,ARM2,OVRLRESP,PD,1148
S0390,ARM2,CBOR,SD,56
S0391,ARM2,OVRLRESP,SD,28
S0391,ARM2,OVRLRESP,PR,56
S0391,ARM2,OVRLRESP,PR,84
S0391,ARM2,OVRLRESP,PR,112
S0391,ARM2,OVRLRESP,PR,140
S0391,ARM2,OVRLRESP,PR,168
S0391,ARM2,OVRLRESP,PR,196
S0391,ARM2,OVRLRESP,PR,224
S0391,ARM2,OVRLRESP,PR,252
S0391,ARM2,OVRLRESP,PR,280
S0391,ARM2,OVRLRESP,PD,308
S0391,ARM2,CBOR,PR,56
S0396,ARM2,OVRLRESP,SD,28
S0396,ARM2,OVRLRESP,PR,56
S0396,ARM2,OVRLRESP,PR,84
S0396,ARM2,OVRLRESP,PR,112
S0396,ARM2,OVRLRESP,PR,140
S0396,ARM2,OVRLRESP,PR,168
S0396,ARM2,OVRLRESP,PR,196
S0396,ARM2,OVRLRESP,PR,224
S0396,ARM2,OVRLRESP,PR,252
S0396,ARM2,OVRLRESP,PR,280
S0396,ARM2,OVRLRESP,PR,308
S0396,ARM2,OVRLRESP,PR,336
S0396,ARM2,OVRLRESP,PR,364
S0396,ARM2,OVRLRESP,PR,392
S0396,ARM2,OVRLRESP,PR,420
S0396,ARM2,OVRLRESP,PR,448
S0396,ARM2,OVRLRESP,PR,476
S0396,ARM2,OVRLRESP,PR,504
S0396,ARM2,OVRLRESP,PR,532
S0396,ARM2,OVRLRESP,PR,560
S0396,ARM2,OVRLRESP,PR,588
S0396,ARM2,OVRLRESP,PR,616
S0396,ARM2,OVRLRESP,PR,644
S0396,ARM2,OVRLRESP,PR,672
S0396,ARM2,OVRLRESP,PR,700
S0396,ARM2,OVRLRESP,PR,728
S0396,ARM2,OVRLRESP,PR,756
S0396,ARM2,OVRLRESP,PR,784
S0396,ARM2,OVRLRESP,PR,812
S0396,ARM2,OVRLRESP,PR,840
S0396,ARM2,OVRLRESP,PR,868
S0396,ARM2,OVRLRESP,PR,896
S0396,ARM2,OVRLRESP,PR,924
S0396,ARM2,OVRLRESP,PR,952
S0396,ARM2,OVRLRESP,PR,980
S0396,ARM2,OVRLRESP,PR,1008
S0396,ARM2,OVRLRESP,PR,1036
S0396,ARM2,OVRLRESP,PR,1064
S0396,ARM2,OVRLRESP,PR,1092
S0396,ARM2,OVRLRESP,PR,1120
S0396,ARM2,OVRLRESP,PR,1148
S0396,ARM2,OVRLRESP,PR,1176
S0396,ARM2,OVRLRESP,PR,1204
S0396,ARM2,OVRLRESP,PR,1232
S0396,ARM2,OVRLRESP,PR,1260
S0396,ARM2,OVRLRESP,PR,1288
S0396,ARM2,OVRLRESP,PR,1316
S0396,ARM2,OVRLRESP,PR,1344
S0396,ARM2,OVRLRESP,PR,1372
S0396,ARM2,OVRLRESP,PR,1400
S0396,ARM2,OVRLRESP,PR,1428
S0396,ARM2,OVRLRESP,PR,1456
S0396,ARM2,OVRLRESP,PR,1484
S0396,ARM2,OVRLRESP,PR,1512
S0396,ARM2,OVRLRESP,PR,1540
S0396,ARM2,CBOR,PR,56
S0397,ARM2,OVRLRESP,SD,28
S0397,ARM2,OVRLRESP,SD,56
S0397,ARM2,OVRLRESP,SD,84
S0397,ARM2,OVRLRESP,SD,112
S0397,ARM2,OVRLRESP,SD,140
S0397,ARM2,OVRLRESP,SD,168
S0397,ARM2,OVRLRESP,SD,196
S0397,ARM2,OVRLRESP,SD,224
S0397,ARM2,OVRLRESP,SD,252
S0397,ARM2,OVRLRESP,SD,280
S0397,ARM2,OVRLRESP,SD,308
S0397,ARM2,OVRLRESP,SD,336
S0397,ARM2,OVRLRESP,SD,364
S0397,ARM2,OVRLRESP,SD,392
S0397,ARM2,OVRLRESP,SD,420
S0397,ARM2,OVRLRESP,SD,448
S0397,ARM2,OVRLRESP,SD,476
S0397,ARM2,OVRLRESP,SD,504
S0397,ARM2,OVRLRESP,SD,532
S0397,ARM2,OVRLRESP,SD,560
S0397,ARM2,OVRLRESP,SD,588
S0397,ARM2,OVRLRESP,SD,616
S0397,ARM2,OVRLRESP,SD,644
S0397,ARM2,OVRLRESP,SD,672
S0397,ARM2,OVRLRESP,SD,700
S0397,ARM2,OVRLRESP,SD,728
S0397,ARM2,OVRLRESP,SD,756
S0397,ARM2,OVRLRESP,SD,784
S0397,ARM2,OVRLRESP,SD,812
S0397,ARM2,OVRLRESP,SD,840
S0397,ARM2,OVRLRESP,SD,868
S0397,ARM2,OVRLRESP,SD,896
S0397,ARM2,OVRLRESP,SD,924
S0397,ARM2,OVRLRESP,SD,952
S0397,ARM2,OVRLRESP,SD,980
S0397,ARM2,OVRLRESP,SD,1008
S0397,ARM2,OVRLRESP,SD,1036
S0397,ARM2,OVRLRESP,SD,1064
S0397,ARM2,OVRLRESP,SD,1092
S0397,ARM2,OVRLRESP,SD,1120
S0397,ARM2,OVRLRESP,SD,1148
S0397,ARM2,OVRLRESP,SD,1176
S0397,ARM2,OVRLRESP,SD,1204
S0397,ARM2,OVRLRESP,SD,1232
S0397,ARM2,OVRLRESP,SD,1260
S0397,ARM2,OVRLRESP,SD,1288
S0397,ARM2,OVRLRESP,SD,1316
S0397,ARM2,OVRLRESP,SD,1344
S0397,ARM2,OVRLRESP,SD,1372
S0397,ARM2,OVRLRESP,SD,1400
S0397,ARM2,OVRLRESP,SD,1428
S0397,ARM2,OVRLRESP,SD,1456
S0397,ARM2,OVRLRESP,SD,1484
S0397,ARM2,OVRLRESP,SD,1512
S0397,ARM2,OVRLRESP,SD,1540
S0397,ARM2,OVRLRESP,SD,1568
S0397,ARM2,OVRLRESP,SD,1596
S0397,ARM2,OVRLRESP,SD,1624
S0397,ARM2,OVRLRESP,SD,1652
S0397,ARM2,OVRLRESP,SD,1680
S0397,ARM2,OVRLRESP,SD,1708
S0397,ARM2,OVRLRESP,SD,1736
S0397,ARM2,OVRLRESP,SD,1764
S0397,ARM2,OVRLRESP,SD,1792
S0397,ARM2,OVRLRESP,SD,1820
S0397,ARM2,OVRLRESP,SD,1848
S0397,ARM2,OVRLRESP,SD,1876
S0397,ARM2,OVRLRESP,SD,1904
S0397,ARM2,OVRLRESP,SD,1932
S0397,ARM2,OVRLRESP,SD,1960
S0397,ARM2,OVRLRESP,SD,1988
S0397,ARM2,OVRLRESP,PD,2016
S0397,ARM2,CBOR,SD,56
S0399,ARM2,OVRLRESP,SD,28
S0399,ARM2,OVRLRESP,PR,56
S0399,ARM2,OVRLRESP,PR,84
S0399,ARM2,OVRLRESP,PR,112
S0399,ARM2,OVRLRESP,PR,140
S0399,ARM2,OVRLRESP,PR,168
S0399,ARM2,OVRLRESP,PR,196
S0399,ARM2,OVRLRESP,PR,224
S0399,ARM2,OVRLRESP,PR,252
S0399,ARM2,OVRLRESP,PR,280
S0399,ARM2,OVRLRESP,PR,308
S0399,ARM2,OVRLRESP,PR,336
S0399,ARM2,OVRLRESP,PR,364
S0399,ARM2,OVRLRESP,PR,392
S0399,ARM2,OVRLRESP,PR,420
S0399,ARM2,OVRLRESP,PR,448
S0399,ARM2,OVRLRESP,PR,476
S0399,ARM2,OVRLRESP,PR,504
S0399,ARM2,OVRLRESP,PR,532
S0399,ARM2,OVRLRESP,PR,560
S0399,ARM2,OVRLRESP,PR,588
S0399,ARM2,OVRLRESP,PR,616
S0399,ARM2,OVRLRESP,PR,644
S0399,ARM2,OVRLRESP,PR,672
S0399,ARM2,OVRLRESP,PR,700
S0399,ARM2,OVRLRESP,PR,728
S0399,ARM2,OVRLRESP,PR,756
S0399,ARM2,OVRLRESP,PR,784
S0399,ARM2,OVRLRESP,PR,812
S0399,ARM2,OVRLRESP,PR,840
S0399,ARM2,OVRLRESP,PR,868
S0399,ARM2,OVRLRESP,PR,896
S0399,ARM2,OVRLRESP,PR,924
S0399,ARM2,OVRLRESP,PR,952
S0399,ARM2,OVRLRESP,PR,980
S0399,ARM2,OVRLRESP,PR,1008
S0399,ARM2,OVRLRESP,PR,1036
S0399,ARM2,OVRLRESP,PR,1064
S0399,ARM2,OVRLRESP,PR,1092
S0399,ARM2,OVRLRESP,PR,1120
S0399,ARM2,OVRLRESP,PR,1148
S0399,ARM2,CBOR,PR,56
S0402,ARM2,OVRLRESP,SD,28
S0402,ARM2,OVRLRESP,PR,56
S0402,ARM2,OVRLRESP,PR,84
S0402,ARM2,OVRLRESP,PR,112
S0402,ARM2,OVRLRESP,PR,140
S0402,ARM2,OVRLRESP,PR,168
S0402,ARM2,OVRLRESP,PR,196
S0402,ARM2,OVRLRESP,PR,224
S0402,ARM2,OVRLRESP,PR,252
S0402,ARM2,OVRLRESP,PR,280
S0402,ARM2,OVRLRESP,PR,308
S0402,ARM2,OVRLRESP,PR,336
S0402,ARM2,OVRLRESP,PR,364
S0402,ARM2,OVRLRESP,PR,392
S0402,ARM2,OVRLRESP,PR,420
S0402,ARM2,OVRLRESP,PR,448
S0402,ARM2,OVRLRESP,PR,476
S0402,ARM2,OVRLRESP,PR,504
S0402,ARM2,OVRLRESP,PR,532
S0402,ARM2,OVRLRESP,PR,560
S0402,ARM2,OVRLRESP,PR,588
S0402,ARM2,OVRLRESP,PR,616
S0402,ARM2,OVRLRESP,PR,644
S0402,ARM2,OVRLRESP,PR,672
S0402,ARM2,OVRLRESP,PR,700
S0402,ARM2,OVRLRESP,PR,728
S0402,ARM2,OVRLRESP,PR,756
S0402,ARM2,OVRLRESP,PR,784
S0402,ARM2,OVRLRESP,PR,812
S0402,ARM2,OVRLRESP,PR,840
S0402,ARM2,OVRLRESP,PR,868
S0402,ARM2,OVRLRESP,PR,896
S0402,ARM2,OVRLRESP,PR,924
S0402,ARM2,OVRLRESP,PR,952
S0402,ARM2,OVRLRESP,PR,980
S0402,ARM2,OVRLRESP,PR,1008
S0402,ARM2,OVRLRESP,PR,1036
S0402,ARM2,OVRLRESP,PR,1064
S0402,ARM2,OVRLRESP,PD,1092
S0402,ARM2,CBOR,PR,56
S0403,ARM2,OVRLRESP,SD,28
S0403,ARM2,OVRLRESP,PR,56
S0403,ARM2,OVRLRESP,PR,84
S0403,ARM2,CBOR,PR,56
S0404,ARM2,OVRLRESP,SD,28
S0404,ARM2,OVRLRESP,PR,56
S0404,ARM2,OVRLRESP,PR,84
S0404,ARM2,OVRLRESP,PR,112
S0404,ARM2,OVRLRESP,PR,140
S0404,ARM2,OVRLRESP,PR,168
S0404,ARM2,OVRLRESP,PR,196
S0404,ARM2,OVRLRESP,PR,224
S0404,ARM2,OVRLRESP,PR,252
S0404,ARM2,OVRLRESP,PR,280
S0404,ARM2,OVRLRESP,PR,308
S0404,ARM2,OVRLRESP,PR,336
S0404,ARM2,OVRLRESP,PR,364
S0404,ARM2,OVRLRESP,PR,392
S0404,ARM2,OVRLRESP,PR,420
S0404,ARM2,OVRLRESP,PR,448
S0404,ARM2,OVRLRESP,PR,476
S0404,ARM2,OVRLRESP,PR,504
S0404,ARM2,OVRLRESP,PR,532
S0404,ARM2,OVRLRESP,PR,560
S0404,ARM2,OVRLRESP,PR,588
S0404,ARM2,OVRLRESP,PR,616
S0404,ARM2,OVRLRESP,PR,644
S0404,ARM2,OVRLRESP,PR,672
S0404,ARM2,OVRLRESP,PR,700
S0404,ARM2,OVRLRESP,PR,728
S0404,ARM2,OVRLRESP,PR,756
S0404,ARM2,OVRLRESP,PR,784
S0404,ARM2,OVRLRESP,PR,812
S0404,ARM2,OVRLRESP,PR,840
S0404,ARM2,OVRLRESP,PR,868
S0404,ARM2,OVRLRESP,PR,896
S0404,ARM2,OVRLRESP,PR,924
S0404,ARM2,OVRLRESP,PR,952
S0404,ARM2,OVRLRESP,PR,980
S0404,ARM2,OVRLRESP,PR,1008
S0404,ARM2,OVRLRESP,PR,1036
S0404,ARM2,OVRLRESP,PR,1064
S0404,ARM2,OVRLRESP,PR,1092
S0404,ARM2,OVRLRESP,PR,1120
S0404,ARM2,OVRLRESP,PR,1148
S0404,ARM2,OVRLRESP,PR,1176
S0404,ARM2,OVRLRESP,PR,1204
S0404,ARM2,OVRLRESP,PR,1232
S0404,ARM2,OVRLRESP,PR,1260
S0404,ARM2,OVRLRESP,PR,1288
S0404,ARM2,OVRLRESP,PR,1316
S0404,ARM2,OVRLRESP,PR,1344
S0404,ARM2,OVRLRESP,PR,1372
S0404,ARM2,OVRLRESP,PR,1400
S0404,ARM2,CBOR,PR,56
S0407,ARM2,OVRLRESP,SD,28
S0407,ARM2,OVRLRESP,PR,56
S0407,ARM2,OVRLRESP,PR,84
S0407,ARM2,OVRLRESP,PR,112
S0407,ARM2,OVRLRESP,PR,140
S0407,ARM2,OVRLRESP,PR,168
S0407,ARM2,OVRLRESP,PR,196
S0407,ARM2,OVRLRESP,PR,224
S0407,ARM2,OVRLRESP,PR,252
S0407,ARM2,OVRLRESP,PR,280
S0407,ARM2,OVRLRESP,PR,308
S0407,ARM2,OVRLRESP,PR,336
S0407,ARM2,OVRLRESP,PR,364
S0407,ARM2,OVRLRESP,PR,392
S0407,ARM2,OVRLRESP,PR,420
S0407,ARM2,OVRLRESP,PR,448
S0407,ARM2,OVRLRESP,PR,476
S0407,ARM2,OVRLRESP,PR,504
S0407,ARM2,OVRLRESP,PR,532
S0407,ARM2,OVRLRESP,PR,560
S0407,ARM2,OVRLRESP,PR,588
S0407,ARM2,OVRLRESP,PR,616
S0407,ARM2,OVRLRESP,PD,644
S0407,ARM2,CBOR,PR,56
S0409,ARM2,OVRLRESP,PR,28
S0409,ARM2,OVRLRESP,CR,56
S0409,ARM2,OVRLRESP,CR,84
S0409,ARM2,OVRLRESP,CR,112
S0409,ARM2,OVRLRESP,CR,140
S0409,ARM2,OVRLRESP,CR,168
S0409,ARM2,OVRLRESP,CR,196
S0409,ARM2,OVRLRESP,CR,224
S0409,ARM2,OVRLRESP,CR,252
S0409,ARM2,OVRLRESP,CR,280
S0409,ARM2,OVRLRESP,CR,308
S0409,ARM2,OVRLRESP,CR,336
S0409,ARM2,OVRLRESP,CR,364
S0409,ARM2,OVRLRESP,CR,392
S0409,ARM2,OVRLRESP,CR,420
S0409,ARM2,OVRLRESP,CR,448
S0409,ARM2,OVRLRESP,CR,476
S0409,ARM2,OVRLRESP,CR,504
S0409,ARM2,OVRLRESP,CR,532
S0409,ARM2,OVRLRESP,CR,560
S0409,ARM2,OVRLRESP,CR,588
S0409,ARM2,OVRLRESP,CR,616
S0409,ARM2,OVRLRESP,CR,644
S0409,ARM2,OVRLRESP,CR,672
S0409,ARM2,OVRLRESP,CR,700
S0409,ARM2,OVRLRESP,CR,728
S0409,ARM2,OVRLRESP,CR,756
S0409,ARM2,OVRLRESP,CR,784
S0409,ARM2,OVRLRESP,CR,812
S0409,ARM2,OVRLRESP,PR,840
S0409,ARM2,OVRLRESP,PR,868
S0409,ARM2,OVRLRESP,PR,896
S0409,ARM2,OVRLRESP,PR,924
S0409,ARM2,OVRLRESP,PR,952
S0409,ARM2,OVRLRESP,PR,980
S0409,ARM2,OVRLRESP,PR,1008
S0409,ARM2,OVRLRESP,PR,1036
S0409,ARM2,OVRLRESP,PR,1064
S0409,ARM2,CBOR,CR,56
S0413,ARM2,OVRLRESP,SD,28
S0413,ARM2,OVRLRESP,PR,56
S0413,ARM2,OVRLRESP,PR,84
S0413,ARM2,OVRLRESP,PR,112
S0413,ARM2,OVRLRESP,PR,140
S0413,ARM2,OVRLRESP,PR,168
S0413,ARM2,OVRLRESP,PR,196
S0413,ARM2,OVRLRESP,PR,224
S0413,ARM2,OVRLRESP,PR,252
S0413,ARM2,OVRLRESP,PR,280
S0413,ARM2,OVRLRESP,PR,308
S0413,ARM2,OVRLRESP,PR,336
S0413,ARM2,OVRLRESP,PR,364
S0413,ARM2,OVRLRESP,PR,392
S0413,ARM2,OVRLRESP,PR,420
S0413,ARM2,OVRLRESP,PR,448
S0413,ARM2,OVRLRESP,PR,476
S0413,ARM2,OVRLRESP,PD,504
S0413,ARM2,CBOR,PR,56
S0414,ARM2,OVRLRESP,SD,28
S0414,ARM2,OVRLRESP,PR,56
S0414,ARM2,OVRLRESP,PR,84
S0414,ARM2,OVRLRESP,PR,112
S0414,ARM2,OVRLRESP,PR,140
S0414,ARM2,OVRLRESP,PR,168
S0414,ARM2,OVRLRESP,PR,196
S0414,ARM2,OVRLRESP,PR,224
S0414,ARM2,OVRLRESP,PR,252
S0414,ARM2,OVRLRESP,PR,280
S0414,ARM2,OVRLRESP,PR,308
S0414,ARM2,OVRLRESP,PR,336
S0414,ARM2,OVRLRESP,PR,364
S0414,ARM2,OVRLRESP,PR,392
S0414,ARM2,OVRLRESP,PR,420
S0414,ARM2,OVRLRESP,PR,448
S0414,ARM2,OVRLRESP,PR,476
S0414,ARM2,OVRLRESP,PR,504
S0414,ARM2,OVRLRESP,PR,532
S0414,ARM2,OVRLRESP,PR,560
S0414,ARM2,OVRLRESP,PR,588
S0414,ARM2,OVRLRESP,PR,616
S0414,ARM2,OVRLRESP,PR,644
S0414,ARM2,OVRLRESP,PR,672
S0414,ARM2,OVRLRESP,PR,700
S0414,ARM2,OVRLRESP,PR,728
S0414,ARM2,OVRLRESP,PR,756
S0414,ARM2,OVRLRESP,PR,784
S0414,ARM2,OVRLRESP,PR,812
S0414,ARM2,OVRLRESP,PR,840
S0414,ARM2,OVRLRESP,PR,868
S0414,ARM2,OVRLRESP,PR,896
S0414,ARM2,OVRLRESP,PR,924
S0414,ARM2,OVRLRESP,PR,952
S0414,ARM2,OVRLRESP,PR,980
S0414,ARM2,OVRLRESP,PR,1008
S0414,ARM2,OVRLRESP,PR,1036
S0414,ARM2,OVRLRESP,PR,1064
S0414,ARM2,OVRLRESP,PR,1092
S0414,ARM2,OVRLRESP,PR,1120
S0414,ARM2,OVRLRESP,PR,1148
S0414,ARM2,OVRLRESP,PR,1176
S0414,ARM2,OVRLRESP,PR,1204
S0414,ARM2,OVRLRESP,PR,1232
S0414,ARM2,OVRLRESP,PR,1260
S0414,ARM2,OVRLRESP,PR,1288
S0414,ARM2,OVRLRESP,PR,1316
S0414,ARM2,OVRLRESP,PR,1344
S0414,ARM2,OVRLRESP,PR,1372
S0414,ARM2,OVRLRESP,PR,1400
S0414,ARM2,OVRLRESP,PR,1428
S0414,ARM2,OVRLRESP,PR,1456
S0414,ARM2,OVRLRESP,PR,1484
S0414,ARM2,OVRLRESP,PR,1512
S0414,ARM2,OVRLRESP,PR,1540
S0414,ARM2,OVRLRESP,PD,1568
S0414,ARM2,CBOR,PR,56
S0415,ARM2,OVRLRESP,SD,28
S0415,ARM2,OVRLRESP,PR,56
S0415,ARM2,OVRLRESP,PR,84
S0415,ARM2,OVRLRESP,PR,112
S0415,ARM2,OVRLRESP,PR,140
S0415,ARM2,OVRLRESP,PR,168
S0415,ARM2,OVRLRESP,PR,196
S0415,ARM2,OVRLRESP,PR,224
S0415,ARM2,OVRLRESP,PR,252
S0415,ARM2,OVRLRESP,PR,280
S0415,ARM2,OVRLRESP,PR,308
S0415,ARM2,OVRLRESP,PR,336
S0415,ARM2,OVRLRESP,PR,364
S0415,ARM2,OVRLRESP,PD,392
S0415,ARM2,CBOR,PR,56
S0416,ARM2,OVRLRESP,SD,28
S0416,ARM2,OVRLRESP,PR,56
S0416,ARM2,CBOR,SD,56
S0418,ARM2,OVRLRESP,PR,28
S0418,ARM2,OVRLRESP,CR,56
S0418,ARM2,OVRLRESP,CR,84
S0418,ARM2,OVRLRESP,CR,112
S0418,ARM2,OVRLRESP,CR,140
S0418,ARM2,OVRLRESP,CR,168
S0418,ARM2,OVRLRESP,CR,196
S0418,ARM2,OVRLRESP,CR,224
S0418,ARM2,OVRLRESP,CR,252
S0418,ARM2,OVRLRESP,CR,280
S0418,ARM2,OVRLRESP,CR,308
S0418,ARM2,OVRLRESP,CR,336
S0418,ARM2,OVRLRESP,CR,364
S0418,ARM2,OVRLRESP,CR,392
S0418,ARM2,OVRLRESP,CR,420
S0418,ARM2,OVRLRESP,CR,448
S0418,ARM2,OVRLRESP,CR,476
S0418,ARM2,OVRLRESP,CR,504
S0418,ARM2,OVRLRESP,CR,532
S0418,ARM2,OVRLRESP,CR,560
S0418,ARM2,OVRLRESP,CR,588
S0418,ARM2,OVRLRESP,CR,616
S0418,ARM2,OVRLRESP,CR,644
S0418,ARM2,OVRLRESP,CR,672
S0418,ARM2,OVRLRESP,CR,700
S0418,ARM2,OVRLRESP,CR,728
S0418,ARM2,OVRLRESP,CR,756
S0418,ARM2,OVRLRESP,CR,784
S0418,ARM2,OVRLRESP,CR,812
S0418,ARM2,OVRLRESP,CR,840
S0418,ARM2,OVRLRESP,CR,868
S0418,ARM2,OVRLRESP,CR,896
S0418,ARM2,OVRLRESP,CR,924
S0418,ARM2,OVRLRESP,CR,952
S0418,ARM2,OVRLRESP,CR,980
S0418,ARM2,OVRLRESP,CR,1008
S0418,ARM2,OVRLRESP,CR,1036
S0418,ARM2,OVRLRESP,CR,1064
S0418,ARM2,OVRLRESP,CR,1092
S0418,ARM2,OVRLRESP,CR,1120
S0418,ARM2,OVRLRESP,CR,1148
S0418,ARM2,OVRLRESP,CR,1176
S0418,ARM2,OVRLRESP,CR,1204
S0418,ARM2,OVRLRESP,CR,1232
S0418,ARM2,OVRLRESP,CR,1260
S0418,ARM2,OVRLRESP,CR,1288
S0418,ARM2,OVRLRESP,CR,1316
S0418,ARM2,OVRLRESP,CR,1344
S0418,ARM2,OVRLRESP,CR,1372
S0418,ARM2,OVRLRESP,CR,1400
S0418,ARM2,OVRLRESP,CR,1428
S0418,ARM2,OVRLRESP,CR,1456
S0418,ARM2,OVRLRESP,CR,1484
S0418,ARM2,OVRLRESP,CR,1512
S0418,ARM2,OVRLRESP,CR,1540
S0418,ARM2,OVRLRESP,CR,1568
S0418,ARM2,OVRLRESP,CR,1596
S0418,ARM2,OVRLRESP,CR,1624
S0418,ARM2,OVRLRESP,CR,1652
S0418,ARM2,OVRLRESP,CR,1680
S0418,ARM2,OVRLRESP,CR,1708
S0418,ARM2,OVRLRESP,CR,1736
S0418,ARM2,OVRLRESP,CR,1764
S0418,ARM2,OVRLRESP,CR,1792
S0418,ARM2,OVRLRESP,CR,1820
S0418,ARM2,OVRLRESP,CR,1848
S0418,ARM2,OVRLRESP,CR,1876
S0418,ARM2,OVRLRESP,CR,1904
S0418,ARM2,OVRLRESP,CR,1932
S0418,ARM2,OVRLRESP,CR,1960
S0418,ARM2,OVRLRESP,CR,1988
S0418,ARM2,OVRLRESP,CR,2016
S0418,ARM2,OVRLRESP,CR,2044
S0418,ARM2,CBOR,CR,56
S0423,ARM2,OVRLRESP,SD,28
S0423,ARM2,OVRLRESP,SD,56
S0423,ARM2,OVRLRESP,SD,84
S0423,ARM2,OVRLRESP,SD,112
S0423,ARM2,OVRLRESP,SD,140
S0423,ARM2,OVRLRESP,SD,168
S0423,ARM2,OVRLRESP,SD,196
S0423,ARM2,OVRLRESP,SD,224
S0423,ARM2,OVRLRESP,SD,252
S0423,ARM2,OVRLRESP,SD,280
S0423,ARM2,OVRLRESP,SD,308
S0423,ARM2,OVRLRESP,SD,336
S0423,ARM2,OVRLRESP,SD,364
S0423,ARM2,OVRLRESP,SD,392
S0423,ARM2,OVRLRESP,SD,420
S0423,ARM2,OVRLRESP,PD,448
S0423,ARM2,CBOR,SD,56
S0424,ARM2,OVRLRESP,SD,28
S0424,ARM2,OVRLRESP,PR,56
S0424,ARM2,OVRLRESP,PD,84
S0424,ARM2,CBOR,SD,56
S0428,ARM2,OVRLRESP,SD,28
S0428,ARM2,OVRLRESP,PR,56
S0428,ARM2,OVRLRESP,PR,84
S0428,ARM2,OVRLRESP,PD,112
S0428,ARM2,CBOR,PR,56
S0430,ARM2,OVRLRESP,PR,28
S0430,ARM2,OVRLRESP,CR,56
S0430,ARM2,OVRLRESP,CR,84
S0430,ARM2,OVRLRESP,CR,112
S0430,ARM2,OVRLRESP,CR,140
S0430,ARM2,OVRLRESP,CR,168
S0430,ARM2,OVRLRESP,CR,196
S0430,ARM2,OVRLRESP,CR,224
S0430,ARM2,OVRLRESP,CR,252
S0430,ARM2,OVRLRESP,CR,280
S0430,ARM2,OVRLRESP,CR,308
S0430,ARM2,OVRLRESP,CR,336
S0430,ARM2,OVRLRESP,CR,364
S0430,ARM2,OVRLRESP,CR,392
S0430,ARM2,OVRLRESP,CR,420
S0430,ARM2,OVRLRESP,CR,448
S0430,ARM2,OVRLRESP,CR,476
S0430,ARM2,OVRLRESP,CR,504
S0430,ARM2,OVRLRESP,CR,532
S0430,ARM2,OVRLRESP,CR,560
S0430,ARM2,OVRLRESP,CR,588
S0430,ARM2,OVRLRESP,CR,616
S0430,ARM2,OVRLRESP,CR,644
S0430,ARM2,OVRLRESP,CR,672
S0430,ARM2,OVRLRESP,CR,700
S0430,ARM2,OVRLRESP,CR,728
S0430,ARM2,OVRLRESP,CR,756
S0430,ARM2,OVRLRESP,CR,784
S0430,ARM2,OVRLRESP,CR,812
S0430,ARM2,OVRLRESP,CR,840
S0430,ARM2,OVRLRESP,CR,868
S0430,ARM2,OVRLRESP,CR,896
S0430,ARM2,OVRLRESP,CR,924
S0430,ARM2,OVRLRESP,CR,952
S0430,ARM2,OVRLRESP,CR,980
S0430,ARM2,OVRLRESP,CR,1008
S0430,ARM2,OVRLRESP,CR,1036
S0430,ARM2,OVRLRESP,CR,1064
S0430,ARM2,OVRLRESP,CR,1092
S0430,ARM2,OVRLRESP,CR,1120
S0430,ARM2,OVRLRESP,CR,1148
S0430,ARM2,OVRLRESP,CR,1176
S0430,ARM2,OVRLRESP,CR,1204
S0430,ARM2,OVRLRESP,CR,1232
S0430,ARM2,OVRLRESP,CR,1260
S0430,ARM2,OVRLRESP,CR,1288
S0430,ARM2,OVRLRESP,CR,1316
S0430,ARM2,OVRLRESP,CR,1344
S0430,ARM2,OVRLRESP,CR,1372
S0430,ARM2,OVRLRESP,CR,1400
S0430,ARM2,OVRLRESP,CR,1428
S0430,ARM2,OVRLRESP,CR,1456
S0430,ARM2,OVRLRESP,CR,1484
S0430,ARM2,OVRLRESP,CR,1512
S0430,ARM2,OVRLRESP,CR,1540
S0430,ARM2,OVRLRESP,CR,1568
S0430,ARM2,OVRLRESP,CR,1596
S0430,ARM2,OVRLRESP,CR,1624
S0430,ARM2,OVRLRESP,CR,1652
S0430,ARM2,OVRLRESP,CR,1680
S0430,ARM2,OVRLRESP,CR,1708
S0430,ARM2,OVRLRESP,CR,1736
S0430,ARM2,OVRLRESP,CR,1764
S0430,ARM2,OVRLRESP,CR,1792
S0430,ARM2,OVRLRESP,CR,1820
S0430,ARM2,OVRLRESP,CR,1848
S0430,ARM2,OVRLRESP,CR,1876
S0430,ARM2,OVRLRESP,CR,1904
S0430,ARM2,OVRLRESP,CR,1932
S0430,ARM2,CBOR,CR,56
S0431,ARM2,OVRLRESP,SD,28
S0431,ARM2,OVRLRESP,PR,56
S0431,ARM2,OVRLRESP,PR,84
S0431,ARM2,OVRLRESP,PR,112
S0431,ARM2,OVRLRESP,PR,140
S0431,ARM2,OVRLRESP,PR,168
S0431,ARM2,OVRLRESP,PR,196
S0431,ARM2,OVRLRESP,PR,224
S0431,ARM2,OVRLRESP,PR,252
S0431,ARM2,OVRLRESP,PR,280
S0431,ARM2,OVRLRESP,PR,308
S0431,ARM2,OVRLRESP,PD,336
S0431,ARM2,CBOR,PR,56
S0432,ARM2,OVRLRESP,SD,28
S0432,ARM2,OVRLRESP,PR,56
S0432,ARM2,OVRLRESP,PR,84
S0432,ARM2,OVRLRESP,PR,112
S0432,ARM2,OVRLRESP,PR,140
S0432,ARM2,OVRLRESP,PR,168
S0432,ARM2,OVRLRESP,PR,196
S0432,ARM2,OVRLRESP,PR,224
S0432,ARM2,OVRLRESP,PR,252
S0432,ARM2,OVRLRESP,PR,280
S0432,ARM2,OVRLRESP,PR,308
S0432,ARM2,OVRLRESP,PR,336
S0432,ARM2,OVRLRESP,PR,364
S0432,ARM2,OVRLRESP,PR,392
S0432,ARM2,OVRLRESP,PR,420
S0432,ARM2,OVRLRESP,PR,448
S0432,ARM2,OVRLRESP,PR,476
S0432,ARM2,OVRLRESP,PR,504
S0432,ARM2,OVRLRESP,PR,532
S0432,ARM2,OVRLRESP,PR,560
S0432,ARM2,OVRLRESP,PR,588
S0432,ARM2,OVRLRESP,PR,616
S0432,ARM2,OVRLRESP,PR,644
S0432,ARM2,OVRLRESP,PR,672
S0432,ARM2,OVRLRESP,PR,700
S0432,ARM2,OVRLRESP,PR,728
S0432,ARM2,OVRLRESP,PR,756
S0432,ARM2,OVRLRESP,PR,784
S0432,ARM2,OVRLRESP,PR,812
S0432,ARM2,OVRLRESP,PR,840
S0432,ARM2,OVRLRESP,PR,868
S0432,ARM2,OVRLRESP,PR,896
S0432,ARM2,OVRLRESP,PR,924
S0432,ARM2,OVRLRESP,PR,952
S0432,ARM2,OVRLRESP,PR,980
S0432,ARM2,OVRLRESP,PR,1008
S0432,ARM2,OVRLRESP,PR,1036
S0432,ARM2,OVRLRESP,PR,1064
S0432,ARM2,OVRLRESP,PR,1092
S0432,ARM2,OVRLRESP,PR,1120
S0432,ARM2,OVRLRESP,PR,1148
S0432,ARM2,OVRLRESP,PR,1176
S0432,ARM2,OVRLRESP,PR,1204
S0432,ARM2,OVRLRESP,PR,1232
S0432,ARM2,OVRLRESP,PD,1260
S0432,ARM2,CBOR,PR,56
S0433,ARM2,OVRLRESP,PR,28
S0433,ARM2,OVRLRESP,CR,56
S0433,ARM2,OVRLRESP,CR,84
S0433,ARM2,OVRLRESP,CR,112
S0433,ARM2,OVRLRESP,CR,140
S0433,ARM2,OVRLRESP,CR,168
S0433,ARM2,OVRLRESP,CR,196
S0433,ARM2,OVRLRESP,CR,224
S0433,ARM2,OVRLRESP,CR,252
S0433,ARM2,OVRLRESP,CR,280
S0433,ARM2,OVRLRESP,CR,308
S0433,ARM2,OVRLRESP,CR,336
S0433,ARM2,OVRLRESP,CR,364
S0433,ARM2,OVRLRESP,CR,392
S0433,ARM2,OVRLRESP,CR,420
S0433,ARM2,OVRLRESP,PR,448
S0433,ARM2,OVRLRESP,PR,476
S0433,ARM2,OVRLRESP,PR,504
S0433,ARM2,OVRLRESP,PR,532
S0433,ARM2,OVRLRESP,PR,560
S0433,ARM2,OVRLRESP,PR,588
S0433,ARM2,OVRLRESP,PR,616
S0433,ARM2,OVRLRESP,PR,644
S0433,ARM2,OVRLRESP,PR,672
S0433,ARM2,OVRLRESP,PR,700
S0433,ARM2,OVRLRESP,PR,728
S0433,ARM2,OVRLRESP,PR,756
S0433,ARM2,OVRLRESP,PR,784
S0433,ARM2,OVRLRESP,PR,812
S0433,ARM2,OVRLRESP,PR,840
S0433,ARM2,OVRLRESP,PR,868
S0433,ARM2,OVRLRESP,PR,896
S0433,ARM2,OVRLRESP,PR,924
S0433,ARM2,OVRLRESP,PR,952
S0433,ARM2,OVRLRESP,PR,980
S0433,ARM2,OVRLRESP,PR,1008
S0433,ARM2,OVRLRESP,PR,1036
S0433,ARM2,OVRLRESP,PR,1064
S0433,ARM2,CBOR,CR,56
S0436,ARM2,OVRLRESP,SD,28
S0436,ARM2,OVRLRESP,PR,56
S0436,ARM2,OVRLRESP,PR,84
S0436,ARM2,OVRLRESP,PR,112
S0436,ARM2,OVRLRESP,PR,140
S0436,ARM2,OVRLRESP,PR,168
S0436,ARM2,OVRLRESP,PR,196
S0436,ARM2,OVRLRESP,PR,224
S0436,ARM2,OVRLRESP,PR,252
S0436,ARM2,OVRLRESP,PR,280
S0436,ARM2,OVRLRESP,PR,308
S0436,ARM2,OVRLRESP,PR,336
S0436,ARM2,OVRLRESP,PR,364
S0436,ARM2,OVRLRESP,PR,392
S0436,ARM2,OVRLRESP,PR,420
S0436,ARM2,OVRLRESP,PR,448
S0436,ARM2,OVRLRESP,PD,476
S0436,ARM2,CBOR,PR,56
S0437,ARM2,OVRLRESP,SD,28
S0437,ARM2,OVRLRESP,CR,56
S0437,ARM2,OVRLRESP,CR,84
S0437,ARM2,OVRLRESP,CR,112
S0437,ARM2,OVRLRESP,CR,140
S0437,ARM2,OVRLRESP,CR,168
S0437,ARM2,OVRLRESP,CR,196
S0437,ARM2,OVRLRESP,CR,224
S0437,ARM2,OVRLRESP,CR,252
S0437,ARM2,OVRLRESP,CR,280
S0437,ARM2,OVRLRESP,CR,308
S0437,ARM2,OVRLRESP,CR,336
S0437,ARM2,OVRLRESP,CR,364
S0437,ARM2,OVRLRESP,CR,392
S0437,ARM2,OVRLRESP,CR,420
S0437,ARM2,OVRLRESP,CR,448
S0437,ARM2,OVRLRESP,CR,476
S0437,ARM2,OVRLRESP,CR,504
S0437,ARM2,OVRLRESP,CR,532
S0437,ARM2,OVRLRESP,CR,560
S0437,ARM2,OVRLRESP,CR,588
S0437,ARM2,OVRLRESP,CR,616
S0437,ARM2,OVRLRESP,CR,644
S0437,ARM2,OVRLRESP,CR,672
S0437,ARM2,OVRLRESP,CR,700
S0437,ARM2,OVRLRESP,CR,728
S0437,ARM2,OVRLRESP,CR,756
S0437,ARM2,OVRLRESP,CR,784
S0437,ARM2,OVRLRESP,CR,812
S0437,ARM2,OVRLRESP,CR,840
S0437,ARM2,OVRLRESP,CR,868
S0437,ARM2,OVRLRESP,CR,896
S0437,ARM2,OVRLRESP,CR,924
S0437,ARM2,OVRLRESP,CR,952
S0437,ARM2,OVRLRESP,CR,980
S0437,ARM2,OVRLRESP,CR,1008
S0437,ARM2,OVRLRESP,CR,1036
S0437,ARM2,OVRLRESP,CR,1064
S0437,ARM2,OVRLRESP,CR,1092
S0437,ARM2,OVRLRESP,CR,1120
S0437,ARM2,OVRLRESP,CR,1148
S0437,ARM2,OVRLRESP,CR,1176
S0437,ARM2,OVRLRESP,CR,1204
S0437,ARM2,OVRLRESP,CR,1232
S0437,ARM2,OVRLRESP,CR,1260
S0437,ARM2,OVRLRESP,CR,1288
S0437,ARM2,OVRLRESP,CR,1316
S0437,ARM2,OVRLRESP,CR,1344
S0437,ARM2,OVRLRESP,CR,1372
S0437,ARM2,OVRLRESP,CR,1400
S0437,ARM2,OVRLRESP,PD,1428
S0437,ARM2,CBOR,CR,56
S0438,ARM2,OVRLRESP,PR,28
S0438,ARM2,OVRLRESP,CR,56
S0438,ARM2,OVRLRESP,CR,84
S0438,ARM2,OVRLRESP,CR,112
S0438,ARM2,OVRLRESP,CR,140
S0438,ARM2,OVRLRESP,CR,168
S0438,ARM2,OVRLRESP,CR,196
S0438,ARM2,OVRLRESP,CR,224
S0438,ARM2,CBOR,CR,56
S0439,ARM2,OVRLRESP,SD,28
S0439,ARM2,OVRLRESP,PR,56
S0439,ARM2,OVRLRESP,PR,84
S0439,ARM2,OVRLRESP,PR,112
S0439,ARM2,OVRLRESP,PR,140
S0439,ARM2,OVRLRESP,PR,168
S0439,ARM2,OVRLRESP,PR,196
S0439,ARM2,OVRLRESP,PR,224
S0439,ARM2,OVRLRESP,PR,252
S0439,ARM2,OVRLRESP,PR,280
S0439,ARM2,OVRLRESP,PR,308
S0439,ARM2,OVRLRESP,PR,336
S0439,ARM2,OVRLRESP,PR,364
S0439,ARM2,OVRLRESP,PR,392
S0439,ARM2,OVRLRESP,PR,420
S0439,ARM2,OVRLRESP,PR,448
S0439,ARM2,OVRLRESP,PR,476
S0439,ARM2,OVRLRESP,PR,504
S0439,ARM2,OVRLRESP,PR,532
S0439,ARM2,OVRLRESP,PR,560
S0439,ARM2,OVRLRESP,PR,588
S0439,ARM2,OVRLRESP,PD,616
S0439,ARM2,CBOR,PR,56
S0442,ARM2,OVRLRESP,PR,28
S0442,ARM2,OVRLRESP,CR,56
S0442,ARM2,OVRLRESP,CR,84
S0442,ARM2,OVRLRESP,CR,112
S0442,ARM2,OVRLRESP,CR,140
S0442,ARM2,OVRLRESP,CR,168
S0442,ARM2,OVRLRESP,CR,196
S0442,ARM2,OVRLRESP,CR,224
S0442,ARM2,OVRLRESP,CR,252
S0442,ARM2,OVRLRESP,CR,280
S0442,ARM2,OVRLRESP,CR,308
S0442,ARM2,OVRLRESP,CR,336
S0442,ARM2,OVRLRESP,CR,364
S0442,ARM2,OVRLRESP,CR,392
S0442,ARM2,OVRLRESP,CR,420
S0442,ARM2,OVRLRESP,CR,448
S0442,ARM2,OVRLRESP,CR,476
S0442,ARM2,OVRLRESP,CR,504
S0442,ARM2,OVRLRESP,CR,532
S0442,ARM2,OVRLRESP,CR,560
S0442,ARM2,OVRLRESP,CR,588
S0442,ARM2,OVRLRESP,CR,616
S0442,ARM2,OVRLRESP,CR,644
S0442,ARM2,OVRLRESP,CR,672
S0442,ARM2,OVRLRESP,CR,700
S0442,ARM2,OVRLRESP,CR,728
S0442,ARM2,OVRLRESP,CR,756
S0442,ARM2,OVRLRESP,CR,784
S0442,ARM2,OVRLRESP,CR,812
S0442,ARM2,OVRLRESP,CR,840
S0442,ARM2,OVRLRESP,CR,868
S0442,ARM2,OVRLRESP,CR,896
S0442,ARM2,OVRLRESP,CR,924
S0442,ARM2,OVRLRESP,CR,952
S0442,ARM2,OVRLRESP,CR,980
S0442,ARM2,OVRLRESP,CR,1008
S0442,ARM2,OVRLRESP,CR,1036
S0442,ARM2,OVRLRESP,CR,1064
S0442,ARM2,OVRLRESP,CR,1092
S0442,ARM2,OVRLRESP,CR,1120
S0442,ARM2,OVRLRESP,CR,1148
S0442,ARM2,OVRLRESP,CR,1176
S0442,ARM2,OVRLRESP,CR,1204
S0442,ARM2,OVRLRESP,CR,1232
S0442,ARM2,OVRLRESP,CR,1260
S0442,ARM2,OVRLRESP,CR,1288
S0442,ARM2,OVRLRESP,CR,1316
S0442,ARM2,OVRLRESP,CR,1344
S0442,ARM2,OVRLRESP,CR,1372
S0442,ARM2,OVRLRESP,CR,1400
S0442,ARM2,OVRLRESP,CR,1428
S0442,ARM2,OVRLRESP,CR,1456
S0442,ARM2,OVRLRESP,CR,1484
S0442,ARM2,OVRLRESP,CR,1512
S0442,ARM2,OVRLRESP,CR,1540
S0442,ARM2,OVRLRESP,CR,1568
S0442,ARM2,OVRLRESP,CR,1596
S0442,ARM2,OVRLRESP,CR,1624
S0442,ARM2,OVRLRESP,CR,1652
S0442,ARM2,OVRLRESP,CR,1680
S0442,ARM2,OVRLRESP,CR,1708
S0442,ARM2,OVRLRESP,CR,1736
S0442,ARM2,OVRLRESP,CR,1764
S0442,ARM2,OVRLRESP,CR,1792
S0442,ARM2,OVRLRESP,CR,1820
S0442,ARM2,OVRLRESP,CR,1848
S0442,ARM2,OVRLRESP,CR,1876
S0442,ARM2,CBOR,CR,56
S0443,ARM2,OVRLRESP,SD,28
S0443,ARM2,OVRLRESP,PR,56
S0443,ARM2,OVRLRESP,PR,84
S0443,ARM2,OVRLRESP,PR,112
S0443,ARM2,OVRLRESP,PR,140
S0443,ARM2,OVRLRESP,PR,168
S0443,ARM2,OVRLRESP,PR,196
S0443,ARM2,OVRLRESP,PR,224
S0443,ARM2,OVRLRESP,PR,252
S0443,ARM2,OVRLRESP,PR,280
S0443,ARM2,OVRLRESP,PR,308
S0443,ARM2,OVRLRESP,PR,336
S0443,ARM2,OVRLRESP,PR,364
S0443,ARM2,OVRLRESP,PR,392
S0443,ARM2,OVRLRESP,PR,420
S0443,ARM2,OVRLRESP,PR,448
S0443,ARM2,OVRLRESP,PR,476
S0443,ARM2,OVRLRESP,PR,504
S0443,ARM2,OVRLRESP,PR,532
S0443,ARM2,OVRLRESP,PR,560
S0443,ARM2,OVRLRESP,PR,588
S0443,ARM2,OVRLRESP,PR,616
S0443,ARM2,CBOR,PR,56
S0446,ARM2,OVRLRESP,SD,28
S0446,ARM2,OVRLRESP,CR,56
S0446,ARM2,OVRLRESP,CR,84
S0446,ARM2,OVRLRESP,PR,112
S0446,ARM2,OVRLRESP,PR,140
S0446,ARM2,OVRLRESP,PR,168
S0446,ARM2,OVRLRESP,PR,196
S0446,ARM2,OVRLRESP,PR,224
S0446,ARM2,OVRLRESP,PR,252
S0446,ARM2,OVRLRESP,PR,280
S0446,ARM2,OVRLRESP,PR,308
S0446,ARM2,OVRLRESP,PR,336
S0446,ARM2,OVRLRESP,PR,364
S0446,ARM2,OVRLRESP,PR,392
S0446,ARM2,OVRLRESP,PR,420
S0446,ARM2,OVRLRESP,PR,448
S0446,ARM2,OVRLRESP,PR,476
S0446,ARM2,OVRLRESP,PR,504
S0446,ARM2,OVRLRESP,PR,532
S0446,ARM2,OVRLRESP,PR,560
S0446,ARM2,OVRLRESP,PR,588
S0446,ARM2,OVRLRESP,PR,616
S0446,ARM2,CBOR,CR,56
S0448,ARM2,OVRLRESP,SD,28
S0448,ARM2,OVRLRESP,PR,56
S0448,ARM2,OVRLRESP,PR,84
S0448,ARM2,OVRLRESP,PR,112
S0448,ARM2,OVRLRESP,PD,140
S0448,ARM2,CBOR,PR,56
S0456,ARM2,OVRLRESP,PR,28
S0456,ARM2,OVRLRESP,CR,56
S0456,ARM2,OVRLRESP,CR,84
S0456,ARM2,OVRLRESP,CR,112
S0456,ARM2,OVRLRESP,CR,140
S0456,ARM2,OVRLRESP,CR,168
S0456,ARM2,OVRLRESP,CR,196
S0456,ARM2,OVRLRESP,CR,224
S0456,ARM2,OVRLRESP,CR,252
S0456,ARM2,OVRLRESP,CR,280
S0456,ARM2,OVRLRESP,CR,308
S0456,ARM2,OVRLRESP,CR,336
S0456,ARM2,OVRLRESP,CR,364
S0456,ARM2,OVRLRESP,CR,392
S0456,ARM2,OVRLRESP,CR,420
S0456,ARM2,OVRLRESP,CR,448
S0456,ARM2,OVRLRESP,CR,476
S0456,ARM2,OVRLRESP,CR,504
S0456,ARM2,OVRLRESP,CR,532
S0456,ARM2,OVRLRESP,CR,560
S0456,ARM2,OVRLRESP,CR,588
S0456,ARM2,OVRLRESP,CR,616
S0456,ARM2,OVRLRESP,CR,644
S0456,ARM2,OVRLRESP,CR,672
S0456,ARM2,OVRLRESP,CR,700
S0456,ARM2,OVRLRESP,CR,728
S0456,ARM2,OVRLRESP,CR,756
S0456,ARM2,OVRLRESP,CR,784
S0456,ARM2,OVRLRESP,CR,812
S0456,ARM2,OVRLRESP,CR,840
S0456,ARM2,OVRLRESP,CR,868
S0456,ARM2,OVRLRESP,CR,896
S0456,ARM2,OVRLRESP,CR,924
S0456,ARM2,OVRLRESP,CR,952
S0456,ARM2,OVRLRESP,CR,980
S0456,ARM2,OVRLRESP,CR,1008
S0456,ARM2,OVRLRESP,CR,1036
S0456,ARM2,OVRLRESP,CR,1064
S0456,ARM2,OVRLRESP,CR,1092
S0456,ARM2,OVRLRESP,CR,1120
S0456,ARM2,OVRLRESP,CR,1148
S0456,ARM2,OVRLRESP,CR,1176
S0456,ARM2,OVRLRESP,CR,1204
S0456,ARM2,OVRLRESP,CR,1232
S0456,ARM2,OVRLRESP,CR,1260
S0456,ARM2,OVRLRESP,CR,1288
S0456,ARM2,OVRLRESP,CR,1316
S0456,ARM2,OVRLRESP,CR,1344
S0456,ARM2,OVRLRESP,CR,1372
S0456,ARM2,OVRLRESP,CR,1400
S0456,ARM2,OVRLRESP,CR,1428
S0456,ARM2,OVRLRESP,CR,1456
S0456,ARM2,OVRLRESP,CR,1484
S0456,ARM2,OVRLRESP,CR,1512
S0456,ARM2,OVRLRESP,CR,1540
S0456,ARM2,OVRLRESP,CR,1568
S0456,ARM2,OVRLRESP,CR,1596
S0456,ARM2,OVRLRESP,CR,1624
S0456,ARM2,OVRLRESP,CR,1652
S0456,ARM2,OVRLRESP,CR,1680
S0456,ARM2,OVRLRESP,CR,1708
S0456,ARM2,OVRLRESP,CR,1736
S0456,ARM2,OVRLRESP,CR,1764
S0456,ARM2,OVRLRESP,CR,1792
S0456,ARM2,OVRLRESP,CR,1820
S0456,ARM2,CBOR,CR,56
S0458,ARM2,OVRLRESP,SD,28
S0458,ARM2,OVRLRESP,SD,56
S0458,ARM2,OVRLRESP,SD,84
S0458,ARM2,OVRLRESP,SD,112
S0458,ARM2,OVRLRESP,SD,140
S0458,ARM2,OVRLRESP,SD,168
S0458,ARM2,OVRLRESP,SD,196
S0458,ARM2,OVRLRESP,SD,224
S0458,ARM2,OVRLRESP,SD,252
S0458,ARM2,OVRLRESP,SD,280
S0458,ARM2,OVRLRESP,SD,308
S0458,ARM2,OVRLRESP,SD,336
S0458,ARM2,OVRLRESP,SD,364
S0458,ARM2,OVRLRESP,SD,392
S0458,ARM2,OVRLRESP,SD,420
S0458,ARM2,OVRLRESP,SD,448
S0458,ARM2,OVRLRESP,SD,476
S0458,ARM2,OVRLRESP,SD,504
S0458,ARM2,OVRLRESP,SD,532
S0458,ARM2,OVRLRESP,SD,560
S0458,ARM2,OVRLRESP,SD,588
S0458,ARM2,OVRLRESP,SD,616
S0458,ARM2,OVRLRESP,SD,644
S0458,ARM2,OVRLRESP,SD,672
S0458,ARM2,OVRLRESP,SD,700
S0458,ARM2,OVRLRESP,SD,728
S0458,ARM2,OVRLRESP,SD,756
S0458,ARM2,OVRLRESP,SD,784
S0458,ARM2,OVRLRESP,SD,812
S0458,ARM2,OVRLRESP,SD,840
S0458,ARM2,OVRLRESP,SD,868
S0458,ARM2,OVRLRESP,SD,896
S0458,ARM2,OVRLRESP,SD,924
S0458,ARM2,OVRLRESP,SD,952
S0458,ARM2,OVRLRESP,SD,980
S0458,ARM2,OVRLRESP,SD,1008
S0458,ARM2,OVRLRESP,SD,1036
S0458,ARM2,OVRLRESP,SD,1064
S0458,ARM2,OVRLRESP,SD,1092
S0458,ARM2,OVRLRESP,SD,1120
S0458,ARM2,OVRLRESP,SD,1148
S0458,ARM2,OVRLRESP,SD,1176
S0458,ARM2,OVRLRESP,SD,1204
S0458,ARM2,OVRLRESP,SD,1232
S0458,ARM2,OVRLRESP,SD,1260
S0458,ARM2,OVRLRESP,SD,1288
S0458,ARM2,OVRLRESP,SD,1316
S0458,ARM2,OVRLRESP,SD,1344
S0458,ARM2,OVRLRESP,SD,1372
S0458,ARM2,OVRLRESP,SD,1400
S0458,ARM2,OVRLRESP,SD,1428
S0458,ARM2,OVRLRESP,SD,1456
S0458,ARM2,OVRLRESP,SD,1484
S0458,ARM2,OVRLRESP,SD,1512
S0458,ARM2,OVRLRESP,SD,1540
S0458,ARM2,OVRLRESP,SD,1568
S0458,ARM2,OVRLRESP,SD,1596
S0458,ARM2,OVRLRESP,SD,1624
S0458,ARM2,OVRLRESP,SD,1652
S0458,ARM2,OVRLRESP,SD,1680
S0458,ARM2,OVRLRESP,SD,1708
S0458,ARM2,OVRLRESP,SD,1736
S0458,ARM2,OVRLRESP,SD,1764
S0458,ARM2,OVRLRESP,SD,1792
S0458,ARM2,OVRLRESP,SD,1820
S0458,ARM2,CBOR,SD,56
S0459,ARM2,OVRLRESP,PR,28
S0459,ARM2,OVRLRESP,CR,56
S0459,ARM2,OVRLRESP,CR,84
S0459,ARM2,OVRLRESP,CR,112
S0459,ARM2,OVRLRESP,CR,140
S0459,ARM2,OVRLRESP,CR,168
S0459,ARM2,OVRLRESP,CR,196
S0459,ARM2,OVRLRESP,CR,224
S0459,ARM2,OVRLRESP,CR,252
S0459,ARM2,OVRLRESP,CR,280
S0459,ARM2,OVRLRESP,CR,308
S0459,ARM2,OVRLRESP,CR,336
S0459,ARM2,OVRLRESP,CR,364
S0459,ARM2,OVRLRESP,CR,392
S0459,ARM2,OVRLRESP,CR,420
S0459,ARM2,OVRLRESP,CR,448
S0459,ARM2,OVRLRESP,CR,476
S0459,ARM2,OVRLRESP,CR,504
S0459,ARM2,OVRLRESP,CR,532
S0459,ARM2,OVRLRESP,CR,560
S0459,ARM2,OVRLRESP,CR,588
S0459,ARM2,OVRLRESP,CR,616
S0459,ARM2,OVRLRESP,CR,644
S0459,ARM2,OVRLRESP,CR,672
S0459,ARM2,OVRLRESP,CR,700
S0459,ARM2,OVRLRESP,CR,728
S0459,ARM2,OVRLRESP,CR,756
S0459,ARM2,OVRLRESP,CR,784
S0459,ARM2,OVRLRESP,CR,812
S0459,ARM2,OVRLRESP,CR,840
S0459,ARM2,OVRLRESP,CR,868
S0459,ARM2,OVRLRESP,CR,896
S0459,ARM2,OVRLRESP,CR,924
S0459,ARM2,OVRLRESP,CR,952
S0459,ARM2,OVRLRESP,CR,980
S0459,ARM2,OVRLRESP,CR,1008
S0459,ARM2,OVRLRESP,CR,1036
S0459,ARM2,OVRLRESP,CR,1064
S0459,ARM2,OVRLRESP,CR,1092
S0459,ARM2,OVRLRESP,CR,1120
S0459,ARM2,OVRLRESP,CR,1148
S0459,ARM2,OVRLRESP,CR,1176
S0459,ARM2,OVRLRESP,CR,1204
S0459,ARM2,OVRLRESP,CR,1232
S0459,ARM2,OVRLRESP,CR,1260
S0459,ARM2,OVRLRESP,CR,1288
S0459,ARM2,OVRLRESP,CR,1316
S0459,ARM2,OVRLRESP,CR,1344
S0459,ARM2,OVRLRESP,CR,1372
S0459,ARM2,OVRLRESP,CR,1400
S0459,ARM2,OVRLRESP,CR,1428
S0459,ARM2,OVRLRESP,CR,1456
S0459,ARM2,OVRLRESP,CR,1484
S0459,ARM2,OVRLRESP,CR,1512
S0459,ARM2,OVRLRESP,CR,1540
S0459,ARM2,OVRLRESP,CR,1568
S0459,ARM2,OVRLRESP,CR,1596
S0459,ARM2,OVRLRESP,CR,1624
S0459,ARM2,OVRLRESP,CR,1652
S0459,ARM2,OVRLRESP,CR,1680
S0459,ARM2,OVRLRESP,CR,1708
S0459,ARM2,OVRLRESP,CR,1736
S0459,ARM2,OVRLRESP,CR,1764
S0459,ARM2,OVRLRESP,CR,1792
S0459,ARM2,OVRLRESP,CR,1820
S0459,ARM2,CBOR,CR,56
