USUBJID,RSTESTCD,RSORRES,RSDY,VISIT,RSCAT
S0001,TRGRESP,SD,56,TA1,protocol response criteria (compiled thresholds)
S0001,NTRGRESP,NON-CR/NON-PD,56,TA1,protocol response criteria (compiled thresholds)
S0001,NEWLPROG,N,56,TA1,protocol response criteria (compiled thresholds)
S0001,OVRLRESP,SD,56,TA1,protocol response criteria (compiled thresholds)
S0001,TRGRESP,PD,112,TA2,protocol response criteria (compiled thresholds)
S0001,NTRGRESP,NON-CR/NON-PD,112,TA2,protocol response criteria (compiled thresholds)
S0001,NEWLPROG,N,112,TA2,protocol response criteria (compiled thresholds)
S0001,OVRLRESP,PD,112,TA2,protocol response criteria (compiled thresholds)
S0003,TRGRESP,SD,56,TA1,protocol response criteria (compiled thresholds)
S0003,NTRGRESP,NON-CR/NON-PD,56,TA1,protocol response criteria (compiled thresholds)
S0003,NEWLPROG,N,56,TA1,protocol response criteria (compiled thresholds)
S0003,OVRLRESP,SD,56,TA1,protocol response criteria (compiled thresholds)
S0003,TRGRESP,SD,112,TA2,protocol response criteria (compiled thresholds)
S0003,NTRGRESP,NON-CR/NON-PD,112,TA2,protocol response criteria (compiled thresholds)
S0003,NEWLPROG,N,112,TA2,protocol response criteria (compiled thresholds)
S0003,OVRLRESP,SD,112,TA2,protocol response criteria (compiled thresholds)
S0003,TRGRESP,SD,168,TA3,protocol response criteria (compiled thresholds)
S0003,NTRGRESP,NON-CR/NON-PD,168,TA3,protocol response criteria (compiled thresholds)
S0003,NEWLPROG,N,168,TA3,protocol response criteria (compiled thresholds)
S0003,OVRLRESP,SD,168,TA3,protocol response criteria (compiled thresholds)
S0003,TRGRESP,SD,224,TA4,protocol response criteria (compiled thresholds)
S0003,NTRGRESP,NON-CR/NON-PD,224,TA4,protocol response criteria (compiled thresholds)
S0003,NEWLPROG,N,224,TA4,protocol response criteria (compiled thresholds)
S0003,OVRLRESP,SD,224,TA4,protocol response criteria (compiled thresholds)
S0003,TRGRESP,SD,280,TA5,protocol response criteria (compiled thresholds)
S0003,NTRGRESP,NON-CR/NON-PD,280,TA5,protocol response criteria (compiled thresholds)
S0003,NEWLPROG,N,280,TA5,protocol response criteria (compiled thresholds)
S0003,OVRLRESP,SD,280,TA5,protocol response criteria (compiled thresholds)
S0004,TRGRESP,SD,56,TA1,protocol response criteria (compiled thresholds)
S0004,NTRGRESP,NONE,56,TA1,protocol response criteria (compiled thresholds)
S0004,NEWLPROG,N,56,TA1,protocol response criteria (compiled thresholds)
S0004,OVRLRESP,SD,56,TA1,protocol response criteria (compiled thresholds)
S0004,TRGRESP,PR,112,TA2,protocol response criteria (compiled thresholds)
S0004,NTRGRESP,NONE,112,TA2,protocol response criteria (compiled thresholds)
S0004,NEWLPROG,N,112,TA2,protocol response criteria (compiled thresholds)
S0004,OVRLRESP,PR,112,TA2,protocol response criteria (compiled thresholds)
S0004,TRGRESP,PR,168,TA3,protocol response criteria (compiled thresholds)
S0004,NTRGRESP,NONE,168,TA3,protocol response criteria (compiled thresholds)
S0004,NEWLPROG,N,168,TA3,protocol response criteria (compiled thresholds)
S0004,OVRLRESP,PR,168,TA3,protocol response criteria (compiled thresholds)
S0004,TRGRESP,PR,224,TA4,protocol response criteria (compiled thresholds)
S0004,NTRGRESP,NONE,224,TA4,protocol response criteria (compiled thresholds)
S0004,NEWLPROG,N,224,TA4,protocol response criteria (compiled thresholds)
S0004,OVRLRESP,PR,224,TA4,protocol response criteria (compiled thresholds)
S0004,TRGRESP,PR,280,TA5,protocol response criteria (compiled thresholds)
S0004,NTRGRESP,NONE,280,TA5,protocol response criteria (compiled thresholds)
S0004,NEWLPROG,N,280,TA5,protocol response criteria (compiled thresholds)
S0004,OVRLRESP,PR,280,TA5,protocol response criteria (compiled thresholds)
S0004,TRGRESP,PR,336,TA6,protocol response criteria (compiled thresholds)
S0004,NTRGRESP,NONE,336,TA6,protocol response criteria (compiled thresholds)
S0004,NEWLPROG,N,336,TA6,protocol response criteria (compiled thresholds)
S0004,OVRLRESP,PR,336,TA6,protocol response criteria (compiled thresholds)
S0004,TRGRESP,PR,392,TA7,protocol response criteria (compiled thresholds)
S0004,NTRGRESP,NONE,392,TA7,protocol response criteria (compiled thresholds)
S0004,NEWLPROG,N,392,TA7,protocol response criteria (compiled thresholds)
S0004,OVRLRESP,PR,392,TA7,protocol response criteria (compiled thresholds)
S0004,TRGRESP,PR,448,TA8,protocol response criteria (compiled thresholds)
S0004,NTRGRESP,NONE,448,TA8,protocol response criteria (compiled thresholds)
S0004,NEWLPROG,N,448,TA8,protocol response criteria (compiled thresholds)
S0004,OVRLRESP,PR,448,TA8,protocol response criteria (compiled thresholds)
S0005,TRGRESP,PD,56,TA1,protocol response criteria (compiled thresholds)
S0005,NTRGRESP,NON-CR/NON-PD,56,TA1,protocol response criteria (compiled thresholds)
S0005,NEWLPROG,N,56,TA1,protocol response criteria (compiled thresholds)
S0005,OVRLRESP,PD,56,TA1,protocol response criteria (compiled thresholds)
S0006,TRGRESP,SD,56,TA1,protocol response criteria (compiled thresholds)
S0006,NTRGRESP,NON-CR/NON-PD,56,TA1,protocol response criteria (compiled thresholds)
S0006,NEWLPROG,N,56,TA1,protocol response criteria (compiled thresholds)
S0006,OVRLRESP,SD,56,TA1,protocol response criteria (compiled thresholds)
S0006,TRGRESP,SD,112,TA2,protocol response criteria (compiled thresholds)
S0006,NTRGRESP,NON-CR/NON-PD,112,TA2,protocol response criteria (compiled thresholds)
S0006,NEWLPROG,N,112,TA2,protocol response criteria (compiled thresholds)
S0006,OVRLRESP,SD,112,TA2,protocol response criteria (compiled thresholds)
S0006,TRGRESP,SD,168,TA3,protocol response criteria (compiled thresholds)
S0006,NTRGRESP,NON-CR/NON-PD,168,TA3,protocol response criteria (compiled thresholds)
S0006,NEWLPROG,N,168,TA3,protocol response criteria (compiled thresholds)
S0006,OVRLRESP,SD,168,TA3,protocol response criteria (compiled thresholds)
S0006,TRGRESP,SD,224,TA4,protocol response criteria (compiled thresholds)
S0006,NTRGRESP,NON-CR/NON-PD,224,TA4,protocol response criteria (compiled thresholds)
S0006,NEWLPROG,N,224,TA4,protocol response criteria (compiled thresholds)
S0006,OVRLRESP,SD,224,TA4,protocol response criteria (compiled thresholds)
S0006,TRGRESP,SD,280,TA5,protocol response criteria (compiled thresholds)
S0006,NTRGRESP,NON-CR/NON-PD,280,TA5,protocol response criteria (compiled thresholds)
S0006,NEWLPROG,N,280,TA5,protocol response criteria (compiled thresholds)
S0006,OVRLRESP,SD,280,TA5,protocol response criteria (compiled thresholds)
S0006,TRGRESP,SD,336,TA6,protocol response criteria (compiled thresholds)
S0006,NTRGRESP,NON-CR/NON-PD,336,TA6,protocol response criteria (compiled thresholds)
S0006,NEWLPROG,N,336,TA6,protocol response criteria (compiled thresholds)
S0006,OVRLRESP,SD,336,TA6,protocol response criteria (compiled thresholds)
S0006,TRGRESP,SD,392,TA7,protocol response criteria (compiled thresholds)
S0006,NTRGRESP,NON-CR/NON-PD,392,TA7,protocol response criteria (compiled thresholds)
S0006,NEWLPROG,N,392,TA7,protocol response criteria (compiled thresholds)
S0006,OVRLRESP,SD,392,TA7,protocol response criteria (compiled thresholds)
S0006,TRGRESP,SD,448,TA8,protocol response criteria (compiled thresholds)
S0006,NTRGRESP,NON-CR/NON-PD,448,TA8,protocol response criteria (compiled thresholds)
S0006,NEWLPROG,N,448,TA8,protocol response criteria (compiled thresholds)
S0006,OVRLRESP,SD,448,TA8,protocol response criteria (compiled thresholds)
S0006,TRGRESP,SD,504,TA9,protocol response criteria (compiled thresholds)
S0006,NTRGRESP,NON-CR/NON-PD,504,TA9,protocol response criteria (compiled thresholds)
S0006,NEWLPROG,N,504,TA9,protocol response criteria (compiled thresholds)
S0006,OVRLRESP,SD,504,TA9,protocol response criteria (compiled thresholds)
S0006,TRGRESP,SD,560,TA10,protocol response criteria (compiled thresholds)
S0006,NTRGRESP,NON-CR/NON-PD,560,TA10,protocol response criteria (compiled thresholds)
S0006,NEWLPROG,N,560,TA10,protocol response criteria (compiled thresholds)
S0006,OVRLRESP,SD,560,TA10,protocol response criteria (compiled thresholds)
S0006,TRGRESP,SD,616,TA11,protocol response criteria (compiled thresholds)
S0006,NTRGRESP,NON-CR/NON-PD,616,TA11,protocol response criteria (compiled thresholds)
S0006,NEWLPROG,N,616,TA11,protocol response criteria (compiled thresholds)
S0006,OVRLRESP,SD,616,TA11,protocol response criteria (compiled thresholds)
S0006,TRGRESP,SD,672,TA12,protocol response criteria (compiled thresholds)
S0006,NTRGRESP,NON-CR/NON-PD,672,TA12,protocol response criteria (compiled thresholds)
S0006,NEWLPROG,N,672,TA12,protocol response criteria (compiled thresholds)
S0006,OVRLRESP,SD,672,TA12,protocol response criteria (compiled thresholds)
S0006,TRGRESP,SD,728,TA13,protocol response criteria (compiled thresholds)
S0006,NTRGRESP,NON-CR/NON-PD,728,TA13,protocol response criteria (compiled thresholds)
S0006,NEWLPROG,N,728,TA13,protocol response criteria (compiled thresholds)
S0006,OVRLRESP,SD,728,TA13,protocol response criteria (compiled thresholds)
S0006,TRGRESP,SD,784,TA14,protocol response criteria (compiled thresholds)
S0006,NTRGRESP,NON-CR/NON-PD,784,TA14,protocol response criteria (compiled thresholds)
S0006,NEWLPROG,N,784,TA14,protocol response criteria (compiled thresholds)
S0006,OVRLRESP,SD,784,TA14,protocol response criteria (compiled thresholds)
S0006,TRGRESP,SD,840,TA15,protocol response criteria (compiled thresholds)
S0006,NTRGRESP,NON-CR/NON-PD,840,TA15,protocol response criteria (compiled thresholds)
S0006,NEWLPROG,N,840,TA15,protocol response criteria (compiled thresholds)
S0006,OVRLRESP,SD,840,TA15,protocol response criteria (compiled thresholds)
S0006,TRGRESP,PD,896,TA16,protocol response criteria (compiled thresholds)
S0006,NTRGRESP,NON-CR/NON-PD,896,TA16,protocol response criteria (compiled thresholds)
S0006,NEWLPROG,N,896,TA16,protocol response criteria (compiled thresholds)
S0006,OVRLRESP,PD,896,TA16,protocol response criteria (compiled thresholds)
S0007,TRGRESP,PR,56,TA1,protocol response criteria (compiled thresholds)
S0007,NTRGRESP,NON-CR/NON-PD,56,TA1,protocol response criteria (compiled thresholds)
S0007,NEWLPROG,Y,56,TA1,protocol response criteria (compiled thresholds)
S0007,OVRLRESP,PD,56,TA1,protocol response criteria (compiled thresholds)
S0008,TRGRESP,PR,56,TA1,protocol response criteria (compiled thresholds)
S0008,NTRGRESP,NON-CR/NON-PD,56,TA1,protocol response criteria (compiled thresholds)
S0008,NEWLPROG,N,56,TA1,protocol response criteria (compiled thresholds)
S0008,OVRLRESP,PR,56,TA1,protocol response criteria (compiled thresholds)
S0010,TRGRESP,SD,56,TA1,protocol response criteria (compiled thresholds)
S0010,NTRGRESP,NON-CR/NON-PD,56,TA1,protocol response criteria (compiled thresholds)
S0010,NEWLPROG,Y,56,TA1,protocol response criteria (compiled thresholds)
S0010,OVRLRESP,PD,56,TA1,protocol response criteria (compiled thresholds)
S0011,TRGRESP,PR,56,TA1,protocol response criteria (compiled thresholds)
S0011,NTRGRESP,NON-CR/NON-PD,56,TA1,protocol response criteria (compiled thresholds)
S0011,NEWLPROG,N,56,TA1,protocol response criteria (compiled thresholds)
S0011,OVRLRESP,PR,56,TA1,protocol response criteria (compiled thresholds)
S0011,TRGRESP,PR,112,TA2,protocol response criteria (compiled thresholds)
S0011,NTRGRESP,NON-CR/NON-PD,112,TA2,protocol response criteria (compiled thresholds)
S0011,NEWLPROG,N,112,TA2,protocol response criteria (compiled thresholds)
S0011,OVRLRESP,PR,112,TA2,protocol response criteria (compiled thresholds)
S0011,TRGRESP,PR,168,TA3,protocol response criteria (compiled thresholds)
S0011,NTRGRESP,NON-CR/NON-PD,168,TA3,protocol response criteria (compiled thresholds)
S0011,NEWLPROG,N,168,TA3,protocol response criteria (compiled thresholds)
S0011,OVRLRESP,PR,168,TA3,protocol response criteria (compiled thresholds)
S0011,TRGRESP,PR,224,TA4,protocol response criteria (compiled thresholds)
S0011,NTRGRESP,NON-CR/NON-PD,224,TA4,protocol response criteria (compiled thresholds)
S0011,NEWLPROG,N,224,TA4,protocol response criteria (compiled thresholds)
S0011,OVRLRESP,PR,224,TA4,protocol response criteria (compiled thresholds)
S0011,TRGRESP,PR,280,TA5,protocol response criteria (compiled thresholds)
S0011,NTRGRESP,NON-CR/NON-PD,280,TA5,protocol response criteria (compiled thresholds)
S0011,NEWLPROG,N,280,TA5,protocol response criteria (compiled thresholds)
S0011,OVRLRESP,PR,280,TA5,protocol response criteria (compiled thresholds)
S0011,TRGRESP,PR,336,TA6,protocol response criteria (compiled thresholds)
S0011,NTRGRESP,NON-CR/NON-PD,336,TA6,protocol response criteria (compiled thresholds)
S0011,NEWLPROG,N,336,TA6,protocol response criteria (compiled thresholds)
S0011,OVRLRESP,PR,336,TA6,protocol response criteria (compiled thresholds)
S0011,TRGRESP,PR,392,TA7,protocol response criteria (compiled thresholds)
S0011,NTRGRESP,NON-CR/NON-PD,392,TA7,protocol response criteria (compiled thresholds)
S0011,NEWLPROG,N,392,TA7,protocol response criteria (compiled thresholds)
S0011,OVRLRESP,PR,392,TA7,protocol response criteria (compiled thresholds)
S0011,TRGRESP,PR,448,TA8,protocol response criteria (compiled thresholds)
S0011,NTRGRESP,NON-CR/NON-PD,448,TA8,protocol response criteria (compiled thresholds)
S0011,NEWLPROG,N,448,TA8,protocol response criteria (compiled thresholds)
S0011,OVRLRESP,PR,448,TA8,protocol response criteria (compiled thresholds)
S0011,TRGRESP,PR,504,TA9,protocol response criteria (compiled thresholds)
S0011,NTRGRESP,NON-CR/NON-PD,504,TA9,protocol response criteria (compiled thresholds)
S0011,NEWLPROG,N,504,TA9,protocol response criteria (compiled thresholds)
S0011,OVRLRESP,PR,504,TA9,protocol response criteria (compiled thresholds)
S0011,TRGRESP,PR,560,TA10,protocol response criteria (compiled thresholds)
S0011,NTRGRESP,NON-CR/NON-PD,560,TA10,protocol response criteria (compiled thresholds)
S0011,NEWLPROG,Y,560,TA10,protocol response criteria (compiled thresholds)
S0011,OVRLRESP,PD,560,TA10,protocol response criteria (compiled thresholds)
S0012,TRGRESP,SD,56,TA1,protocol response criteria (compiled thresholds)
S0012,NTRGRESP,NONE,56,TA1,protocol response criteria (compiled thresholds)
S0012,NEWLPROG,N,56,TA1,protocol response criteria (compiled thresholds)
S0012,OVRLRESP,SD,56,TA1,protocol response criteria (compiled thresholds)
S0012,TRGRESP,PR,112,TA2,protocol response criteria (compiled thresholds)
S0012,NTRGRESP,NONE,112,TA2,protocol response criteria (compiled thresholds)
S0012,NEWLPROG,N,112,TA2,protocol response criteria (compiled thresholds)
S0012,OVRLRESP,PR,112,TA2,protocol response criteria (compiled thresholds)
S0012,TRGRESP,PR,168,TA3,protocol response criteria (compiled thresholds)
S0012,NTRGRESP,NONE,168,TA3,protocol response criteria (compiled thresholds)
S0012,NEWLPROG,N,168,TA3,protocol response criteria (compiled thresholds)
S0012,OVRLRESP,PR,168,TA3,protocol response criteria (compiled thresholds)
S0012,TRGRESP,PR,224,TA4,protocol response criteria (compiled thresholds)
S0012,NTRGRESP,NONE,224,TA4,protocol response criteria (compiled thresholds)
S0012,NEWLPROG,N,224,TA4,protocol response criteria (compiled thresholds)
S0012,OVRLRESP,PR,224,TA4,protocol response criteria (compiled thresholds)
S0012,TRGRESP,PR,280,TA5,protocol response criteria (compiled thresholds)
S0012,NTRGRESP,NONE,280,TA5,protocol response criteria (compiled thresholds)
S0012,NEWLPROG,N,280,TA5,protocol response criteria (compiled thresholds)
S0012,OVRLRESP,PR,280,TA5,protocol response criteria (compiled thresholds)
S0012,TRGRESP,PR,336,TA6,protocol response criteria (compiled thresholds)
S0012,NTRGRESP,NONE,336,TA6,protocol response criteria (compiled thresholds)
S0012,NEWLPROG,N,336,TA6,protocol response criteria (compiled thresholds)
S0012,OVRLRESP,PR,336,TA6,protocol response criteria (compiled thresholds)
S0012,TRGRESP,PR,392,TA7,protocol response criteria (compiled thresholds)
S0012,NTRGRESP,NONE,392,TA7,protocol response criteria (compiled thresholds)
S0012,NEWLPROG,N,392,TA7,protocol response criteria (compiled thresholds)
S0012,OVRLRESP,PR,392,TA7,protocol response criteria (compiled thresholds)
S0012,TRGRESP,PR,448,TA8,protocol response criteria (compiled thresholds)
S0012,NTRGRESP,NONE,448,TA8,protocol response criteria (compiled thresholds)
S0012,NEWLPROG,N,448,TA8,protocol response criteria (compiled thresholds)
S0012,OVRLRESP,PR,448,TA8,protocol response criteria (compiled thresholds)
S0012,TRGRESP,PR,504,TA9,protocol response criteria (compiled thresholds)
S0012,NTRGRESP,NONE,504,TA9,protocol response criteria (compiled thresholds)
S0012,NEWLPROG,N,504,TA9,protocol response criteria (compiled thresholds)
S0012,OVRLRESP,PR,504,TA9,protocol response criteria (compiled thresholds)
S0012,TRGRESP,PR,560,TA10,protocol response criteria (compiled thresholds)
S0012,NTRGRESP,NONE,560,TA10,protocol response criteria (compiled thresholds)
S0012,NEWLPROG,Y,560,TA10,protocol response criteria (compiled thresholds)
S0012,OVRLRESP,PD,560,TA10,protocol response criteria (compiled thresholds)
S0013,TRGRESP,PR,56,TA1,protocol response criteria (compiled thresholds)
S0013,NTRGRESP,NON-CR/NON-PD,56,TA1,protocol response criteria (compiled thresholds)
S0013,NEWLPROG,N,56,TA1,protocol response criteria (compiled thresholds)
S0013,OVRLRESP,PR,56,TA1,protocol response criteria (compiled thresholds)
S0013,TRGRESP,PR,112,TA2,protocol response criteria (compiled thresholds)
S0013,NTRGRESP,NON-CR/NON-PD,112,TA2,protocol response criteria (compiled thresholds)
S0013,NEWLPROG,N,112,TA2,protocol response criteria (compiled thresholds)
S0013,OVRLRESP,PR,112,TA2,protocol response criteria (compiled thresholds)
S0013,TRGRESP,PR,168,TA3,protocol response criteria (compiled thresholds)
S0013,NTRGRESP,NON-CR/NON-PD,168,TA3,protocol response criteria (compiled thresholds)
S0013,NEWLPROG,N,168,TA3,protocol response criteria (compiled thresholds)
S0013,OVRLRESP,PR,168,TA3,protocol response criteria (compiled thresholds)
S0013,TRGRESP,PR,224,TA4,protocol response criteria (compiled thresholds)
S0013,NTRGRESP,NON-CR/NON-PD,224,TA4,protocol response criteria (compiled thresholds)
S0013,NEWLPROG,N,224,TA4,protocol response criteria (compiled thresholds)
S0013,OVRLRESP,PR,224,TA4,protocol response criteria (compiled thresholds)
S0013,TRGRESP,PR,280,TA5,protocol response criteria (compiled thresholds)
S0013,NTRGRESP,NON-CR/NON-PD,280,TA5,protocol response criteria (compiled thresholds)
S0013,NEWLPROG,N,280,TA5,protocol response criteria (compiled thresholds)
S0013,OVRLRESP,PR,280,TA5,protocol response criteria (compiled thresholds)
S0013,TRGRESP,PR,336,TA6,protocol response criteria (compiled thresholds)
S0013,NTRGRESP,NON-CR/NON-PD,336,TA6,protocol response criteria (compiled thresholds)
S0013,NEWLPROG,N,336,TA6,protocol response criteria (compiled thresholds)
S0013,OVRLRESP,PR,336,TA6,protocol response criteria (compiled thresholds)
S0013,TRGRESP,PR,392,TA7,protocol response criteria (compiled thresholds)
S0013,NTRGRESP,NON-CR/NON-PD,392,TA7,protocol response criteria (compiled thresholds)
S0013,NEWLPROG,N,392,TA7,protocol response criteria (compiled thresholds)
S0013,OVRLRESP,PR,392,TA7,protocol response criteria (compiled thresholds)
S0013,TRGRESP,PR,448,TA8,protocol response criteria (compiled thresholds)
S0013,NTRGRESP,NON-CR/NON-PD,448,TA8,protocol response criteria (compiled thresholds)
S0013,NEWLPROG,N,448,TA8,protocol response criteria (compiled thresholds)
S0013,OVRLRESP,PR,448,TA8,protocol response criteria (compiled thresholds)
S0013,TRGRESP,PR,504,TA9,protocol response criteria (compiled thresholds)
S0013,NTRGRESP,NON-CR/NON-PD,504,TA9,protocol response criteria (compiled thresholds)
S0013,NEWLPROG,N,504,TA9,protocol response criteria (compiled thresholds)
S0013,OVRLRESP,PR,504,TA9,protocol response criteria (compiled thresholds)
S0013,TRGRESP,PR,560,TA10,protocol response criteria (compiled thresholds)
S0013,NTRGRESP,NON-CR/NON-PD,560,TA10,protocol response criteria (compiled thresholds)
S0013,NEWLPROG,N,560,TA10,protocol response criteria (compiled thresholds)
S0013,OVRLRESP,PR,560,TA10,protocol response criteria (compiled thresholds)
S0013,TRGRESP,PR,616,TA11,protocol response criteria (compiled thresholds)
S0013,NTRGRESP,NON-CR/NON-PD,616,TA11,protocol response criteria (compiled thresholds)
S0013,NEWLPROG,N,616,TA11,protocol response criteria (compiled thresholds)
S0013,OVRLRESP,PR,616,TA11,protocol response criteria (compiled thresholds)
S0013,TRGRESP,PR,672,TA12,protocol response criteria (compiled thresholds)
S0013,NTRGRESP,NON-CR/NON-PD,672,TA12,protocol response criteria (compiled thresholds)
S0013,NEWLPROG,N,672,TA12,protocol response criteria (compiled thresholds)
S0013,OVRLRESP,PR,672,TA12,protocol response criteria (compiled thresholds)
S0013,TRGRESP,PR,728,TA13,protocol response criteria (compiled thresholds)
S0013,NTRGRESP,NON-CR/NON-PD,728,TA13,protocol response criteria (compiled thresholds)
S0013,NEWLPROG,N,728,TA13,protocol response criteria (compiled thresholds)
S0013,OVRLRESP,PR,728,TA13,protocol response criteria (compiled thresholds)
S0014,TRGRESP,SD,56,TA1,protocol response criteria (compiled thresholds)
S0014,NTRGRESP,NON-CR/NON-PD,56,TA1,protocol response criteria (compiled thresholds)
S0014,NEWLPROG,N,56,TA1,protocol response criteria (compiled thresholds)
S0014,OVRLRESP,SD,56,TA1,protocol response criteria (compiled thresholds)
S0014,TRGRESP,PR,112,TA2,protocol response criteria (compiled thresholds)
S0014,NTRGRESP,NON-CR/NON-PD,112,TA2,protocol response criteria (compiled thresholds)
S0014,NEWLPROG,N,112,TA2,protocol response criteria (compiled thresholds)
S0014,OVRLRESP,PR,112,TA2,protocol response criteria (compiled thresholds)
S0014,TRGRESP,PD,168,TA3,protocol response criteria (compiled thresholds)
S0014,NTRGRESP,NON-CR/NON-PD,168,TA3,protocol response criteria (compiled thresholds)
S0014,NEWLPROG,N,168,TA3,protocol response criteria (compiled thresholds)
S0014,OVRLRESP,PD,168,TA3,protocol response criteria (compiled thresholds)
S0015,TRGRESP,SD,56,TA1,protocol response criteria (compiled thresholds)
S0015,NTRGRESP,NON-CR/NON-PD,56,TA1,protocol response criteria (compiled thresholds)
S0015,NEWLPROG,N,56,TA1,protocol response criteria (compiled thresholds)
S0015,OVRLRESP,SD,56,TA1,protocol response criteria (compiled thresholds)
S0015,TRGRESP,PD,112,TA2,protocol response criteria (compiled thresholds)
S0015,NTRGRESP,NON-CR/NON-PD,112,TA2,protocol response criteria (compiled thresholds)
S0015,NEWLPROG,N,112,TA2,protocol response criteria (compiled thresholds)
S0015,OVRLRESP,PD,112,TA2,protocol response criteria (compiled thresholds)
S0016,TRGRESP,SD,56,TA1,protocol response criteria (compiled thresholds)
S0016,NTRGRESP,NON-CR/NON-PD,56,TA1,protocol response criteria (compiled thresholds)
S0016,NEWLPROG,N,56,TA1,protocol response criteria (compiled thresholds)
S0016,OVRLRESP,SD,56,TA1,protocol response criteria (compiled thresholds)
S0016,TRGRESP,PR,112,TA2,protocol response criteria (compiled thresholds)
S0016,NTRGRESP,NON-CR/NON-PD,112,TA2,protocol response criteria (compiled thresholds)
S0016,NEWLPROG,N,112,TA2,protocol response criteria (compiled thresholds)
S0016,OVRLRESP,PR,112,TA2,protocol response criteria (compiled thresholds)
S0016,TRGRESP,PR,168,TA3,protocol response criteria (compiled thresholds)
S0016,NTRGRESP,NON-CR/NON-PD,168,TA3,protocol response criteria (compiled thresholds)
S0016,NEWLPROG,N,168,TA3,protocol response criteria (compiled thresholds)
S0016,OVRLRESP,PR,168,TA3,protocol response criteria (compiled thresholds)
S0016,TRGRESP,PR,224,TA4,protocol response criteria (compiled thresholds)
S0016,NTRGRESP,NON-CR/NON-PD,224,TA4,protocol response criteria (compiled thresholds)
S0016,NEWLPROG,N,224,TA4,protocol response criteria (compiled thresholds)
S0016,OVRLRESP,PR,224,TA4,protocol response criteria (compiled thresholds)
S0016,TRGRESP,PR,280,TA5,protocol response criteria (compiled thresholds)
S0016,NTRGRESP,NON-CR/NON-PD,280,TA5,protocol response criteria (compiled thresholds)
S0016,NEWLPROG,N,280,TA5,protocol response criteria (compiled thresholds)
S0016,OVRLRESP,PR,280,TA5,protocol response criteria (compiled thresholds)
S0016,TRGRESP,PD,336,TA6,protocol response criteria (compiled thresholds)
S0016,NTRGRESP,NON-CR/NON-PD,336,TA6,protocol response criteria (compiled thresholds)
S0016,NEWLPROG,N,336,TA6,protocol response criteria (compiled thresholds)
S0016,OVRLRESP,PD,336,TA6,protocol response criteria (compiled thresholds)
S0017,TRGRESP,SD,56,TA1,protocol response criteria (compiled thresholds)
S0017,NTRGRESP,NON-CR/NON-PD,56,TA1,protocol response criteria (compiled thresholds)
S0017,NEWLPROG,N,56,TA1,protocol response criteria (compiled thresholds)
S0017,OVRLRESP,SD,56,TA1,protocol response criteria (compiled thresholds)
S0017,TRGRESP,SD,112,TA2,protocol response criteria (compiled thresholds)
S0017,NTRGRESP,NON-CR/NON-PD,112,TA2,protocol response criteria (compiled thresholds)
S0017,NEWLPROG,N,112,TA2,protocol response criteria (compiled thresholds)
S0017,OVRLRESP,SD,112,TA2,protocol response criteria (compiled thresholds)
S0017,TRGRESP,SD,168,TA3,protocol response criteria (compiled thresholds)
S0017,NTRGRESP,NON-CR/NON-PD,168,TA3,protocol response criteria (compiled thresholds)
S0017,NEWLPROG,N,168,TA3,protocol response criteria (compiled thresholds)
S0017,OVRLRESP,SD,168,TA3,protocol response criteria (compiled thresholds)
S0017,TRGRESP,SD,224,TA4,protocol response criteria (compiled thresholds)
S0017,NTRGRESP,NON-CR/NON-PD,224,TA4,protocol response criteria (compiled thresholds)
S0017,NEWLPROG,N,224,TA4,protocol response criteria (compiled thresholds)
S0017,OVRLRESP,SD,224,TA4,protocol response criteria (compiled thresholds)
S0017,TRGRESP,SD,280,TA5,protocol response criteria (compiled thresholds)
S0017,NTRGRESP,NON-CR/NON-PD,280,TA5,protocol response criteria (compiled thresholds)
S0017,NEWLPROG,N,280,TA5,protocol response criteria (compiled thresholds)
S0017,OVRLRESP,SD,280,TA5,protocol response criteria (compiled thresholds)
S0017,TRGRESP,SD,336,TA6,protocol response criteria (compiled thresholds)
S0017,NTRGRESP,NON-CR/NON-PD,336,TA6,protocol response criteria (compiled thresholds)
S0017,NEWLPROG,N,336,TA6,protocol response criteria (compiled thresholds)
S0017,OVRLRESP,SD,336,TA6,protocol response criteria (compiled thresholds)
S0017,TRGRESP,SD,392,TA7,protocol response criteria (compiled thresholds)
S0017,NTRGRESP,NON-CR/NON-PD,392,TA7,protocol response criteria (compiled thresholds)
S0017,NEWLPROG,N,392,TA7,protocol response criteria (compiled thresholds)
S0017,OVRLRESP,SD,392,TA7,protocol response criteria (compiled thresholds)
S0017,TRGRESP,SD,448,TA8,protocol response criteria (compiled thresholds)
S0017,NTRGRESP,NON-CR/NON-PD,448,TA8,protocol response criteria (compiled thresholds)
S0017,NEWLPROG,N,448,TA8,protocol response criteria (compiled thresholds)
S0017,OVRLRESP,SD,448,TA8,protocol response criteria (compiled thresholds)
S0018,TRGRESP,SD,56,TA1,protocol response criteria (compiled thresholds)
S0018,NTRGRESP,NON-CR/NON-PD,56,TA1,protocol response criteria (compiled thresholds)
S0018,NEWLPROG,N,56,TA1,protocol response criteria (compiled thresholds)
S0018,OVRLRESP,SD,56,TA1,protocol response criteria (compiled thresholds)
S0018,TRGRESP,SD,112,TA2,protocol response criteria (compiled thresholds)
S0018,NTRGRESP,NON-CR/NON-PD,112,TA2,protocol response criteria (compiled thresholds)
S0018,NEWLPROG,N,112,TA2,protocol response criteria (compiled thresholds)
S0018,OVRLRESP,SD,112,TA2,protocol response criteria (compiled thresholds)
S0018,TRGRESP,SD,168,TA3,protocol response criteria (compiled thresholds)
S0018,NTRGRESP,NON-CR/NON-PD,168,TA3,protocol response criteria (compiled thresholds)
S0018,NEWLPROG,N,168,TA3,protocol response criteria (compiled thresholds)
S0018,OVRLRESP,SD,168,TA3,protocol response criteria (compiled thresholds)
S0018,TRGRESP,SD,224,TA4,protocol response criteria (compiled thresholds)
S0018,NTRGRESP,NON-CR/NON-PD,224,TA4,protocol response criteria (compiled thresholds)
S0018,NEWLPROG,N,224,TA4,protocol response criteria (compiled thresholds)
S0018,OVRLRESP,SD,224,TA4,protocol response criteria (compiled thresholds)
S0018,TRGRESP,SD,280,TA5,protocol response criteria (compiled thresholds)
S0018,NTRGRESP,NON-CR/NON-PD,280,TA5,protocol response criteria (compiled thresholds)
S0018,NEWLPROG,N,280,TA5,protocol response criteria (compiled thresholds)
S0018,OVRLRESP,SD,280,TA5,protocol response criteria (compiled thresholds)
S0018,TRGRESP,SD,336,TA6,protocol response criteria (compiled thresholds)
S0018,NTRGRESP,NON-CR/NON-PD,336,TA6,protocol response criteria (compiled thresholds)
S0018,NEWLPROG,N,336,TA6,protocol response criteria (compiled thresholds)
S0018,OVRLRESP,SD,336,TA6,protocol response criteria (compiled thresholds)
S0018,TRGRESP,SD,392,TA7,protocol response criteria (compiled thresholds)
S0018,NTRGRESP,NON-CR/NON-PD,392,TA7,protocol response criteria (compiled thresholds)
S0018,NEWLPROG,N,392,TA7,protocol response criteria (compiled thresholds)
S0018,OVRLRESP,SD,392,TA7,protocol response criteria (compiled thresholds)
S0018,TRGRESP,SD,448,TA8,protocol response criteria (compiled thresholds)
S0018,NTRGRESP,NON-CR/NON-PD,448,TA8,protocol response criteria (compiled thresholds)
S0018,NEWLPROG,N,448,TA8,protocol response criteria (compiled thresholds)
S0018,OVRLRESP,SD,448,TA8,protocol response criteria (compiled thresholds)
S0018,TRGRESP,SD,504,TA9,protocol response criteria (compiled thresholds)
S0018,NTRGRESP,NON-CR/NON-PD,504,TA9,protocol response criteria (compiled thresholds)
S0018,NEWLPROG,N,504,TA9,protocol response criteria (compiled thresholds)
S0018,OVRLRESP,SD,504,TA9,protocol response criteria (compiled thresholds)
S0018,TRGRESP,SD,560,TA10,protocol response criteria (compiled thresholds)
S0018,NTRGRESP,NON-CR/NON-PD,560,TA10,protocol response criteria (compiled thresholds)
S0018,NEWLPROG,N,560,TA10,protocol response criteria (compiled thresholds)
S0018,OVRLRESP,SD,560,TA10,protocol response criteria (compiled thresholds)
S0018,TRGRESP,SD,616,TA11,protocol response criteria (compiled thresholds)
S0018,NTRGRESP,NON-CR/NON-PD,616,TA11,protocol response criteria (compiled thresholds)
S0018,NEWLPROG,N,616,TA11,protocol response criteria (compiled thresholds)
S0018,OVRLRESP,SD,616,TA11,protocol response criteria (compiled thresholds)
S0018,TRGRESP,SD,672,TA12,protocol response criteria (compiled thresholds)
S0018,NTRGRESP,NON-CR/NON-PD,672,TA12,protocol response criteria (compiled thresholds)
S0018,NEWLPROG,N,672,TA12,protocol response criteria (compiled thresholds)
S0018,OVRLRESP,SD,672,TA12,protocol response criteria (compiled thresholds)
S0018,TRGRESP,SD,728,TA13,protocol response criteria (compiled thresholds)
S0018,NTRGRESP,NON-CR/NON-PD,728,TA13,protocol response criteria (compiled thresholds)
S0018,NEWLPROG,N,728,TA13,protocol response criteria (compiled thresholds)
S0018,OVRLRESP,SD,728,TA13,protocol response criteria (compiled thresholds)
S0018,TRGRESP,SD,784,TA14,protocol response criteria (compiled thresholds)
S0018,NTRGRESP,NON-CR/NON-PD,784,TA14,protocol response criteria (compiled thresholds)
S0018,NEWLPROG,N,784,TA14,protocol response criteria (compiled thresholds)
S0018,OVRLRESP,SD,784,TA14,protocol response criteria (compiled thresholds)
S0018,TRGRESP,SD,840,TA15,protocol response criteria (compiled thresholds)
S0018,NTRGRESP,NON-CR/NON-PD,840,TA15,protocol response criteria (compiled thresholds)
S0018,NEWLPROG,N,840,TA15,protocol response criteria (compiled thresholds)
S0018,OVRLRESP,SD,840,TA15,protocol response criteria (compiled thresholds)
S0018,TRGRESP,SD,896,TA16,protocol response criteria (compiled thresholds)
S0018,NTRGRESP,NON-CR/NON-PD,896,TA16,protocol response criteria (compiled thresholds)
S0018,NEWLPROG,N,896,TA16,protocol response criteria (compiled thresholds)
S0018,OVRLRESP,SD,896,TA16,protocol response criteria (compiled thresholds)
S0018,TRGRESP,SD,952,TA17,protocol response criteria (compiled thresholds)
S0018,NTRGRESP,NON-CR/NON-PD,952,TA17,protocol response criteria (compiled thresholds)
S0018,NEWLPROG,N,952,TA17,protocol response criteria (compiled thresholds)
S0018,OVRLRESP,SD,952,TA17,protocol response criteria (compiled thresholds)
S0018,TRGRESP,SD,1008,TA18,protocol response criteria (compiled thresholds)
S0018,NTRGRESP,NON-CR/NON-PD,1008,TA18,protocol response criteria (compiled thresholds)
S0018,NEWLPROG,N,1008,TA18,protocol response criteria (compiled thresholds)
S0018,OVRLRESP,SD,1008,TA18,protocol response criteria (compiled thresholds)
S0018,TRGRESP,SD,1064,TA19,protocol response criteria (compiled thresholds)
S0018,NTRGRESP,NON-CR/NON-PD,1064,TA19,protocol response criteria (compiled thresholds)
S0018,NEWLPROG,N,1064,TA19,protocol response criteria (compiled thresholds)
S0018,OVRLRESP,SD,1064,TA19,protocol response criteria (compiled thresholds)
S0018,TRGRESP,SD,1120,TA20,protocol response criteria (compiled thresholds)
S0018,NTRGRESP,NON-CR/NON-PD,1120,TA20,protocol response criteria (compiled thresholds)
S0018,NEWLPROG,N,1120,TA20,protocol response criteria (compiled thresholds)
S0018,OVRLRESP,SD,1120,TA20,protocol response criteria (compiled thresholds)
S0018,TRGRESP,SD,1176,TA21,protocol response criteria (compiled thresholds)
S0018,NTRGRESP,NON-CR/NON-PD,1176,TA21,protocol response criteria (compiled thresholds)
S0018,NEWLPROG,N,1176,TA21,protocol response criteria (compiled thresholds)
S0018,OVRLRESP,SD,1176,TA21,protocol response criteria (compiled thresholds)
S0018,TRGRESP,SD,1232,TA22,protocol response criteria (compiled thresholds)
S0018,NTRGRESP,NON-CR/NON-PD,1232,TA22,protocol response criteria (compiled thresholds)
S0018,NEWLPROG,N,1232,TA22,protocol response criteria (compiled thresholds)
S0018,OVRLRESP,SD,1232,TA22,protocol response criteria (compiled thresholds)
S0018,TRGRESP,SD,1288,TA23,protocol response criteria (compiled thresholds)
S0018,NTRGRESP,NON-CR/NON-PD,1288,TA23,protocol response criteria (compiled thresholds)
S0018,NEWLPROG,N,1288,TA23,protocol response criteria (compiled thresholds)
S0018,OVRLRESP,SD,1288,TA23,protocol response criteria (compiled thresholds)
S0018,TRGRESP,SD,1344,TA24,protocol response criteria (compiled thresholds)
S0018,NTRGRESP,NON-CR/NON-PD,1344,TA24,protocol response criteria (compiled thresholds)
S0018,NEWLPROG,N,1344,TA24,protocol response criteria (compiled thresholds)
S0018,OVRLRESP,SD,1344,TA24,protocol response criteria (compiled thresholds)
S0018,TRGRESP,SD,1400,TA25,protocol response criteria (compiled thresholds)
S0018,NTRGRESP,NON-CR/NON-PD,1400,TA25,protocol response criteria (compiled thresholds)
S0018,NEWLPROG,N,1400,TA25,protocol response criteria (compiled thresholds)
S0018,OVRLRESP,SD,1400,TA25,protocol response criteria (compiled thresholds)
S0018,TRGRESP,SD,1456,TA26,protocol response criteria (compiled thresholds)
S0018,NTRGRESP,NON-CR/NON-PD,1456,TA26,protocol response criteria (compiled thresholds)
S0018,NEWLPROG,N,1456,TA26,protocol response criteria (compiled thresholds)
S0018,OVRLRESP,SD,1456,TA26,protocol response criteria (compiled thresholds)
S0018,TRGRESP,SD,1512,TA27,protocol response criteria (compiled thresholds)
S0018,NTRGRESP,NON-CR/NON-PD,1512,TA27,protocol response criteria (compiled thresholds)
S0018,NEWLPROG,N,1512,TA27,protocol response criteria (compiled thresholds)
S0018,OVRLRESP,SD,1512,TA27,protocol response criteria (compiled thresholds)
S0018,TRGRESP,SD,1568,TA28,protocol response criteria (compiled thresholds)
S0018,NTRGRESP,NON-CR/NON-PD,1568,TA28,protocol response criteria (compiled thresholds)
S0018,NEWLPROG,N,1568,TA28,protocol response criteria (compiled thresholds)
S0018,OVRLRESP,SD,1568,TA28,protocol response criteria (compiled thresholds)
S0018,TRGRESP,SD,1624,TA29,protocol response criteria (compiled thresholds)
S0018,NTRGRESP,NON-CR/NON-PD,1624,TA29,protocol response criteria (compiled thresholds)
S0018,NEWLPROG,N,1624,TA29,protocol response criteria (compiled thresholds)
S0018,OVRLRESP,SD,1624,TA29,protocol response criteria (compiled thresholds)
S0018,TRGRESP,PD,1680,TA30,protocol response criteria (compiled thresholds)
S0018,NTRGRESP,NON-CR/NON-PD,1680,TA30,protocol response criteria (compiled thresholds)
S0018,NEWLPROG,N,1680,TA30,protocol response criteria (compiled thresholds)
S0018,OVRLRESP,PD,1680,TA30,protocol response criteria (compiled thresholds)
S0019,TRGRESP,SD,56,TA1,protocol response criteria (compiled thresholds)
S0019,NTRGRESP,NON-CR/NON-PD,56,TA1,protocol response criteria (compiled thresholds)
S0019,NEWLPROG,N,56,TA1,protocol response criteria (compiled thresholds)
S0019,OVRLRESP,SD,56,TA1,protocol response criteria (compiled thresholds)
S0019,TRGRESP,SD,112,TA2,protocol response criteria (compiled thresholds)
S0019,NTRGRESP,NON-CR/NON-PD,112,TA2,protocol response criteria (compiled thresholds)
S0019,NEWLPROG,N,112,TA2,protocol response criteria (compiled thresholds)
S0019,OVRLRESP,SD,112,TA2,protocol response criteria (compiled thresholds)
S0019,TRGRESP,SD,168,TA3,protocol response criteria (compiled thresholds)
S0019,NTRGRESP,NON-CR/NON-PD,168,TA3,protocol response criteria (compiled thresholds)
S0019,NEWLPROG,N,168,TA3,protocol response criteria (compiled thresholds)
S0019,OVRLRESP,SD,168,TA3,protocol response criteria (compiled thresholds)
S0019,TRGRESP,SD,224,TA4,protocol response criteria (compiled thresholds)
S0019,NTRGRESP,NON-CR/NON-PD,224,TA4,protocol response criteria (compiled thresholds)
S0019,NEWLPROG,N,224,TA4,protocol response criteria (compiled thresholds)
S0019,OVRLRESP,SD,224,TA4,protocol response criteria (compiled thresholds)
S0019,TRGRESP,SD,280,TA5,protocol response criteria (compiled thresholds)
S0019,NTRGRESP,NON-CR/NON-PD,280,TA5,protocol response criteria (compiled thresholds)
S0019,NEWLPROG,N,280,TA5,protocol response criteria (compiled thresholds)
S0019,OVRLRESP,SD,280,TA5,protocol response criteria (compiled thresholds)
S0019,TRGRESP,SD,336,TA6,protocol response criteria (compiled thresholds)
S0019,NTRGRESP,NON-CR/NON-PD,336,TA6,protocol response criteria (compiled thresholds)
S0019,NEWLPROG,N,336,TA6,protocol response criteria (compiled thresholds)
S0019,OVRLRESP,SD,336,TA6,protocol response criteria (compiled thresholds)
S0019,TRGRESP,SD,392,TA7,protocol response criteria (compiled thresholds)
S0019,NTRGRESP,NON-CR/NON-PD,392,TA7,protocol response criteria (compiled thresholds)
S0019,NEWLPROG,N,392,TA7,protocol response criteria (compiled thresholds)
S0019,OVRLRESP,SD,392,TA7,protocol response criteria (compiled thresholds)
S0019,TRGRESP,SD,448,TA8,protocol response criteria (compiled thresholds)
S0019,NTRGRESP,NON-CR/NON-PD,448,TA8,protocol response criteria (compiled thresholds)
S0019,NEWLPROG,N,448,TA8,protocol response criteria (compiled thresholds)
S0019,OVRLRESP,SD,448,TA8,protocol response criteria (compiled thresholds)
S0019,TRGRESP,SD,504,TA9,protocol response criteria (compiled thresholds)
S0019,NTRGRESP,NON-CR/NON-PD,504,TA9,protocol response criteria (compiled thresholds)
S0019,NEWLPROG,N,504,TA9,protocol response criteria (compiled thresholds)
S0019,OVRLRESP,SD,504,TA9,protocol response criteria (compiled thresholds)
S0019,TRGRESP,SD,560,TA10,protocol response criteria (compiled thresholds)
S0019,NTRGRESP,NON-CR/NON-PD,560,TA10,protocol response criteria (compiled thresholds)
S0019,NEWLPROG,N,560,TA10,protocol response criteria (compiled thresholds)
S0019,OVRLRESP,SD,560,TA10,protocol response criteria (compiled thresholds)
S0019,TRGRESP,SD,616,TA11,protocol response criteria (compiled thresholds)
S0019,NTRGRESP,NON-CR/NON-PD,616,TA11,protocol response criteria (compiled thresholds)
S0019,NEWLPROG,N,616,TA11,protocol response criteria (compiled thresholds)
S0019,OVRLRESP,SD,616,TA11,protocol response criteria (compiled thresholds)
S0019,TRGRESP,SD,672,TA12,protocol response criteria (compiled thresholds)
S0019,NTRGRESP,NON-CR/NON-PD,672,TA12,protocol response criteria (compiled thresholds)
S0019,NEWLPROG,N,672,TA12,protocol response criteria (compiled thresholds)
S0019,OVRLRESP,SD,672,TA12,protocol response criteria (compiled thresholds)
S0019,TRGRESP,SD,728,TA13,protocol response criteria (compiled thresholds)
S0019,NTRGRESP,NON-CR/NON-PD,728,TA13,protocol response criteria (compiled thresholds)
S0019,NEWLPROG,N,728,TA13,protocol response criteria (compiled thresholds)
S0019,OVRLRESP,SD,728,TA13,protocol response criteria (compiled thresholds)
S0019,TRGRESP,PD,784,TA14,protocol response criteria (compiled thresholds)
S0019,NTRGRESP,NON-CR/NON-PD,784,TA14,protocol response criteria (compiled thresholds)
S0019,NEWLPROG,N,784,TA14,protocol response criteria (compiled thresholds)
S0019,OVRLRESP,PD,784,TA14,protocol response criteria (compiled thresholds)
S0020,TRGRESP,PR,56,TA1,protocol response criteria (compiled thresholds)
S0020,NTRGRESP,NON-CR/NON-PD,56,TA1,protocol response criteria (compiled thresholds)
S0020,NEWLPROG,N,56,TA1,protocol response criteria (compiled thresholds)
S0020,OVRLRESP,PR,56,TA1,protocol response criteria (compiled thresholds)
S0021,TRGRESP,SD,56,TA1,protocol response criteria (compiled thresholds)
S0021,NTRGRESP,NON-CR/NON-PD,56,TA1,protocol response criteria (compiled thresholds)
S0021,NEWLPROG,N,56,TA1,protocol response criteria (compiled thresholds)
S0021,OVRLRESP,SD,56,TA1,protocol response criteria (compiled thresholds)
S0021,TRGRESP,SD,112,TA2,protocol response criteria (compiled thresholds)
S0021,NTRGRESP,NON-CR/NON-PD,112,TA2,protocol response criteria (compiled thresholds)
S0021,NEWLPROG,N,112,TA2,protocol response criteria (compiled thresholds)
S0021,OVRLRESP,SD,112,TA2,protocol response criteria (compiled thresholds)
S0021,TRGRESP,SD,168,TA3,protocol response criteria (compiled thresholds)
S0021,NTRGRESP,NON-CR/NON-PD,168,TA3,protocol response criteria (compiled thresholds)
S0021,NEWLPROG,N,168,TA3,protocol response criteria (compiled thresholds)
S0021,OVRLRESP,SD,168,TA3,protocol response criteria (compiled thresholds)
S0021,TRGRESP,SD,224,TA4,protocol response criteria (compiled thresholds)
S0021,NTRGRESP,NON-CR/NON-PD,224,TA4,protocol response criteria (compiled thresholds)
S0021,NEWLPROG,N,224,TA4,protocol response criteria (compiled thresholds)
S0021,OVRLRESP,SD,224,TA4,protocol response criteria (compiled thresholds)
S0021,TRGRESP,SD,280,TA5,protocol response criteria (compiled thresholds)
S0021,NTRGRESP,NON-CR/NON-PD,280,TA5,protocol response criteria (compiled thresholds)
S0021,NEWLPROG,N,280,TA5,protocol response criteria (compiled thresholds)
S0021,OVRLRESP,SD,280,TA5,protocol response criteria (compiled thresholds)
S0021,TRGRESP,SD,336,TA6,protocol response criteria (compiled thresholds)
S0021,NTRGRESP,NON-CR/NON-PD,336,TA6,protocol response criteria (compiled thresholds)
S0021,NEWLPROG,N,336,TA6,protocol response criteria (compiled thresholds)
S0021,OVRLRESP,SD,336,TA6,protocol response criteria (compiled thresholds)
S0021,TRGRESP,SD,392,TA7,protocol response criteria (compiled thresholds)
S0021,NTRGRESP,NON-CR/NON-PD,392,TA7,protocol response criteria (compiled thresholds)
S0021,NEWLPROG,N,392,TA7,protocol response criteria (compiled thresholds)
S0021,OVRLRESP,SD,392,TA7,protocol response criteria (compiled thresholds)
S0021,TRGRESP,SD,448,TA8,protocol response criteria (compiled thresholds)
S0021,NTRGRESP,NON-CR/NON-PD,448,TA8,protocol response criteria (compiled thresholds)
S0021,NEWLPROG,N,448,TA8,protocol response criteria (compiled thresholds)
S0021,OVRLRESP,SD,448,TA8,protocol response criteria (compiled thresholds)
S0021,TRGRESP,SD,504,TA9,protocol response criteria (compiled thresholds)
S0021,NTRGRESP,NON-CR/NON-PD,504,TA9,protocol response criteria (compiled thresholds)
S0021,NEWLPROG,N,504,TA9,protocol response criteria (compiled thresholds)
S0021,OVRLRESP,SD,504,TA9,protocol response criteria (compiled thresholds)
S0021,TRGRESP,SD,560,TA10,protocol response criteria (compiled thresholds)
S0021,NTRGRESP,NON-CR/NON-PD,560,TA10,protocol response criteria (compiled thresholds)
S0021,NEWLPROG,N,560,TA10,protocol response criteria (compiled thresholds)
S0021,OVRLRESP,SD,560,TA10,protocol response criteria (compiled thresholds)
S0021,TRGRESP,SD,616,TA11,protocol response criteria (compiled thresholds)
S0021,NTRGRESP,NON-CR/NON-PD,616,TA11,protocol response criteria (compiled thresholds)
S0021,NEWLPROG,N,616,TA11,protocol response criteria (compiled thresholds)
S0021,OVRLRESP,SD,616,TA11,protocol response criteria (compiled thresholds)
S0021,TRGRESP,SD,672,TA12,protocol response criteria (compiled thresholds)
S0021,NTRGRESP,NON-CR/NON-PD,672,TA12,protocol response criteria (compiled thresholds)
S0021,NEWLPROG,N,672,TA12,protocol response criteria (compiled thresholds)
S0021,OVRLRESP,SD,672,TA12,protocol response criteria (compiled thresholds)
S0021,TRGRESP,SD,728,TA13,protocol response criteria (compiled thresholds)
S0021,NTRGRESP,NON-CR/NON-PD,728,TA13,protocol response criteria (compiled thresholds)
S0021,NEWLPROG,N,728,TA13,protocol response criteria (compiled thresholds)
S0021,OVRLRESP,SD,728,TA13,protocol response criteria (compiled thresholds)
S0021,TRGRESP,SD,784,TA14,protocol response criteria (compiled thresholds)
S0021,NTRGRESP,NON-CR/NON-PD,784,TA14,protocol response criteria (compiled thresholds)
S0021,NEWLPROG,N,784,TA14,protocol response criteria (compiled thresholds)
S0021,OVRLRESP,SD,784,TA14,protocol response criteria (compiled thresholds)
S0021,TRGRESP,SD,840,TA15,protocol response criteria (compiled thresholds)
S0021,NTRGRESP,NON-CR/NON-PD,840,TA15,protocol response criteria (compiled thresholds)
S0021,NEWLPROG,N,840,TA15,protocol response criteria (compiled thresholds)
S0021,OVRLRESP,SD,840,TA15,protocol response criteria (compiled thresholds)
S0021,TRGRESP,SD,896,TA16,protocol response criteria (compiled thresholds)
S0021,NTRGRESP,NON-CR/NON-PD,896,TA16,protocol response criteria (compiled thresholds)
S0021,NEWLPROG,N,896,TA16,protocol response criteria (compiled thresholds)
S0021,OVRLRESP,SD,896,TA16,protocol response criteria (compiled thresholds)
S0021,TRGRESP,SD,952,TA17,protocol response criteria (compiled thresholds)
S0021,NTRGRESP,NON-CR/NON-PD,952,TA17,protocol response criteria (compiled thresholds)
S0021,NEWLPROG,N,952,TA17,protocol response criteria (compiled thresholds)
S0021,OVRLRESP,SD,952,TA17,protocol response criteria (compiled thresholds)
S0021,TRGRESP,SD,1008,TA18,protocol response criteria (compiled thresholds)
S0021,NTRGRESP,NON-CR/NON-PD,1008,TA18,protocol response criteria (compiled thresholds)
S0021,NEWLPROG,N,1008,TA18,protocol response criteria (compiled thresholds)
S0021,OVRLRESP,SD,1008,TA18,protocol response criteria (compiled thresholds)
S0021,TRGRESP,SD,1064,TA19,protocol response criteria (compiled thresholds)
S0021,NTRGRESP,NON-CR/NON-PD,1064,TA19,protocol response criteria (compiled thresholds)
S0021,NEWLPROG,N,1064,TA19,protocol response criteria (compiled thresholds)
S0021,OVRLRESP,SD,1064,TA19,protocol response criteria (compiled thresholds)
S0021,TRGRESP,SD,1120,TA20,protocol response criteria (compiled thresholds)
S0021,NTRGRESP,NON-CR/NON-PD,1120,TA20,protocol response criteria (compiled thresholds)
S0021,NEWLPROG,N,1120,TA20,protocol response criteria (compiled thresholds)
S0021,OVRLRESP,SD,1120,TA20,protocol response criteria (compiled thresholds)
S0021,TRGRESP,SD,1176,TA21,protocol response criteria (compiled thresholds)
S0021,NTRGRESP,NON-CR/NON-PD,1176,TA21,protocol response criteria (compiled thresholds)
S0021,NEWLPROG,N,1176,TA21,protocol response criteria (compiled thresholds)
S0021,OVRLRESP,SD,1176,TA21,protocol response criteria (compiled thresholds)
S0021,TRGRESP,SD,1232,TA22,protocol response criteria (compiled thresholds)
S0021,NTRGRESP,NON-CR/NON-PD,1232,TA22,protocol response criteria (compiled thresholds)
S0021,NEWLPROG,N,1232,TA22,protocol response criteria (compiled thresholds)
S0021,OVRLRESP,SD,1232,TA22,protocol response criteria (compiled thresholds)
S0021,TRGRESP,SD,1288,TA23,protocol response criteria (compiled thresholds)
S0021,NTRGRESP,NON-CR/NON-PD,1288,TA23,protocol response criteria (compiled thresholds)
S0021,NEWLPROG,N,1288,TA23,protocol response criteria (compiled thresholds)
S0021,OVRLRESP,SD,1288,TA23,protocol response criteria (compiled thresholds)
S0021,TRGRESP,SD,1344,TA24,protocol response criteria (compiled thresholds)
S0021,NTRGRESP,NON-CR/NON-PD,1344,TA24,protocol response criteria (compiled thresholds)
S0021,NEWLPROG,N,1344,TA24,protocol response criteria (compiled thresholds)
S0021,OVRLRESP,SD,1344,TA24,protocol response criteria (compiled thresholds)
S0021,TRGRESP,SD,1400,TA25,protocol response criteria (compiled thresholds)
S0021,NTRGRESP,NON-CR/NON-PD,1400,TA25,protocol response criteria (compiled thresholds)
S0021,NEWLPROG,N,1400,TA25,protocol response criteria (compiled thresholds)
S0021,OVRLRESP,SD,1400,TA25,protocol response criteria (compiled thresholds)
S0021,TRGRESP,SD,1456,TA26,protocol response criteria (compiled thresholds)
S0021,NTRGRESP,NON-CR/NON-PD,1456,TA26,protocol response criteria (compiled thresholds)
S0021,NEWLPROG,Y,1456,TA26,protocol response criteria (compiled thresholds)
S0021,OVRLRESP,PD,1456,TA26,protocol response criteria (compiled thresholds)
S0022,TRGRESP,SD,56,TA1,protocol response criteria (compiled thresholds)
S0022,NTRGRESP,NON-CR/NON-PD,56,TA1,protocol response criteria (compiled thresholds)
S0022,NEWLPROG,Y,56,TA1,protocol response criteria (compiled thresholds)
S0022,OVRLRESP,PD,56,TA1,protocol response criteria (compiled thresholds)
S0023,TRGRESP,SD,56,TA1,protocol response criteria (compiled thresholds)
S0023,NTRGRESP,NON-CR/NON-PD,56,TA1,protocol response criteria (compiled thresholds)
S0023,NEWLPROG,N,56,TA1,protocol response criteria (compiled thresholds)
S0023,OVRLRESP,SD,56,TA1,protocol response criteria (compiled thresholds)
S0023,TRGRESP,SD,112,TA2,protocol response criteria (compiled thresholds)
S0023,NTRGRESP,NON-CR/NON-PD,112,TA2,protocol response criteria (compiled thresholds)
S0023,NEWLPROG,N,112,TA2,protocol response criteria (compiled thresholds)
S0023,OVRLRESP,SD,112,TA2,protocol response criteria (compiled thresholds)
S0023,TRGRESP,SD,168,TA3,protocol response criteria (compiled thresholds)
S0023,NTRGRESP,NON-CR/NON-PD,168,TA3,protocol response criteria (compiled thresholds)
S0023,NEWLPROG,N,168,TA3,protocol response criteria (compiled thresholds)
S0023,OVRLRESP,SD,168,TA3,protocol response criteria (compiled thresholds)
S0023,TRGRESP,SD,224,TA4,protocol response criteria (compiled thresholds)
S0023,NTRGRESP,NON-CR/NON-PD,224,TA4,protocol response criteria (compiled thresholds)
S0023,NEWLPROG,N,224,TA4,protocol response criteria (compiled thresholds)
S0023,OVRLRESP,SD,224,TA4,protocol response criteria (compiled thresholds)
S0023,TRGRESP,SD,280,TA5,protocol response criteria (compiled thresholds)
S0023,NTRGRESP,NON-CR/NON-PD,280,TA5,protocol response criteria (compiled thresholds)
S0023,NEWLPROG,N,280,TA5,protocol response criteria (compiled thresholds)
S0023,OVRLRESP,SD,280,TA5,protocol response criteria (compiled thresholds)
S0023,TRGRESP,SD,336,TA6,protocol response criteria (compiled thresholds)
S0023,NTRGRESP,NON-CR/NON-PD,336,TA6,protocol response criteria (compiled thresholds)
S0023,NEWLPROG,N,336,TA6,protocol response criteria (compiled thresholds)
S0023,OVRLRESP,SD,336,TA6,protocol response criteria (compiled thresholds)
S0023,TRGRESP,SD,392,TA7,protocol response criteria (compiled thresholds)
S0023,NTRGRESP,NON-CR/NON-PD,392,TA7,protocol response criteria (compiled thresholds)
S0023,NEWLPROG,N,392,TA7,protocol response criteria (compiled thresholds)
S0023,OVRLRESP,SD,392,TA7,protocol response criteria (compiled thresholds)
S0023,TRGRESP,SD,448,TA8,protocol response criteria (compiled thresholds)
S0023,NTRGRESP,NON-CR/NON-PD,448,TA8,protocol response criteria (compiled thresholds)
S0023,NEWLPROG,N,448,TA8,protocol response criteria (compiled thresholds)
S0023,OVRLRESP,SD,448,TA8,protocol response criteria (compiled thresholds)
S0023,TRGRESP,SD,504,TA9,protocol response criteria (compiled thresholds)
S0023,NTRGRESP,NON-CR/NON-PD,504,TA9,protocol response criteria (compiled thresholds)
S0023,NEWLPROG,N,504,TA9,protocol response criteria (compiled thresholds)
S0023,OVRLRESP,SD,504,TA9,protocol response criteria (compiled thresholds)
S0023,TRGRESP,SD,560,TA10,protocol response criteria (compiled thresholds)
S0023,NTRGRESP,NON-CR/NON-PD,560,TA10,protocol response criteria (compiled thresholds)
S0023,NEWLPROG,N,560,TA10,protocol response criteria (compiled thresholds)
S0023,OVRLRESP,SD,560,TA10,protocol response criteria (compiled thresholds)
S0023,TRGRESP,SD,616,TA11,protocol response criteria (compiled thresholds)
S0023,NTRGRESP,NON-CR/NON-PD,616,TA11,protocol response criteria (compiled thresholds)
S0023,NEWLPROG,N,616,TA11,protocol response criteria (compiled thresholds)
S0023,OVRLRESP,SD,616,TA11,protocol response criteria (compiled thresholds)
S0023,TRGRESP,SD,672,TA12,protocol response criteria (compiled thresholds)
S0023,NTRGRESP,NON-CR/NON-PD,672,TA12,protocol response criteria (compiled thresholds)
S0023,NEWLPROG,N,672,TA12,protocol response criteria (compiled thresholds)
S0023,OVRLRESP,SD,672,TA12,protocol response criteria (compiled thresholds)
S0023,TRGRESP,SD,728,TA13,protocol response criteria (compiled thresholds)
S0023,NTRGRESP,NON-CR/NON-PD,728,TA13,protocol response criteria (compiled thresholds)
S0023,NEWLPROG,N,728,TA13,protocol response criteria (compiled thresholds)
S0023,OVRLRESP,SD,728,TA13,protocol response criteria (compiled thresholds)
S0023,TRGRESP,SD,784,TA14,protocol response criteria (compiled thresholds)
S0023,NTRGRESP,NON-CR/NON-PD,784,TA14,protocol response criteria (compiled thresholds)
S0023,NEWLPROG,N,784,TA14,protocol response criteria (compiled thresholds)
S0023,OVRLRESP,SD,784,TA14,protocol response criteria (compiled thresholds)
S0023,TRGRESP,SD,840,TA15,protocol response criteria (compiled thresholds)
S0023,NTRGRESP,NON-CR/NON-PD,840,TA15,protocol response criteria (compiled thresholds)
S0023,NEWLPROG,N,840,TA15,protocol response criteria (compiled thresholds)
S0023,OVRLRESP,SD,840,TA15,protocol response criteria (compiled thresholds)
S0023,TRGRESP,SD,896,TA16,protocol response criteria (compiled thresholds)
S0023,NTRGRESP,NON-CR/NON-PD,896,TA16,protocol response criteria (compiled thresholds)
S0023,NEWLPROG,N,896,TA16,protocol response criteria (compiled thresholds)
S0023,OVRLRESP,SD,896,TA16,protocol response criteria (compiled thresholds)
S0023,TRGRESP,SD,952,TA17,protocol response criteria (compiled thresholds)
S0023,NTRGRESP,NON-CR/NON-PD,952,TA17,protocol response criteria (compiled thresholds)
S0023,NEWLPROG,N,952,TA17,protocol response criteria (compiled thresholds)
S0023,OVRLRESP,SD,952,TA17,protocol response criteria (compiled thresholds)
S0023,TRGRESP,SD,1008,TA18,protocol response criteria (compiled thresholds)
S0023,NTRGRESP,NON-CR/NON-PD,1008,TA18,protocol response criteria (compiled thresholds)
S0023,NEWLPROG,N,1008,TA18,protocol response criteria (compiled thresholds)
S0023,OVRLRESP,SD,1008,TA18,protocol response criteria (compiled thresholds)
S0023,TRGRESP,SD,1064,TA19,protocol response criteria (compiled thresholds)
S0023,NTRGRESP,NON-CR/NON-PD,1064,TA19,protocol response criteria (compiled thresholds)
S0023,NEWLPROG,N,1064,TA19,protocol response criteria (compiled thresholds)
S0023,OVRLRESP,SD,1064,TA19,protocol response criteria (compiled thresholds)
S0023,TRGRESP,SD,1120,TA20,protocol response criteria (compiled thresholds)
S0023,NTRGRESP,NON-CR/NON-PD,1120,TA20,protocol response criteria (compiled thresholds)
S0023,NEWLPROG,N,1120,TA20,protocol response criteria (compiled thresholds)
S0023,OVRLRESP,SD,1120,TA20,protocol response criteria (compiled thresholds)
S0023,TRGRESP,SD,1176,TA21,protocol response criteria (compiled thresholds)
S0023,NTRGRESP,NON-CR/NON-PD,1176,TA21,protocol response criteria (compiled thresholds)
S0023,NEWLPROG,N,1176,TA21,protocol response criteria (compiled thresholds)
S0023,OVRLRESP,SD,1176,TA21,protocol response criteria (compiled thresholds)
S0023,TRGRESP,SD,1232,TA22,protocol response criteria (compiled thresholds)
S0023,NTRGRESP,NON-CR/NON-PD,1232,TA22,protocol response criteria (compiled thresholds)
S0023,NEWLPROG,N,1232,TA22,protocol response criteria (compiled thresholds)
S0023,OVRLRESP,SD,1232,TA22,protocol response criteria (compiled thresholds)
S0023,TRGRESP,SD,1288,TA23,protocol response criteria (compiled thresholds)
S0023,NTRGRESP,NON-CR/NON-PD,1288,TA23,protocol response criteria (compiled thresholds)
S0023,NEWLPROG,N,1288,TA23,protocol response criteria (compiled thresholds)
S0023,OVRLRESP,SD,1288,TA23,protocol response criteria (compiled thresholds)
S0023,TRGRESP,SD,1344,TA24,protocol response criteria (compiled thresholds)
S0023,NTRGRESP,NON-CR/NON-PD,1344,TA24,protocol response criteria (compiled thresholds)
S0023,NEWLPROG,N,1344,TA24,protocol response criteria (compiled thresholds)
S0023,OVRLRESP,SD,1344,TA24,protocol response criteria (compiled thresholds)
S0023,TRGRESP,SD,1400,TA25,protocol response criteria (compiled thresholds)
S0023,NTRGRESP,NON-CR/NON-PD,1400,TA25,protocol response criteria (compiled thresholds)
S0023,NEWLPROG,N,1400,TA25,protocol response criteria (compiled thresholds)
S0023,OVRLRESP,SD,1400,TA25,protocol response criteria (compiled thresholds)
S0023,TRGRESP,SD,1456,TA26,protocol response criteria (compiled thresholds)
S0023,NTRGRESP,NON-CR/NON-PD,1456,TA26,protocol response criteria (compiled thresholds)
S0023,NEWLPROG,N,1456,TA26,protocol response criteria (compiled thresholds)
S0023,OVRLRESP,SD,1456,TA26,protocol response criteria (compiled thresholds)
S0023,TRGRESP,SD,1512,TA27,protocol response criteria (compiled thresholds)
S0023,NTRGRESP,NON-CR/NON-PD,1512,TA27,protocol response criteria (compiled thresholds)
S0023,NEWLPROG,N,1512,TA27,protocol response criteria (compiled thresholds)
S0023,OVRLRESP,SD,1512,TA27,protocol response criteria (compiled thresholds)
S0023,TRGRESP,SD,1568,TA28,protocol response criteria (compiled thresholds)
S0023,NTRGRESP,NON-CR/NON-PD,1568,TA28,protocol response criteria (compiled thresholds)
S0023,NEWLPROG,N,1568,TA28,protocol response criteria (compiled thresholds)
S0023,OVRLRESP,SD,1568,TA28,protocol response criteria (compiled thresholds)
S0023,TRGRESP,SD,1624,TA29,protocol response criteria (compiled thresholds)
S0023,NTRGRESP,NON-CR/NON-PD,1624,TA29,protocol response criteria (compiled thresholds)
S0023,NEWLPROG,N,1624,TA29,protocol response criteria (compiled thresholds)
S0023,OVRLRESP,SD,1624,TA29,protocol response criteria (compiled thresholds)
S0023,TRGRESP,SD,1680,TA30,protocol response criteria (compiled thresholds)
S0023,NTRGRESP,NON-CR/NON-PD,1680,TA30,protocol response criteria (compiled thresholds)
S0023,NEWLPROG,N,1680,TA30,protocol response criteria (compiled thresholds)
S0023,OVRLRESP,SD,1680,TA30,protocol response criteria (compiled thresholds)
S0023,TRGRESP,SD,1736,TA31,protocol response criteria (compiled thresholds)
S0023,NTRGRESP,NON-CR/NON-PD,1736,TA31,protocol response criteria (compiled thresholds)
S0023,NEWLPROG,N,1736,TA31,protocol response criteria (compiled thresholds)
S0023,OVRLRESP,SD,1736,TA31,protocol response criteria (compiled thresholds)
S0023,TRGRESP,SD,1792,TA32,protocol response criteria (compiled thresholds)
S0023,NTRGRESP,NON-CR/NON-PD,1792,TA32,protocol response criteria (compiled thresholds)
S0023,NEWLPROG,N,1792,TA32,protocol response criteria (compiled thresholds)
S0023,OVRLRESP,SD,1792,TA32,protocol response criteria (compiled thresholds)
S0023,TRGRESP,SD,1848,TA33,protocol response criteria (compiled thresholds)
S0023,NTRGRESP,NON-CR/NON-PD,1848,TA33,protocol response criteria (compiled thresholds)
S0023,NEWLPROG,N,1848,TA33,protocol response criteria (compiled thresholds)
S0023,OVRLRESP,SD,1848,TA33,protocol response criteria (compiled thresholds)
S0023,TRGRESP,SD,1904,TA34,protocol response criteria (compiled thresholds)
S0023,NTRGRESP,NON-CR/NON-PD,1904,TA34,protocol response criteria (compiled thresholds)
S0023,NEWLPROG,N,1904,TA34,protocol response criteria (compiled thresholds)
S0023,OVRLRESP,SD,1904,TA34,protocol response criteria (compiled thresholds)
S0023,TRGRESP,SD,1960,TA35,protocol response criteria (compiled thresholds)
S0023,NTRGRESP,NON-CR/NON-PD,1960,TA35,protocol response criteria (compiled thresholds)
S0023,NEWLPROG,N,1960,TA35,protocol response criteria (compiled thresholds)
S0023,OVRLRESP,SD,1960,TA35,protocol response criteria (compiled thresholds)
S0023,TRGRESP,PD,2016,TA36,protocol response criteria (compiled thresholds)
S0023,NTRGRESP,NON-CR/NON-PD,2016,TA36,protocol response criteria (compiled thresholds)
S0023,NEWLPROG,N,2016,TA36,protocol response criteria (compiled thresholds)
S0023,OVRLRESP,PD,2016,TA36,protocol response criteria (compiled thresholds)
S0024,TRGRESP,SD,56,TA1,protocol response criteria (compiled thresholds)
S0024,NTRGRESP,NON-CR/NON-PD,56,TA1,protocol response criteria (compiled thresholds)
S0024,NEWLPROG,N,56,TA1,protocol response criteria (compiled thresholds)
S0024,OVRLRESP,SD,56,TA1,protocol response criteria (compiled thresholds)
S0024,TRGRESP,PD,112,TA2,protocol response criteria (compiled thresholds)
S0024,NTRGRESP,NON-CR/NON-PD,112,TA2,protocol response criteria (compiled thresholds)
S0024,NEWLPROG,N,112,TA2,protocol response criteria (compiled thresholds)
S0024,OVRLRESP,PD,112,TA2,protocol response criteria (compiled thresholds)
S0025,TRGRESP,PD,56,TA1,protocol response criteria (compiled thresholds)
S0025,NTRGRESP,NON-CR/NON-PD,56,TA1,protocol response criteria (compiled thresholds)
S0025,NEWLPROG,N,56,TA1,protocol response criteria (compiled thresholds)
S0025,OVRLRESP,PD,56,TA1,protocol response criteria (compiled thresholds)
S0026,TRGRESP,PR,56,TA1,protocol response criteria (compiled thresholds)
S0026,NTRGRESP,NONE,56,TA1,protocol response criteria (compiled thresholds)
S0026,NEWLPROG,N,56,TA1,protocol response criteria (compiled thresholds)
S0026,OVRLRESP,PR,56,TA1,protocol response criteria (compiled thresholds)
S0026,TRGRESP,PR,112,TA2,protocol response criteria (compiled thresholds)
S0026,NTRGRESP,NONE,112,TA2,protocol response criteria (compiled thresholds)
S0026,NEWLPROG,N,112,TA2,protocol response criteria (compiled thresholds)
S0026,OVRLRESP,PR,112,TA2,protocol response criteria (compiled thresholds)
S0026,TRGRESP,PR,168,TA3,protocol response criteria (compiled thresholds)
S0026,NTRGRESP,NONE,168,TA3,protocol response criteria (compiled thresholds)
S0026,NEWLPROG,N,168,TA3,protocol response criteria (compiled thresholds)
S0026,OVRLRESP,PR,168,TA3,protocol response criteria (compiled thresholds)
S0026,TRGRESP,PR,224,TA4,protocol response criteria (compiled thresholds)
S0026,NTRGRESP,NONE,224,TA4,protocol response criteria (compiled thresholds)
S0026,NEWLPROG,N,224,TA4,protocol response criteria (compiled thresholds)
S0026,OVRLRESP,PR,224,TA4,protocol response criteria (compiled thresholds)
S0026,TRGRESP,PR,280,TA5,protocol response criteria (compiled thresholds)
S0026,NTRGRESP,NONE,280,TA5,protocol response criteria (compiled thresholds)
S0026,NEWLPROG,N,280,TA5,protocol response criteria (compiled thresholds)
S0026,OVRLRESP,PR,280,TA5,protocol response criteria (compiled thresholds)
S0026,TRGRESP,PR,336,TA6,protocol response criteria (compiled thresholds)
S0026,NTRGRESP,NONE,336,TA6,protocol response criteria (compiled thresholds)
S0026,NEWLPROG,N,336,TA6,protocol response criteria (compiled thresholds)
S0026,OVRLRESP,PR,336,TA6,protocol response criteria (compiled thresholds)
S0026,TRGRESP,PR,392,TA7,protocol response criteria (compiled thresholds)
S0026,NTRGRESP,NONE,392,TA7,protocol response criteria (compiled thresholds)
S0026,NEWLPROG,N,392,TA7,protocol response criteria (compiled thresholds)
S0026,OVRLRESP,PR,392,TA7,protocol response criteria (compiled thresholds)
S0026,TRGRESP,PR,448,TA8,protocol response criteria (compiled thresholds)
S0026,NTRGRESP,NONE,448,TA8,protocol response criteria (compiled thresholds)
S0026,NEWLPROG,N,448,TA8,protocol response criteria (compiled thresholds)
S0026,OVRLRESP,PR,448,TA8,protocol response criteria (compiled thresholds)
S0026,TRGRESP,PR,504,TA9,protocol response criteria (compiled thresholds)
S0026,NTRGRESP,NONE,504,TA9,protocol response criteria (compiled thresholds)
S0026,NEWLPROG,N,504,TA9,protocol response criteria (compiled thresholds)
S0026,OVRLRESP,PR,504,TA9,protocol response criteria (compiled thresholds)
S0026,TRGRESP,PR,560,TA10,protocol response criteria (compiled thresholds)
S0026,NTRGRESP,NONE,560,TA10,protocol response criteria (compiled thresholds)
S0026,NEWLPROG,N,560,TA10,protocol response criteria (compiled thresholds)
S0026,OVRLRESP,PR,560,TA10,protocol response criteria (compiled thresholds)
S0026,TRGRESP,PR,616,TA11,protocol response criteria (compiled thresholds)
S0026,NTRGRESP,NONE,616,TA11,protocol response criteria (compiled thresholds)
S0026,NEWLPROG,N,616,TA11,protocol response criteria (compiled thresholds)
S0026,OVRLRESP,PR,616,TA11,protocol response criteria (compiled thresholds)
S0026,TRGRESP,PR,672,TA12,protocol response criteria (compiled thresholds)
S0026,NTRGRESP,NONE,672,TA12,protocol response criteria (compiled thresholds)
S0026,NEWLPROG,N,672,TA12,protocol response criteria (compiled thresholds)
S0026,OVRLRESP,PR,672,TA12,protocol response criteria (compiled thresholds)
S0026,TRGRESP,PR,728,TA13,protocol response criteria (compiled thresholds)
S0026,NTRGRESP,NONE,728,TA13,protocol response criteria (compiled thresholds)
S0026,NEWLPROG,N,728,TA13,protocol response criteria (compiled thresholds)
S0026,OVRLRESP,PR,728,TA13,protocol response criteria (compiled thresholds)
S0027,TRGRESP,SD,56,TA1,protocol response criteria (compiled thresholds)
S0027,NTRGRESP,NON-CR/NON-PD,56,TA1,protocol response criteria (compiled thresholds)
S0027,NEWLPROG,N,56,TA1,protocol response criteria (compiled thresholds)
S0027,OVRLRESP,SD,56,TA1,protocol response criteria (compiled thresholds)
S0027,TRGRESP,SD,112,TA2,protocol response criteria (compiled thresholds)
S0027,NTRGRESP,NON-CR/NON-PD,112,TA2,protocol response criteria (compiled thresholds)
S0027,NEWLPROG,N,112,TA2,protocol response criteria (compiled thresholds)
S0027,OVRLRESP,SD,112,TA2,protocol response criteria (compiled thresholds)
S0027,TRGRESP,SD,168,TA3,protocol response criteria (compiled thresholds)
S0027,NTRGRESP,NON-CR/NON-PD,168,TA3,protocol response criteria (compiled thresholds)
S0027,NEWLPROG,N,168,TA3,protocol response criteria (compiled thresholds)
S0027,OVRLRESP,SD,168,TA3,protocol response criteria (compiled thresholds)
S0027,TRGRESP,SD,224,TA4,protocol response criteria (compiled thresholds)
S0027,NTRGRESP,NON-CR/NON-PD,224,TA4,protocol response criteria (compiled thresholds)
S0027,NEWLPROG,N,224,TA4,protocol response criteria (compiled thresholds)
S0027,OVRLRESP,SD,224,TA4,protocol response criteria (compiled thresholds)
S0027,TRGRESP,SD,280,TA5,protocol response criteria (compiled thresholds)
S0027,NTRGRESP,NON-CR/NON-PD,280,TA5,protocol response criteria (compiled thresholds)
S0027,NEWLPROG,N,280,TA5,protocol response criteria (compiled thresholds)
S0027,OVRLRESP,SD,280,TA5,protocol response criteria (compiled thresholds)
S0027,TRGRESP,SD,336,TA6,protocol response criteria (compiled thresholds)
S0027,NTRGRESP,NON-CR/NON-PD,336,TA6,protocol response criteria (compiled thresholds)
S0027,NEWLPROG,N,336,TA6,protocol response criteria (compiled thresholds)
S0027,OVRLRESP,SD,336,TA6,protocol response criteria (compiled thresholds)
S0027,TRGRESP,SD,392,TA7,protocol response criteria (compiled thresholds)
S0027,NTRGRESP,NON-CR/NON-PD,392,TA7,protocol response criteria (compiled thresholds)
S0027,NEWLPROG,N,392,TA7,protocol response criteria (compiled thresholds)
S0027,OVRLRESP,SD,392,TA7,protocol response criteria (compiled thresholds)
S0027,TRGRESP,SD,448,TA8,protocol response criteria (compiled thresholds)
S0027,NTRGRESP,NON-CR/NON-PD,448,TA8,protocol response criteria (compiled thresholds)
S0027,NEWLPROG,N,448,TA8,protocol response criteria (compiled thresholds)
S0027,OVRLRESP,SD,448,TA8,protocol response criteria (compiled thresholds)
S0027,TRGRESP,SD,504,TA9,protocol response criteria (compiled thresholds)
S0027,NTRGRESP,NON-CR/NON-PD,504,TA9,protocol response criteria (compiled thresholds)
S0027,NEWLPROG,N,504,TA9,protocol response criteria (compiled thresholds)
S0027,OVRLRESP,SD,504,TA9,protocol response criteria (compiled thresholds)
S0027,TRGRESP,SD,560,TA10,protocol response criteria (compiled thresholds)
S0027,NTRGRESP,NON-CR/NON-PD,560,TA10,protocol response criteria (compiled thresholds)
S0027,NEWLPROG,N,560,TA10,protocol response criteria (compiled thresholds)
S0027,OVRLRESP,SD,560,TA10,protocol response criteria (compiled thresholds)
S0027,TRGRESP,SD,616,TA11,protocol response criteria (compiled thresholds)
S0027,NTRGRESP,NON-CR/NON-PD,616,TA11,protocol response criteria (compiled thresholds)
S0027,NEWLPROG,N,616,TA11,protocol response criteria (compiled thresholds)
S0027,OVRLRESP,SD,616,TA11,protocol response criteria (compiled thresholds)
S0027,TRGRESP,SD,672,TA12,protocol response criteria (compiled thresholds)
S0027,NTRGRESP,NON-CR/NON-PD,672,TA12,protocol response criteria (compiled thresholds)
S0027,NEWLPROG,N,672,TA12,protocol response criteria (compiled thresholds)
S0027,OVRLRESP,SD,672,TA12,protocol response criteria (compiled thresholds)
S0027,TRGRESP,SD,728,TA13,protocol response criteria (compiled thresholds)
S0027,NTRGRESP,NON-CR/NON-PD,728,TA13,protocol response criteria (compiled thresholds)
S0027,NEWLPROG,N,728,TA13,protocol response criteria (compiled thresholds)
S0027,OVRLRESP,SD,728,TA13,protocol response criteria (compiled thresholds)
S0027,TRGRESP,SD,784,TA14,protocol response criteria (compiled thresholds)
S0027,NTRGRESP,NON-CR/NON-PD,784,TA14,protocol response criteria (compiled thresholds)
S0027,NEWLPROG,N,784,TA14,protocol response criteria (compiled thresholds)
S0027,OVRLRESP,SD,784,TA14,protocol response criteria (compiled thresholds)
S0027,TRGRESP,SD,840,TA15,protocol response criteria (compiled thresholds)
S0027,NTRGRESP,NON-CR/NON-PD,840,TA15,protocol response criteria (compiled thresholds)
S0027,NEWLPROG,N,840,TA15,protocol response criteria (compiled thresholds)
S0027,OVRLRESP,SD,840,TA15,protocol response criteria (compiled thresholds)
S0027,TRGRESP,SD,896,TA16,protocol response criteria (compiled thresholds)
S0027,NTRGRESP,NON-CR/NON-PD,896,TA16,protocol response criteria (compiled thresholds)
S0027,NEWLPROG,N,896,TA16,protocol response criteria (compiled thresholds)
S0027,OVRLRESP,SD,896,TA16,protocol response criteria (compiled thresholds)
S0027,TRGRESP,SD,952,TA17,protocol response criteria (compiled thresholds)
S0027,NTRGRESP,NON-CR/NON-PD,952,TA17,protocol response criteria (compiled thresholds)
S0027,NEWLPROG,N,952,TA17,protocol response criteria (compiled thresholds)
S0027,OVRLRESP,SD,952,TA17,protocol response criteria (compiled thresholds)
S0027,TRGRESP,SD,1008,TA18,protocol response criteria (compiled thresholds)
S0027,NTRGRESP,NON-CR/NON-PD,1008,TA18,protocol response criteria (compiled thresholds)
S0027,NEWLPROG,N,1008,TA18,protocol response criteria (compiled thresholds)
S0027,OVRLRESP,SD,1008,TA18,protocol response criteria (compiled thresholds)
S0027,TRGRESP,SD,1064,TA19,protocol response criteria (compiled thresholds)
S0027,NTRGRESP,NON-CR/NON-PD,1064,TA19,protocol response criteria (compiled thresholds)
S0027,NEWLPROG,N,1064,TA19,protocol response criteria (compiled thresholds)
S0027,OVRLRESP,SD,1064,TA19,protocol response criteria (compiled thresholds)
S0027,TRGRESP,SD,1120,TA20,protocol response criteria (compiled thresholds)
S0027,NTRGRESP,NON-CR/NON-PD,1120,TA20,protocol response criteria (compiled thresholds)
S0027,NEWLPROG,N,1120,TA20,protocol response criteria (compiled thresholds)
S0027,OVRLRESP,SD,1120,TA20,protocol response criteria (compiled thresholds)
S0027,TRGRESP,SD,1176,TA21,protocol response criteria (compiled thresholds)
S0027,NTRGRESP,NON-CR/NON-PD,1176,TA21,protocol response criteria (compiled thresholds)
S0027,NEWLPROG,N,1176,TA21,protocol response criteria (compiled thresholds)
S0027,OVRLRESP,SD,1176,TA21,protocol response criteria (compiled thresholds)
S0027,TRGRESP,SD,1232,TA22,protocol response criteria (compiled thresholds)
S0027,NTRGRESP,NON-CR/NON-PD,1232,TA22,protocol response criteria (compiled thresholds)
S0027,NEWLPROG,N,1232,TA22,protocol response criteria (compiled thresholds)
S0027,OVRLRESP,SD,1232,TA22,protocol response criteria (compiled thresholds)
S0027,TRGRESP,SD,1288,TA23,protocol response criteria (compiled thresholds)
S0027,NTRGRESP,NON-CR/NON-PD,1288,TA23,protocol response criteria (compiled thresholds)
S0027,NEWLPROG,N,1288,TA23,protocol response criteria (compiled thresholds)
S0027,OVRLRESP,SD,1288,TA23,protocol response criteria (compiled thresholds)
S0027,TRGRESP,SD,1344,TA24,protocol response criteria (compiled thresholds)
S0027,NTRGRESP,NON-CR/NON-PD,1344,TA24,protocol response criteria (compiled thresholds)
S0027,NEWLPROG,N,1344,TA24,protocol response criteria (compiled thresholds)
S0027,OVRLRESP,SD,1344,TA24,protocol response criteria (compiled thresholds)
S0027,TRGRESP,SD,1400,TA25,protocol response criteria (compiled thresholds)
S0027,NTRGRESP,NON-CR/NON-PD,1400,TA25,protocol response criteria (compiled thresholds)
S0027,NEWLPROG,N,1400,TA25,protocol response criteria (compiled thresholds)
S0027,OVRLRESP,SD,1400,TA25,protocol response criteria (compiled thresholds)
S0027,TRGRESP,SD,1456,TA26,protocol response criteria (compiled thresholds)
S0027,NTRGRESP,NON-CR/NON-PD,1456,TA26,protocol response criteria (compiled thresholds)
S0027,NEWLPROG,N,1456,TA26,protocol response criteria (compiled thresholds)
S0027,OVRLRESP,SD,1456,TA26,protocol response criteria (compiled thresholds)
S0027,TRGRESP,SD,1512,TA27,protocol response criteria (compiled thresholds)
S0027,NTRGRESP,NON-CR/NON-PD,1512,TA27,protocol response criteria (compiled thresholds)
S0027,NEWLPROG,N,1512,TA27,protocol response criteria (compiled thresholds)
S0027,OVRLRESP,SD,1512,TA27,protocol response criteria (compiled thresholds)
S0027,TRGRESP,SD,1568,TA28,protocol response criteria (compiled thresholds)
S0027,NTRGRESP,NON-CR/NON-PD,1568,TA28,protocol response criteria (compiled thresholds)
S0027,NEWLPROG,N,1568,TA28,protocol response criteria (compiled thresholds)
S0027,OVRLRESP,SD,1568,TA28,protocol response criteria (compiled thresholds)
S0027,TRGRESP,SD,1624,TA29,protocol response criteria (compiled thresholds)
S0027,NTRGRESP,NON-CR/NON-PD,1624,TA29,protocol response criteria (compiled thresholds)
S0027,NEWLPROG,N,1624,TA29,protocol response criteria (compiled thresholds)
S0027,OVRLRESP,SD,1624,TA29,protocol response criteria (compiled thresholds)
S0027,TRGRESP,SD,1680,TA30,protocol response criteria (compiled thresholds)
S0027,NTRGRESP,NON-CR/NON-PD,1680,TA30,protocol response criteria (compiled thresholds)
S0027,NEWLPROG,N,1680,TA30,protocol response criteria (compiled thresholds)
S0027,OVRLRESP,SD,1680,TA30,protocol response criteria (compiled thresholds)
S0027,TRGRESP,SD,1736,TA31,protocol response criteria (compiled thresholds)
S0027,NTRGRESP,NON-CR/NON-PD,1736,TA31,protocol response criteria (compiled thresholds)
S0027,NEWLPROG,N,1736,TA31,protocol response criteria (compiled thresholds)
S0027,OVRLRESP,SD,1736,TA31,protocol response criteria (compiled thresholds)
S0027,TRGRESP,SD,1792,TA32,protocol response criteria (compiled thresholds)
S0027,NTRGRESP,NON-CR/NON-PD,1792,TA32,protocol response criteria (compiled thresholds)
S0027,NEWLPROG,N,1792,TA32,protocol response criteria (compiled thresholds)
S0027,OVRLRESP,SD,1792,TA32,protocol response criteria (compiled thresholds)
S0027,TRGRESP,SD,1848,TA33,protocol response criteria (compiled thresholds)
S0027,NTRGRESP,NON-CR/NON-PD,1848,TA33,protocol response criteria (compiled thresholds)
S0027,NEWLPROG,N,1848,TA33,protocol response criteria (compiled thresholds)
S0027,OVRLRESP,SD,1848,TA33,protocol response criteria (compiled thresholds)
S0027,TRGRESP,SD,1904,TA34,protocol response criteria (compiled thresholds)
S0027,NTRGRESP,NON-CR/NON-PD,1904,TA34,protocol response criteria (compiled thresholds)
S0027,NEWLPROG,N,1904,TA34,protocol response criteria (compiled thresholds)
S0027,OVRLRESP,SD,1904,TA34,protocol response criteria (compiled thresholds)
S0027,TRGRESP,SD,1960,TA35,protocol response criteria (compiled thresholds)
S0027,NTRGRESP,NON-CR/NON-PD,1960,TA35,protocol response criteria (compiled thresholds)
S0027,NEWLPROG,N,1960,TA35,protocol response criteria (compiled thresholds)
S0027,OVRLRESP,SD,1960,TA35,protocol response criteria (compiled thresholds)
S0027,TRGRESP,SD,2016,TA36,protocol response criteria (compiled thresholds)
S0027,NTRGRESP,NON-CR/NON-PD,2016,TA36,protocol response criteria (compiled thresholds)
S0027,NEWLPROG,N,2016,TA36,protocol response criteria (compiled thresholds)
S0027,OVRLRESP,SD,2016,TA36,protocol response criteria (compiled thresholds)
S0027,TRGRESP,SD,2072,TA37,protocol response criteria (compiled thresholds)
S0027,NTRGRESP,NON-CR/NON-PD,2072,TA37,protocol response criteria (compiled thresholds)
S0027,NEWLPROG,N,2072,TA37,protocol response criteria (compiled thresholds)
S0027,OVRLRESP,SD,2072,TA37,protocol response criteria (compiled thresholds)
S0027,TRGRESP,SD,2128,TA38,protocol response criteria (compiled thresholds)
S0027,NTRGRESP,NON-CR/NON-PD,2128,TA38,protocol response criteria (compiled thresholds)
S0027,NEWLPROG,N,2128,TA38,protocol response criteria (compiled thresholds)
S0027,OVRLRESP,SD,2128,TA38,protocol response criteria (compiled thresholds)
S0027,TRGRESP,SD,2184,TA39,protocol response criteria (compiled thresholds)
S0027,NTRGRESP,NON-CR/NON-PD,2184,TA39,protocol response criteria (compiled thresholds)
S0027,NEWLPROG,Y,2184,TA39,protocol response criteria (compiled thresholds)
S0027,OVRLRESP,PD,2184,TA39,protocol response criteria (compiled thresholds)
S0028,TRGRESP,PR,56,TA1,protocol response criteria (compiled thresholds)
S0028,NTRGRESP,NON-CR/NON-PD,56,TA1,protocol response criteria (compiled thresholds)
S0028,NEWLPROG,N,56,TA1,protocol response criteria (compiled thresholds)
S0028,OVRLRESP,PR,56,TA1,protocol response criteria (compiled thresholds)
S0028,TRGRESP,PR,112,TA2,protocol response criteria (compiled thresholds)
S0028,NTRGRESP,NON-CR/NON-PD,112,TA2,protocol response criteria (compiled thresholds)
S0028,NEWLPROG,N,112,TA2,protocol response criteria (compiled thresholds)
S0028,OVRLRESP,PR,112,TA2,protocol response criteria (compiled thresholds)
S0028,TRGRESP,PR,168,TA3,protocol response criteria (compiled thresholds)
S0028,NTRGRESP,NON-CR/NON-PD,168,TA3,protocol response criteria (compiled thresholds)
S0028,NEWLPROG,N,168,TA3,protocol response criteria (compiled thresholds)
S0028,OVRLRESP,PR,168,TA3,protocol response criteria (compiled thresholds)
S0028,TRGRESP,PR,224,TA4,protocol response criteria (compiled thresholds)
S0028,NTRGRESP,NON-CR/NON-PD,224,TA4,protocol response criteria (compiled thresholds)
S0028,NEWLPROG,N,224,TA4,protocol response criteria (compiled thresholds)
S0028,OVRLRESP,PR,224,TA4,protocol response criteria (compiled thresholds)
S0028,TRGRESP,PR,280,TA5,protocol response criteria (compiled thresholds)
S0028,NTRGRESP,NON-CR/NON-PD,280,TA5,protocol response criteria (compiled thresholds)
S0028,NEWLPROG,N,280,TA5,protocol response criteria (compiled thresholds)
S0028,OVRLRESP,PR,280,TA5,protocol response criteria (compiled thresholds)
S0028,TRGRESP,PR,336,TA6,protocol response criteria (compiled thresholds)
S0028,NTRGRESP,NON-CR/NON-PD,336,TA6,protocol response criteria (compiled thresholds)
S0028,NEWLPROG,N,336,TA6,protocol response criteria (compiled thresholds)
S0028,OVRLRESP,PR,336,TA6,protocol response criteria (compiled thresholds)
S0028,TRGRESP,PR,392,TA7,protocol response criteria (compiled thresholds)
S0028,NTRGRESP,NON-CR/NON-PD,392,TA7,protocol response criteria (compiled thresholds)
S0028,NEWLPROG,N,392,TA7,protocol response criteria (compiled thresholds)
S0028,OVRLRESP,PR,392,TA7,protocol response criteria (compiled thresholds)
S0028,TRGRESP,PR,448,TA8,protocol response criteria (compiled thresholds)
S0028,NTRGRESP,NON-CR/NON-PD,448,TA8,protocol response criteria (compiled thresholds)
S0028,NEWLPROG,N,448,TA8,protocol response criteria (compiled thresholds)
S0028,OVRLRESP,PR,448,TA8,protocol response criteria (compiled thresholds)
S0028,TRGRESP,PR,504,TA9,protocol response criteria (compiled thresholds)
S0028,NTRGRESP,NON-CR/NON-PD,504,TA9,protocol response criteria (compiled thresholds)
S0028,NEWLPROG,N,504,TA9,protocol response criteria (compiled thresholds)
S0028,OVRLRESP,PR,504,TA9,protocol response criteria (compiled thresholds)
S0028,TRGRESP,PR,560,TA10,protocol response criteria (compiled thresholds)
S0028,NTRGRESP,NON-CR/NON-PD,560,TA10,protocol response criteria (compiled thresholds)
S0028,NEWLPROG,N,560,TA10,protocol response criteria (compiled thresholds)
S0028,OVRLRESP,PR,560,TA10,protocol response criteria (compiled thresholds)
S0028,TRGRESP,PR,616,TA11,protocol response criteria (compiled thresholds)
S0028,NTRGRESP,NON-CR/NON-PD,616,TA11,protocol response criteria (compiled thresholds)
S0028,NEWLPROG,N,616,TA11,protocol response criteria (compiled thresholds)
S0028,OVRLRESP,PR,616,TA11,protocol response criteria (compiled thresholds)
S0028,TRGRESP,PR,672,TA12,protocol response criteria (compiled thresholds)
S0028,NTRGRESP,NON-CR/NON-PD,672,TA12,protocol response criteria (compiled thresholds)
S0028,NEWLPROG,N,672,TA12,protocol response criteria (compiled thresholds)
S0028,OVRLRESP,PR,672,TA12,protocol response criteria (compiled thresholds)
S0028,TRGRESP,PR,728,TA13,protocol response criteria (compiled thresholds)
S0028,NTRGRESP,NON-CR/NON-PD,728,TA13,protocol response criteria (compiled thresholds)
S0028,NEWLPROG,N,728,TA13,protocol response criteria (compiled thresholds)
S0028,OVRLRESP,PR,728,TA13,protocol response criteria (compiled thresholds)
S0028,TRGRESP,PR,784,TA14,protocol response criteria (compiled thresholds)
S0028,NTRGRESP,NON-CR/NON-PD,784,TA14,protocol response criteria (compiled thresholds)
S0028,NEWLPROG,N,784,TA14,protocol response criteria (compiled thresholds)
S0028,OVRLRESP,PR,784,TA14,protocol response criteria (compiled thresholds)
S0028,TRGRESP,PR,840,TA15,protocol response criteria (compiled thresholds)
S0028,NTRGRESP,NON-CR/NON-PD,840,TA15,protocol response criteria (compiled thresholds)
S0028,NEWLPROG,N,840,TA15,protocol response criteria (compiled thresholds)
S0028,OVRLRESP,PR,840,TA15,protocol response criteria (compiled thresholds)
S0029,TRGRESP,SD,56,TA1,protocol response criteria (compiled thresholds)
S0029,NTRGRESP,NON-CR/NON-PD,56,TA1,protocol response criteria (compiled thresholds)
S0029,NEWLPROG,N,56,TA1,protocol response criteria (compiled thresholds)
S0029,OVRLRESP,SD,56,TA1,protocol response criteria (compiled thresholds)
S0029,TRGRESP,SD,112,TA2,protocol response criteria (compiled thresholds)
S0029,NTRGRESP,NON-CR/NON-PD,112,TA2,protocol response criteria (compiled thresholds)
S0029,NEWLPROG,N,112,TA2,protocol response criteria (compiled thresholds)
S0029,OVRLRESP,SD,112,TA2,protocol response criteria (compiled thresholds)
S0029,TRGRESP,PD,168,TA3,protocol response criteria (compiled thresholds)
S0029,NTRGRESP,NON-CR/NON-PD,168,TA3,protocol response criteria (compiled thresholds)
S0029,NEWLPROG,N,168,TA3,protocol response criteria (compiled thresholds)
S0029,OVRLRESP,PD,168,TA3,protocol response criteria (compiled thresholds)
S0030,TRGRESP,SD,56,TA1,protocol response criteria (compiled thresholds)
S0030,NTRGRESP,NON-CR/NON-PD,56,TA1,protocol response criteria (compiled thresholds)
S0030,NEWLPROG,N,56,TA1,protocol response criteria (compiled thresholds)
S0030,OVRLRESP,SD,56,TA1,protocol response criteria (compiled thresholds)
S0030,TRGRESP,SD,112,TA2,protocol response criteria (compiled thresholds)
S0030,NTRGRESP,NON-CR/NON-PD,112,TA2,protocol response criteria (compiled thresholds)
S0030,NEWLPROG,N,112,TA2,protocol response criteria (compiled thresholds)
S0030,OVRLRESP,SD,112,TA2,protocol response criteria (compiled thresholds)
S0030,TRGRESP,SD,168,TA3,protocol response criteria (compiled thresholds)
S0030,NTRGRESP,NON-CR/NON-PD,168,TA3,protocol response criteria (compiled thresholds)
S0030,NEWLPROG,N,168,TA3,protocol response criteria (compiled thresholds)
S0030,OVRLRESP,SD,168,TA3,protocol response criteria (compiled thresholds)
S0030,TRGRESP,SD,224,TA4,protocol response criteria (compiled thresholds)
S0030,NTRGRESP,NON-CR/NON-PD,224,TA4,protocol response criteria (compiled thresholds)
S0030,NEWLPROG,N,224,TA4,protocol response criteria (compiled thresholds)
S0030,OVRLRESP,SD,224,TA4,protocol response criteria (compiled thresholds)
S0030,TRGRESP,SD,280,TA5,protocol response criteria (compiled thresholds)
S0030,NTRGRESP,NON-CR/NON-PD,280,TA5,protocol response criteria (compiled thresholds)
S0030,NEWLPROG,N,280,TA5,protocol response criteria (compiled thresholds)
S0030,OVRLRESP,SD,280,TA5,protocol response criteria (compiled thresholds)
S0030,TRGRESP,PD,336,TA6,protocol response criteria (compiled thresholds)
S0030,NTRGRESP,NON-CR/NON-PD,336,TA6,protocol response criteria (compiled thresholds)
S0030,NEWLPROG,N,336,TA6,protocol response criteria (compiled thresholds)
S0030,OVRLRESP,PD,336,TA6,protocol response criteria (compiled thresholds)
S0031,TRGRESP,SD,56,TA1,protocol response criteria (compiled thresholds)
S0031,NTRGRESP,NON-CR/NON-PD,56,TA1,protocol response criteria (compiled thresholds)
S0031,NEWLPROG,N,56,TA1,protocol response criteria (compiled thresholds)
S0031,OVRLRESP,SD,56,TA1,protocol response criteria (compiled thresholds)
S0031,TRGRESP,SD,112,TA2,protocol response criteria (compiled thresholds)
S0031,NTRGRESP,NON-CR/NON-PD,112,TA2,protocol response criteria (compiled thresholds)
S0031,NEWLPROG,N,112,TA2,protocol response criteria (compiled thresholds)
S0031,OVRLRESP,SD,112,TA2,protocol response criteria (compiled thresholds)
S0031,TRGRESP,SD,168,TA3,protocol response criteria (compiled thresholds)
S0031,NTRGRESP,NON-CR/NON-PD,168,TA3,protocol response criteria (compiled thresholds)
S0031,NEWLPROG,N,168,TA3,protocol response criteria (compiled thresholds)
S0031,OVRLRESP,SD,168,TA3,protocol response criteria (compiled thresholds)
S0031,TRGRESP,SD,224,TA4,protocol response criteria (compiled thresholds)
S0031,NTRGRESP,NON-CR/NON-PD,224,TA4,protocol response criteria (compiled thresholds)
S0031,NEWLPROG,N,224,TA4,protocol response criteria (compiled thresholds)
S0031,OVRLRESP,SD,224,TA4,protocol response criteria (compiled thresholds)
S0032,TRGRESP,PR,56,TA1,protocol response criteria (compiled thresholds)
S0032,NTRGRESP,NON-CR/NON-PD,56,TA1,protocol response criteria (compiled thresholds)
S0032,NEWLPROG,N,56,TA1,protocol response criteria (compiled thresholds)
S0032,OVRLRESP,PR,56,TA1,protocol response criteria (compiled thresholds)
S0032,TRGRESP,PR,112,TA2,protocol response criteria (compiled thresholds)
S0032,NTRGRESP,NON-CR/NON-PD,112,TA2,protocol response criteria (compiled thresholds)
S0032,NEWLPROG,N,112,TA2,protocol response criteria (compiled thresholds)
S0032,OVRLRESP,PR,112,TA2,protocol response criteria (compiled thresholds)
S0032,TRGRESP,PR,168,TA3,protocol response criteria (compiled thresholds)
S0032,NTRGRESP,NON-CR/NON-PD,168,TA3,protocol response criteria (compiled thresholds)
S0032,NEWLPROG,N,168,TA3,protocol response criteria (compiled thresholds)
S0032,OVRLRESP,PR,168,TA3,protocol response criteria (compiled thresholds)
S0032,TRGRESP,PR,224,TA4,protocol response criteria (compiled thresholds)
S0032,NTRGRESP,NON-CR/NON-PD,224,TA4,protocol response criteria (compiled thresholds)
S0032,NEWLPROG,N,224,TA4,protocol response criteria (compiled thresholds)
S0032,OVRLRESP,PR,224,TA4,protocol response criteria (compiled thresholds)
S0032,TRGRESP,PR,280,TA5,protocol response criteria (compiled thresholds)
S0032,NTRGRESP,NON-CR/NON-PD,280,TA5,protocol response criteria (compiled thresholds)
S0032,NEWLPROG,N,280,TA5,protocol response criteria (compiled thresholds)
S0032,OVRLRESP,PR,280,TA5,protocol response criteria (compiled thresholds)
S0032,TRGRESP,PR,336,TA6,protocol response criteria (compiled thresholds)
S0032,NTRGRESP,NON-CR/NON-PD,336,TA6,protocol response criteria (compiled thresholds)
S0032,NEWLPROG,N,336,TA6,protocol response criteria (compiled thresholds)
S0032,OVRLRESP,PR,336,TA6,protocol response criteria (compiled thresholds)
S0032,TRGRESP,PR,392,TA7,protocol response criteria (compiled thresholds)
S0032,NTRGRESP,NON-CR/NON-PD,392,TA7,protocol response criteria (compiled thresholds)
S0032,NEWLPROG,N,392,TA7,protocol response criteria (compiled thresholds)
S0032,OVRLRESP,PR,392,TA7,protocol response criteria (compiled thresholds)
S0032,TRGRESP,PR,448,TA8,protocol response criteria (compiled thresholds)
S0032,NTRGRESP,NON-CR/NON-PD,448,TA8,protocol response criteria (compiled thresholds)
S0032,NEWLPROG,N,448,TA8,protocol response criteria (compiled thresholds)
S0032,OVRLRESP,PR,448,TA8,protocol response criteria (compiled thresholds)
S0032,TRGRESP,PR,504,TA9,protocol response criteria (compiled thresholds)
S0032,NTRGRESP,NON-CR/NON-PD,504,TA9,protocol response criteria (compiled thresholds)
S0032,NEWLPROG,N,504,TA9,protocol response criteria (compiled thresholds)
S0032,OVRLRESP,PR,504,TA9,protocol response criteria (compiled thresholds)
S0032,TRGRESP,PR,560,TA10,protocol response criteria (compiled thresholds)
S0032,NTRGRESP,NON-CR/NON-PD,560,TA10,protocol response criteria (compiled thresholds)
S0032,NEWLPROG,N,560,TA10,protocol response criteria (compiled thresholds)
S0032,OVRLRESP,PR,560,TA10,protocol response criteria (compiled thresholds)
S0032,TRGRESP,PR,616,TA11,protocol response criteria (compiled thresholds)
S0032,NTRGRESP,NON-CR/NON-PD,616,TA11,protocol response criteria (compiled thresholds)
S0032,NEWLPROG,N,616,TA11,protocol response criteria (compiled thresholds)
S0032,OVRLRESP,PR,616,TA11,protocol response criteria (compiled thresholds)
S0032,TRGRESP,PR,672,TA12,protocol response criteria (compiled thresholds)
S0032,NTRGRESP,NON-CR/NON-PD,672,TA12,protocol response criteria (compiled thresholds)
S0032,NEWLPROG,N,672,TA12,protocol response criteria (compiled thresholds)
S0032,OVRLRESP,PR,672,TA12,protocol response criteria (compiled thresholds)
S0032,TRGRESP,PR,728,TA13,protocol response criteria (compiled thresholds)
S0032,NTRGRESP,NON-CR/NON-PD,728,TA13,protocol response criteria (compiled thresholds)
S0032,NEWLPROG,N,728,TA13,protocol response criteria (compiled thresholds)
S0032,OVRLRESP,PR,728,TA13,protocol response criteria (compiled thresholds)
S0032,TRGRESP,PR,784,TA14,protocol response criteria (compiled thresholds)
S0032,NTRGRESP,NON-CR/NON-PD,784,TA14,protocol response criteria (compiled thresholds)
S0032,NEWLPROG,N,784,TA14,protocol response criteria (compiled thresholds)
S0032,OVRLRESP,PR,784,TA14,protocol response criteria (compiled thresholds)
S0032,TRGRESP,PR,840,TA15,protocol response criteria (compiled thresholds)
S0032,NTRGRESP,NON-CR/NON-PD,840,TA15,protocol response criteria (compiled thresholds)
S0032,NEWLPROG,N,840,TA15,protocol response criteria (compiled thresholds)
S0032,OVRLRESP,PR,840,TA15,protocol response criteria (compiled thresholds)
S0032,TRGRESP,PR,896,TA16,protocol response criteria (compiled thresholds)
S0032,NTRGRESP,NON-CR/NON-PD,896,TA16,protocol response criteria (compiled thresholds)
S0032,NEWLPROG,N,896,TA16,protocol response criteria (compiled thresholds)
S0032,OVRLRESP,PR,896,TA16,protocol response criteria (compiled thresholds)
S0032,TRGRESP,PR,952,TA17,protocol response criteria (compiled thresholds)
S0032,NTRGRESP,NON-CR/NON-PD,952,TA17,protocol response criteria (compiled thresholds)
S0032,NEWLPROG,N,952,TA17,protocol response criteria (compiled thresholds)
S0032,OVRLRESP,PR,952,TA17,protocol response criteria (compiled thresholds)
S0032,TRGRESP,PR,1008,TA18,protocol response criteria (compiled thresholds)
S0032,NTRGRESP,NON-CR/NON-PD,1008,TA18,protocol response criteria (compiled thresholds)
S0032,NEWLPROG,N,1008,TA18,protocol response criteria (compiled thresholds)
S0032,OVRLRESP,PR,1008,TA18,protocol response criteria (compiled thresholds)
S0032,TRGRESP,PR,1064,TA19,protocol response criteria (compiled thresholds)
S0032,NTRGRESP,NON-CR/NON-PD,1064,TA19,protocol response criteria (compiled thresholds)
S0032,NEWLPROG,N,1064,TA19,protocol response criteria (compiled thresholds)
S0032,OVRLRESP,PR,1064,TA19,protocol response criteria (compiled thresholds)
S0032,TRGRESP,PR,1120,TA20,protocol response criteria (compiled thresholds)
S0032,NTRGRESP,NON-CR/NON-PD,1120,TA20,protocol response criteria (compiled thresholds)
S0032,NEWLPROG,N,1120,TA20,protocol response criteria (compiled thresholds)
S0032,OVRLRESP,PR,1120,TA20,protocol response criteria (compiled thresholds)
S0032,TRGRESP,PR,1176,TA21,protocol response criteria (compiled thresholds)
S0032,NTRGRESP,NON-CR/NON-PD,1176,TA21,protocol response criteria (compiled thresholds)
S0032,NEWLPROG,N,1176,TA21,protocol response criteria (compiled thresholds)
S0032,OVRLRESP,PR,1176,TA21,protocol response criteria (compiled thresholds)
S0032,TRGRESP,PR,1232,TA22,protocol response criteria (compiled thresholds)
S0032,NTRGRESP,NON-CR/NON-PD,1232,TA22,protocol response criteria (compiled thresholds)
S0032,NEWLPROG,N,1232,TA22,protocol response criteria (compiled thresholds)
S0032,OVRLRESP,PR,1232,TA22,protocol response criteria (compiled thresholds)
S0032,TRGRESP,PR,1288,TA23,protocol response criteria (compiled thresholds)
S0032,NTRGRESP,NON-CR/NON-PD,1288,TA23,protocol response criteria (compiled thresholds)
S0032,NEWLPROG,N,1288,TA23,protocol response criteria (compiled thresholds)
S0032,OVRLRESP,PR,1288,TA23,protocol response criteria (compiled thresholds)
S0032,TRGRESP,PR,1344,TA24,protocol response criteria (compiled thresholds)
S0032,NTRGRESP,NON-CR/NON-PD,1344,TA24,protocol response criteria (compiled thresholds)
S0032,NEWLPROG,N,1344,TA24,protocol response criteria (compiled thresholds)
S0032,OVRLRESP,PR,1344,TA24,protocol response criteria (compiled thresholds)
S0033,TRGRESP,PR,56,TA1,protocol response criteria (compiled thresholds)
S0033,NTRGRESP,NON-CR/NON-PD,56,TA1,protocol response criteria (compiled thresholds)
S0033,NEWLPROG,N,56,TA1,protocol response criteria (compiled thresholds)
S0033,OVRLRESP,PR,56,TA1,protocol response criteria (compiled thresholds)
S0033,TRGRESP,PR,112,TA2,protocol response criteria (compiled thresholds)
S0033,NTRGRESP,NON-CR/NON-PD,112,TA2,protocol response criteria (compiled thresholds)
S0033,NEWLPROG,N,112,TA2,protocol response criteria (compiled thresholds)
S0033,OVRLRESP,PR,112,TA2,protocol response criteria (compiled thresholds)
S0033,TRGRESP,PR,168,TA3,protocol response criteria (compiled thresholds)
S0033,NTRGRESP,NON-CR/NON-PD,168,TA3,protocol response criteria (compiled thresholds)
S0033,NEWLPROG,N,168,TA3,protocol response criteria (compiled thresholds)
S0033,OVRLRESP,PR,168,TA3,protocol response criteria (compiled thresholds)
S0033,TRGRESP,PR,224,TA4,protocol response criteria (compiled thresholds)
S0033,NTRGRESP,NON-CR/NON-PD,224,TA4,protocol response criteria (compiled thresholds)
S0033,NEWLPROG,N,224,TA4,protocol response criteria (compiled thresholds)
S0033,OVRLRESP,PR,224,TA4,protocol response criteria (compiled thresholds)
S0033,TRGRESP,PR,280,TA5,protocol response criteria (compiled thresholds)
S0033,NTRGRESP,NON-CR/NON-PD,280,TA5,protocol response criteria (compiled thresholds)
S0033,NEWLPROG,N,280,TA5,protocol response criteria (compiled thresholds)
S0033,OVRLRESP,PR,280,TA5,protocol response criteria (compiled thresholds)
S0033,TRGRESP,PR,336,TA6,protocol response criteria (compiled thresholds)
S0033,NTRGRESP,NON-CR/NON-PD,336,TA6,protocol response criteria (compiled thresholds)
S0033,NEWLPROG,N,336,TA6,protocol response criteria (compiled thresholds)
S0033,OVRLRESP,PR,336,TA6,protocol response criteria (compiled thresholds)
S0033,TRGRESP,PR,392,TA7,protocol response criteria (compiled thresholds)
S0033,NTRGRESP,NON-CR/NON-PD,392,TA7,protocol response criteria (compiled thresholds)
S0033,NEWLPROG,N,392,TA7,protocol response criteria (compiled thresholds)
S0033,OVRLRESP,PR,392,TA7,protocol response criteria (compiled thresholds)
S0033,TRGRESP,PR,448,TA8,protocol response criteria (compiled thresholds)
S0033,NTRGRESP,NON-CR/NON-PD,448,TA8,protocol response criteria (compiled thresholds)
S0033,NEWLPROG,N,448,TA8,protocol response criteria (compiled thresholds)
S0033,OVRLRESP,PR,448,TA8,protocol response criteria (compiled thresholds)
S0033,TRGRESP,PR,504,TA9,protocol response criteria (compiled thresholds)
S0033,NTRGRESP,NON-CR/NON-PD,504,TA9,protocol response criteria (compiled thresholds)
S0033,NEWLPROG,N,504,TA9,protocol response criteria (compiled thresholds)
S0033,OVRLRESP,PR,504,TA9,protocol response criteria (compiled thresholds)
S0033,TRGRESP,PR,560,TA10,protocol response criteria (compiled thresholds)
S0033,NTRGRESP,NON-CR/NON-PD,560,TA10,protocol response criteria (compiled thresholds)
S0033,NEWLPROG,N,560,TA10,protocol response criteria (compiled thresholds)
S0033,OVRLRESP,PR,560,TA10,protocol response criteria (compiled thresholds)
S0033,TRGRESP,PR,616,TA11,protocol response criteria (compiled thresholds)
S0033,NTRGRESP,NON-CR/NON-PD,616,TA11,protocol response criteria (compiled thresholds)
S0033,NEWLPROG,N,616,TA11,protocol response criteria (compiled thresholds)
S0033,OVRLRESP,PR,616,TA11,protocol response criteria (compiled thresholds)
S0033,TRGRESP,PR,672,TA12,protocol response criteria (compiled thresholds)
S0033,NTRGRESP,NON-CR/NON-PD,672,TA12,protocol response criteria (compiled thresholds)
S0033,NEWLPROG,N,672,TA12,protocol response criteria (compiled thresholds)
S0033,OVRLRESP,PR,672,TA12,protocol response criteria (compiled thresholds)
S0033,TRGRESP,PR,728,TA13,protocol response criteria (compiled thresholds)
S0033,NTRGRESP,NON-CR/NON-PD,728,TA13,protocol response criteria (compiled thresholds)
S0033,NEWLPROG,N,728,TA13,protocol response criteria (compiled thresholds)
S0033,OVRLRESP,PR,728,TA13,protocol response criteria (compiled thresholds)
S0033,TRGRESP,PR,784,TA14,protocol response criteria (compiled thresholds)
S0033,NTRGRESP,NON-CR/NON-PD,784,TA14,protocol response criteria (compiled thresholds)
S0033,NEWLPROG,N,784,TA14,protocol response criteria (compiled thresholds)
S0033,OVRLRESP,PR,784,TA14,protocol response criteria (compiled thresholds)
S0033,TRGRESP,PR,840,TA15,protocol response criteria (compiled thresholds)
S0033,NTRGRESP,NON-CR/NON-PD,840,TA15,protocol response criteria (compiled thresholds)
S0033,NEWLPROG,N,840,TA15,protocol response criteria (compiled thresholds)
S0033,OVRLRESP,PR,840,TA15,protocol response criteria (compiled thresholds)
S0033,TRGRESP,PR,896,TA16,protocol response criteria (compiled thresholds)
S0033,NTRGRESP,NON-CR/NON-PD,896,TA16,protocol response criteria (compiled thresholds)
S0033,NEWLPROG,N,896,TA16,protocol response criteria (compiled thresholds)
S0033,OVRLRESP,PR,896,TA16,protocol response criteria (compiled thresholds)
S0033,TRGRESP,PR,952,TA17,protocol response criteria (compiled thresholds)
S0033,NTRGRESP,NON-CR/NON-PD,952,TA17,protocol response criteria (compiled thresholds)
S0033,NEWLPROG,N,952,TA17,protocol response criteria (compiled thresholds)
S0033,OVRLRESP,PR,952,TA17,protocol response criteria (compiled thresholds)
S0033,TRGRESP,PR,1008,TA18,protocol response criteria (compiled thresholds)
S0033,NTRGRESP,NON-CR/NON-PD,1008,TA18,protocol response criteria (compiled thresholds)
S0033,NEWLPROG,N,1008,TA18,protocol response criteria (compiled thresholds)
S0033,OVRLRESP,PR,1008,TA18,protocol response criteria (compiled thresholds)
S0033,TRGRESP,PR,1064,TA19,protocol response criteria (compiled thresholds)
S0033,NTRGRESP,NON-CR/NON-PD,1064,TA19,protocol response criteria (compiled thresholds)
S0033,NEWLPROG,N,1064,TA19,protocol response criteria (compiled thresholds)
S0033,OVRLRESP,PR,1064,TA19,protocol response criteria (compiled thresholds)
S0033,TRGRESP,PR,1120,TA20,protocol response criteria (compiled thresholds)
S0033,NTRGRESP,NON-CR/NON-PD,1120,TA20,protocol response criteria (compiled thresholds)
S0033,NEWLPROG,N,1120,TA20,protocol response criteria (compiled thresholds)
S0033,OVRLRESP,PR,1120,TA20,protocol response criteria (compiled thresholds)
S0033,TRGRESP,PR,1176,TA21,protocol response criteria (compiled thresholds)
S0033,NTRGRESP,NON-CR/NON-PD,1176,TA21,protocol response criteria (compiled thresholds)
S0033,NEWLPROG,N,1176,TA21,protocol response criteria (compiled thresholds)
S0033,OVRLRESP,PR,1176,TA21,protocol response criteria (compiled thresholds)
S0033,TRGRESP,PR,1232,TA22,protocol response criteria (compiled thresholds)
S0033,NTRGRESP,NON-CR/NON-PD,1232,TA22,protocol response criteria (compiled thresholds)
S0033,NEWLPROG,N,1232,TA22,protocol response criteria (compiled thresholds)
S0033,OVRLRESP,PR,1232,TA22,protocol response criteria (compiled thresholds)
S0033,TRGRESP,PR,1288,TA23,protocol response criteria (compiled thresholds)
S0033,NTRGRESP,NON-CR/NON-PD,1288,TA23,protocol response criteria (compiled thresholds)
S0033,NEWLPROG,N,1288,TA23,protocol response criteria (compiled thresholds)
S0033,OVRLRESP,PR,1288,TA23,protocol response criteria (compiled thresholds)
S0033,TRGRESP,PR,1344,TA24,protocol response criteria (compiled thresholds)
S0033,NTRGRESP,NON-CR/NON-PD,1344,TA24,protocol response criteria (compiled thresholds)
S0033,NEWLPROG,N,1344,TA24,protocol response criteria (compiled thresholds)
S0033,OVRLRESP,PR,1344,TA24,protocol response criteria (compiled thresholds)
S0033,TRGRESP,PR,1400,TA25,protocol response criteria (compiled thresholds)
S0033,NTRGRESP,NON-CR/NON-PD,1400,TA25,protocol response criteria (compiled thresholds)
S0033,NEWLPROG,N,1400,TA25,protocol response criteria (compiled thresholds)
S0033,OVRLRESP,PR,1400,TA25,protocol response criteria (compiled thresholds)
S0033,TRGRESP,PR,1456,TA26,protocol response criteria (compiled thresholds)
S0033,NTRGRESP,NON-CR/NON-PD,1456,TA26,protocol response criteria (compiled thresholds)
S0033,NEWLPROG,N,1456,TA26,protocol response criteria (compiled thresholds)
S0033,OVRLRESP,PR,1456,TA26,protocol response criteria (compiled thresholds)
S0033,TRGRESP,PR,1512,TA27,protocol response criteria (compiled thresholds)
S0033,NTRGRESP,NON-CR/NON-PD,1512,TA27,protocol response criteria (compiled thresholds)
S0033,NEWLPROG,N,1512,TA27,protocol response criteria (compiled thresholds)
S0033,OVRLRESP,PR,1512,TA27,protocol response criteria (compiled thresholds)
S0033,TRGRESP,PR,1568,TA28,protocol response criteria (compiled thresholds)
S0033,NTRGRESP,NON-CR/NON-PD,1568,TA28,protocol response criteria (compiled thresholds)
S0033,NEWLPROG,N,1568,TA28,protocol response criteria (compiled thresholds)
S0033,OVRLRESP,PR,1568,TA28,protocol response criteria (compiled thresholds)
S0033,TRGRESP,PR,1624,TA29,protocol response criteria (compiled thresholds)
S0033,NTRGRESP,NON-CR/NON-PD,1624,TA29,protocol response criteria (compiled thresholds)
S0033,NEWLPROG,N,1624,TA29,protocol response criteria (compiled thresholds)
S0033,OVRLRESP,PR,1624,TA29,protocol response criteria (compiled thresholds)
S0033,TRGRESP,PR,1680,TA30,protocol response criteria (compiled thresholds)
S0033,NTRGRESP,NON-CR/NON-PD,1680,TA30,protocol response criteria (compiled thresholds)
S0033,NEWLPROG,N,1680,TA30,protocol response criteria (compiled thresholds)
S0033,OVRLRESP,PR,1680,TA30,protocol response criteria (compiled thresholds)
S0033,TRGRESP,PR,1736,TA31,protocol response criteria (compiled thresholds)
S0033,NTRGRESP,NON-CR/NON-PD,1736,TA31,protocol response criteria (compiled thresholds)
S0033,NEWLPROG,N,1736,TA31,protocol response criteria (compiled thresholds)
S0033,OVRLRESP,PR,1736,TA31,protocol response criteria (compiled thresholds)
S0033,TRGRESP,PR,1792,TA32,protocol response criteria (compiled thresholds)
S0033,NTRGRESP,NON-CR/NON-PD,1792,TA32,protocol response criteria (compiled thresholds)
S0033,NEWLPROG,N,1792,TA32,protocol response criteria (compiled thresholds)
S0033,OVRLRESP,PR,1792,TA32,protocol response criteria (compiled thresholds)
S0033,TRGRESP,PR,1848,TA33,protocol response criteria (compiled thresholds)
S0033,NTRGRESP,NON-CR/NON-PD,1848,TA33,protocol response criteria (compiled thresholds)
S0033,NEWLPROG,N,1848,TA33,protocol response criteria (compiled thresholds)
S0033,OVRLRESP,PR,1848,TA33,protocol response criteria (compiled thresholds)
S0033,TRGRESP,PR,1904,TA34,protocol response criteria (compiled thresholds)
S0033,NTRGRESP,NON-CR/NON-PD,1904,TA34,protocol response criteria (compiled thresholds)
S0033,NEWLPROG,N,1904,TA34,protocol response criteria (compiled thresholds)
S0033,OVRLRESP,PR,1904,TA34,protocol response criteria (compiled thresholds)
S0033,TRGRESP,PR,1960,TA35,protocol response criteria (compiled thresholds)
S0033,NTRGRESP,NON-CR/NON-PD,1960,TA35,protocol response criteria (compiled thresholds)
S0033,NEWLPROG,N,1960,TA35,protocol response criteria (compiled thresholds)
S0033,OVRLRESP,PR,1960,TA35,protocol response criteria (compiled thresholds)
S0033,TRGRESP,PR,2016,TA36,protocol response criteria (compiled thresholds)
S0033,NTRGRESP,NON-CR/NON-PD,2016,TA36,protocol response criteria (compiled thresholds)
S0033,NEWLPROG,N,2016,TA36,protocol response criteria (compiled thresholds)
S0033,OVRLRESP,PR,2016,TA36,protocol response criteria (compiled thresholds)
S0033,TRGRESP,PR,2072,TA37,protocol response criteria (compiled thresholds)
S0033,NTRGRESP,NON-CR/NON-PD,2072,TA37,protocol response criteria (compiled thresholds)
S0033,NEWLPROG,N,2072,TA37,protocol response criteria (compiled thresholds)
S0033,OVRLRESP,PR,2072,TA37,protocol response criteria (compiled thresholds)
S0033,TRGRESP,PR,2128,TA38,protocol response criteria (compiled thresholds)
S0033,NTRGRESP,NON-CR/NON-PD,2128,TA38,protocol response criteria (compiled thresholds)
S0033,NEWLPROG,N,2128,TA38,protocol response criteria (compiled thresholds)
S0033,OVRLRESP,PR,2128,TA38,protocol response criteria (compiled thresholds)
S0033,TRGRESP,PR,2184,TA39,protocol response criteria (compiled thresholds)
S0033,NTRGRESP,NON-CR/NON-PD,2184,TA39,protocol response criteria (compiled thresholds)
S0033,NEWLPROG,N,2184,TA39,protocol response criteria (compiled thresholds)
S0033,OVRLRESP,PR,2184,TA39,protocol response criteria (compiled thresholds)
S0033,TRGRESP,PR,2240,TA40,protocol response criteria (compiled thresholds)
S0033,NTRGRESP,NON-CR/NON-PD,2240,TA40,protocol response criteria (compiled thresholds)
S0033,NEWLPROG,N,2240,TA40,protocol response criteria (compiled thresholds)
S0033,OVRLRESP,PR,2240,TA40,protocol response criteria (compiled thresholds)
S0033,TRGRESP,PR,2296,TA41,protocol response criteria (compiled thresholds)
S0033,NTRGRESP,NON-CR/NON-PD,2296,TA41,protocol response criteria (compiled thresholds)
S0033,NEWLPROG,N,2296,TA41,protocol response criteria (compiled thresholds)
S0033,OVRLRESP,PR,2296,TA41,protocol response criteria (compiled thresholds)
S0033,TRGRESP,PR,2352,TA42,protocol response criteria (compiled thresholds)
S0033,NTRGRESP,NON-CR/NON-PD,2352,TA42,protocol response criteria (compiled thresholds)
S0033,NEWLPROG,N,2352,TA42,protocol response criteria (compiled thresholds)
S0033,OVRLRESP,PR,2352,TA42,protocol response criteria (compiled thresholds)
S0033,TRGRESP,PR,2408,TA43,protocol response criteria (compiled thresholds)
S0033,NTRGRESP,NON-CR/NON-PD,2408,TA43,protocol response criteria (compiled thresholds)
S0033,NEWLPROG,N,2408,TA43,protocol response criteria (compiled thresholds)
S0033,OVRLRESP,PR,2408,TA43,protocol response criteria (compiled thresholds)
S0033,TRGRESP,PR,2464,TA44,protocol response criteria (compiled thresholds)
S0033,NTRGRESP,NON-CR/NON-PD,2464,TA44,protocol response criteria (compiled thresholds)
S0033,NEWLPROG,N,2464,TA44,protocol response criteria (compiled thresholds)
S0033,OVRLRESP,PR,2464,TA44,protocol response criteria (compiled thresholds)
S0033,TRGRESP,PR,2520,TA45,protocol response criteria (compiled thresholds)
S0033,NTRGRESP,NON-CR/NON-PD,2520,TA45,protocol response criteria (compiled thresholds)
S0033,NEWLPROG,N,2520,TA45,protocol response criteria (compiled thresholds)
S0033,OVRLRESP,PR,2520,TA45,protocol response criteria (compiled thresholds)
S0033,TRGRESP,PR,2576,TA46,protocol response criteria (compiled thresholds)
S0033,NTRGRESP,NON-CR/NON-PD,2576,TA46,protocol response criteria (compiled thresholds)
S0033,NEWLPROG,N,2576,TA46,protocol response criteria (compiled thresholds)
S0033,OVRLRESP,PR,2576,TA46,protocol response criteria (compiled thresholds)
S0033,TRGRESP,PR,2632,TA47,protocol response criteria (compiled thresholds)
S0033,NTRGRESP,NON-CR/NON-PD,2632,TA47,protocol response criteria (compiled thresholds)
S0033,NEWLPROG,N,2632,TA47,protocol response criteria (compiled thresholds)
S0033,OVRLRESP,PR,2632,TA47,protocol response criteria (compiled thresholds)
S0033,TRGRESP,PR,2688,TA48,protocol response criteria (compiled thresholds)
S0033,NTRGRESP,NON-CR/NON-PD,2688,TA48,protocol response criteria (compiled thresholds)
S0033,NEWLPROG,N,2688,TA48,protocol response criteria (compiled thresholds)
S0033,OVRLRESP,PR,2688,TA48,protocol response criteria (compiled thresholds)
S0033,TRGRESP,PR,2744,TA49,protocol response criteria (compiled thresholds)
S0033,NTRGRESP,NON-CR/NON-PD,2744,TA49,protocol response criteria (compiled thresholds)
S0033,NEWLPROG,N,2744,TA49,protocol response criteria (compiled thresholds)
S0033,OVRLRESP,PR,2744,TA49,protocol response criteria (compiled thresholds)
S0033,TRGRESP,PR,2800,TA50,protocol response criteria (compiled thresholds)
S0033,NTRGRESP,NON-CR/NON-PD,2800,TA50,protocol response criteria (compiled thresholds)
S0033,NEWLPROG,N,2800,TA50,protocol response criteria (compiled thresholds)
S0033,OVRLRESP,PR,2800,TA50,protocol response criteria (compiled thresholds)
S0034,TRGRESP,PR,56,TA1,protocol response criteria (compiled thresholds)
S0034,NTRGRESP,NONE,56,TA1,protocol response criteria (compiled thresholds)
S0034,NEWLPROG,N,56,TA1,protocol response criteria (compiled thresholds)
S0034,OVRLRESP,PR,56,TA1,protocol response criteria (compiled thresholds)
S0034,TRGRESP,CR,112,TA2,protocol response criteria (compiled thresholds)
S0034,NTRGRESP,NONE,112,TA2,protocol response criteria (compiled thresholds)
S0034,NEWLPROG,N,112,TA2,protocol response criteria (compiled thresholds)
S0034,OVRLRESP,CR,112,TA2,protocol response criteria (compiled thresholds)
S0034,TRGRESP,CR,168,TA3,protocol response criteria (compiled thresholds)
S0034,NTRGRESP,NONE,168,TA3,protocol response criteria (compiled thresholds)
S0034,NEWLPROG,N,168,TA3,protocol response criteria (compiled thresholds)
S0034,OVRLRESP,CR,168,TA3,protocol response criteria (compiled thresholds)
S0034,TRGRESP,CR,224,TA4,protocol response criteria (compiled thresholds)
S0034,NTRGRESP,NONE,224,TA4,protocol response criteria (compiled thresholds)
S0034,NEWLPROG,N,224,TA4,protocol response criteria (compiled thresholds)
S0034,OVRLRESP,CR,224,TA4,protocol response criteria (compiled thresholds)
S0034,TRGRESP,CR,280,TA5,protocol response criteria (compiled thresholds)
S0034,NTRGRESP,NONE,280,TA5,protocol response criteria (compiled thresholds)
S0034,NEWLPROG,N,280,TA5,protocol response criteria (compiled thresholds)
S0034,OVRLRESP,CR,280,TA5,protocol response criteria (compiled thresholds)
S0034,TRGRESP,CR,336,TA6,protocol response criteria (compiled thresholds)
S0034,NTRGRESP,NONE,336,TA6,protocol response criteria (compiled thresholds)
S0034,NEWLPROG,N,336,TA6,protocol response criteria (compiled thresholds)
S0034,OVRLRESP,CR,336,TA6,protocol response criteria (compiled thresholds)
S0034,TRGRESP,CR,392,TA7,protocol response criteria (compiled thresholds)
S0034,NTRGRESP,NONE,392,TA7,protocol response criteria (compiled thresholds)
S0034,NEWLPROG,N,392,TA7,protocol response criteria (compiled thresholds)
S0034,OVRLRESP,CR,392,TA7,protocol response criteria (compiled thresholds)
S0034,TRGRESP,CR,448,TA8,protocol response criteria (compiled thresholds)
S0034,NTRGRESP,NONE,448,TA8,protocol response criteria (compiled thresholds)
S0034,NEWLPROG,N,448,TA8,protocol response criteria (compiled thresholds)
S0034,OVRLRESP,CR,448,TA8,protocol response criteria (compiled thresholds)
S0034,TRGRESP,CR,504,TA9,protocol response criteria (compiled thresholds)
S0034,NTRGRESP,NONE,504,TA9,protocol response criteria (compiled thresholds)
S0034,NEWLPROG,N,504,TA9,protocol response criteria (compiled thresholds)
S0034,OVRLRESP,CR,504,TA9,protocol response criteria (compiled thresholds)
S0034,TRGRESP,CR,560,TA10,protocol response criteria (compiled thresholds)
S0034,NTRGRESP,NONE,560,TA10,protocol response criteria (compiled thresholds)
S0034,NEWLPROG,N,560,TA10,protocol response criteria (compiled thresholds)
S0034,OVRLRESP,CR,560,TA10,protocol response criteria (compiled thresholds)
S0034,TRGRESP,CR,616,TA11,protocol response criteria (compiled thresholds)
S0034,NTRGRESP,NONE,616,TA11,protocol response criteria (compiled thresholds)
S0034,NEWLPROG,N,616,TA11,protocol response criteria (compiled thresholds)
S0034,OVRLRESP,CR,616,TA11,protocol response criteria (compiled thresholds)
S0034,TRGRESP,CR,672,TA12,protocol response criteria (compiled thresholds)
S0034,NTRGRESP,NONE,672,TA12,protocol response criteria (compiled thresholds)
S0034,NEWLPROG,N,672,TA12,protocol response criteria (compiled thresholds)
S0034,OVRLRESP,CR,672,TA12,protocol response criteria (compiled thresholds)
S0034,TRGRESP,CR,728,TA13,protocol response criteria (compiled thresholds)
S0034,NTRGRESP,NONE,728,TA13,protocol response criteria (compiled thresholds)
S0034,NEWLPROG,N,728,TA13,protocol response criteria (compiled thresholds)
S0034,OVRLRESP,CR,728,TA13,protocol response criteria (compiled thresholds)
S0034,TRGRESP,CR,784,TA14,protocol response criteria (compiled thresholds)
S0034,NTRGRESP,NONE,784,TA14,protocol response criteria (compiled thresholds)
S0034,NEWLPROG,N,784,TA14,protocol response criteria (compiled thresholds)
S0034,OVRLRESP,CR,784,TA14,protocol response criteria (compiled thresholds)
S0034,TRGRESP,CR,840,TA15,protocol response criteria (compiled thresholds)
S0034,NTRGRESP,NONE,840,TA15,protocol response criteria (compiled thresholds)
S0034,NEWLPROG,N,840,TA15,protocol response criteria (compiled thresholds)
S0034,OVRLRESP,CR,840,TA15,protocol response criteria (compiled thresholds)
S0034,TRGRESP,CR,896,TA16,protocol response criteria (compiled thresholds)
S0034,NTRGRESP,NONE,896,TA16,protocol response criteria (compiled thresholds)
S0034,NEWLPROG,N,896,TA16,protocol response criteria (compiled thresholds)
S0034,OVRLRESP,CR,896,TA16,protocol response criteria (compiled thresholds)
S0034,TRGRESP,CR,952,TA17,protocol response criteria (compiled thresholds)
S0034,NTRGRESP,NONE,952,TA17,protocol response criteria (compiled thresholds)
S0034,NEWLPROG,N,952,TA17,protocol response criteria (compiled thresholds)
S0034,OVRLRESP,CR,952,TA17,protocol response criteria (compiled thresholds)
S0034,TRGRESP,CR,1008,TA18,protocol response criteria (compiled thresholds)
S0034,NTRGRESP,NONE,1008,TA18,protocol response criteria (compiled thresholds)
S0034,NEWLPROG,N,1008,TA18,protocol response criteria (compiled thresholds)
S0034,OVRLRESP,CR,1008,TA18,protocol response criteria (compiled thresholds)
S0034,TRGRESP,CR,1064,TA19,protocol response criteria (compiled thresholds)
S0034,NTRGRESP,NONE,1064,TA19,protocol response criteria (compiled thresholds)
S0034,NEWLPROG,N,1064,TA19,protocol response criteria (compiled thresholds)
S0034,OVRLRESP,CR,1064,TA19,protocol response criteria (compiled thresholds)
S0034,TRGRESP,CR,1120,TA20,protocol response criteria (compiled thresholds)
S0034,NTRGRESP,NONE,1120,TA20,protocol response criteria (compiled thresholds)
S0034,NEWLPROG,N,1120,TA20,protocol response criteria (compiled thresholds)
S0034,OVRLRESP,CR,1120,TA20,protocol response criteria (compiled thresholds)
S0034,TRGRESP,CR,1176,TA21,protocol response criteria (compiled thresholds)
S0034,NTRGRESP,NONE,1176,TA21,protocol response criteria (compiled thresholds)
S0034,NEWLPROG,N,1176,TA21,protocol response criteria (compiled thresholds)
S0034,OVRLRESP,CR,1176,TA21,protocol response criteria (compiled thresholds)
S0034,TRGRESP,CR,1232,TA22,protocol response criteria (compiled thresholds)
S0034,NTRGRESP,NONE,1232,TA22,protocol response criteria (compiled thresholds)
S0034,NEWLPROG,N,1232,TA22,protocol response criteria (compiled thresholds)
S0034,OVRLRESP,CR,1232,TA22,protocol response criteria (compiled thresholds)
S0034,TRGRESP,CR,1288,TA23,protocol response criteria (compiled thresholds)
S0034,NTRGRESP,NONE,1288,TA23,protocol response criteria (compiled thresholds)
S0034,NEWLPROG,N,1288,TA23,protocol response criteria (compiled thresholds)
S0034,OVRLRESP,CR,1288,TA23,protocol response criteria (compiled thresholds)
S0034,TRGRESP,CR,1344,TA24,protocol response criteria (compiled thresholds)
S0034,NTRGRESP,NONE,1344,TA24,protocol response criteria (compiled thresholds)
S0034,NEWLPROG,N,1344,TA24,protocol response criteria (compiled thresholds)
S0034,OVRLRESP,CR,1344,TA24,protocol response criteria (compiled thresholds)
S0034,TRGRESP,CR,1400,TA25,protocol response criteria (compiled thresholds)
S0034,NTRGRESP,NONE,1400,TA25,protocol response criteria (compiled thresholds)
S0034,NEWLPROG,N,1400,TA25,protocol response criteria (compiled thresholds)
S0034,OVRLRESP,CR,1400,TA25,protocol response criteria (compiled thresholds)
S0034,TRGRESP,CR,1456,TA26,protocol response criteria (compiled thresholds)
S0034,NTRGRESP,NONE,1456,TA26,protocol response criteria (compiled thresholds)
S0034,NEWLPROG,N,1456,TA26,protocol response criteria (compiled thresholds)
S0034,OVRLRESP,CR,1456,TA26,protocol response criteria (compiled thresholds)
S0034,TRGRESP,CR,1512,TA27,protocol response criteria (compiled thresholds)
S0034,NTRGRESP,NONE,1512,TA27,protocol response criteria (compiled thresholds)
S0034,NEWLPROG,N,1512,TA27,protocol response criteria (compiled thresholds)
S0034,OVRLRESP,CR,1512,TA27,protocol response criteria (compiled thresholds)
S0034,TRGRESP,CR,1568,TA28,protocol response criteria (compiled thresholds)
S0034,NTRGRESP,NONE,1568,TA28,protocol response criteria (compiled thresholds)
S0034,NEWLPROG,Y,1568,TA28,protocol response criteria (compiled thresholds)
S0034,OVRLRESP,PD,1568,TA28,protocol response criteria (compiled thresholds)
S0035,TRGRESP,PR,56,TA1,protocol response criteria (compiled thresholds)
S0035,NTRGRESP,NON-CR/NON-PD,56,TA1,protocol response criteria (compiled thresholds)
S0035,NEWLPROG,N,56,TA1,protocol response criteria (compiled thresholds)
S0035,OVRLRESP,PR,56,TA1,protocol response criteria (compiled thresholds)
S0035,TRGRESP,PR,112,TA2,protocol response criteria (compiled thresholds)
S0035,NTRGRESP,NON-CR/NON-PD,112,TA2,protocol response criteria (compiled thresholds)
S0035,NEWLPROG,N,112,TA2,protocol response criteria (compiled thresholds)
S0035,OVRLRESP,PR,112,TA2,protocol response criteria (compiled thresholds)
S0035,TRGRESP,PR,168,TA3,protocol response criteria (compiled thresholds)
S0035,NTRGRESP,NON-CR/NON-PD,168,TA3,protocol response criteria (compiled thresholds)
S0035,NEWLPROG,N,168,TA3,protocol response criteria (compiled thresholds)
S0035,OVRLRESP,PR,168,TA3,protocol response criteria (compiled thresholds)
S0035,TRGRESP,PR,224,TA4,protocol response criteria (compiled thresholds)
S0035,NTRGRESP,NON-CR/NON-PD,224,TA4,protocol response criteria (compiled thresholds)
S0035,NEWLPROG,N,224,TA4,protocol response criteria (compiled thresholds)
S0035,OVRLRESP,PR,224,TA4,protocol response criteria (compiled thresholds)
S0035,TRGRESP,PR,280,TA5,protocol response criteria (compiled thresholds)
S0035,NTRGRESP,NON-CR/NON-PD,280,TA5,protocol response criteria (compiled thresholds)
S0035,NEWLPROG,N,280,TA5,protocol response criteria (compiled thresholds)
S0035,OVRLRESP,PR,280,TA5,protocol response criteria (compiled thresholds)
S0035,TRGRESP,PR,336,TA6,protocol response criteria (compiled thresholds)
S0035,NTRGRESP,NON-CR/NON-PD,336,TA6,protocol response criteria (compiled thresholds)
S0035,NEWLPROG,N,336,TA6,protocol response criteria (compiled thresholds)
S0035,OVRLRESP,PR,336,TA6,protocol response criteria (compiled thresholds)
S0035,TRGRESP,PR,392,TA7,protocol response criteria (compiled thresholds)
S0035,NTRGRESP,NON-CR/NON-PD,392,TA7,protocol response criteria (compiled thresholds)
S0035,NEWLPROG,N,392,TA7,protocol response criteria (compiled thresholds)
S0035,OVRLRESP,PR,392,TA7,protocol response criteria (compiled thresholds)
S0035,TRGRESP,PR,448,TA8,protocol response criteria (compiled thresholds)
S0035,NTRGRESP,NON-CR/NON-PD,448,TA8,protocol response criteria (compiled thresholds)
S0035,NEWLPROG,N,448,TA8,protocol response criteria (compiled thresholds)
S0035,OVRLRESP,PR,448,TA8,protocol response criteria (compiled thresholds)
S0035,TRGRESP,PR,504,TA9,protocol response criteria (compiled thresholds)
S0035,NTRGRESP,NON-CR/NON-PD,504,TA9,protocol response criteria (compiled thresholds)
S0035,NEWLPROG,N,504,TA9,protocol response criteria (compiled thresholds)
S0035,OVRLRESP,PR,504,TA9,protocol response criteria (compiled thresholds)
S0035,TRGRESP,PR,560,TA10,protocol response criteria (compiled thresholds)
S0035,NTRGRESP,NON-CR/NON-PD,560,TA10,protocol response criteria (compiled thresholds)
S0035,NEWLPROG,N,560,TA10,protocol response criteria (compiled thresholds)
S0035,OVRLRESP,PR,560,TA10,protocol response criteria (compiled thresholds)
S0035,TRGRESP,PR,616,TA11,protocol response criteria (compiled thresholds)
S0035,NTRGRESP,NON-CR/NON-PD,616,TA11,protocol response criteria (compiled thresholds)
S0035,NEWLPROG,N,616,TA11,protocol response criteria (compiled thresholds)
S0035,OVRLRESP,PR,616,TA11,protocol response criteria (compiled thresholds)
S0035,TRGRESP,PR,672,TA12,protocol response criteria (compiled thresholds)
S0035,NTRGRESP,NON-CR/NON-PD,672,TA12,protocol response criteria (compiled thresholds)
S0035,NEWLPROG,N,672,TA12,protocol response criteria (compiled thresholds)
S0035,OVRLRESP,PR,672,TA12,protocol response criteria (compiled thresholds)
S0035,TRGRESP,PR,728,TA13,protocol response criteria (compiled thresholds)
S0035,NTRGRESP,NON-CR/NON-PD,728,TA13,protocol response criteria (compiled thresholds)
S0035,NEWLPROG,N,728,TA13,protocol response criteria (compiled thresholds)
S0035,OVRLRESP,PR,728,TA13,protocol response criteria (compiled thresholds)
S0035,TRGRESP,PR,784,TA14,protocol response criteria (compiled thresholds)
S0035,NTRGRESP,NON-CR/NON-PD,784,TA14,protocol response criteria (compiled thresholds)
S0035,NEWLPROG,N,784,TA14,protocol response criteria (compiled thresholds)
S0035,OVRLRESP,PR,784,TA14,protocol response criteria (compiled thresholds)
S0035,TRGRESP,PR,840,TA15,protocol response criteria (compiled thresholds)
S0035,NTRGRESP,NON-CR/NON-PD,840,TA15,protocol response criteria (compiled thresholds)
S0035,NEWLPROG,N,840,TA15,protocol response criteria (compiled thresholds)
S0035,OVRLRESP,PR,840,TA15,protocol response criteria (compiled thresholds)
S0035,TRGRESP,PR,896,TA16,protocol response criteria (compiled thresholds)
S0035,NTRGRESP,NON-CR/NON-PD,896,TA16,protocol response criteria (compiled thresholds)
S0035,NEWLPROG,N,896,TA16,protocol response criteria (compiled thresholds)
S0035,OVRLRESP,PR,896,TA16,protocol response criteria (compiled thresholds)
S0035,TRGRESP,PR,952,TA17,protocol response criteria (compiled thresholds)
S0035,NTRGRESP,NON-CR/NON-PD,952,TA17,protocol response criteria (compiled thresholds)
S0035,NEWLPROG,N,952,TA17,protocol response criteria (compiled thresholds)
S0035,OVRLRESP,PR,952,TA17,protocol response criteria (compiled thresholds)
S0035,TRGRESP,PR,1008,TA18,protocol response criteria (compiled thresholds)
S0035,NTRGRESP,NON-CR/NON-PD,1008,TA18,protocol response criteria (compiled thresholds)
S0035,NEWLPROG,N,1008,TA18,protocol response criteria (compiled thresholds)
S0035,OVRLRESP,PR,1008,TA18,protocol response criteria (compiled thresholds)
S0035,TRGRESP,PR,1064,TA19,protocol response criteria (compiled thresholds)
S0035,NTRGRESP,NON-CR/NON-PD,1064,TA19,protocol response criteria (compiled thresholds)
S0035,NEWLPROG,Y,1064,TA19,protocol response criteria (compiled thresholds)
S0035,OVRLRESP,PD,1064,TA19,protocol response criteria (compiled thresholds)
S0036,TRGRESP,SD,56,TA1,protocol response criteria (compiled thresholds)
S0036,NTRGRESP,NON-CR/NON-PD,56,TA1,protocol response criteria (compiled thresholds)
S0036,NEWLPROG,N,56,TA1,protocol response criteria (compiled thresholds)
S0036,OVRLRESP,SD,56,TA1,protocol response criteria (compiled thresholds)
S0036,TRGRESP,SD,112,TA2,protocol response criteria (compiled thresholds)
S0036,NTRGRESP,NON-CR/NON-PD,112,TA2,protocol response criteria (compiled thresholds)
S0036,NEWLPROG,N,112,TA2,protocol response criteria (compiled thresholds)
S0036,OVRLRESP,SD,112,TA2,protocol response criteria (compiled thresholds)
S0036,TRGRESP,SD,168,TA3,protocol response criteria (compiled thresholds)
S0036,NTRGRESP,NON-CR/NON-PD,168,TA3,protocol response criteria (compiled thresholds)
S0036,NEWLPROG,N,168,TA3,protocol response criteria (compiled thresholds)
S0036,OVRLRESP,SD,168,TA3,protocol response criteria (compiled thresholds)
S0036,TRGRESP,SD,224,TA4,protocol response criteria (compiled thresholds)
S0036,NTRGRESP,NON-CR/NON-PD,224,TA4,protocol response criteria (compiled thresholds)
S0036,NEWLPROG,N,224,TA4,protocol response criteria (compiled thresholds)
S0036,OVRLRESP,SD,224,TA4,protocol response criteria (compiled thresholds)
S0036,TRGRESP,SD,280,TA5,protocol response criteria (compiled thresholds)
S0036,NTRGRESP,NON-CR/NON-PD,280,TA5,protocol response criteria (compiled thresholds)
S0036,NEWLPROG,N,280,TA5,protocol response criteria (compiled thresholds)
S0036,OVRLRESP,SD,280,TA5,protocol response criteria (compiled thresholds)
S0036,TRGRESP,SD,336,TA6,protocol response criteria (compiled thresholds)
S0036,NTRGRESP,NON-CR/NON-PD,336,TA6,protocol response criteria (compiled thresholds)
S0036,NEWLPROG,N,336,TA6,protocol response criteria (compiled thresholds)
S0036,OVRLRESP,SD,336,TA6,protocol response criteria (compiled thresholds)
S0036,TRGRESP,SD,392,TA7,protocol response criteria (compiled thresholds)
S0036,NTRGRESP,NON-CR/NON-PD,392,TA7,protocol response criteria (compiled thresholds)
S0036,NEWLPROG,N,392,TA7,protocol response criteria (compiled thresholds)
S0036,OVRLRESP,SD,392,TA7,protocol response criteria (compiled thresholds)
S0036,TRGRESP,SD,448,TA8,protocol response criteria (compiled thresholds)
S0036,NTRGRESP,NON-CR/NON-PD,448,TA8,protocol response criteria (compiled thresholds)
S0036,NEWLPROG,N,448,TA8,protocol response criteria (compiled thresholds)
S0036,OVRLRESP,SD,448,TA8,protocol response criteria (compiled thresholds)
S0036,TRGRESP,SD,504,TA9,protocol response criteria (compiled thresholds)
S0036,NTRGRESP,NON-CR/NON-PD,504,TA9,protocol response criteria (compiled thresholds)
S0036,NEWLPROG,N,504,TA9,protocol response criteria (compiled thresholds)
S0036,OVRLRESP,SD,504,TA9,protocol response criteria (compiled thresholds)
S0036,TRGRESP,SD,560,TA10,protocol response criteria (compiled thresholds)
S0036,NTRGRESP,NON-CR/NON-PD,560,TA10,protocol response criteria (compiled thresholds)
S0036,NEWLPROG,N,560,TA10,protocol response criteria (compiled thresholds)
S0036,OVRLRESP,SD,560,TA10,protocol response criteria (compiled thresholds)
S0036,TRGRESP,SD,616,TA11,protocol response criteria (compiled thresholds)
S0036,NTRGRESP,NON-CR/NON-PD,616,TA11,protocol response criteria (compiled thresholds)
S0036,NEWLPROG,N,616,TA11,protocol response criteria (compiled thresholds)
S0036,OVRLRESP,SD,616,TA11,protocol response criteria (compiled thresholds)
S0036,TRGRESP,SD,672,TA12,protocol response criteria (compiled thresholds)
S0036,NTRGRESP,NON-CR/NON-PD,672,TA12,protocol response criteria (compiled thresholds)
S0036,NEWLPROG,N,672,TA12,protocol response criteria (compiled thresholds)
S0036,OVRLRESP,SD,672,TA12,protocol response criteria (compiled thresholds)
S0036,TRGRESP,SD,728,TA13,protocol response criteria (compiled thresholds)
S0036,NTRGRESP,NON-CR/NON-PD,728,TA13,protocol response criteria (compiled thresholds)
S0036,NEWLPROG,N,728,TA13,protocol response criteria (compiled thresholds)
S0036,OVRLRESP,SD,728,TA13,protocol response criteria (compiled thresholds)
S0036,TRGRESP,SD,784,TA14,protocol response criteria (compiled thresholds)
S0036,NTRGRESP,NON-CR/NON-PD,784,TA14,protocol response criteria (compiled thresholds)
S0036,NEWLPROG,N,784,TA14,protocol response criteria (compiled thresholds)
S0036,OVRLRESP,SD,784,TA14,protocol response criteria (compiled thresholds)
S0036,TRGRESP,SD,840,TA15,protocol response criteria (compiled thresholds)
S0036,NTRGRESP,NON-CR/NON-PD,840,TA15,protocol response criteria (compiled thresholds)
S0036,NEWLPROG,N,840,TA15,protocol response criteria (compiled thresholds)
S0036,OVRLRESP,SD,840,TA15,protocol response criteria (compiled thresholds)
S0036,TRGRESP,SD,896,TA16,protocol response criteria (compiled thresholds)
S0036,NTRGRESP,NON-CR/NON-PD,896,TA16,protocol response criteria (compiled thresholds)
S0036,NEWLPROG,N,896,TA16,protocol response criteria (compiled thresholds)
S0036,OVRLRESP,SD,896,TA16,protocol response criteria (compiled thresholds)
S0036,TRGRESP,SD,952,TA17,protocol response criteria (compiled thresholds)
S0036,NTRGRESP,NON-CR/NON-PD,952,TA17,protocol response criteria (compiled thresholds)
S0036,NEWLPROG,N,952,TA17,protocol response criteria (compiled thresholds)
S0036,OVRLRESP,SD,952,TA17,protocol response criteria (compiled thresholds)
S0036,TRGRESP,PD,1008,TA18,protocol response criteria (compiled thresholds)
S0036,NTRGRESP,NON-CR/NON-PD,1008,TA18,protocol response criteria (compiled thresholds)
S0036,NEWLPROG,N,1008,TA18,protocol response criteria (compiled thresholds)
S0036,OVRLRESP,PD,1008,TA18,protocol response criteria (compiled thresholds)
S0037,TRGRESP,SD,56,TA1,protocol response criteria (compiled thresholds)
S0037,NTRGRESP,NON-CR/NON-PD,56,TA1,protocol response criteria (compiled thresholds)
S0037,NEWLPROG,N,56,TA1,protocol response criteria (compiled thresholds)
S0037,OVRLRESP,SD,56,TA1,protocol response criteria (compiled thresholds)
S0037,TRGRESP,SD,112,TA2,protocol response criteria (compiled thresholds)
S0037,NTRGRESP,NON-CR/NON-PD,112,TA2,protocol response criteria (compiled thresholds)
S0037,NEWLPROG,N,112,TA2,protocol response criteria (compiled thresholds)
S0037,OVRLRESP,SD,112,TA2,protocol response criteria (compiled thresholds)
S0037,TRGRESP,SD,168,TA3,protocol response criteria (compiled thresholds)
S0037,NTRGRESP,NON-CR/NON-PD,168,TA3,protocol response criteria (compiled thresholds)
S0037,NEWLPROG,Y,168,TA3,protocol response criteria (compiled thresholds)
S0037,OVRLRESP,PD,168,TA3,protocol response criteria (compiled thresholds)
S0038,TRGRESP,SD,56,TA1,protocol response criteria (compiled thresholds)
S0038,NTRGRESP,NON-CR/NON-PD,56,TA1,protocol response criteria (compiled thresholds)
S0038,NEWLPROG,N,56,TA1,protocol response criteria (compiled thresholds)
S0038,OVRLRESP,SD,56,TA1,protocol response criteria (compiled thresholds)
S0038,TRGRESP,SD,112,TA2,protocol response criteria (compiled thresholds)
S0038,NTRGRESP,NON-CR/NON-PD,112,TA2,protocol response criteria (compiled thresholds)
S0038,NEWLPROG,Y,112,TA2,protocol response criteria (compiled thresholds)
S0038,OVRLRESP,PD,112,TA2,protocol response criteria (compiled thresholds)
S0039,TRGRESP,SD,56,TA1,protocol response criteria (compiled thresholds)
S0039,NTRGRESP,NONE,56,TA1,protocol response criteria (compiled thresholds)
S0039,NEWLPROG,N,56,TA1,protocol response criteria (compiled thresholds)
S0039,OVRLRESP,SD,56,TA1,protocol response criteria (compiled thresholds)
S0039,TRGRESP,PR,112,TA2,protocol response criteria (compiled thresholds)
S0039,NTRGRESP,NONE,112,TA2,protocol response criteria (compiled thresholds)
S0039,NEWLPROG,N,112,TA2,protocol response criteria (compiled thresholds)
S0039,OVRLRESP,PR,112,TA2,protocol response criteria (compiled thresholds)
S0039,TRGRESP,PR,168,TA3,protocol response criteria (compiled thresholds)
S0039,NTRGRESP,NONE,168,TA3,protocol response criteria (compiled thresholds)
S0039,NEWLPROG,N,168,TA3,protocol response criteria (compiled thresholds)
S0039,OVRLRESP,PR,168,TA3,protocol response criteria (compiled thresholds)
S0039,TRGRESP,PR,224,TA4,protocol response criteria (compiled thresholds)
S0039,NTRGRESP,NONE,224,TA4,protocol response criteria (compiled thresholds)
S0039,NEWLPROG,N,224,TA4,protocol response criteria (compiled thresholds)
S0039,OVRLRESP,PR,224,TA4,protocol response criteria (compiled thresholds)
S0039,TRGRESP,PR,280,TA5,protocol response criteria (compiled thresholds)
S0039,NTRGRESP,NONE,280,TA5,protocol response criteria (compiled thresholds)
S0039,NEWLPROG,N,280,TA5,protocol response criteria (compiled thresholds)
S0039,OVRLRESP,PR,280,TA5,protocol response criteria (compiled thresholds)
S0039,TRGRESP,PR,336,TA6,protocol response criteria (compiled thresholds)
S0039,NTRGRESP,NONE,336,TA6,protocol response criteria (compiled thresholds)
S0039,NEWLPROG,N,336,TA6,protocol response criteria (compiled thresholds)
S0039,OVRLRESP,PR,336,TA6,protocol response criteria (compiled thresholds)
S0039,TRGRESP,PR,392,TA7,protocol response criteria (compiled thresholds)
S0039,NTRGRESP,NONE,392,TA7,protocol response criteria (compiled thresholds)
S0039,NEWLPROG,N,392,TA7,protocol response criteria (compiled thresholds)
S0039,OVRLRESP,PR,392,TA7,protocol response criteria (compiled thresholds)
S0039,TRGRESP,PR,448,TA8,protocol response criteria (compiled thresholds)
S0039,NTRGRESP,NONE,448,TA8,protocol response criteria (compiled thresholds)
S0039,NEWLPROG,N,448,TA8,protocol response criteria (compiled thresholds)
S0039,OVRLRESP,PR,448,TA8,protocol response criteria (compiled thresholds)
S0039,TRGRESP,PR,504,TA9,protocol response criteria (compiled thresholds)
S0039,NTRGRESP,NONE,504,TA9,protocol response criteria (compiled thresholds)
S0039,NEWLPROG,N,504,TA9,protocol response criteria (compiled thresholds)
S0039,OVRLRESP,PR,504,TA9,protocol response criteria (compiled thresholds)
S0039,TRGRESP,PR,560,TA10,protocol response criteria (compiled thresholds)
S0039,NTRGRESP,NONE,560,TA10,protocol response criteria (compiled thresholds)
S0039,NEWLPROG,N,560,TA10,protocol response criteria (compiled thresholds)
S0039,OVRLRESP,PR,560,TA10,protocol response criteria (compiled thresholds)
S0039,TRGRESP,PR,616,TA11,protocol response criteria (compiled thresholds)
S0039,NTRGRESP,NONE,616,TA11,protocol response criteria (compiled thresholds)
S0039,NEWLPROG,N,616,TA11,protocol response criteria (compiled thresholds)
S0039,OVRLRESP,PR,616,TA11,protocol response criteria (compiled thresholds)
S0039,TRGRESP,PR,672,TA12,protocol response criteria (compiled thresholds)
S0039,NTRGRESP,NONE,672,TA12,protocol response criteria (compiled thresholds)
S0039,NEWLPROG,N,672,TA12,protocol response criteria (compiled thresholds)
S0039,OVRLRESP,PR,672,TA12,protocol response criteria (compiled thresholds)
S0039,TRGRESP,PR,728,TA13,protocol response criteria (compiled thresholds)
S0039,NTRGRESP,NONE,728,TA13,protocol response criteria (compiled thresholds)
S0039,NEWLPROG,N,728,TA13,protocol response criteria (compiled thresholds)
S0039,OVRLRESP,PR,728,TA13,protocol response criteria (compiled thresholds)
S0039,TRGRESP,PR,784,TA14,protocol response criteria (compiled thresholds)
S0039,NTRGRESP,NONE,784,TA14,protocol response criteria (compiled thresholds)
S0039,NEWLPROG,N,784,TA14,protocol response criteria (compiled thresholds)
S0039,OVRLRESP,PR,784,TA14,protocol response criteria (compiled thresholds)
S0039,TRGRESP,PR,840,TA15,protocol response criteria (compiled thresholds)
S0039,NTRGRESP,NONE,840,TA15,protocol response criteria (compiled thresholds)
S0039,NEWLPROG,N,840,TA15,protocol response criteria (compiled thresholds)
S0039,OVRLRESP,PR,840,TA15,protocol response criteria (compiled thresholds)
S0039,TRGRESP,PR,896,TA16,protocol response criteria (compiled thresholds)
S0039,NTRGRESP,NONE,896,TA16,protocol response criteria (compiled thresholds)
S0039,NEWLPROG,N,896,TA16,protocol response criteria (compiled thresholds)
S0039,OVRLRESP,PR,896,TA16,protocol response criteria (compiled thresholds)
S0039,TRGRESP,PR,952,TA17,protocol response criteria (compiled thresholds)
S0039,NTRGRESP,NONE,952,TA17,protocol response criteria (compiled thresholds)
S0039,NEWLPROG,N,952,TA17,protocol response criteria (compiled thresholds)
S0039,OVRLRESP,PR,952,TA17,protocol response criteria (compiled thresholds)
S0039,TRGRESP,PR,1008,TA18,protocol response criteria (compiled thresholds)
S0039,NTRGRESP,NONE,1008,TA18,protocol response criteria (compiled thresholds)
S0039,NEWLPROG,N,1008,TA18,protocol response criteria (compiled thresholds)
S0039,OVRLRESP,PR,1008,TA18,protocol response criteria (compiled thresholds)
S0039,TRGRESP,PR,1064,TA19,protocol response criteria (compiled thresholds)
S0039,NTRGRESP,NONE,1064,TA19,protocol response criteria (compiled thresholds)
S0039,NEWLPROG,N,1064,TA19,protocol response criteria (compiled thresholds)
S0039,OVRLRESP,PR,1064,TA19,protocol response criteria (compiled thresholds)
S0039,TRGRESP,PR,1120,TA20,protocol response criteria (compiled thresholds)
S0039,NTRGRESP,NONE,1120,TA20,protocol response criteria (compiled thresholds)
S0039,NEWLPROG,N,1120,TA20,protocol response criteria (compiled thresholds)
S0039,OVRLRESP,PR,1120,TA20,protocol response criteria (compiled thresholds)
S0039,TRGRESP,PR,1176,TA21,protocol response criteria (compiled thresholds)
S0039,NTRGRESP,NONE,1176,TA21,protocol response criteria (compiled thresholds)
S0039,NEWLPROG,N,1176,TA21,protocol response criteria (compiled thresholds)
S0039,OVRLRESP,PR,1176,TA21,protocol response criteria (compiled thresholds)
S0039,TRGRESP,PR,1232,TA22,protocol response criteria (compiled thresholds)
S0039,NTRGRESP,NONE,1232,TA22,protocol response criteria (compiled thresholds)
S0039,NEWLPROG,N,1232,TA22,protocol response criteria (compiled thresholds)
S0039,OVRLRESP,PR,1232,TA22,protocol response criteria (compiled thresholds)
S0039,TRGRESP,PR,1288,TA23,protocol response criteria (compiled thresholds)
S0039,NTRGRESP,NONE,1288,TA23,protocol response criteria (compiled thresholds)
S0039,NEWLPROG,N,1288,TA23,protocol response criteria (compiled thresholds)
S0039,OVRLRESP,PR,1288,TA23,protocol response criteria (compiled thresholds)
S0039,TRGRESP,PR,1344,TA24,protocol response criteria (compiled thresholds)
S0039,NTRGRESP,NONE,1344,TA24,protocol response criteria (compiled thresholds)
S0039,NEWLPROG,N,1344,TA24,protocol response criteria (compiled thresholds)
S0039,OVRLRESP,PR,1344,TA24,protocol response criteria (compiled thresholds)
S0039,TRGRESP,PR,1400,TA25,protocol response criteria (compiled thresholds)
S0039,NTRGRESP,NONE,1400,TA25,protocol response criteria (compiled thresholds)
S0039,NEWLPROG,N,1400,TA25,protocol response criteria (compiled thresholds)
S0039,OVRLRESP,PR,1400,TA25,protocol response criteria (compiled thresholds)
S0039,TRGRESP,PR,1456,TA26,protocol response criteria (compiled thresholds)
S0039,NTRGRESP,NONE,1456,TA26,protocol response criteria (compiled thresholds)
S0039,NEWLPROG,N,1456,TA26,protocol response criteria (compiled thresholds)
S0039,OVRLRESP,PR,1456,TA26,protocol response criteria (compiled thresholds)
S0039,TRGRESP,PR,1512,TA27,protocol response criteria (compiled thresholds)
S0039,NTRGRESP,NONE,1512,TA27,protocol response criteria (compiled thresholds)
S0039,NEWLPROG,N,1512,TA27,protocol response criteria (compiled thresholds)
S0039,OVRLRESP,PR,1512,TA27,protocol response criteria (compiled thresholds)
S0039,TRGRESP,PR,1568,TA28,protocol response criteria (compiled thresholds)
S0039,NTRGRESP,NONE,1568,TA28,protocol response criteria (compiled thresholds)
S0039,NEWLPROG,N,1568,TA28,protocol response criteria (compiled thresholds)
S0039,OVRLRESP,PR,1568,TA28,protocol response criteria (compiled thresholds)
S0039,TRGRESP,PR,1624,TA29,protocol response criteria (compiled thresholds)
S0039,NTRGRESP,NONE,1624,TA29,protocol response criteria (compiled thresholds)
S0039,NEWLPROG,Y,1624,TA29,protocol response criteria (compiled thresholds)
S0039,OVRLRESP,PD,1624,TA29,protocol response criteria (compiled thresholds)
S0040,TRGRESP,PR,56,TA1,protocol response criteria (compiled thresholds)
S0040,NTRGRESP,NON-CR/NON-PD,56,TA1,protocol response criteria (compiled thresholds)
S0040,NEWLPROG,N,56,TA1,protocol response criteria (compiled thresholds)
S0040,OVRLRESP,PR,56,TA1,protocol response criteria (compiled thresholds)
S0040,TRGRESP,PR,112,TA2,protocol response criteria (compiled thresholds)
S0040,NTRGRESP,NON-CR/NON-PD,112,TA2,protocol response criteria (compiled thresholds)
S0040,NEWLPROG,Y,112,TA2,protocol response criteria (compiled thresholds)
S0040,OVRLRESP,PD,112,TA2,protocol response criteria (compiled thresholds)
S0041,TRGRESP,SD,56,TA1,protocol response criteria (compiled thresholds)
S0041,NTRGRESP,NON-CR/NON-PD,56,TA1,protocol response criteria (compiled thresholds)
S0041,NEWLPROG,N,56,TA1,protocol response criteria (compiled thresholds)
S0041,OVRLRESP,SD,56,TA1,protocol response criteria (compiled thresholds)
S0041,TRGRESP,SD,112,TA2,protocol response criteria (compiled thresholds)
S0041,NTRGRESP,NON-CR/NON-PD,112,TA2,protocol response criteria (compiled thresholds)
S0041,NEWLPROG,N,112,TA2,protocol response criteria (compiled thresholds)
S0041,OVRLRESP,SD,112,TA2,protocol response criteria (compiled thresholds)
S0041,TRGRESP,SD,168,TA3,protocol response criteria (compiled thresholds)
S0041,NTRGRESP,NON-CR/NON-PD,168,TA3,protocol response criteria (compiled thresholds)
S0041,NEWLPROG,N,168,TA3,protocol response criteria (compiled thresholds)
S0041,OVRLRESP,SD,168,TA3,protocol response criteria (compiled thresholds)
S0041,TRGRESP,SD,224,TA4,protocol response criteria (compiled thresholds)
S0041,NTRGRESP,NON-CR/NON-PD,224,TA4,protocol response criteria (compiled thresholds)
S0041,NEWLPROG,Y,224,TA4,protocol response criteria (compiled thresholds)
S0041,OVRLRESP,PD,224,TA4,protocol response criteria (compiled thresholds)
S0042,TRGRESP,SD,56,TA1,protocol response criteria (compiled thresholds)
S0042,NTRGRESP,NON-CR/NON-PD,56,TA1,protocol response criteria (compiled thresholds)
S0042,NEWLPROG,N,56,TA1,protocol response criteria (compiled thresholds)
S0042,OVRLRESP,SD,56,TA1,protocol response criteria (compiled thresholds)
S0042,TRGRESP,PR,112,TA2,protocol response criteria (compiled thresholds)
S0042,NTRGRESP,NON-CR/NON-PD,112,TA2,protocol response criteria (compiled thresholds)
S0042,NEWLPROG,N,112,TA2,protocol response criteria (compiled thresholds)
S0042,OVRLRESP,PR,112,TA2,protocol response criteria (compiled thresholds)
S0042,TRGRESP,PR,168,TA3,protocol response criteria (compiled thresholds)
S0042,NTRGRESP,NON-CR/NON-PD,168,TA3,protocol response criteria (compiled thresholds)
S0042,NEWLPROG,N,168,TA3,protocol response criteria (compiled thresholds)
S0042,OVRLRESP,PR,168,TA3,protocol response criteria (compiled thresholds)
S0042,TRGRESP,PR,224,TA4,protocol response criteria (compiled thresholds)
S0042,NTRGRESP,NON-CR/NON-PD,224,TA4,protocol response criteria (compiled thresholds)
S0042,NEWLPROG,N,224,TA4,protocol response criteria (compiled thresholds)
S0042,OVRLRESP,PR,224,TA4,protocol response criteria (compiled thresholds)
S0042,TRGRESP,PR,280,TA5,protocol response criteria (compiled thresholds)
S0042,NTRGRESP,NON-CR/NON-PD,280,TA5,protocol response criteria (compiled thresholds)
S0042,NEWLPROG,N,280,TA5,protocol response criteria (compiled thresholds)
S0042,OVRLRESP,PR,280,TA5,protocol response criteria (compiled thresholds)
S0042,TRGRESP,PR,336,TA6,protocol response criteria (compiled thresholds)
S0042,NTRGRESP,NON-CR/NON-PD,336,TA6,protocol response criteria (compiled thresholds)
S0042,NEWLPROG,N,336,TA6,protocol response criteria (compiled thresholds)
S0042,OVRLRESP,PR,336,TA6,protocol response criteria (compiled thresholds)
S0042,TRGRESP,PR,392,TA7,protocol response criteria (compiled thresholds)
S0042,NTRGRESP,NON-CR/NON-PD,392,TA7,protocol response criteria (compiled thresholds)
S0042,NEWLPROG,N,392,TA7,protocol response criteria (compiled thresholds)
S0042,OVRLRESP,PR,392,TA7,protocol response criteria (compiled thresholds)
S0042,TRGRESP,PR,448,TA8,protocol response criteria (compiled thresholds)
S0042,NTRGRESP,NON-CR/NON-PD,448,TA8,protocol response criteria (compiled thresholds)
S0042,NEWLPROG,N,448,TA8,protocol response criteria (compiled thresholds)
S0042,OVRLRESP,PR,448,TA8,protocol response criteria (compiled thresholds)
S0042,TRGRESP,PR,504,TA9,protocol response criteria (compiled thresholds)
S0042,NTRGRESP,NON-CR/NON-PD,504,TA9,protocol response criteria (compiled thresholds)
S0042,NEWLPROG,N,504,TA9,protocol response criteria (compiled thresholds)
S0042,OVRLRESP,PR,504,TA9,protocol response criteria (compiled thresholds)
S0042,TRGRESP,PR,560,TA10,protocol response criteria (compiled thresholds)
S0042,NTRGRESP,NON-CR/NON-PD,560,TA10,protocol response criteria (compiled thresholds)
S0042,NEWLPROG,N,560,TA10,protocol response criteria (compiled thresholds)
S0042,OVRLRESP,PR,560,TA10,protocol response criteria (compiled thresholds)
S0042,TRGRESP,PR,616,TA11,protocol response criteria (compiled thresholds)
S0042,NTRGRESP,NON-CR/NON-PD,616,TA11,protocol response criteria (compiled thresholds)
S0042,NEWLPROG,N,616,TA11,protocol response criteria (compiled thresholds)
S0042,OVRLRESP,PR,616,TA11,protocol response criteria (compiled thresholds)
S0042,TRGRESP,PR,672,TA12,protocol response criteria (compiled thresholds)
S0042,NTRGRESP,NON-CR/NON-PD,672,TA12,protocol response criteria (compiled thresholds)
S0042,NEWLPROG,N,672,TA12,protocol response criteria (compiled thresholds)
S0042,OVRLRESP,PR,672,TA12,protocol response criteria (compiled thresholds)
S0042,TRGRESP,PR,728,TA13,protocol response criteria (compiled thresholds)
S0042,NTRGRESP,NON-CR/NON-PD,728,TA13,protocol response criteria (compiled thresholds)
S0042,NEWLPROG,N,728,TA13,protocol response criteria (compiled thresholds)
S0042,OVRLRESP,PR,728,TA13,protocol response criteria (compiled thresholds)
S0042,TRGRESP,PR,784,TA14,protocol response criteria (compiled thresholds)
S0042,NTRGRESP,NON-CR/NON-PD,784,TA14,protocol response criteria (compiled thresholds)
S0042,NEWLPROG,N,784,TA14,protocol response criteria (compiled thresholds)
S0042,OVRLRESP,PR,784,TA14,protocol response criteria (compiled thresholds)
S0042,TRGRESP,PR,840,TA15,protocol response criteria (compiled thresholds)
S0042,NTRGRESP,NON-CR/NON-PD,840,TA15,protocol response criteria (compiled thresholds)
S0042,NEWLPROG,N,840,TA15,protocol response criteria (compiled thresholds)
S0042,OVRLRESP,PR,840,TA15,protocol response criteria (compiled thresholds)
S0042,TRGRESP,PR,896,TA16,protocol response criteria (compiled thresholds)
S0042,NTRGRESP,NON-CR/NON-PD,896,TA16,protocol response criteria (compiled thresholds)
S0042,NEWLPROG,N,896,TA16,protocol response criteria (compiled thresholds)
S0042,OVRLRESP,PR,896,TA16,protocol response criteria (compiled thresholds)
S0042,TRGRESP,PR,952,TA17,protocol response criteria (compiled thresholds)
S0042,NTRGRESP,NON-CR/NON-PD,952,TA17,protocol response criteria (compiled thresholds)
S0042,NEWLPROG,N,952,TA17,protocol response criteria (compiled thresholds)
S0042,OVRLRESP,PR,952,TA17,protocol response criteria (compiled thresholds)
S0042,TRGRESP,PR,1008,TA18,protocol response criteria (compiled thresholds)
S0042,NTRGRESP,NON-CR/NON-PD,1008,TA18,protocol response criteria (compiled thresholds)
S0042,NEWLPROG,N,1008,TA18,protocol response criteria (compiled thresholds)
S0042,OVRLRESP,PR,1008,TA18,protocol response criteria (compiled thresholds)
S0042,TRGRESP,PR,1064,TA19,protocol response criteria (compiled thresholds)
S0042,NTRGRESP,NON-CR/NON-PD,1064,TA19,protocol response criteria (compiled thresholds)
S0042,NEWLPROG,N,1064,TA19,protocol response criteria (compiled thresholds)
S0042,OVRLRESP,PR,1064,TA19,protocol response criteria (compiled thresholds)
S0042,TRGRESP,PR,1120,TA20,protocol response criteria (compiled thresholds)
S0042,NTRGRESP,NON-CR/NON-PD,1120,TA20,protocol response criteria (compiled thresholds)
S0042,NEWLPROG,N,1120,TA20,protocol response criteria (compiled thresholds)
S0042,OVRLRESP,PR,1120,TA20,protocol response criteria (compiled thresholds)
S0042,TRGRESP,PR,1176,TA21,protocol response criteria (compiled thresholds)
S0042,NTRGRESP,NON-CR/NON-PD,1176,TA21,protocol response criteria (compiled thresholds)
S0042,NEWLPROG,N,1176,TA21,protocol response criteria (compiled thresholds)
S0042,OVRLRESP,PR,1176,TA21,protocol response criteria (compiled thresholds)
S0042,TRGRESP,PR,1232,TA22,protocol response criteria (compiled thresholds)
S0042,NTRGRESP,NON-CR/NON-PD,1232,TA22,protocol response criteria (compiled thresholds)
S0042,NEWLPROG,N,1232,TA22,protocol response criteria (compiled thresholds)
S0042,OVRLRESP,PR,1232,TA22,protocol response criteria (compiled thresholds)
S0042,TRGRESP,PR,1288,TA23,protocol response criteria (compiled thresholds)
S0042,NTRGRESP,NON-CR/NON-PD,1288,TA23,protocol response criteria (compiled thresholds)
S0042,NEWLPROG,N,1288,TA23,protocol response criteria (compiled thresholds)
S0042,OVRLRESP,PR,1288,TA23,protocol response criteria (compiled thresholds)
S0042,TRGRESP,PR,1344,TA24,protocol response criteria (compiled thresholds)
S0042,NTRGRESP,NON-CR/NON-PD,1344,TA24,protocol response criteria (compiled thresholds)
S0042,NEWLPROG,N,1344,TA24,protocol response criteria (compiled thresholds)
S0042,OVRLRESP,PR,1344,TA24,protocol response criteria (compiled thresholds)
S0042,TRGRESP,PR,1400,TA25,protocol response criteria (compiled thresholds)
S0042,NTRGRESP,NON-CR/NON-PD,1400,TA25,protocol response criteria (compiled thresholds)
S0042,NEWLPROG,N,1400,TA25,protocol response criteria (compiled thresholds)
S0042,OVRLRESP,PR,1400,TA25,protocol response criteria (compiled thresholds)
S0042,TRGRESP,PR,1456,TA26,protocol response criteria (compiled thresholds)
S0042,NTRGRESP,NON-CR/NON-PD,1456,TA26,protocol response criteria (compiled thresholds)
S0042,NEWLPROG,Y,1456,TA26,protocol response criteria (compiled thresholds)
S0042,OVRLRESP,PD,1456,TA26,protocol response criteria (compiled thresholds)
S0043,TRGRESP,SD,56,TA1,protocol response criteria (compiled thresholds)
S0043,NTRGRESP,NON-CR/NON-PD,56,TA1,protocol response criteria (compiled thresholds)
S0043,NEWLPROG,N,56,TA1,protocol response criteria (compiled thresholds)
S0043,OVRLRESP,SD,56,TA1,protocol response criteria (compiled thresholds)
S0043,TRGRESP,SD,112,TA2,protocol response criteria (compiled thresholds)
S0043,NTRGRESP,NON-CR/NON-PD,112,TA2,protocol response criteria (compiled thresholds)
S0043,NEWLPROG,N,112,TA2,protocol response criteria (compiled thresholds)
S0043,OVRLRESP,SD,112,TA2,protocol response criteria (compiled thresholds)
S0043,TRGRESP,SD,168,TA3,protocol response criteria (compiled thresholds)
S0043,NTRGRESP,NON-CR/NON-PD,168,TA3,protocol response criteria (compiled thresholds)
S0043,NEWLPROG,N,168,TA3,protocol response criteria (compiled thresholds)
S0043,OVRLRESP,SD,168,TA3,protocol response criteria (compiled thresholds)
S0043,TRGRESP,SD,224,TA4,protocol response criteria (compiled thresholds)
S0043,NTRGRESP,NON-CR/NON-PD,224,TA4,protocol response criteria (compiled thresholds)
S0043,NEWLPROG,N,224,TA4,protocol response criteria (compiled thresholds)
S0043,OVRLRESP,SD,224,TA4,protocol response criteria (compiled thresholds)
S0043,TRGRESP,PD,280,TA5,protocol response criteria (compiled thresholds)
S0043,NTRGRESP,NON-CR/NON-PD,280,TA5,protocol response criteria (compiled thresholds)
S0043,NEWLPROG,N,280,TA5,protocol response criteria (compiled thresholds)
S0043,OVRLRESP,PD,280,TA5,protocol response criteria (compiled thresholds)
S0044,TRGRESP,SD,56,TA1,protocol response criteria (compiled thresholds)
S0044,NTRGRESP,NONE,56,TA1,protocol response criteria (compiled thresholds)
S0044,NEWLPROG,N,56,TA1,protocol response criteria (compiled thresholds)
S0044,OVRLRESP,SD,56,TA1,protocol response criteria (compiled thresholds)
S0044,TRGRESP,SD,112,TA2,protocol response criteria (compiled thresholds)
S0044,NTRGRESP,NONE,112,TA2,protocol response criteria (compiled thresholds)
S0044,NEWLPROG,N,112,TA2,protocol response criteria (compiled thresholds)
S0044,OVRLRESP,SD,112,TA2,protocol response criteria (compiled thresholds)
S0044,TRGRESP,PD,168,TA3,protocol response criteria (compiled thresholds)
S0044,NTRGRESP,NONE,168,TA3,protocol response criteria (compiled thresholds)
S0044,NEWLPROG,N,168,TA3,protocol response criteria (compiled thresholds)
S0044,OVRLRESP,PD,168,TA3,protocol response criteria (compiled thresholds)
S0045,TRGRESP,SD,56,TA1,protocol response criteria (compiled thresholds)
S0045,NTRGRESP,NON-CR/NON-PD,56,TA1,protocol response criteria (compiled thresholds)
S0045,NEWLPROG,N,56,TA1,protocol response criteria (compiled thresholds)
S0045,OVRLRESP,SD,56,TA1,protocol response criteria (compiled thresholds)
S0045,TRGRESP,SD,112,TA2,protocol response criteria (compiled thresholds)
S0045,NTRGRESP,NON-CR/NON-PD,112,TA2,protocol response criteria (compiled thresholds)
S0045,NEWLPROG,N,112,TA2,protocol response criteria (compiled thresholds)
S0045,OVRLRESP,SD,112,TA2,protocol response criteria (compiled thresholds)
S0045,TRGRESP,SD,168,TA3,protocol response criteria (compiled thresholds)
S0045,NTRGRESP,NON-CR/NON-PD,168,TA3,protocol response criteria (compiled thresholds)
S0045,NEWLPROG,N,168,TA3,protocol response criteria (compiled thresholds)
S0045,OVRLRESP,SD,168,TA3,protocol response criteria (compiled thresholds)
S0045,TRGRESP,SD,224,TA4,protocol response criteria (compiled thresholds)
S0045,NTRGRESP,NON-CR/NON-PD,224,TA4,protocol response criteria (compiled thresholds)
S0045,NEWLPROG,Y,224,TA4,protocol response criteria (compiled thresholds)
S0045,OVRLRESP,PD,224,TA4,protocol response criteria (compiled thresholds)
S0046,TRGRESP,SD,56,TA1,protocol response criteria (compiled thresholds)
S0046,NTRGRESP,NON-CR/NON-PD,56,TA1,protocol response criteria (compiled thresholds)
S0046,NEWLPROG,N,56,TA1,protocol response criteria (compiled thresholds)
S0046,OVRLRESP,SD,56,TA1,protocol response criteria (compiled thresholds)
S0046,TRGRESP,SD,112,TA2,protocol response criteria (compiled thresholds)
S0046,NTRGRESP,NON-CR/NON-PD,112,TA2,protocol response criteria (compiled thresholds)
S0046,NEWLPROG,N,112,TA2,protocol response criteria (compiled thresholds)
S0046,OVRLRESP,SD,112,TA2,protocol response criteria (compiled thresholds)
S0046,TRGRESP,SD,168,TA3,protocol response criteria (compiled thresholds)
S0046,NTRGRESP,NON-CR/NON-PD,168,TA3,protocol response criteria (compiled thresholds)
S0046,NEWLPROG,N,168,TA3,protocol response criteria (compiled thresholds)
S0046,OVRLRESP,SD,168,TA3,protocol response criteria (compiled thresholds)
S0046,TRGRESP,SD,224,TA4,protocol response criteria (compiled thresholds)
S0046,NTRGRESP,NON-CR/NON-PD,224,TA4,protocol response criteria (compiled thresholds)
S0046,NEWLPROG,N,224,TA4,protocol response criteria (compiled thresholds)
S0046,OVRLRESP,SD,224,TA4,protocol response criteria (compiled thresholds)
S0046,TRGRESP,SD,280,TA5,protocol response criteria (compiled thresholds)
S0046,NTRGRESP,NON-CR/NON-PD,280,TA5,protocol response criteria (compiled thresholds)
S0046,NEWLPROG,N,280,TA5,protocol response criteria (compiled thresholds)
S0046,OVRLRESP,SD,280,TA5,protocol response criteria (compiled thresholds)
S0046,TRGRESP,SD,336,TA6,protocol response criteria (compiled thresholds)
S0046,NTRGRESP,NON-CR/NON-PD,336,TA6,protocol response criteria (compiled thresholds)
S0046,NEWLPROG,N,336,TA6,protocol response criteria (compiled thresholds)
S0046,OVRLRESP,SD,336,TA6,protocol response criteria (compiled thresholds)
S0046,TRGRESP,SD,392,TA7,protocol response criteria (compiled thresholds)
S0046,NTRGRESP,NON-CR/NON-PD,392,TA7,protocol response criteria (compiled thresholds)
S0046,NEWLPROG,N,392,TA7,protocol response criteria (compiled thresholds)
S0046,OVRLRESP,SD,392,TA7,protocol response criteria (compiled thresholds)
S0046,TRGRESP,SD,448,TA8,protocol response criteria (compiled thresholds)
S0046,NTRGRESP,NON-CR/NON-PD,448,TA8,protocol response criteria (compiled thresholds)
S0046,NEWLPROG,N,448,TA8,protocol response criteria (compiled thresholds)
S0046,OVRLRESP,SD,448,TA8,protocol response criteria (compiled thresholds)
S0046,TRGRESP,SD,504,TA9,protocol response criteria (compiled thresholds)
S0046,NTRGRESP,NON-CR/NON-PD,504,TA9,protocol response criteria (compiled thresholds)
S0046,NEWLPROG,N,504,TA9,protocol response criteria (compiled thresholds)
S0046,OVRLRESP,SD,504,TA9,protocol response criteria (compiled thresholds)
S0046,TRGRESP,SD,560,TA10,protocol response criteria (compiled thresholds)
S0046,NTRGRESP,NON-CR/NON-PD,560,TA10,protocol response criteria (compiled thresholds)
S0046,NEWLPROG,N,560,TA10,protocol response criteria (compiled thresholds)
S0046,OVRLRESP,SD,560,TA10,protocol response criteria (compiled thresholds)
S0046,TRGRESP,SD,616,TA11,protocol response criteria (compiled thresholds)
S0046,NTRGRESP,NON-CR/NON-PD,616,TA11,protocol response criteria (compiled thresholds)
S0046,NEWLPROG,N,616,TA11,protocol response criteria (compiled thresholds)
S0046,OVRLRESP,SD,616,TA11,protocol response criteria (compiled thresholds)
S0046,TRGRESP,SD,672,TA12,protocol response criteria (compiled thresholds)
S0046,NTRGRESP,NON-CR/NON-PD,672,TA12,protocol response criteria (compiled thresholds)
S0046,NEWLPROG,N,672,TA12,protocol response criteria (compiled thresholds)
S0046,OVRLRESP,SD,672,TA12,protocol response criteria (compiled thresholds)
S0046,TRGRESP,SD,728,TA13,protocol response criteria (compiled thresholds)
S0046,NTRGRESP,NON-CR/NON-PD,728,TA13,protocol response criteria (compiled thresholds)
S0046,NEWLPROG,N,728,TA13,protocol response criteria (compiled thresholds)
S0046,OVRLRESP,SD,728,TA13,protocol response criteria (compiled thresholds)
S0046,TRGRESP,SD,784,TA14,protocol response criteria (compiled thresholds)
S0046,NTRGRESP,NON-CR/NON-PD,784,TA14,protocol response criteria (compiled thresholds)
S0046,NEWLPROG,N,784,TA14,protocol response criteria (compiled thresholds)
S0046,OVRLRESP,SD,784,TA14,protocol response criteria (compiled thresholds)
S0046,TRGRESP,SD,840,TA15,protocol response criteria (compiled thresholds)
S0046,NTRGRESP,NON-CR/NON-PD,840,TA15,protocol response criteria (compiled thresholds)
S0046,NEWLPROG,N,840,TA15,protocol response criteria (compiled thresholds)
S0046,OVRLRESP,SD,840,TA15,protocol response criteria (compiled thresholds)
S0046,TRGRESP,SD,896,TA16,protocol response criteria (compiled thresholds)
S0046,NTRGRESP,NON-CR/NON-PD,896,TA16,protocol response criteria (compiled thresholds)
S0046,NEWLPROG,N,896,TA16,protocol response criteria (compiled thresholds)
S0046,OVRLRESP,SD,896,TA16,protocol response criteria (compiled thresholds)
S0046,TRGRESP,SD,952,TA17,protocol response criteria (compiled thresholds)
S0046,NTRGRESP,NON-CR/NON-PD,952,TA17,protocol response criteria (compiled thresholds)
S0046,NEWLPROG,Y,952,TA17,protocol response criteria (compiled thresholds)
S0046,OVRLRESP,PD,952,TA17,protocol response criteria (compiled thresholds)
S0047,TRGRESP,PR,56,TA1,protocol response criteria (compiled thresholds)
S0047,NTRGRESP,NON-CR/NON-PD,56,TA1,protocol response criteria (compiled thresholds)
S0047,NEWLPROG,N,56,TA1,protocol response criteria (compiled thresholds)
S0047,OVRLRESP,PR,56,TA1,protocol response criteria (compiled thresholds)
S0047,TRGRESP,PD,112,TA2,protocol response criteria (compiled thresholds)
S0047,NTRGRESP,NON-CR/NON-PD,112,TA2,protocol response criteria (compiled thresholds)
S0047,NEWLPROG,N,112,TA2,protocol response criteria (compiled thresholds)
S0047,OVRLRESP,PD,112,TA2,protocol response criteria (compiled thresholds)
S0048,TRGRESP,SD,56,TA1,protocol response criteria (compiled thresholds)
S0048,NTRGRESP,NON-CR/NON-PD,56,TA1,protocol response criteria (compiled thresholds)
S0048,NEWLPROG,N,56,TA1,protocol response criteria (compiled thresholds)
S0048,OVRLRESP,SD,56,TA1,protocol response criteria (compiled thresholds)
S0048,TRGRESP,SD,112,TA2,protocol response criteria (compiled thresholds)
S0048,NTRGRESP,NON-CR/NON-PD,112,TA2,protocol response criteria (compiled thresholds)
S0048,NEWLPROG,N,112,TA2,protocol response criteria (compiled thresholds)
S0048,OVRLRESP,SD,112,TA2,protocol response criteria (compiled thresholds)
S0048,TRGRESP,PD,168,TA3,protocol response criteria (compiled thresholds)
S0048,NTRGRESP,NON-CR/NON-PD,168,TA3,protocol response criteria (compiled thresholds)
S0048,NEWLPROG,N,168,TA3,protocol response criteria (compiled thresholds)
S0048,OVRLRESP,PD,168,TA3,protocol response criteria (compiled thresholds)
S0049,TRGRESP,SD,56,TA1,protocol response criteria (compiled thresholds)
S0049,NTRGRESP,NON-CR/NON-PD,56,TA1,protocol response criteria (compiled thresholds)
S0049,NEWLPROG,N,56,TA1,protocol response criteria (compiled thresholds)
S0049,OVRLRESP,SD,56,TA1,protocol response criteria (compiled thresholds)
S0049,TRGRESP,PD,112,TA2,protocol response criteria (compiled thresholds)
S0049,NTRGRESP,NON-CR/NON-PD,112,TA2,protocol response criteria (compiled thresholds)
S0049,NEWLPROG,N,112,TA2,protocol response criteria (compiled thresholds)
S0049,OVRLRESP,PD,112,TA2,protocol response criteria (compiled thresholds)
S0050,TRGRESP,SD,56,TA1,protocol response criteria (compiled thresholds)
S0050,NTRGRESP,NONE,56,TA1,protocol response criteria (compiled thresholds)
S0050,NEWLPROG,N,56,TA1,protocol response criteria (compiled thresholds)
S0050,OVRLRESP,SD,56,TA1,protocol response criteria (compiled thresholds)
S0050,TRGRESP,SD,112,TA2,protocol response criteria (compiled thresholds)
S0050,NTRGRESP,NONE,112,TA2,protocol response criteria (compiled thresholds)
S0050,NEWLPROG,N,112,TA2,protocol response criteria (compiled thresholds)
S0050,OVRLRESP,SD,112,TA2,protocol response criteria (compiled thresholds)
S0050,TRGRESP,SD,168,TA3,protocol response criteria (compiled thresholds)
S0050,NTRGRESP,NONE,168,TA3,protocol response criteria (compiled thresholds)
S0050,NEWLPROG,N,168,TA3,protocol response criteria (compiled thresholds)
S0050,OVRLRESP,SD,168,TA3,protocol response criteria (compiled thresholds)
S0050,TRGRESP,SD,224,TA4,protocol response criteria (compiled thresholds)
S0050,NTRGRESP,NONE,224,TA4,protocol response criteria (compiled thresholds)
S0050,NEWLPROG,N,224,TA4,protocol response criteria (compiled thresholds)
S0050,OVRLRESP,SD,224,TA4,protocol response criteria (compiled thresholds)
S0050,TRGRESP,SD,280,TA5,protocol response criteria (compiled thresholds)
S0050,NTRGRESP,NONE,280,TA5,protocol response criteria (compiled thresholds)
S0050,NEWLPROG,N,280,TA5,protocol response criteria (compiled thresholds)
S0050,OVRLRESP,SD,280,TA5,protocol response criteria (compiled thresholds)
S0050,TRGRESP,SD,336,TA6,protocol response criteria (compiled thresholds)
S0050,NTRGRESP,NONE,336,TA6,protocol response criteria (compiled thresholds)
S0050,NEWLPROG,N,336,TA6,protocol response criteria (compiled thresholds)
S0050,OVRLRESP,SD,336,TA6,protocol response criteria (compiled thresholds)
S0050,TRGRESP,SD,392,TA7,protocol response criteria (compiled thresholds)
S0050,NTRGRESP,NONE,392,TA7,protocol response criteria (compiled thresholds)
S0050,NEWLPROG,N,392,TA7,protocol response criteria (compiled thresholds)
S0050,OVRLRESP,SD,392,TA7,protocol response criteria (compiled thresholds)
S0050,TRGRESP,SD,448,TA8,protocol response criteria (compiled thresholds)
S0050,NTRGRESP,NONE,448,TA8,protocol response criteria (compiled thresholds)
S0050,NEWLPROG,N,448,TA8,protocol response criteria (compiled thresholds)
S0050,OVRLRESP,SD,448,TA8,protocol response criteria (compiled thresholds)
S0050,TRGRESP,SD,504,TA9,protocol response criteria (compiled thresholds)
S0050,NTRGRESP,NONE,504,TA9,protocol response criteria (compiled thresholds)
S0050,NEWLPROG,N,504,TA9,protocol response criteria (compiled thresholds)
S0050,OVRLRESP,SD,504,TA9,protocol response criteria (compiled thresholds)
S0050,TRGRESP,SD,560,TA10,protocol response criteria (compiled thresholds)
S0050,NTRGRESP,NONE,560,TA10,protocol response criteria (compiled thresholds)
S0050,NEWLPROG,N,560,TA10,protocol response criteria (compiled thresholds)
S0050,OVRLRESP,SD,560,TA10,protocol response criteria (compiled thresholds)
S0050,TRGRESP,SD,616,TA11,protocol response criteria (compiled thresholds)
S0050,NTRGRESP,NONE,616,TA11,protocol response criteria (compiled thresholds)
S0050,NEWLPROG,N,616,TA11,protocol response criteria (compiled thresholds)
S0050,OVRLRESP,SD,616,TA11,protocol response criteria (compiled thresholds)
S0050,TRGRESP,SD,672,TA12,protocol response criteria (compiled thresholds)
S0050,NTRGRESP,NONE,672,TA12,protocol response criteria (compiled thresholds)
S0050,NEWLPROG,N,672,TA12,protocol response criteria (compiled thresholds)
S0050,OVRLRESP,SD,672,TA12,protocol response criteria (compiled thresholds)
S0050,TRGRESP,SD,728,TA13,protocol response criteria (compiled thresholds)
S0050,NTRGRESP,NONE,728,TA13,protocol response criteria (compiled thresholds)
S0050,NEWLPROG,N,728,TA13,protocol response criteria (compiled thresholds)
S0050,OVRLRESP,SD,728,TA13,protocol response criteria (compiled thresholds)
S0050,TRGRESP,SD,784,TA14,protocol response criteria (compiled thresholds)
S0050,NTRGRESP,NONE,784,TA14,protocol response criteria (compiled thresholds)
S0050,NEWLPROG,N,784,TA14,protocol response criteria (compiled thresholds)
S0050,OVRLRESP,SD,784,TA14,protocol response criteria (compiled thresholds)
S0050,TRGRESP,SD,840,TA15,protocol response criteria (compiled thresholds)
S0050,NTRGRESP,NONE,840,TA15,protocol response criteria (compiled thresholds)
S0050,NEWLPROG,N,840,TA15,protocol response criteria (compiled thresholds)
S0050,OVRLRESP,SD,840,TA15,protocol response criteria (compiled thresholds)
S0050,TRGRESP,SD,896,TA16,protocol response criteria (compiled thresholds)
S0050,NTRGRESP,NONE,896,TA16,protocol response criteria (compiled thresholds)
S0050,NEWLPROG,N,896,TA16,protocol response criteria (compiled thresholds)
S0050,OVRLRESP,SD,896,TA16,protocol response criteria (compiled thresholds)
S0050,TRGRESP,SD,952,TA17,protocol response criteria (compiled thresholds)
S0050,NTRGRESP,NONE,952,TA17,protocol response criteria (compiled thresholds)
S0050,NEWLPROG,N,952,TA17,protocol response criteria (compiled thresholds)
S0050,OVRLRESP,SD,952,TA17,protocol response criteria (compiled thresholds)
S0050,TRGRESP,SD,1008,TA18,protocol response criteria (compiled thresholds)
S0050,NTRGRESP,NONE,1008,TA18,protocol response criteria (compiled thresholds)
S0050,NEWLPROG,N,1008,TA18,protocol response criteria (compiled thresholds)
S0050,OVRLRESP,SD,1008,TA18,protocol response criteria (compiled thresholds)
S0050,TRGRESP,SD,1064,TA19,protocol response criteria (compiled thresholds)
S0050,NTRGRESP,NONE,1064,TA19,protocol response criteria (compiled thresholds)
S0050,NEWLPROG,N,1064,TA19,protocol response criteria (compiled thresholds)
S0050,OVRLRESP,SD,1064,TA19,protocol response criteria (compiled thresholds)
S0050,TRGRESP,SD,1120,TA20,protocol response criteria (compiled thresholds)
S0050,NTRGRESP,NONE,1120,TA20,protocol response criteria (compiled thresholds)
S0050,NEWLPROG,N,1120,TA20,protocol response criteria (compiled thresholds)
S0050,OVRLRESP,SD,1120,TA20,protocol response criteria (compiled thresholds)
S0050,TRGRESP,SD,1176,TA21,protocol response criteria (compiled thresholds)
S0050,NTRGRESP,NONE,1176,TA21,protocol response criteria (compiled thresholds)
S0050,NEWLPROG,N,1176,TA21,protocol response criteria (compiled thresholds)
S0050,OVRLRESP,SD,1176,TA21,protocol response criteria (compiled thresholds)
S0050,TRGRESP,SD,1232,TA22,protocol response criteria (compiled thresholds)
S0050,NTRGRESP,NONE,1232,TA22,protocol response criteria (compiled thresholds)
S0050,NEWLPROG,N,1232,TA22,protocol response criteria (compiled thresholds)
S0050,OVRLRESP,SD,1232,TA22,protocol response criteria (compiled thresholds)
S0050,TRGRESP,SD,1288,TA23,protocol response criteria (compiled thresholds)
S0050,NTRGRESP,NONE,1288,TA23,protocol response criteria (compiled thresholds)
S0050,NEWLPROG,N,1288,TA23,protocol response criteria (compiled thresholds)
S0050,OVRLRESP,SD,1288,TA23,protocol response criteria (compiled thresholds)
S0050,TRGRESP,SD,1344,TA24,protocol response criteria (compiled thresholds)
S0050,NTRGRESP,NONE,1344,TA24,protocol response criteria (compiled thresholds)
S0050,NEWLPROG,N,1344,TA24,protocol response criteria (compiled thresholds)
S0050,OVRLRESP,SD,1344,TA24,protocol response criteria (compiled thresholds)
S0050,TRGRESP,SD,1400,TA25,protocol response criteria (compiled thresholds)
S0050,NTRGRESP,NONE,1400,TA25,protocol response criteria (compiled thresholds)
S0050,NEWLPROG,N,1400,TA25,protocol response criteria (compiled thresholds)
S0050,OVRLRESP,SD,1400,TA25,protocol response criteria (compiled thresholds)
S0050,TRGRESP,SD,1456,TA26,protocol response criteria (compiled thresholds)
S0050,NTRGRESP,NONE,1456,TA26,protocol response criteria (compiled thresholds)
S0050,NEWLPROG,Y,1456,TA26,protocol response criteria (compiled thresholds)
S0050,OVRLRESP,PD,1456,TA26,protocol response criteria (compiled thresholds)
S0051,TRGRESP,PR,56,TA1,protocol response criteria (compiled thresholds)
S0051,NTRGRESP,NON-CR/NON-PD,56,TA1,protocol response criteria (compiled thresholds)
S0051,NEWLPROG,N,56,TA1,protocol response criteria (compiled thresholds)
S0051,OVRLRESP,PR,56,TA1,protocol response criteria (compiled thresholds)
S0051,TRGRESP,PR,112,TA2,protocol response criteria (compiled thresholds)
S0051,NTRGRESP,NON-CR/NON-PD,112,TA2,protocol response criteria (compiled thresholds)
S0051,NEWLPROG,N,112,TA2,protocol response criteria (compiled thresholds)
S0051,OVRLRESP,PR,112,TA2,protocol response criteria (compiled thresholds)
S0051,TRGRESP,PR,168,TA3,protocol response criteria (compiled thresholds)
S0051,NTRGRESP,NON-CR/NON-PD,168,TA3,protocol response criteria (compiled thresholds)
S0051,NEWLPROG,N,168,TA3,protocol response criteria (compiled thresholds)
S0051,OVRLRESP,PR,168,TA3,protocol response criteria (compiled thresholds)
S0051,TRGRESP,PR,224,TA4,protocol response criteria (compiled thresholds)
S0051,NTRGRESP,NON-CR/NON-PD,224,TA4,protocol response criteria (compiled thresholds)
S0051,NEWLPROG,N,224,TA4,protocol response criteria (compiled thresholds)
S0051,OVRLRESP,PR,224,TA4,protocol response criteria (compiled thresholds)
S0051,TRGRESP,PR,280,TA5,protocol response criteria (compiled thresholds)
S0051,NTRGRESP,NON-CR/NON-PD,280,TA5,protocol response criteria (compiled thresholds)
S0051,NEWLPROG,N,280,TA5,protocol response criteria (compiled thresholds)
S0051,OVRLRESP,PR,280,TA5,protocol response criteria (compiled thresholds)
S0051,TRGRESP,PR,336,TA6,protocol response criteria (compiled thresholds)
S0051,NTRGRESP,NON-CR/NON-PD,336,TA6,protocol response criteria (compiled thresholds)
S0051,NEWLPROG,N,336,TA6,protocol response criteria (compiled thresholds)
S0051,OVRLRESP,PR,336,TA6,protocol response criteria (compiled thresholds)
S0051,TRGRESP,PR,392,TA7,protocol response criteria (compiled thresholds)
S0051,NTRGRESP,NON-CR/NON-PD,392,TA7,protocol response criteria (compiled thresholds)
S0051,NEWLPROG,N,392,TA7,protocol response criteria (compiled thresholds)
S0051,OVRLRESP,PR,392,TA7,protocol response criteria (compiled thresholds)
S0051,TRGRESP,PR,448,TA8,protocol response criteria (compiled thresholds)
S0051,NTRGRESP,NON-CR/NON-PD,448,TA8,protocol response criteria (compiled thresholds)
S0051,NEWLPROG,N,448,TA8,protocol response criteria (compiled thresholds)
S0051,OVRLRESP,PR,448,TA8,protocol response criteria (compiled thresholds)
S0051,TRGRESP,PR,504,TA9,protocol response criteria (compiled thresholds)
S0051,NTRGRESP,NON-CR/NON-PD,504,TA9,protocol response criteria (compiled thresholds)
S0051,NEWLPROG,N,504,TA9,protocol response criteria (compiled thresholds)
S0051,OVRLRESP,PR,504,TA9,protocol response criteria (compiled thresholds)
S0051,TRGRESP,PR,560,TA10,protocol response criteria (compiled thresholds)
S0051,NTRGRESP,NON-CR/NON-PD,560,TA10,protocol response criteria (compiled thresholds)
S0051,NEWLPROG,N,560,TA10,protocol response criteria (compiled thresholds)
S0051,OVRLRESP,PR,560,TA10,protocol response criteria (compiled thresholds)
S0051,TRGRESP,PR,616,TA11,protocol response criteria (compiled thresholds)
S0051,NTRGRESP,NON-CR/NON-PD,616,TA11,protocol response criteria (compiled thresholds)
S0051,NEWLPROG,N,616,TA11,protocol response criteria (compiled thresholds)
S0051,OVRLRESP,PR,616,TA11,protocol response criteria (compiled thresholds)
S0051,TRGRESP,PR,672,TA12,protocol response criteria (compiled thresholds)
S0051,NTRGRESP,NON-CR/NON-PD,672,TA12,protocol response criteria (compiled thresholds)
S0051,NEWLPROG,N,672,TA12,protocol response criteria (compiled thresholds)
S0051,OVRLRESP,PR,672,TA12,protocol response criteria (compiled thresholds)
S0051,TRGRESP,PR,728,TA13,protocol response criteria (compiled thresholds)
S0051,NTRGRESP,NON-CR/NON-PD,728,TA13,protocol response criteria (compiled thresholds)
S0051,NEWLPROG,N,728,TA13,protocol response criteria (compiled thresholds)
S0051,OVRLRESP,PR,728,TA13,protocol response criteria (compiled thresholds)
S0051,TRGRESP,PR,784,TA14,protocol response criteria (compiled thresholds)
S0051,NTRGRESP,NON-CR/NON-PD,784,TA14,protocol response criteria (compiled thresholds)
S0051,NEWLPROG,N,784,TA14,protocol response criteria (compiled thresholds)
S0051,OVRLRESP,PR,784,TA14,protocol response criteria (compiled thresholds)
S0051,TRGRESP,PR,840,TA15,protocol response criteria (compiled thresholds)
S0051,NTRGRESP,NON-CR/NON-PD,840,TA15,protocol response criteria (compiled thresholds)
S0051,NEWLPROG,N,840,TA15,protocol response criteria (compiled thresholds)
S0051,OVRLRESP,PR,840,TA15,protocol response criteria (compiled thresholds)
S0051,TRGRESP,PR,896,TA16,protocol response criteria (compiled thresholds)
S0051,NTRGRESP,NON-CR/NON-PD,896,TA16,protocol response criteria (compiled thresholds)
S0051,NEWLPROG,Y,896,TA16,protocol response criteria (compiled thresholds)
S0051,OVRLRESP,PD,896,TA16,protocol response criteria (compiled thresholds)
S0052,TRGRESP,SD,56,TA1,protocol response criteria (compiled thresholds)
S0052,NTRGRESP,NON-CR/NON-PD,56,TA1,protocol response criteria (compiled thresholds)
S0052,NEWLPROG,N,56,TA1,protocol response criteria (compiled thresholds)
S0052,OVRLRESP,SD,56,TA1,protocol response criteria (compiled thresholds)
S0052,TRGRESP,SD,112,TA2,protocol response criteria (compiled thresholds)
S0052,NTRGRESP,NON-CR/NON-PD,112,TA2,protocol response criteria (compiled thresholds)
S0052,NEWLPROG,N,112,TA2,protocol response criteria (compiled thresholds)
S0052,OVRLRESP,SD,112,TA2,protocol response criteria (compiled thresholds)
S0052,TRGRESP,SD,168,TA3,protocol response criteria (compiled thresholds)
S0052,NTRGRESP,NON-CR/NON-PD,168,TA3,protocol response criteria (compiled thresholds)
S0052,NEWLPROG,N,168,TA3,protocol response criteria (compiled thresholds)
S0052,OVRLRESP,SD,168,TA3,protocol response criteria (compiled thresholds)
S0052,TRGRESP,SD,224,TA4,protocol response criteria (compiled thresholds)
S0052,NTRGRESP,NON-CR/NON-PD,224,TA4,protocol response criteria (compiled thresholds)
S0052,NEWLPROG,N,224,TA4,protocol response criteria (compiled thresholds)
S0052,OVRLRESP,SD,224,TA4,protocol response criteria (compiled thresholds)
S0052,TRGRESP,SD,280,TA5,protocol response criteria (compiled thresholds)
S0052,NTRGRESP,NON-CR/NON-PD,280,TA5,protocol response criteria (compiled thresholds)
S0052,NEWLPROG,N,280,TA5,protocol response criteria (compiled thresholds)
S0052,OVRLRESP,SD,280,TA5,protocol response criteria (compiled thresholds)
S0052,TRGRESP,SD,336,TA6,protocol response criteria (compiled thresholds)
S0052,NTRGRESP,NON-CR/NON-PD,336,TA6,protocol response criteria (compiled thresholds)
S0052,NEWLPROG,N,336,TA6,protocol response criteria (compiled thresholds)
S0052,OVRLRESP,SD,336,TA6,protocol response criteria (compiled thresholds)
S0052,TRGRESP,SD,392,TA7,protocol response criteria (compiled thresholds)
S0052,NTRGRESP,NON-CR/NON-PD,392,TA7,protocol response criteria (compiled thresholds)
S0052,NEWLPROG,N,392,TA7,protocol response criteria (compiled thresholds)
S0052,OVRLRESP,SD,392,TA7,protocol response criteria (compiled thresholds)
S0052,TRGRESP,SD,448,TA8,protocol response criteria (compiled thresholds)
S0052,NTRGRESP,NON-CR/NON-PD,448,TA8,protocol response criteria (compiled thresholds)
S0052,NEWLPROG,N,448,TA8,protocol response criteria (compiled thresholds)
S0052,OVRLRESP,SD,448,TA8,protocol response criteria (compiled thresholds)
S0052,TRGRESP,SD,504,TA9,protocol response criteria (compiled thresholds)
S0052,NTRGRESP,NON-CR/NON-PD,504,TA9,protocol response criteria (compiled thresholds)
S0052,NEWLPROG,N,504,TA9,protocol response criteria (compiled thresholds)
S0052,OVRLRESP,SD,504,TA9,protocol response criteria (compiled thresholds)
S0052,TRGRESP,SD,560,TA10,protocol response criteria (compiled thresholds)
S0052,NTRGRESP,NON-CR/NON-PD,560,TA10,protocol response criteria (compiled thresholds)
S0052,NEWLPROG,N,560,TA10,protocol response criteria (compiled thresholds)
S0052,OVRLRESP,SD,560,TA10,protocol response criteria (compiled thresholds)
S0052,TRGRESP,PD,616,TA11,protocol response criteria (compiled thresholds)
S0052,NTRGRESP,NON-CR/NON-PD,616,TA11,protocol response criteria (compiled thresholds)
S0052,NEWLPROG,N,616,TA11,protocol response criteria (compiled thresholds)
S0052,OVRLRESP,PD,616,TA11,protocol response criteria (compiled thresholds)
S0053,TRGRESP,SD,56,TA1,protocol response criteria (compiled thresholds)
S0053,NTRGRESP,NONE,56,TA1,protocol response criteria (compiled thresholds)
S0053,NEWLPROG,N,56,TA1,protocol response criteria (compiled thresholds)
S0053,OVRLRESP,SD,56,TA1,protocol response criteria (compiled thresholds)
S0053,TRGRESP,SD,112,TA2,protocol response criteria (compiled thresholds)
S0053,NTRGRESP,NONE,112,TA2,protocol response criteria (compiled thresholds)
S0053,NEWLPROG,N,112,TA2,protocol response criteria (compiled thresholds)
S0053,OVRLRESP,SD,112,TA2,protocol response criteria (compiled thresholds)
S0053,TRGRESP,SD,168,TA3,protocol response criteria (compiled thresholds)
S0053,NTRGRESP,NONE,168,TA3,protocol response criteria (compiled thresholds)
S0053,NEWLPROG,N,168,TA3,protocol response criteria (compiled thresholds)
S0053,OVRLRESP,SD,168,TA3,protocol response criteria (compiled thresholds)
S0053,TRGRESP,SD,224,TA4,protocol response criteria (compiled thresholds)
S0053,NTRGRESP,NONE,224,TA4,protocol response criteria (compiled thresholds)
S0053,NEWLPROG,N,224,TA4,protocol response criteria (compiled thresholds)
S0053,OVRLRESP,SD,224,TA4,protocol response criteria (compiled thresholds)
S0053,TRGRESP,SD,280,TA5,protocol response criteria (compiled thresholds)
S0053,NTRGRESP,NONE,280,TA5,protocol response criteria (compiled thresholds)
S0053,NEWLPROG,N,280,TA5,protocol response criteria (compiled thresholds)
S0053,OVRLRESP,SD,280,TA5,protocol response criteria (compiled thresholds)
S0053,TRGRESP,PD,336,TA6,protocol response criteria (compiled thresholds)
S0053,NTRGRESP,NONE,336,TA6,protocol response criteria (compiled thresholds)
S0053,NEWLPROG,N,336,TA6,protocol response criteria (compiled thresholds)
S0053,OVRLRESP,PD,336,TA6,protocol response criteria (compiled thresholds)
S0054,TRGRESP,SD,56,TA1,protocol response criteria (compiled thresholds)
S0054,NTRGRESP,NON-CR/NON-PD,56,TA1,protocol response criteria (compiled thresholds)
S0054,NEWLPROG,N,56,TA1,protocol response criteria (compiled thresholds)
S0054,OVRLRESP,SD,56,TA1,protocol response criteria (compiled thresholds)
S0055,TRGRESP,PR,56,TA1,protocol response criteria (compiled thresholds)
S0055,NTRGRESP,NON-CR/NON-PD,56,TA1,protocol response criteria (compiled thresholds)
S0055,NEWLPROG,N,56,TA1,protocol response criteria (compiled thresholds)
S0055,OVRLRESP,PR,56,TA1,protocol response criteria (compiled thresholds)
S0055,TRGRESP,CR,112,TA2,protocol response criteria (compiled thresholds)
S0055,NTRGRESP,CR,112,TA2,protocol response criteria (compiled thresholds)
S0055,NEWLPROG,N,112,TA2,protocol response criteria (compiled thresholds)
S0055,OVRLRESP,CR,112,TA2,protocol response criteria (compiled thresholds)
S0055,TRGRESP,CR,168,TA3,protocol response criteria (compiled thresholds)
S0055,NTRGRESP,CR,168,TA3,protocol response criteria (compiled thresholds)
S0055,NEWLPROG,N,168,TA3,protocol response criteria (compiled thresholds)
S0055,OVRLRESP,CR,168,TA3,protocol response criteria (compiled thresholds)
S0055,TRGRESP,CR,224,TA4,protocol response criteria (compiled thresholds)
S0055,NTRGRESP,CR,224,TA4,protocol response criteria (compiled thresholds)
S0055,NEWLPROG,N,224,TA4,protocol response criteria (compiled thresholds)
S0055,OVRLRESP,CR,224,TA4,protocol response criteria (compiled thresholds)
S0055,TRGRESP,CR,280,TA5,protocol response criteria (compiled thresholds)
S0055,NTRGRESP,CR,280,TA5,protocol response criteria (compiled thresholds)
S0055,NEWLPROG,N,280,TA5,protocol response criteria (compiled thresholds)
S0055,OVRLRESP,CR,280,TA5,protocol response criteria (compiled thresholds)
S0055,TRGRESP,CR,336,TA6,protocol response criteria (compiled thresholds)
S0055,NTRGRESP,CR,336,TA6,protocol response criteria (compiled thresholds)
S0055,NEWLPROG,N,336,TA6,protocol response criteria (compiled thresholds)
S0055,OVRLRESP,CR,336,TA6,protocol response criteria (compiled thresholds)
S0055,TRGRESP,CR,392,TA7,protocol response criteria (compiled thresholds)
S0055,NTRGRESP,CR,392,TA7,protocol response criteria (compiled thresholds)
S0055,NEWLPROG,N,392,TA7,protocol response criteria (compiled thresholds)
S0055,OVRLRESP,CR,392,TA7,protocol response criteria (compiled thresholds)
S0055,TRGRESP,CR,448,TA8,protocol response criteria (compiled thresholds)
S0055,NTRGRESP,CR,448,TA8,protocol response criteria (compiled thresholds)
S0055,NEWLPROG,N,448,TA8,protocol response criteria (compiled thresholds)
S0055,OVRLRESP,CR,448,TA8,protocol response criteria (compiled thresholds)
S0055,TRGRESP,CR,504,TA9,protocol response criteria (compiled thresholds)
S0055,NTRGRESP,CR,504,TA9,protocol response criteria (compiled thresholds)
S0055,NEWLPROG,N,504,TA9,protocol response criteria (compiled thresholds)
S0055,OVRLRESP,CR,504,TA9,protocol response criteria (compiled thresholds)
S0055,TRGRESP,CR,560,TA10,protocol response criteria (compiled thresholds)
S0055,NTRGRESP,CR,560,TA10,protocol response criteria (compiled thresholds)
S0055,NEWLPROG,N,560,TA10,protocol response criteria (compiled thresholds)
S0055,OVRLRESP,CR,560,TA10,protocol response criteria (compiled thresholds)
S0055,TRGRESP,CR,616,TA11,protocol response criteria (compiled thresholds)
S0055,NTRGRESP,CR,616,TA11,protocol response criteria (compiled thresholds)
S0055,NEWLPROG,N,616,TA11,protocol response criteria (compiled thresholds)
S0055,OVRLRESP,CR,616,TA11,protocol response criteria (compiled thresholds)
S0055,TRGRESP,CR,672,TA12,protocol response criteria (compiled thresholds)
S0055,NTRGRESP,CR,672,TA12,protocol response criteria (compiled thresholds)
S0055,NEWLPROG,N,672,TA12,protocol response criteria (compiled thresholds)
S0055,OVRLRESP,CR,672,TA12,protocol response criteria (compiled thresholds)
S0055,TRGRESP,CR,728,TA13,protocol response criteria (compiled thresholds)
S0055,NTRGRESP,CR,728,TA13,protocol response criteria (compiled thresholds)
S0055,NEWLPROG,N,728,TA13,protocol response criteria (compiled thresholds)
S0055,OVRLRESP,CR,728,TA13,protocol response criteria (compiled thresholds)
S0055,TRGRESP,PR,784,TA14,protocol response criteria (compiled thresholds)
S0055,NTRGRESP,CR,784,TA14,protocol response criteria (compiled thresholds)
S0055,NEWLPROG,N,784,TA14,protocol response criteria (compiled thresholds)
S0055,OVRLRESP,PR,784,TA14,protocol response criteria (compiled thresholds)
S0055,TRGRESP,PR,840,TA15,protocol response criteria (compiled thresholds)
S0055,NTRGRESP,CR,840,TA15,protocol response criteria (compiled thresholds)
S0055,NEWLPROG,N,840,TA15,protocol response criteria (compiled thresholds)
S0055,OVRLRESP,PR,840,TA15,protocol response criteria (compiled thresholds)
S0056,TRGRESP,PD,56,TA1,protocol response criteria (compiled thresholds)
S0056,NTRGRESP,NON-CR/NON-PD,56,TA1,protocol response criteria (compiled thresholds)
S0056,NEWLPROG,N,56,TA1,protocol response criteria (compiled thresholds)
S0056,OVRLRESP,PD,56,TA1,protocol response criteria (compiled thresholds)
S0057,TRGRESP,SD,56,TA1,protocol response criteria (compiled thresholds)
S0057,NTRGRESP,NON-CR/NON-PD,56,TA1,protocol response criteria (compiled thresholds)
S0057,NEWLPROG,N,56,TA1,protocol response criteria (compiled thresholds)
S0057,OVRLRESP,SD,56,TA1,protocol response criteria (compiled thresholds)
S0057,TRGRESP,PD,112,TA2,protocol response criteria (compiled thresholds)
S0057,NTRGRESP,NON-CR/NON-PD,112,TA2,protocol response criteria (compiled thresholds)
S0057,NEWLPROG,N,112,TA2,protocol response criteria (compiled thresholds)
S0057,OVRLRESP,PD,112,TA2,protocol response criteria (compiled thresholds)
S0058,TRGRESP,SD,56,TA1,protocol response criteria (compiled thresholds)
S0058,NTRGRESP,NON-CR/NON-PD,56,TA1,protocol response criteria (compiled thresholds)
S0058,NEWLPROG,N,56,TA1,protocol response criteria (compiled thresholds)
S0058,OVRLRESP,SD,56,TA1,protocol response criteria (compiled thresholds)
S0058,TRGRESP,PD,112,TA2,protocol response criteria (compiled thresholds)
S0058,NTRGRESP,NON-CR/NON-PD,112,TA2,protocol response criteria (compiled thresholds)
S0058,NEWLPROG,N,112,TA2,protocol response criteria (compiled thresholds)
S0058,OVRLRESP,PD,112,TA2,protocol response criteria (compiled thresholds)
S0059,TRGRESP,PD,56,TA1,protocol response criteria (compiled thresholds)
S0059,NTRGRESP,NON-CR/NON-PD,56,TA1,protocol response criteria (compiled thresholds)
S0059,NEWLPROG,N,56,TA1,protocol response criteria (compiled thresholds)
S0059,OVRLRESP,PD,56,TA1,protocol response criteria (compiled thresholds)
S0060,TRGRESP,SD,56,TA1,protocol response criteria (compiled thresholds)
S0060,NTRGRESP,NONE,56,TA1,protocol response criteria (compiled thresholds)
S0060,NEWLPROG,N,56,TA1,protocol response criteria (compiled thresholds)
S0060,OVRLRESP,SD,56,TA1,protocol response criteria (compiled thresholds)
S0060,TRGRESP,SD,112,TA2,protocol response criteria (compiled thresholds)
S0060,NTRGRESP,NONE,112,TA2,protocol response criteria (compiled thresholds)
S0060,NEWLPROG,N,112,TA2,protocol response criteria (compiled thresholds)
S0060,OVRLRESP,SD,112,TA2,protocol response criteria (compiled thresholds)
S0060,TRGRESP,SD,168,TA3,protocol response criteria (compiled thresholds)
S0060,NTRGRESP,NONE,168,TA3,protocol response criteria (compiled thresholds)
S0060,NEWLPROG,N,168,TA3,protocol response criteria (compiled thresholds)
S0060,OVRLRESP,SD,168,TA3,protocol response criteria (compiled thresholds)
S0060,TRGRESP,SD,224,TA4,protocol response criteria (compiled thresholds)
S0060,NTRGRESP,NONE,224,TA4,protocol response criteria (compiled thresholds)
S0060,NEWLPROG,N,224,TA4,protocol response criteria (compiled thresholds)
S0060,OVRLRESP,SD,224,TA4,protocol response criteria (compiled thresholds)
S0060,TRGRESP,SD,280,TA5,protocol response criteria (compiled thresholds)
S0060,NTRGRESP,NONE,280,TA5,protocol response criteria (compiled thresholds)
S0060,NEWLPROG,N,280,TA5,protocol response criteria (compiled thresholds)
S0060,OVRLRESP,SD,280,TA5,protocol response criteria (compiled thresholds)
S0060,TRGRESP,SD,336,TA6,protocol response criteria (compiled thresholds)
S0060,NTRGRESP,NONE,336,TA6,protocol response criteria (compiled thresholds)
S0060,NEWLPROG,N,336,TA6,protocol response criteria (compiled thresholds)
S0060,OVRLRESP,SD,336,TA6,protocol response criteria (compiled thresholds)
S0060,TRGRESP,SD,392,TA7,protocol response criteria (compiled thresholds)
S0060,NTRGRESP,NONE,392,TA7,protocol response criteria (compiled thresholds)
S0060,NEWLPROG,N,392,TA7,protocol response criteria (compiled thresholds)
S0060,OVRLRESP,SD,392,TA7,protocol response criteria (compiled thresholds)
S0060,TRGRESP,SD,448,TA8,protocol response criteria (compiled thresholds)
S0060,NTRGRESP,NONE,448,TA8,protocol response criteria (compiled thresholds)
S0060,NEWLPROG,N,448,TA8,protocol response criteria (compiled thresholds)
S0060,OVRLRESP,SD,448,TA8,protocol response criteria (compiled thresholds)
S0060,TRGRESP,SD,504,TA9,protocol response criteria (compiled thresholds)
S0060,NTRGRESP,NONE,504,TA9,protocol response criteria (compiled thresholds)
S0060,NEWLPROG,N,504,TA9,protocol response criteria (compiled thresholds)
S0060,OVRLRESP,SD,504,TA9,protocol response criteria (compiled thresholds)
S0060,TRGRESP,SD,560,TA10,protocol response criteria (compiled thresholds)
S0060,NTRGRESP,NONE,560,TA10,protocol response criteria (compiled thresholds)
S0060,NEWLPROG,N,560,TA10,protocol response criteria (compiled thresholds)
S0060,OVRLRESP,SD,560,TA10,protocol response criteria (compiled thresholds)
S0060,TRGRESP,SD,616,TA11,protocol response criteria (compiled thresholds)
S0060,NTRGRESP,NONE,616,TA11,protocol response criteria (compiled thresholds)
S0060,NEWLPROG,N,616,TA11,protocol response criteria (compiled thresholds)
S0060,OVRLRESP,SD,616,TA11,protocol response criteria (compiled thresholds)
S0060,TRGRESP,SD,672,TA12,protocol response criteria (compiled thresholds)
S0060,NTRGRESP,NONE,672,TA12,protocol response criteria (compiled thresholds)
S0060,NEWLPROG,N,672,TA12,protocol response criteria (compiled thresholds)
S0060,OVRLRESP,SD,672,TA12,protocol response criteria (compiled thresholds)
S0060,TRGRESP,SD,728,TA13,protocol response criteria (compiled thresholds)
S0060,NTRGRESP,NONE,728,TA13,protocol response criteria (compiled thresholds)
S0060,NEWLPROG,Y,728,TA13,protocol response criteria (compiled thresholds)
S0060,OVRLRESP,PD,728,TA13,protocol response criteria (compiled thresholds)
S0061,TRGRESP,PR,56,TA1,protocol response criteria (compiled thresholds)
S0061,NTRGRESP,NON-CR/NON-PD,56,TA1,protocol response criteria (compiled thresholds)
S0061,NEWLPROG,N,56,TA1,protocol response criteria (compiled thresholds)
S0061,OVRLRESP,PR,56,TA1,protocol response criteria (compiled thresholds)
S0061,TRGRESP,PR,112,TA2,protocol response criteria (compiled thresholds)
S0061,NTRGRESP,NON-CR/NON-PD,112,TA2,protocol response criteria (compiled thresholds)
S0061,NEWLPROG,N,112,TA2,protocol response criteria (compiled thresholds)
S0061,OVRLRESP,PR,112,TA2,protocol response criteria (compiled thresholds)
S0061,TRGRESP,PR,168,TA3,protocol response criteria (compiled thresholds)
S0061,NTRGRESP,NON-CR/NON-PD,168,TA3,protocol response criteria (compiled thresholds)
S0061,NEWLPROG,N,168,TA3,protocol response criteria (compiled thresholds)
S0061,OVRLRESP,PR,168,TA3,protocol response criteria (compiled thresholds)
S0061,TRGRESP,PR,224,TA4,protocol response criteria (compiled thresholds)
S0061,NTRGRESP,NON-CR/NON-PD,224,TA4,protocol response criteria (compiled thresholds)
S0061,NEWLPROG,N,224,TA4,protocol response criteria (compiled thresholds)
S0061,OVRLRESP,PR,224,TA4,protocol response criteria (compiled thresholds)
S0061,TRGRESP,PR,280,TA5,protocol response criteria (compiled thresholds)
S0061,NTRGRESP,NON-CR/NON-PD,280,TA5,protocol response criteria (compiled thresholds)
S0061,NEWLPROG,N,280,TA5,protocol response criteria (compiled thresholds)
S0061,OVRLRESP,PR,280,TA5,protocol response criteria (compiled thresholds)
S0061,TRGRESP,PR,336,TA6,protocol response criteria (compiled thresholds)
S0061,NTRGRESP,NON-CR/NON-PD,336,TA6,protocol response criteria (compiled thresholds)
S0061,NEWLPROG,N,336,TA6,protocol response criteria (compiled thresholds)
S0061,OVRLRESP,PR,336,TA6,protocol response criteria (compiled thresholds)
S0061,TRGRESP,PR,392,TA7,protocol response criteria (compiled thresholds)
S0061,NTRGRESP,NON-CR/NON-PD,392,TA7,protocol response criteria (compiled thresholds)
S0061,NEWLPROG,N,392,TA7,protocol response criteria (compiled thresholds)
S0061,OVRLRESP,PR,392,TA7,protocol response criteria (compiled thresholds)
S0061,TRGRESP,PR,448,TA8,protocol response criteria (compiled thresholds)
S0061,NTRGRESP,NON-CR/NON-PD,448,TA8,protocol response criteria (compiled thresholds)
S0061,NEWLPROG,N,448,TA8,protocol response criteria (compiled thresholds)
S0061,OVRLRESP,PR,448,TA8,protocol response criteria (compiled thresholds)
S0061,TRGRESP,PR,504,TA9,protocol response criteria (compiled thresholds)
S0061,NTRGRESP,NON-CR/NON-PD,504,TA9,protocol response criteria (compiled thresholds)
S0061,NEWLPROG,N,504,TA9,protocol response criteria (compiled thresholds)
S0061,OVRLRESP,PR,504,TA9,protocol response criteria (compiled thresholds)
S0061,TRGRESP,PR,560,TA10,protocol response criteria (compiled thresholds)
S0061,NTRGRESP,NON-CR/NON-PD,560,TA10,protocol response criteria (compiled thresholds)
S0061,NEWLPROG,N,560,TA10,protocol response criteria (compiled thresholds)
S0061,OVRLRESP,PR,560,TA10,protocol response criteria (compiled thresholds)
S0061,TRGRESP,PR,616,TA11,protocol response criteria (compiled thresholds)
S0061,NTRGRESP,NON-CR/NON-PD,616,TA11,protocol response criteria (compiled thresholds)
S0061,NEWLPROG,N,616,TA11,protocol response criteria (compiled thresholds)
S0061,OVRLRESP,PR,616,TA11,protocol response criteria (compiled thresholds)
S0061,TRGRESP,PR,672,TA12,protocol response criteria (compiled thresholds)
S0061,NTRGRESP,NON-CR/NON-PD,672,TA12,protocol response criteria (compiled thresholds)
S0061,NEWLPROG,N,672,TA12,protocol response criteria (compiled thresholds)
S0061,OVRLRESP,PR,672,TA12,protocol response criteria (compiled thresholds)
S0061,TRGRESP,PR,728,TA13,protocol response criteria (compiled thresholds)
S0061,NTRGRESP,NON-CR/NON-PD,728,TA13,protocol response criteria (compiled thresholds)
S0061,NEWLPROG,N,728,TA13,protocol response criteria (compiled thresholds)
S0061,OVRLRESP,PR,728,TA13,protocol response criteria (compiled thresholds)
S0061,TRGRESP,PR,784,TA14,protocol response criteria (compiled thresholds)
S0061,NTRGRESP,NON-CR/NON-PD,784,TA14,protocol response criteria (compiled thresholds)
S0061,NEWLPROG,N,784,TA14,protocol response criteria (compiled thresholds)
S0061,OVRLRESP,PR,784,TA14,protocol response criteria (compiled thresholds)
S0061,TRGRESP,PR,840,TA15,protocol response criteria (compiled thresholds)
S0061,NTRGRESP,NON-CR/NON-PD,840,TA15,protocol response criteria (compiled thresholds)
S0061,NEWLPROG,N,840,TA15,protocol response criteria (compiled thresholds)
S0061,OVRLRESP,PR,840,TA15,protocol response criteria (compiled thresholds)
S0061,TRGRESP,PR,896,TA16,protocol response criteria (compiled thresholds)
S0061,NTRGRESP,NON-CR/NON-PD,896,TA16,protocol response criteria (compiled thresholds)
S0061,NEWLPROG,N,896,TA16,protocol response criteria (compiled thresholds)
S0061,OVRLRESP,PR,896,TA16,protocol response criteria (compiled thresholds)
S0061,TRGRESP,PR,952,TA17,protocol response criteria (compiled thresholds)
S0061,NTRGRESP,NON-CR/NON-PD,952,TA17,protocol response criteria (compiled thresholds)
S0061,NEWLPROG,N,952,TA17,protocol response criteria (compiled thresholds)
S0061,OVRLRESP,PR,952,TA17,protocol response criteria (compiled thresholds)
S0061,TRGRESP,PR,1008,TA18,protocol response criteria (compiled thresholds)
S0061,NTRGRESP,NON-CR/NON-PD,1008,TA18,protocol response criteria (compiled thresholds)
S0061,NEWLPROG,N,1008,TA18,protocol response criteria (compiled thresholds)
S0061,OVRLRESP,PR,1008,TA18,protocol response criteria (compiled thresholds)
S0061,TRGRESP,PR,1064,TA19,protocol response criteria (compiled thresholds)
S0061,NTRGRESP,NON-CR/NON-PD,1064,TA19,protocol response criteria (compiled thresholds)
S0061,NEWLPROG,N,1064,TA19,protocol response criteria (compiled thresholds)
S0061,OVRLRESP,PR,1064,TA19,protocol response criteria (compiled thresholds)
S0061,TRGRESP,PR,1120,TA20,protocol response criteria (compiled thresholds)
S0061,NTRGRESP,NON-CR/NON-PD,1120,TA20,protocol response criteria (compiled thresholds)
S0061,NEWLPROG,N,1120,TA20,protocol response criteria (compiled thresholds)
S0061,OVRLRESP,PR,1120,TA20,protocol response criteria (compiled thresholds)
S0061,TRGRESP,PR,1176,TA21,protocol response criteria (compiled thresholds)
S0061,NTRGRESP,NON-CR/NON-PD,1176,TA21,protocol response criteria (compiled thresholds)
S0061,NEWLPROG,N,1176,TA21,protocol response criteria (compiled thresholds)
S0061,OVRLRESP,PR,1176,TA21,protocol response criteria (compiled thresholds)
S0061,TRGRESP,PR,1232,TA22,protocol response criteria (compiled thresholds)
S0061,NTRGRESP,NON-CR/NON-PD,1232,TA22,protocol response criteria (compiled thresholds)
S0061,NEWLPROG,N,1232,TA22,protocol response criteria (compiled thresholds)
S0061,OVRLRESP,PR,1232,TA22,protocol response criteria (compiled thresholds)
S0061,TRGRESP,PR,1288,TA23,protocol response criteria (compiled thresholds)
S0061,NTRGRESP,NON-CR/NON-PD,1288,TA23,protocol response criteria (compiled thresholds)
S0061,NEWLPROG,N,1288,TA23,protocol response criteria (compiled thresholds)
S0061,OVRLRESP,PR,1288,TA23,protocol response criteria (compiled thresholds)
S0061,TRGRESP,PR,1344,TA24,protocol response criteria (compiled thresholds)
S0061,NTRGRESP,NON-CR/NON-PD,1344,TA24,protocol response criteria (compiled thresholds)
S0061,NEWLPROG,N,1344,TA24,protocol response criteria (compiled thresholds)
S0061,OVRLRESP,PR,1344,TA24,protocol response criteria (compiled thresholds)
S0061,TRGRESP,PR,1400,TA25,protocol response criteria (compiled thresholds)
S0061,NTRGRESP,NON-CR/NON-PD,1400,TA25,protocol response criteria (compiled thresholds)
S0061,NEWLPROG,N,1400,TA25,protocol response criteria (compiled thresholds)
S0061,OVRLRESP,PR,1400,TA25,protocol response criteria (compiled thresholds)
S0061,TRGRESP,PR,1456,TA26,protocol response criteria (compiled thresholds)
S0061,NTRGRESP,NON-CR/NON-PD,1456,TA26,protocol response criteria (compiled thresholds)
S0061,NEWLPROG,N,1456,TA26,protocol response criteria (compiled thresholds)
S0061,OVRLRESP,PR,1456,TA26,protocol response criteria (compiled thresholds)
S0061,TRGRESP,PR,1512,TA27,protocol response criteria (compiled thresholds)
S0061,NTRGRESP,NON-CR/NON-PD,1512,TA27,protocol response criteria (compiled thresholds)
S0061,NEWLPROG,N,1512,TA27,protocol response criteria (compiled thresholds)
S0061,OVRLRESP,PR,1512,TA27,protocol response criteria (compiled thresholds)
S0061,TRGRESP,PR,1568,TA28,protocol response criteria (compiled thresholds)
S0061,NTRGRESP,NON-CR/NON-PD,1568,TA28,protocol response criteria (compiled thresholds)
S0061,NEWLPROG,N,1568,TA28,protocol response criteria (compiled thresholds)
S0061,OVRLRESP,PR,1568,TA28,protocol response criteria (compiled thresholds)
S0061,TRGRESP,PR,1624,TA29,protocol response criteria (compiled thresholds)
S0061,NTRGRESP,NON-CR/NON-PD,1624,TA29,protocol response criteria (compiled thresholds)
S0061,NEWLPROG,N,1624,TA29,protocol response criteria (compiled thresholds)
S0061,OVRLRESP,PR,1624,TA29,protocol response criteria (compiled thresholds)
S0061,TRGRESP,PR,1680,TA30,protocol response criteria (compiled thresholds)
S0061,NTRGRESP,NON-CR/NON-PD,1680,TA30,protocol response criteria (compiled thresholds)
S0061,NEWLPROG,N,1680,TA30,protocol response criteria (compiled thresholds)
S0061,OVRLRESP,PR,1680,TA30,protocol response criteria (compiled thresholds)
S0061,TRGRESP,PR,1736,TA31,protocol response criteria (compiled thresholds)
S0061,NTRGRESP,NON-CR/NON-PD,1736,TA31,protocol response criteria (compiled thresholds)
S0061,NEWLPROG,N,1736,TA31,protocol response criteria (compiled thresholds)
S0061,OVRLRESP,PR,1736,TA31,protocol response criteria (compiled thresholds)
S0061,TRGRESP,PR,1792,TA32,protocol response criteria (compiled thresholds)
S0061,NTRGRESP,NON-CR/NON-PD,1792,TA32,protocol response criteria (compiled thresholds)
S0061,NEWLPROG,N,1792,TA32,protocol response criteria (compiled thresholds)
S0061,OVRLRESP,PR,1792,TA32,protocol response criteria (compiled thresholds)
S0061,TRGRESP,PR,1848,TA33,protocol response criteria (compiled thresholds)
S0061,NTRGRESP,NON-CR/NON-PD,1848,TA33,protocol response criteria (compiled thresholds)
S0061,NEWLPROG,N,1848,TA33,protocol response criteria (compiled thresholds)
S0061,OVRLRESP,PR,1848,TA33,protocol response criteria (compiled thresholds)
S0061,TRGRESP,PR,1904,TA34,protocol response criteria (compiled thresholds)
S0061,NTRGRESP,NON-CR/NON-PD,1904,TA34,protocol response criteria (compiled thresholds)
S0061,NEWLPROG,N,1904,TA34,protocol response criteria (compiled thresholds)
S0061,OVRLRESP,PR,1904,TA34,protocol response criteria (compiled thresholds)
S0061,TRGRESP,PR,1960,TA35,protocol response criteria (compiled thresholds)
S0061,NTRGRESP,NON-CR/NON-PD,1960,TA35,protocol response criteria (compiled thresholds)
S0061,NEWLPROG,N,1960,TA35,protocol response criteria (compiled thresholds)
S0061,OVRLRESP,PR,1960,TA35,protocol response criteria (compiled thresholds)
S0061,TRGRESP,PR,2016,TA36,protocol response criteria (compiled thresholds)
S0061,NTRGRESP,NON-CR/NON-PD,2016,TA36,protocol response criteria (compiled thresholds)
S0061,NEWLPROG,N,2016,TA36,protocol response criteria (compiled thresholds)
S0061,OVRLRESP,PR,2016,TA36,protocol response criteria (compiled thresholds)
S0061,TRGRESP,PR,2072,TA37,protocol response criteria (compiled thresholds)
S0061,NTRGRESP,NON-CR/NON-PD,2072,TA37,protocol response criteria (compiled thresholds)
S0061,NEWLPROG,N,2072,TA37,protocol response criteria (compiled thresholds)
S0061,OVRLRESP,PR,2072,TA37,protocol response criteria (compiled thresholds)
S0062,TRGRESP,PR,56,TA1,protocol response criteria (compiled thresholds)
S0062,NTRGRESP,NON-CR/NON-PD,56,TA1,protocol response criteria (compiled thresholds)
S0062,NEWLPROG,N,56,TA1,protocol response criteria (compiled thresholds)
S0062,OVRLRESP,PR,56,TA1,protocol response criteria (compiled thresholds)
S0062,TRGRESP,PR,112,TA2,protocol response criteria (compiled thresholds)
S0062,NTRGRESP,NON-CR/NON-PD,112,TA2,protocol response criteria (compiled thresholds)
S0062,NEWLPROG,Y,112,TA2,protocol response criteria (compiled thresholds)
S0062,OVRLRESP,PD,112,TA2,protocol response criteria (compiled thresholds)
S0063,TRGRESP,SD,56,TA1,protocol response criteria (compiled thresholds)
S0063,NTRGRESP,NON-CR/NON-PD,56,TA1,protocol response criteria (compiled thresholds)
S0063,NEWLPROG,N,56,TA1,protocol response criteria (compiled thresholds)
S0063,OVRLRESP,SD,56,TA1,protocol response criteria (compiled thresholds)
S0063,TRGRESP,PR,112,TA2,protocol response criteria (compiled thresholds)
S0063,NTRGRESP,NON-CR/NON-PD,112,TA2,protocol response criteria (compiled thresholds)
S0063,NEWLPROG,N,112,TA2,protocol response criteria (compiled thresholds)
S0063,OVRLRESP,PR,112,TA2,protocol response criteria (compiled thresholds)
S0063,TRGRESP,PR,168,TA3,protocol response criteria (compiled thresholds)
S0063,NTRGRESP,NON-CR/NON-PD,168,TA3,protocol response criteria (compiled thresholds)
S0063,NEWLPROG,N,168,TA3,protocol response criteria (compiled thresholds)
S0063,OVRLRESP,PR,168,TA3,protocol response criteria (compiled thresholds)
S0063,TRGRESP,PR,224,TA4,protocol response criteria (compiled thresholds)
S0063,NTRGRESP,NON-CR/NON-PD,224,TA4,protocol response criteria (compiled thresholds)
S0063,NEWLPROG,N,224,TA4,protocol response criteria (compiled thresholds)
S0063,OVRLRESP,PR,224,TA4,protocol response criteria (compiled thresholds)
S0063,TRGRESP,PR,280,TA5,protocol response criteria (compiled thresholds)
S0063,NTRGRESP,NON-CR/NON-PD,280,TA5,protocol response criteria (compiled thresholds)
S0063,NEWLPROG,N,280,TA5,protocol response criteria (compiled thresholds)
S0063,OVRLRESP,PR,280,TA5,protocol response criteria (compiled thresholds)
S0063,TRGRESP,PR,336,TA6,protocol response criteria (compiled thresholds)
S0063,NTRGRESP,NON-CR/NON-PD,336,TA6,protocol response criteria (compiled thresholds)
S0063,NEWLPROG,N,336,TA6,protocol response criteria (compiled thresholds)
S0063,OVRLRESP,PR,336,TA6,protocol response criteria (compiled thresholds)
S0063,TRGRESP,PR,392,TA7,protocol response criteria (compiled thresholds)
S0063,NTRGRESP,NON-CR/NON-PD,392,TA7,protocol response criteria (compiled thresholds)
S0063,NEWLPROG,N,392,TA7,protocol response criteria (compiled thresholds)
S0063,OVRLRESP,PR,392,TA7,protocol response criteria (compiled thresholds)
S0064,TRGRESP,SD,56,TA1,protocol response criteria (compiled thresholds)
S0064,NTRGRESP,NONE,56,TA1,protocol response criteria (compiled thresholds)
S0064,NEWLPROG,N,56,TA1,protocol response criteria (compiled thresholds)
S0064,OVRLRESP,SD,56,TA1,protocol response criteria (compiled thresholds)
S0064,TRGRESP,SD,112,TA2,protocol response criteria (compiled thresholds)
S0064,NTRGRESP,NONE,112,TA2,protocol response criteria (compiled thresholds)
S0064,NEWLPROG,N,112,TA2,protocol response criteria (compiled thresholds)
S0064,OVRLRESP,SD,112,TA2,protocol response criteria (compiled thresholds)
S0064,TRGRESP,SD,168,TA3,protocol response criteria (compiled thresholds)
S0064,NTRGRESP,NONE,168,TA3,protocol response criteria (compiled thresholds)
S0064,NEWLPROG,N,168,TA3,protocol response criteria (compiled thresholds)
S0064,OVRLRESP,SD,168,TA3,protocol response criteria (compiled thresholds)
S0064,TRGRESP,SD,224,TA4,protocol response criteria (compiled thresholds)
S0064,NTRGRESP,NONE,224,TA4,protocol response criteria (compiled thresholds)
S0064,NEWLPROG,N,224,TA4,protocol response criteria (compiled thresholds)
S0064,OVRLRESP,SD,224,TA4,protocol response criteria (compiled thresholds)
S0064,TRGRESP,SD,280,TA5,protocol response criteria (compiled thresholds)
S0064,NTRGRESP,NONE,280,TA5,protocol response criteria (compiled thresholds)
S0064,NEWLPROG,N,280,TA5,protocol response criteria (compiled thresholds)
S0064,OVRLRESP,SD,280,TA5,protocol response criteria (compiled thresholds)
S0064,TRGRESP,SD,336,TA6,protocol response criteria (compiled thresholds)
S0064,NTRGRESP,NONE,336,TA6,protocol response criteria (compiled thresholds)
S0064,NEWLPROG,N,336,TA6,protocol response criteria (compiled thresholds)
S0064,OVRLRESP,SD,336,TA6,protocol response criteria (compiled thresholds)
S0064,TRGRESP,SD,392,TA7,protocol response criteria (compiled thresholds)
S0064,NTRGRESP,NONE,392,TA7,protocol response criteria (compiled thresholds)
S0064,NEWLPROG,N,392,TA7,protocol response criteria (compiled thresholds)
S0064,OVRLRESP,SD,392,TA7,protocol response criteria (compiled thresholds)
S0064,TRGRESP,SD,448,TA8,protocol response criteria (compiled thresholds)
S0064,NTRGRESP,NONE,448,TA8,protocol response criteria (compiled thresholds)
S0064,NEWLPROG,N,448,TA8,protocol response criteria (compiled thresholds)
S0064,OVRLRESP,SD,448,TA8,protocol response criteria (compiled thresholds)
S0064,TRGRESP,SD,504,TA9,protocol response criteria (compiled thresholds)
S0064,NTRGRESP,NONE,504,TA9,protocol response criteria (compiled thresholds)
S0064,NEWLPROG,N,504,TA9,protocol response criteria (compiled thresholds)
S0064,OVRLRESP,SD,504,TA9,protocol response criteria (compiled thresholds)
S0064,TRGRESP,SD,560,TA10,protocol response criteria (compiled thresholds)
S0064,NTRGRESP,NONE,560,TA10,protocol response criteria (compiled thresholds)
S0064,NEWLPROG,N,560,TA10,protocol response criteria (compiled thresholds)
S0064,OVRLRESP,SD,560,TA10,protocol response criteria (compiled thresholds)
S0064,TRGRESP,SD,616,TA11,protocol response criteria (compiled thresholds)
S0064,NTRGRESP,NONE,616,TA11,protocol response criteria (compiled thresholds)
S0064,NEWLPROG,N,616,TA11,protocol response criteria (compiled thresholds)
S0064,OVRLRESP,SD,616,TA11,protocol response criteria (compiled thresholds)
S0064,TRGRESP,SD,672,TA12,protocol response criteria (compiled thresholds)
S0064,NTRGRESP,NONE,672,TA12,protocol response criteria (compiled thresholds)
S0064,NEWLPROG,N,672,TA12,protocol response criteria (compiled thresholds)
S0064,OVRLRESP,SD,672,TA12,protocol response criteria (compiled thresholds)
S0064,TRGRESP,SD,728,TA13,protocol response criteria (compiled thresholds)
S0064,NTRGRESP,NONE,728,TA13,protocol response criteria (compiled thresholds)
S0064,NEWLPROG,N,728,TA13,protocol response criteria (compiled thresholds)
S0064,OVRLRESP,SD,728,TA13,protocol response criteria (compiled thresholds)
S0064,TRGRESP,SD,784,TA14,protocol response criteria (compiled thresholds)
S0064,NTRGRESP,NONE,784,TA14,protocol response criteria (compiled thresholds)
S0064,NEWLPROG,N,784,TA14,protocol response criteria (compiled thresholds)
S0064,OVRLRESP,SD,784,TA14,protocol response criteria (compiled thresholds)
S0064,TRGRESP,SD,840,TA15,protocol response criteria (compiled thresholds)
S0064,NTRGRESP,NONE,840,TA15,protocol response criteria (compiled thresholds)
S0064,NEWLPROG,N,840,TA15,protocol response criteria (compiled thresholds)
S0064,OVRLRESP,SD,840,TA15,protocol response criteria (compiled thresholds)
S0064,TRGRESP,PD,896,TA16,protocol response criteria (compiled thresholds)
S0064,NTRGRESP,NONE,896,TA16,protocol response criteria (compiled thresholds)
S0064,NEWLPROG,N,896,TA16,protocol response criteria (compiled thresholds)
S0064,OVRLRESP,PD,896,TA16,protocol response criteria (compiled thresholds)
S0065,TRGRESP,SD,56,TA1,protocol response criteria (compiled thresholds)
S0065,NTRGRESP,NON-CR/NON-PD,56,TA1,protocol response criteria (compiled thresholds)
S0065,NEWLPROG,N,56,TA1,protocol response criteria (compiled thresholds)
S0065,OVRLRESP,SD,56,TA1,protocol response criteria (compiled thresholds)
S0065,TRGRESP,SD,112,TA2,protocol response criteria (compiled thresholds)
S0065,NTRGRESP,NON-CR/NON-PD,112,TA2,protocol response criteria (compiled thresholds)
S0065,NEWLPROG,N,112,TA2,protocol response criteria (compiled thresholds)
S0065,OVRLRESP,SD,112,TA2,protocol response criteria (compiled thresholds)
S0065,TRGRESP,SD,168,TA3,protocol response criteria (compiled thresholds)
S0065,NTRGRESP,NON-CR/NON-PD,168,TA3,protocol response criteria (compiled thresholds)
S0065,NEWLPROG,N,168,TA3,protocol response criteria (compiled thresholds)
S0065,OVRLRESP,SD,168,TA3,protocol response criteria (compiled thresholds)
S0065,TRGRESP,SD,224,TA4,protocol response criteria (compiled thresholds)
S0065,NTRGRESP,NON-CR/NON-PD,224,TA4,protocol response criteria (compiled thresholds)
S0065,NEWLPROG,N,224,TA4,protocol response criteria (compiled thresholds)
S0065,OVRLRESP,SD,224,TA4,protocol response criteria (compiled thresholds)
S0065,TRGRESP,SD,280,TA5,protocol response criteria (compiled thresholds)
S0065,NTRGRESP,NON-CR/NON-PD,280,TA5,protocol response criteria (compiled thresholds)
S0065,NEWLPROG,N,280,TA5,protocol response criteria (compiled thresholds)
S0065,OVRLRESP,SD,280,TA5,protocol response criteria (compiled thresholds)
S0065,TRGRESP,SD,336,TA6,protocol response criteria (compiled thresholds)
S0065,NTRGRESP,NON-CR/NON-PD,336,TA6,protocol response criteria (compiled thresholds)
S0065,NEWLPROG,N,336,TA6,protocol response criteria (compiled thresholds)
S0065,OVRLRESP,SD,336,TA6,protocol response criteria (compiled thresholds)
S0065,TRGRESP,SD,392,TA7,protocol response criteria (compiled thresholds)
S0065,NTRGRESP,NON-CR/NON-PD,392,TA7,protocol response criteria (compiled thresholds)
S0065,NEWLPROG,N,392,TA7,protocol response criteria (compiled thresholds)
S0065,OVRLRESP,SD,392,TA7,protocol response criteria (compiled thresholds)
S0065,TRGRESP,SD,448,TA8,protocol response criteria (compiled thresholds)
S0065,NTRGRESP,NON-CR/NON-PD,448,TA8,protocol response criteria (compiled thresholds)
S0065,NEWLPROG,N,448,TA8,protocol response criteria (compiled thresholds)
S0065,OVRLRESP,SD,448,TA8,protocol response criteria (compiled thresholds)
S0065,TRGRESP,SD,504,TA9,protocol response criteria (compiled thresholds)
S0065,NTRGRESP,NON-CR/NON-PD,504,TA9,protocol response criteria (compiled thresholds)
S0065,NEWLPROG,N,504,TA9,protocol response criteria (compiled thresholds)
S0065,OVRLRESP,SD,504,TA9,protocol response criteria (compiled thresholds)
S0065,TRGRESP,SD,560,TA10,protocol response criteria (compiled thresholds)
S0065,NTRGRESP,NON-CR/NON-PD,560,TA10,protocol response criteria (compiled thresholds)
S0065,NEWLPROG,N,560,TA10,protocol response criteria (compiled thresholds)
S0065,OVRLRESP,SD,560,TA10,protocol response criteria (compiled thresholds)
S0065,TRGRESP,SD,616,TA11,protocol response criteria (compiled thresholds)
S0065,NTRGRESP,NON-CR/NON-PD,616,TA11,protocol response criteria (compiled thresholds)
S0065,NEWLPROG,N,616,TA11,protocol response criteria (compiled thresholds)
S0065,OVRLRESP,SD,616,TA11,protocol response criteria (compiled thresholds)
S0065,TRGRESP,SD,672,TA12,protocol response criteria (compiled thresholds)
S0065,NTRGRESP,NON-CR/NON-PD,672,TA12,protocol response criteria (compiled thresholds)
S0065,NEWLPROG,N,672,TA12,protocol response criteria (compiled thresholds)
S0065,OVRLRESP,SD,672,TA12,protocol response criteria (compiled thresholds)
S0065,TRGRESP,SD,728,TA13,protocol response criteria (compiled thresholds)
S0065,NTRGRESP,NON-CR/NON-PD,728,TA13,protocol response criteria (compiled thresholds)
S0065,NEWLPROG,N,728,TA13,protocol response criteria (compiled thresholds)
S0065,OVRLRESP,SD,728,TA13,protocol response criteria (compiled thresholds)
S0065,TRGRESP,SD,784,TA14,protocol response criteria (compiled thresholds)
S0065,NTRGRESP,NON-CR/NON-PD,784,TA14,protocol response criteria (compiled thresholds)
S0065,NEWLPROG,N,784,TA14,protocol response criteria (compiled thresholds)
S0065,OVRLRESP,SD,784,TA14,protocol response criteria (compiled thresholds)
S0065,TRGRESP,SD,840,TA15,protocol response criteria (compiled thresholds)
S0065,NTRGRESP,NON-CR/NON-PD,840,TA15,protocol response criteria (compiled thresholds)
S0065,NEWLPROG,N,840,TA15,protocol response criteria (compiled thresholds)
S0065,OVRLRESP,SD,840,TA15,protocol response criteria (compiled thresholds)
S0065,TRGRESP,SD,896,TA16,protocol response criteria (compiled thresholds)
S0065,NTRGRESP,NON-CR/NON-PD,896,TA16,protocol response criteria (compiled thresholds)
S0065,NEWLPROG,N,896,TA16,protocol response criteria (compiled thresholds)
S0065,OVRLRESP,SD,896,TA16,protocol response criteria (compiled thresholds)
S0065,TRGRESP,PD,952,TA17,protocol response criteria (compiled thresholds)
S0065,NTRGRESP,NON-CR/NON-PD,952,TA17,protocol response criteria (compiled thresholds)
S0065,NEWLPROG,N,952,TA17,protocol response criteria (compiled thresholds)
S0065,OVRLRESP,PD,952,TA17,protocol response criteria (compiled thresholds)
S0066,TRGRESP,SD,56,TA1,protocol response criteria (compiled thresholds)
S0066,NTRGRESP,NON-CR/NON-PD,56,TA1,protocol response criteria (compiled thresholds)
S0066,NEWLPROG,Y,56,TA1,protocol response criteria (compiled thresholds)
S0066,OVRLRESP,PD,56,TA1,protocol response criteria (compiled thresholds)
S0067,TRGRESP,SD,56,TA1,protocol response criteria (compiled thresholds)
S0067,NTRGRESP,NON-CR/NON-PD,56,TA1,protocol response criteria (compiled thresholds)
S0067,NEWLPROG,N,56,TA1,protocol response criteria (compiled thresholds)
S0067,OVRLRESP,SD,56,TA1,protocol response criteria (compiled thresholds)
S0067,TRGRESP,PR,112,TA2,protocol response criteria (compiled thresholds)
S0067,NTRGRESP,NON-CR/NON-PD,112,TA2,protocol response criteria (compiled thresholds)
S0067,NEWLPROG,N,112,TA2,protocol response criteria (compiled thresholds)
S0067,OVRLRESP,PR,112,TA2,protocol response criteria (compiled thresholds)
S0067,TRGRESP,PR,168,TA3,protocol response criteria (compiled thresholds)
S0067,NTRGRESP,NON-CR/NON-PD,168,TA3,protocol response criteria (compiled thresholds)
S0067,NEWLPROG,N,168,TA3,protocol response criteria (compiled thresholds)
S0067,OVRLRESP,PR,168,TA3,protocol response criteria (compiled thresholds)
S0068,TRGRESP,SD,56,TA1,protocol response criteria (compiled thresholds)
S0068,NTRGRESP,NON-CR/NON-PD,56,TA1,protocol response criteria (compiled thresholds)
S0068,NEWLPROG,N,56,TA1,protocol response criteria (compiled thresholds)
S0068,OVRLRESP,SD,56,TA1,protocol response criteria (compiled thresholds)
S0068,TRGRESP,SD,112,TA2,protocol response criteria (compiled thresholds)
S0068,NTRGRESP,NON-CR/NON-PD,112,TA2,protocol response criteria (compiled thresholds)
S0068,NEWLPROG,N,112,TA2,protocol response criteria (compiled thresholds)
S0068,OVRLRESP,SD,112,TA2,protocol response criteria (compiled thresholds)
S0068,TRGRESP,SD,168,TA3,protocol response criteria (compiled thresholds)
S0068,NTRGRESP,NON-CR/NON-PD,168,TA3,protocol response criteria (compiled thresholds)
S0068,NEWLPROG,N,168,TA3,protocol response criteria (compiled thresholds)
S0068,OVRLRESP,SD,168,TA3,protocol response criteria (compiled thresholds)
S0068,TRGRESP,SD,224,TA4,protocol response criteria (compiled thresholds)
S0068,NTRGRESP,NON-CR/NON-PD,224,TA4,protocol response criteria (compiled thresholds)
S0068,NEWLPROG,Y,224,TA4,protocol response criteria (compiled thresholds)
S0068,OVRLRESP,PD,224,TA4,protocol response criteria (compiled thresholds)
S0069,TRGRESP,PR,56,TA1,protocol response criteria (compiled thresholds)
S0069,NTRGRESP,NONE,56,TA1,protocol response criteria (compiled thresholds)
S0069,NEWLPROG,N,56,TA1,protocol response criteria (compiled thresholds)
S0069,OVRLRESP,PR,56,TA1,protocol response criteria (compiled thresholds)
S0069,TRGRESP,PR,112,TA2,protocol response criteria (compiled thresholds)
S0069,NTRGRESP,NONE,112,TA2,protocol response criteria (compiled thresholds)
S0069,NEWLPROG,N,112,TA2,protocol response criteria (compiled thresholds)
S0069,OVRLRESP,PR,112,TA2,protocol response criteria (compiled thresholds)
S0069,TRGRESP,PR,168,TA3,protocol response criteria (compiled thresholds)
S0069,NTRGRESP,NONE,168,TA3,protocol response criteria (compiled thresholds)
S0069,NEWLPROG,Y,168,TA3,protocol response criteria (compiled thresholds)
S0069,OVRLRESP,PD,168,TA3,protocol response criteria (compiled thresholds)
S0070,TRGRESP,SD,56,TA1,protocol response criteria (compiled thresholds)
S0070,NTRGRESP,NON-CR/NON-PD,56,TA1,protocol response criteria (compiled thresholds)
S0070,NEWLPROG,N,56,TA1,protocol response criteria (compiled thresholds)
S0070,OVRLRESP,SD,56,TA1,protocol response criteria (compiled thresholds)
S0070,TRGRESP,SD,112,TA2,protocol response criteria (compiled thresholds)
S0070,NTRGRESP,NON-CR/NON-PD,112,TA2,protocol response criteria (compiled thresholds)
S0070,NEWLPROG,N,112,TA2,protocol response criteria (compiled thresholds)
S0070,OVRLRESP,SD,112,TA2,protocol response criteria (compiled thresholds)
S0070,TRGRESP,SD,168,TA3,protocol response criteria (compiled thresholds)
S0070,NTRGRESP,NON-CR/NON-PD,168,TA3,protocol response criteria (compiled thresholds)
S0070,NEWLPROG,N,168,TA3,protocol response criteria (compiled thresholds)
S0070,OVRLRESP,SD,168,TA3,protocol response criteria (compiled thresholds)
S0070,TRGRESP,SD,224,TA4,protocol response criteria (compiled thresholds)
S0070,NTRGRESP,NON-CR/NON-PD,224,TA4,protocol response criteria (compiled thresholds)
S0070,NEWLPROG,N,224,TA4,protocol response criteria (compiled thresholds)
S0070,OVRLRESP,SD,224,TA4,protocol response criteria (compiled thresholds)
S0070,TRGRESP,SD,280,TA5,protocol response criteria (compiled thresholds)
S0070,NTRGRESP,NON-CR/NON-PD,280,TA5,protocol response criteria (compiled thresholds)
S0070,NEWLPROG,N,280,TA5,protocol response criteria (compiled thresholds)
S0070,OVRLRESP,SD,280,TA5,protocol response criteria (compiled thresholds)
S0070,TRGRESP,SD,336,TA6,protocol response criteria (compiled thresholds)
S0070,NTRGRESP,NON-CR/NON-PD,336,TA6,protocol response criteria (compiled thresholds)
S0070,NEWLPROG,N,336,TA6,protocol response criteria (compiled thresholds)
S0070,OVRLRESP,SD,336,TA6,protocol response criteria (compiled thresholds)
S0070,TRGRESP,SD,392,TA7,protocol response criteria (compiled thresholds)
S0070,NTRGRESP,NON-CR/NON-PD,392,TA7,protocol response criteria (compiled thresholds)
S0070,NEWLPROG,N,392,TA7,protocol response criteria (compiled thresholds)
S0070,OVRLRESP,SD,392,TA7,protocol response criteria (compiled thresholds)
S0070,TRGRESP,SD,448,TA8,protocol response criteria (compiled thresholds)
S0070,NTRGRESP,NON-CR/NON-PD,448,TA8,protocol response criteria (compiled thresholds)
S0070,NEWLPROG,N,448,TA8,protocol response criteria (compiled thresholds)
S0070,OVRLRESP,SD,448,TA8,protocol response criteria (compiled thresholds)
S0070,TRGRESP,SD,504,TA9,protocol response criteria (compiled thresholds)
S0070,NTRGRESP,NON-CR/NON-PD,504,TA9,protocol response criteria (compiled thresholds)
S0070,NEWLPROG,N,504,TA9,protocol response criteria (compiled thresholds)
S0070,OVRLRESP,SD,504,TA9,protocol response criteria (compiled thresholds)
S0070,TRGRESP,SD,560,TA10,protocol response criteria (compiled thresholds)
S0070,NTRGRESP,NON-CR/NON-PD,560,TA10,protocol response criteria (compiled thresholds)
S0070,NEWLPROG,N,560,TA10,protocol response criteria (compiled thresholds)
S0070,OVRLRESP,SD,560,TA10,protocol response criteria (compiled thresholds)
S0070,TRGRESP,SD,616,TA11,protocol response criteria (compiled thresholds)
S0070,NTRGRESP,NON-CR/NON-PD,616,TA11,protocol response criteria (compiled thresholds)
S0070,NEWLPROG,N,616,TA11,protocol response criteria (compiled thresholds)
S0070,OVRLRESP,SD,616,TA11,protocol response criteria (compiled thresholds)
S0070,TRGRESP,SD,672,TA12,protocol response criteria (compiled thresholds)
S0070,NTRGRESP,NON-CR/NON-PD,672,TA12,protocol response criteria (compiled thresholds)
S0070,NEWLPROG,N,672,TA12,protocol response criteria (compiled thresholds)
S0070,OVRLRESP,SD,672,TA12,protocol response criteria (compiled thresholds)
S0070,TRGRESP,SD,728,TA13,protocol response criteria (compiled thresholds)
S0070,NTRGRESP,NON-CR/NON-PD,728,TA13,protocol response criteria (compiled thresholds)
S0070,NEWLPROG,N,728,TA13,protocol response criteria (compiled thresholds)
S0070,OVRLRESP,SD,728,TA13,protocol response criteria (compiled thresholds)
S0070,TRGRESP,SD,784,TA14,protocol response criteria (compiled thresholds)
S0070,NTRGRESP,NON-CR/NON-PD,784,TA14,protocol response criteria (compiled thresholds)
S0070,NEWLPROG,N,784,TA14,protocol response criteria (compiled thresholds)
S0070,OVRLRESP,SD,784,TA14,protocol response criteria (compiled thresholds)
S0070,TRGRESP,PD,840,TA15,protocol response criteria (compiled thresholds)
S0070,NTRGRESP,NON-CR/NON-PD,840,TA15,protocol response criteria (compiled thresholds)
S0070,NEWLPROG,N,840,TA15,protocol response criteria (compiled thresholds)
S0070,OVRLRESP,PD,840,TA15,protocol response criteria (compiled thresholds)
