USUBJID,EXTRT,CYCLE,EXDOSE,PLANNED_ADMIN,ACTUAL_ADMIN
S0001,carfilzomib,1,20 mg/m2 then 27 mg/m2,6,6
S0001,lenalidomide,1,25 mg,21,21
S0001,dexamethasone,1,40 mg,4,4
S0001,carfilzomib,2,27 mg/m2,6,6
S0001,lenalidomide,2,25 mg,21,21
S0001,dexamethasone,2,40 mg,4,4
S0001,carfilzomib,3,27 mg/m2,6,6
S0001,lenalidomide,3,25 mg,21,21
S0001,dexamethasone,3,40 mg,4,4
S0001,carfilzomib,4,27 mg/m2,6,6
S0001,lenalidomide,4,25 mg,21,21
S0001,dexamethasone,4,40 mg,4,4
S0001,carfilzomib,5,27 mg/m2,6,6
S0001,lenalidomide,5,25 mg,21,21
S0001,dexamethasone,5,40 mg,4,4
S0001,carfilzomib,6,27 mg/m2,6,6
S0001,lenalidomide,6,25 mg,21,21
S0001,dexamethasone,6,40 mg,4,4
S0001,carfilzomib,7,27 mg/m2,6,6
S0001,lenalidomide,7,25 mg,21,21
S0001,dexamethasone,7,40 mg,4,4
S0001,carfilzomib,8,27 mg/m2,6,6
S0001,lenalidomide,8,25 mg,21,21
S0001,dexamethasone,8,40 mg,4,4
S0001,carfilzomib,9,27 mg/m2,6,6
S0001,lenalidomide,9,25 mg,21,21
S0001,dexamethasone,9,40 mg,4,4
S0001,carfilzomib,10,27 mg/m2,6,6
S0001,lenalidomide,10,25 mg,21,21
S0001,dexamethasone,10,40 mg,4,4
S0001,carfilzomib,11,27 mg/m2,6,6
S0001,lenalidomide,11,25 mg,21,21
S0001,dexamethasone,11,40 mg,4,4
S0001,carfilzomib,12,27 mg/m2,6,6
S0001,lenalidomide,12,25 mg,21,21
S0001,dexamethasone,12,40 mg,4,4
S0002,carfilzomib,1,20 mg/m2 then 27 mg/m2,6,6
S0002,lenalidomide,1,25 mg,21,21
S0002,dexamethasone,1,40 mg,4,4
S0002,carfilzomib,2,27 mg/m2,6,6
S0002,lenalidomide,2,25 mg,21,21
S0002,dexamethasone,2,40 mg,4,4
S0002,carfilzomib,3,27 mg/m2,6,6
S0002,lenalidomide,3,25 mg,21,21
S0002,dexamethasone,3,40 mg,4,4
S0002,carfilzomib,4,27 mg/m2,6,6
S0002,lenalidomide,4,25 mg,21,21
S0002,dexamethasone,4,40 mg,4,4
S0002,carfilzomib,5,27 mg/m2,6,6
S0002,lenalidomide,5,25 mg,21,21
S0002,dexamethasone,5,40 mg,4,4
S0002,carfilzomib,6,27 mg/m2,6,6
S0002,lenalidomide,6,25 mg,21,21
S0002,dexamethasone,6,40 mg,4,4
S0002,carfilzomib,7,27 mg/m2,6,6
S0002,lenalidomide,7,25 mg,21,21
S0002,dexamethasone,7,40 mg,4,4
S0002,carfilzomib,8,27 mg/m2,6,6
S0002,lenalidomide,8,25 mg,21,21
S0002,dexamethasone,8,40 mg,4,4
S0002,carfilzomib,9,27 mg/m2,6,6
S0002,lenalidomide,9,25 mg,21,21
S0002,dexamethasone,9,40 mg,4,4
S0002,carfilzomib,10,27 mg/m2,6,6
S0002,lenalidomide,10,25 mg,21,21
S0002,dexamethasone,10,40 mg,4,4
S0002,carfilzomib,11,27 mg/m2,6,6
S0002,lenalidomide,11,25 mg,21,21
S0002,dexamethasone,11,40 mg,4,4
S0002,carfilzomib,12,27 mg/m2,6,6
S0002,lenalidomide,12,25 mg,21,21
S0002,dexamethasone,12,40 mg,4,4
S0003,carfilzomib,1,20 mg/m2 then 56 mg/m2,3,3
S0003,lenalidomide,1,25 mg,21,21
S0003,dexamethasone,1,40 mg,4,4
S0003,carfilzomib,2,56 mg/m2,3,3
S0003,lenalidomide,2,25 mg,21,21
S0003,dexamethasone,2,40 mg,4,4
S0003,carfilzomib,3,56 mg/m2,3,3
S0003,lenalidomide,3,25 mg,21,21
S0003,dexamethasone,3,40 mg,4,4
S0003,carfilzomib,4,56 mg/m2,3,2
S0003,lenalidomide,4,25 mg,21,21
S0003,dexamethasone,4,40 mg,4,4
S0003,carfilzomib,5,56 mg/m2,3,3
S0003,lenalidomide,5,25 mg,21,21
S0003,dexamethasone,5,40 mg,4,4
S0003,carfilzomib,6,56 mg/m2,3,3
S0003,lenalidomide,6,25 mg,21,21
S0003,dexamethasone,6,40 mg,4,4
S0003,carfilzomib,7,56 mg/m2,3,3
S0003,lenalidomide,7,25 mg,21,21
S0003,dexamethasone,7,40 mg,4,4
S0003,carfilzomib,8,56 mg/m2,3,3
S0003,lenalidomide,8,25 mg,21,21
S0003,dexamethasone,8,40 mg,4,4
S0003,carfilzomib,9,56 mg/m2,3,3
S0003,lenalidomide,9,25 mg,21,21
S0003,dexamethasone,9,40 mg,4,4
S0003,carfilzomib,10,56 mg/m2,3,3
S0003,lenalidomide,10,25 mg,21,21
S0003,dexamethasone,10,40 mg,4,4
S0003,carfilzomib,11,56 mg/m2,3,3
S0003,lenalidomide,11,25 mg,21,21
S0003,dexamethasone,11,40 mg,4,4
S0003,carfilzomib,12,56 mg/m2,3,3
S0003,lenalidomide,12,25 mg,21,21
S0003,dexamethasone,12,40 mg,4,4
S0004,carfilzomib,1,20 mg/m2 then 27 mg/m2,6,6
S0004,lenalidomide,1,25 mg,21,21
S0004,dexamethasone,1,40 mg,4,4
S0004,carfilzomib,2,27 mg/m2,6,6
S0004,lenalidomide,2,25 mg,21,21
S0004,dexamethasone,2,40 mg,4,4
S0004,carfilzomib,3,27 mg/m2,6,6
S0004,lenalidomide,3,25 mg,21,21
S0004,dexamethasone,3,40 mg,4,4
S0004,carfilzomib,4,27 mg/m2,6,6
S0004,lenalidomide,4,25 mg,21,21
S0004,dexamethasone,4,40 mg,4,4
S0004,carfilzomib,5,27 mg/m2,6,6
S0004,lenalidomide,5,25 mg,21,21
S0004,dexamethasone,5,40 mg,4,4
S0004,carfilzomib,6,27 mg/m2,6,6
S0004,lenalidomide,6,25 mg,21,21
S0004,dexamethasone,6,40 mg,4,4
S0004,carfilzomib,7,27 mg/m2,6,6
S0004,lenalidomide,7,25 mg,21,21
S0004,dexamethasone,7,40 mg,4,4
S0004,carfilzomib,8,27 mg/m2,6,6
S0004,lenalidomide,8,25 mg,21,21
S0004,dexamethasone,8,40 mg,4,4
S0004,carfilzomib,9,27 mg/m2,6,6
S0004,lenalidomide,9,25 mg,21,21
S0004,dexamethasone,9,40 mg,4,4
S0004,carfilzomib,10,27 mg/m2,6,6
S0004,lenalidomide,10,25 mg,21,21
S0004,dexamethasone,10,40 mg,4,4
S0004,carfilzomib,11,27 mg/m2,6,6
S0004,lenalidomide,11,25 mg,21,21
S0004,dexamethasone,11,40 mg,4,4
S0004,carfilzomib,12,27 mg/m2,6,6
S0004,lenalidomide,12,25 mg,20,20
S0004,dexamethasone,12,40 mg,3,3
S0005,carfilzomib,1,20 mg/m2 then 56 mg/m2,3,3
S0005,lenalidomide,1,25 mg,21,21
S0005,dexamethasone,1,40 mg,4,4
S0005,carfilzomib,2,56 mg/m2,3,3
S0005,lenalidomide,2,25 mg,21,21
S0005,dexamethasone,2,40 mg,4,4
S0005,carfilzomib,3,56 mg/m2,3,3
S0005,lenalidomide,3,25 mg,21,21
S0005,dexamethasone,3,40 mg,4,4
S0005,carfilzomib,4,56 mg/m2,3,2
S0005,lenalidomide,4,25 mg,21,21
S0005,dexamethasone,4,40 mg,4,4
S0005,carfilzomib,5,56 mg/m2,3,3
S0005,lenalidomide,5,25 mg,21,21
S0005,dexamethasone,5,40 mg,4,4
S0005,carfilzomib,6,56 mg/m2,3,3
S0005,lenalidomide,6,25 mg,21,21
S0005,dexamethasone,6,40 mg,4,4
S0005,carfilzomib,7,56 mg/m2,3,3
S0005,lenalidomide,7,25 mg,21,21
S0005,dexamethasone,7,40 mg,4,4
S0005,carfilzomib,8,56 mg/m2,3,3
S0005,lenalidomide,8,25 mg,21,21
S0005,dexamethasone,8,40 mg,4,4
S0005,carfilzomib,9,56 mg/m2,3,3
S0005,lenalidomide,9,25 mg,21,21
S0005,dexamethasone,9,40 mg,4,4
S0005,carfilzomib,10,56 mg/m2,3,3
S0005,lenalidomide,10,25 mg,21,21
S0005,dexamethasone,10,40 mg,4,4
S0005,carfilzomib,11,56 mg/m2,3,3
S0005,lenalidomide,11,25 mg,21,21
S0005,dexamethasone,11,40 mg,4,4
S0005,carfilzomib,12,56 mg/m2,3,3
S0005,lenalidomide,12,25 mg,21,21
S0005,dexamethasone,12,40 mg,4,4
S0006,carfilzomib,1,20 mg/m2 then 56 mg/m2,3,3
S0006,lenalidomide,1,25 mg,21,21
S0006,dexamethasone,1,40 mg,4,4
S0006,carfilzomib,2,56 mg/m2,3,3
S0006,lenalidomide,2,25 mg,21,21
S0006,dexamethasone,2,40 mg,4,4
S0006,carfilzomib,3,56 mg/m2,3,3
S0006,lenalidomide,3,25 mg,21,21
S0006,dexamethasone,3,40 mg,4,4
S0006,carfilzomib,4,56 mg/m2,3,3
S0006,lenalidomide,4,25 mg,21,21
S0006,dexamethasone,4,40 mg,4,4
S0006,carfilzomib,5,56 mg/m2,3,3
S0006,lenalidomide,5,25 mg,21,21
S0006,dexamethasone,5,40 mg,4,4
S0006,carfilzomib,6,56 mg/m2,3,3
S0006,lenalidomide,6,25 mg,21,21
S0006,dexamethasone,6,40 mg,4,4
S0006,carfilzomib,7,56 mg/m2,3,2
S0006,lenalidomide,7,25 mg,21,21
S0006,dexamethasone,7,40 mg,4,4
S0006,carfilzomib,8,56 mg/m2,3,3
S0006,lenalidomide,8,25 mg,21,21
S0006,dexamethasone,8,40 mg,4,4
S0006,carfilzomib,9,56 mg/m2,3,3
S0006,lenalidomide,9,25 mg,21,21
S0006,dexamethasone,9,40 mg,4,4
S0006,carfilzomib,10,56 mg/m2,3,3
S0006,lenalidomide,10,25 mg,21,21
S0006,dexamethasone,10,40 mg,4,4
S0006,carfilzomib,11,56 mg/m2,3,3
S0006,lenalidomide,11,25 mg,21,21
S0006,dexamethasone,11,40 mg,4,4
S0006,carfilzomib,12,56 mg/m2,3,3
S0006,lenalidomide,12,25 mg,21,21
S0006,dexamethasone,12,40 mg,4,4
S0007,carfilzomib,1,20 mg/m2 then 56 mg/m2,3,3
S0007,lenalidomide,1,25 mg,21,21
S0007,dexamethasone,1,40 mg,4,4
S0007,carfilzomib,2,56 mg/m2,3,2
S0007,lenalidomide,2,25 mg,21,21
S0007,dexamethasone,2,40 mg,4,4
S0007,carfilzomib,3,56 mg/m2,3,3
S0007,lenalidomide,3,25 mg,21,21
S0007,dexamethasone,3,40 mg,4,4
S0007,carfilzomib,4,56 mg/m2,3,2
S0007,lenalidomide,4,25 mg,21,21
S0007,dexamethasone,4,40 mg,4,4
S0007,carfilzomib,5,56 mg/m2,3,3
S0007,lenalidomide,5,25 mg,21,21
S0007,dexamethasone,5,40 mg,4,4
S0007,carfilzomib,6,56 mg/m2,3,3
S0007,lenalidomide,6,25 mg,21,21
S0007,dexamethasone,6,40 mg,4,4
S0007,carfilzomib,7,56 mg/m2,3,3
S0007,lenalidomide,7,25 mg,21,21
S0007,dexamethasone,7,40 mg,4,4
S0007,carfilzomib,8,56 mg/m2,3,3
S0007,lenalidomide,8,25 mg,21,21
S0007,dexamethasone,8,40 mg,4,4
S0007,carfilzomib,9,56 mg/m2,3,3
S0007,lenalidomide,9,25 mg,21,21
S0007,dexamethasone,9,40 mg,4,4
S0007,carfilzomib,10,56 mg/m2,3,2
S0007,lenalidomide,10,25 mg,21,21
S0007,dexamethasone,10,40 mg,4,4
S0007,carfilzomib,11,56 mg/m2,3,3
S0007,lenalidomide,11,25 mg,21,21
S0007,dexamethasone,11,40 mg,4,4
S0007,carfilzomib,12,56 mg/m2,3,3
S0007,lenalidomide,12,25 mg,21,21
S0007,dexamethasone,12,40 mg,4,4
S0008,carfilzomib,1,20 mg/m2 then 56 mg/m2,3,3
S0008,lenalidomide,1,25 mg,21,21
S0008,dexamethasone,1,40 mg,4,4
S0008,carfilzomib,2,56 mg/m2,3,3
S0008,lenalidomide,2,25 mg,21,21
S0008,dexamethasone,2,40 mg,4,4
S0008,carfilzomib,3,56 mg/m2,3,3
S0008,lenalidomide,3,25 mg,21,21
S0008,dexamethasone,3,40 mg,4,4
S0008,carfilzomib,4,56 mg/m2,3,2
S0008,lenalidomide,4,25 mg,21,21
S0008,dexamethasone,4,40 mg,4,4
S0008,carfilzomib,5,56 mg/m2,3,3
S0008,lenalidomide,5,25 mg,21,21
S0008,dexamethasone,5,40 mg,4,4
S0008,carfilzomib,6,56 mg/m2,3,3
S0008,lenalidomide,6,25 mg,21,21
S0008,dexamethasone,6,40 mg,4,4
S0008,carfilzomib,7,56 mg/m2,3,3
S0008,lenalidomide,7,25 mg,21,21
S0008,dexamethasone,7,40 mg,4,4
S0008,carfilzomib,8,56 mg/m2,3,3
S0008,lenalidomide,8,25 mg,21,21
S0008,dexamethasone,8,40 mg,4,4
S0008,carfilzomib,9,56 mg/m2,3,3
S0008,lenalidomide,9,25 mg,21,21
S0008,dexamethasone,9,40 mg,4,4
S0008,carfilzomib,10,56 mg/m2,3,3
S0008,lenalidomide,10,25 mg,21,21
S0008,dexamethasone,10,40 mg,4,4
S0008,carfilzomib,11,56 mg/m2,3,3
S0008,lenalidomide,11,25 mg,21,21
S0008,dexamethasone,11,40 mg,4,4
S0008,carfilzomib,12,56 mg/m2,3,3
S0008,lenalidomide,12,25 mg,21,21
S0008,dexamethasone,12,40 mg,4,4
S0009,carfilzomib,1,20 mg/m2 then 27 mg/m2,6,6
S0009,lenalidomide,1,25 mg,21,21
S0009,dexamethasone,1,40 mg,4,4
S0009,carfilzomib,2,27 mg/m2,6,6
S0009,lenalidomide,2,25 mg,21,21
S0009,dexamethasone,2,40 mg,4,4
S0009,carfilzomib,3,27 mg/m2,6,6
S0009,lenalidomide,3,25 mg,21,21
S0009,dexamethasone,3,40 mg,4,4
S0009,carfilzomib,4,27 mg/m2,6,6
S0009,lenalidomide,4,25 mg,21,21
S0009,dexamethasone,4,40 mg,4,4
S0009,carfilzomib,5,27 mg/m2,6,6
S0009,lenalidomide,5,25 mg,21,21
S0009,dexamethasone,5,40 mg,4,4
S0009,carfilzomib,6,27 mg/m2,6,6
S0009,lenalidomide,6,25 mg,21,21
S0009,dexamethasone,6,40 mg,4,4
S0009,carfilzomib,7,27 mg/m2,6,6
S0009,lenalidomide,7,25 mg,21,21
S0009,dexamethasone,7,40 mg,4,4
S0009,carfilzomib,8,27 mg/m2,6,6
S0009,lenalidomide,8,25 mg,21,21
S0009,dexamethasone,8,40 mg,4,4
S0009,carfilzomib,9,27 mg/m2,6,6
S0009,lenalidomide,9,25 mg,21,21
S0009,dexamethasone,9,40 mg,4,4
S0009,carfilzomib,10,27 mg/m2,6,6
S0009,lenalidomide,10,25 mg,21,21
S0009,dexamethasone,10,40 mg,4,4
S0009,carfilzomib,11,27 mg/m2,6,6
S0009,lenalidomide,11,25 mg,21,21
S0009,dexamethasone,11,40 mg,4,4
S0009,carfilzomib,12,27 mg/m2,6,6
S0009,lenalidomide,12,25 mg,21,21
S0009,dexamethasone,12,40 mg,4,4
S0010,carfilzomib,1,20 mg/m2 then 27 mg/m2,6,6
S0010,lenalidomide,1,25 mg,21,21
S0010,dexamethasone,1,40 mg,4,4
S0010,carfilzomib,2,27 mg/m2,6,6
S0010,lenalidomide,2,25 mg,21,21
S0010,dexamethasone,2,40 mg,4,4
S0010,carfilzomib,3,27 mg/m2,6,6
S0010,lenalidomide,3,25 mg,21,21
S0010,dexamethasone,3,40 mg,4,4
S0010,carfilzomib,4,27 mg/m2,6,6
S0010,lenalidomide,4,25 mg,21,21
S0010,dexamethasone,4,40 mg,4,4
S0010,carfilzomib,5,27 mg/m2,6,6
S0010,lenalidomide,5,25 mg,21,21
S0010,dexamethasone,5,40 mg,4,4
S0010,carfilzomib,6,27 mg/m2,6,6
S0010,lenalidomide,6,25 mg,21,21
S0010,dexamethasone,6,40 mg,4,4
S0010,carfilzomib,7,27 mg/m2,6,5
S0010,lenalidomide,7,25 mg,21,21
S0010,dexamethasone,7,40 mg,4,4
S0010,carfilzomib,8,27 mg/m2,6,6
S0010,lenalidomide,8,25 mg,21,21
S0010,dexamethasone,8,40 mg,4,4
S0010,carfilzomib,9,27 mg/m2,6,6
S0010,lenalidomide,9,25 mg,21,21
S0010,dexamethasone,9,40 mg,4,4
S0010,carfilzomib,10,27 mg/m2,6,6
S0010,lenalidomide,10,25 mg,21,21
S0010,dexamethasone,10,40 mg,4,4
S0010,carfilzomib,11,27 mg/m2,6,6
S0010,lenalidomide,11,25 mg,21,21
S0010,dexamethasone,11,40 mg,4,4
S0010,carfilzomib,12,27 mg/m2,6,5
S0010,lenalidomide,12,25 mg,21,21
S0010,dexamethasone,12,40 mg,4,4
S0011,carfilzomib,1,20 mg/m2 then 27 mg/m2,6,6
S0011,lenalidomide,1,25 mg,21,21
S0011,dexamethasone,1,40 mg,4,4
S0011,carfilzomib,2,27 mg/m2,6,6
S0011,lenalidomide,2,25 mg,21,21
S0011,dexamethasone,2,40 mg,4,4
S0011,carfilzomib,3,27 mg/m2,6,6
S0011,lenalidomide,3,25 mg,21,21
S0011,dexamethasone,3,40 mg,4,4
S0011,carfilzomib,4,27 mg/m2,6,6
S0011,lenalidomide,4,25 mg,21,21
S0011,dexamethasone,4,40 mg,4,4
S0011,carfilzomib,5,27 mg/m2,6,6
S0011,lenalidomide,5,25 mg,21,21
S0011,dexamethasone,5,40 mg,4,4
S0011,carfilzomib,6,27 mg/m2,6,6
S0011,lenalidomide,6,25 mg,21,21
S0011,dexamethasone,6,40 mg,4,4
S0011,carfilzomib,7,27 mg/m2,6,6
S0011,lenalidomide,7,25 mg,21,21
S0011,dexamethasone,7,40 mg,4,4
S0011,carfilzomib,8,27 mg/m2,6,6
S0011,lenalidomide,8,25 mg,21,21
S0011,dexamethasone,8,40 mg,4,4
S0011,carfilzomib,9,27 mg/m2,6,6
S0011,lenalidomide,9,25 mg,21,21
S0011,dexamethasone,9,40 mg,4,4
S0011,carfilzomib,10,27 mg/m2,6,6
S0011,lenalidomide,10,25 mg,21,21
S0011,dexamethasone,10,40 mg,4,4
S0011,carfilzomib,11,27 mg/m2,6,5
S0011,lenalidomide,11,25 mg,21,21
S0011,dexamethasone,11,40 mg,4,4
S0011,carfilzomib,12,27 mg/m2,6,6
S0011,lenalidomide,12,25 mg,21,21
S0011,dexamethasone,12,40 mg,4,4
S0012,carfilzomib,1,20 mg/m2 then 56 mg/m2,3,3
S0012,lenalidomide,1,25 mg,21,21
S0012,dexamethasone,1,40 mg,4,4
S0012,carfilzomib,2,56 mg/m2,3,3
S0012,lenalidomide,2,25 mg,21,21
S0012,dexamethasone,2,40 mg,4,4
S0012,carfilzomib,3,56 mg/m2,3,3
S0012,lenalidomide,3,25 mg,21,21
S0012,dexamethasone,3,40 mg,4,4
S0012,carfilzomib,4,56 mg/m2,3,3
S0012,lenalidomide,4,25 mg,21,21
S0012,dexamethasone,4,40 mg,4,4
S0012,carfilzomib,5,56 mg/m2,3,3
S0012,lenalidomide,5,25 mg,21,21
S0012,dexamethasone,5,40 mg,4,4
S0012,carfilzomib,6,56 mg/m2,3,3
S0012,lenalidomide,6,25 mg,21,21
S0012,dexamethasone,6,40 mg,4,4
S0012,carfilzomib,7,56 mg/m2,3,3
S0012,lenalidomide,7,25 mg,21,21
S0012,dexamethasone,7,40 mg,4,4
S0012,carfilzomib,8,56 mg/m2,3,3
S0012,lenalidomide,8,25 mg,21,21
S0012,dexamethasone,8,40 mg,4,4
S0012,carfilzomib,9,56 mg/m2,3,3
S0012,lenalidomide,9,25 mg,21,21
S0012,dexamethasone,9,40 mg,4,4
S0012,carfilzomib,10,56 mg/m2,3,3
S0012,lenalidomide,10,25 mg,21,21
S0012,dexamethasone,10,40 mg,4,4
S0012,carfilzomib,11,56 mg/m2,3,3
S0012,lenalidomide,11,25 mg,21,21
S0012,dexamethasone,11,40 mg,4,4
S0012,carfilzomib,12,56 mg/m2,3,3
S0012,lenalidomide,12,25 mg,21,21
S0012,dexamethasone,12,40 mg,4,4
S0013,carfilzomib,1,20 mg/m2 then 56 mg/m2,3,3
S0013,lenalidomide,1,25 mg,21,21
S0013,dexamethasone,1,40 mg,4,4
S0013,carfilzomib,2,56 mg/m2,3,3
S0013,lenalidomide,2,25 mg,21,21
S0013,dexamethasone,2,40 mg,4,4
S0013,carfilzomib,3,56 mg/m2,3,2
S0013,lenalidomide,3,25 mg,21,21
S0013,dexamethasone,3,40 mg,4,4
S0013,carfilzomib,4,56 mg/m2,3,3
S0013,lenalidomide,4,25 mg,21,21
S0013,dexamethasone,4,40 mg,4,4
S0013,carfilzomib,5,56 mg/m2,3,2
S0013,lenalidomide,5,25 mg,21,21
S0013,dexamethasone,5,40 mg,4,4
S0013,carfilzomib,6,56 mg/m2,3,3
S0013,lenalidomide,6,25 mg,21,21
S0013,dexamethasone,6,40 mg,4,4
S0013,carfilzomib,7,56 mg/m2,3,3
S0013,lenalidomide,7,25 mg,21,21
S0013,dexamethasone,7,40 mg,4,4
S0013,carfilzomib,8,56 mg/m2,3,3
S0013,lenalidomide,8,25 mg,21,21
S0013,dexamethasone,8,40 mg,4,4
S0013,carfilzomib,9,56 mg/m2,3,2
S0013,lenalidomide,9,25 mg,21,21
S0013,dexamethasone,9,40 mg,4,4
S0013,carfilzomib,10,56 mg/m2,3,3
S0013,lenalidomide,10,25 mg,21,21
S0013,dexamethasone,10,40 mg,4,4
S0013,carfilzomib,11,56 mg/m2,3,3
S0013,lenalidomide,11,25 mg,21,21
S0013,dexamethasone,11,40 mg,4,4
S0013,carfilzomib,12,56 mg/m2,3,3
S0013,lenalidomide,12,25 mg,21,21
S0013,dexamethasone,12,40 mg,4,4
S0014,carfilzomib,1,20 mg/m2,1,1
S0014,lenalidomide,1,25 mg,6,6
S0014,dexamethasone,1,40 mg,1,1
S0015,carfilzomib,1,20 mg/m2 then 56 mg/m2,3,3
S0015,lenalidomide,1,25 mg,21,21
S0015,dexamethasone,1,40 mg,4,4
S0015,carfilzomib,2,56 mg/m2,3,3
S0015,lenalidomide,2,25 mg,17,17
S0015,dexamethasone,2,40 mg,3,3
S0016,carfilzomib,1,20 mg/m2 then 56 mg/m2,3,3
S0016,lenalidomide,1,25 mg,21,21
S0016,dexamethasone,1,40 mg,4,4
S0016,carfilzomib,2,56 mg/m2,3,3
S0016,lenalidomide,2,25 mg,21,21
S0016,dexamethasone,2,40 mg,4,4
S0016,carfilzomib,3,56 mg/m2,3,2
S0016,lenalidomide,3,25 mg,21,21
S0016,dexamethasone,3,40 mg,4,4
S0016,carfilzomib,4,56 mg/m2,3,3
S0016,lenalidomide,4,25 mg,21,21
S0016,dexamethasone,4,40 mg,4,4
S0016,carfilzomib,5,56 mg/m2,3,3
S0016,lenalidomide,5,25 mg,21,21
S0016,dexamethasone,5,40 mg,4,4
S0016,carfilzomib,6,56 mg/m2,3,3
S0016,lenalidomide,6,25 mg,21,21
S0016,dexamethasone,6,40 mg,4,4
S0016,carfilzomib,7,56 mg/m2,3,3
S0016,lenalidomide,7,25 mg,21,21
S0016,dexamethasone,7,40 mg,4,4
S0016,carfilzomib,8,56 mg/m2,3,3
S0016,lenalidomide,8,25 mg,21,21
S0016,dexamethasone,8,40 mg,4,4
S0016,carfilzomib,9,56 mg/m2,3,3
S0016,lenalidomide,9,25 mg,21,21
S0016,dexamethasone,9,40 mg,4,4
S0016,carfilzomib,10,56 mg/m2,3,3
S0016,lenalidomide,10,25 mg,21,21
S0016,dexamethasone,10,40 mg,4,4
S0016,carfilzomib,11,56 mg/m2,3,3
S0016,lenalidomide,11,25 mg,21,21
S0016,dexamethasone,11,40 mg,4,4
S0016,carfilzomib,12,56 mg/m2,3,3
S0016,lenalidomide,12,25 mg,21,21
S0016,dexamethasone,12,40 mg,4,4
S0017,carfilzomib,1,20 mg/m2 then 27 mg/m2,6,6
S0017,lenalidomide,1,25 mg,21,21
S0017,dexamethasone,1,40 mg,4,4
S0017,carfilzomib,2,27 mg/m2,6,6
S0017,lenalidomide,2,25 mg,21,21
S0017,dexamethasone,2,40 mg,4,4
S0017,carfilzomib,3,27 mg/m2,6,5
S0017,lenalidomide,3,25 mg,21,21
S0017,dexamethasone,3,40 mg,4,4
S0017,carfilzomib,4,27 mg/m2,6,6
S0017,lenalidomide,4,25 mg,21,21
S0017,dexamethasone,4,40 mg,4,4
S0017,carfilzomib,5,27 mg/m2,6,6
S0017,lenalidomide,5,25 mg,21,21
S0017,dexamethasone,5,40 mg,4,4
S0017,carfilzomib,6,27 mg/m2,6,6
S0017,lenalidomide,6,25 mg,21,21
S0017,dexamethasone,6,40 mg,4,4
S0017,carfilzomib,7,27 mg/m2,6,6
S0017,lenalidomide,7,25 mg,21,21
S0017,dexamethasone,7,40 mg,4,4
S0017,carfilzomib,8,27 mg/m2,6,6
S0017,lenalidomide,8,25 mg,21,21
S0017,dexamethasone,8,40 mg,4,4
S0017,carfilzomib,9,27 mg/m2,6,6
S0017,lenalidomide,9,25 mg,21,21
S0017,dexamethasone,9,40 mg,4,4
S0017,carfilzomib,10,27 mg/m2,6,6
S0017,lenalidomide,10,25 mg,21,21
S0017,dexamethasone,10,40 mg,4,4
S0017,carfilzomib,11,27 mg/m2,6,6
S0017,lenalidomide,11,25 mg,21,21
S0017,dexamethasone,11,40 mg,4,4
S0017,carfilzomib,12,27 mg/m2,6,6
S0017,lenalidomide,12,25 mg,21,21
S0017,dexamethasone,12,40 mg,4,4
S0018,carfilzomib,1,20 mg/m2 then 56 mg/m2,3,3
S0018,lenalidomide,1,25 mg,21,21
S0018,dexamethasone,1,40 mg,4,4
S0018,carfilzomib,2,56 mg/m2,3,3
S0018,lenalidomide,2,25 mg,21,21
S0018,dexamethasone,2,40 mg,4,4
S0018,carfilzomib,3,56 mg/m2,3,3
S0018,lenalidomide,3,25 mg,21,21
S0018,dexamethasone,3,40 mg,4,4
S0018,carfilzomib,4,56 mg/m2,3,3
S0018,lenalidomide,4,25 mg,21,21
S0018,dexamethasone,4,40 mg,4,4
S0018,carfilzomib,5,56 mg/m2,3,3
S0018,lenalidomide,5,25 mg,21,21
S0018,dexamethasone,5,40 mg,4,4
S0018,carfilzomib,6,56 mg/m2,3,3
S0018,lenalidomide,6,25 mg,21,21
S0018,dexamethasone,6,40 mg,4,4
S0018,carfilzomib,7,56 mg/m2,3,3
S0018,lenalidomide,7,25 mg,21,21
S0018,dexamethasone,7,40 mg,4,4
S0018,carfilzomib,8,56 mg/m2,3,3
S0018,lenalidomide,8,25 mg,21,21
S0018,dexamethasone,8,40 mg,4,4
S0018,carfilzomib,9,56 mg/m2,3,3
S0018,lenalidomide,9,25 mg,21,21
S0018,dexamethasone,9,40 mg,4,4
S0018,carfilzomib,10,56 mg/m2,3,3
S0018,lenalidomide,10,25 mg,21,21
S0018,dexamethasone,10,40 mg,4,4
S0018,carfilzomib,11,56 mg/m2,3,3
S0018,lenalidomide,11,25 mg,21,21
S0018,dexamethasone,11,40 mg,4,4
S0018,carfilzomib,12,56 mg/m2,3,3
S0018,lenalidomide,12,25 mg,21,21
S0018,dexamethasone,12,40 mg,4,4
S0019,carfilzomib,1,20 mg/m2 then 56 mg/m2,3,3
S0019,lenalidomide,1,25 mg,21,21
S0019,dexamethasone,1,40 mg,4,4
S0019,carfilzomib,2,56 mg/m2,3,3
S0019,lenalidomide,2,25 mg,21,21
S0019,dexamethasone,2,40 mg,4,4
S0019,carfilzomib,3,56 mg/m2,3,3
S0019,lenalidomide,3,25 mg,21,21
S0019,dexamethasone,3,40 mg,4,4
S0019,carfilzomib,4,56 mg/m2,3,3
S0019,lenalidomide,4,25 mg,21,21
S0019,dexamethasone,4,40 mg,4,4
S0019,carfilzomib,5,56 mg/m2,3,3
S0019,lenalidomide,5,25 mg,21,21
S0019,dexamethasone,5,40 mg,4,4
S0019,carfilzomib,6,56 mg/m2,3,3
S0019,lenalidomide,6,25 mg,21,21
S0019,dexamethasone,6,40 mg,4,4
S0019,carfilzomib,7,56 mg/m2,3,3
S0019,lenalidomide,7,25 mg,21,21
S0019,dexamethasone,7,40 mg,4,4
S0019,carfilzomib,8,56 mg/m2,3,3
S0019,lenalidomide,8,25 mg,21,21
S0019,dexamethasone,8,40 mg,4,4
S0019,carfilzomib,9,56 mg/m2,3,3
S0019,lenalidomide,9,25 mg,21,21
S0019,dexamethasone,9,40 mg,4,4
S0019,carfilzomib,10,56 mg/m2,3,2
S0019,lenalidomide,10,25 mg,21,21
S0019,dexamethasone,10,40 mg,4,4
S0019,carfilzomib,11,56 mg/m2,3,3
S0019,lenalidomide,11,25 mg,21,21
S0019,dexamethasone,11,40 mg,4,4
S0019,carfilzomib,12,56 mg/m2,3,3
S0019,lenalidomide,12,25 mg,21,21
S0019,dexamethasone,12,40 mg,4,4
S0020,carfilzomib,1,20 mg/m2 then 27 mg/m2,6,6
S0020,lenalidomide,1,25 mg,21,21
S0020,dexamethasone,1,40 mg,4,4
S0020,carfilzomib,2,27 mg/m2,6,6
S0020,lenalidomide,2,25 mg,21,21
S0020,dexamethasone,2,40 mg,4,4
S0020,carfilzomib,3,27 mg/m2,6,6
S0020,lenalidomide,3,25 mg,21,21
S0020,dexamethasone,3,40 mg,4,4
S0020,carfilzomib,4,27 mg/m2,6,6
S0020,lenalidomide,4,25 mg,21,21
S0020,dexamethasone,4,40 mg,4,4
S0020,carfilzomib,5,27 mg/m2,6,6
S0020,lenalidomide,5,25 mg,21,21
S0020,dexamethasone,5,40 mg,4,4
S0020,carfilzomib,6,27 mg/m2,6,6
S0020,lenalidomide,6,25 mg,21,21
S0020,dexamethasone,6,40 mg,4,4
S0020,carfilzomib,7,27 mg/m2,6,6
S0020,lenalidomide,7,25 mg,21,21
S0020,dexamethasone,7,40 mg,4,4
S0020,carfilzomib,8,27 mg/m2,6,6
S0020,lenalidomide,8,25 mg,21,21
S0020,dexamethasone,8,40 mg,4,4
S0020,carfilzomib,9,27 mg/m2,6,6
S0020,lenalidomide,9,25 mg,21,21
S0020,dexamethasone,9,40 mg,4,4
S0020,carfilzomib,10,27 mg/m2,6,6
S0020,lenalidomide,10,25 mg,21,21
S0020,dexamethasone,10,40 mg,4,4
S0020,carfilzomib,11,27 mg/m2,6,6
S0020,lenalidomide,11,25 mg,21,21
S0020,dexamethasone,11,40 mg,4,4
S0020,carfilzomib,12,27 mg/m2,6,6
S0020,lenalidomide,12,25 mg,21,21
S0020,dexamethasone,12,40 mg,4,4
S0021,carfilzomib,1,20 mg/m2 then 27 mg/m2,6,6
S0021,lenalidomide,1,25 mg,21,21
S0021,dexamethasone,1,40 mg,4,4
S0021,carfilzomib,2,27 mg/m2,6,6
S0021,lenalidomide,2,25 mg,21,21
S0021,dexamethasone,2,40 mg,4,4
S0021,carfilzomib,3,27 mg/m2,6,6
S0021,lenalidomide,3,25 mg,21,21
S0021,dexamethasone,3,40 mg,4,4
S0021,carfilzomib,4,27 mg/m2,6,6
S0021,lenalidomide,4,25 mg,21,21
S0021,dexamethasone,4,40 mg,4,4
S0021,carfilzomib,5,27 mg/m2,6,6
S0021,lenalidomide,5,25 mg,21,21
S0021,dexamethasone,5,40 mg,4,4
S0021,carfilzomib,6,27 mg/m2,6,6
S0021,lenalidomide,6,25 mg,21,21
S0021,dexamethasone,6,40 mg,4,4
S0021,carfilzomib,7,27 mg/m2,6,6
S0021,lenalidomide,7,25 mg,21,21
S0021,dexamethasone,7,40 mg,4,4
S0021,carfilzomib,8,27 mg/m2,6,6
S0021,lenalidomide,8,25 mg,21,21
S0021,dexamethasone,8,40 mg,4,4
S0021,carfilzomib,9,27 mg/m2,6,6
S0021,lenalidomide,9,25 mg,21,21
S0021,dexamethasone,9,40 mg,4,4
S0021,carfilzomib,10,27 mg/m2,6,6
S0021,lenalidomide,10,25 mg,21,21
S0021,dexamethasone,10,40 mg,4,4
S0021,carfilzomib,11,27 mg/m2,6,6
S0021,lenalidomide,11,25 mg,21,21
S0021,dexamethasone,11,40 mg,4,4
S0021,carfilzomib,12,27 mg/m2,6,6
S0021,lenalidomide,12,25 mg,21,21
S0021,dexamethasone,12,40 mg,4,4
S0022,carfilzomib,1,20 mg/m2 then 27 mg/m2,6,6
S0022,lenalidomide,1,25 mg,21,21
S0022,dexamethasone,1,40 mg,4,4
S0022,carfilzomib,2,27 mg/m2,6,6
S0022,lenalidomide,2,25 mg,21,21
S0022,dexamethasone,2,40 mg,4,4
S0022,carfilzomib,3,27 mg/m2,6,6
S0022,lenalidomide,3,25 mg,21,21
S0022,dexamethasone,3,40 mg,4,4
S0022,carfilzomib,4,27 mg/m2,6,6
S0022,lenalidomide,4,25 mg,21,21
S0022,dexamethasone,4,40 mg,4,4
S0022,carfilzomib,5,27 mg/m2,6,6
S0022,lenalidomide,5,25 mg,21,21
S0022,dexamethasone,5,40 mg,4,4
S0022,carfilzomib,6,27 mg/m2,6,6
S0022,lenalidomide,6,25 mg,21,21
S0022,dexamethasone,6,40 mg,4,4
S0022,carfilzomib,7,27 mg/m2,6,6
S0022,lenalidomide,7,25 mg,21,21
S0022,dexamethasone,7,40 mg,4,4
S0022,carfilzomib,8,27 mg/m2,6,6
S0022,lenalidomide,8,25 mg,21,21
S0022,dexamethasone,8,40 mg,4,4
S0022,carfilzomib,9,27 mg/m2,6,6
S0022,lenalidomide,9,25 mg,21,21
S0022,dexamethasone,9,40 mg,4,4
S0022,carfilzomib,10,27 mg/m2,6,6
S0022,lenalidomide,10,25 mg,21,21
S0022,dexamethasone,10,40 mg,4,4
S0022,carfilzomib,11,27 mg/m2,6,6
S0022,lenalidomide,11,25 mg,21,21
S0022,dexamethasone,11,40 mg,4,4
S0022,carfilzomib,12,27 mg/m2,1,1
S0022,lenalidomide,12,25 mg,1,1
S0022,dexamethasone,12,40 mg,1,1
S0023,carfilzomib,1,20 mg/m2 then 56 mg/m2,3,3
S0023,lenalidomide,1,25 mg,21,21
S0023,dexamethasone,1,40 mg,4,4
S0023,carfilzomib,2,56 mg/m2,3,3
S0023,lenalidomide,2,25 mg,21,21
S0023,dexamethasone,2,40 mg,4,4
S0023,carfilzomib,3,56 mg/m2,3,3
S0023,lenalidomide,3,25 mg,21,21
S0023,dexamethasone,3,40 mg,4,4
S0023,carfilzomib,4,56 mg/m2,3,3
S0023,lenalidomide,4,25 mg,21,21
S0023,dexamethasone,4,40 mg,4,4
S0023,carfilzomib,5,56 mg/m2,3,3
S0023,lenalidomide,5,25 mg,21,21
S0023,dexamethasone,5,40 mg,4,4
S0023,carfilzomib,6,56 mg/m2,3,3
S0023,lenalidomide,6,25 mg,21,21
S0023,dexamethasone,6,40 mg,4,4
S0023,carfilzomib,7,56 mg/m2,3,3
S0023,lenalidomide,7,25 mg,21,21
S0023,dexamethasone,7,40 mg,4,4
S0023,carfilzomib,8,56 mg/m2,3,3
S0023,lenalidomide,8,25 mg,21,21
S0023,dexamethasone,8,40 mg,4,4
S0023,carfilzomib,9,56 mg/m2,3,3
S0023,lenalidomide,9,25 mg,21,21
S0023,dexamethasone,9,40 mg,4,4
S0023,carfilzomib,10,56 mg/m2,3,3
S0023,lenalidomide,10,25 mg,21,21
S0023,dexamethasone,10,40 mg,4,4
S0023,carfilzomib,11,56 mg/m2,3,3
S0023,lenalidomide,11,25 mg,21,21
S0023,dexamethasone,11,40 mg,4,4
S0023,carfilzomib,12,56 mg/m2,3,3
S0023,lenalidomide,12,25 mg,21,21
S0023,dexamethasone,12,40 mg,4,4
S0024,carfilzomib,1,20 mg/m2 then 27 mg/m2,6,6
S0024,lenalidomide,1,25 mg,21,21
S0024,dexamethasone,1,40 mg,4,4
S0024,carfilzomib,2,27 mg/m2,6,5
S0024,lenalidomide,2,25 mg,21,21
S0024,dexamethasone,2,40 mg,4,4
S0024,carfilzomib,3,27 mg/m2,6,6
S0024,lenalidomide,3,25 mg,21,21
S0024,dexamethasone,3,40 mg,4,4
S0024,carfilzomib,4,27 mg/m2,6,6
S0024,lenalidomide,4,25 mg,21,21
S0024,dexamethasone,4,40 mg,4,4
S0024,carfilzomib,5,27 mg/m2,6,6
S0024,lenalidomide,5,25 mg,21,21
S0024,dexamethasone,5,40 mg,4,4
S0024,carfilzomib,6,27 mg/m2,6,6
S0024,lenalidomide,6,25 mg,21,21
S0024,dexamethasone,6,40 mg,4,4
S0024,carfilzomib,7,27 mg/m2,6,6
S0024,lenalidomide,7,25 mg,21,21
S0024,dexamethasone,7,40 mg,4,4
S0024,carfilzomib,8,27 mg/m2,6,6
S0024,lenalidomide,8,25 mg,21,21
S0024,dexamethasone,8,40 mg,4,4
S0024,carfilzomib,9,27 mg/m2,6,6
S0024,lenalidomide,9,25 mg,21,21
S0024,dexamethasone,9,40 mg,4,4
S0024,carfilzomib,10,27 mg/m2,6,6
S0024,lenalidomide,10,25 mg,21,21
S0024,dexamethasone,10,40 mg,4,4
S0024,carfilzomib,11,27 mg/m2,6,6
S0024,lenalidomide,11,25 mg,21,21
S0024,dexamethasone,11,40 mg,4,4
S0024,carfilzomib,12,27 mg/m2,6,5
S0024,lenalidomide,12,25 mg,21,21
S0024,dexamethasone,12,40 mg,4,4
S0025,carfilzomib,1,20 mg/m2 then 27 mg/m2,6,5
S0025,lenalidomide,1,25 mg,21,21
S0025,dexamethasone,1,40 mg,4,4
S0025,carfilzomib,2,27 mg/m2,6,6
S0025,lenalidomide,2,25 mg,21,21
S0025,dexamethasone,2,40 mg,4,4
S0025,carfilzomib,3,27 mg/m2,6,6
S0025,lenalidomide,3,25 mg,21,21
S0025,dexamethasone,3,40 mg,4,4
S0025,carfilzomib,4,27 mg/m2,6,5
S0025,lenalidomide,4,25 mg,21,21
S0025,dexamethasone,4,40 mg,4,4
S0025,carfilzomib,5,27 mg/m2,6,6
S0025,lenalidomide,5,25 mg,21,21
S0025,dexamethasone,5,40 mg,4,4
S0025,carfilzomib,6,27 mg/m2,1,0
S0025,lenalidomide,6,25 mg,1,1
S0025,dexamethasone,6,40 mg,1,1
S0026,carfilzomib,1,20 mg/m2 then 27 mg/m2,6,6
S0026,lenalidomide,1,25 mg,21,21
S0026,dexamethasone,1,40 mg,4,4
S0026,carfilzomib,2,27 mg/m2,1,1
S0026,lenalidomide,2,25 mg,1,1
S0026,dexamethasone,2,40 mg,1,1
S0027,carfilzomib,1,20 mg/m2 then 56 mg/m2,3,3
S0027,lenalidomide,1,25 mg,21,21
S0027,dexamethasone,1,40 mg,4,4
S0027,carfilzomib,2,56 mg/m2,3,3
S0027,lenalidomide,2,25 mg,21,21
S0027,dexamethasone,2,40 mg,4,4
S0027,carfilzomib,3,56 mg/m2,3,3
S0027,lenalidomide,3,25 mg,21,21
S0027,dexamethasone,3,40 mg,4,4
S0027,carfilzomib,4,56 mg/m2,3,2
S0027,lenalidomide,4,25 mg,21,21
S0027,dexamethasone,4,40 mg,4,4
S0027,carfilzomib,5,56 mg/m2,3,3
S0027,lenalidomide,5,25 mg,21,21
S0027,dexamethasone,5,40 mg,4,4
S0027,carfilzomib,6,56 mg/m2,3,3
S0027,lenalidomide,6,25 mg,21,21
S0027,dexamethasone,6,40 mg,4,4
S0027,carfilzomib,7,56 mg/m2,3,3
S0027,lenalidomide,7,25 mg,21,21
S0027,dexamethasone,7,40 mg,4,4
S0027,carfilzomib,8,56 mg/m2,3,3
S0027,lenalidomide,8,25 mg,21,21
S0027,dexamethasone,8,40 mg,4,4
S0027,carfilzomib,9,56 mg/m2,3,2
S0027,lenalidomide,9,25 mg,21,21
S0027,dexamethasone,9,40 mg,4,4
S0027,carfilzomib,10,56 mg/m2,3,3
S0027,lenalidomide,10,25 mg,21,21
S0027,dexamethasone,10,40 mg,4,4
S0027,carfilzomib,11,56 mg/m2,3,2
S0027,lenalidomide,11,25 mg,21,21
S0027,dexamethasone,11,40 mg,4,4
S0027,carfilzomib,12,56 mg/m2,3,2
S0027,lenalidomide,12,25 mg,21,21
S0027,dexamethasone,12,40 mg,4,4
S0028,carfilzomib,1,20 mg/m2 then 56 mg/m2,3,3
S0028,lenalidomide,1,25 mg,21,21
S0028,dexamethasone,1,40 mg,4,4
S0028,carfilzomib,2,56 mg/m2,3,3
S0028,lenalidomide,2,25 mg,21,21
S0028,dexamethasone,2,40 mg,4,4
S0028,carfilzomib,3,56 mg/m2,3,3
S0028,lenalidomide,3,25 mg,21,21
S0028,dexamethasone,3,40 mg,4,4
S0028,carfilzomib,4,56 mg/m2,3,3
S0028,lenalidomide,4,25 mg,21,21
S0028,dexamethasone,4,40 mg,4,4
S0028,carfilzomib,5,56 mg/m2,3,2
S0028,lenalidomide,5,25 mg,21,21
S0028,dexamethasone,5,40 mg,4,4
S0028,carfilzomib,6,56 mg/m2,3,3
S0028,lenalidomide,6,25 mg,21,21
S0028,dexamethasone,6,40 mg,4,4
S0028,carfilzomib,7,56 mg/m2,3,3
S0028,lenalidomide,7,25 mg,21,21
S0028,dexamethasone,7,40 mg,4,4
S0028,carfilzomib,8,56 mg/m2,3,2
S0028,lenalidomide,8,25 mg,21,21
S0028,dexamethasone,8,40 mg,4,4
S0028,carfilzomib,9,56 mg/m2,3,3
S0028,lenalidomide,9,25 mg,21,21
S0028,dexamethasone,9,40 mg,4,4
S0028,carfilzomib,10,56 mg/m2,3,3
S0028,lenalidomide,10,25 mg,21,21
S0028,dexamethasone,10,40 mg,4,4
S0028,carfilzomib,11,56 mg/m2,3,3
S0028,lenalidomide,11,25 mg,21,21
S0028,dexamethasone,11,40 mg,4,4
S0028,carfilzomib,12,56 mg/m2,3,3
S0028,lenalidomide,12,25 mg,21,21
S0028,dexamethasone,12,40 mg,4,4
S0029,carfilzomib,1,20 mg/m2 then 56 mg/m2,3,3
S0029,lenalidomide,1,25 mg,21,21
S0029,dexamethasone,1,40 mg,4,4
S0029,carfilzomib,2,56 mg/m2,3,3
S0029,lenalidomide,2,25 mg,21,21
S0029,dexamethasone,2,40 mg,4,4
S0029,carfilzomib,3,56 mg/m2,3,3
S0029,lenalidomide,3,25 mg,21,21
S0029,dexamethasone,3,40 mg,4,4
S0029,carfilzomib,4,56 mg/m2,3,3
S0029,lenalidomide,4,25 mg,21,21
S0029,dexamethasone,4,40 mg,4,4
S0029,carfilzomib,5,56 mg/m2,3,3
S0029,lenalidomide,5,25 mg,21,21
S0029,dexamethasone,5,40 mg,4,4
S0029,carfilzomib,6,56 mg/m2,3,3
S0029,lenalidomide,6,25 mg,21,21
S0029,dexamethasone,6,40 mg,4,4
S0029,carfilzomib,7,56 mg/m2,3,3
S0029,lenalidomide,7,25 mg,21,21
S0029,dexamethasone,7,40 mg,4,4
S0029,carfilzomib,8,56 mg/m2,3,3
S0029,lenalidomide,8,25 mg,21,21
S0029,dexamethasone,8,40 mg,4,4
S0029,carfilzomib,9,56 mg/m2,3,2
S0029,lenalidomide,9,25 mg,21,21
S0029,dexamethasone,9,40 mg,4,4
S0029,carfilzomib,10,56 mg/m2,3,3
S0029,lenalidomide,10,25 mg,21,21
S0029,dexamethasone,10,40 mg,4,4
S0029,carfilzomib,11,56 mg/m2,3,3
S0029,lenalidomide,11,25 mg,21,21
S0029,dexamethasone,11,40 mg,4,4
S0029,carfilzomib,12,56 mg/m2,3,3
S0029,lenalidomide,12,25 mg,21,21
S0029,dexamethasone,12,40 mg,4,4
S0030,carfilzomib,1,20 mg/m2 then 56 mg/m2,3,3
S0030,lenalidomide,1,25 mg,21,21
S0030,dexamethasone,1,40 mg,4,4
S0030,carfilzomib,2,56 mg/m2,3,3
S0030,lenalidomide,2,25 mg,21,21
S0030,dexamethasone,2,40 mg,4,4
S0030,carfilzomib,3,56 mg/m2,3,3
S0030,lenalidomide,3,25 mg,21,21
S0030,dexamethasone,3,40 mg,4,4
S0030,carfilzomib,4,56 mg/m2,3,3
S0030,lenalidomide,4,25 mg,21,21
S0030,dexamethasone,4,40 mg,4,4
S0030,carfilzomib,5,56 mg/m2,3,3
S0030,lenalidomide,5,25 mg,21,21
S0030,dexamethasone,5,40 mg,4,4
S0030,carfilzomib,6,56 mg/m2,3,3
S0030,lenalidomide,6,25 mg,21,21
S0030,dexamethasone,6,40 mg,4,4
S0030,carfilzomib,7,56 mg/m2,3,3
S0030,lenalidomide,7,25 mg,21,21
S0030,dexamethasone,7,40 mg,4,4
S0030,carfilzomib,8,56 mg/m2,3,3
S0030,lenalidomide,8,25 mg,21,21
S0030,dexamethasone,8,40 mg,4,4
S0030,carfilzomib,9,56 mg/m2,3,3
S0030,lenalidomide,9,25 mg,21,21
S0030,dexamethasone,9,40 mg,4,4
S0030,carfilzomib,10,56 mg/m2,3,3
S0030,lenalidomide,10,25 mg,21,21
S0030,dexamethasone,10,40 mg,4,4
S0030,carfilzomib,11,56 mg/m2,3,3
S0030,lenalidomide,11,25 mg,21,21
S0030,dexamethasone,11,40 mg,4,4
S0030,carfilzomib,12,56 mg/m2,3,3
S0030,lenalidomide,12,25 mg,21,21
S0030,dexamethasone,12,40 mg,4,4
S0031,carfilzomib,1,20 mg/m2 then 27 mg/m2,6,6
S0031,lenalidomide,1,25 mg,21,21
S0031,dexamethasone,1,40 mg,4,4
S0031,carfilzomib,2,27 mg/m2,6,6
S0031,lenalidomide,2,25 mg,21,21
S0031,dexamethasone,2,40 mg,4,4
S0031,carfilzomib,3,27 mg/m2,6,6
S0031,lenalidomide,3,25 mg,21,21
S0031,dexamethasone,3,40 mg,4,4
S0031,carfilzomib,4,27 mg/m2,6,6
S0031,lenalidomide,4,25 mg,21,21
S0031,dexamethasone,4,40 mg,4,4
S0031,carfilzomib,5,27 mg/m2,6,6
S0031,lenalidomide,5,25 mg,21,21
S0031,dexamethasone,5,40 mg,4,4
S0031,carfilzomib,6,27 mg/m2,6,6
S0031,lenalidomide,6,25 mg,21,21
S0031,dexamethasone,6,40 mg,4,4
S0031,carfilzomib,7,27 mg/m2,6,6
S0031,lenalidomide,7,25 mg,21,21
S0031,dexamethasone,7,40 mg,4,4
S0031,carfilzomib,8,27 mg/m2,6,6
S0031,lenalidomide,8,25 mg,21,21
S0031,dexamethasone,8,40 mg,4,4
S0031,carfilzomib,9,27 mg/m2,6,6
S0031,lenalidomide,9,25 mg,21,21
S0031,dexamethasone,9,40 mg,4,4
S0031,carfilzomib,10,27 mg/m2,6,6
S0031,lenalidomide,10,25 mg,21,21
S0031,dexamethasone,10,40 mg,4,4
S0031,carfilzomib,11,27 mg/m2,6,6
S0031,lenalidomide,11,25 mg,21,21
S0031,dexamethasone,11,40 mg,4,4
S0031,carfilzomib,12,27 mg/m2,1,1
S0031,lenalidomide,12,25 mg,1,1
S0031,dexamethasone,12,40 mg,1,1
S0032,carfilzomib,1,20 mg/m2 then 27 mg/m2,6,6
S0032,lenalidomide,1,25 mg,21,21
S0032,dexamethasone,1,40 mg,4,4
S0032,carfilzomib,2,27 mg/m2,1,1
S0032,lenalidomide,2,25 mg,1,1
S0032,dexamethasone,2,40 mg,1,1
S0033,carfilzomib,1,20 mg/m2 then 27 mg/m2,6,6
S0033,lenalidomide,1,25 mg,21,21
S0033,dexamethasone,1,40 mg,4,4
S0033,carfilzomib,2,27 mg/m2,6,6
S0033,lenalidomide,2,25 mg,21,21
S0033,dexamethasone,2,40 mg,4,4
S0033,carfilzomib,3,27 mg/m2,6,6
S0033,lenalidomide,3,25 mg,21,21
S0033,dexamethasone,3,40 mg,4,4
S0033,carfilzomib,4,27 mg/m2,6,6
S0033,lenalidomide,4,25 mg,21,21
S0033,dexamethasone,4,40 mg,4,4
S0033,carfilzomib,5,27 mg/m2,6,6
S0033,lenalidomide,5,25 mg,21,21
S0033,dexamethasone,5,40 mg,4,4
S0033,carfilzomib,6,27 mg/m2,6,6
S0033,lenalidomide,6,25 mg,21,21
S0033,dexamethasone,6,40 mg,4,4
S0033,carfilzomib,7,27 mg/m2,6,6
S0033,lenalidomide,7,25 mg,21,21
S0033,dexamethasone,7,40 mg,4,4
S0033,carfilzomib,8,27 mg/m2,6,5
S0033,lenalidomide,8,25 mg,21,21
S0033,dexamethasone,8,40 mg,4,4
S0033,carfilzomib,9,27 mg/m2,6,6
S0033,lenalidomide,9,25 mg,21,21
S0033,dexamethasone,9,40 mg,4,4
S0033,carfilzomib,10,27 mg/m2,6,6
S0033,lenalidomide,10,25 mg,21,21
S0033,dexamethasone,10,40 mg,4,4
S0033,carfilzomib,11,27 mg/m2,6,5
S0033,lenalidomide,11,25 mg,21,21
S0033,dexamethasone,11,40 mg,4,4
S0033,carfilzomib,12,27 mg/m2,6,6
S0033,lenalidomide,12,25 mg,21,21
S0033,dexamethasone,12,40 mg,4,4
S0034,carfilzomib,1,20 mg/m2 then 56 mg/m2,3,3
S0034,lenalidomide,1,25 mg,21,21
S0034,dexamethasone,1,40 mg,4,4
S0034,carfilzomib,2,56 mg/m2,3,3
S0034,lenalidomide,2,25 mg,21,21
S0034,dexamethasone,2,40 mg,4,4
S0034,carfilzomib,3,56 mg/m2,3,3
S0034,lenalidomide,3,25 mg,21,21
S0034,dexamethasone,3,40 mg,4,4
S0034,carfilzomib,4,56 mg/m2,3,3
S0034,lenalidomide,4,25 mg,21,21
S0034,dexamethasone,4,40 mg,4,4
S0034,carfilzomib,5,56 mg/m2,3,3
S0034,lenalidomide,5,25 mg,21,21
S0034,dexamethasone,5,40 mg,4,4
S0034,carfilzomib,6,56 mg/m2,3,3
S0034,lenalidomide,6,25 mg,21,21
S0034,dexamethasone,6,40 mg,4,4
S0034,carfilzomib,7,56 mg/m2,3,3
S0034,lenalidomide,7,25 mg,21,21
S0034,dexamethasone,7,40 mg,4,4
S0034,carfilzomib,8,56 mg/m2,3,3
S0034,lenalidomide,8,25 mg,21,21
S0034,dexamethasone,8,40 mg,4,4
S0034,carfilzomib,9,56 mg/m2,3,3
S0034,lenalidomide,9,25 mg,21,21
S0034,dexamethasone,9,40 mg,4,4
S0034,carfilzomib,10,56 mg/m2,3,3
S0034,lenalidomide,10,25 mg,21,21
S0034,dexamethasone,10,40 mg,4,4
S0034,carfilzomib,11,56 mg/m2,3,3
S0034,lenalidomide,11,25 mg,21,21
S0034,dexamethasone,11,40 mg,4,4
S0034,carfilzomib,12,56 mg/m2,3,3
S0034,lenalidomide,12,25 mg,21,21
S0034,dexamethasone,12,40 mg,4,4
S0035,carfilzomib,1,20 mg/m2 then 27 mg/m2,6,6
S0035,lenalidomide,1,25 mg,21,21
S0035,dexamethasone,1,40 mg,4,4
S0035,carfilzomib,2,27 mg/m2,6,6
S0035,lenalidomide,2,25 mg,21,21
S0035,dexamethasone,2,40 mg,4,4
S0035,carfilzomib,3,27 mg/m2,6,6
S0035,lenalidomide,3,25 mg,21,21
S0035,dexamethasone,3,40 mg,4,4
S0035,carfilzomib,4,27 mg/m2,6,6
S0035,lenalidomide,4,25 mg,21,21
S0035,dexamethasone,4,40 mg,4,4
S0035,carfilzomib,5,27 mg/m2,6,5
S0035,lenalidomide,5,25 mg,21,21
S0035,dexamethasone,5,40 mg,4,4
S0035,carfilzomib,6,27 mg/m2,6,6
S0035,lenalidomide,6,25 mg,21,21
S0035,dexamethasone,6,40 mg,4,4
S0035,carfilzomib,7,27 mg/m2,6,6
S0035,lenalidomide,7,25 mg,21,21
S0035,dexamethasone,7,40 mg,4,4
S0035,carfilzomib,8,27 mg/m2,6,6
S0035,lenalidomide,8,25 mg,21,21
S0035,dexamethasone,8,40 mg,4,4
S0035,carfilzomib,9,27 mg/m2,6,6
S0035,lenalidomide,9,25 mg,21,21
S0035,dexamethasone,9,40 mg,4,4
S0035,carfilzomib,10,27 mg/m2,6,6
S0035,lenalidomide,10,25 mg,21,21
S0035,dexamethasone,10,40 mg,4,4
S0035,carfilzomib,11,27 mg/m2,6,6
S0035,lenalidomide,11,25 mg,21,21
S0035,dexamethasone,11,40 mg,4,4
S0035,carfilzomib,12,27 mg/m2,6,6
S0035,lenalidomide,12,25 mg,21,21
S0035,dexamethasone,12,40 mg,4,4
S0036,carfilzomib,1,20 mg/m2 then 27 mg/m2,6,6
S0036,lenalidomide,1,25 mg,21,21
S0036,dexamethasone,1,40 mg,4,4
S0036,carfilzomib,2,27 mg/m2,6,6
S0036,lenalidomide,2,25 mg,21,21
S0036,dexamethasone,2,40 mg,4,4
S0036,carfilzomib,3,27 mg/m2,1,1
S0036,lenalidomide,3,25 mg,1,1
S0036,dexamethasone,3,40 mg,1,1
S0037,carfilzomib,1,20 mg/m2 then 27 mg/m2,6,6
S0037,lenalidomide,1,25 mg,21,21
S0037,dexamethasone,1,40 mg,4,4
S0037,carfilzomib,2,27 mg/m2,6,6
S0037,lenalidomide,2,25 mg,21,21
S0037,dexamethasone,2,40 mg,4,4
S0037,carfilzomib,3,27 mg/m2,6,6
S0037,lenalidomide,3,25 mg,21,21
S0037,dexamethasone,3,40 mg,4,4
S0037,carfilzomib,4,27 mg/m2,6,6
S0037,lenalidomide,4,25 mg,21,21
S0037,dexamethasone,4,40 mg,4,4
S0037,carfilzomib,5,27 mg/m2,6,6
S0037,lenalidomide,5,25 mg,21,21
S0037,dexamethasone,5,40 mg,4,4
S0037,carfilzomib,6,27 mg/m2,1,1
S0037,lenalidomide,6,25 mg,1,1
S0037,dexamethasone,6,40 mg,1,1
S0038,carfilzomib,1,20 mg/m2 then 56 mg/m2,3,3
S0038,lenalidomide,1,25 mg,21,21
S0038,dexamethasone,1,40 mg,4,4
S0038,carfilzomib,2,56 mg/m2,3,3
S0038,lenalidomide,2,25 mg,21,21
S0038,dexamethasone,2,40 mg,4,4
S0038,carfilzomib,3,56 mg/m2,3,3
S0038,lenalidomide,3,25 mg,21,21
S0038,dexamethasone,3,40 mg,4,4
S0038,carfilzomib,4,56 mg/m2,3,3
S0038,lenalidomide,4,25 mg,21,21
S0038,dexamethasone,4,40 mg,4,4
S0038,carfilzomib,5,56 mg/m2,3,3
S0038,lenalidomide,5,25 mg,21,21
S0038,dexamethasone,5,40 mg,4,4
S0038,carfilzomib,6,56 mg/m2,3,3
S0038,lenalidomide,6,25 mg,21,21
S0038,dexamethasone,6,40 mg,4,4
S0038,carfilzomib,7,56 mg/m2,3,3
S0038,lenalidomide,7,25 mg,21,21
S0038,dexamethasone,7,40 mg,4,4
S0038,carfilzomib,8,56 mg/m2,3,3
S0038,lenalidomide,8,25 mg,21,21
S0038,dexamethasone,8,40 mg,4,4
S0038,carfilzomib,9,56 mg/m2,3,3
S0038,lenalidomide,9,25 mg,21,21
S0038,dexamethasone,9,40 mg,4,4
S0038,carfilzomib,10,56 mg/m2,3,3
S0038,lenalidomide,10,25 mg,21,21
S0038,dexamethasone,10,40 mg,4,4
S0038,carfilzomib,11,56 mg/m2,3,3
S0038,lenalidomide,11,25 mg,21,21
S0038,dexamethasone,11,40 mg,4,4
S0038,carfilzomib,12,56 mg/m2,3,3
S0038,lenalidomide,12,25 mg,21,21
S0038,dexamethasone,12,40 mg,4,4
S0039,carfilzomib,1,20 mg/m2 then 56 mg/m2,3,3
S0039,lenalidomide,1,25 mg,21,21
S0039,dexamethasone,1,40 mg,4,4
S0039,carfilzomib,2,56 mg/m2,3,3
S0039,lenalidomide,2,25 mg,21,21
S0039,dexamethasone,2,40 mg,4,4
S0039,carfilzomib,3,56 mg/m2,3,2
S0039,lenalidomide,3,25 mg,21,21
S0039,dexamethasone,3,40 mg,4,4
S0039,carfilzomib,4,56 mg/m2,3,3
S0039,lenalidomide,4,25 mg,21,21
S0039,dexamethasone,4,40 mg,4,4
S0039,carfilzomib,5,56 mg/m2,3,3
S0039,lenalidomide,5,25 mg,21,21
S0039,dexamethasone,5,40 mg,4,4
S0039,carfilzomib,6,56 mg/m2,3,3
S0039,lenalidomide,6,25 mg,21,21
S0039,dexamethasone,6,40 mg,4,4
S0039,carfilzomib,7,56 mg/m2,3,3
S0039,lenalidomide,7,25 mg,21,21
S0039,dexamethasone,7,40 mg,4,4
S0039,carfilzomib,8,56 mg/m2,3,3
S0039,lenalidomide,8,25 mg,21,21
S0039,dexamethasone,8,40 mg,4,4
S0039,carfilzomib,9,56 mg/m2,3,2
S0039,lenalidomide,9,25 mg,21,21
S0039,dexamethasone,9,40 mg,4,4
S0039,carfilzomib,10,56 mg/m2,3,3
S0039,lenalidomide,10,25 mg,21,21
S0039,dexamethasone,10,40 mg,4,4
S0039,carfilzomib,11,56 mg/m2,3,2
S0039,lenalidomide,11,25 mg,21,21
S0039,dexamethasone,11,40 mg,4,4
S0039,carfilzomib,12,56 mg/m2,3,3
S0039,lenalidomide,12,25 mg,21,21
S0039,dexamethasone,12,40 mg,4,4
S0040,carfilzomib,1,20 mg/m2 then 27 mg/m2,6,6
S0040,lenalidomide,1,25 mg,21,21
S0040,dexamethasone,1,40 mg,4,4
S0040,carfilzomib,2,27 mg/m2,6,6
S0040,lenalidomide,2,25 mg,21,21
S0040,dexamethasone,2,40 mg,4,4
S0040,carfilzomib,3,27 mg/m2,2,2
S0040,lenalidomide,3,25 mg,7,7
S0040,dexamethasone,3,40 mg,1,1
S0041,carfilzomib,1,20 mg/m2 then 56 mg/m2,3,3
S0041,lenalidomide,1,25 mg,21,21
S0041,dexamethasone,1,40 mg,4,4
S0041,carfilzomib,2,56 mg/m2,3,3
S0041,lenalidomide,2,25 mg,21,21
S0041,dexamethasone,2,40 mg,4,4
S0041,carfilzomib,3,56 mg/m2,3,3
S0041,lenalidomide,3,25 mg,21,21
S0041,dexamethasone,3,40 mg,4,4
S0041,carfilzomib,4,56 mg/m2,3,3
S0041,lenalidomide,4,25 mg,21,21
S0041,dexamethasone,4,40 mg,4,4
S0041,carfilzomib,5,56 mg/m2,3,3
S0041,lenalidomide,5,25 mg,21,21
S0041,dexamethasone,5,40 mg,4,4
S0041,carfilzomib,6,56 mg/m2,3,3
S0041,lenalidomide,6,25 mg,21,21
S0041,dexamethasone,6,40 mg,4,4
S0041,carfilzomib,7,56 mg/m2,3,3
S0041,lenalidomide,7,25 mg,21,21
S0041,dexamethasone,7,40 mg,4,4
S0041,carfilzomib,8,56 mg/m2,3,3
S0041,lenalidomide,8,25 mg,21,21
S0041,dexamethasone,8,40 mg,4,4
S0041,carfilzomib,9,56 mg/m2,3,3
S0041,lenalidomide,9,25 mg,21,21
S0041,dexamethasone,9,40 mg,4,4
S0041,carfilzomib,10,56 mg/m2,3,3
S0041,lenalidomide,10,25 mg,21,21
S0041,dexamethasone,10,40 mg,4,4
S0041,carfilzomib,11,56 mg/m2,3,3
S0041,lenalidomide,11,25 mg,21,21
S0041,dexamethasone,11,40 mg,4,4
S0041,carfilzomib,12,56 mg/m2,3,3
S0041,lenalidomide,12,25 mg,21,21
S0041,dexamethasone,12,40 mg,4,4
S0042,carfilzomib,1,20 mg/m2 then 27 mg/m2,6,6
S0042,lenalidomide,1,25 mg,21,21
S0042,dexamethasone,1,40 mg,4,4
S0042,carfilzomib,2,27 mg/m2,6,4
S0042,lenalidomide,2,25 mg,21,21
S0042,dexamethasone,2,40 mg,4,4
S0042,carfilzomib,3,27 mg/m2,6,6
S0042,lenalidomide,3,25 mg,21,21
S0042,dexamethasone,3,40 mg,4,4
S0042,carfilzomib,4,27 mg/m2,6,6
S0042,lenalidomide,4,25 mg,21,21
S0042,dexamethasone,4,40 mg,4,4
S0042,carfilzomib,5,27 mg/m2,6,6
S0042,lenalidomide,5,25 mg,21,21
S0042,dexamethasone,5,40 mg,4,4
S0042,carfilzomib,6,27 mg/m2,6,6
S0042,lenalidomide,6,25 mg,21,21
S0042,dexamethasone,6,40 mg,4,4
S0042,carfilzomib,7,27 mg/m2,6,6
S0042,lenalidomide,7,25 mg,21,21
S0042,dexamethasone,7,40 mg,4,4
S0042,carfilzomib,8,27 mg/m2,6,6
S0042,lenalidomide,8,25 mg,21,21
S0042,dexamethasone,8,40 mg,4,4
S0042,carfilzomib,9,27 mg/m2,6,6
S0042,lenalidomide,9,25 mg,21,21
S0042,dexamethasone,9,40 mg,4,4
S0042,carfilzomib,10,27 mg/m2,6,6
S0042,lenalidomide,10,25 mg,21,21
S0042,dexamethasone,10,40 mg,4,4
S0042,carfilzomib,11,27 mg/m2,6,6
S0042,lenalidomide,11,25 mg,21,21
S0042,dexamethasone,11,40 mg,4,4
S0042,carfilzomib,12,27 mg/m2,6,6
S0042,lenalidomide,12,25 mg,21,21
S0042,dexamethasone,12,40 mg,4,4
S0043,carfilzomib,1,20 mg/m2 then 27 mg/m2,6,6
S0043,lenalidomide,1,25 mg,21,21
S0043,dexamethasone,1,40 mg,4,4
S0043,carfilzomib,2,27 mg/m2,6,6
S0043,lenalidomide,2,25 mg,21,21
S0043,dexamethasone,2,40 mg,4,4
S0043,carfilzomib,3,27 mg/m2,6,6
S0043,lenalidomide,3,25 mg,21,21
S0043,dexamethasone,3,40 mg,4,4
S0043,carfilzomib,4,27 mg/m2,6,6
S0043,lenalidomide,4,25 mg,21,21
S0043,dexamethasone,4,40 mg,4,4
S0043,carfilzomib,5,27 mg/m2,6,6
S0043,lenalidomide,5,25 mg,21,21
S0043,dexamethasone,5,40 mg,4,4
S0043,carfilzomib,6,27 mg/m2,6,6
S0043,lenalidomide,6,25 mg,21,21
S0043,dexamethasone,6,40 mg,4,4
S0043,carfilzomib,7,27 mg/m2,6,6
S0043,lenalidomide,7,25 mg,21,21
S0043,dexamethasone,7,40 mg,4,4
S0043,carfilzomib,8,27 mg/m2,1,1
S0043,lenalidomide,8,25 mg,1,1
S0043,dexamethasone,8,40 mg,1,1
S0044,carfilzomib,1,20 mg/m2 then 56 mg/m2,3,3
S0044,lenalidomide,1,25 mg,21,21
S0044,dexamethasone,1,40 mg,4,4
S0044,carfilzomib,2,56 mg/m2,3,3
S0044,lenalidomide,2,25 mg,21,21
S0044,dexamethasone,2,40 mg,4,4
S0044,carfilzomib,3,56 mg/m2,3,3
S0044,lenalidomide,3,25 mg,21,21
S0044,dexamethasone,3,40 mg,4,4
S0044,carfilzomib,4,56 mg/m2,3,3
S0044,lenalidomide,4,25 mg,21,21
S0044,dexamethasone,4,40 mg,4,4
S0044,carfilzomib,5,56 mg/m2,3,3
S0044,lenalidomide,5,25 mg,21,21
S0044,dexamethasone,5,40 mg,4,4
S0044,carfilzomib,6,56 mg/m2,3,3
S0044,lenalidomide,6,25 mg,21,21
S0044,dexamethasone,6,40 mg,4,4
S0044,carfilzomib,7,56 mg/m2,3,3
S0044,lenalidomide,7,25 mg,21,21
S0044,dexamethasone,7,40 mg,4,4
S0044,carfilzomib,8,56 mg/m2,3,3
S0044,lenalidomide,8,25 mg,21,21
S0044,dexamethasone,8,40 mg,4,4
S0044,carfilzomib,9,56 mg/m2,3,3
S0044,lenalidomide,9,25 mg,21,21
S0044,dexamethasone,9,40 mg,4,4
S0044,carfilzomib,10,56 mg/m2,3,3
S0044,lenalidomide,10,25 mg,21,21
S0044,dexamethasone,10,40 mg,4,4
S0044,carfilzomib,11,56 mg/m2,3,3
S0044,lenalidomide,11,25 mg,21,21
S0044,dexamethasone,11,40 mg,4,4
S0044,carfilzomib,12,56 mg/m2,3,3
S0044,lenalidomide,12,25 mg,21,21
S0044,dexamethasone,12,40 mg,4,4
S0045,carfilzomib,1,20 mg/m2 then 27 mg/m2,6,6
S0045,lenalidomide,1,25 mg,21,21
S0045,dexamethasone,1,40 mg,4,4
S0045,carfilzomib,2,27 mg/m2,6,6
S0045,lenalidomide,2,25 mg,21,21
S0045,dexamethasone,2,40 mg,4,4
S0045,carfilzomib,3,27 mg/m2,6,6
S0045,lenalidomide,3,25 mg,21,21
S0045,dexamethasone,3,40 mg,4,4
S0045,carfilzomib,4,27 mg/m2,6,6
S0045,lenalidomide,4,25 mg,21,21
S0045,dexamethasone,4,40 mg,4,4
S0045,carfilzomib,5,27 mg/m2,6,6
S0045,lenalidomide,5,25 mg,21,21
S0045,dexamethasone,5,40 mg,4,4
S0045,carfilzomib,6,27 mg/m2,6,6
S0045,lenalidomide,6,25 mg,21,21
S0045,dexamethasone,6,40 mg,4,4
S0045,carfilzomib,7,27 mg/m2,6,6
S0045,lenalidomide,7,25 mg,21,21
S0045,dexamethasone,7,40 mg,4,4
S0045,carfilzomib,8,27 mg/m2,6,6
S0045,lenalidomide,8,25 mg,21,21
S0045,dexamethasone,8,40 mg,4,4
S0045,carfilzomib,9,27 mg/m2,6,5
S0045,lenalidomide,9,25 mg,21,21
S0045,dexamethasone,9,40 mg,4,4
S0045,carfilzomib,10,27 mg/m2,6,6
S0045,lenalidomide,10,25 mg,21,21
S0045,dexamethasone,10,40 mg,4,4
S0045,carfilzomib,11,27 mg/m2,6,6
S0045,lenalidomide,11,25 mg,21,21
S0045,dexamethasone,11,40 mg,4,4
S0045,carfilzomib,12,27 mg/m2,6,6
S0045,lenalidomide,12,25 mg,21,21
S0045,dexamethasone,12,40 mg,4,4
S0046,carfilzomib,1,20 mg/m2 then 27 mg/m2,6,6
S0046,lenalidomide,1,25 mg,21,21
S0046,dexamethasone,1,40 mg,4,4
S0046,carfilzomib,2,27 mg/m2,6,6
S0046,lenalidomide,2,25 mg,21,21
S0046,dexamethasone,2,40 mg,4,4
S0046,carfilzomib,3,27 mg/m2,6,6
S0046,lenalidomide,3,25 mg,21,21
S0046,dexamethasone,3,40 mg,4,4
S0046,carfilzomib,4,27 mg/m2,6,6
S0046,lenalidomide,4,25 mg,21,21
S0046,dexamethasone,4,40 mg,4,4
S0046,carfilzomib,5,27 mg/m2,6,6
S0046,lenalidomide,5,25 mg,21,21
S0046,dexamethasone,5,40 mg,4,4
S0046,carfilzomib,6,27 mg/m2,6,6
S0046,lenalidomide,6,25 mg,21,21
S0046,dexamethasone,6,40 mg,4,4
S0046,carfilzomib,7,27 mg/m2,6,6
S0046,lenalidomide,7,25 mg,21,21
S0046,dexamethasone,7,40 mg,4,4
S0046,carfilzomib,8,27 mg/m2,6,6
S0046,lenalidomide,8,25 mg,21,21
S0046,dexamethasone,8,40 mg,4,4
S0046,carfilzomib,9,27 mg/m2,6,6
S0046,lenalidomide,9,25 mg,21,21
S0046,dexamethasone,9,40 mg,4,4
S0046,carfilzomib,10,27 mg/m2,6,6
S0046,lenalidomide,10,25 mg,21,21
S0046,dexamethasone,10,40 mg,4,4
S0046,carfilzomib,11,27 mg/m2,6,6
S0046,lenalidomide,11,25 mg,21,21
S0046,dexamethasone,11,40 mg,4,4
S0046,carfilzomib,12,27 mg/m2,6,6
S0046,lenalidomide,12,25 mg,21,21
S0046,dexamethasone,12,40 mg,4,4
S0047,carfilzomib,1,20 mg/m2 then 56 mg/m2,3,3
S0047,lenalidomide,1,25 mg,21,21
S0047,dexamethasone,1,40 mg,4,4
S0047,carfilzomib,2,56 mg/m2,3,3
S0047,lenalidomide,2,25 mg,21,21
S0047,dexamethasone,2,40 mg,4,4
S0047,carfilzomib,3,56 mg/m2,3,3
S0047,lenalidomide,3,25 mg,21,21
S0047,dexamethasone,3,40 mg,4,4
S0047,carfilzomib,4,56 mg/m2,3,3
S0047,lenalidomide,4,25 mg,21,21
S0047,dexamethasone,4,40 mg,4,4
S0047,carfilzomib,5,56 mg/m2,3,3
S0047,lenalidomide,5,25 mg,21,21
S0047,dexamethasone,5,40 mg,4,4
S0047,carfilzomib,6,56 mg/m2,3,3
S0047,lenalidomide,6,25 mg,21,21
S0047,dexamethasone,6,40 mg,4,4
S0047,carfilzomib,7,56 mg/m2,3,3
S0047,lenalidomide,7,25 mg,21,21
S0047,dexamethasone,7,40 mg,4,4
S0047,carfilzomib,8,56 mg/m2,3,3
S0047,lenalidomide,8,25 mg,21,21
S0047,dexamethasone,8,40 mg,4,4
S0047,carfilzomib,9,56 mg/m2,3,3
S0047,lenalidomide,9,25 mg,21,21
S0047,dexamethasone,9,40 mg,4,4
S0047,carfilzomib,10,56 mg/m2,1,1
S0047,lenalidomide,10,25 mg,1,1
S0047,dexamethasone,10,40 mg,1,1
S0048,carfilzomib,1,20 mg/m2 then 56 mg/m2,3,3
S0048,lenalidomide,1,25 mg,21,21
S0048,dexamethasone,1,40 mg,4,4
S0048,carfilzomib,2,56 mg/m2,3,3
S0048,lenalidomide,2,25 mg,21,21
S0048,dexamethasone,2,40 mg,4,4
S0048,carfilzomib,3,56 mg/m2,3,3
S0048,lenalidomide,3,25 mg,21,21
S0048,dexamethasone,3,40 mg,4,4
S0048,carfilzomib,4,56 mg/m2,3,3
S0048,lenalidomide,4,25 mg,21,21
S0048,dexamethasone,4,40 mg,4,4
S0048,carfilzomib,5,56 mg/m2,3,3
S0048,lenalidomide,5,25 mg,21,21
S0048,dexamethasone,5,40 mg,4,4
S0048,carfilzomib,6,56 mg/m2,1,1
S0048,lenalidomide,6,25 mg,1,1
S0048,dexamethasone,6,40 mg,1,1
S0049,carfilzomib,1,20 mg/m2 then 56 mg/m2,3,3
S0049,lenalidomide,1,25 mg,21,21
S0049,dexamethasone,1,40 mg,4,4
S0049,carfilzomib,2,56 mg/m2,3,3
S0049,lenalidomide,2,25 mg,21,21
S0049,dexamethasone,2,40 mg,4,4
S0049,carfilzomib,3,56 mg/m2,3,3
S0049,lenalidomide,3,25 mg,21,21
S0049,dexamethasone,3,40 mg,4,4
S0049,carfilzomib,4,56 mg/m2,3,3
S0049,lenalidomide,4,25 mg,21,21
S0049,dexamethasone,4,40 mg,4,4
S0049,carfilzomib,5,56 mg/m2,3,3
S0049,lenalidomide,5,25 mg,21,21
S0049,dexamethasone,5,40 mg,4,4
S0049,carfilzomib,6,56 mg/m2,3,3
S0049,lenalidomide,6,25 mg,21,21
S0049,dexamethasone,6,40 mg,4,4
S0049,carfilzomib,7,56 mg/m2,3,3
S0049,lenalidomide,7,25 mg,21,21
S0049,dexamethasone,7,40 mg,4,4
S0049,carfilzomib,8,56 mg/m2,3,3
S0049,lenalidomide,8,25 mg,21,21
S0049,dexamethasone,8,40 mg,4,4
S0049,carfilzomib,9,56 mg/m2,3,3
S0049,lenalidomide,9,25 mg,21,21
S0049,dexamethasone,9,40 mg,4,4
S0049,carfilzomib,10,56 mg/m2,3,3
S0049,lenalidomide,10,25 mg,21,21
S0049,dexamethasone,10,40 mg,4,4
S0049,carfilzomib,11,56 mg/m2,3,3
S0049,lenalidomide,11,25 mg,21,21
S0049,dexamethasone,11,40 mg,4,4
S0049,carfilzomib,12,56 mg/m2,3,3
S0049,lenalidomide,12,25 mg,21,21
S0049,dexamethasone,12,40 mg,4,4
S0050,carfilzomib,1,20 mg/m2 then 56 mg/m2,3,3
S0050,lenalidomide,1,25 mg,21,21
S0050,dexamethasone,1,40 mg,4,4
S0050,carfilzomib,2,56 mg/m2,3,3
S0050,lenalidomide,2,25 mg,21,21
S0050,dexamethasone,2,40 mg,4,4
S0050,carfilzomib,3,56 mg/m2,3,3
S0050,lenalidomide,3,25 mg,21,21
S0050,dexamethasone,3,40 mg,4,4
S0050,carfilzomib,4,56 mg/m2,3,3
S0050,lenalidomide,4,25 mg,21,21
S0050,dexamethasone,4,40 mg,4,4
S0050,carfilzomib,5,56 mg/m2,3,3
S0050,lenalidomide,5,25 mg,21,21
S0050,dexamethasone,5,40 mg,4,4
S0050,carfilzomib,6,56 mg/m2,3,3
S0050,lenalidomide,6,25 mg,21,21
S0050,dexamethasone,6,40 mg,4,4
S0050,carfilzomib,7,56 mg/m2,3,3
S0050,lenalidomide,7,25 mg,21,21
S0050,dexamethasone,7,40 mg,4,4
S0050,carfilzomib,8,56 mg/m2,3,3
S0050,lenalidomide,8,25 mg,21,21
S0050,dexamethasone,8,40 mg,4,4
S0050,carfilzomib,9,56 mg/m2,3,2
S0050,lenalidomide,9,25 mg,21,21
S0050,dexamethasone,9,40 mg,4,4
S0050,carfilzomib,10,56 mg/m2,3,3
S0050,lenalidomide,10,25 mg,21,21
S0050,dexamethasone,10,40 mg,4,4
S0050,carfilzomib,11,56 mg/m2,3,3
S0050,lenalidomide,11,25 mg,21,21
S0050,dexamethasone,11,40 mg,4,4
S0050,carfilzomib,12,56 mg/m2,3,3
S0050,lenalidomide,12,25 mg,21,21
S0050,dexamethasone,12,40 mg,4,4
S0051,carfilzomib,1,20 mg/m2 then 27 mg/m2,6,6
S0051,lenalidomide,1,25 mg,21,21
S0051,dexamethasone,1,40 mg,4,4
S0051,carfilzomib,2,27 mg/m2,6,6
S0051,lenalidomide,2,25 mg,21,21
S0051,dexamethasone,2,40 mg,4,4
S0051,carfilzomib,3,27 mg/m2,6,6
S0051,lenalidomide,3,25 mg,21,21
S0051,dexamethasone,3,40 mg,4,4
S0051,carfilzomib,4,27 mg/m2,6,6
S0051,lenalidomide,4,25 mg,21,21
S0051,dexamethasone,4,40 mg,4,4
S0051,carfilzomib,5,27 mg/m2,6,6
S0051,lenalidomide,5,25 mg,21,21
S0051,dexamethasone,5,40 mg,4,4
S0051,carfilzomib,6,27 mg/m2,6,6
S0051,lenalidomide,6,25 mg,21,21
S0051,dexamethasone,6,40 mg,4,4
S0051,carfilzomib,7,27 mg/m2,6,6
S0051,lenalidomide,7,25 mg,21,21
S0051,dexamethasone,7,40 mg,4,4
S0051,carfilzomib,8,27 mg/m2,6,6
S0051,lenalidomide,8,25 mg,21,21
S0051,dexamethasone,8,40 mg,4,4
S0051,carfilzomib,9,27 mg/m2,6,6
S0051,lenalidomide,9,25 mg,21,21
S0051,dexamethasone,9,40 mg,4,4
S0051,carfilzomib,10,27 mg/m2,6,6
S0051,lenalidomide,10,25 mg,21,21
S0051,dexamethasone,10,40 mg,4,4
S0051,carfilzomib,11,27 mg/m2,6,6
S0051,lenalidomide,11,25 mg,21,21
S0051,dexamethasone,11,40 mg,4,4
S0051,carfilzomib,12,27 mg/m2,6,6
S0051,lenalidomide,12,25 mg,21,21
S0051,dexamethasone,12,40 mg,4,4
S0052,carfilzomib,1,20 mg/m2 then 27 mg/m2,6,6
S0052,lenalidomide,1,25 mg,21,21
S0052,dexamethasone,1,40 mg,4,4
S0052,carfilzomib,2,27 mg/m2,6,6
S0052,lenalidomide,2,25 mg,21,21
S0052,dexamethasone,2,40 mg,4,4
S0052,carfilzomib,3,27 mg/m2,6,6
S0052,lenalidomide,3,25 mg,21,21
S0052,dexamethasone,3,40 mg,4,4
S0052,carfilzomib,4,27 mg/m2,6,6
S0052,lenalidomide,4,25 mg,21,21
S0052,dexamethasone,4,40 mg,4,4
S0052,carfilzomib,5,27 mg/m2,6,6
S0052,lenalidomide,5,25 mg,21,21
S0052,dexamethasone,5,40 mg,4,4
S0052,carfilzomib,6,27 mg/m2,6,6
S0052,lenalidomide,6,25 mg,21,21
S0052,dexamethasone,6,40 mg,4,4
S0052,carfilzomib,7,27 mg/m2,6,6
S0052,lenalidomide,7,25 mg,21,21
S0052,dexamethasone,7,40 mg,4,4
S0052,carfilzomib,8,27 mg/m2,6,6
S0052,lenalidomide,8,25 mg,21,21
S0052,dexamethasone,8,40 mg,4,4
S0052,carfilzomib,9,27 mg/m2,6,6
S0052,lenalidomide,9,25 mg,21,21
S0052,dexamethasone,9,40 mg,4,4
S0052,carfilzomib,10,27 mg/m2,6,6
S0052,lenalidomide,10,25 mg,21,21
S0052,dexamethasone,10,40 mg,4,4
S0052,carfilzomib,11,27 mg/m2,6,6
S0052,lenalidomide,11,25 mg,21,21
S0052,dexamethasone,11,40 mg,4,4
S0052,carfilzomib,12,27 mg/m2,6,6
S0052,lenalidomide,12,25 mg,21,21
S0052,dexamethasone,12,40 mg,4,4
S0053,carfilzomib,1,20 mg/m2 then 56 mg/m2,3,3
S0053,lenalidomide,1,25 mg,21,21
S0053,dexamethasone,1,40 mg,4,4
S0053,carfilzomib,2,56 mg/m2,3,3
S0053,lenalidomide,2,25 mg,21,21
S0053,dexamethasone,2,40 mg,4,4
S0053,carfilzomib,3,56 mg/m2,3,3
S0053,lenalidomide,3,25 mg,21,21
S0053,dexamethasone,3,40 mg,4,4
S0053,carfilzomib,4,56 mg/m2,3,3
S0053,lenalidomide,4,25 mg,21,21
S0053,dexamethasone,4,40 mg,4,4
S0053,carfilzomib,5,56 mg/m2,3,3
S0053,lenalidomide,5,25 mg,21,21
S0053,dexamethasone,5,40 mg,4,4
S0053,carfilzomib,6,56 mg/m2,3,3
S0053,lenalidomide,6,25 mg,21,21
S0053,dexamethasone,6,40 mg,4,4
S0053,carfilzomib,7,56 mg/m2,3,3
S0053,lenalidomide,7,25 mg,21,21
S0053,dexamethasone,7,40 mg,4,4
S0053,carfilzomib,8,56 mg/m2,3,3
S0053,lenalidomide,8,25 mg,21,21
S0053,dexamethasone,8,40 mg,4,4
S0053,carfilzomib,9,56 mg/m2,3,3
S0053,lenalidomide,9,25 mg,21,21
S0053,dexamethasone,9,40 mg,4,4
S0053,carfilzomib,10,56 mg/m2,3,3
S0053,lenalidomide,10,25 mg,21,21
S0053,dexamethasone,10,40 mg,4,4
S0053,carfilzomib,11,56 mg/m2,2,2
S0053,lenalidomide,11,25 mg,9,9
S0053,dexamethasone,11,40 mg,2,2
S0054,carfilzomib,1,20 mg/m2 then 27 mg/m2,6,6
S0054,lenalidomide,1,25 mg,21,21
S0054,dexamethasone,1,40 mg,4,4
S0054,carfilzomib,2,27 mg/m2,6,6
S0054,lenalidomide,2,25 mg,21,21
S0054,dexamethasone,2,40 mg,4,4
S0054,carfilzomib,3,27 mg/m2,6,6
S0054,lenalidomide,3,25 mg,21,21
S0054,dexamethasone,3,40 mg,4,4
S0054,carfilzomib,4,27 mg/m2,6,6
S0054,lenalidomide,4,25 mg,21,21
S0054,dexamethasone,4,40 mg,4,4
S0054,carfilzomib,5,27 mg/m2,6,6
S0054,lenalidomide,5,25 mg,21,21
S0054,dexamethasone,5,40 mg,4,4
S0054,carfilzomib,6,27 mg/m2,6,6
S0054,lenalidomide,6,25 mg,21,21
S0054,dexamethasone,6,40 mg,4,4
S0054,carfilzomib,7,27 mg/m2,6,6
S0054,lenalidomide,7,25 mg,21,21
S0054,dexamethasone,7,40 mg,4,4
S0054,carfilzomib,8,27 mg/m2,6,6
S0054,lenalidomide,8,25 mg,21,21
S0054,dexamethasone,8,40 mg,4,4
S0054,carfilzomib,9,27 mg/m2,6,6
S0054,lenalidomide,9,25 mg,21,21
S0054,dexamethasone,9,40 mg,4,4
S0054,carfilzomib,10,27 mg/m2,6,6
S0054,lenalidomide,10,25 mg,21,21
S0054,dexamethasone,10,40 mg,4,4
S0054,carfilzomib,11,27 mg/m2,6,6
S0054,lenalidomide,11,25 mg,21,21
S0054,dexamethasone,11,40 mg,4,4
S0054,carfilzomib,12,27 mg/m2,6,6
S0054,lenalidomide,12,25 mg,21,21
S0054,dexamethasone,12,40 mg,4,4
S0055,carfilzomib,1,20 mg/m2 then 27 mg/m2,6,6
S0055,lenalidomide,1,25 mg,21,21
S0055,dexamethasone,1,40 mg,4,4
S0055,carfilzomib,2,27 mg/m2,6,6
S0055,lenalidomide,2,25 mg,21,21
S0055,dexamethasone,2,40 mg,4,4
S0055,carfilzomib,3,27 mg/m2,6,6
S0055,lenalidomide,3,25 mg,21,21
S0055,dexamethasone,3,40 mg,4,4
S0055,carfilzomib,4,27 mg/m2,6,5
S0055,lenalidomide,4,25 mg,21,21
S0055,dexamethasone,4,40 mg,4,4
S0055,carfilzomib,5,27 mg/m2,6,5
S0055,lenalidomide,5,25 mg,21,21
S0055,dexamethasone,5,40 mg,4,4
S0055,carfilzomib,6,27 mg/m2,6,6
S0055,lenalidomide,6,25 mg,21,21
S0055,dexamethasone,6,40 mg,4,4
S0055,carfilzomib,7,27 mg/m2,6,6
S0055,lenalidomide,7,25 mg,21,21
S0055,dexamethasone,7,40 mg,4,4
S0055,carfilzomib,8,27 mg/m2,6,6
S0055,lenalidomide,8,25 mg,21,21
S0055,dexamethasone,8,40 mg,4,4
S0055,carfilzomib,9,27 mg/m2,6,6
S0055,lenalidomide,9,25 mg,21,21
S0055,dexamethasone,9,40 mg,4,4
S0055,carfilzomib,10,27 mg/m2,6,6
S0055,lenalidomide,10,25 mg,21,21
S0055,dexamethasone,10,40 mg,4,4
S0055,carfilzomib,11,27 mg/m2,6,6
S0055,lenalidomide,11,25 mg,21,21
S0055,dexamethasone,11,40 mg,4,4
S0055,carfilzomib,12,27 mg/m2,6,6
S0055,lenalidomide,12,25 mg,21,21
S0055,dexamethasone,12,40 mg,4,4
S0056,carfilzomib,1,20 mg/m2 then 56 mg/m2,3,3
S0056,lenalidomide,1,25 mg,21,21
S0056,dexamethasone,1,40 mg,4,4
S0056,carfilzomib,2,56 mg/m2,3,3
S0056,lenalidomide,2,25 mg,21,21
S0056,dexamethasone,2,40 mg,4,4
S0056,carfilzomib,3,56 mg/m2,3,3
S0056,lenalidomide,3,25 mg,21,21
S0056,dexamethasone,3,40 mg,4,4
S0056,carfilzomib,4,56 mg/m2,3,2
S0056,lenalidomide,4,25 mg,21,21
S0056,dexamethasone,4,40 mg,4,4
S0056,carfilzomib,5,56 mg/m2,3,3
S0056,lenalidomide,5,25 mg,21,21
S0056,dexamethasone,5,40 mg,4,4
S0056,carfilzomib,6,56 mg/m2,3,3
S0056,lenalidomide,6,25 mg,21,21
S0056,dexamethasone,6,40 mg,4,4
S0056,carfilzomib,7,56 mg/m2,3,3
S0056,lenalidomide,7,25 mg,21,21
S0056,dexamethasone,7,40 mg,4,4
S0056,carfilzomib,8,56 mg/m2,1,1
S0056,lenalidomide,8,25 mg,1,1
S0056,dexamethasone,8,40 mg,1,1
S0057,carfilzomib,1,20 mg/m2 then 27 mg/m2,6,6
S0057,lenalidomide,1,25 mg,21,21
S0057,dexamethasone,1,40 mg,4,4
S0057,carfilzomib,2,27 mg/m2,6,6
S0057,lenalidomide,2,25 mg,21,21
S0057,dexamethasone,2,40 mg,4,4
S0057,carfilzomib,3,27 mg/m2,1,1
S0057,lenalidomide,3,25 mg,1,1
S0057,dexamethasone,3,40 mg,1,1
S0058,carfilzomib,1,20 mg/m2 then 56 mg/m2,3,3
S0058,lenalidomide,1,25 mg,21,21
S0058,dexamethasone,1,40 mg,4,4
S0058,carfilzomib,2,56 mg/m2,3,3
S0058,lenalidomide,2,25 mg,21,21
S0058,dexamethasone,2,40 mg,4,4
S0058,carfilzomib,3,56 mg/m2,1,1
S0058,lenalidomide,3,25 mg,6,6
S0058,dexamethasone,3,40 mg,1,1
S0059,carfilzomib,1,20 mg/m2 then 27 mg/m2,6,6
S0059,lenalidomide,1,25 mg,21,21
S0059,dexamethasone,1,40 mg,4,4
S0059,carfilzomib,2,27 mg/m2,6,6
S0059,lenalidomide,2,25 mg,21,21
S0059,dexamethasone,2,40 mg,4,4
S0059,carfilzomib,3,27 mg/m2,6,6
S0059,lenalidomide,3,25 mg,21,21
S0059,dexamethasone,3,40 mg,4,4
S0059,carfilzomib,4,27 mg/m2,6,6
S0059,lenalidomide,4,25 mg,21,21
S0059,dexamethasone,4,40 mg,4,4
S0059,carfilzomib,5,27 mg/m2,6,6
S0059,lenalidomide,5,25 mg,21,21
S0059,dexamethasone,5,40 mg,4,4
S0059,carfilzomib,6,27 mg/m2,6,6
S0059,lenalidomide,6,25 mg,21,21
S0059,dexamethasone,6,40 mg,4,4
S0059,carfilzomib,7,27 mg/m2,6,6
S0059,lenalidomide,7,25 mg,21,21
S0059,dexamethasone,7,40 mg,4,4
S0059,carfilzomib,8,27 mg/m2,6,6
S0059,lenalidomide,8,25 mg,21,21
S0059,dexamethasone,8,40 mg,4,4
S0059,carfilzomib,9,27 mg/m2,6,6
S0059,lenalidomide,9,25 mg,21,21
S0059,dexamethasone,9,40 mg,4,4
S0059,carfilzomib,10,27 mg/m2,6,6
S0059,lenalidomide,10,25 mg,21,21
S0059,dexamethasone,10,40 mg,4,4
S0059,carfilzomib,11,27 mg/m2,6,6
S0059,lenalidomide,11,25 mg,21,21
S0059,dexamethasone,11,40 mg,4,4
S0059,carfilzomib,12,27 mg/m2,6,6
S0059,lenalidomide,12,25 mg,21,21
S0059,dexamethasone,12,40 mg,4,4
S0060,carfilzomib,1,20 mg/m2 then 27 mg/m2,6,6
S0060,lenalidomide,1,25 mg,21,21
S0060,dexamethasone,1,40 mg,4,4
S0060,carfilzomib,2,27 mg/m2,6,6
S0060,lenalidomide,2,25 mg,21,21
S0060,dexamethasone,2,40 mg,4,4
S0060,carfilzomib,3,27 mg/m2,6,6
S0060,lenalidomide,3,25 mg,21,21
S0060,dexamethasone,3,40 mg,4,4
S0060,carfilzomib,4,27 mg/m2,6,6
S0060,lenalidomide,4,25 mg,21,21
S0060,dexamethasone,4,40 mg,4,4
S0060,carfilzomib,5,27 mg/m2,6,6
S0060,lenalidomide,5,25 mg,21,21
S0060,dexamethasone,5,40 mg,4,4
S0060,carfilzomib,6,27 mg/m2,6,6
S0060,lenalidomide,6,25 mg,21,21
S0060,dexamethasone,6,40 mg,4,4
S0060,carfilzomib,7,27 mg/m2,6,6
S0060,lenalidomide,7,25 mg,21,21
S0060,dexamethasone,7,40 mg,4,4
S0060,carfilzomib,8,27 mg/m2,6,6
S0060,lenalidomide,8,25 mg,21,21
S0060,dexamethasone,8,40 mg,4,4
S0060,carfilzomib,9,27 mg/m2,6,6
S0060,lenalidomide,9,25 mg,21,21
S0060,dexamethasone,9,40 mg,4,4
S0060,carfilzomib,10,27 mg/m2,6,6
S0060,lenalidomide,10,25 mg,21,21
S0060,dexamethasone,10,40 mg,4,4
S0060,carfilzomib,11,27 mg/m2,6,6
S0060,lenalidomide,11,25 mg,21,21
S0060,dexamethasone,11,40 mg,4,4
S0060,carfilzomib,12,27 mg/m2,6,6
S0060,lenalidomide,12,25 mg,21,21
S0060,dexamethasone,12,40 mg,4,4
S0061,carfilzomib,1,20 mg/m2 then 27 mg/m2,6,6
S0061,lenalidomide,1,25 mg,21,21
S0061,dexamethasone,1,40 mg,4,4
S0061,carfilzomib,2,27 mg/m2,6,6
S0061,lenalidomide,2,25 mg,21,21
S0061,dexamethasone,2,40 mg,4,4
S0061,carfilzomib,3,27 mg/m2,6,6
S0061,lenalidomide,3,25 mg,21,21
S0061,dexamethasone,3,40 mg,4,4
S0061,carfilzomib,4,27 mg/m2,6,6
S0061,lenalidomide,4,25 mg,21,21
S0061,dexamethasone,4,40 mg,4,4
S0061,carfilzomib,5,27 mg/m2,6,6
S0061,lenalidomide,5,25 mg,21,21
S0061,dexamethasone,5,40 mg,4,4
S0061,carfilzomib,6,27 mg/m2,6,6
S0061,lenalidomide,6,25 mg,21,21
S0061,dexamethasone,6,40 mg,4,4
S0061,carfilzomib,7,27 mg/m2,6,6
S0061,lenalidomide,7,25 mg,21,21
S0061,dexamethasone,7,40 mg,4,4
S0061,carfilzomib,8,27 mg/m2,6,6
S0061,lenalidomide,8,25 mg,21,21
S0061,dexamethasone,8,40 mg,4,4
S0061,carfilzomib,9,27 mg/m2,6,6
S0061,lenalidomide,9,25 mg,21,21
S0061,dexamethasone,9,40 mg,4,4
S0061,carfilzomib,10,27 mg/m2,6,5
S0061,lenalidomide,10,25 mg,21,21
S0061,dexamethasone,10,40 mg,4,4
S0061,carfilzomib,11,27 mg/m2,6,6
S0061,lenalidomide,11,25 mg,21,21
S0061,dexamethasone,11,40 mg,4,4
S0061,carfilzomib,12,27 mg/m2,6,6
S0061,lenalidomide,12,25 mg,21,21
S0061,dexamethasone,12,40 mg,4,4
S0062,carfilzomib,1,20 mg/m2 then 27 mg/m2,6,6
S0062,lenalidomide,1,25 mg,21,21
S0062,dexamethasone,1,40 mg,4,4
S0062,carfilzomib,2,27 mg/m2,6,6
S0062,lenalidomide,2,25 mg,21,21
S0062,dexamethasone,2,40 mg,4,4
S0062,carfilzomib,3,27 mg/m2,6,6
S0062,lenalidomide,3,25 mg,21,21
S0062,dexamethasone,3,40 mg,4,4
S0062,carfilzomib,4,27 mg/m2,6,6
S0062,lenalidomide,4,25 mg,21,21
S0062,dexamethasone,4,40 mg,4,4
S0062,carfilzomib,5,27 mg/m2,6,5
S0062,lenalidomide,5,25 mg,21,21
S0062,dexamethasone,5,40 mg,4,4
S0062,carfilzomib,6,27 mg/m2,6,6
S0062,lenalidomide,6,25 mg,21,21
S0062,dexamethasone,6,40 mg,4,4
S0062,carfilzomib,7,27 mg/m2,6,6
S0062,lenalidomide,7,25 mg,21,21
S0062,dexamethasone,7,40 mg,4,4
S0062,carfilzomib,8,27 mg/m2,6,6
S0062,lenalidomide,8,25 mg,21,21
S0062,dexamethasone,8,40 mg,4,4
S0062,carfilzomib,9,27 mg/m2,6,6
S0062,lenalidomide,9,25 mg,21,21
S0062,dexamethasone,9,40 mg,4,4
S0062,carfilzomib,10,27 mg/m2,6,6
S0062,lenalidomide,10,25 mg,21,21
S0062,dexamethasone,10,40 mg,4,4
S0062,carfilzomib,11,27 mg/m2,6,6
S0062,lenalidomide,11,25 mg,21,21
S0062,dexamethasone,11,40 mg,4,4
S0062,carfilzomib,12,27 mg/m2,6,6
S0062,lenalidomide,12,25 mg,21,21
S0062,dexamethasone,12,40 mg,4,4
S0063,carfilzomib,1,20 mg/m2 then 56 mg/m2,3,3
S0063,lenalidomide,1,25 mg,21,21
S0063,dexamethasone,1,40 mg,4,4
S0063,carfilzomib,2,56 mg/m2,3,3
S0063,lenalidomide,2,25 mg,21,21
S0063,dexamethasone,2,40 mg,4,4
S0063,carfilzomib,3,56 mg/m2,3,3
S0063,lenalidomide,3,25 mg,21,21
S0063,dexamethasone,3,40 mg,4,4
S0063,carfilzomib,4,56 mg/m2,3,3
S0063,lenalidomide,4,25 mg,21,21
S0063,dexamethasone,4,40 mg,4,4
S0063,carfilzomib,5,56 mg/m2,3,3
S0063,lenalidomide,5,25 mg,21,21
S0063,dexamethasone,5,40 mg,4,4
S0063,carfilzomib,6,56 mg/m2,3,3
S0063,lenalidomide,6,25 mg,21,21
S0063,dexamethasone,6,40 mg,4,4
S0063,carfilzomib,7,56 mg/m2,3,3
S0063,lenalidomide,7,25 mg,21,21
S0063,dexamethasone,7,40 mg,4,4
S0063,carfilzomib,8,56 mg/m2,3,3
S0063,lenalidomide,8,25 mg,21,21
S0063,dexamethasone,8,40 mg,4,4
S0063,carfilzomib,9,56 mg/m2,3,3
S0063,lenalidomide,9,25 mg,21,21
S0063,dexamethasone,9,40 mg,4,4
S0063,carfilzomib,10,56 mg/m2,3,3
S0063,lenalidomide,10,25 mg,21,21
S0063,dexamethasone,10,40 mg,4,4
S0063,carfilzomib,11,56 mg/m2,3,3
S0063,lenalidomide,11,25 mg,21,21
S0063,dexamethasone,11,40 mg,4,4
S0063,carfilzomib,12,56 mg/m2,3,3
S0063,lenalidomide,12,25 mg,21,21
S0063,dexamethasone,12,40 mg,4,4
S0064,carfilzomib,1,20 mg/m2 then 56 mg/m2,3,3
S0064,lenalidomide,1,25 mg,21,21
S0064,dexamethasone,1,40 mg,4,4
S0064,carfilzomib,2,56 mg/m2,3,3
S0064,lenalidomide,2,25 mg,21,21
S0064,dexamethasone,2,40 mg,4,4
S0064,carfilzomib,3,56 mg/m2,3,3
S0064,lenalidomide,3,25 mg,21,21
S0064,dexamethasone,3,40 mg,4,4
S0064,carfilzomib,4,56 mg/m2,3,3
S0064,lenalidomide,4,25 mg,21,21
S0064,dexamethasone,4,40 mg,4,4
S0064,carfilzomib,5,56 mg/m2,3,3
S0064,lenalidomide,5,25 mg,21,21
S0064,dexamethasone,5,40 mg,4,4
S0064,carfilzomib,6,56 mg/m2,3,3
S0064,lenalidomide,6,25 mg,21,21
S0064,dexamethasone,6,40 mg,4,4
S0064,carfilzomib,7,56 mg/m2,3,3
S0064,lenalidomide,7,25 mg,21,21
S0064,dexamethasone,7,40 mg,4,4
S0064,carfilzomib,8,56 mg/m2,3,3
S0064,lenalidomide,8,25 mg,21,21
S0064,dexamethasone,8,40 mg,4,4
S0064,carfilzomib,9,56 mg/m2,3,3
S0064,lenalidomide,9,25 mg,21,21
S0064,dexamethasone,9,40 mg,4,4
S0064,carfilzomib,10,56 mg/m2,3,3
S0064,lenalidomide,10,25 mg,21,21
S0064,dexamethasone,10,40 mg,4,4
S0064,carfilzomib,11,56 mg/m2,3,3
S0064,lenalidomide,11,25 mg,21,21
S0064,dexamethasone,11,40 mg,4,4
S0064,carfilzomib,12,56 mg/m2,3,3
S0064,lenalidomide,12,25 mg,21,21
S0064,dexamethasone,12,40 mg,4,4
S0065,carfilzomib,1,20 mg/m2 then 56 mg/m2,3,3
S0065,lenalidomide,1,25 mg,21,21
S0065,dexamethasone,1,40 mg,4,4
S0065,carfilzomib,2,56 mg/m2,3,3
S0065,lenalidomide,2,25 mg,21,21
S0065,dexamethasone,2,40 mg,4,4
S0065,carfilzomib,3,56 mg/m2,3,3
S0065,lenalidomide,3,25 mg,21,21
S0065,dexamethasone,3,40 mg,4,4
S0065,carfilzomib,4,56 mg/m2,3,3
S0065,lenalidomide,4,25 mg,21,21
S0065,dexamethasone,4,40 mg,4,4
S0065,carfilzomib,5,56 mg/m2,3,3
S0065,lenalidomide,5,25 mg,21,21
S0065,dexamethasone,5,40 mg,4,4
S0065,carfilzomib,6,56 mg/m2,3,3
S0065,lenalidomide,6,25 mg,21,21
S0065,dexamethasone,6,40 mg,4,4
S0065,carfilzomib,7,56 mg/m2,3,3
S0065,lenalidomide,7,25 mg,21,21
S0065,dexamethasone,7,40 mg,4,4
S0065,carfilzomib,8,56 mg/m2,3,3
S0065,lenalidomide,8,25 mg,21,21
S0065,dexamethasone,8,40 mg,4,4
S0065,carfilzomib,9,56 mg/m2,3,3
S0065,lenalidomide,9,25 mg,21,21
S0065,dexamethasone,9,40 mg,4,4
S0065,carfilzomib,10,56 mg/m2,3,3
S0065,lenalidomide,10,25 mg,21,21
S0065,dexamethasone,10,40 mg,4,4
S0065,carfilzomib,11,56 mg/m2,3,3
S0065,lenalidomide,11,25 mg,21,21
S0065,dexamethasone,11,40 mg,4,4
S0065,carfilzomib,12,56 mg/m2,3,3
S0065,lenalidomide,12,25 mg,21,21
S0065,dexamethasone,12,40 mg,4,4
S0066,carfilzomib,1,20 mg/m2 then 27 mg/m2,6,6
S0066,lenalidomide,1,25 mg,21,21
S0066,dexamethasone,1,40 mg,4,4
S0066,carfilzomib,2,27 mg/m2,2,2
S0066,lenalidomide,2,25 mg,3,3
S0066,dexamethasone,2,40 mg,1,1
S0067,carfilzomib,1,20 mg/m2 then 27 mg/m2,6,6
S0067,lenalidomide,1,25 mg,21,21
S0067,dexamethasone,1,40 mg,4,4
S0067,carfilzomib,2,27 mg/m2,6,6
S0067,lenalidomide,2,25 mg,21,21
S0067,dexamethasone,2,40 mg,4,4
S0067,carfilzomib,3,27 mg/m2,6,5
S0067,lenalidomide,3,25 mg,21,21
S0067,dexamethasone,3,40 mg,4,4
S0067,carfilzomib,4,27 mg/m2,1,1
S0067,lenalidomide,4,25 mg,1,1
S0067,dexamethasone,4,40 mg,1,1
S0068,carfilzomib,1,20 mg/m2 then 27 mg/m2,6,6
S0068,lenalidomide,1,25 mg,21,21
S0068,dexamethasone,1,40 mg,4,4
S0068,carfilzomib,2,27 mg/m2,6,6
S0068,lenalidomide,2,25 mg,21,21
S0068,dexamethasone,2,40 mg,4,4
S0068,carfilzomib,3,27 mg/m2,6,6
S0068,lenalidomide,3,25 mg,21,21
S0068,dexamethasone,3,40 mg,4,4
S0068,carfilzomib,4,27 mg/m2,6,6
S0068,lenalidomide,4,25 mg,21,21
S0068,dexamethasone,4,40 mg,4,4
S0068,carfilzomib,5,27 mg/m2,6,6
S0068,lenalidomide,5,25 mg,21,21
S0068,dexamethasone,5,40 mg,4,4
S0068,carfilzomib,6,27 mg/m2,6,6
S0068,lenalidomide,6,25 mg,21,21
S0068,dexamethasone,6,40 mg,4,4
S0068,carfilzomib,7,27 mg/m2,6,6
S0068,lenalidomide,7,25 mg,21,21
S0068,dexamethasone,7,40 mg,4,4
S0068,carfilzomib,8,27 mg/m2,6,6
S0068,lenalidomide,8,25 mg,21,21
S0068,dexamethasone,8,40 mg,4,4
S0068,carfilzomib,9,27 mg/m2,6,6
S0068,lenalidomide,9,25 mg,21,21
S0068,dexamethasone,9,40 mg,4,4
S0068,carfilzomib,10,27 mg/m2,6,6
S0068,lenalidomide,10,25 mg,21,21
S0068,dexamethasone,10,40 mg,4,4
S0068,carfilzomib,11,27 mg/m2,6,6
S0068,lenalidomide,11,25 mg,21,21
S0068,dexamethasone,11,40 mg,4,4
S0068,carfilzomib,12,27 mg/m2,6,6
S0068,lenalidomide,12,25 mg,21,21
S0068,dexamethasone,12,40 mg,4,4
S0069,carfilzomib,1,20 mg/m2 then 27 mg/m2,6,6
S0069,lenalidomide,1,25 mg,21,21
S0069,dexamethasone,1,40 mg,4,4
S0069,carfilzomib,2,27 mg/m2,6,6
S0069,lenalidomide,2,25 mg,21,21
S0069,dexamethasone,2,40 mg,4,4
S0069,carfilzomib,3,27 mg/m2,6,5
S0069,lenalidomide,3,25 mg,21,21
S0069,dexamethasone,3,40 mg,4,4
S0069,carfilzomib,4,27 mg/m2,6,6
S0069,lenalidomide,4,25 mg,21,21
S0069,dexamethasone,4,40 mg,4,4
S0069,carfilzomib,5,27 mg/m2,6,6
S0069,lenalidomide,5,25 mg,21,21
S0069,dexamethasone,5,40 mg,4,4
S0069,carfilzomib,6,27 mg/m2,6,6
S0069,lenalidomide,6,25 mg,21,21
S0069,dexamethasone,6,40 mg,4,4
S0069,carfilzomib,7,27 mg/m2,6,6
S0069,lenalidomide,7,25 mg,21,21
S0069,dexamethasone,7,40 mg,4,4
S0069,carfilzomib,8,27 mg/m2,6,6
S0069,lenalidomide,8,25 mg,21,21
S0069,dexamethasone,8,40 mg,4,4
S0069,carfilzomib,9,27 mg/m2,6,6
S0069,lenalidomide,9,25 mg,21,21
S0069,dexamethasone,9,40 mg,4,4
S0069,carfilzomib,10,27 mg/m2,6,6
S0069,lenalidomide,10,25 mg,21,21
S0069,dexamethasone,10,40 mg,4,4
S0069,carfilzomib,11,27 mg/m2,6,6
S0069,lenalidomide,11,25 mg,21,21
S0069,dexamethasone,11,40 mg,4,4
S0069,carfilzomib,12,27 mg/m2,6,6
S0069,lenalidomide,12,25 mg,21,21
S0069,dexamethasone,12,40 mg,4,4
S0070,carfilzomib,1,20 mg/m2 then 27 mg/m2,4,4
S0070,lenalidomide,1,25 mg,9,9
S0070,dexamethasone,1,40 mg,2,2
S0071,carfilzomib,1,20 mg/m2 then 27 mg/m2,6,6
S0071,lenalidomide,1,25 mg,21,21
S0071,dexamethasone,1,40 mg,4,4
S0071,carfilzomib,2,27 mg/m2,6,6
S0071,lenalidomide,2,25 mg,21,21
S0071,dexamethasone,2,40 mg,4,4
S0071,carfilzomib,3,27 mg/m2,6,6
S0071,lenalidomide,3,25 mg,21,21
S0071,dexamethasone,3,40 mg,4,4
S0071,carfilzomib,4,27 mg/m2,6,6
S0071,lenalidomide,4,25 mg,21,21
S0071,dexamethasone,4,40 mg,4,4
S0071,carfilzomib,5,27 mg/m2,6,6
S0071,lenalidomide,5,25 mg,21,21
S0071,dexamethasone,5,40 mg,4,4
S0071,carfilzomib,6,27 mg/m2,6,6
S0071,lenalidomide,6,25 mg,21,21
S0071,dexamethasone,6,40 mg,4,4
S0071,carfilzomib,7,27 mg/m2,6,6
S0071,lenalidomide,7,25 mg,21,21
S0071,dexamethasone,7,40 mg,4,4
S0071,carfilzomib,8,27 mg/m2,6,6
S0071,lenalidomide,8,25 mg,21,21
S0071,dexamethasone,8,40 mg,4,4
S0071,carfilzomib,9,27 mg/m2,6,6
S0071,lenalidomide,9,25 mg,21,21
S0071,dexamethasone,9,40 mg,4,4
S0071,carfilzomib,10,27 mg/m2,6,6
S0071,lenalidomide,10,25 mg,21,21
S0071,dexamethasone,10,40 mg,4,4
S0071,carfilzomib,11,27 mg/m2,6,5
S0071,lenalidomide,11,25 mg,21,21
S0071,dexamethasone,11,40 mg,4,4
S0071,carfilzomib,12,27 mg/m2,6,6
S0071,lenalidomide,12,25 mg,21,21
S0071,dexamethasone,12,40 mg,4,4
S0072,carfilzomib,1,20 mg/m2 then 27 mg/m2,6,6
S0072,lenalidomide,1,25 mg,21,21
S0072,dexamethasone,1,40 mg,4,4
S0072,carfilzomib,2,27 mg/m2,6,6
S0072,lenalidomide,2,25 mg,21,21
S0072,dexamethasone,2,40 mg,4,4
S0072,carfilzomib,3,27 mg/m2,6,6
S0072,lenalidomide,3,25 mg,21,21
S0072,dexamethasone,3,40 mg,4,4
S0072,carfilzomib,4,27 mg/m2,6,6
S0072,lenalidomide,4,25 mg,21,21
S0072,dexamethasone,4,40 mg,4,4
S0072,carfilzomib,5,27 mg/m2,6,6
S0072,lenalidomide,5,25 mg,21,21
S0072,dexamethasone,5,40 mg,4,4
S0072,carfilzomib,6,27 mg/m2,6,6
S0072,lenalidomide,6,25 mg,21,21
S0072,dexamethasone,6,40 mg,4,4
S0072,carfilzomib,7,27 mg/m2,6,6
S0072,lenalidomide,7,25 mg,21,21
S0072,dexamethasone,7,40 mg,4,4
S0072,carfilzomib,8,27 mg/m2,6,6
S0072,lenalidomide,8,25 mg,21,21
S0072,dexamethasone,8,40 mg,4,4
S0072,carfilzomib,9,27 mg/m2,6,6
S0072,lenalidomide,9,25 mg,21,21
S0072,dexamethasone,9,40 mg,4,4
S0072,carfilzomib,10,27 mg/m2,6,6
S0072,lenalidomide,10,25 mg,21,21
S0072,dexamethasone,10,40 mg,4,4
S0072,carfilzomib,11,27 mg/m2,6,6
S0072,lenalidomide,11,25 mg,21,21
S0072,dexamethasone,11,40 mg,4,4
S0072,carfilzomib,12,27 mg/m2,6,6
S0072,lenalidomide,12,25 mg,21,21
S0072,dexamethasone,12,40 mg,4,4
S0073,carfilzomib,1,20 mg/m2 then 56 mg/m2,3,3
S0073,lenalidomide,1,25 mg,21,21
S0073,dexamethasone,1,40 mg,4,4
S0073,carfilzomib,2,56 mg/m2,3,3
S0073,lenalidomide,2,25 mg,21,21
S0073,dexamethasone,2,40 mg,4,4
S0073,carfilzomib,3,56 mg/m2,3,3
S0073,lenalidomide,3,25 mg,21,21
S0073,dexamethasone,3,40 mg,4,4
S0073,carfilzomib,4,56 mg/m2,3,3
S0073,lenalidomide,4,25 mg,21,21
S0073,dexamethasone,4,40 mg,4,4
S0073,carfilzomib,5,56 mg/m2,3,3
S0073,lenalidomide,5,25 mg,21,21
S0073,dexamethasone,5,40 mg,4,4
S0073,carfilzomib,6,56 mg/m2,3,3
S0073,lenalidomide,6,25 mg,21,21
S0073,dexamethasone,6,40 mg,4,4
S0073,carfilzomib,7,56 mg/m2,3,3
S0073,lenalidomide,7,25 mg,21,21
S0073,dexamethasone,7,40 mg,4,4
S0073,carfilzomib,8,56 mg/m2,3,3
S0073,lenalidomide,8,25 mg,21,21
S0073,dexamethasone,8,40 mg,4,4
S0073,carfilzomib,9,56 mg/m2,3,3
S0073,lenalidomide,9,25 mg,21,21
S0073,dexamethasone,9,40 mg,4,4
S0073,carfilzomib,10,56 mg/m2,3,3
S0073,lenalidomide,10,25 mg,21,21
S0073,dexamethasone,10,40 mg,4,4
S0073,carfilzomib,11,56 mg/m2,3,3
S0073,lenalidomide,11,25 mg,21,21
S0073,dexamethasone,11,40 mg,4,4
S0073,carfilzomib,12,56 mg/m2,3,3
S0073,lenalidomide,12,25 mg,21,21
S0073,dexamethasone,12,40 mg,4,4
S0074,carfilzomib,1,20 mg/m2 then 27 mg/m2,6,6
S0074,lenalidomide,1,25 mg,21,21
S0074,dexamethasone,1,40 mg,4,4
S0074,carfilzomib,2,27 mg/m2,6,6
S0074,lenalidomide,2,25 mg,21,21
S0074,dexamethasone,2,40 mg,4,4
S0074,carfilzomib,3,27 mg/m2,6,6
S0074,lenalidomide,3,25 mg,21,21
S0074,dexamethasone,3,40 mg,4,4
S0074,carfilzomib,4,27 mg/m2,6,6
S0074,lenalidomide,4,25 mg,21,21
S0074,dexamethasone,4,40 mg,4,4
S0074,carfilzomib,5,27 mg/m2,6,6
S0074,lenalidomide,5,25 mg,21,21
S0074,dexamethasone,5,40 mg,4,4
S0074,carfilzomib,6,27 mg/m2,6,6
S0074,lenalidomide,6,25 mg,21,21
S0074,dexamethasone,6,40 mg,4,4
S0074,carfilzomib,7,27 mg/m2,6,6
S0074,lenalidomide,7,25 mg,21,21
S0074,dexamethasone,7,40 mg,4,4
S0074,carfilzomib,8,27 mg/m2,6,6
S0074,lenalidomide,8,25 mg,21,21
S0074,dexamethasone,8,40 mg,4,4
S0074,carfilzomib,9,27 mg/m2,6,6
S0074,lenalidomide,9,25 mg,21,21
S0074,dexamethasone,9,40 mg,4,4
S0074,carfilzomib,10,27 mg/m2,6,6
S0074,lenalidomide,10,25 mg,21,21
S0074,dexamethasone,10,40 mg,4,4
S0074,carfilzomib,11,27 mg/m2,6,6
S0074,lenalidomide,11,25 mg,21,21
S0074,dexamethasone,11,40 mg,4,4
S0074,carfilzomib,12,27 mg/m2,6,6
S0074,lenalidomide,12,25 mg,21,21
S0074,dexamethasone,12,40 mg,4,4
S0075,carfilzomib,1,20 mg/m2 then 56 mg/m2,3,3
S0075,lenalidomide,1,25 mg,21,21
S0075,dexamethasone,1,40 mg,4,4
S0075,carfilzomib,2,56 mg/m2,3,3
S0075,lenalidomide,2,25 mg,21,21
S0075,dexamethasone,2,40 mg,4,4
S0075,carfilzomib,3,56 mg/m2,3,3
S0075,lenalidomide,3,25 mg,21,21
S0075,dexamethasone,3,40 mg,4,4
S0075,carfilzomib,4,56 mg/m2,3,3
S0075,lenalidomide,4,25 mg,21,21
S0075,dexamethasone,4,40 mg,4,4
S0075,carfilzomib,5,56 mg/m2,3,3
S0075,lenalidomide,5,25 mg,21,21
S0075,dexamethasone,5,40 mg,4,4
S0075,carfilzomib,6,56 mg/m2,3,3
S0075,lenalidomide,6,25 mg,21,21
S0075,dexamethasone,6,40 mg,4,4
S0075,carfilzomib,7,56 mg/m2,3,3
S0075,lenalidomide,7,25 mg,21,21
S0075,dexamethasone,7,40 mg,4,4
S0075,carfilzomib,8,56 mg/m2,3,3
S0075,lenalidomide,8,25 mg,21,21
S0075,dexamethasone,8,40 mg,4,4
S0075,carfilzomib,9,56 mg/m2,3,3
S0075,lenalidomide,9,25 mg,21,21
S0075,dexamethasone,9,40 mg,4,4
S0075,carfilzomib,10,56 mg/m2,3,3
S0075,lenalidomide,10,25 mg,21,21
S0075,dexamethasone,10,40 mg,4,4
S0075,carfilzomib,11,56 mg/m2,3,3
S0075,lenalidomide,11,25 mg,21,21
S0075,dexamethasone,11,40 mg,4,4
S0075,carfilzomib,12,56 mg/m2,3,3
S0075,lenalidomide,12,25 mg,21,21
S0075,dexamethasone,12,40 mg,4,4
S0076,carfilzomib,1,20 mg/m2 then 27 mg/m2,6,6
S0076,lenalidomide,1,25 mg,21,21
S0076,dexamethasone,1,40 mg,4,4
S0076,carfilzomib,2,27 mg/m2,6,6
S0076,lenalidomide,2,25 mg,21,21
S0076,dexamethasone,2,40 mg,4,4
S0076,carfilzomib,3,27 mg/m2,6,6
S0076,lenalidomide,3,25 mg,21,21
S0076,dexamethasone,3,40 mg,4,4
S0076,carfilzomib,4,27 mg/m2,6,6
S0076,lenalidomide,4,25 mg,21,21
S0076,dexamethasone,4,40 mg,4,4
S0076,carfilzomib,5,27 mg/m2,6,6
S0076,lenalidomide,5,25 mg,21,21
S0076,dexamethasone,5,40 mg,4,4
S0076,carfilzomib,6,27 mg/m2,6,6
S0076,lenalidomide,6,25 mg,21,21
S0076,dexamethasone,6,40 mg,4,4
S0076,carfilzomib,7,27 mg/m2,6,6
S0076,lenalidomide,7,25 mg,21,21
S0076,dexamethasone,7,40 mg,4,4
S0076,carfilzomib,8,27 mg/m2,6,6
S0076,lenalidomide,8,25 mg,21,21
S0076,dexamethasone,8,40 mg,4,4
S0076,carfilzomib,9,27 mg/m2,6,6
S0076,lenalidomide,9,25 mg,21,21
S0076,dexamethasone,9,40 mg,4,4
S0076,carfilzomib,10,27 mg/m2,6,6
S0076,lenalidomide,10,25 mg,21,21
S0076,dexamethasone,10,40 mg,4,4
S0076,carfilzomib,11,27 mg/m2,6,6
S0076,lenalidomide,11,25 mg,21,21
S0076,dexamethasone,11,40 mg,4,4
S0076,carfilzomib,12,27 mg/m2,6,6
S0076,lenalidomide,12,25 mg,21,21
S0076,dexamethasone,12,40 mg,4,4
S0077,carfilzomib,1,20 mg/m2 then 27 mg/m2,6,6
S0077,lenalidomide,1,25 mg,21,21
S0077,dexamethasone,1,40 mg,4,4
S0077,carfilzomib,2,27 mg/m2,6,6
S0077,lenalidomide,2,25 mg,21,21
S0077,dexamethasone,2,40 mg,4,4
S0077,carfilzomib,3,27 mg/m2,6,6
S0077,lenalidomide,3,25 mg,21,21
S0077,dexamethasone,3,40 mg,4,4
S0077,carfilzomib,4,27 mg/m2,1,1
S0077,lenalidomide,4,25 mg,1,1
S0077,dexamethasone,4,40 mg,1,1
S0078,carfilzomib,1,20 mg/m2 then 56 mg/m2,3,3
S0078,lenalidomide,1,25 mg,21,21
S0078,dexamethasone,1,40 mg,4,4
S0078,carfilzomib,2,56 mg/m2,3,3
S0078,lenalidomide,2,25 mg,21,21
S0078,dexamethasone,2,40 mg,4,4
S0078,carfilzomib,3,56 mg/m2,3,3
S0078,lenalidomide,3,25 mg,21,21
S0078,dexamethasone,3,40 mg,4,4
S0078,carfilzomib,4,56 mg/m2,3,3
S0078,lenalidomide,4,25 mg,21,21
S0078,dexamethasone,4,40 mg,4,4
S0078,carfilzomib,5,56 mg/m2,3,3
S0078,lenalidomide,5,25 mg,21,21
S0078,dexamethasone,5,40 mg,4,4
S0078,carfilzomib,6,56 mg/m2,3,3
S0078,lenalidomide,6,25 mg,21,21
S0078,dexamethasone,6,40 mg,4,4
S0078,carfilzomib,7,56 mg/m2,3,3
S0078,lenalidomide,7,25 mg,21,21
S0078,dexamethasone,7,40 mg,4,4
S0078,carfilzomib,8,56 mg/m2,3,3
S0078,lenalidomide,8,25 mg,21,21
S0078,dexamethasone,8,40 mg,4,4
S0078,carfilzomib,9,56 mg/m2,3,3
S0078,lenalidomide,9,25 mg,21,21
S0078,dexamethasone,9,40 mg,4,4
S0078,carfilzomib,10,56 mg/m2,3,3
S0078,lenalidomide,10,25 mg,21,21
S0078,dexamethasone,10,40 mg,4,4
S0078,carfilzomib,11,56 mg/m2,3,3
S0078,lenalidomide,11,25 mg,21,21
S0078,dexamethasone,11,40 mg,4,4
S0078,carfilzomib,12,56 mg/m2,3,3
S0078,lenalidomide,12,25 mg,21,21
S0078,dexamethasone,12,40 mg,4,4
S0079,carfilzomib,1,20 mg/m2 then 56 mg/m2,3,3
S0079,lenalidomide,1,25 mg,21,21
S0079,dexamethasone,1,40 mg,4,4
S0079,carfilzomib,2,56 mg/m2,3,3
S0079,lenalidomide,2,25 mg,21,21
S0079,dexamethasone,2,40 mg,4,4
S0079,carfilzomib,3,56 mg/m2,3,3
S0079,lenalidomide,3,25 mg,21,21
S0079,dexamethasone,3,40 mg,4,4
S0079,carfilzomib,4,56 mg/m2,3,2
S0079,lenalidomide,4,25 mg,21,21
S0079,dexamethasone,4,40 mg,4,4
S0079,carfilzomib,5,56 mg/m2,3,3
S0079,lenalidomide,5,25 mg,21,21
S0079,dexamethasone,5,40 mg,4,4
S0079,carfilzomib,6,56 mg/m2,3,3
S0079,lenalidomide,6,25 mg,21,21
S0079,dexamethasone,6,40 mg,4,4
S0079,carfilzomib,7,56 mg/m2,3,3
S0079,lenalidomide,7,25 mg,21,21
S0079,dexamethasone,7,40 mg,4,4
S0079,carfilzomib,8,56 mg/m2,3,3
S0079,lenalidomide,8,25 mg,21,21
S0079,dexamethasone,8,40 mg,4,4
S0079,carfilzomib,9,56 mg/m2,3,3
S0079,lenalidomide,9,25 mg,21,21
S0079,dexamethasone,9,40 mg,4,4
S0079,carfilzomib,10,56 mg/m2,3,3
S0079,lenalidomide,10,25 mg,21,21
S0079,dexamethasone,10,40 mg,4,4
S0079,carfilzomib,11,56 mg/m2,3,3
S0079,lenalidomide,11,25 mg,21,21
S0079,dexamethasone,11,40 mg,4,4
S0079,carfilzomib,12,56 mg/m2,3,3
S0079,lenalidomide,12,25 mg,21,21
S0079,dexamethasone,12,40 mg,4,4
S0080,carfilzomib,1,20 mg/m2 then 56 mg/m2,3,3
S0080,lenalidomide,1,25 mg,21,21
S0080,dexamethasone,1,40 mg,4,4
S0080,carfilzomib,2,56 mg/m2,3,3
S0080,lenalidomide,2,25 mg,21,21
S0080,dexamethasone,2,40 mg,4,4
S0080,carfilzomib,3,56 mg/m2,3,3
S0080,lenalidomide,3,25 mg,21,21
S0080,dexamethasone,3,40 mg,4,4
S0080,carfilzomib,4,56 mg/m2,3,2
S0080,lenalidomide,4,25 mg,21,21
S0080,dexamethasone,4,40 mg,4,4
S0080,carfilzomib,5,56 mg/m2,3,3
S0080,lenalidomide,5,25 mg,21,21
S0080,dexamethasone,5,40 mg,4,4
S0080,carfilzomib,6,56 mg/m2,3,3
S0080,lenalidomide,6,25 mg,21,21
S0080,dexamethasone,6,40 mg,4,4
S0080,carfilzomib,7,56 mg/m2,1,1
S0080,lenalidomide,7,25 mg,2,2
S0080,dexamethasone,7,40 mg,1,1
S0081,carfilzomib,1,20 mg/m2 then 27 mg/m2,6,6
S0081,lenalidomide,1,25 mg,21,21
S0081,dexamethasone,1,40 mg,4,4
S0081,carfilzomib,2,27 mg/m2,6,6
S0081,lenalidomide,2,25 mg,21,21
S0081,dexamethasone,2,40 mg,4,4
S0081,carfilzomib,3,27 mg/m2,6,6
S0081,lenalidomide,3,25 mg,21,21
S0081,dexamethasone,3,40 mg,4,4
S0081,carfilzomib,4,27 mg/m2,6,6
S0081,lenalidomide,4,25 mg,21,21
S0081,dexamethasone,4,40 mg,4,4
S0081,carfilzomib,5,27 mg/m2,6,6
S0081,lenalidomide,5,25 mg,21,21
S0081,dexamethasone,5,40 mg,4,4
S0081,carfilzomib,6,27 mg/m2,6,6
S0081,lenalidomide,6,25 mg,21,21
S0081,dexamethasone,6,40 mg,4,4
S0081,carfilzomib,7,27 mg/m2,6,6
S0081,lenalidomide,7,25 mg,21,21
S0081,dexamethasone,7,40 mg,4,4
S0081,carfilzomib,8,27 mg/m2,6,6
S0081,lenalidomide,8,25 mg,21,21
S0081,dexamethasone,8,40 mg,4,4
S0081,carfilzomib,9,27 mg/m2,6,6
S0081,lenalidomide,9,25 mg,21,21
S0081,dexamethasone,9,40 mg,4,4
S0081,carfilzomib,10,27 mg/m2,6,4
S0081,lenalidomide,10,25 mg,21,21
S0081,dexamethasone,10,40 mg,4,4
S0081,carfilzomib,11,27 mg/m2,6,6
S0081,lenalidomide,11,25 mg,21,21
S0081,dexamethasone,11,40 mg,4,4
S0081,carfilzomib,12,27 mg/m2,6,6
S0081,lenalidomide,12,25 mg,21,21
S0081,dexamethasone,12,40 mg,4,4
S0082,carfilzomib,1,20 mg/m2 then 27 mg/m2,6,6
S0082,lenalidomide,1,25 mg,21,21
S0082,dexamethasone,1,40 mg,4,4
S0082,carfilzomib,2,27 mg/m2,6,6
S0082,lenalidomide,2,25 mg,21,21
S0082,dexamethasone,2,40 mg,4,4
S0082,carfilzomib,3,27 mg/m2,6,6
S0082,lenalidomide,3,25 mg,21,21
S0082,dexamethasone,3,40 mg,4,4
S0082,carfilzomib,4,27 mg/m2,6,6
S0082,lenalidomide,4,25 mg,21,21
S0082,dexamethasone,4,40 mg,4,4
S0082,carfilzomib,5,27 mg/m2,6,6
S0082,lenalidomide,5,25 mg,21,21
S0082,dexamethasone,5,40 mg,4,4
S0082,carfilzomib,6,27 mg/m2,6,6
S0082,lenalidomide,6,25 mg,21,21
S0082,dexamethasone,6,40 mg,4,4
S0082,carfilzomib,7,27 mg/m2,6,6
S0082,lenalidomide,7,25 mg,21,21
S0082,dexamethasone,7,40 mg,4,4
S0082,carfilzomib,8,27 mg/m2,6,6
S0082,lenalidomide,8,25 mg,21,21
S0082,dexamethasone,8,40 mg,4,4
S0082,carfilzomib,9,27 mg/m2,6,6
S0082,lenalidomide,9,25 mg,21,21
S0082,dexamethasone,9,40 mg,4,4
S0082,carfilzomib,10,27 mg/m2,6,6
S0082,lenalidomide,10,25 mg,21,21
S0082,dexamethasone,10,40 mg,4,4
S0082,carfilzomib,11,27 mg/m2,6,6
S0082,lenalidomide,11,25 mg,21,21
S0082,dexamethasone,11,40 mg,4,4
S0082,carfilzomib,12,27 mg/m2,6,6
S0082,lenalidomide,12,25 mg,21,21
S0082,dexamethasone,12,40 mg,4,4
S0083,carfilzomib,1,20 mg/m2 then 56 mg/m2,3,3
S0083,lenalidomide,1,25 mg,15,15
S0083,dexamethasone,1,40 mg,3,3
S0084,carfilzomib,1,20 mg/m2 then 56 mg/m2,3,3
S0084,lenalidomide,1,25 mg,21,21
S0084,dexamethasone,1,40 mg,4,4
S0084,carfilzomib,2,56 mg/m2,3,3
S0084,lenalidomide,2,25 mg,21,21
S0084,dexamethasone,2,40 mg,4,4
S0084,carfilzomib,3,56 mg/m2,3,3
S0084,lenalidomide,3,25 mg,21,21
S0084,dexamethasone,3,40 mg,4,4
S0084,carfilzomib,4,56 mg/m2,3,3
S0084,lenalidomide,4,25 mg,21,21
S0084,dexamethasone,4,40 mg,4,4
S0084,carfilzomib,5,56 mg/m2,3,3
S0084,lenalidomide,5,25 mg,21,21
S0084,dexamethasone,5,40 mg,4,4
S0084,carfilzomib,6,56 mg/m2,3,3
S0084,lenalidomide,6,25 mg,21,21
S0084,dexamethasone,6,40 mg,4,4
S0084,carfilzomib,7,56 mg/m2,3,2
S0084,lenalidomide,7,25 mg,21,21
S0084,dexamethasone,7,40 mg,4,4
S0084,carfilzomib,8,56 mg/m2,3,3
S0084,lenalidomide,8,25 mg,21,21
S0084,dexamethasone,8,40 mg,4,4
S0084,carfilzomib,9,56 mg/m2,3,3
S0084,lenalidomide,9,25 mg,21,21
S0084,dexamethasone,9,40 mg,4,4
S0084,carfilzomib,10,56 mg/m2,3,3
S0084,lenalidomide,10,25 mg,21,21
S0084,dexamethasone,10,40 mg,4,4
S0084,carfilzomib,11,56 mg/m2,3,3
S0084,lenalidomide,11,25 mg,21,21
S0084,dexamethasone,11,40 mg,4,4
S0084,carfilzomib,12,56 mg/m2,3,3
S0084,lenalidomide,12,25 mg,21,21
S0084,dexamethasone,12,40 mg,4,4
S0085,carfilzomib,1,20 mg/m2 then 27 mg/m2,6,6
S0085,lenalidomide,1,25 mg,21,21
S0085,dexamethasone,1,40 mg,4,4
S0085,carfilzomib,2,27 mg/m2,6,5
S0085,lenalidomide,2,25 mg,21,21
S0085,dexamethasone,2,40 mg,4,4
S0085,carfilzomib,3,27 mg/m2,6,6
S0085,lenalidomide,3,25 mg,21,21
S0085,dexamethasone,3,40 mg,4,4
S0085,carfilzomib,4,27 mg/m2,6,5
S0085,lenalidomide,4,25 mg,21,21
S0085,dexamethasone,4,40 mg,4,4
S0085,carfilzomib,5,27 mg/m2,6,6
S0085,lenalidomide,5,25 mg,21,21
S0085,dexamethasone,5,40 mg,4,4
S0085,carfilzomib,6,27 mg/m2,6,6
S0085,lenalidomide,6,25 mg,21,21
S0085,dexamethasone,6,40 mg,4,4
S0085,carfilzomib,7,27 mg/m2,6,6
S0085,lenalidomide,7,25 mg,21,21
S0085,dexamethasone,7,40 mg,4,4
S0085,carfilzomib,8,27 mg/m2,6,6
S0085,lenalidomide,8,25 mg,21,21
S0085,dexamethasone,8,40 mg,4,4
S0085,carfilzomib,9,27 mg/m2,6,6
S0085,lenalidomide,9,25 mg,21,21
S0085,dexamethasone,9,40 mg,4,4
S0085,carfilzomib,10,27 mg/m2,6,6
S0085,lenalidomide,10,25 mg,21,21
S0085,dexamethasone,10,40 mg,4,4
S0085,carfilzomib,11,27 mg/m2,6,6
S0085,lenalidomide,11,25 mg,21,21
S0085,dexamethasone,11,40 mg,4,4
S0085,carfilzomib,12,27 mg/m2,6,6
S0085,lenalidomide,12,25 mg,21,21
S0085,dexamethasone,12,40 mg,4,4
S0086,carfilzomib,1,20 mg/m2 then 56 mg/m2,3,3
S0086,lenalidomide,1,25 mg,21,21
S0086,dexamethasone,1,40 mg,4,4
S0086,carfilzomib,2,56 mg/m2,3,3
S0086,lenalidomide,2,25 mg,21,21
S0086,dexamethasone,2,40 mg,4,4
S0086,carfilzomib,3,56 mg/m2,3,3
S0086,lenalidomide,3,25 mg,21,21
S0086,dexamethasone,3,40 mg,4,4
S0086,carfilzomib,4,56 mg/m2,3,3
S0086,lenalidomide,4,25 mg,21,21
S0086,dexamethasone,4,40 mg,4,4
S0086,carfilzomib,5,56 mg/m2,3,3
S0086,lenalidomide,5,25 mg,21,21
S0086,dexamethasone,5,40 mg,4,4
S0086,carfilzomib,6,56 mg/m2,3,3
S0086,lenalidomide,6,25 mg,21,21
S0086,dexamethasone,6,40 mg,4,4
S0086,carfilzomib,7,56 mg/m2,3,3
S0086,lenalidomide,7,25 mg,21,21
S0086,dexamethasone,7,40 mg,4,4
S0086,carfilzomib,8,56 mg/m2,1,1
S0086,lenalidomide,8,25 mg,2,2
S0086,dexamethasone,8,40 mg,1,1
S0087,carfilzomib,1,20 mg/m2 then 27 mg/m2,6,6
S0087,lenalidomide,1,25 mg,21,21
S0087,dexamethasone,1,40 mg,4,4
S0087,carfilzomib,2,27 mg/m2,6,6
S0087,lenalidomide,2,25 mg,21,21
S0087,dexamethasone,2,40 mg,4,4
S0087,carfilzomib,3,27 mg/m2,6,6
S0087,lenalidomide,3,25 mg,21,21
S0087,dexamethasone,3,40 mg,4,4
S0087,carfilzomib,4,27 mg/m2,6,6
S0087,lenalidomide,4,25 mg,21,21
S0087,dexamethasone,4,40 mg,4,4
S0087,carfilzomib,5,27 mg/m2,6,6
S0087,lenalidomide,5,25 mg,21,21
S0087,dexamethasone,5,40 mg,4,4
S0087,carfilzomib,6,27 mg/m2,6,6
S0087,lenalidomide,6,25 mg,21,21
S0087,dexamethasone,6,40 mg,4,4
S0087,carfilzomib,7,27 mg/m2,6,5
S0087,lenalidomide,7,25 mg,21,21
S0087,dexamethasone,7,40 mg,4,4
S0087,carfilzomib,8,27 mg/m2,6,6
S0087,lenalidomide,8,25 mg,19,19
S0087,dexamethasone,8,40 mg,3,3
S0088,carfilzomib,1,20 mg/m2 then 56 mg/m2,3,3
S0088,lenalidomide,1,25 mg,21,21
S0088,dexamethasone,1,40 mg,4,4
S0088,carfilzomib,2,56 mg/m2,3,3
S0088,lenalidomide,2,25 mg,21,21
S0088,dexamethasone,2,40 mg,4,4
S0088,carfilzomib,3,56 mg/m2,3,3
S0088,lenalidomide,3,25 mg,21,21
S0088,dexamethasone,3,40 mg,4,4
S0088,carfilzomib,4,56 mg/m2,3,3
S0088,lenalidomide,4,25 mg,21,21
S0088,dexamethasone,4,40 mg,4,4
S0088,carfilzomib,5,56 mg/m2,3,3
S0088,lenalidomide,5,25 mg,21,21
S0088,dexamethasone,5,40 mg,4,4
S0088,carfilzomib,6,56 mg/m2,3,3
S0088,lenalidomide,6,25 mg,21,21
S0088,dexamethasone,6,40 mg,4,4
S0088,carfilzomib,7,56 mg/m2,3,3
S0088,lenalidomide,7,25 mg,21,21
S0088,dexamethasone,7,40 mg,4,4
S0088,carfilzomib,8,56 mg/m2,3,3
S0088,lenalidomide,8,25 mg,21,21
S0088,dexamethasone,8,40 mg,4,4
S0088,carfilzomib,9,56 mg/m2,3,3
S0088,lenalidomide,9,25 mg,21,21
S0088,dexamethasone,9,40 mg,4,4
S0088,carfilzomib,10,56 mg/m2,3,3
S0088,lenalidomide,10,25 mg,21,21
S0088,dexamethasone,10,40 mg,4,4
S0088,carfilzomib,11,56 mg/m2,3,3
S0088,lenalidomide,11,25 mg,21,21
S0088,dexamethasone,11,40 mg,4,4
S0088,carfilzomib,12,56 mg/m2,3,3
S0088,lenalidomide,12,25 mg,21,21
S0088,dexamethasone,12,40 mg,4,4
S0089,carfilzomib,1,20 mg/m2 then 27 mg/m2,6,6
S0089,lenalidomide,1,25 mg,21,21
S0089,dexamethasone,1,40 mg,4,4
S0089,carfilzomib,2,27 mg/m2,6,6
S0089,lenalidomide,2,25 mg,21,21
S0089,dexamethasone,2,40 mg,4,4
S0089,carfilzomib,3,27 mg/m2,6,6
S0089,lenalidomide,3,25 mg,21,21
S0089,dexamethasone,3,40 mg,4,4
S0089,carfilzomib,4,27 mg/m2,6,6
S0089,lenalidomide,4,25 mg,21,21
S0089,dexamethasone,4,40 mg,4,4
S0089,carfilzomib,5,27 mg/m2,6,5
S0089,lenalidomide,5,25 mg,21,21
S0089,dexamethasone,5,40 mg,4,4
S0089,carfilzomib,6,27 mg/m2,6,6
S0089,lenalidomide,6,25 mg,21,21
S0089,dexamethasone,6,40 mg,4,4
S0089,carfilzomib,7,27 mg/m2,6,6
S0089,lenalidomide,7,25 mg,21,21
S0089,dexamethasone,7,40 mg,4,4
S0089,carfilzomib,8,27 mg/m2,6,6
S0089,lenalidomide,8,25 mg,21,21
S0089,dexamethasone,8,40 mg,4,4
S0089,carfilzomib,9,27 mg/m2,6,5
S0089,lenalidomide,9,25 mg,21,21
S0089,dexamethasone,9,40 mg,4,4
S0089,carfilzomib,10,27 mg/m2,6,6
S0089,lenalidomide,10,25 mg,21,21
S0089,dexamethasone,10,40 mg,4,4
S0089,carfilzomib,11,27 mg/m2,6,6
S0089,lenalidomide,11,25 mg,21,21
S0089,dexamethasone,11,40 mg,4,4
S0089,carfilzomib,12,27 mg/m2,6,6
S0089,lenalidomide,12,25 mg,21,21
S0089,dexamethasone,12,40 mg,4,4
S0090,carfilzomib,1,20 mg/m2 then 27 mg/m2,6,6
S0090,lenalidomide,1,25 mg,21,21
S0090,dexamethasone,1,40 mg,4,4
S0090,carfilzomib,2,27 mg/m2,6,6
S0090,lenalidomide,2,25 mg,21,21
S0090,dexamethasone,2,40 mg,4,4
S0090,carfilzomib,3,27 mg/m2,6,6
S0090,lenalidomide,3,25 mg,21,21
S0090,dexamethasone,3,40 mg,4,4
S0090,carfilzomib,4,27 mg/m2,6,6
S0090,lenalidomide,4,25 mg,21,21
S0090,dexamethasone,4,40 mg,4,4
S0090,carfilzomib,5,27 mg/m2,6,6
S0090,lenalidomide,5,25 mg,21,21
S0090,dexamethasone,5,40 mg,4,4
S0090,carfilzomib,6,27 mg/m2,6,6
S0090,lenalidomide,6,25 mg,21,21
S0090,dexamethasone,6,40 mg,4,4
S0090,carfilzomib,7,27 mg/m2,6,6
S0090,lenalidomide,7,25 mg,21,21
S0090,dexamethasone,7,40 mg,4,4
S0090,carfilzomib,8,27 mg/m2,6,6
S0090,lenalidomide,8,25 mg,21,21
S0090,dexamethasone,8,40 mg,4,4
S0090,carfilzomib,9,27 mg/m2,6,6
S0090,lenalidomide,9,25 mg,21,21
S0090,dexamethasone,9,40 mg,4,4
S0090,carfilzomib,10,27 mg/m2,6,6
S0090,lenalidomide,10,25 mg,21,21
S0090,dexamethasone,10,40 mg,4,4
S0090,carfilzomib,11,27 mg/m2,6,6
S0090,lenalidomide,11,25 mg,21,21
S0090,dexamethasone,11,40 mg,4,4
S0090,carfilzomib,12,27 mg/m2,6,6
S0090,lenalidomide,12,25 mg,21,21
S0090,dexamethasone,12,40 mg,4,4
S0091,carfilzomib,1,20 mg/m2 then 27 mg/m2,6,6
S0091,lenalidomide,1,25 mg,21,21
S0091,dexamethasone,1,40 mg,4,4
S0091,carfilzomib,2,27 mg/m2,6,6
S0091,lenalidomide,2,25 mg,21,21
S0091,dexamethasone,2,40 mg,4,4
S0091,carfilzomib,3,27 mg/m2,6,6
S0091,lenalidomide,3,25 mg,21,21
S0091,dexamethasone,3,40 mg,4,4
S0091,carfilzomib,4,27 mg/m2,6,6
S0091,lenalidomide,4,25 mg,21,21
S0091,dexamethasone,4,40 mg,4,4
S0091,carfilzomib,5,27 mg/m2,6,6
S0091,lenalidomide,5,25 mg,21,21
S0091,dexamethasone,5,40 mg,4,4
S0091,carfilzomib,6,27 mg/m2,6,6
S0091,lenalidomide,6,25 mg,21,21
S0091,dexamethasone,6,40 mg,4,4
S0091,carfilzomib,7,27 mg/m2,6,6
S0091,lenalidomide,7,25 mg,21,21
S0091,dexamethasone,7,40 mg,4,4
S0091,carfilzomib,8,27 mg/m2,6,6
S0091,lenalidomide,8,25 mg,21,21
S0091,dexamethasone,8,40 mg,4,4
S0091,carfilzomib,9,27 mg/m2,6,6
S0091,lenalidomide,9,25 mg,21,21
S0091,dexamethasone,9,40 mg,4,4
S0091,carfilzomib,10,27 mg/m2,6,6
S0091,lenalidomide,10,25 mg,21,21
S0091,dexamethasone,10,40 mg,4,4
S0091,carfilzomib,11,27 mg/m2,6,6
S0091,lenalidomide,11,25 mg,21,21
S0091,dexamethasone,11,40 mg,4,4
S0091,carfilzomib,12,27 mg/m2,6,6
S0091,lenalidomide,12,25 mg,21,21
S0091,dexamethasone,12,40 mg,4,4
S0092,carfilzomib,1,20 mg/m2 then 56 mg/m2,3,3
S0092,lenalidomide,1,25 mg,21,21
S0092,dexamethasone,1,40 mg,4,4
S0092,carfilzomib,2,56 mg/m2,3,3
S0092,lenalidomide,2,25 mg,21,21
S0092,dexamethasone,2,40 mg,4,4
S0092,carfilzomib,3,56 mg/m2,3,3
S0092,lenalidomide,3,25 mg,21,21
S0092,dexamethasone,3,40 mg,4,4
S0092,carfilzomib,4,56 mg/m2,3,3
S0092,lenalidomide,4,25 mg,21,21
S0092,dexamethasone,4,40 mg,4,4
S0092,carfilzomib,5,56 mg/m2,3,3
S0092,lenalidomide,5,25 mg,21,21
S0092,dexamethasone,5,40 mg,4,4
S0092,carfilzomib,6,56 mg/m2,3,3
S0092,lenalidomide,6,25 mg,21,21
S0092,dexamethasone,6,40 mg,4,4
S0092,carfilzomib,7,56 mg/m2,3,3
S0092,lenalidomide,7,25 mg,21,21
S0092,dexamethasone,7,40 mg,4,4
S0092,carfilzomib,8,56 mg/m2,3,3
S0092,lenalidomide,8,25 mg,21,21
S0092,dexamethasone,8,40 mg,4,4
S0092,carfilzomib,9,56 mg/m2,3,3
S0092,lenalidomide,9,25 mg,21,21
S0092,dexamethasone,9,40 mg,4,4
S0092,carfilzomib,10,56 mg/m2,3,3
S0092,lenalidomide,10,25 mg,21,21
S0092,dexamethasone,10,40 mg,4,4
S0092,carfilzomib,11,56 mg/m2,3,3
S0092,lenalidomide,11,25 mg,21,21
S0092,dexamethasone,11,40 mg,4,4
S0092,carfilzomib,12,56 mg/m2,3,3
S0092,lenalidomide,12,25 mg,21,21
S0092,dexamethasone,12,40 mg,4,4
S0093,carfilzomib,1,20 mg/m2 then 27 mg/m2,6,6
S0093,lenalidomide,1,25 mg,21,21
S0093,dexamethasone,1,40 mg,4,4
S0093,carfilzomib,2,27 mg/m2,1,1
S0093,lenalidomide,2,25 mg,1,1
S0093,dexamethasone,2,40 mg,1,1
S0094,carfilzomib,1,20 mg/m2 then 27 mg/m2,6,6
S0094,lenalidomide,1,25 mg,21,21
S0094,dexamethasone,1,40 mg,4,4
S0094,carfilzomib,2,27 mg/m2,6,6
S0094,lenalidomide,2,25 mg,21,21
S0094,dexamethasone,2,40 mg,4,4
S0094,carfilzomib,3,27 mg/m2,1,1
S0094,lenalidomide,3,25 mg,1,1
S0094,dexamethasone,3,40 mg,1,1
S0095,carfilzomib,1,20 mg/m2 then 27 mg/m2,6,5
S0095,lenalidomide,1,25 mg,21,21
S0095,dexamethasone,1,40 mg,4,4
S0095,carfilzomib,2,27 mg/m2,6,6
S0095,lenalidomide,2,25 mg,21,21
S0095,dexamethasone,2,40 mg,4,4
S0095,carfilzomib,3,27 mg/m2,6,6
S0095,lenalidomide,3,25 mg,21,21
S0095,dexamethasone,3,40 mg,4,4
S0095,carfilzomib,4,27 mg/m2,6,6
S0095,lenalidomide,4,25 mg,21,21
S0095,dexamethasone,4,40 mg,4,4
S0095,carfilzomib,5,27 mg/m2,6,6
S0095,lenalidomide,5,25 mg,21,21
S0095,dexamethasone,5,40 mg,4,4
S0095,carfilzomib,6,27 mg/m2,1,1
S0095,lenalidomide,6,25 mg,1,1
S0095,dexamethasone,6,40 mg,1,1
S0096,carfilzomib,1,20 mg/m2 then 56 mg/m2,3,3
S0096,lenalidomide,1,25 mg,21,21
S0096,dexamethasone,1,40 mg,4,4
S0096,carfilzomib,2,56 mg/m2,3,3
S0096,lenalidomide,2,25 mg,21,21
S0096,dexamethasone,2,40 mg,4,4
S0096,carfilzomib,3,56 mg/m2,3,3
S0096,lenalidomide,3,25 mg,21,21
S0096,dexamethasone,3,40 mg,4,4
S0096,carfilzomib,4,56 mg/m2,3,3
S0096,lenalidomide,4,25 mg,21,21
S0096,dexamethasone,4,40 mg,4,4
S0096,carfilzomib,5,56 mg/m2,3,3
S0096,lenalidomide,5,25 mg,21,21
S0096,dexamethasone,5,40 mg,4,4
S0096,carfilzomib,6,56 mg/m2,3,3
S0096,lenalidomide,6,25 mg,21,21
S0096,dexamethasone,6,40 mg,4,4
S0096,carfilzomib,7,56 mg/m2,3,3
S0096,lenalidomide,7,25 mg,21,21
S0096,dexamethasone,7,40 mg,4,4
S0096,carfilzomib,8,56 mg/m2,3,2
S0096,lenalidomide,8,25 mg,21,21
S0096,dexamethasone,8,40 mg,4,4
S0096,carfilzomib,9,56 mg/m2,3,3
S0096,lenalidomide,9,25 mg,21,21
S0096,dexamethasone,9,40 mg,4,4
S0096,carfilzomib,10,56 mg/m2,3,3
S0096,lenalidomide,10,25 mg,21,21
S0096,dexamethasone,10,40 mg,4,4
S0096,carfilzomib,11,56 mg/m2,3,3
S0096,lenalidomide,11,25 mg,21,21
S0096,dexamethasone,11,40 mg,4,4
S0096,carfilzomib,12,56 mg/m2,3,3
S0096,lenalidomide,12,25 mg,21,21
S0096,dexamethasone,12,40 mg,4,4
S0097,carfilzomib,1,20 mg/m2 then 56 mg/m2,3,2
S0097,lenalidomide,1,25 mg,21,21
S0097,dexamethasone,1,40 mg,4,4
S0097,carfilzomib,2,56 mg/m2,3,3
S0097,lenalidomide,2,25 mg,21,21
S0097,dexamethasone,2,40 mg,4,4
S0097,carfilzomib,3,56 mg/m2,3,3
S0097,lenalidomide,3,25 mg,21,21
S0097,dexamethasone,3,40 mg,4,4
S0097,carfilzomib,4,56 mg/m2,3,3
S0097,lenalidomide,4,25 mg,21,21
S0097,dexamethasone,4,40 mg,4,4
S0097,carfilzomib,5,56 mg/m2,3,3
S0097,lenalidomide,5,25 mg,21,21
S0097,dexamethasone,5,40 mg,4,4
S0097,carfilzomib,6,56 mg/m2,3,3
S0097,lenalidomide,6,25 mg,21,21
S0097,dexamethasone,6,40 mg,4,4
S0097,carfilzomib,7,56 mg/m2,3,3
S0097,lenalidomide,7,25 mg,21,21
S0097,dexamethasone,7,40 mg,4,4
S0097,carfilzomib,8,56 mg/m2,3,3
S0097,lenalidomide,8,25 mg,21,21
S0097,dexamethasone,8,40 mg,4,4
S0097,carfilzomib,9,56 mg/m2,3,3
S0097,lenalidomide,9,25 mg,21,21
S0097,dexamethasone,9,40 mg,4,4
S0097,carfilzomib,10,56 mg/m2,3,3
S0097,lenalidomide,10,25 mg,21,21
S0097,dexamethasone,10,40 mg,4,4
S0097,carfilzomib,11,56 mg/m2,3,3
S0097,lenalidomide,11,25 mg,21,21
S0097,dexamethasone,11,40 mg,4,4
S0097,carfilzomib,12,56 mg/m2,3,3
S0097,lenalidomide,12,25 mg,21,21
S0097,dexamethasone,12,40 mg,4,4
S0098,carfilzomib,1,20 mg/m2 then 27 mg/m2,6,6
S0098,lenalidomide,1,25 mg,21,21
S0098,dexamethasone,1,40 mg,4,4
S0098,carfilzomib,2,27 mg/m2,6,6
S0098,lenalidomide,2,25 mg,21,21
S0098,dexamethasone,2,40 mg,4,4
S0098,carfilzomib,3,27 mg/m2,6,6
S0098,lenalidomide,3,25 mg,21,21
S0098,dexamethasone,3,40 mg,4,4
S0098,carfilzomib,4,27 mg/m2,6,6
S0098,lenalidomide,4,25 mg,21,21
S0098,dexamethasone,4,40 mg,4,4
S0098,carfilzomib,5,27 mg/m2,2,1
S0098,lenalidomide,5,25 mg,2,2
S0098,dexamethasone,5,40 mg,1,1
S0099,carfilzomib,1,20 mg/m2 then 27 mg/m2,6,6
S0099,lenalidomide,1,25 mg,21,21
S0099,dexamethasone,1,40 mg,4,4
S0099,carfilzomib,2,27 mg/m2,6,6
S0099,lenalidomide,2,25 mg,21,21
S0099,dexamethasone,2,40 mg,4,4
S0099,carfilzomib,3,27 mg/m2,6,6
S0099,lenalidomide,3,25 mg,21,21
S0099,dexamethasone,3,40 mg,4,4
S0099,carfilzomib,4,27 mg/m2,6,6
S0099,lenalidomide,4,25 mg,21,21
S0099,dexamethasone,4,40 mg,4,4
S0099,carfilzomib,5,27 mg/m2,6,6
S0099,lenalidomide,5,25 mg,21,21
S0099,dexamethasone,5,40 mg,4,4
S0099,carfilzomib,6,27 mg/m2,6,6
S0099,lenalidomide,6,25 mg,21,21
S0099,dexamethasone,6,40 mg,4,4
S0099,carfilzomib,7,27 mg/m2,6,6
S0099,lenalidomide,7,25 mg,21,21
S0099,dexamethasone,7,40 mg,4,4
S0099,carfilzomib,8,27 mg/m2,6,6
S0099,lenalidomide,8,25 mg,21,21
S0099,dexamethasone,8,40 mg,4,4
S0099,carfilzomib,9,27 mg/m2,6,6
S0099,lenalidomide,9,25 mg,21,21
S0099,dexamethasone,9,40 mg,4,4
S0099,carfilzomib,10,27 mg/m2,6,6
S0099,lenalidomide,10,25 mg,21,21
S0099,dexamethasone,10,40 mg,4,4
S0099,carfilzomib,11,27 mg/m2,6,6
S0099,lenalidomide,11,25 mg,21,21
S0099,dexamethasone,11,40 mg,4,4
S0099,carfilzomib,12,27 mg/m2,6,6
S0099,lenalidomide,12,25 mg,21,21
S0099,dexamethasone,12,40 mg,4,4
S0100,carfilzomib,1,20 mg/m2 then 56 mg/m2,3,3
S0100,lenalidomide,1,25 mg,21,21
S0100,dexamethasone,1,40 mg,4,4
S0100,carfilzomib,2,56 mg/m2,3,3
S0100,lenalidomide,2,25 mg,21,21
S0100,dexamethasone,2,40 mg,4,4
S0100,carfilzomib,3,56 mg/m2,3,3
S0100,lenalidomide,3,25 mg,21,21
S0100,dexamethasone,3,40 mg,4,4
S0100,carfilzomib,4,56 mg/m2,3,3
S0100,lenalidomide,4,25 mg,21,21
S0100,dexamethasone,4,40 mg,4,4
S0100,carfilzomib,5,56 mg/m2,3,3
S0100,lenalidomide,5,25 mg,21,21
S0100,dexamethasone,5,40 mg,4,4
S0100,carfilzomib,6,56 mg/m2,3,3
S0100,lenalidomide,6,25 mg,21,21
S0100,dexamethasone,6,40 mg,4,4
S0100,carfilzomib,7,56 mg/m2,3,3
S0100,lenalidomide,7,25 mg,21,21
S0100,dexamethasone,7,40 mg,4,4
S0100,carfilzomib,8,56 mg/m2,3,3
S0100,lenalidomide,8,25 mg,21,21
S0100,dexamethasone,8,40 mg,4,4
S0100,carfilzomib,9,56 mg/m2,3,3
S0100,lenalidomide,9,25 mg,21,21
S0100,dexamethasone,9,40 mg,4,4
S0100,carfilzomib,10,56 mg/m2,3,3
S0100,lenalidomide,10,25 mg,21,21
S0100,dexamethasone,10,40 mg,4,4
S0100,carfilzomib,11,56 mg/m2,3,3
S0100,lenalidomide,11,25 mg,21,21
S0100,dexamethasone,11,40 mg,4,4
S0100,carfilzomib,12,56 mg/m2,3,3
S0100,lenalidomide,12,25 mg,21,21
S0100,dexamethasone,12,40 mg,4,4
S0101,carfilzomib,1,20 mg/m2 then 27 mg/m2,6,6
S0101,lenalidomide,1,25 mg,21,21
S0101,dexamethasone,1,40 mg,4,4
S0101,carfilzomib,2,27 mg/m2,6,6
S0101,lenalidomide,2,25 mg,21,21
S0101,dexamethasone,2,40 mg,4,4
S0101,carfilzomib,3,27 mg/m2,6,6
S0101,lenalidomide,3,25 mg,21,21
S0101,dexamethasone,3,40 mg,4,4
S0101,carfilzomib,4,27 mg/m2,6,6
S0101,lenalidomide,4,25 mg,21,21
S0101,dexamethasone,4,40 mg,4,4
S0101,carfilzomib,5,27 mg/m2,6,5
S0101,lenalidomide,5,25 mg,21,21
S0101,dexamethasone,5,40 mg,4,4
S0101,carfilzomib,6,27 mg/m2,6,6
S0101,lenalidomide,6,25 mg,21,21
S0101,dexamethasone,6,40 mg,4,4
S0101,carfilzomib,7,27 mg/m2,6,6
S0101,lenalidomide,7,25 mg,21,21
S0101,dexamethasone,7,40 mg,4,4
S0101,carfilzomib,8,27 mg/m2,6,5
S0101,lenalidomide,8,25 mg,21,21
S0101,dexamethasone,8,40 mg,4,4
S0101,carfilzomib,9,27 mg/m2,6,6
S0101,lenalidomide,9,25 mg,21,21
S0101,dexamethasone,9,40 mg,4,4
S0101,carfilzomib,10,27 mg/m2,6,6
S0101,lenalidomide,10,25 mg,21,21
S0101,dexamethasone,10,40 mg,4,4
S0101,carfilzomib,11,27 mg/m2,6,6
S0101,lenalidomide,11,25 mg,21,21
S0101,dexamethasone,11,40 mg,4,4
S0101,carfilzomib,12,27 mg/m2,6,6
S0101,lenalidomide,12,25 mg,21,21
S0101,dexamethasone,12,40 mg,4,4
S0102,carfilzomib,1,20 mg/m2 then 27 mg/m2,6,6
S0102,lenalidomide,1,25 mg,21,21
S0102,dexamethasone,1,40 mg,4,4
S0102,carfilzomib,2,27 mg/m2,6,6
S0102,lenalidomide,2,25 mg,19,19
S0102,dexamethasone,2,40 mg,3,3
S0103,carfilzomib,1,20 mg/m2 then 56 mg/m2,3,3
S0103,lenalidomide,1,25 mg,21,21
S0103,dexamethasone,1,40 mg,4,4
S0103,carfilzomib,2,56 mg/m2,3,3
S0103,lenalidomide,2,25 mg,21,21
S0103,dexamethasone,2,40 mg,4,4
S0103,carfilzomib,3,56 mg/m2,3,3
S0103,lenalidomide,3,25 mg,21,21
S0103,dexamethasone,3,40 mg,4,4
S0103,carfilzomib,4,56 mg/m2,3,3
S0103,lenalidomide,4,25 mg,21,21
S0103,dexamethasone,4,40 mg,4,4
S0103,carfilzomib,5,56 mg/m2,3,3
S0103,lenalidomide,5,25 mg,21,21
S0103,dexamethasone,5,40 mg,4,4
S0103,carfilzomib,6,56 mg/m2,3,3
S0103,lenalidomide,6,25 mg,21,21
S0103,dexamethasone,6,40 mg,4,4
S0103,carfilzomib,7,56 mg/m2,3,3
S0103,lenalidomide,7,25 mg,21,21
S0103,dexamethasone,7,40 mg,4,4
S0103,carfilzomib,8,56 mg/m2,3,3
S0103,lenalidomide,8,25 mg,21,21
S0103,dexamethasone,8,40 mg,4,4
S0103,carfilzomib,9,56 mg/m2,3,3
S0103,lenalidomide,9,25 mg,21,21
S0103,dexamethasone,9,40 mg,4,4
S0103,carfilzomib,10,56 mg/m2,3,3
S0103,lenalidomide,10,25 mg,21,21
S0103,dexamethasone,10,40 mg,4,4
S0103,carfilzomib,11,56 mg/m2,1,1
S0103,lenalidomide,11,25 mg,1,1
S0103,dexamethasone,11,40 mg,1,1
S0104,carfilzomib,1,20 mg/m2 then 27 mg/m2,6,6
S0104,lenalidomide,1,25 mg,21,21
S0104,dexamethasone,1,40 mg,4,4
S0104,carfilzomib,2,27 mg/m2,6,6
S0104,lenalidomide,2,25 mg,21,21
S0104,dexamethasone,2,40 mg,4,4
S0104,carfilzomib,3,27 mg/m2,6,6
S0104,lenalidomide,3,25 mg,21,21
S0104,dexamethasone,3,40 mg,4,4
S0104,carfilzomib,4,27 mg/m2,6,5
S0104,lenalidomide,4,25 mg,21,21
S0104,dexamethasone,4,40 mg,4,4
S0104,carfilzomib,5,27 mg/m2,6,6
S0104,lenalidomide,5,25 mg,21,21
S0104,dexamethasone,5,40 mg,4,4
S0104,carfilzomib,6,27 mg/m2,6,6
S0104,lenalidomide,6,25 mg,21,21
S0104,dexamethasone,6,40 mg,4,4
S0104,carfilzomib,7,27 mg/m2,6,6
S0104,lenalidomide,7,25 mg,21,21
S0104,dexamethasone,7,40 mg,4,4
S0104,carfilzomib,8,27 mg/m2,6,6
S0104,lenalidomide,8,25 mg,21,21
S0104,dexamethasone,8,40 mg,4,4
S0104,carfilzomib,9,27 mg/m2,6,6
S0104,lenalidomide,9,25 mg,21,21
S0104,dexamethasone,9,40 mg,4,4
S0104,carfilzomib,10,27 mg/m2,6,6
S0104,lenalidomide,10,25 mg,21,21
S0104,dexamethasone,10,40 mg,4,4
S0104,carfilzomib,11,27 mg/m2,6,6
S0104,lenalidomide,11,25 mg,21,21
S0104,dexamethasone,11,40 mg,4,4
S0104,carfilzomib,12,27 mg/m2,6,6
S0104,lenalidomide,12,25 mg,21,21
S0104,dexamethasone,12,40 mg,4,4
S0105,carfilzomib,1,20 mg/m2 then 56 mg/m2,3,3
S0105,lenalidomide,1,25 mg,21,21
S0105,dexamethasone,1,40 mg,4,4
S0105,carfilzomib,2,56 mg/m2,3,3
S0105,lenalidomide,2,25 mg,21,21
S0105,dexamethasone,2,40 mg,4,4
S0105,carfilzomib,3,56 mg/m2,3,3
S0105,lenalidomide,3,25 mg,21,21
S0105,dexamethasone,3,40 mg,4,4
S0105,carfilzomib,4,56 mg/m2,3,3
S0105,lenalidomide,4,25 mg,21,21
S0105,dexamethasone,4,40 mg,4,4
S0105,carfilzomib,5,56 mg/m2,3,3
S0105,lenalidomide,5,25 mg,21,21
S0105,dexamethasone,5,40 mg,4,4
S0105,carfilzomib,6,56 mg/m2,3,3
S0105,lenalidomide,6,25 mg,21,21
S0105,dexamethasone,6,40 mg,4,4
S0105,carfilzomib,7,56 mg/m2,3,3
S0105,lenalidomide,7,25 mg,21,21
S0105,dexamethasone,7,40 mg,4,4
S0105,carfilzomib,8,56 mg/m2,3,3
S0105,lenalidomide,8,25 mg,21,21
S0105,dexamethasone,8,40 mg,4,4
S0105,carfilzomib,9,56 mg/m2,3,3
S0105,lenalidomide,9,25 mg,21,21
S0105,dexamethasone,9,40 mg,4,4
S0105,carfilzomib,10,56 mg/m2,3,3
S0105,lenalidomide,10,25 mg,21,21
S0105,dexamethasone,10,40 mg,4,4
S0105,carfilzomib,11,56 mg/m2,3,3
S0105,lenalidomide,11,25 mg,21,21
S0105,dexamethasone,11,40 mg,4,4
S0105,carfilzomib,12,56 mg/m2,3,3
S0105,lenalidomide,12,25 mg,21,21
S0105,dexamethasone,12,40 mg,4,4
S0106,carfilzomib,1,20 mg/m2 then 27 mg/m2,6,6
S0106,lenalidomide,1,25 mg,21,21
S0106,dexamethasone,1,40 mg,4,4
S0106,carfilzomib,2,27 mg/m2,6,6
S0106,lenalidomide,2,25 mg,21,21
S0106,dexamethasone,2,40 mg,4,4
S0106,carfilzomib,3,27 mg/m2,6,6
S0106,lenalidomide,3,25 mg,21,21
S0106,dexamethasone,3,40 mg,4,4
S0106,carfilzomib,4,27 mg/m2,6,6
S0106,lenalidomide,4,25 mg,21,21
S0106,dexamethasone,4,40 mg,4,4
S0106,carfilzomib,5,27 mg/m2,6,6
S0106,lenalidomide,5,25 mg,21,21
S0106,dexamethasone,5,40 mg,4,4
S0106,carfilzomib,6,27 mg/m2,6,6
S0106,lenalidomide,6,25 mg,21,21
S0106,dexamethasone,6,40 mg,4,4
S0106,carfilzomib,7,27 mg/m2,6,6
S0106,lenalidomide,7,25 mg,21,21
S0106,dexamethasone,7,40 mg,4,4
S0106,carfilzomib,8,27 mg/m2,6,5
S0106,lenalidomide,8,25 mg,21,21
S0106,dexamethasone,8,40 mg,4,4
S0106,carfilzomib,9,27 mg/m2,6,6
S0106,lenalidomide,9,25 mg,21,21
S0106,dexamethasone,9,40 mg,4,4
S0106,carfilzomib,10,27 mg/m2,6,6
S0106,lenalidomide,10,25 mg,21,21
S0106,dexamethasone,10,40 mg,4,4
S0106,carfilzomib,11,27 mg/m2,6,6
S0106,lenalidomide,11,25 mg,21,21
S0106,dexamethasone,11,40 mg,4,4
S0106,carfilzomib,12,27 mg/m2,6,6
S0106,lenalidomide,12,25 mg,21,21
S0106,dexamethasone,12,40 mg,4,4
S0107,carfilzomib,1,20 mg/m2 then 27 mg/m2,6,6
S0107,lenalidomide,1,25 mg,21,21
S0107,dexamethasone,1,40 mg,4,4
S0107,carfilzomib,2,27 mg/m2,6,6
S0107,lenalidomide,2,25 mg,21,21
S0107,dexamethasone,2,40 mg,4,4
S0107,carfilzomib,3,27 mg/m2,6,6
S0107,lenalidomide,3,25 mg,21,21
S0107,dexamethasone,3,40 mg,4,4
S0107,carfilzomib,4,27 mg/m2,6,6
S0107,lenalidomide,4,25 mg,21,21
S0107,dexamethasone,4,40 mg,4,4
S0107,carfilzomib,5,27 mg/m2,6,6
S0107,lenalidomide,5,25 mg,21,21
S0107,dexamethasone,5,40 mg,4,4
S0107,carfilzomib,6,27 mg/m2,6,6
S0107,lenalidomide,6,25 mg,21,21
S0107,dexamethasone,6,40 mg,4,4
S0107,carfilzomib,7,27 mg/m2,6,6
S0107,lenalidomide,7,25 mg,21,21
S0107,dexamethasone,7,40 mg,4,4
S0107,carfilzomib,8,27 mg/m2,6,6
S0107,lenalidomide,8,25 mg,21,21
S0107,dexamethasone,8,40 mg,4,4
S0107,carfilzomib,9,27 mg/m2,6,6
S0107,lenalidomide,9,25 mg,21,21
S0107,dexamethasone,9,40 mg,4,4
S0107,carfilzomib,10,27 mg/m2,6,6
S0107,lenalidomide,10,25 mg,21,21
S0107,dexamethasone,10,40 mg,4,4
S0107,carfilzomib,11,27 mg/m2,6,6
S0107,lenalidomide,11,25 mg,21,21
S0107,dexamethasone,11,40 mg,4,4
S0107,carfilzomib,12,27 mg/m2,6,6
S0107,lenalidomide,12,25 mg,21,21
S0107,dexamethasone,12,40 mg,4,4
S0108,carfilzomib,1,20 mg/m2 then 56 mg/m2,3,3
S0108,lenalidomide,1,25 mg,21,21
S0108,dexamethasone,1,40 mg,4,4
S0108,carfilzomib,2,56 mg/m2,3,3
S0108,lenalidomide,2,25 mg,21,21
S0108,dexamethasone,2,40 mg,4,4
S0108,carfilzomib,3,56 mg/m2,3,2
S0108,lenalidomide,3,25 mg,21,21
S0108,dexamethasone,3,40 mg,4,4
S0108,carfilzomib,4,56 mg/m2,3,3
S0108,lenalidomide,4,25 mg,21,21
S0108,dexamethasone,4,40 mg,4,4
S0108,carfilzomib,5,56 mg/m2,3,3
S0108,lenalidomide,5,25 mg,21,21
S0108,dexamethasone,5,40 mg,3,3
S0109,carfilzomib,1,20 mg/m2 then 27 mg/m2,6,6
S0109,lenalidomide,1,25 mg,21,21
S0109,dexamethasone,1,40 mg,4,4
S0109,carfilzomib,2,27 mg/m2,6,6
S0109,lenalidomide,2,25 mg,21,21
S0109,dexamethasone,2,40 mg,4,4
S0109,carfilzomib,3,27 mg/m2,6,6
S0109,lenalidomide,3,25 mg,21,21
S0109,dexamethasone,3,40 mg,4,4
S0109,carfilzomib,4,27 mg/m2,6,6
S0109,lenalidomide,4,25 mg,21,21
S0109,dexamethasone,4,40 mg,4,4
S0109,carfilzomib,5,27 mg/m2,6,6
S0109,lenalidomide,5,25 mg,21,21
S0109,dexamethasone,5,40 mg,4,4
S0109,carfilzomib,6,27 mg/m2,6,6
S0109,lenalidomide,6,25 mg,21,21
S0109,dexamethasone,6,40 mg,4,4
S0109,carfilzomib,7,27 mg/m2,6,6
S0109,lenalidomide,7,25 mg,21,21
S0109,dexamethasone,7,40 mg,4,4
S0109,carfilzomib,8,27 mg/m2,6,6
S0109,lenalidomide,8,25 mg,21,21
S0109,dexamethasone,8,40 mg,4,4
S0109,carfilzomib,9,27 mg/m2,6,6
S0109,lenalidomide,9,25 mg,21,21
S0109,dexamethasone,9,40 mg,4,4
S0109,carfilzomib,10,27 mg/m2,6,6
S0109,lenalidomide,10,25 mg,21,21
S0109,dexamethasone,10,40 mg,4,4
S0109,carfilzomib,11,27 mg/m2,6,6
S0109,lenalidomide,11,25 mg,21,21
S0109,dexamethasone,11,40 mg,4,4
S0109,carfilzomib,12,27 mg/m2,6,6
S0109,lenalidomide,12,25 mg,21,21
S0109,dexamethasone,12,40 mg,4,4
S0110,carfilzomib,1,20 mg/m2 then 27 mg/m2,6,6
S0110,lenalidomide,1,25 mg,21,21
S0110,dexamethasone,1,40 mg,4,4
S0110,carfilzomib,2,27 mg/m2,6,6
S0110,lenalidomide,2,25 mg,21,21
S0110,dexamethasone,2,40 mg,4,4
S0110,carfilzomib,3,27 mg/m2,6,6
S0110,lenalidomide,3,25 mg,21,21
S0110,dexamethasone,3,40 mg,4,4
S0110,carfilzomib,4,27 mg/m2,6,6
S0110,lenalidomide,4,25 mg,21,21
S0110,dexamethasone,4,40 mg,4,4
S0110,carfilzomib,5,27 mg/m2,6,6
S0110,lenalidomide,5,25 mg,21,21
S0110,dexamethasone,5,40 mg,4,4
S0110,carfilzomib,6,27 mg/m2,6,6
S0110,lenalidomide,6,25 mg,21,21
S0110,dexamethasone,6,40 mg,4,4
S0110,carfilzomib,7,27 mg/m2,6,6
S0110,lenalidomide,7,25 mg,21,21
S0110,dexamethasone,7,40 mg,4,4
S0110,carfilzomib,8,27 mg/m2,6,6
S0110,lenalidomide,8,25 mg,21,21
S0110,dexamethasone,8,40 mg,4,4
S0110,carfilzomib,9,27 mg/m2,6,6
S0110,lenalidomide,9,25 mg,21,21
S0110,dexamethasone,9,40 mg,4,4
S0110,carfilzomib,10,27 mg/m2,6,6
S0110,lenalidomide,10,25 mg,21,21
S0110,dexamethasone,10,40 mg,4,4
S0110,carfilzomib,11,27 mg/m2,6,6
S0110,lenalidomide,11,25 mg,21,21
S0110,dexamethasone,11,40 mg,4,4
S0110,carfilzomib,12,27 mg/m2,6,6
S0110,lenalidomide,12,25 mg,21,21
S0110,dexamethasone,12,40 mg,4,4
S0111,carfilzomib,1,20 mg/m2 then 56 mg/m2,3,3
S0111,lenalidomide,1,25 mg,21,21
S0111,dexamethasone,1,40 mg,4,4
S0111,carfilzomib,2,56 mg/m2,3,3
S0111,lenalidomide,2,25 mg,21,21
S0111,dexamethasone,2,40 mg,4,4
S0111,carfilzomib,3,56 mg/m2,3,3
S0111,lenalidomide,3,25 mg,21,21
S0111,dexamethasone,3,40 mg,4,4
S0111,carfilzomib,4,56 mg/m2,3,3
S0111,lenalidomide,4,25 mg,21,21
S0111,dexamethasone,4,40 mg,4,4
S0111,carfilzomib,5,56 mg/m2,3,3
S0111,lenalidomide,5,25 mg,21,21
S0111,dexamethasone,5,40 mg,4,4
S0111,carfilzomib,6,56 mg/m2,3,3
S0111,lenalidomide,6,25 mg,21,21
S0111,dexamethasone,6,40 mg,4,4
S0111,carfilzomib,7,56 mg/m2,3,3
S0111,lenalidomide,7,25 mg,21,21
S0111,dexamethasone,7,40 mg,4,4
S0111,carfilzomib,8,56 mg/m2,3,3
S0111,lenalidomide,8,25 mg,21,21
S0111,dexamethasone,8,40 mg,4,4
S0111,carfilzomib,9,56 mg/m2,3,3
S0111,lenalidomide,9,25 mg,21,21
S0111,dexamethasone,9,40 mg,4,4
S0111,carfilzomib,10,56 mg/m2,3,3
S0111,lenalidomide,10,25 mg,21,21
S0111,dexamethasone,10,40 mg,4,4
S0111,carfilzomib,11,56 mg/m2,3,3
S0111,lenalidomide,11,25 mg,21,21
S0111,dexamethasone,11,40 mg,4,4
S0111,carfilzomib,12,56 mg/m2,3,3
S0111,lenalidomide,12,25 mg,21,21
S0111,dexamethasone,12,40 mg,4,4
S0112,carfilzomib,1,20 mg/m2 then 27 mg/m2,6,6
S0112,lenalidomide,1,25 mg,21,21
S0112,dexamethasone,1,40 mg,4,4
S0112,carfilzomib,2,27 mg/m2,6,6
S0112,lenalidomide,2,25 mg,21,21
S0112,dexamethasone,2,40 mg,4,4
S0112,carfilzomib,3,27 mg/m2,6,6
S0112,lenalidomide,3,25 mg,21,21
S0112,dexamethasone,3,40 mg,4,4
S0112,carfilzomib,4,27 mg/m2,6,6
S0112,lenalidomide,4,25 mg,21,21
S0112,dexamethasone,4,40 mg,4,4
S0112,carfilzomib,5,27 mg/m2,6,6
S0112,lenalidomide,5,25 mg,21,21
S0112,dexamethasone,5,40 mg,4,4
S0112,carfilzomib,6,27 mg/m2,6,6
S0112,lenalidomide,6,25 mg,21,21
S0112,dexamethasone,6,40 mg,4,4
S0112,carfilzomib,7,27 mg/m2,6,6
S0112,lenalidomide,7,25 mg,21,21
S0112,dexamethasone,7,40 mg,4,4
S0112,carfilzomib,8,27 mg/m2,6,6
S0112,lenalidomide,8,25 mg,21,21
S0112,dexamethasone,8,40 mg,4,4
S0112,carfilzomib,9,27 mg/m2,6,6
S0112,lenalidomide,9,25 mg,21,21
S0112,dexamethasone,9,40 mg,4,4
S0112,carfilzomib,10,27 mg/m2,6,6
S0112,lenalidomide,10,25 mg,21,21
S0112,dexamethasone,10,40 mg,4,4
S0112,carfilzomib,11,27 mg/m2,6,6
S0112,lenalidomide,11,25 mg,21,21
S0112,dexamethasone,11,40 mg,4,4
S0112,carfilzomib,12,27 mg/m2,6,6
S0112,lenalidomide,12,25 mg,21,21
S0112,dexamethasone,12,40 mg,4,4
S0113,carfilzomib,1,20 mg/m2 then 56 mg/m2,3,3
S0113,lenalidomide,1,25 mg,21,21
S0113,dexamethasone,1,40 mg,4,4
S0113,carfilzomib,2,56 mg/m2,3,3
S0113,lenalidomide,2,25 mg,21,21
S0113,dexamethasone,2,40 mg,4,4
S0113,carfilzomib,3,56 mg/m2,3,3
S0113,lenalidomide,3,25 mg,21,21
S0113,dexamethasone,3,40 mg,4,4
S0113,carfilzomib,4,56 mg/m2,3,3
S0113,lenalidomide,4,25 mg,21,21
S0113,dexamethasone,4,40 mg,4,4
S0113,carfilzomib,5,56 mg/m2,3,3
S0113,lenalidomide,5,25 mg,21,21
S0113,dexamethasone,5,40 mg,4,4
S0113,carfilzomib,6,56 mg/m2,3,3
S0113,lenalidomide,6,25 mg,21,21
S0113,dexamethasone,6,40 mg,4,4
S0113,carfilzomib,7,56 mg/m2,3,3
S0113,lenalidomide,7,25 mg,21,21
S0113,dexamethasone,7,40 mg,4,4
S0113,carfilzomib,8,56 mg/m2,3,3
S0113,lenalidomide,8,25 mg,21,21
S0113,dexamethasone,8,40 mg,4,4
S0113,carfilzomib,9,56 mg/m2,3,3
S0113,lenalidomide,9,25 mg,21,21
S0113,dexamethasone,9,40 mg,4,4
S0113,carfilzomib,10,56 mg/m2,3,3
S0113,lenalidomide,10,25 mg,21,21
S0113,dexamethasone,10,40 mg,4,4
S0113,carfilzomib,11,56 mg/m2,3,3
S0113,lenalidomide,11,25 mg,21,21
S0113,dexamethasone,11,40 mg,4,4
S0113,carfilzomib,12,56 mg/m2,1,1
S0113,lenalidomide,12,25 mg,1,1
S0113,dexamethasone,12,40 mg,1,1
S0114,carfilzomib,1,20 mg/m2 then 27 mg/m2,6,6
S0114,lenalidomide,1,25 mg,21,21
S0114,dexamethasone,1,40 mg,4,4
S0114,carfilzomib,2,27 mg/m2,6,6
S0114,lenalidomide,2,25 mg,21,21
S0114,dexamethasone,2,40 mg,4,4
S0114,carfilzomib,3,27 mg/m2,6,6
S0114,lenalidomide,3,25 mg,21,21
S0114,dexamethasone,3,40 mg,4,4
S0114,carfilzomib,4,27 mg/m2,6,6
S0114,lenalidomide,4,25 mg,21,21
S0114,dexamethasone,4,40 mg,4,4
S0114,carfilzomib,5,27 mg/m2,6,6
S0114,lenalidomide,5,25 mg,21,21
S0114,dexamethasone,5,40 mg,4,4
S0114,carfilzomib,6,27 mg/m2,6,6
S0114,lenalidomide,6,25 mg,21,21
S0114,dexamethasone,6,40 mg,4,4
S0114,carfilzomib,7,27 mg/m2,6,6
S0114,lenalidomide,7,25 mg,21,21
S0114,dexamethasone,7,40 mg,4,4
S0114,carfilzomib,8,27 mg/m2,6,6
S0114,lenalidomide,8,25 mg,21,21
S0114,dexamethasone,8,40 mg,4,4
S0114,carfilzomib,9,27 mg/m2,6,5
S0114,lenalidomide,9,25 mg,21,21
S0114,dexamethasone,9,40 mg,4,4
S0114,carfilzomib,10,27 mg/m2,6,6
S0114,lenalidomide,10,25 mg,21,21
S0114,dexamethasone,10,40 mg,4,4
S0114,carfilzomib,11,27 mg/m2,6,6
S0114,lenalidomide,11,25 mg,21,21
S0114,dexamethasone,11,40 mg,4,4
S0114,carfilzomib,12,27 mg/m2,6,5
S0114,lenalidomide,12,25 mg,21,21
S0114,dexamethasone,12,40 mg,4,4
S0115,carfilzomib,1,20 mg/m2 then 56 mg/m2,3,3
S0115,lenalidomide,1,25 mg,21,21
S0115,dexamethasone,1,40 mg,4,4
S0115,carfilzomib,2,56 mg/m2,3,3
S0115,lenalidomide,2,25 mg,21,21
S0115,dexamethasone,2,40 mg,4,4
S0115,carfilzomib,3,56 mg/m2,3,3
S0115,lenalidomide,3,25 mg,21,21
S0115,dexamethasone,3,40 mg,4,4
S0115,carfilzomib,4,56 mg/m2,3,3
S0115,lenalidomide,4,25 mg,21,21
S0115,dexamethasone,4,40 mg,4,4
S0115,carfilzomib,5,56 mg/m2,3,3
S0115,lenalidomide,5,25 mg,21,21
S0115,dexamethasone,5,40 mg,4,4
S0115,carfilzomib,6,56 mg/m2,3,3
S0115,lenalidomide,6,25 mg,21,21
S0115,dexamethasone,6,40 mg,4,4
S0115,carfilzomib,7,56 mg/m2,3,3
S0115,lenalidomide,7,25 mg,21,21
S0115,dexamethasone,7,40 mg,4,4
S0115,carfilzomib,8,56 mg/m2,3,3
S0115,lenalidomide,8,25 mg,21,21
S0115,dexamethasone,8,40 mg,4,4
S0115,carfilzomib,9,56 mg/m2,3,3
S0115,lenalidomide,9,25 mg,21,21
S0115,dexamethasone,9,40 mg,4,4
S0115,carfilzomib,10,56 mg/m2,3,3
S0115,lenalidomide,10,25 mg,21,21
S0115,dexamethasone,10,40 mg,4,4
S0115,carfilzomib,11,56 mg/m2,3,3
S0115,lenalidomide,11,25 mg,21,21
S0115,dexamethasone,11,40 mg,4,4
S0115,carfilzomib,12,56 mg/m2,3,3
S0115,lenalidomide,12,25 mg,21,21
S0115,dexamethasone,12,40 mg,4,4
S0116,carfilzomib,1,20 mg/m2 then 56 mg/m2,3,3
S0116,lenalidomide,1,25 mg,21,21
S0116,dexamethasone,1,40 mg,4,4
S0116,carfilzomib,2,56 mg/m2,3,3
S0116,lenalidomide,2,25 mg,21,21
S0116,dexamethasone,2,40 mg,4,4
S0116,carfilzomib,3,56 mg/m2,3,3
S0116,lenalidomide,3,25 mg,21,21
S0116,dexamethasone,3,40 mg,4,4
S0116,carfilzomib,4,56 mg/m2,3,3
S0116,lenalidomide,4,25 mg,21,21
S0116,dexamethasone,4,40 mg,4,4
S0116,carfilzomib,5,56 mg/m2,3,3
S0116,lenalidomide,5,25 mg,21,21
S0116,dexamethasone,5,40 mg,4,4
S0116,carfilzomib,6,56 mg/m2,3,3
S0116,lenalidomide,6,25 mg,21,21
S0116,dexamethasone,6,40 mg,4,4
S0116,carfilzomib,7,56 mg/m2,3,3
S0116,lenalidomide,7,25 mg,21,21
S0116,dexamethasone,7,40 mg,4,4
S0116,carfilzomib,8,56 mg/m2,3,3
S0116,lenalidomide,8,25 mg,21,21
S0116,dexamethasone,8,40 mg,4,4
S0116,carfilzomib,9,56 mg/m2,3,3
S0116,lenalidomide,9,25 mg,21,21
S0116,dexamethasone,9,40 mg,4,4
S0116,carfilzomib,10,56 mg/m2,3,3
S0116,lenalidomide,10,25 mg,21,21
S0116,dexamethasone,10,40 mg,4,4
S0116,carfilzomib,11,56 mg/m2,3,3
S0116,lenalidomide,11,25 mg,21,21
S0116,dexamethasone,11,40 mg,4,4
S0116,carfilzomib,12,56 mg/m2,3,3
S0116,lenalidomide,12,25 mg,21,21
S0116,dexamethasone,12,40 mg,4,4
S0117,carfilzomib,1,20 mg/m2,1,1
S0117,lenalidomide,1,25 mg,3,3
S0117,dexamethasone,1,40 mg,1,1
S0118,carfilzomib,1,20 mg/m2 then 27 mg/m2,6,6
S0118,lenalidomide,1,25 mg,21,21
S0118,dexamethasone,1,40 mg,4,4
S0118,carfilzomib,2,27 mg/m2,6,6
S0118,lenalidomide,2,25 mg,21,21
S0118,dexamethasone,2,40 mg,4,4
S0118,carfilzomib,3,27 mg/m2,6,6
S0118,lenalidomide,3,25 mg,21,21
S0118,dexamethasone,3,40 mg,4,4
S0118,carfilzomib,4,27 mg/m2,6,6
S0118,lenalidomide,4,25 mg,21,21
S0118,dexamethasone,4,40 mg,4,4
S0118,carfilzomib,5,27 mg/m2,6,5
S0118,lenalidomide,5,25 mg,21,21
S0118,dexamethasone,5,40 mg,4,4
S0118,carfilzomib,6,27 mg/m2,6,6
S0118,lenalidomide,6,25 mg,21,21
S0118,dexamethasone,6,40 mg,4,4
S0118,carfilzomib,7,27 mg/m2,6,6
S0118,lenalidomide,7,25 mg,21,21
S0118,dexamethasone,7,40 mg,4,4
S0118,carfilzomib,8,27 mg/m2,6,6
S0118,lenalidomide,8,25 mg,21,21
S0118,dexamethasone,8,40 mg,4,4
S0118,carfilzomib,9,27 mg/m2,6,6
S0118,lenalidomide,9,25 mg,21,21
S0118,dexamethasone,9,40 mg,4,4
S0118,carfilzomib,10,27 mg/m2,6,6
S0118,lenalidomide,10,25 mg,21,21
S0118,dexamethasone,10,40 mg,4,4
S0118,carfilzomib,11,27 mg/m2,6,6
S0118,lenalidomide,11,25 mg,21,21
S0118,dexamethasone,11,40 mg,4,4
S0118,carfilzomib,12,27 mg/m2,6,6
S0118,lenalidomide,12,25 mg,21,21
S0118,dexamethasone,12,40 mg,4,4
S0119,carfilzomib,1,20 mg/m2 then 27 mg/m2,6,6
S0119,lenalidomide,1,25 mg,21,21
S0119,dexamethasone,1,40 mg,4,4
S0119,carfilzomib,2,27 mg/m2,6,6
S0119,lenalidomide,2,25 mg,21,21
S0119,dexamethasone,2,40 mg,4,4
S0119,carfilzomib,3,27 mg/m2,6,6
S0119,lenalidomide,3,25 mg,21,21
S0119,dexamethasone,3,40 mg,4,4
S0119,carfilzomib,4,27 mg/m2,6,6
S0119,lenalidomide,4,25 mg,21,21
S0119,dexamethasone,4,40 mg,4,4
S0119,carfilzomib,5,27 mg/m2,6,6
S0119,lenalidomide,5,25 mg,21,21
S0119,dexamethasone,5,40 mg,4,4
S0119,carfilzomib,6,27 mg/m2,6,5
S0119,lenalidomide,6,25 mg,21,21
S0119,dexamethasone,6,40 mg,4,4
S0119,carfilzomib,7,27 mg/m2,6,6
S0119,lenalidomide,7,25 mg,21,21
S0119,dexamethasone,7,40 mg,4,4
S0119,carfilzomib,8,27 mg/m2,6,6
S0119,lenalidomide,8,25 mg,21,21
S0119,dexamethasone,8,40 mg,4,4
S0119,carfilzomib,9,27 mg/m2,1,1
S0119,lenalidomide,9,25 mg,1,1
S0119,dexamethasone,9,40 mg,1,1
S0120,carfilzomib,1,20 mg/m2 then 56 mg/m2,3,3
S0120,lenalidomide,1,25 mg,21,21
S0120,dexamethasone,1,40 mg,4,4
S0120,carfilzomib,2,56 mg/m2,3,3
S0120,lenalidomide,2,25 mg,21,21
S0120,dexamethasone,2,40 mg,4,4
S0120,carfilzomib,3,56 mg/m2,3,3
S0120,lenalidomide,3,25 mg,21,21
S0120,dexamethasone,3,40 mg,4,4
S0120,carfilzomib,4,56 mg/m2,3,3
S0120,lenalidomide,4,25 mg,21,21
S0120,dexamethasone,4,40 mg,4,4
S0120,carfilzomib,5,56 mg/m2,3,3
S0120,lenalidomide,5,25 mg,21,21
S0120,dexamethasone,5,40 mg,4,4
S0120,carfilzomib,6,56 mg/m2,3,3
S0120,lenalidomide,6,25 mg,21,21
S0120,dexamethasone,6,40 mg,4,4
S0120,carfilzomib,7,56 mg/m2,3,3
S0120,lenalidomide,7,25 mg,21,21
S0120,dexamethasone,7,40 mg,4,4
S0120,carfilzomib,8,56 mg/m2,3,3
S0120,lenalidomide,8,25 mg,21,21
S0120,dexamethasone,8,40 mg,4,4
S0120,carfilzomib,9,56 mg/m2,3,3
S0120,lenalidomide,9,25 mg,21,21
S0120,dexamethasone,9,40 mg,4,4
S0120,carfilzomib,10,56 mg/m2,3,3
S0120,lenalidomide,10,25 mg,21,21
S0120,dexamethasone,10,40 mg,4,4
S0120,carfilzomib,11,56 mg/m2,3,3
S0120,lenalidomide,11,25 mg,21,21
S0120,dexamethasone,11,40 mg,4,4
S0120,carfilzomib,12,56 mg/m2,3,3
S0120,lenalidomide,12,25 mg,21,21
S0120,dexamethasone,12,40 mg,4,4
S0121,carfilzomib,1,20 mg/m2 then 56 mg/m2,3,3
S0121,lenalidomide,1,25 mg,21,21
S0121,dexamethasone,1,40 mg,4,4
S0121,carfilzomib,2,56 mg/m2,3,3
S0121,lenalidomide,2,25 mg,21,21
S0121,dexamethasone,2,40 mg,4,4
S0121,carfilzomib,3,56 mg/m2,3,2
S0121,lenalidomide,3,25 mg,21,21
S0121,dexamethasone,3,40 mg,4,4
S0121,carfilzomib,4,56 mg/m2,1,1
S0121,lenalidomide,4,25 mg,6,6
S0121,dexamethasone,4,40 mg,1,1
S0122,carfilzomib,1,20 mg/m2 then 27 mg/m2,6,6
S0122,lenalidomide,1,25 mg,21,21
S0122,dexamethasone,1,40 mg,4,4
S0122,carfilzomib,2,27 mg/m2,6,6
S0122,lenalidomide,2,25 mg,21,21
S0122,dexamethasone,2,40 mg,4,4
S0122,carfilzomib,3,27 mg/m2,6,6
S0122,lenalidomide,3,25 mg,21,21
S0122,dexamethasone,3,40 mg,4,4
S0122,carfilzomib,4,27 mg/m2,6,6
S0122,lenalidomide,4,25 mg,21,21
S0122,dexamethasone,4,40 mg,4,4
S0122,carfilzomib,5,27 mg/m2,6,6
S0122,lenalidomide,5,25 mg,21,21
S0122,dexamethasone,5,40 mg,4,4
S0122,carfilzomib,6,27 mg/m2,6,6
S0122,lenalidomide,6,25 mg,21,21
S0122,dexamethasone,6,40 mg,4,4
S0122,carfilzomib,7,27 mg/m2,6,6
S0122,lenalidomide,7,25 mg,21,21
S0122,dexamethasone,7,40 mg,4,4
S0122,carfilzomib,8,27 mg/m2,6,6
S0122,lenalidomide,8,25 mg,21,21
S0122,dexamethasone,8,40 mg,4,4
S0122,carfilzomib,9,27 mg/m2,6,6
S0122,lenalidomide,9,25 mg,21,21
S0122,dexamethasone,9,40 mg,4,4
S0122,carfilzomib,10,27 mg/m2,6,6
S0122,lenalidomide,10,25 mg,21,21
S0122,dexamethasone,10,40 mg,4,4
S0122,carfilzomib,11,27 mg/m2,6,6
S0122,lenalidomide,11,25 mg,21,21
S0122,dexamethasone,11,40 mg,4,4
S0122,carfilzomib,12,27 mg/m2,6,6
S0122,lenalidomide,12,25 mg,21,21
S0122,dexamethasone,12,40 mg,4,4
S0123,carfilzomib,1,20 mg/m2 then 56 mg/m2,3,3
S0123,lenalidomide,1,25 mg,21,21
S0123,dexamethasone,1,40 mg,4,4
S0123,carfilzomib,2,56 mg/m2,3,3
S0123,lenalidomide,2,25 mg,21,21
S0123,dexamethasone,2,40 mg,4,4
S0123,carfilzomib,3,56 mg/m2,3,3
S0123,lenalidomide,3,25 mg,21,21
S0123,dexamethasone,3,40 mg,4,4
S0123,carfilzomib,4,56 mg/m2,3,2
S0123,lenalidomide,4,25 mg,21,21
S0123,dexamethasone,4,40 mg,4,4
S0123,carfilzomib,5,56 mg/m2,3,3
S0123,lenalidomide,5,25 mg,21,21
S0123,dexamethasone,5,40 mg,4,4
S0123,carfilzomib,6,56 mg/m2,3,3
S0123,lenalidomide,6,25 mg,21,21
S0123,dexamethasone,6,40 mg,4,4
S0123,carfilzomib,7,56 mg/m2,3,3
S0123,lenalidomide,7,25 mg,21,21
S0123,dexamethasone,7,40 mg,4,4
S0123,carfilzomib,8,56 mg/m2,3,3
S0123,lenalidomide,8,25 mg,21,21
S0123,dexamethasone,8,40 mg,4,4
S0123,carfilzomib,9,56 mg/m2,3,3
S0123,lenalidomide,9,25 mg,21,21
S0123,dexamethasone,9,40 mg,4,4
S0123,carfilzomib,10,56 mg/m2,3,3
S0123,lenalidomide,10,25 mg,21,21
S0123,dexamethasone,10,40 mg,4,4
S0123,carfilzomib,11,56 mg/m2,3,3
S0123,lenalidomide,11,25 mg,21,21
S0123,dexamethasone,11,40 mg,4,4
S0123,carfilzomib,12,56 mg/m2,3,3
S0123,lenalidomide,12,25 mg,21,21
S0123,dexamethasone,12,40 mg,4,4
S0124,carfilzomib,1,20 mg/m2 then 56 mg/m2,3,3
S0124,lenalidomide,1,25 mg,21,21
S0124,dexamethasone,1,40 mg,4,4
S0124,carfilzomib,2,56 mg/m2,3,3
S0124,lenalidomide,2,25 mg,21,21
S0124,dexamethasone,2,40 mg,4,4
S0124,carfilzomib,3,56 mg/m2,3,3
S0124,lenalidomide,3,25 mg,21,21
S0124,dexamethasone,3,40 mg,4,4
S0124,carfilzomib,4,56 mg/m2,3,3
S0124,lenalidomide,4,25 mg,21,21
S0124,dexamethasone,4,40 mg,4,4
S0124,carfilzomib,5,56 mg/m2,3,3
S0124,lenalidomide,5,25 mg,21,21
S0124,dexamethasone,5,40 mg,4,4
S0124,carfilzomib,6,56 mg/m2,3,3
S0124,lenalidomide,6,25 mg,21,21
S0124,dexamethasone,6,40 mg,4,4
S0124,carfilzomib,7,56 mg/m2,3,3
S0124,lenalidomide,7,25 mg,21,21
S0124,dexamethasone,7,40 mg,4,4
S0124,carfilzomib,8,56 mg/m2,3,3
S0124,lenalidomide,8,25 mg,21,21
S0124,dexamethasone,8,40 mg,4,4
S0124,carfilzomib,9,56 mg/m2,3,3
S0124,lenalidomide,9,25 mg,21,21
S0124,dexamethasone,9,40 mg,4,4
S0124,carfilzomib,10,56 mg/m2,3,3
S0124,lenalidomide,10,25 mg,21,21
S0124,dexamethasone,10,40 mg,4,4
S0124,carfilzomib,11,56 mg/m2,3,3
S0124,lenalidomide,11,25 mg,21,21
S0124,dexamethasone,11,40 mg,4,4
S0124,carfilzomib,12,56 mg/m2,3,3
S0124,lenalidomide,12,25 mg,21,21
S0124,dexamethasone,12,40 mg,4,4
S0125,carfilzomib,1,20 mg/m2 then 27 mg/m2,6,6
S0125,lenalidomide,1,25 mg,21,21
S0125,dexamethasone,1,40 mg,4,4
S0125,carfilzomib,2,27 mg/m2,6,6
S0125,lenalidomide,2,25 mg,21,21
S0125,dexamethasone,2,40 mg,4,4
S0125,carfilzomib,3,27 mg/m2,6,6
S0125,lenalidomide,3,25 mg,21,21
S0125,dexamethasone,3,40 mg,4,4
S0125,carfilzomib,4,27 mg/m2,6,6
S0125,lenalidomide,4,25 mg,21,21
S0125,dexamethasone,4,40 mg,4,4
S0125,carfilzomib,5,27 mg/m2,6,6
S0125,lenalidomide,5,25 mg,21,21
S0125,dexamethasone,5,40 mg,4,4
S0125,carfilzomib,6,27 mg/m2,6,6
S0125,lenalidomide,6,25 mg,21,21
S0125,dexamethasone,6,40 mg,4,4
S0125,carfilzomib,7,27 mg/m2,6,6
S0125,lenalidomide,7,25 mg,21,21
S0125,dexamethasone,7,40 mg,4,4
S0125,carfilzomib,8,27 mg/m2,6,6
S0125,lenalidomide,8,25 mg,21,21
S0125,dexamethasone,8,40 mg,4,4
S0125,carfilzomib,9,27 mg/m2,6,6
S0125,lenalidomide,9,25 mg,21,21
S0125,dexamethasone,9,40 mg,4,4
S0125,carfilzomib,10,27 mg/m2,6,6
S0125,lenalidomide,10,25 mg,21,21
S0125,dexamethasone,10,40 mg,4,4
S0125,carfilzomib,11,27 mg/m2,6,6
S0125,lenalidomide,11,25 mg,21,21
S0125,dexamethasone,11,40 mg,4,4
S0125,carfilzomib,12,27 mg/m2,6,6
S0125,lenalidomide,12,25 mg,21,21
S0125,dexamethasone,12,40 mg,4,4
S0126,carfilzomib,1,20 mg/m2 then 56 mg/m2,3,3
S0126,lenalidomide,1,25 mg,21,21
S0126,dexamethasone,1,40 mg,4,4
S0126,carfilzomib,2,56 mg/m2,3,3
S0126,lenalidomide,2,25 mg,21,21
S0126,dexamethasone,2,40 mg,4,4
S0126,carfilzomib,3,56 mg/m2,3,3
S0126,lenalidomide,3,25 mg,21,21
S0126,dexamethasone,3,40 mg,4,4
S0126,carfilzomib,4,56 mg/m2,3,3
S0126,lenalidomide,4,25 mg,21,21
S0126,dexamethasone,4,40 mg,4,4
S0126,carfilzomib,5,56 mg/m2,3,3
S0126,lenalidomide,5,25 mg,21,21
S0126,dexamethasone,5,40 mg,4,4
S0126,carfilzomib,6,56 mg/m2,3,3
S0126,lenalidomide,6,25 mg,21,21
S0126,dexamethasone,6,40 mg,4,4
S0126,carfilzomib,7,56 mg/m2,3,3
S0126,lenalidomide,7,25 mg,21,21
S0126,dexamethasone,7,40 mg,4,4
S0126,carfilzomib,8,56 mg/m2,3,3
S0126,lenalidomide,8,25 mg,21,21
S0126,dexamethasone,8,40 mg,4,4
S0126,carfilzomib,9,56 mg/m2,3,2
S0126,lenalidomide,9,25 mg,21,21
S0126,dexamethasone,9,40 mg,4,4
S0126,carfilzomib,10,56 mg/m2,3,3
S0126,lenalidomide,10,25 mg,21,21
S0126,dexamethasone,10,40 mg,4,4
S0126,carfilzomib,11,56 mg/m2,3,3
S0126,lenalidomide,11,25 mg,21,21
S0126,dexamethasone,11,40 mg,4,4
S0126,carfilzomib,12,56 mg/m2,3,3
S0126,lenalidomide,12,25 mg,21,21
S0126,dexamethasone,12,40 mg,4,4
S0127,carfilzomib,1,20 mg/m2 then 56 mg/m2,3,3
S0127,lenalidomide,1,25 mg,21,21
S0127,dexamethasone,1,40 mg,4,4
S0127,carfilzomib,2,56 mg/m2,3,3
S0127,lenalidomide,2,25 mg,21,21
S0127,dexamethasone,2,40 mg,4,4
S0127,carfilzomib,3,56 mg/m2,3,3
S0127,lenalidomide,3,25 mg,21,21
S0127,dexamethasone,3,40 mg,4,4
S0127,carfilzomib,4,56 mg/m2,3,3
S0127,lenalidomide,4,25 mg,21,21
S0127,dexamethasone,4,40 mg,4,4
S0127,carfilzomib,5,56 mg/m2,3,3
S0127,lenalidomide,5,25 mg,21,21
S0127,dexamethasone,5,40 mg,4,4
S0127,carfilzomib,6,56 mg/m2,3,3
S0127,lenalidomide,6,25 mg,21,21
S0127,dexamethasone,6,40 mg,4,4
S0127,carfilzomib,7,56 mg/m2,3,3
S0127,lenalidomide,7,25 mg,21,21
S0127,dexamethasone,7,40 mg,4,4
S0127,carfilzomib,8,56 mg/m2,3,2
S0127,lenalidomide,8,25 mg,21,21
S0127,dexamethasone,8,40 mg,4,4
S0127,carfilzomib,9,56 mg/m2,3,3
S0127,lenalidomide,9,25 mg,21,21
S0127,dexamethasone,9,40 mg,4,4
S0127,carfilzomib,10,56 mg/m2,3,3
S0127,lenalidomide,10,25 mg,21,21
S0127,dexamethasone,10,40 mg,4,4
S0127,carfilzomib,11,56 mg/m2,3,3
S0127,lenalidomide,11,25 mg,21,21
S0127,dexamethasone,11,40 mg,4,4
S0127,carfilzomib,12,56 mg/m2,3,2
S0127,lenalidomide,12,25 mg,21,21
S0127,dexamethasone,12,40 mg,4,4
S0128,carfilzomib,1,20 mg/m2 then 56 mg/m2,3,3
S0128,lenalidomide,1,25 mg,21,21
S0128,dexamethasone,1,40 mg,4,4
S0128,carfilzomib,2,56 mg/m2,3,3
S0128,lenalidomide,2,25 mg,21,21
S0128,dexamethasone,2,40 mg,4,4
S0128,carfilzomib,3,56 mg/m2,3,3
S0128,lenalidomide,3,25 mg,21,21
S0128,dexamethasone,3,40 mg,4,4
S0128,carfilzomib,4,56 mg/m2,3,3
S0128,lenalidomide,4,25 mg,21,21
S0128,dexamethasone,4,40 mg,4,4
S0128,carfilzomib,5,56 mg/m2,3,3
S0128,lenalidomide,5,25 mg,21,21
S0128,dexamethasone,5,40 mg,4,4
S0128,carfilzomib,6,56 mg/m2,3,3
S0128,lenalidomide,6,25 mg,21,21
S0128,dexamethasone,6,40 mg,4,4
S0128,carfilzomib,7,56 mg/m2,3,3
S0128,lenalidomide,7,25 mg,21,21
S0128,dexamethasone,7,40 mg,4,4
S0128,carfilzomib,8,56 mg/m2,3,3
S0128,lenalidomide,8,25 mg,21,21
S0128,dexamethasone,8,40 mg,4,4
S0128,carfilzomib,9,56 mg/m2,3,3
S0128,lenalidomide,9,25 mg,21,21
S0128,dexamethasone,9,40 mg,4,4
S0128,carfilzomib,10,56 mg/m2,3,3
S0128,lenalidomide,10,25 mg,21,21
S0128,dexamethasone,10,40 mg,4,4
S0128,carfilzomib,11,56 mg/m2,3,3
S0128,lenalidomide,11,25 mg,21,21
S0128,dexamethasone,11,40 mg,4,4
S0128,carfilzomib,12,56 mg/m2,3,3
S0128,lenalidomide,12,25 mg,21,21
S0128,dexamethasone,12,40 mg,4,4
S0129,carfilzomib,1,20 mg/m2 then 56 mg/m2,3,3
S0129,lenalidomide,1,25 mg,21,21
S0129,dexamethasone,1,40 mg,4,4
S0129,carfilzomib,2,56 mg/m2,3,3
S0129,lenalidomide,2,25 mg,21,21
S0129,dexamethasone,2,40 mg,4,4
S0129,carfilzomib,3,56 mg/m2,3,3
S0129,lenalidomide,3,25 mg,21,21
S0129,dexamethasone,3,40 mg,4,4
S0129,carfilzomib,4,56 mg/m2,3,3
S0129,lenalidomide,4,25 mg,21,21
S0129,dexamethasone,4,40 mg,4,4
S0129,carfilzomib,5,56 mg/m2,3,3
S0129,lenalidomide,5,25 mg,21,21
S0129,dexamethasone,5,40 mg,4,4
S0129,carfilzomib,6,56 mg/m2,3,3
S0129,lenalidomide,6,25 mg,21,21
S0129,dexamethasone,6,40 mg,4,4
S0129,carfilzomib,7,56 mg/m2,3,3
S0129,lenalidomide,7,25 mg,21,21
S0129,dexamethasone,7,40 mg,4,4
S0129,carfilzomib,8,56 mg/m2,3,1
S0129,lenalidomide,8,25 mg,21,21
S0129,dexamethasone,8,40 mg,4,4
S0129,carfilzomib,9,56 mg/m2,1,1
S0129,lenalidomide,9,25 mg,1,1
S0129,dexamethasone,9,40 mg,1,1
S0130,carfilzomib,1,20 mg/m2 then 27 mg/m2,6,6
S0130,lenalidomide,1,25 mg,21,21
S0130,dexamethasone,1,40 mg,4,4
S0130,carfilzomib,2,27 mg/m2,6,6
S0130,lenalidomide,2,25 mg,21,21
S0130,dexamethasone,2,40 mg,4,4
S0130,carfilzomib,3,27 mg/m2,6,6
S0130,lenalidomide,3,25 mg,21,21
S0130,dexamethasone,3,40 mg,4,4
S0130,carfilzomib,4,27 mg/m2,6,5
S0130,lenalidomide,4,25 mg,21,21
S0130,dexamethasone,4,40 mg,4,4
S0130,carfilzomib,5,27 mg/m2,6,6
S0130,lenalidomide,5,25 mg,21,21
S0130,dexamethasone,5,40 mg,4,4
S0130,carfilzomib,6,27 mg/m2,6,6
S0130,lenalidomide,6,25 mg,21,21
S0130,dexamethasone,6,40 mg,4,4
S0130,carfilzomib,7,27 mg/m2,6,6
S0130,lenalidomide,7,25 mg,21,21
S0130,dexamethasone,7,40 mg,4,4
S0130,carfilzomib,8,27 mg/m2,6,6
S0130,lenalidomide,8,25 mg,21,21
S0130,dexamethasone,8,40 mg,4,4
S0130,carfilzomib,9,27 mg/m2,6,6
S0130,lenalidomide,9,25 mg,21,21
S0130,dexamethasone,9,40 mg,4,4
S0130,carfilzomib,10,27 mg/m2,6,6
S0130,lenalidomide,10,25 mg,21,21
S0130,dexamethasone,10,40 mg,4,4
S0130,carfilzomib,11,27 mg/m2,6,6
S0130,lenalidomide,11,25 mg,21,21
S0130,dexamethasone,11,40 mg,4,4
S0130,carfilzomib,12,27 mg/m2,6,6
S0130,lenalidomide,12,25 mg,21,21
S0130,dexamethasone,12,40 mg,4,4
S0131,carfilzomib,1,20 mg/m2 then 56 mg/m2,3,3
S0131,lenalidomide,1,25 mg,21,21
S0131,dexamethasone,1,40 mg,4,4
S0131,carfilzomib,2,56 mg/m2,3,3
S0131,lenalidomide,2,25 mg,21,21
S0131,dexamethasone,2,40 mg,4,4
S0131,carfilzomib,3,56 mg/m2,3,3
S0131,lenalidomide,3,25 mg,21,21
S0131,dexamethasone,3,40 mg,4,4
S0131,carfilzomib,4,56 mg/m2,3,3
S0131,lenalidomide,4,25 mg,21,21
S0131,dexamethasone,4,40 mg,4,4
S0131,carfilzomib,5,56 mg/m2,3,3
S0131,lenalidomide,5,25 mg,21,21
S0131,dexamethasone,5,40 mg,4,4
S0131,carfilzomib,6,56 mg/m2,3,2
S0131,lenalidomide,6,25 mg,21,21
S0131,dexamethasone,6,40 mg,4,4
S0131,carfilzomib,7,56 mg/m2,3,3
S0131,lenalidomide,7,25 mg,21,21
S0131,dexamethasone,7,40 mg,4,4
S0131,carfilzomib,8,56 mg/m2,3,3
S0131,lenalidomide,8,25 mg,21,21
S0131,dexamethasone,8,40 mg,4,4
S0131,carfilzomib,9,56 mg/m2,3,3
S0131,lenalidomide,9,25 mg,21,21
S0131,dexamethasone,9,40 mg,4,4
S0131,carfilzomib,10,56 mg/m2,3,3
S0131,lenalidomide,10,25 mg,21,21
S0131,dexamethasone,10,40 mg,4,4
S0131,carfilzomib,11,56 mg/m2,3,3
S0131,lenalidomide,11,25 mg,21,21
S0131,dexamethasone,11,40 mg,4,4
S0131,carfilzomib,12,56 mg/m2,3,3
S0131,lenalidomide,12,25 mg,21,21
S0131,dexamethasone,12,40 mg,4,4
S0132,carfilzomib,1,20 mg/m2 then 27 mg/m2,6,6
S0132,lenalidomide,1,25 mg,21,21
S0132,dexamethasone,1,40 mg,4,4
S0132,carfilzomib,2,27 mg/m2,6,6
S0132,lenalidomide,2,25 mg,21,21
S0132,dexamethasone,2,40 mg,4,4
S0132,carfilzomib,3,27 mg/m2,6,6
S0132,lenalidomide,3,25 mg,21,21
S0132,dexamethasone,3,40 mg,4,4
S0132,carfilzomib,4,27 mg/m2,6,6
S0132,lenalidomide,4,25 mg,21,21
S0132,dexamethasone,4,40 mg,4,4
S0132,carfilzomib,5,27 mg/m2,6,6
S0132,lenalidomide,5,25 mg,21,21
S0132,dexamethasone,5,40 mg,4,4
S0132,carfilzomib,6,27 mg/m2,6,6
S0132,lenalidomide,6,25 mg,21,21
S0132,dexamethasone,6,40 mg,4,4
S0132,carfilzomib,7,27 mg/m2,6,6
S0132,lenalidomide,7,25 mg,21,21
S0132,dexamethasone,7,40 mg,4,4
S0132,carfilzomib,8,27 mg/m2,6,4
S0132,lenalidomide,8,25 mg,21,21
S0132,dexamethasone,8,40 mg,4,4
S0132,carfilzomib,9,27 mg/m2,6,6
S0132,lenalidomide,9,25 mg,21,21
S0132,dexamethasone,9,40 mg,4,4
S0132,carfilzomib,10,27 mg/m2,6,6
S0132,lenalidomide,10,25 mg,21,21
S0132,dexamethasone,10,40 mg,4,4
S0132,carfilzomib,11,27 mg/m2,6,6
S0132,lenalidomide,11,25 mg,21,21
S0132,dexamethasone,11,40 mg,4,4
S0132,carfilzomib,12,27 mg/m2,6,6
S0132,lenalidomide,12,25 mg,21,21
S0132,dexamethasone,12,40 mg,4,4
S0133,carfilzomib,1,20 mg/m2 then 56 mg/m2,3,3
S0133,lenalidomide,1,25 mg,21,21
S0133,dexamethasone,1,40 mg,4,4
S0133,carfilzomib,2,56 mg/m2,3,3
S0133,lenalidomide,2,25 mg,21,21
S0133,dexamethasone,2,40 mg,4,4
S0133,carfilzomib,3,56 mg/m2,3,3
S0133,lenalidomide,3,25 mg,21,21
S0133,dexamethasone,3,40 mg,4,4
S0133,carfilzomib,4,56 mg/m2,3,3
S0133,lenalidomide,4,25 mg,21,21
S0133,dexamethasone,4,40 mg,4,4
S0133,carfilzomib,5,56 mg/m2,3,3
S0133,lenalidomide,5,25 mg,21,21
S0133,dexamethasone,5,40 mg,4,4
S0133,carfilzomib,6,56 mg/m2,3,2
S0133,lenalidomide,6,25 mg,21,21
S0133,dexamethasone,6,40 mg,4,4
S0133,carfilzomib,7,56 mg/m2,3,3
S0133,lenalidomide,7,25 mg,21,21
S0133,dexamethasone,7,40 mg,4,4
S0133,carfilzomib,8,56 mg/m2,3,3
S0133,lenalidomide,8,25 mg,21,21
S0133,dexamethasone,8,40 mg,4,4
S0133,carfilzomib,9,56 mg/m2,3,3
S0133,lenalidomide,9,25 mg,21,21
S0133,dexamethasone,9,40 mg,4,4
S0133,carfilzomib,10,56 mg/m2,3,3
S0133,lenalidomide,10,25 mg,21,21
S0133,dexamethasone,10,40 mg,4,4
S0133,carfilzomib,11,56 mg/m2,3,2
S0133,lenalidomide,11,25 mg,21,21
S0133,dexamethasone,11,40 mg,4,4
S0133,carfilzomib,12,56 mg/m2,1,1
S0133,lenalidomide,12,25 mg,1,1
S0133,dexamethasone,12,40 mg,1,1
S0134,carfilzomib,1,20 mg/m2 then 56 mg/m2,3,3
S0134,lenalidomide,1,25 mg,21,21
S0134,dexamethasone,1,40 mg,4,4
S0134,carfilzomib,2,56 mg/m2,3,2
S0134,lenalidomide,2,25 mg,21,21
S0134,dexamethasone,2,40 mg,4,4
S0134,carfilzomib,3,56 mg/m2,3,3
S0134,lenalidomide,3,25 mg,21,21
S0134,dexamethasone,3,40 mg,4,4
S0134,carfilzomib,4,56 mg/m2,3,3
S0134,lenalidomide,4,25 mg,21,21
S0134,dexamethasone,4,40 mg,4,4
S0134,carfilzomib,5,56 mg/m2,3,3
S0134,lenalidomide,5,25 mg,21,21
S0134,dexamethasone,5,40 mg,4,4
S0134,carfilzomib,6,56 mg/m2,3,3
S0134,lenalidomide,6,25 mg,21,21
S0134,dexamethasone,6,40 mg,4,4
S0134,carfilzomib,7,56 mg/m2,3,3
S0134,lenalidomide,7,25 mg,21,21
S0134,dexamethasone,7,40 mg,4,4
S0134,carfilzomib,8,56 mg/m2,3,3
S0134,lenalidomide,8,25 mg,21,21
S0134,dexamethasone,8,40 mg,4,4
S0134,carfilzomib,9,56 mg/m2,3,3
S0134,lenalidomide,9,25 mg,21,21
S0134,dexamethasone,9,40 mg,4,4
S0134,carfilzomib,10,56 mg/m2,3,3
S0134,lenalidomide,10,25 mg,21,21
S0134,dexamethasone,10,40 mg,4,4
S0134,carfilzomib,11,56 mg/m2,3,3
S0134,lenalidomide,11,25 mg,21,21
S0134,dexamethasone,11,40 mg,4,4
S0134,carfilzomib,12,56 mg/m2,3,3
S0134,lenalidomide,12,25 mg,21,21
S0134,dexamethasone,12,40 mg,4,4
S0135,carfilzomib,1,20 mg/m2 then 27 mg/m2,6,6
S0135,lenalidomide,1,25 mg,21,21
S0135,dexamethasone,1,40 mg,4,4
S0135,carfilzomib,2,27 mg/m2,6,6
S0135,lenalidomide,2,25 mg,21,21
S0135,dexamethasone,2,40 mg,4,4
S0135,carfilzomib,3,27 mg/m2,6,6
S0135,lenalidomide,3,25 mg,21,21
S0135,dexamethasone,3,40 mg,4,4
S0135,carfilzomib,4,27 mg/m2,6,6
S0135,lenalidomide,4,25 mg,21,21
S0135,dexamethasone,4,40 mg,4,4
S0135,carfilzomib,5,27 mg/m2,6,6
S0135,lenalidomide,5,25 mg,21,21
S0135,dexamethasone,5,40 mg,4,4
S0135,carfilzomib,6,27 mg/m2,6,6
S0135,lenalidomide,6,25 mg,21,21
S0135,dexamethasone,6,40 mg,4,4
S0135,carfilzomib,7,27 mg/m2,6,6
S0135,lenalidomide,7,25 mg,21,21
S0135,dexamethasone,7,40 mg,4,4
S0135,carfilzomib,8,27 mg/m2,6,5
S0135,lenalidomide,8,25 mg,21,21
S0135,dexamethasone,8,40 mg,4,4
S0135,carfilzomib,9,27 mg/m2,6,6
S0135,lenalidomide,9,25 mg,21,21
S0135,dexamethasone,9,40 mg,4,4
S0135,carfilzomib,10,27 mg/m2,6,6
S0135,lenalidomide,10,25 mg,21,21
S0135,dexamethasone,10,40 mg,4,4
S0135,carfilzomib,11,27 mg/m2,6,6
S0135,lenalidomide,11,25 mg,21,21
S0135,dexamethasone,11,40 mg,4,4
S0135,carfilzomib,12,27 mg/m2,6,6
S0135,lenalidomide,12,25 mg,21,21
S0135,dexamethasone,12,40 mg,4,4
S0136,carfilzomib,1,20 mg/m2 then 56 mg/m2,3,3
S0136,lenalidomide,1,25 mg,18,18
S0136,dexamethasone,1,40 mg,3,3
S0137,carfilzomib,1,20 mg/m2 then 56 mg/m2,3,3
S0137,lenalidomide,1,25 mg,21,21
S0137,dexamethasone,1,40 mg,4,4
S0137,carfilzomib,2,56 mg/m2,3,2
S0137,lenalidomide,2,25 mg,21,21
S0137,dexamethasone,2,40 mg,4,4
S0137,carfilzomib,3,56 mg/m2,3,3
S0137,lenalidomide,3,25 mg,21,21
S0137,dexamethasone,3,40 mg,4,4
S0137,carfilzomib,4,56 mg/m2,3,3
S0137,lenalidomide,4,25 mg,21,21
S0137,dexamethasone,4,40 mg,4,4
S0137,carfilzomib,5,56 mg/m2,3,3
S0137,lenalidomide,5,25 mg,21,21
S0137,dexamethasone,5,40 mg,4,4
S0137,carfilzomib,6,56 mg/m2,3,3
S0137,lenalidomide,6,25 mg,21,21
S0137,dexamethasone,6,40 mg,4,4
S0137,carfilzomib,7,56 mg/m2,3,3
S0137,lenalidomide,7,25 mg,21,21
S0137,dexamethasone,7,40 mg,4,4
S0137,carfilzomib,8,56 mg/m2,3,3
S0137,lenalidomide,8,25 mg,21,21
S0137,dexamethasone,8,40 mg,4,4
S0137,carfilzomib,9,56 mg/m2,3,3
S0137,lenalidomide,9,25 mg,21,21
S0137,dexamethasone,9,40 mg,4,4
S0137,carfilzomib,10,56 mg/m2,3,3
S0137,lenalidomide,10,25 mg,21,21
S0137,dexamethasone,10,40 mg,4,4
S0137,carfilzomib,11,56 mg/m2,3,3
S0137,lenalidomide,11,25 mg,21,21
S0137,dexamethasone,11,40 mg,4,4
S0137,carfilzomib,12,56 mg/m2,3,3
S0137,lenalidomide,12,25 mg,21,21
S0137,dexamethasone,12,40 mg,4,4
S0138,carfilzomib,1,20 mg/m2 then 56 mg/m2,3,3
S0138,lenalidomide,1,25 mg,21,21
S0138,dexamethasone,1,40 mg,4,4
S0138,carfilzomib,2,56 mg/m2,3,3
S0138,lenalidomide,2,25 mg,21,21
S0138,dexamethasone,2,40 mg,4,4
S0138,carfilzomib,3,56 mg/m2,3,3
S0138,lenalidomide,3,25 mg,21,21
S0138,dexamethasone,3,40 mg,4,4
S0138,carfilzomib,4,56 mg/m2,3,3
S0138,lenalidomide,4,25 mg,21,21
S0138,dexamethasone,4,40 mg,4,4
S0138,carfilzomib,5,56 mg/m2,3,3
S0138,lenalidomide,5,25 mg,21,21
S0138,dexamethasone,5,40 mg,4,4
S0138,carfilzomib,6,56 mg/m2,3,3
S0138,lenalidomide,6,25 mg,21,21
S0138,dexamethasone,6,40 mg,4,4
S0138,carfilzomib,7,56 mg/m2,3,3
S0138,lenalidomide,7,25 mg,21,21
S0138,dexamethasone,7,40 mg,4,4
S0138,carfilzomib,8,56 mg/m2,3,3
S0138,lenalidomide,8,25 mg,21,21
S0138,dexamethasone,8,40 mg,4,4
S0138,carfilzomib,9,56 mg/m2,3,3
S0138,lenalidomide,9,25 mg,21,21
S0138,dexamethasone,9,40 mg,4,4
S0138,carfilzomib,10,56 mg/m2,1,1
S0138,lenalidomide,10,25 mg,1,1
S0138,dexamethasone,10,40 mg,1,1
S0139,carfilzomib,1,20 mg/m2 then 27 mg/m2,6,6
S0139,lenalidomide,1,25 mg,21,21
S0139,dexamethasone,1,40 mg,4,4
S0139,carfilzomib,2,27 mg/m2,6,6
S0139,lenalidomide,2,25 mg,21,21
S0139,dexamethasone,2,40 mg,4,4
S0139,carfilzomib,3,27 mg/m2,6,6
S0139,lenalidomide,3,25 mg,21,21
S0139,dexamethasone,3,40 mg,4,4
S0139,carfilzomib,4,27 mg/m2,6,6
S0139,lenalidomide,4,25 mg,21,21
S0139,dexamethasone,4,40 mg,4,4
S0139,carfilzomib,5,27 mg/m2,6,5
S0139,lenalidomide,5,25 mg,21,21
S0139,dexamethasone,5,40 mg,4,4
S0139,carfilzomib,6,27 mg/m2,4,4
S0139,lenalidomide,6,25 mg,9,9
S0139,dexamethasone,6,40 mg,2,2
S0140,carfilzomib,1,20 mg/m2 then 27 mg/m2,6,6
S0140,lenalidomide,1,25 mg,21,21
S0140,dexamethasone,1,40 mg,4,4
S0140,carfilzomib,2,27 mg/m2,6,6
S0140,lenalidomide,2,25 mg,21,21
S0140,dexamethasone,2,40 mg,4,4
S0140,carfilzomib,3,27 mg/m2,6,6
S0140,lenalidomide,3,25 mg,21,21
S0140,dexamethasone,3,40 mg,4,4
S0140,carfilzomib,4,27 mg/m2,6,6
S0140,lenalidomide,4,25 mg,21,21
S0140,dexamethasone,4,40 mg,4,4
S0140,carfilzomib,5,27 mg/m2,6,6
S0140,lenalidomide,5,25 mg,21,21
S0140,dexamethasone,5,40 mg,4,4
S0140,carfilzomib,6,27 mg/m2,6,6
S0140,lenalidomide,6,25 mg,21,21
S0140,dexamethasone,6,40 mg,4,4
S0140,carfilzomib,7,27 mg/m2,6,6
S0140,lenalidomide,7,25 mg,21,21
S0140,dexamethasone,7,40 mg,4,4
S0140,carfilzomib,8,27 mg/m2,6,6
S0140,lenalidomide,8,25 mg,21,21
S0140,dexamethasone,8,40 mg,4,4
S0140,carfilzomib,9,27 mg/m2,6,6
S0140,lenalidomide,9,25 mg,21,21
S0140,dexamethasone,9,40 mg,4,4
S0140,carfilzomib,10,27 mg/m2,6,6
S0140,lenalidomide,10,25 mg,21,21
S0140,dexamethasone,10,40 mg,4,4
S0140,carfilzomib,11,27 mg/m2,6,5
S0140,lenalidomide,11,25 mg,21,21
S0140,dexamethasone,11,40 mg,4,4
S0140,carfilzomib,12,27 mg/m2,6,6
S0140,lenalidomide,12,25 mg,21,21
S0140,dexamethasone,12,40 mg,4,4
S0141,carfilzomib,1,20 mg/m2 then 56 mg/m2,3,3
S0141,lenalidomide,1,25 mg,21,21
S0141,dexamethasone,1,40 mg,4,4
S0141,carfilzomib,2,56 mg/m2,3,3
S0141,lenalidomide,2,25 mg,21,21
S0141,dexamethasone,2,40 mg,4,4
S0141,carfilzomib,3,56 mg/m2,3,3
S0141,lenalidomide,3,25 mg,21,21
S0141,dexamethasone,3,40 mg,4,4
S0141,carfilzomib,4,56 mg/m2,3,3
S0141,lenalidomide,4,25 mg,21,21
S0141,dexamethasone,4,40 mg,4,4
S0141,carfilzomib,5,56 mg/m2,3,3
S0141,lenalidomide,5,25 mg,21,21
S0141,dexamethasone,5,40 mg,4,4
S0141,carfilzomib,6,56 mg/m2,3,3
S0141,lenalidomide,6,25 mg,21,21
S0141,dexamethasone,6,40 mg,4,4
S0141,carfilzomib,7,56 mg/m2,3,3
S0141,lenalidomide,7,25 mg,21,21
S0141,dexamethasone,7,40 mg,4,4
S0141,carfilzomib,8,56 mg/m2,3,3
S0141,lenalidomide,8,25 mg,21,21
S0141,dexamethasone,8,40 mg,4,4
S0141,carfilzomib,9,56 mg/m2,3,3
S0141,lenalidomide,9,25 mg,21,21
S0141,dexamethasone,9,40 mg,4,4
S0141,carfilzomib,10,56 mg/m2,3,3
S0141,lenalidomide,10,25 mg,21,21
S0141,dexamethasone,10,40 mg,4,4
S0141,carfilzomib,11,56 mg/m2,3,3
S0141,lenalidomide,11,25 mg,21,21
S0141,dexamethasone,11,40 mg,4,4
S0141,carfilzomib,12,56 mg/m2,3,3
S0141,lenalidomide,12,25 mg,21,21
S0141,dexamethasone,12,40 mg,4,4
S0142,carfilzomib,1,20 mg/m2 then 27 mg/m2,6,6
S0142,lenalidomide,1,25 mg,21,21
S0142,dexamethasone,1,40 mg,4,4
S0142,carfilzomib,2,27 mg/m2,6,6
S0142,lenalidomide,2,25 mg,21,21
S0142,dexamethasone,2,40 mg,4,4
S0142,carfilzomib,3,27 mg/m2,6,6
S0142,lenalidomide,3,25 mg,21,21
S0142,dexamethasone,3,40 mg,4,4
S0142,carfilzomib,4,27 mg/m2,6,6
S0142,lenalidomide,4,25 mg,21,21
S0142,dexamethasone,4,40 mg,4,4
S0142,carfilzomib,5,27 mg/m2,6,6
S0142,lenalidomide,5,25 mg,21,21
S0142,dexamethasone,5,40 mg,4,4
S0142,carfilzomib,6,27 mg/m2,6,6
S0142,lenalidomide,6,25 mg,21,21
S0142,dexamethasone,6,40 mg,4,4
S0142,carfilzomib,7,27 mg/m2,6,6
S0142,lenalidomide,7,25 mg,21,21
S0142,dexamethasone,7,40 mg,4,4
S0142,carfilzomib,8,27 mg/m2,6,5
S0142,lenalidomide,8,25 mg,21,21
S0142,dexamethasone,8,40 mg,4,4
S0142,carfilzomib,9,27 mg/m2,6,6
S0142,lenalidomide,9,25 mg,21,21
S0142,dexamethasone,9,40 mg,4,4
S0142,carfilzomib,10,27 mg/m2,6,6
S0142,lenalidomide,10,25 mg,21,21
S0142,dexamethasone,10,40 mg,4,4
S0142,carfilzomib,11,27 mg/m2,6,6
S0142,lenalidomide,11,25 mg,21,21
S0142,dexamethasone,11,40 mg,4,4
S0142,carfilzomib,12,27 mg/m2,6,6
S0142,lenalidomide,12,25 mg,21,21
S0142,dexamethasone,12,40 mg,4,4
S0143,carfilzomib,1,20 mg/m2 then 56 mg/m2,3,3
S0143,lenalidomide,1,25 mg,21,21
S0143,dexamethasone,1,40 mg,4,4
S0143,carfilzomib,2,56 mg/m2,3,3
S0143,lenalidomide,2,25 mg,21,21
S0143,dexamethasone,2,40 mg,4,4
S0143,carfilzomib,3,56 mg/m2,3,3
S0143,lenalidomide,3,25 mg,21,21
S0143,dexamethasone,3,40 mg,4,4
S0143,carfilzomib,4,56 mg/m2,3,3
S0143,lenalidomide,4,25 mg,21,21
S0143,dexamethasone,4,40 mg,4,4
S0143,carfilzomib,5,56 mg/m2,1,1
S0143,lenalidomide,5,25 mg,1,1
S0143,dexamethasone,5,40 mg,1,1
S0144,carfilzomib,1,20 mg/m2 then 56 mg/m2,3,3
S0144,lenalidomide,1,25 mg,21,21
S0144,dexamethasone,1,40 mg,4,4
S0144,carfilzomib,2,56 mg/m2,3,3
S0144,lenalidomide,2,25 mg,21,21
S0144,dexamethasone,2,40 mg,4,4
S0144,carfilzomib,3,56 mg/m2,3,3
S0144,lenalidomide,3,25 mg,21,21
S0144,dexamethasone,3,40 mg,4,4
S0144,carfilzomib,4,56 mg/m2,3,3
S0144,lenalidomide,4,25 mg,21,21
S0144,dexamethasone,4,40 mg,4,4
S0144,carfilzomib,5,56 mg/m2,3,3
S0144,lenalidomide,5,25 mg,21,21
S0144,dexamethasone,5,40 mg,4,4
S0144,carfilzomib,6,56 mg/m2,3,3
S0144,lenalidomide,6,25 mg,21,21
S0144,dexamethasone,6,40 mg,4,4
S0144,carfilzomib,7,56 mg/m2,3,3
S0144,lenalidomide,7,25 mg,21,21
S0144,dexamethasone,7,40 mg,4,4
S0144,carfilzomib,8,56 mg/m2,3,3
S0144,lenalidomide,8,25 mg,21,21
S0144,dexamethasone,8,40 mg,4,4
S0144,carfilzomib,9,56 mg/m2,3,3
S0144,lenalidomide,9,25 mg,21,21
S0144,dexamethasone,9,40 mg,4,4
S0144,carfilzomib,10,56 mg/m2,3,3
S0144,lenalidomide,10,25 mg,21,21
S0144,dexamethasone,10,40 mg,4,4
S0144,carfilzomib,11,56 mg/m2,3,3
S0144,lenalidomide,11,25 mg,21,21
S0144,dexamethasone,11,40 mg,4,4
S0144,carfilzomib,12,56 mg/m2,3,3
S0144,lenalidomide,12,25 mg,21,21
S0144,dexamethasone,12,40 mg,4,4
S0145,carfilzomib,1,20 mg/m2 then 27 mg/m2,6,6
S0145,lenalidomide,1,25 mg,21,21
S0145,dexamethasone,1,40 mg,4,4
S0145,carfilzomib,2,27 mg/m2,6,6
S0145,lenalidomide,2,25 mg,21,21
S0145,dexamethasone,2,40 mg,4,4
S0145,carfilzomib,3,27 mg/m2,6,6
S0145,lenalidomide,3,25 mg,21,21
S0145,dexamethasone,3,40 mg,4,4
S0145,carfilzomib,4,27 mg/m2,6,6
S0145,lenalidomide,4,25 mg,21,21
S0145,dexamethasone,4,40 mg,4,4
S0145,carfilzomib,5,27 mg/m2,6,6
S0145,lenalidomide,5,25 mg,21,21
S0145,dexamethasone,5,40 mg,4,4
S0145,carfilzomib,6,27 mg/m2,6,6
S0145,lenalidomide,6,25 mg,21,21
S0145,dexamethasone,6,40 mg,4,4
S0145,carfilzomib,7,27 mg/m2,6,6
S0145,lenalidomide,7,25 mg,21,21
S0145,dexamethasone,7,40 mg,4,4
S0145,carfilzomib,8,27 mg/m2,6,6
S0145,lenalidomide,8,25 mg,21,21
S0145,dexamethasone,8,40 mg,4,4
S0145,carfilzomib,9,27 mg/m2,6,6
S0145,lenalidomide,9,25 mg,21,21
S0145,dexamethasone,9,40 mg,4,4
S0145,carfilzomib,10,27 mg/m2,6,6
S0145,lenalidomide,10,25 mg,21,21
S0145,dexamethasone,10,40 mg,4,4
S0145,carfilzomib,11,27 mg/m2,6,6
S0145,lenalidomide,11,25 mg,21,21
S0145,dexamethasone,11,40 mg,4,4
S0145,carfilzomib,12,27 mg/m2,6,5
S0145,lenalidomide,12,25 mg,21,21
S0145,dexamethasone,12,40 mg,4,4
S0146,carfilzomib,1,20 mg/m2 then 27 mg/m2,6,6
S0146,lenalidomide,1,25 mg,21,21
S0146,dexamethasone,1,40 mg,4,4
S0146,carfilzomib,2,27 mg/m2,6,6
S0146,lenalidomide,2,25 mg,21,21
S0146,dexamethasone,2,40 mg,4,4
S0146,carfilzomib,3,27 mg/m2,6,6
S0146,lenalidomide,3,25 mg,21,21
S0146,dexamethasone,3,40 mg,4,4
S0146,carfilzomib,4,27 mg/m2,6,5
S0146,lenalidomide,4,25 mg,21,21
S0146,dexamethasone,4,40 mg,4,4
S0146,carfilzomib,5,27 mg/m2,6,6
S0146,lenalidomide,5,25 mg,21,21
S0146,dexamethasone,5,40 mg,4,4
S0146,carfilzomib,6,27 mg/m2,6,6
S0146,lenalidomide,6,25 mg,21,21
S0146,dexamethasone,6,40 mg,4,4
S0146,carfilzomib,7,27 mg/m2,6,6
S0146,lenalidomide,7,25 mg,21,21
S0146,dexamethasone,7,40 mg,4,4
S0146,carfilzomib,8,27 mg/m2,6,6
S0146,lenalidomide,8,25 mg,21,21
S0146,dexamethasone,8,40 mg,4,4
S0146,carfilzomib,9,27 mg/m2,6,6
S0146,lenalidomide,9,25 mg,21,21
S0146,dexamethasone,9,40 mg,4,4
S0146,carfilzomib,10,27 mg/m2,6,6
S0146,lenalidomide,10,25 mg,21,21
S0146,dexamethasone,10,40 mg,4,4
S0146,carfilzomib,11,27 mg/m2,6,6
S0146,lenalidomide,11,25 mg,21,21
S0146,dexamethasone,11,40 mg,4,4
S0146,carfilzomib,12,27 mg/m2,6,6
S0146,lenalidomide,12,25 mg,21,21
S0146,dexamethasone,12,40 mg,4,4
S0147,carfilzomib,1,20 mg/m2 then 27 mg/m2,6,6
S0147,lenalidomide,1,25 mg,21,21
S0147,dexamethasone,1,40 mg,4,4
S0147,carfilzomib,2,27 mg/m2,6,6
S0147,lenalidomide,2,25 mg,21,21
S0147,dexamethasone,2,40 mg,4,4
S0147,carfilzomib,3,27 mg/m2,6,6
S0147,lenalidomide,3,25 mg,21,21
S0147,dexamethasone,3,40 mg,4,4
S0147,carfilzomib,4,27 mg/m2,6,6
S0147,lenalidomide,4,25 mg,21,21
S0147,dexamethasone,4,40 mg,4,4
S0147,carfilzomib,5,27 mg/m2,6,6
S0147,lenalidomide,5,25 mg,21,21
S0147,dexamethasone,5,40 mg,4,4
S0147,carfilzomib,6,27 mg/m2,6,6
S0147,lenalidomide,6,25 mg,21,21
S0147,dexamethasone,6,40 mg,4,4
S0147,carfilzomib,7,27 mg/m2,6,6
S0147,lenalidomide,7,25 mg,21,21
S0147,dexamethasone,7,40 mg,4,4
S0147,carfilzomib,8,27 mg/m2,6,6
S0147,lenalidomide,8,25 mg,21,21
S0147,dexamethasone,8,40 mg,4,4
S0147,carfilzomib,9,27 mg/m2,6,5
S0147,lenalidomide,9,25 mg,21,21
S0147,dexamethasone,9,40 mg,4,4
S0147,carfilzomib,10,27 mg/m2,6,6
S0147,lenalidomide,10,25 mg,21,21
S0147,dexamethasone,10,40 mg,4,4
S0147,carfilzomib,11,27 mg/m2,6,5
S0147,lenalidomide,11,25 mg,21,21
S0147,dexamethasone,11,40 mg,4,4
S0147,carfilzomib,12,27 mg/m2,6,6
S0147,lenalidomide,12,25 mg,21,21
S0147,dexamethasone,12,40 mg,4,4
S0148,carfilzomib,1,20 mg/m2 then 27 mg/m2,6,6
S0148,lenalidomide,1,25 mg,21,21
S0148,dexamethasone,1,40 mg,4,4
S0148,carfilzomib,2,27 mg/m2,6,6
S0148,lenalidomide,2,25 mg,21,21
S0148,dexamethasone,2,40 mg,4,4
S0148,carfilzomib,3,27 mg/m2,6,6
S0148,lenalidomide,3,25 mg,21,21
S0148,dexamethasone,3,40 mg,4,4
S0148,carfilzomib,4,27 mg/m2,6,6
S0148,lenalidomide,4,25 mg,21,21
S0148,dexamethasone,4,40 mg,4,4
S0148,carfilzomib,5,27 mg/m2,6,6
S0148,lenalidomide,5,25 mg,21,21
S0148,dexamethasone,5,40 mg,4,4
S0148,carfilzomib,6,27 mg/m2,6,6
S0148,lenalidomide,6,25 mg,21,21
S0148,dexamethasone,6,40 mg,4,4
S0148,carfilzomib,7,27 mg/m2,6,6
S0148,lenalidomide,7,25 mg,21,21
S0148,dexamethasone,7,40 mg,4,4
S0148,carfilzomib,8,27 mg/m2,6,6
S0148,lenalidomide,8,25 mg,21,21
S0148,dexamethasone,8,40 mg,4,4
S0148,carfilzomib,9,27 mg/m2,6,4
S0148,lenalidomide,9,25 mg,21,21
S0148,dexamethasone,9,40 mg,4,4
S0148,carfilzomib,10,27 mg/m2,6,6
S0148,lenalidomide,10,25 mg,21,21
S0148,dexamethasone,10,40 mg,4,4
S0148,carfilzomib,11,27 mg/m2,6,6
S0148,lenalidomide,11,25 mg,21,21
S0148,dexamethasone,11,40 mg,4,4
S0148,carfilzomib,12,27 mg/m2,6,6
S0148,lenalidomide,12,25 mg,21,21
S0148,dexamethasone,12,40 mg,4,4
S0149,carfilzomib,1,20 mg/m2 then 56 mg/m2,3,3
S0149,lenalidomide,1,25 mg,21,21
S0149,dexamethasone,1,40 mg,4,4
S0149,carfilzomib,2,56 mg/m2,3,3
S0149,lenalidomide,2,25 mg,21,21
S0149,dexamethasone,2,40 mg,4,4
S0149,carfilzomib,3,56 mg/m2,3,3
S0149,lenalidomide,3,25 mg,21,21
S0149,dexamethasone,3,40 mg,4,4
S0149,carfilzomib,4,56 mg/m2,3,3
S0149,lenalidomide,4,25 mg,21,21
S0149,dexamethasone,4,40 mg,4,4
S0149,carfilzomib,5,56 mg/m2,3,3
S0149,lenalidomide,5,25 mg,21,21
S0149,dexamethasone,5,40 mg,4,4
S0149,carfilzomib,6,56 mg/m2,3,3
S0149,lenalidomide,6,25 mg,21,21
S0149,dexamethasone,6,40 mg,4,4
S0149,carfilzomib,7,56 mg/m2,3,3
S0149,lenalidomide,7,25 mg,21,21
S0149,dexamethasone,7,40 mg,4,4
S0149,carfilzomib,8,56 mg/m2,3,2
S0149,lenalidomide,8,25 mg,21,21
S0149,dexamethasone,8,40 mg,4,4
S0149,carfilzomib,9,56 mg/m2,3,3
S0149,lenalidomide,9,25 mg,21,21
S0149,dexamethasone,9,40 mg,4,4
S0149,carfilzomib,10,56 mg/m2,3,3
S0149,lenalidomide,10,25 mg,21,21
S0149,dexamethasone,10,40 mg,4,4
S0149,carfilzomib,11,56 mg/m2,3,3
S0149,lenalidomide,11,25 mg,21,21
S0149,dexamethasone,11,40 mg,4,4
S0149,carfilzomib,12,56 mg/m2,3,2
S0149,lenalidomide,12,25 mg,21,21
S0149,dexamethasone,12,40 mg,4,4
S0150,carfilzomib,1,20 mg/m2 then 27 mg/m2,6,6
S0150,lenalidomide,1,25 mg,21,21
S0150,dexamethasone,1,40 mg,4,4
S0150,carfilzomib,2,27 mg/m2,6,6
S0150,lenalidomide,2,25 mg,21,21
S0150,dexamethasone,2,40 mg,4,4
S0150,carfilzomib,3,27 mg/m2,6,6
S0150,lenalidomide,3,25 mg,21,21
S0150,dexamethasone,3,40 mg,4,4
S0150,carfilzomib,4,27 mg/m2,6,6
S0150,lenalidomide,4,25 mg,21,21
S0150,dexamethasone,4,40 mg,4,4
S0150,carfilzomib,5,27 mg/m2,6,6
S0150,lenalidomide,5,25 mg,21,21
S0150,dexamethasone,5,40 mg,4,4
S0150,carfilzomib,6,27 mg/m2,6,6
S0150,lenalidomide,6,25 mg,21,21
S0150,dexamethasone,6,40 mg,4,4
S0150,carfilzomib,7,27 mg/m2,6,6
S0150,lenalidomide,7,25 mg,21,21
S0150,dexamethasone,7,40 mg,4,4
S0150,carfilzomib,8,27 mg/m2,6,6
S0150,lenalidomide,8,25 mg,21,21
S0150,dexamethasone,8,40 mg,4,4
S0150,carfilzomib,9,27 mg/m2,6,6
S0150,lenalidomide,9,25 mg,21,21
S0150,dexamethasone,9,40 mg,4,4
S0150,carfilzomib,10,27 mg/m2,6,6
S0150,lenalidomide,10,25 mg,21,21
S0150,dexamethasone,10,40 mg,4,4
S0150,carfilzomib,11,27 mg/m2,6,6
S0150,lenalidomide,11,25 mg,21,21
S0150,dexamethasone,11,40 mg,4,4
S0150,carfilzomib,12,27 mg/m2,6,6
S0150,lenalidomide,12,25 mg,21,21
S0150,dexamethasone,12,40 mg,4,4
S0151,carfilzomib,1,20 mg/m2 then 56 mg/m2,3,3
S0151,lenalidomide,1,25 mg,21,21
S0151,dexamethasone,1,40 mg,4,4
S0151,carfilzomib,2,56 mg/m2,3,3
S0151,lenalidomide,2,25 mg,21,21
S0151,dexamethasone,2,40 mg,4,4
S0151,carfilzomib,3,56 mg/m2,3,3
S0151,lenalidomide,3,25 mg,21,21
S0151,dexamethasone,3,40 mg,4,4
S0151,carfilzomib,4,56 mg/m2,3,3
S0151,lenalidomide,4,25 mg,21,21
S0151,dexamethasone,4,40 mg,4,4
S0151,carfilzomib,5,56 mg/m2,3,3
S0151,lenalidomide,5,25 mg,21,21
S0151,dexamethasone,5,40 mg,4,4
S0151,carfilzomib,6,56 mg/m2,3,3
S0151,lenalidomide,6,25 mg,21,21
S0151,dexamethasone,6,40 mg,4,4
S0151,carfilzomib,7,56 mg/m2,3,3
S0151,lenalidomide,7,25 mg,21,21
S0151,dexamethasone,7,40 mg,4,4
S0151,carfilzomib,8,56 mg/m2,3,3
S0151,lenalidomide,8,25 mg,21,21
S0151,dexamethasone,8,40 mg,4,4
S0151,carfilzomib,9,56 mg/m2,3,3
S0151,lenalidomide,9,25 mg,21,21
S0151,dexamethasone,9,40 mg,4,4
S0151,carfilzomib,10,56 mg/m2,3,3
S0151,lenalidomide,10,25 mg,21,21
S0151,dexamethasone,10,40 mg,4,4
S0151,carfilzomib,11,56 mg/m2,3,3
S0151,lenalidomide,11,25 mg,21,21
S0151,dexamethasone,11,40 mg,4,4
S0151,carfilzomib,12,56 mg/m2,3,3
S0151,lenalidomide,12,25 mg,21,21
S0151,dexamethasone,12,40 mg,4,4
S0152,carfilzomib,1,20 mg/m2 then 56 mg/m2,3,3
S0152,lenalidomide,1,25 mg,21,21
S0152,dexamethasone,1,40 mg,4,4
S0152,carfilzomib,2,56 mg/m2,3,2
S0152,lenalidomide,2,25 mg,21,21
S0152,dexamethasone,2,40 mg,4,4
S0152,carfilzomib,3,56 mg/m2,3,3
S0152,lenalidomide,3,25 mg,21,21
S0152,dexamethasone,3,40 mg,4,4
S0152,carfilzomib,4,56 mg/m2,3,3
S0152,lenalidomide,4,25 mg,21,21
S0152,dexamethasone,4,40 mg,4,4
S0152,carfilzomib,5,56 mg/m2,3,3
S0152,lenalidomide,5,25 mg,21,21
S0152,dexamethasone,5,40 mg,4,4
S0152,carfilzomib,6,56 mg/m2,3,3
S0152,lenalidomide,6,25 mg,21,21
S0152,dexamethasone,6,40 mg,4,4
S0152,carfilzomib,7,56 mg/m2,3,3
S0152,lenalidomide,7,25 mg,21,21
S0152,dexamethasone,7,40 mg,4,4
S0152,carfilzomib,8,56 mg/m2,1,1
S0152,lenalidomide,8,25 mg,1,1
S0152,dexamethasone,8,40 mg,1,1
S0153,carfilzomib,1,20 mg/m2 then 56 mg/m2,3,3
S0153,lenalidomide,1,25 mg,21,21
S0153,dexamethasone,1,40 mg,4,4
S0153,carfilzomib,2,56 mg/m2,3,3
S0153,lenalidomide,2,25 mg,21,21
S0153,dexamethasone,2,40 mg,4,4
S0153,carfilzomib,3,56 mg/m2,3,2
S0153,lenalidomide,3,25 mg,21,21
S0153,dexamethasone,3,40 mg,4,4
S0153,carfilzomib,4,56 mg/m2,3,3
S0153,lenalidomide,4,25 mg,21,21
S0153,dexamethasone,4,40 mg,4,4
S0153,carfilzomib,5,56 mg/m2,3,3
S0153,lenalidomide,5,25 mg,21,21
S0153,dexamethasone,5,40 mg,4,4
S0153,carfilzomib,6,56 mg/m2,3,3
S0153,lenalidomide,6,25 mg,21,21
S0153,dexamethasone,6,40 mg,4,4
S0153,carfilzomib,7,56 mg/m2,3,3
S0153,lenalidomide,7,25 mg,21,21
S0153,dexamethasone,7,40 mg,4,4
S0153,carfilzomib,8,56 mg/m2,3,3
S0153,lenalidomide,8,25 mg,21,21
S0153,dexamethasone,8,40 mg,4,4
S0153,carfilzomib,9,56 mg/m2,3,2
S0153,lenalidomide,9,25 mg,21,21
S0153,dexamethasone,9,40 mg,4,4
S0153,carfilzomib,10,56 mg/m2,3,3
S0153,lenalidomide,10,25 mg,21,21
S0153,dexamethasone,10,40 mg,4,4
S0153,carfilzomib,11,56 mg/m2,3,3
S0153,lenalidomide,11,25 mg,21,21
S0153,dexamethasone,11,40 mg,4,4
S0153,carfilzomib,12,56 mg/m2,3,3
S0153,lenalidomide,12,25 mg,21,21
S0153,dexamethasone,12,40 mg,4,4
S0154,carfilzomib,1,20 mg/m2 then 27 mg/m2,6,6
S0154,lenalidomide,1,25 mg,21,21
S0154,dexamethasone,1,40 mg,4,4
S0154,carfilzomib,2,27 mg/m2,6,6
S0154,lenalidomide,2,25 mg,21,21
S0154,dexamethasone,2,40 mg,4,4
S0154,carfilzomib,3,27 mg/m2,6,6
S0154,lenalidomide,3,25 mg,21,21
S0154,dexamethasone,3,40 mg,4,4
S0154,carfilzomib,4,27 mg/m2,6,6
S0154,lenalidomide,4,25 mg,21,21
S0154,dexamethasone,4,40 mg,4,4
S0154,carfilzomib,5,27 mg/m2,6,6
S0154,lenalidomide,5,25 mg,21,21
S0154,dexamethasone,5,40 mg,4,4
S0154,carfilzomib,6,27 mg/m2,6,6
S0154,lenalidomide,6,25 mg,21,21
S0154,dexamethasone,6,40 mg,4,4
S0154,carfilzomib,7,27 mg/m2,6,6
S0154,lenalidomide,7,25 mg,21,21
S0154,dexamethasone,7,40 mg,4,4
S0154,carfilzomib,8,27 mg/m2,6,6
S0154,lenalidomide,8,25 mg,21,21
S0154,dexamethasone,8,40 mg,4,4
S0154,carfilzomib,9,27 mg/m2,6,6
S0154,lenalidomide,9,25 mg,21,21
S0154,dexamethasone,9,40 mg,4,4
S0154,carfilzomib,10,27 mg/m2,6,6
S0154,lenalidomide,10,25 mg,21,21
S0154,dexamethasone,10,40 mg,4,4
S0154,carfilzomib,11,27 mg/m2,6,6
S0154,lenalidomide,11,25 mg,21,21
S0154,dexamethasone,11,40 mg,4,4
S0154,carfilzomib,12,27 mg/m2,6,6
S0154,lenalidomide,12,25 mg,21,21
S0154,dexamethasone,12,40 mg,4,4
S0155,carfilzomib,1,20 mg/m2 then 27 mg/m2,6,6
S0155,lenalidomide,1,25 mg,21,21
S0155,dexamethasone,1,40 mg,4,4
S0155,carfilzomib,2,27 mg/m2,6,6
S0155,lenalidomide,2,25 mg,21,21
S0155,dexamethasone,2,40 mg,4,4
S0155,carfilzomib,3,27 mg/m2,6,6
S0155,lenalidomide,3,25 mg,21,21
S0155,dexamethasone,3,40 mg,4,4
S0155,carfilzomib,4,27 mg/m2,6,6
S0155,lenalidomide,4,25 mg,21,21
S0155,dexamethasone,4,40 mg,4,4
S0155,carfilzomib,5,27 mg/m2,6,6
S0155,lenalidomide,5,25 mg,21,21
S0155,dexamethasone,5,40 mg,4,4
S0155,carfilzomib,6,27 mg/m2,6,6
S0155,lenalidomide,6,25 mg,21,21
S0155,dexamethasone,6,40 mg,4,4
S0155,carfilzomib,7,27 mg/m2,6,6
S0155,lenalidomide,7,25 mg,21,21
S0155,dexamethasone,7,40 mg,4,4
S0155,carfilzomib,8,27 mg/m2,6,5
S0155,lenalidomide,8,25 mg,21,21
S0155,dexamethasone,8,40 mg,4,4
S0155,carfilzomib,9,27 mg/m2,6,6
S0155,lenalidomide,9,25 mg,21,21
S0155,dexamethasone,9,40 mg,4,4
S0155,carfilzomib,10,27 mg/m2,6,6
S0155,lenalidomide,10,25 mg,21,21
S0155,dexamethasone,10,40 mg,4,4
S0155,carfilzomib,11,27 mg/m2,6,6
S0155,lenalidomide,11,25 mg,21,21
S0155,dexamethasone,11,40 mg,4,4
S0155,carfilzomib,12,27 mg/m2,6,6
S0155,lenalidomide,12,25 mg,21,21
S0155,dexamethasone,12,40 mg,4,4
S0156,carfilzomib,1,20 mg/m2 then 56 mg/m2,3,3
S0156,lenalidomide,1,25 mg,21,21
S0156,dexamethasone,1,40 mg,4,4
S0156,carfilzomib,2,56 mg/m2,3,2
S0156,lenalidomide,2,25 mg,21,21
S0156,dexamethasone,2,40 mg,4,4
S0156,carfilzomib,3,56 mg/m2,3,3
S0156,lenalidomide,3,25 mg,21,21
S0156,dexamethasone,3,40 mg,4,4
S0156,carfilzomib,4,56 mg/m2,3,2
S0156,lenalidomide,4,25 mg,21,21
S0156,dexamethasone,4,40 mg,4,4
S0156,carfilzomib,5,56 mg/m2,3,3
S0156,lenalidomide,5,25 mg,21,21
S0156,dexamethasone,5,40 mg,4,4
S0156,carfilzomib,6,56 mg/m2,3,3
S0156,lenalidomide,6,25 mg,21,21
S0156,dexamethasone,6,40 mg,4,4
S0156,carfilzomib,7,56 mg/m2,3,3
S0156,lenalidomide,7,25 mg,21,21
S0156,dexamethasone,7,40 mg,4,4
S0156,carfilzomib,8,56 mg/m2,3,3
S0156,lenalidomide,8,25 mg,21,21
S0156,dexamethasone,8,40 mg,4,4
S0156,carfilzomib,9,56 mg/m2,3,3
S0156,lenalidomide,9,25 mg,21,21
S0156,dexamethasone,9,40 mg,4,4
S0156,carfilzomib,10,56 mg/m2,2,2
S0156,lenalidomide,10,25 mg,9,9
S0156,dexamethasone,10,40 mg,2,2
S0157,carfilzomib,1,20 mg/m2 then 56 mg/m2,3,3
S0157,lenalidomide,1,25 mg,21,21
S0157,dexamethasone,1,40 mg,4,4
S0157,carfilzomib,2,56 mg/m2,3,3
S0157,lenalidomide,2,25 mg,21,21
S0157,dexamethasone,2,40 mg,4,4
S0157,carfilzomib,3,56 mg/m2,3,3
S0157,lenalidomide,3,25 mg,21,21
S0157,dexamethasone,3,40 mg,4,4
S0157,carfilzomib,4,56 mg/m2,3,3
S0157,lenalidomide,4,25 mg,21,21
S0157,dexamethasone,4,40 mg,4,4
S0157,carfilzomib,5,56 mg/m2,3,3
S0157,lenalidomide,5,25 mg,21,21
S0157,dexamethasone,5,40 mg,4,4
S0157,carfilzomib,6,56 mg/m2,3,3
S0157,lenalidomide,6,25 mg,21,21
S0157,dexamethasone,6,40 mg,4,4
S0157,carfilzomib,7,56 mg/m2,3,3
S0157,lenalidomide,7,25 mg,21,21
S0157,dexamethasone,7,40 mg,4,4
S0157,carfilzomib,8,56 mg/m2,3,3
S0157,lenalidomide,8,25 mg,21,21
S0157,dexamethasone,8,40 mg,4,4
S0157,carfilzomib,9,56 mg/m2,3,3
S0157,lenalidomide,9,25 mg,21,21
S0157,dexamethasone,9,40 mg,4,4
S0157,carfilzomib,10,56 mg/m2,3,3
S0157,lenalidomide,10,25 mg,21,21
S0157,dexamethasone,10,40 mg,4,4
S0157,carfilzomib,11,56 mg/m2,3,3
S0157,lenalidomide,11,25 mg,21,21
S0157,dexamethasone,11,40 mg,4,4
S0157,carfilzomib,12,56 mg/m2,3,3
S0157,lenalidomide,12,25 mg,21,21
S0157,dexamethasone,12,40 mg,4,4
S0158,carfilzomib,1,20 mg/m2 then 56 mg/m2,3,3
S0158,lenalidomide,1,25 mg,21,21
S0158,dexamethasone,1,40 mg,4,4
S0158,carfilzomib,2,56 mg/m2,3,3
S0158,lenalidomide,2,25 mg,21,21
S0158,dexamethasone,2,40 mg,4,4
S0158,carfilzomib,3,56 mg/m2,3,3
S0158,lenalidomide,3,25 mg,21,21
S0158,dexamethasone,3,40 mg,4,4
S0158,carfilzomib,4,56 mg/m2,3,3
S0158,lenalidomide,4,25 mg,21,21
S0158,dexamethasone,4,40 mg,4,4
S0158,carfilzomib,5,56 mg/m2,3,3
S0158,lenalidomide,5,25 mg,21,21
S0158,dexamethasone,5,40 mg,4,4
S0158,carfilzomib,6,56 mg/m2,3,3
S0158,lenalidomide,6,25 mg,21,21
S0158,dexamethasone,6,40 mg,4,4
S0158,carfilzomib,7,56 mg/m2,3,3
S0158,lenalidomide,7,25 mg,21,21
S0158,dexamethasone,7,40 mg,4,4
S0158,carfilzomib,8,56 mg/m2,3,3
S0158,lenalidomide,8,25 mg,21,21
S0158,dexamethasone,8,40 mg,4,4
S0158,carfilzomib,9,56 mg/m2,3,3
S0158,lenalidomide,9,25 mg,21,21
S0158,dexamethasone,9,40 mg,4,4
S0158,carfilzomib,10,56 mg/m2,3,3
S0158,lenalidomide,10,25 mg,21,21
S0158,dexamethasone,10,40 mg,4,4
S0158,carfilzomib,11,56 mg/m2,3,3
S0158,lenalidomide,11,25 mg,21,21
S0158,dexamethasone,11,40 mg,4,4
S0158,carfilzomib,12,56 mg/m2,3,3
S0158,lenalidomide,12,25 mg,21,21
S0158,dexamethasone,12,40 mg,4,4
S0159,carfilzomib,1,20 mg/m2 then 56 mg/m2,3,3
S0159,lenalidomide,1,25 mg,21,21
S0159,dexamethasone,1,40 mg,4,4
S0159,carfilzomib,2,56 mg/m2,3,3
S0159,lenalidomide,2,25 mg,21,21
S0159,dexamethasone,2,40 mg,4,4
S0159,carfilzomib,3,56 mg/m2,1,1
S0159,lenalidomide,3,25 mg,1,1
S0159,dexamethasone,3,40 mg,1,1
S0160,carfilzomib,1,20 mg/m2 then 27 mg/m2,6,6
S0160,lenalidomide,1,25 mg,21,21
S0160,dexamethasone,1,40 mg,4,4
S0160,carfilzomib,2,27 mg/m2,6,6
S0160,lenalidomide,2,25 mg,21,21
S0160,dexamethasone,2,40 mg,4,4
S0160,carfilzomib,3,27 mg/m2,6,6
S0160,lenalidomide,3,25 mg,21,21
S0160,dexamethasone,3,40 mg,4,4
S0160,carfilzomib,4,27 mg/m2,6,6
S0160,lenalidomide,4,25 mg,21,21
S0160,dexamethasone,4,40 mg,4,4
S0160,carfilzomib,5,27 mg/m2,6,6
S0160,lenalidomide,5,25 mg,21,21
S0160,dexamethasone,5,40 mg,4,4
S0160,carfilzomib,6,27 mg/m2,6,6
S0160,lenalidomide,6,25 mg,21,21
S0160,dexamethasone,6,40 mg,4,4
S0160,carfilzomib,7,27 mg/m2,6,6
S0160,lenalidomide,7,25 mg,21,21
S0160,dexamethasone,7,40 mg,4,4
S0160,carfilzomib,8,27 mg/m2,6,6
S0160,lenalidomide,8,25 mg,21,21
S0160,dexamethasone,8,40 mg,4,4
S0160,carfilzomib,9,27 mg/m2,6,6
S0160,lenalidomide,9,25 mg,21,21
S0160,dexamethasone,9,40 mg,4,4
S0160,carfilzomib,10,27 mg/m2,6,6
S0160,lenalidomide,10,25 mg,21,21
S0160,dexamethasone,10,40 mg,4,4
S0160,carfilzomib,11,27 mg/m2,6,6
S0160,lenalidomide,11,25 mg,21,21
S0160,dexamethasone,11,40 mg,4,4
S0160,carfilzomib,12,27 mg/m2,6,6
S0160,lenalidomide,12,25 mg,21,21
S0160,dexamethasone,12,40 mg,4,4
S0161,carfilzomib,1,20 mg/m2 then 27 mg/m2,6,6
S0161,lenalidomide,1,25 mg,21,21
S0161,dexamethasone,1,40 mg,4,4
S0161,carfilzomib,2,27 mg/m2,6,6
S0161,lenalidomide,2,25 mg,21,21
S0161,dexamethasone,2,40 mg,4,4
S0161,carfilzomib,3,27 mg/m2,6,6
S0161,lenalidomide,3,25 mg,21,21
S0161,dexamethasone,3,40 mg,4,4
S0161,carfilzomib,4,27 mg/m2,6,5
S0161,lenalidomide,4,25 mg,21,21
S0161,dexamethasone,4,40 mg,4,4
S0161,carfilzomib,5,27 mg/m2,6,6
S0161,lenalidomide,5,25 mg,21,21
S0161,dexamethasone,5,40 mg,4,4
S0161,carfilzomib,6,27 mg/m2,6,6
S0161,lenalidomide,6,25 mg,21,21
S0161,dexamethasone,6,40 mg,4,4
S0161,carfilzomib,7,27 mg/m2,2,2
S0161,lenalidomide,7,25 mg,5,5
S0161,dexamethasone,7,40 mg,1,1
S0162,carfilzomib,1,20 mg/m2 then 56 mg/m2,3,3
S0162,lenalidomide,1,25 mg,21,21
S0162,dexamethasone,1,40 mg,4,4
S0162,carfilzomib,2,56 mg/m2,3,3
S0162,lenalidomide,2,25 mg,21,21
S0162,dexamethasone,2,40 mg,4,4
S0162,carfilzomib,3,56 mg/m2,3,3
S0162,lenalidomide,3,25 mg,21,21
S0162,dexamethasone,3,40 mg,4,4
S0162,carfilzomib,4,56 mg/m2,3,3
S0162,lenalidomide,4,25 mg,21,21
S0162,dexamethasone,4,40 mg,4,4
S0162,carfilzomib,5,56 mg/m2,3,3
S0162,lenalidomide,5,25 mg,21,21
S0162,dexamethasone,5,40 mg,4,4
S0162,carfilzomib,6,56 mg/m2,3,2
S0162,lenalidomide,6,25 mg,21,21
S0162,dexamethasone,6,40 mg,4,4
S0162,carfilzomib,7,56 mg/m2,3,3
S0162,lenalidomide,7,25 mg,21,21
S0162,dexamethasone,7,40 mg,4,4
S0162,carfilzomib,8,56 mg/m2,3,3
S0162,lenalidomide,8,25 mg,21,21
S0162,dexamethasone,8,40 mg,4,4
S0162,carfilzomib,9,56 mg/m2,3,3
S0162,lenalidomide,9,25 mg,21,21
S0162,dexamethasone,9,40 mg,4,4
S0162,carfilzomib,10,56 mg/m2,3,3
S0162,lenalidomide,10,25 mg,21,21
S0162,dexamethasone,10,40 mg,4,4
S0162,carfilzomib,11,56 mg/m2,3,3
S0162,lenalidomide,11,25 mg,21,21
S0162,dexamethasone,11,40 mg,4,4
S0162,carfilzomib,12,56 mg/m2,3,3
S0162,lenalidomide,12,25 mg,21,21
S0162,dexamethasone,12,40 mg,4,4
S0163,carfilzomib,1,20 mg/m2 then 56 mg/m2,3,3
S0163,lenalidomide,1,25 mg,21,21
S0163,dexamethasone,1,40 mg,4,4
S0163,carfilzomib,2,56 mg/m2,3,3
S0163,lenalidomide,2,25 mg,21,21
S0163,dexamethasone,2,40 mg,4,4
S0163,carfilzomib,3,56 mg/m2,3,3
S0163,lenalidomide,3,25 mg,21,21
S0163,dexamethasone,3,40 mg,4,4
S0163,carfilzomib,4,56 mg/m2,3,3
S0163,lenalidomide,4,25 mg,21,21
S0163,dexamethasone,4,40 mg,4,4
S0163,carfilzomib,5,56 mg/m2,3,3
S0163,lenalidomide,5,25 mg,21,21
S0163,dexamethasone,5,40 mg,4,4
S0163,carfilzomib,6,56 mg/m2,3,3
S0163,lenalidomide,6,25 mg,21,21
S0163,dexamethasone,6,40 mg,4,4
S0163,carfilzomib,7,56 mg/m2,3,3
S0163,lenalidomide,7,25 mg,21,21
S0163,dexamethasone,7,40 mg,4,4
S0163,carfilzomib,8,56 mg/m2,3,3
S0163,lenalidomide,8,25 mg,21,21
S0163,dexamethasone,8,40 mg,4,4
S0163,carfilzomib,9,56 mg/m2,3,3
S0163,lenalidomide,9,25 mg,21,21
S0163,dexamethasone,9,40 mg,4,4
S0163,carfilzomib,10,56 mg/m2,3,3
S0163,lenalidomide,10,25 mg,21,21
S0163,dexamethasone,10,40 mg,4,4
S0163,carfilzomib,11,56 mg/m2,3,3
S0163,lenalidomide,11,25 mg,21,21
S0163,dexamethasone,11,40 mg,4,4
S0163,carfilzomib,12,56 mg/m2,3,2
S0163,lenalidomide,12,25 mg,21,21
S0163,dexamethasone,12,40 mg,4,4
S0164,carfilzomib,1,20 mg/m2 then 27 mg/m2,6,6
S0164,lenalidomide,1,25 mg,21,21
S0164,dexamethasone,1,40 mg,4,4
S0164,carfilzomib,2,27 mg/m2,6,6
S0164,lenalidomide,2,25 mg,21,21
S0164,dexamethasone,2,40 mg,4,4
S0164,carfilzomib,3,27 mg/m2,6,6
S0164,lenalidomide,3,25 mg,21,21
S0164,dexamethasone,3,40 mg,4,4
S0164,carfilzomib,4,27 mg/m2,6,6
S0164,lenalidomide,4,25 mg,21,21
S0164,dexamethasone,4,40 mg,4,4
S0164,carfilzomib,5,27 mg/m2,6,6
S0164,lenalidomide,5,25 mg,21,21
S0164,dexamethasone,5,40 mg,4,4
S0164,carfilzomib,6,27 mg/m2,6,6
S0164,lenalidomide,6,25 mg,21,21
S0164,dexamethasone,6,40 mg,4,4
S0164,carfilzomib,7,27 mg/m2,6,6
S0164,lenalidomide,7,25 mg,21,21
S0164,dexamethasone,7,40 mg,4,4
S0164,carfilzomib,8,27 mg/m2,6,6
S0164,lenalidomide,8,25 mg,21,21
S0164,dexamethasone,8,40 mg,4,4
S0164,carfilzomib,9,27 mg/m2,6,6
S0164,lenalidomide,9,25 mg,21,21
S0164,dexamethasone,9,40 mg,4,4
S0164,carfilzomib,10,27 mg/m2,6,6
S0164,lenalidomide,10,25 mg,21,21
S0164,dexamethasone,10,40 mg,4,4
S0164,carfilzomib,11,27 mg/m2,6,6
S0164,lenalidomide,11,25 mg,21,21
S0164,dexamethasone,11,40 mg,4,4
S0164,carfilzomib,12,27 mg/m2,6,6
S0164,lenalidomide,12,25 mg,21,21
S0164,dexamethasone,12,40 mg,4,4
S0165,carfilzomib,1,20 mg/m2 then 27 mg/m2,6,6
S0165,lenalidomide,1,25 mg,21,21
S0165,dexamethasone,1,40 mg,4,4
S0165,carfilzomib,2,27 mg/m2,6,6
S0165,lenalidomide,2,25 mg,21,21
S0165,dexamethasone,2,40 mg,4,4
S0165,carfilzomib,3,27 mg/m2,6,6
S0165,lenalidomide,3,25 mg,21,21
S0165,dexamethasone,3,40 mg,4,4
S0165,carfilzomib,4,27 mg/m2,6,6
S0165,lenalidomide,4,25 mg,21,21
S0165,dexamethasone,4,40 mg,4,4
S0165,carfilzomib,5,27 mg/m2,6,6
S0165,lenalidomide,5,25 mg,21,21
S0165,dexamethasone,5,40 mg,4,4
S0165,carfilzomib,6,27 mg/m2,6,6
S0165,lenalidomide,6,25 mg,21,21
S0165,dexamethasone,6,40 mg,4,4
S0165,carfilzomib,7,27 mg/m2,6,6
S0165,lenalidomide,7,25 mg,21,21
S0165,dexamethasone,7,40 mg,4,4
S0165,carfilzomib,8,27 mg/m2,6,6
S0165,lenalidomide,8,25 mg,21,21
S0165,dexamethasone,8,40 mg,4,4
S0165,carfilzomib,9,27 mg/m2,6,6
S0165,lenalidomide,9,25 mg,21,21
S0165,dexamethasone,9,40 mg,4,4
S0165,carfilzomib,10,27 mg/m2,6,6
S0165,lenalidomide,10,25 mg,21,21
S0165,dexamethasone,10,40 mg,4,4
S0165,carfilzomib,11,27 mg/m2,6,6
S0165,lenalidomide,11,25 mg,21,21
S0165,dexamethasone,11,40 mg,4,4
S0165,carfilzomib,12,27 mg/m2,6,5
S0165,lenalidomide,12,25 mg,21,21
S0165,dexamethasone,12,40 mg,4,4
S0166,carfilzomib,1,20 mg/m2 then 56 mg/m2,3,3
S0166,lenalidomide,1,25 mg,21,21
S0166,dexamethasone,1,40 mg,4,4
S0166,carfilzomib,2,56 mg/m2,3,3
S0166,lenalidomide,2,25 mg,21,21
S0166,dexamethasone,2,40 mg,4,4
S0166,carfilzomib,3,56 mg/m2,3,3
S0166,lenalidomide,3,25 mg,21,21
S0166,dexamethasone,3,40 mg,4,4
S0166,carfilzomib,4,56 mg/m2,3,2
S0166,lenalidomide,4,25 mg,21,21
S0166,dexamethasone,4,40 mg,4,4
S0166,carfilzomib,5,56 mg/m2,3,3
S0166,lenalidomide,5,25 mg,21,21
S0166,dexamethasone,5,40 mg,4,4
S0166,carfilzomib,6,56 mg/m2,3,3
S0166,lenalidomide,6,25 mg,21,21
S0166,dexamethasone,6,40 mg,4,4
S0166,carfilzomib,7,56 mg/m2,1,1
S0166,lenalidomide,7,25 mg,1,1
S0166,dexamethasone,7,40 mg,1,1
S0167,carfilzomib,1,20 mg/m2 then 27 mg/m2,6,6
S0167,lenalidomide,1,25 mg,21,21
S0167,dexamethasone,1,40 mg,4,4
S0167,carfilzomib,2,27 mg/m2,6,6
S0167,lenalidomide,2,25 mg,21,21
S0167,dexamethasone,2,40 mg,4,4
S0167,carfilzomib,3,27 mg/m2,6,6
S0167,lenalidomide,3,25 mg,21,21
S0167,dexamethasone,3,40 mg,4,4
S0167,carfilzomib,4,27 mg/m2,6,6
S0167,lenalidomide,4,25 mg,21,21
S0167,dexamethasone,4,40 mg,4,4
S0167,carfilzomib,5,27 mg/m2,6,6
S0167,lenalidomide,5,25 mg,21,21
S0167,dexamethasone,5,40 mg,4,4
S0167,carfilzomib,6,27 mg/m2,6,5
S0167,lenalidomide,6,25 mg,21,21
S0167,dexamethasone,6,40 mg,4,4
S0167,carfilzomib,7,27 mg/m2,6,6
S0167,lenalidomide,7,25 mg,21,21
S0167,dexamethasone,7,40 mg,4,4
S0167,carfilzomib,8,27 mg/m2,6,6
S0167,lenalidomide,8,25 mg,21,21
S0167,dexamethasone,8,40 mg,4,4
S0167,carfilzomib,9,27 mg/m2,6,6
S0167,lenalidomide,9,25 mg,21,21
S0167,dexamethasone,9,40 mg,4,4
S0167,carfilzomib,10,27 mg/m2,6,6
S0167,lenalidomide,10,25 mg,21,21
S0167,dexamethasone,10,40 mg,4,4
S0167,carfilzomib,11,27 mg/m2,6,6
S0167,lenalidomide,11,25 mg,21,21
S0167,dexamethasone,11,40 mg,4,4
S0167,carfilzomib,12,27 mg/m2,6,6
S0167,lenalidomide,12,25 mg,21,21
S0167,dexamethasone,12,40 mg,4,4
S0168,carfilzomib,1,20 mg/m2 then 56 mg/m2,3,3
S0168,lenalidomide,1,25 mg,21,21
S0168,dexamethasone,1,40 mg,4,4
S0168,carfilzomib,2,56 mg/m2,3,3
S0168,lenalidomide,2,25 mg,21,21
S0168,dexamethasone,2,40 mg,4,4
S0168,carfilzomib,3,56 mg/m2,3,3
S0168,lenalidomide,3,25 mg,21,21
S0168,dexamethasone,3,40 mg,4,4
S0168,carfilzomib,4,56 mg/m2,3,3
S0168,lenalidomide,4,25 mg,21,21
S0168,dexamethasone,4,40 mg,4,4
S0168,carfilzomib,5,56 mg/m2,3,3
S0168,lenalidomide,5,25 mg,21,21
S0168,dexamethasone,5,40 mg,4,4
S0168,carfilzomib,6,56 mg/m2,3,3
S0168,lenalidomide,6,25 mg,21,21
S0168,dexamethasone,6,40 mg,4,4
S0168,carfilzomib,7,56 mg/m2,3,3
S0168,lenalidomide,7,25 mg,21,21
S0168,dexamethasone,7,40 mg,4,4
S0168,carfilzomib,8,56 mg/m2,3,3
S0168,lenalidomide,8,25 mg,21,21
S0168,dexamethasone,8,40 mg,4,4
S0168,carfilzomib,9,56 mg/m2,3,3
S0168,lenalidomide,9,25 mg,21,21
S0168,dexamethasone,9,40 mg,4,4
S0168,carfilzomib,10,56 mg/m2,3,3
S0168,lenalidomide,10,25 mg,21,21
S0168,dexamethasone,10,40 mg,4,4
S0168,carfilzomib,11,56 mg/m2,3,3
S0168,lenalidomide,11,25 mg,21,21
S0168,dexamethasone,11,40 mg,4,4
S0168,carfilzomib,12,56 mg/m2,3,3
S0168,lenalidomide,12,25 mg,21,21
S0168,dexamethasone,12,40 mg,4,4
S0169,carfilzomib,1,20 mg/m2 then 56 mg/m2,3,3
S0169,lenalidomide,1,25 mg,21,21
S0169,dexamethasone,1,40 mg,4,4
S0169,carfilzomib,2,56 mg/m2,3,1
S0169,lenalidomide,2,25 mg,17,17
S0169,dexamethasone,2,40 mg,3,3
S0170,carfilzomib,1,20 mg/m2 then 56 mg/m2,3,3
S0170,lenalidomide,1,25 mg,21,21
S0170,dexamethasone,1,40 mg,4,4
S0170,carfilzomib,2,56 mg/m2,3,3
S0170,lenalidomide,2,25 mg,21,21
S0170,dexamethasone,2,40 mg,4,4
S0170,carfilzomib,3,56 mg/m2,3,3
S0170,lenalidomide,3,25 mg,21,21
S0170,dexamethasone,3,40 mg,4,4
S0170,carfilzomib,4,56 mg/m2,3,3
S0170,lenalidomide,4,25 mg,21,21
S0170,dexamethasone,4,40 mg,4,4
S0170,carfilzomib,5,56 mg/m2,3,3
S0170,lenalidomide,5,25 mg,21,21
S0170,dexamethasone,5,40 mg,4,4
S0170,carfilzomib,6,56 mg/m2,3,3
S0170,lenalidomide,6,25 mg,21,21
S0170,dexamethasone,6,40 mg,4,4
S0170,carfilzomib,7,56 mg/m2,3,3
S0170,lenalidomide,7,25 mg,21,21
S0170,dexamethasone,7,40 mg,4,4
S0170,carfilzomib,8,56 mg/m2,3,3
S0170,lenalidomide,8,25 mg,21,21
S0170,dexamethasone,8,40 mg,4,4
S0170,carfilzomib,9,56 mg/m2,3,3
S0170,lenalidomide,9,25 mg,21,21
S0170,dexamethasone,9,40 mg,4,4
S0170,carfilzomib,10,56 mg/m2,3,3
S0170,lenalidomide,10,25 mg,21,21
S0170,dexamethasone,10,40 mg,4,4
S0170,carfilzomib,11,56 mg/m2,3,3
S0170,lenalidomide,11,25 mg,21,21
S0170,dexamethasone,11,40 mg,4,4
S0170,carfilzomib,12,56 mg/m2,3,3
S0170,lenalidomide,12,25 mg,21,21
S0170,dexamethasone,12,40 mg,4,4
S0171,carfilzomib,1,20 mg/m2 then 27 mg/m2,6,6
S0171,lenalidomide,1,25 mg,21,21
S0171,dexamethasone,1,40 mg,4,4
S0171,carfilzomib,2,27 mg/m2,6,6
S0171,lenalidomide,2,25 mg,21,21
S0171,dexamethasone,2,40 mg,4,4
S0171,carfilzomib,3,27 mg/m2,6,5
S0171,lenalidomide,3,25 mg,21,21
S0171,dexamethasone,3,40 mg,4,4
S0171,carfilzomib,4,27 mg/m2,6,6
S0171,lenalidomide,4,25 mg,21,21
S0171,dexamethasone,4,40 mg,4,4
S0171,carfilzomib,5,27 mg/m2,6,6
S0171,lenalidomide,5,25 mg,21,21
S0171,dexamethasone,5,40 mg,4,4
S0171,carfilzomib,6,27 mg/m2,6,6
S0171,lenalidomide,6,25 mg,21,21
S0171,dexamethasone,6,40 mg,4,4
S0171,carfilzomib,7,27 mg/m2,6,6
S0171,lenalidomide,7,25 mg,21,21
S0171,dexamethasone,7,40 mg,4,4
S0171,carfilzomib,8,27 mg/m2,6,6
S0171,lenalidomide,8,25 mg,21,21
S0171,dexamethasone,8,40 mg,4,4
S0171,carfilzomib,9,27 mg/m2,6,6
S0171,lenalidomide,9,25 mg,21,21
S0171,dexamethasone,9,40 mg,4,4
S0171,carfilzomib,10,27 mg/m2,6,6
S0171,lenalidomide,10,25 mg,21,21
S0171,dexamethasone,10,40 mg,4,4
S0171,carfilzomib,11,27 mg/m2,6,6
S0171,lenalidomide,11,25 mg,21,21
S0171,dexamethasone,11,40 mg,4,4
S0171,carfilzomib,12,27 mg/m2,6,6
S0171,lenalidomide,12,25 mg,21,21
S0171,dexamethasone,12,40 mg,4,4
S0172,carfilzomib,1,20 mg/m2 then 56 mg/m2,3,3
S0172,lenalidomide,1,25 mg,21,21
S0172,dexamethasone,1,40 mg,4,4
S0172,carfilzomib,2,56 mg/m2,3,3
S0172,lenalidomide,2,25 mg,21,21
S0172,dexamethasone,2,40 mg,4,4
S0172,carfilzomib,3,56 mg/m2,3,3
S0172,lenalidomide,3,25 mg,21,21
S0172,dexamethasone,3,40 mg,4,4
S0172,carfilzomib,4,56 mg/m2,3,3
S0172,lenalidomide,4,25 mg,21,21
S0172,dexamethasone,4,40 mg,4,4
S0172,carfilzomib,5,56 mg/m2,3,3
S0172,lenalidomide,5,25 mg,21,21
S0172,dexamethasone,5,40 mg,4,4
S0172,carfilzomib,6,56 mg/m2,3,3
S0172,lenalidomide,6,25 mg,21,21
S0172,dexamethasone,6,40 mg,4,4
S0172,carfilzomib,7,56 mg/m2,3,3
S0172,lenalidomide,7,25 mg,21,21
S0172,dexamethasone,7,40 mg,4,4
S0172,carfilzomib,8,56 mg/m2,3,3
S0172,lenalidomide,8,25 mg,21,21
S0172,dexamethasone,8,40 mg,4,4
S0172,carfilzomib,9,56 mg/m2,3,3
S0172,lenalidomide,9,25 mg,21,21
S0172,dexamethasone,9,40 mg,4,4
S0172,carfilzomib,10,56 mg/m2,3,3
S0172,lenalidomide,10,25 mg,21,21
S0172,dexamethasone,10,40 mg,4,4
S0172,carfilzomib,11,56 mg/m2,3,3
S0172,lenalidomide,11,25 mg,21,21
S0172,dexamethasone,11,40 mg,4,4
S0172,carfilzomib,12,56 mg/m2,3,3
S0172,lenalidomide,12,25 mg,21,21
S0172,dexamethasone,12,40 mg,4,4
S0173,carfilzomib,1,20 mg/m2 then 56 mg/m2,3,3
S0173,lenalidomide,1,25 mg,21,21
S0173,dexamethasone,1,40 mg,4,4
S0173,carfilzomib,2,56 mg/m2,3,3
S0173,lenalidomide,2,25 mg,21,21
S0173,dexamethasone,2,40 mg,4,4
S0173,carfilzomib,3,56 mg/m2,3,3
S0173,lenalidomide,3,25 mg,21,21
S0173,dexamethasone,3,40 mg,4,4
S0173,carfilzomib,4,56 mg/m2,3,3
S0173,lenalidomide,4,25 mg,21,21
S0173,dexamethasone,4,40 mg,4,4
S0173,carfilzomib,5,56 mg/m2,3,3
S0173,lenalidomide,5,25 mg,21,21
S0173,dexamethasone,5,40 mg,4,4
S0173,carfilzomib,6,56 mg/m2,3,3
S0173,lenalidomide,6,25 mg,21,21
S0173,dexamethasone,6,40 mg,4,4
S0173,carfilzomib,7,56 mg/m2,3,3
S0173,lenalidomide,7,25 mg,21,21
S0173,dexamethasone,7,40 mg,4,4
S0173,carfilzomib,8,56 mg/m2,3,3
S0173,lenalidomide,8,25 mg,21,21
S0173,dexamethasone,8,40 mg,4,4
S0173,carfilzomib,9,56 mg/m2,3,3
S0173,lenalidomide,9,25 mg,21,21
S0173,dexamethasone,9,40 mg,4,4
S0173,carfilzomib,10,56 mg/m2,3,3
S0173,lenalidomide,10,25 mg,21,21
S0173,dexamethasone,10,40 mg,4,4
S0173,carfilzomib,11,56 mg/m2,3,3
S0173,lenalidomide,11,25 mg,21,21
S0173,dexamethasone,11,40 mg,4,4
S0173,carfilzomib,12,56 mg/m2,3,3
S0173,lenalidomide,12,25 mg,21,21
S0173,dexamethasone,12,40 mg,4,4
S0174,carfilzomib,1,20 mg/m2 then 56 mg/m2,3,3
S0174,lenalidomide,1,25 mg,21,21
S0174,dexamethasone,1,40 mg,4,4
S0174,carfilzomib,2,56 mg/m2,3,3
S0174,lenalidomide,2,25 mg,21,21
S0174,dexamethasone,2,40 mg,4,4
S0174,carfilzomib,3,56 mg/m2,3,3
S0174,lenalidomide,3,25 mg,21,21
S0174,dexamethasone,3,40 mg,4,4
S0174,carfilzomib,4,56 mg/m2,3,3
S0174,lenalidomide,4,25 mg,21,21
S0174,dexamethasone,4,40 mg,4,4
S0174,carfilzomib,5,56 mg/m2,3,3
S0174,lenalidomide,5,25 mg,21,21
S0174,dexamethasone,5,40 mg,4,4
S0174,carfilzomib,6,56 mg/m2,1,1
S0174,lenalidomide,6,25 mg,1,1
S0174,dexamethasone,6,40 mg,1,1
S0175,carfilzomib,1,20 mg/m2 then 56 mg/m2,3,3
S0175,lenalidomide,1,25 mg,21,21
S0175,dexamethasone,1,40 mg,4,4
S0175,carfilzomib,2,56 mg/m2,3,3
S0175,lenalidomide,2,25 mg,21,21
S0175,dexamethasone,2,40 mg,4,4
S0175,carfilzomib,3,56 mg/m2,3,3
S0175,lenalidomide,3,25 mg,21,21
S0175,dexamethasone,3,40 mg,4,4
S0175,carfilzomib,4,56 mg/m2,3,3
S0175,lenalidomide,4,25 mg,21,21
S0175,dexamethasone,4,40 mg,4,4
S0175,carfilzomib,5,56 mg/m2,3,3
S0175,lenalidomide,5,25 mg,21,21
S0175,dexamethasone,5,40 mg,4,4
S0175,carfilzomib,6,56 mg/m2,3,3
S0175,lenalidomide,6,25 mg,21,21
S0175,dexamethasone,6,40 mg,4,4
S0175,carfilzomib,7,56 mg/m2,3,3
S0175,lenalidomide,7,25 mg,21,21
S0175,dexamethasone,7,40 mg,4,4
S0175,carfilzomib,8,56 mg/m2,3,3
S0175,lenalidomide,8,25 mg,21,21
S0175,dexamethasone,8,40 mg,4,4
S0175,carfilzomib,9,56 mg/m2,3,3
S0175,lenalidomide,9,25 mg,21,21
S0175,dexamethasone,9,40 mg,4,4
S0175,carfilzomib,10,56 mg/m2,3,3
S0175,lenalidomide,10,25 mg,21,21
S0175,dexamethasone,10,40 mg,4,4
S0175,carfilzomib,11,56 mg/m2,3,3
S0175,lenalidomide,11,25 mg,21,21
S0175,dexamethasone,11,40 mg,4,4
S0175,carfilzomib,12,56 mg/m2,3,3
S0175,lenalidomide,12,25 mg,21,21
S0175,dexamethasone,12,40 mg,4,4
S0176,carfilzomib,1,20 mg/m2 then 27 mg/m2,6,6
S0176,lenalidomide,1,25 mg,21,21
S0176,dexamethasone,1,40 mg,4,4
S0176,carfilzomib,2,27 mg/m2,6,6
S0176,lenalidomide,2,25 mg,21,21
S0176,dexamethasone,2,40 mg,4,4
S0176,carfilzomib,3,27 mg/m2,6,6
S0176,lenalidomide,3,25 mg,21,21
S0176,dexamethasone,3,40 mg,4,4
S0176,carfilzomib,4,27 mg/m2,6,6
S0176,lenalidomide,4,25 mg,21,21
S0176,dexamethasone,4,40 mg,4,4
S0176,carfilzomib,5,27 mg/m2,6,6
S0176,lenalidomide,5,25 mg,21,21
S0176,dexamethasone,5,40 mg,4,4
S0176,carfilzomib,6,27 mg/m2,6,6
S0176,lenalidomide,6,25 mg,21,21
S0176,dexamethasone,6,40 mg,4,4
S0176,carfilzomib,7,27 mg/m2,6,6
S0176,lenalidomide,7,25 mg,21,21
S0176,dexamethasone,7,40 mg,4,4
S0176,carfilzomib,8,27 mg/m2,6,6
S0176,lenalidomide,8,25 mg,21,21
S0176,dexamethasone,8,40 mg,4,4
S0176,carfilzomib,9,27 mg/m2,6,6
S0176,lenalidomide,9,25 mg,21,21
S0176,dexamethasone,9,40 mg,4,4
S0176,carfilzomib,10,27 mg/m2,6,6
S0176,lenalidomide,10,25 mg,21,21
S0176,dexamethasone,10,40 mg,4,4
S0176,carfilzomib,11,27 mg/m2,6,6
S0176,lenalidomide,11,25 mg,21,21
S0176,dexamethasone,11,40 mg,4,4
S0176,carfilzomib,12,27 mg/m2,6,6
S0176,lenalidomide,12,25 mg,21,21
S0176,dexamethasone,12,40 mg,4,4
S0177,carfilzomib,1,20 mg/m2 then 27 mg/m2,6,6
S0177,lenalidomide,1,25 mg,21,21
S0177,dexamethasone,1,40 mg,4,4
S0177,carfilzomib,2,27 mg/m2,6,6
S0177,lenalidomide,2,25 mg,21,21
S0177,dexamethasone,2,40 mg,4,4
S0177,carfilzomib,3,27 mg/m2,6,6
S0177,lenalidomide,3,25 mg,21,21
S0177,dexamethasone,3,40 mg,4,4
S0177,carfilzomib,4,27 mg/m2,6,6
S0177,lenalidomide,4,25 mg,21,21
S0177,dexamethasone,4,40 mg,4,4
S0177,carfilzomib,5,27 mg/m2,6,6
S0177,lenalidomide,5,25 mg,21,21
S0177,dexamethasone,5,40 mg,4,4
S0177,carfilzomib,6,27 mg/m2,6,6
S0177,lenalidomide,6,25 mg,21,21
S0177,dexamethasone,6,40 mg,4,4
S0177,carfilzomib,7,27 mg/m2,6,6
S0177,lenalidomide,7,25 mg,21,21
S0177,dexamethasone,7,40 mg,4,4
S0177,carfilzomib,8,27 mg/m2,6,6
S0177,lenalidomide,8,25 mg,21,21
S0177,dexamethasone,8,40 mg,4,4
S0177,carfilzomib,9,27 mg/m2,6,6
S0177,lenalidomide,9,25 mg,21,21
S0177,dexamethasone,9,40 mg,4,4
S0177,carfilzomib,10,27 mg/m2,6,6
S0177,lenalidomide,10,25 mg,21,21
S0177,dexamethasone,10,40 mg,4,4
S0177,carfilzomib,11,27 mg/m2,6,5
S0177,lenalidomide,11,25 mg,21,21
S0177,dexamethasone,11,40 mg,4,4
S0177,carfilzomib,12,27 mg/m2,6,6
S0177,lenalidomide,12,25 mg,21,21
S0177,dexamethasone,12,40 mg,4,4
S0178,carfilzomib,1,20 mg/m2 then 27 mg/m2,6,6
S0178,lenalidomide,1,25 mg,21,21
S0178,dexamethasone,1,40 mg,4,4
S0178,carfilzomib,2,27 mg/m2,6,6
S0178,lenalidomide,2,25 mg,21,21
S0178,dexamethasone,2,40 mg,4,4
S0178,carfilzomib,3,27 mg/m2,6,5
S0178,lenalidomide,3,25 mg,21,21
S0178,dexamethasone,3,40 mg,4,4
S0178,carfilzomib,4,27 mg/m2,6,6
S0178,lenalidomide,4,25 mg,21,21
S0178,dexamethasone,4,40 mg,4,4
S0178,carfilzomib,5,27 mg/m2,6,6
S0178,lenalidomide,5,25 mg,21,21
S0178,dexamethasone,5,40 mg,4,4
S0178,carfilzomib,6,27 mg/m2,6,6
S0178,lenalidomide,6,25 mg,21,21
S0178,dexamethasone,6,40 mg,4,4
S0178,carfilzomib,7,27 mg/m2,6,6
S0178,lenalidomide,7,25 mg,21,21
S0178,dexamethasone,7,40 mg,4,4
S0178,carfilzomib,8,27 mg/m2,6,6
S0178,lenalidomide,8,25 mg,21,21
S0178,dexamethasone,8,40 mg,4,4
S0178,carfilzomib,9,27 mg/m2,6,6
S0178,lenalidomide,9,25 mg,21,21
S0178,dexamethasone,9,40 mg,4,4
S0178,carfilzomib,10,27 mg/m2,6,6
S0178,lenalidomide,10,25 mg,21,21
S0178,dexamethasone,10,40 mg,4,4
S0178,carfilzomib,11,27 mg/m2,6,6
S0178,lenalidomide,11,25 mg,21,21
S0178,dexamethasone,11,40 mg,4,4
S0178,carfilzomib,12,27 mg/m2,6,6
S0178,lenalidomide,12,25 mg,21,21
S0178,dexamethasone,12,40 mg,4,4
S0179,carfilzomib,1,20 mg/m2 then 56 mg/m2,3,3
S0179,lenalidomide,1,25 mg,21,21
S0179,dexamethasone,1,40 mg,4,4
S0179,carfilzomib,2,56 mg/m2,3,3
S0179,lenalidomide,2,25 mg,21,21
S0179,dexamethasone,2,40 mg,4,4
S0179,carfilzomib,3,56 mg/m2,3,3
S0179,lenalidomide,3,25 mg,21,21
S0179,dexamethasone,3,40 mg,4,4
S0179,carfilzomib,4,56 mg/m2,3,2
S0179,lenalidomide,4,25 mg,21,21
S0179,dexamethasone,4,40 mg,4,4
S0179,carfilzomib,5,56 mg/m2,3,3
S0179,lenalidomide,5,25 mg,21,21
S0179,dexamethasone,5,40 mg,4,4
S0179,carfilzomib,6,56 mg/m2,3,3
S0179,lenalidomide,6,25 mg,21,21
S0179,dexamethasone,6,40 mg,4,4
S0179,carfilzomib,7,56 mg/m2,3,3
S0179,lenalidomide,7,25 mg,21,21
S0179,dexamethasone,7,40 mg,4,4
S0179,carfilzomib,8,56 mg/m2,3,3
S0179,lenalidomide,8,25 mg,21,21
S0179,dexamethasone,8,40 mg,4,4
S0179,carfilzomib,9,56 mg/m2,3,3
S0179,lenalidomide,9,25 mg,21,21
S0179,dexamethasone,9,40 mg,4,4
S0179,carfilzomib,10,56 mg/m2,3,3
S0179,lenalidomide,10,25 mg,21,21
S0179,dexamethasone,10,40 mg,4,4
S0179,carfilzomib,11,56 mg/m2,3,3
S0179,lenalidomide,11,25 mg,21,21
S0179,dexamethasone,11,40 mg,4,4
S0179,carfilzomib,12,56 mg/m2,3,3
S0179,lenalidomide,12,25 mg,21,21
S0179,dexamethasone,12,40 mg,4,4
S0180,carfilzomib,1,20 mg/m2 then 56 mg/m2,3,3
S0180,lenalidomide,1,25 mg,21,21
S0180,dexamethasone,1,40 mg,4,4
S0180,carfilzomib,2,56 mg/m2,3,3
S0180,lenalidomide,2,25 mg,21,21
S0180,dexamethasone,2,40 mg,4,4
S0180,carfilzomib,3,56 mg/m2,3,3
S0180,lenalidomide,3,25 mg,21,21
S0180,dexamethasone,3,40 mg,4,4
S0180,carfilzomib,4,56 mg/m2,3,3
S0180,lenalidomide,4,25 mg,21,21
S0180,dexamethasone,4,40 mg,4,4
S0180,carfilzomib,5,56 mg/m2,3,3
S0180,lenalidomide,5,25 mg,21,21
S0180,dexamethasone,5,40 mg,4,4
S0180,carfilzomib,6,56 mg/m2,3,3
S0180,lenalidomide,6,25 mg,21,21
S0180,dexamethasone,6,40 mg,4,4
S0180,carfilzomib,7,56 mg/m2,3,3
S0180,lenalidomide,7,25 mg,21,21
S0180,dexamethasone,7,40 mg,4,4
S0180,carfilzomib,8,56 mg/m2,3,3
S0180,lenalidomide,8,25 mg,21,21
S0180,dexamethasone,8,40 mg,4,4
S0180,carfilzomib,9,56 mg/m2,3,3
S0180,lenalidomide,9,25 mg,21,21
S0180,dexamethasone,9,40 mg,4,4
S0180,carfilzomib,10,56 mg/m2,3,3
S0180,lenalidomide,10,25 mg,21,21
S0180,dexamethasone,10,40 mg,4,4
S0180,carfilzomib,11,56 mg/m2,3,3
S0180,lenalidomide,11,25 mg,21,21
S0180,dexamethasone,11,40 mg,4,4
S0180,carfilzomib,12,56 mg/m2,3,3
S0180,lenalidomide,12,25 mg,21,21
S0180,dexamethasone,12,40 mg,4,4
S0181,carfilzomib,1,20 mg/m2 then 56 mg/m2,3,3
S0181,lenalidomide,1,25 mg,21,21
S0181,dexamethasone,1,40 mg,4,4
S0181,carfilzomib,2,56 mg/m2,3,3
S0181,lenalidomide,2,25 mg,21,21
S0181,dexamethasone,2,40 mg,4,4
S0181,carfilzomib,3,56 mg/m2,3,3
S0181,lenalidomide,3,25 mg,21,21
S0181,dexamethasone,3,40 mg,4,4
S0181,carfilzomib,4,56 mg/m2,3,3
S0181,lenalidomide,4,25 mg,21,21
S0181,dexamethasone,4,40 mg,4,4
S0181,carfilzomib,5,56 mg/m2,3,3
S0181,lenalidomide,5,25 mg,21,21
S0181,dexamethasone,5,40 mg,4,4
S0181,carfilzomib,6,56 mg/m2,3,3
S0181,lenalidomide,6,25 mg,21,21
S0181,dexamethasone,6,40 mg,4,4
S0181,carfilzomib,7,56 mg/m2,3,3
S0181,lenalidomide,7,25 mg,21,21
S0181,dexamethasone,7,40 mg,4,4
S0181,carfilzomib,8,56 mg/m2,3,3
S0181,lenalidomide,8,25 mg,21,21
S0181,dexamethasone,8,40 mg,4,4
S0181,carfilzomib,9,56 mg/m2,1,1
S0181,lenalidomide,9,25 mg,1,1
S0181,dexamethasone,9,40 mg,1,1
S0182,carfilzomib,1,20 mg/m2 then 27 mg/m2,6,6
S0182,lenalidomide,1,25 mg,21,21
S0182,dexamethasone,1,40 mg,4,4
S0182,carfilzomib,2,27 mg/m2,6,6
S0182,lenalidomide,2,25 mg,21,21
S0182,dexamethasone,2,40 mg,4,4
S0182,carfilzomib,3,27 mg/m2,6,6
S0182,lenalidomide,3,25 mg,21,21
S0182,dexamethasone,3,40 mg,4,4
S0182,carfilzomib,4,27 mg/m2,6,6
S0182,lenalidomide,4,25 mg,21,21
S0182,dexamethasone,4,40 mg,4,4
S0182,carfilzomib,5,27 mg/m2,6,6
S0182,lenalidomide,5,25 mg,21,21
S0182,dexamethasone,5,40 mg,4,4
S0182,carfilzomib,6,27 mg/m2,6,6
S0182,lenalidomide,6,25 mg,21,21
S0182,dexamethasone,6,40 mg,4,4
S0182,carfilzomib,7,27 mg/m2,6,6
S0182,lenalidomide,7,25 mg,21,21
S0182,dexamethasone,7,40 mg,4,4
S0182,carfilzomib,8,27 mg/m2,6,6
S0182,lenalidomide,8,25 mg,21,21
S0182,dexamethasone,8,40 mg,4,4
S0182,carfilzomib,9,27 mg/m2,6,6
S0182,lenalidomide,9,25 mg,21,21
S0182,dexamethasone,9,40 mg,4,4
S0182,carfilzomib,10,27 mg/m2,6,6
S0182,lenalidomide,10,25 mg,21,21
S0182,dexamethasone,10,40 mg,4,4
S0182,carfilzomib,11,27 mg/m2,6,6
S0182,lenalidomide,11,25 mg,21,21
S0182,dexamethasone,11,40 mg,4,4
S0182,carfilzomib,12,27 mg/m2,6,6
S0182,lenalidomide,12,25 mg,21,21
S0182,dexamethasone,12,40 mg,4,4
S0183,carfilzomib,1,20 mg/m2 then 27 mg/m2,6,6
S0183,lenalidomide,1,25 mg,21,21
S0183,dexamethasone,1,40 mg,4,4
S0183,carfilzomib,2,27 mg/m2,6,6
S0183,lenalidomide,2,25 mg,21,21
S0183,dexamethasone,2,40 mg,4,4
S0183,carfilzomib,3,27 mg/m2,6,6
S0183,lenalidomide,3,25 mg,21,21
S0183,dexamethasone,3,40 mg,4,4
S0183,carfilzomib,4,27 mg/m2,6,6
S0183,lenalidomide,4,25 mg,21,21
S0183,dexamethasone,4,40 mg,4,4
S0183,carfilzomib,5,27 mg/m2,6,6
S0183,lenalidomide,5,25 mg,21,21
S0183,dexamethasone,5,40 mg,4,4
S0183,carfilzomib,6,27 mg/m2,6,6
S0183,lenalidomide,6,25 mg,21,21
S0183,dexamethasone,6,40 mg,4,4
S0183,carfilzomib,7,27 mg/m2,6,6
S0183,lenalidomide,7,25 mg,21,21
S0183,dexamethasone,7,40 mg,4,4
S0183,carfilzomib,8,27 mg/m2,6,6
S0183,lenalidomide,8,25 mg,21,21
S0183,dexamethasone,8,40 mg,4,4
S0183,carfilzomib,9,27 mg/m2,6,6
S0183,lenalidomide,9,25 mg,21,21
S0183,dexamethasone,9,40 mg,4,4
S0183,carfilzomib,10,27 mg/m2,6,6
S0183,lenalidomide,10,25 mg,21,21
S0183,dexamethasone,10,40 mg,4,4
S0183,carfilzomib,11,27 mg/m2,6,6
S0183,lenalidomide,11,25 mg,21,21
S0183,dexamethasone,11,40 mg,4,4
S0183,carfilzomib,12,27 mg/m2,6,6
S0183,lenalidomide,12,25 mg,21,21
S0183,dexamethasone,12,40 mg,4,4
S0184,carfilzomib,1,20 mg/m2 then 27 mg/m2,6,6
S0184,lenalidomide,1,25 mg,21,21
S0184,dexamethasone,1,40 mg,4,4
S0184,carfilzomib,2,27 mg/m2,6,6
S0184,lenalidomide,2,25 mg,21,21
S0184,dexamethasone,2,40 mg,4,4
S0184,carfilzomib,3,27 mg/m2,6,6
S0184,lenalidomide,3,25 mg,21,21
S0184,dexamethasone,3,40 mg,4,4
S0184,carfilzomib,4,27 mg/m2,6,6
S0184,lenalidomide,4,25 mg,21,21
S0184,dexamethasone,4,40 mg,4,4
S0184,carfilzomib,5,27 mg/m2,6,5
S0184,lenalidomide,5,25 mg,21,21
S0184,dexamethasone,5,40 mg,4,4
S0184,carfilzomib,6,27 mg/m2,6,6
S0184,lenalidomide,6,25 mg,21,21
S0184,dexamethasone,6,40 mg,4,4
S0184,carfilzomib,7,27 mg/m2,6,6
S0184,lenalidomide,7,25 mg,21,21
S0184,dexamethasone,7,40 mg,4,4
S0184,carfilzomib,8,27 mg/m2,6,5
S0184,lenalidomide,8,25 mg,21,21
S0184,dexamethasone,8,40 mg,4,4
S0184,carfilzomib,9,27 mg/m2,6,6
S0184,lenalidomide,9,25 mg,21,21
S0184,dexamethasone,9,40 mg,4,4
S0184,carfilzomib,10,27 mg/m2,6,6
S0184,lenalidomide,10,25 mg,21,21
S0184,dexamethasone,10,40 mg,4,4
S0184,carfilzomib,11,27 mg/m2,6,6
S0184,lenalidomide,11,25 mg,21,21
S0184,dexamethasone,11,40 mg,4,4
S0184,carfilzomib,12,27 mg/m2,6,6
S0184,lenalidomide,12,25 mg,21,21
S0184,dexamethasone,12,40 mg,4,4
S0185,carfilzomib,1,20 mg/m2 then 56 mg/m2,3,3
S0185,lenalidomide,1,25 mg,21,21
S0185,dexamethasone,1,40 mg,4,4
S0185,carfilzomib,2,56 mg/m2,3,3
S0185,lenalidomide,2,25 mg,21,21
S0185,dexamethasone,2,40 mg,4,4
S0185,carfilzomib,3,56 mg/m2,3,3
S0185,lenalidomide,3,25 mg,21,21
S0185,dexamethasone,3,40 mg,4,4
S0185,carfilzomib,4,56 mg/m2,3,3
S0185,lenalidomide,4,25 mg,21,21
S0185,dexamethasone,4,40 mg,4,4
S0185,carfilzomib,5,56 mg/m2,3,3
S0185,lenalidomide,5,25 mg,21,21
S0185,dexamethasone,5,40 mg,4,4
S0185,carfilzomib,6,56 mg/m2,3,2
S0185,lenalidomide,6,25 mg,21,21
S0185,dexamethasone,6,40 mg,4,4
S0185,carfilzomib,7,56 mg/m2,3,3
S0185,lenalidomide,7,25 mg,21,21
S0185,dexamethasone,7,40 mg,4,4
S0185,carfilzomib,8,56 mg/m2,3,3
S0185,lenalidomide,8,25 mg,21,21
S0185,dexamethasone,8,40 mg,4,4
S0185,carfilzomib,9,56 mg/m2,3,3
S0185,lenalidomide,9,25 mg,21,21
S0185,dexamethasone,9,40 mg,4,4
S0185,carfilzomib,10,56 mg/m2,3,3
S0185,lenalidomide,10,25 mg,21,21
S0185,dexamethasone,10,40 mg,4,4
S0185,carfilzomib,11,56 mg/m2,3,3
S0185,lenalidomide,11,25 mg,21,21
S0185,dexamethasone,11,40 mg,4,4
S0185,carfilzomib,12,56 mg/m2,3,3
S0185,lenalidomide,12,25 mg,21,21
S0185,dexamethasone,12,40 mg,4,4
S0186,carfilzomib,1,20 mg/m2 then 27 mg/m2,6,6
S0186,lenalidomide,1,25 mg,21,21
S0186,dexamethasone,1,40 mg,4,4
S0186,carfilzomib,2,27 mg/m2,6,6
S0186,lenalidomide,2,25 mg,21,21
S0186,dexamethasone,2,40 mg,4,4
S0186,carfilzomib,3,27 mg/m2,6,6
S0186,lenalidomide,3,25 mg,21,21
S0186,dexamethasone,3,40 mg,4,4
S0186,carfilzomib,4,27 mg/m2,6,6
S0186,lenalidomide,4,25 mg,21,21
S0186,dexamethasone,4,40 mg,4,4
S0186,carfilzomib,5,27 mg/m2,6,6
S0186,lenalidomide,5,25 mg,21,21
S0186,dexamethasone,5,40 mg,4,4
S0186,carfilzomib,6,27 mg/m2,6,6
S0186,lenalidomide,6,25 mg,21,21
S0186,dexamethasone,6,40 mg,4,4
S0186,carfilzomib,7,27 mg/m2,6,6
S0186,lenalidomide,7,25 mg,21,21
S0186,dexamethasone,7,40 mg,4,4
S0186,carfilzomib,8,27 mg/m2,6,6
S0186,lenalidomide,8,25 mg,21,21
S0186,dexamethasone,8,40 mg,4,4
S0186,carfilzomib,9,27 mg/m2,6,6
S0186,lenalidomide,9,25 mg,21,21
S0186,dexamethasone,9,40 mg,4,4
S0186,carfilzomib,10,27 mg/m2,6,6
S0186,lenalidomide,10,25 mg,21,21
S0186,dexamethasone,10,40 mg,4,4
S0186,carfilzomib,11,27 mg/m2,6,6
S0186,lenalidomide,11,25 mg,21,21
S0186,dexamethasone,11,40 mg,4,4
S0186,carfilzomib,12,27 mg/m2,6,6
S0186,lenalidomide,12,25 mg,21,21
S0186,dexamethasone,12,40 mg,4,4
S0187,carfilzomib,1,20 mg/m2 then 27 mg/m2,6,6
S0187,lenalidomide,1,25 mg,21,21
S0187,dexamethasone,1,40 mg,4,4
S0187,carfilzomib,2,27 mg/m2,6,6
S0187,lenalidomide,2,25 mg,21,21
S0187,dexamethasone,2,40 mg,4,4
S0187,carfilzomib,3,27 mg/m2,6,6
S0187,lenalidomide,3,25 mg,21,21
S0187,dexamethasone,3,40 mg,4,4
S0187,carfilzomib,4,27 mg/m2,6,6
S0187,lenalidomide,4,25 mg,21,21
S0187,dexamethasone,4,40 mg,4,4
S0187,carfilzomib,5,27 mg/m2,6,6
S0187,lenalidomide,5,25 mg,21,21
S0187,dexamethasone,5,40 mg,4,4
S0187,carfilzomib,6,27 mg/m2,6,6
S0187,lenalidomide,6,25 mg,21,21
S0187,dexamethasone,6,40 mg,4,4
S0187,carfilzomib,7,27 mg/m2,6,6
S0187,lenalidomide,7,25 mg,21,21
S0187,dexamethasone,7,40 mg,4,4
S0187,carfilzomib,8,27 mg/m2,6,6
S0187,lenalidomide,8,25 mg,21,21
S0187,dexamethasone,8,40 mg,4,4
S0187,carfilzomib,9,27 mg/m2,6,6
S0187,lenalidomide,9,25 mg,21,21
S0187,dexamethasone,9,40 mg,4,4
S0187,carfilzomib,10,27 mg/m2,6,6
S0187,lenalidomide,10,25 mg,21,21
S0187,dexamethasone,10,40 mg,4,4
S0187,carfilzomib,11,27 mg/m2,6,6
S0187,lenalidomide,11,25 mg,21,21
S0187,dexamethasone,11,40 mg,4,4
S0187,carfilzomib,12,27 mg/m2,6,6
S0187,lenalidomide,12,25 mg,21,21
S0187,dexamethasone,12,40 mg,4,4
S0188,carfilzomib,1,20 mg/m2 then 27 mg/m2,6,6
S0188,lenalidomide,1,25 mg,21,21
S0188,dexamethasone,1,40 mg,4,4
S0188,carfilzomib,2,27 mg/m2,6,6
S0188,lenalidomide,2,25 mg,21,21
S0188,dexamethasone,2,40 mg,4,4
S0188,carfilzomib,3,27 mg/m2,6,6
S0188,lenalidomide,3,25 mg,21,21
S0188,dexamethasone,3,40 mg,4,4
S0188,carfilzomib,4,27 mg/m2,6,5
S0188,lenalidomide,4,25 mg,21,21
S0188,dexamethasone,4,40 mg,4,4
S0188,carfilzomib,5,27 mg/m2,6,6
S0188,lenalidomide,5,25 mg,21,21
S0188,dexamethasone,5,40 mg,4,4
S0188,carfilzomib,6,27 mg/m2,6,6
S0188,lenalidomide,6,25 mg,21,21
S0188,dexamethasone,6,40 mg,4,4
S0188,carfilzomib,7,27 mg/m2,6,6
S0188,lenalidomide,7,25 mg,21,21
S0188,dexamethasone,7,40 mg,4,4
S0188,carfilzomib,8,27 mg/m2,6,6
S0188,lenalidomide,8,25 mg,21,21
S0188,dexamethasone,8,40 mg,4,4
S0188,carfilzomib,9,27 mg/m2,6,6
S0188,lenalidomide,9,25 mg,21,21
S0188,dexamethasone,9,40 mg,4,4
S0188,carfilzomib,10,27 mg/m2,6,6
S0188,lenalidomide,10,25 mg,21,21
S0188,dexamethasone,10,40 mg,4,4
S0188,carfilzomib,11,27 mg/m2,6,6
S0188,lenalidomide,11,25 mg,21,21
S0188,dexamethasone,11,40 mg,4,4
S0188,carfilzomib,12,27 mg/m2,6,6
S0188,lenalidomide,12,25 mg,21,21
S0188,dexamethasone,12,40 mg,4,4
S0189,carfilzomib,1,20 mg/m2 then 27 mg/m2,6,6
S0189,lenalidomide,1,25 mg,21,21
S0189,dexamethasone,1,40 mg,4,4
S0189,carfilzomib,2,27 mg/m2,6,6
S0189,lenalidomide,2,25 mg,21,21
S0189,dexamethasone,2,40 mg,4,4
S0189,carfilzomib,3,27 mg/m2,6,6
S0189,lenalidomide,3,25 mg,21,21
S0189,dexamethasone,3,40 mg,4,4
S0189,carfilzomib,4,27 mg/m2,6,6
S0189,lenalidomide,4,25 mg,21,21
S0189,dexamethasone,4,40 mg,4,4
S0189,carfilzomib,5,27 mg/m2,6,6
S0189,lenalidomide,5,25 mg,21,21
S0189,dexamethasone,5,40 mg,4,4
S0189,carfilzomib,6,27 mg/m2,6,6
S0189,lenalidomide,6,25 mg,21,21
S0189,dexamethasone,6,40 mg,4,4
S0189,carfilzomib,7,27 mg/m2,6,6
S0189,lenalidomide,7,25 mg,21,21
S0189,dexamethasone,7,40 mg,4,4
S0189,carfilzomib,8,27 mg/m2,6,6
S0189,lenalidomide,8,25 mg,21,21
S0189,dexamethasone,8,40 mg,4,4
S0189,carfilzomib,9,27 mg/m2,6,6
S0189,lenalidomide,9,25 mg,21,21
S0189,dexamethasone,9,40 mg,4,4
S0189,carfilzomib,10,27 mg/m2,6,6
S0189,lenalidomide,10,25 mg,21,21
S0189,dexamethasone,10,40 mg,4,4
S0189,carfilzomib,11,27 mg/m2,6,6
S0189,lenalidomide,11,25 mg,21,21
S0189,dexamethasone,11,40 mg,4,4
S0189,carfilzomib,12,27 mg/m2,6,6
S0189,lenalidomide,12,25 mg,21,21
S0189,dexamethasone,12,40 mg,4,4
S0190,carfilzomib,1,20 mg/m2 then 27 mg/m2,6,6
S0190,lenalidomide,1,25 mg,21,21
S0190,dexamethasone,1,40 mg,4,4
S0190,carfilzomib,2,27 mg/m2,6,4
S0190,lenalidomide,2,25 mg,21,21
S0190,dexamethasone,2,40 mg,4,4
S0190,carfilzomib,3,27 mg/m2,6,6
S0190,lenalidomide,3,25 mg,21,21
S0190,dexamethasone,3,40 mg,4,4
S0190,carfilzomib,4,27 mg/m2,6,6
S0190,lenalidomide,4,25 mg,21,21
S0190,dexamethasone,4,40 mg,4,4
S0190,carfilzomib,5,27 mg/m2,6,6
S0190,lenalidomide,5,25 mg,21,21
S0190,dexamethasone,5,40 mg,4,4
S0190,carfilzomib,6,27 mg/m2,6,6
S0190,lenalidomide,6,25 mg,21,21
S0190,dexamethasone,6,40 mg,4,4
S0190,carfilzomib,7,27 mg/m2,6,6
S0190,lenalidomide,7,25 mg,21,21
S0190,dexamethasone,7,40 mg,4,4
S0190,carfilzomib,8,27 mg/m2,6,5
S0190,lenalidomide,8,25 mg,21,21
S0190,dexamethasone,8,40 mg,4,4
S0190,carfilzomib,9,27 mg/m2,6,6
S0190,lenalidomide,9,25 mg,21,21
S0190,dexamethasone,9,40 mg,4,4
S0190,carfilzomib,10,27 mg/m2,6,5
S0190,lenalidomide,10,25 mg,21,21
S0190,dexamethasone,10,40 mg,4,4
S0190,carfilzomib,11,27 mg/m2,6,6
S0190,lenalidomide,11,25 mg,21,21
S0190,dexamethasone,11,40 mg,4,4
S0190,carfilzomib,12,27 mg/m2,6,6
S0190,lenalidomide,12,25 mg,21,21
S0190,dexamethasone,12,40 mg,4,4
S0191,carfilzomib,1,20 mg/m2 then 27 mg/m2,6,6
S0191,lenalidomide,1,25 mg,21,21
S0191,dexamethasone,1,40 mg,4,4
S0191,carfilzomib,2,27 mg/m2,6,6
S0191,lenalidomide,2,25 mg,21,21
S0191,dexamethasone,2,40 mg,4,4
S0191,carfilzomib,3,27 mg/m2,6,6
S0191,lenalidomide,3,25 mg,21,21
S0191,dexamethasone,3,40 mg,4,4
S0191,carfilzomib,4,27 mg/m2,6,6
S0191,lenalidomide,4,25 mg,21,21
S0191,dexamethasone,4,40 mg,4,4
S0191,carfilzomib,5,27 mg/m2,6,6
S0191,lenalidomide,5,25 mg,21,21
S0191,dexamethasone,5,40 mg,4,4
S0191,carfilzomib,6,27 mg/m2,6,6
S0191,lenalidomide,6,25 mg,21,21
S0191,dexamethasone,6,40 mg,4,4
S0191,carfilzomib,7,27 mg/m2,6,6
S0191,lenalidomide,7,25 mg,21,21
S0191,dexamethasone,7,40 mg,4,4
S0191,carfilzomib,8,27 mg/m2,6,6
S0191,lenalidomide,8,25 mg,21,21
S0191,dexamethasone,8,40 mg,4,4
S0191,carfilzomib,9,27 mg/m2,6,6
S0191,lenalidomide,9,25 mg,21,21
S0191,dexamethasone,9,40 mg,4,4
S0191,carfilzomib,10,27 mg/m2,6,6
S0191,lenalidomide,10,25 mg,21,21
S0191,dexamethasone,10,40 mg,4,4
S0191,carfilzomib,11,27 mg/m2,1,1
S0191,lenalidomide,11,25 mg,1,1
S0191,dexamethasone,11,40 mg,1,1
S0192,carfilzomib,1,20 mg/m2 then 27 mg/m2,6,6
S0192,lenalidomide,1,25 mg,21,21
S0192,dexamethasone,1,40 mg,4,4
S0192,carfilzomib,2,27 mg/m2,6,6
S0192,lenalidomide,2,25 mg,21,21
S0192,dexamethasone,2,40 mg,4,4
S0192,carfilzomib,3,27 mg/m2,6,6
S0192,lenalidomide,3,25 mg,21,21
S0192,dexamethasone,3,40 mg,4,4
S0192,carfilzomib,4,27 mg/m2,6,5
S0192,lenalidomide,4,25 mg,21,21
S0192,dexamethasone,4,40 mg,4,4
S0192,carfilzomib,5,27 mg/m2,6,6
S0192,lenalidomide,5,25 mg,21,21
S0192,dexamethasone,5,40 mg,4,4
S0192,carfilzomib,6,27 mg/m2,6,6
S0192,lenalidomide,6,25 mg,21,21
S0192,dexamethasone,6,40 mg,4,4
S0192,carfilzomib,7,27 mg/m2,6,6
S0192,lenalidomide,7,25 mg,21,21
S0192,dexamethasone,7,40 mg,4,4
S0192,carfilzomib,8,27 mg/m2,6,5
S0192,lenalidomide,8,25 mg,21,21
S0192,dexamethasone,8,40 mg,4,4
S0192,carfilzomib,9,27 mg/m2,6,6
S0192,lenalidomide,9,25 mg,21,21
S0192,dexamethasone,9,40 mg,4,4
S0192,carfilzomib,10,27 mg/m2,6,6
S0192,lenalidomide,10,25 mg,21,21
S0192,dexamethasone,10,40 mg,4,4
S0192,carfilzomib,11,27 mg/m2,6,6
S0192,lenalidomide,11,25 mg,21,21
S0192,dexamethasone,11,40 mg,4,4
S0192,carfilzomib,12,27 mg/m2,6,6
S0192,lenalidomide,12,25 mg,21,21
S0192,dexamethasone,12,40 mg,4,4
S0193,carfilzomib,1,20 mg/m2 then 56 mg/m2,3,3
S0193,lenalidomide,1,25 mg,21,21
S0193,dexamethasone,1,40 mg,4,4
S0193,carfilzomib,2,56 mg/m2,3,3
S0193,lenalidomide,2,25 mg,21,21
S0193,dexamethasone,2,40 mg,4,4
S0193,carfilzomib,3,56 mg/m2,3,3
S0193,lenalidomide,3,25 mg,21,21
S0193,dexamethasone,3,40 mg,4,4
S0193,carfilzomib,4,56 mg/m2,3,3
S0193,lenalidomide,4,25 mg,21,21
S0193,dexamethasone,4,40 mg,4,4
S0193,carfilzomib,5,56 mg/m2,3,3
S0193,lenalidomide,5,25 mg,21,21
S0193,dexamethasone,5,40 mg,4,4
S0193,carfilzomib,6,56 mg/m2,3,3
S0193,lenalidomide,6,25 mg,21,21
S0193,dexamethasone,6,40 mg,4,4
S0193,carfilzomib,7,56 mg/m2,3,3
S0193,lenalidomide,7,25 mg,21,21
S0193,dexamethasone,7,40 mg,4,4
S0193,carfilzomib,8,56 mg/m2,3,3
S0193,lenalidomide,8,25 mg,21,21
S0193,dexamethasone,8,40 mg,4,4
S0193,carfilzomib,9,56 mg/m2,3,3
S0193,lenalidomide,9,25 mg,21,21
S0193,dexamethasone,9,40 mg,4,4
S0193,carfilzomib,10,56 mg/m2,3,2
S0193,lenalidomide,10,25 mg,21,21
S0193,dexamethasone,10,40 mg,4,4
S0193,carfilzomib,11,56 mg/m2,3,3
S0193,lenalidomide,11,25 mg,21,21
S0193,dexamethasone,11,40 mg,4,4
S0193,carfilzomib,12,56 mg/m2,3,3
S0193,lenalidomide,12,25 mg,21,21
S0193,dexamethasone,12,40 mg,4,4
S0194,carfilzomib,1,20 mg/m2 then 56 mg/m2,3,3
S0194,lenalidomide,1,25 mg,21,21
S0194,dexamethasone,1,40 mg,4,4
S0194,carfilzomib,2,56 mg/m2,3,3
S0194,lenalidomide,2,25 mg,21,21
S0194,dexamethasone,2,40 mg,4,4
S0194,carfilzomib,3,56 mg/m2,3,3
S0194,lenalidomide,3,25 mg,21,21
S0194,dexamethasone,3,40 mg,4,4
S0194,carfilzomib,4,56 mg/m2,3,3
S0194,lenalidomide,4,25 mg,21,21
S0194,dexamethasone,4,40 mg,4,4
S0194,carfilzomib,5,56 mg/m2,3,3
S0194,lenalidomide,5,25 mg,21,21
S0194,dexamethasone,5,40 mg,4,4
S0194,carfilzomib,6,56 mg/m2,3,3
S0194,lenalidomide,6,25 mg,21,21
S0194,dexamethasone,6,40 mg,4,4
S0194,carfilzomib,7,56 mg/m2,3,3
S0194,lenalidomide,7,25 mg,21,21
S0194,dexamethasone,7,40 mg,4,4
S0194,carfilzomib,8,56 mg/m2,3,3
S0194,lenalidomide,8,25 mg,21,21
S0194,dexamethasone,8,40 mg,4,4
S0194,carfilzomib,9,56 mg/m2,3,3
S0194,lenalidomide,9,25 mg,21,21
S0194,dexamethasone,9,40 mg,4,4
S0194,carfilzomib,10,56 mg/m2,3,3
S0194,lenalidomide,10,25 mg,21,21
S0194,dexamethasone,10,40 mg,4,4
S0194,carfilzomib,11,56 mg/m2,3,3
S0194,lenalidomide,11,25 mg,21,21
S0194,dexamethasone,11,40 mg,4,4
S0194,carfilzomib,12,56 mg/m2,3,3
S0194,lenalidomide,12,25 mg,21,21
S0194,dexamethasone,12,40 mg,4,4
S0195,carfilzomib,1,20 mg/m2 then 27 mg/m2,6,6
S0195,lenalidomide,1,25 mg,21,21
S0195,dexamethasone,1,40 mg,4,4
S0195,carfilzomib,2,27 mg/m2,6,5
S0195,lenalidomide,2,25 mg,21,21
S0195,dexamethasone,2,40 mg,4,4
S0195,carfilzomib,3,27 mg/m2,6,6
S0195,lenalidomide,3,25 mg,21,21
S0195,dexamethasone,3,40 mg,4,4
S0195,carfilzomib,4,27 mg/m2,6,6
S0195,lenalidomide,4,25 mg,21,21
S0195,dexamethasone,4,40 mg,4,4
S0195,carfilzomib,5,27 mg/m2,6,6
S0195,lenalidomide,5,25 mg,21,21
S0195,dexamethasone,5,40 mg,4,4
S0195,carfilzomib,6,27 mg/m2,6,6
S0195,lenalidomide,6,25 mg,21,21
S0195,dexamethasone,6,40 mg,4,4
S0195,carfilzomib,7,27 mg/m2,6,6
S0195,lenalidomide,7,25 mg,21,21
S0195,dexamethasone,7,40 mg,4,4
S0195,carfilzomib,8,27 mg/m2,6,6
S0195,lenalidomide,8,25 mg,21,21
S0195,dexamethasone,8,40 mg,4,4
S0195,carfilzomib,9,27 mg/m2,6,6
S0195,lenalidomide,9,25 mg,21,21
S0195,dexamethasone,9,40 mg,4,4
S0195,carfilzomib,10,27 mg/m2,6,6
S0195,lenalidomide,10,25 mg,21,21
S0195,dexamethasone,10,40 mg,4,4
S0195,carfilzomib,11,27 mg/m2,6,6
S0195,lenalidomide,11,25 mg,21,21
S0195,dexamethasone,11,40 mg,4,4
S0195,carfilzomib,12,27 mg/m2,6,6
S0195,lenalidomide,12,25 mg,21,21
S0195,dexamethasone,12,40 mg,4,4
S0196,carfilzomib,1,20 mg/m2 then 27 mg/m2,6,6
S0196,lenalidomide,1,25 mg,21,21
S0196,dexamethasone,1,40 mg,4,4
S0196,carfilzomib,2,27 mg/m2,6,6
S0196,lenalidomide,2,25 mg,21,21
S0196,dexamethasone,2,40 mg,4,4
S0196,carfilzomib,3,27 mg/m2,6,6
S0196,lenalidomide,3,25 mg,21,21
S0196,dexamethasone,3,40 mg,4,4
S0196,carfilzomib,4,27 mg/m2,6,5
S0196,lenalidomide,4,25 mg,21,21
S0196,dexamethasone,4,40 mg,4,4
S0196,carfilzomib,5,27 mg/m2,6,6
S0196,lenalidomide,5,25 mg,21,21
S0196,dexamethasone,5,40 mg,4,4
S0196,carfilzomib,6,27 mg/m2,6,6
S0196,lenalidomide,6,25 mg,21,21
S0196,dexamethasone,6,40 mg,4,4
S0196,carfilzomib,7,27 mg/m2,6,6
S0196,lenalidomide,7,25 mg,21,21
S0196,dexamethasone,7,40 mg,4,4
S0196,carfilzomib,8,27 mg/m2,6,6
S0196,lenalidomide,8,25 mg,21,21
S0196,dexamethasone,8,40 mg,4,4
S0196,carfilzomib,9,27 mg/m2,6,6
S0196,lenalidomide,9,25 mg,21,21
S0196,dexamethasone,9,40 mg,4,4
S0196,carfilzomib,10,27 mg/m2,6,6
S0196,lenalidomide,10,25 mg,21,21
S0196,dexamethasone,10,40 mg,4,4
S0196,carfilzomib,11,27 mg/m2,6,6
S0196,lenalidomide,11,25 mg,21,21
S0196,dexamethasone,11,40 mg,4,4
S0196,carfilzomib,12,27 mg/m2,6,6
S0196,lenalidomide,12,25 mg,21,21
S0196,dexamethasone,12,40 mg,4,4
S0197,carfilzomib,1,20 mg/m2 then 27 mg/m2,6,6
S0197,lenalidomide,1,25 mg,21,21
S0197,dexamethasone,1,40 mg,4,4
S0197,carfilzomib,2,27 mg/m2,6,6
S0197,lenalidomide,2,25 mg,21,21
S0197,dexamethasone,2,40 mg,4,4
S0197,carfilzomib,3,27 mg/m2,6,6
S0197,lenalidomide,3,25 mg,21,21
S0197,dexamethasone,3,40 mg,4,4
S0197,carfilzomib,4,27 mg/m2,6,6
S0197,lenalidomide,4,25 mg,21,21
S0197,dexamethasone,4,40 mg,4,4
S0197,carfilzomib,5,27 mg/m2,6,6
S0197,lenalidomide,5,25 mg,21,21
S0197,dexamethasone,5,40 mg,4,4
S0197,carfilzomib,6,27 mg/m2,6,6
S0197,lenalidomide,6,25 mg,21,21
S0197,dexamethasone,6,40 mg,4,4
S0197,carfilzomib,7,27 mg/m2,6,6
S0197,lenalidomide,7,25 mg,21,21
S0197,dexamethasone,7,40 mg,4,4
S0197,carfilzomib,8,27 mg/m2,6,5
S0197,lenalidomide,8,25 mg,21,21
S0197,dexamethasone,8,40 mg,4,4
S0197,carfilzomib,9,27 mg/m2,6,6
S0197,lenalidomide,9,25 mg,21,21
S0197,dexamethasone,9,40 mg,4,4
S0197,carfilzomib,10,27 mg/m2,6,6
S0197,lenalidomide,10,25 mg,21,21
S0197,dexamethasone,10,40 mg,4,4
S0197,carfilzomib,11,27 mg/m2,6,6
S0197,lenalidomide,11,25 mg,21,21
S0197,dexamethasone,11,40 mg,4,4
S0197,carfilzomib,12,27 mg/m2,6,6
S0197,lenalidomide,12,25 mg,21,21
S0197,dexamethasone,12,40 mg,4,4
S0198,carfilzomib,1,20 mg/m2 then 27 mg/m2,6,6
S0198,lenalidomide,1,25 mg,21,21
S0198,dexamethasone,1,40 mg,4,4
S0198,carfilzomib,2,27 mg/m2,6,6
S0198,lenalidomide,2,25 mg,21,21
S0198,dexamethasone,2,40 mg,4,4
S0198,carfilzomib,3,27 mg/m2,6,6
S0198,lenalidomide,3,25 mg,21,21
S0198,dexamethasone,3,40 mg,4,4
S0198,carfilzomib,4,27 mg/m2,6,6
S0198,lenalidomide,4,25 mg,21,21
S0198,dexamethasone,4,40 mg,4,4
S0198,carfilzomib,5,27 mg/m2,6,6
S0198,lenalidomide,5,25 mg,21,21
S0198,dexamethasone,5,40 mg,4,4
S0198,carfilzomib,6,27 mg/m2,6,6
S0198,lenalidomide,6,25 mg,21,21
S0198,dexamethasone,6,40 mg,4,4
S0198,carfilzomib,7,27 mg/m2,6,6
S0198,lenalidomide,7,25 mg,21,21
S0198,dexamethasone,7,40 mg,4,4
S0198,carfilzomib,8,27 mg/m2,6,6
S0198,lenalidomide,8,25 mg,21,21
S0198,dexamethasone,8,40 mg,4,4
S0198,carfilzomib,9,27 mg/m2,6,6
S0198,lenalidomide,9,25 mg,21,21
S0198,dexamethasone,9,40 mg,4,4
S0198,carfilzomib,10,27 mg/m2,6,6
S0198,lenalidomide,10,25 mg,21,21
S0198,dexamethasone,10,40 mg,4,4
S0198,carfilzomib,11,27 mg/m2,6,6
S0198,lenalidomide,11,25 mg,21,21
S0198,dexamethasone,11,40 mg,4,4
S0198,carfilzomib,12,27 mg/m2,6,6
S0198,lenalidomide,12,25 mg,21,21
S0198,dexamethasone,12,40 mg,4,4
S0199,carfilzomib,1,20 mg/m2 then 56 mg/m2,3,3
S0199,lenalidomide,1,25 mg,21,21
S0199,dexamethasone,1,40 mg,4,4
S0199,carfilzomib,2,56 mg/m2,3,3
S0199,lenalidomide,2,25 mg,21,21
S0199,dexamethasone,2,40 mg,4,4
S0199,carfilzomib,3,56 mg/m2,3,3
S0199,lenalidomide,3,25 mg,21,21
S0199,dexamethasone,3,40 mg,4,4
S0199,carfilzomib,4,56 mg/m2,3,3
S0199,lenalidomide,4,25 mg,21,21
S0199,dexamethasone,4,40 mg,4,4
S0199,carfilzomib,5,56 mg/m2,3,3
S0199,lenalidomide,5,25 mg,21,21
S0199,dexamethasone,5,40 mg,4,4
S0199,carfilzomib,6,56 mg/m2,3,3
S0199,lenalidomide,6,25 mg,21,21
S0199,dexamethasone,6,40 mg,4,4
S0199,carfilzomib,7,56 mg/m2,3,3
S0199,lenalidomide,7,25 mg,21,21
S0199,dexamethasone,7,40 mg,4,4
S0199,carfilzomib,8,56 mg/m2,3,3
S0199,lenalidomide,8,25 mg,16,16
S0199,dexamethasone,8,40 mg,3,3
S0200,carfilzomib,1,20 mg/m2 then 27 mg/m2,6,6
S0200,lenalidomide,1,25 mg,21,21
S0200,dexamethasone,1,40 mg,4,4
S0200,carfilzomib,2,27 mg/m2,6,6
S0200,lenalidomide,2,25 mg,21,21
S0200,dexamethasone,2,40 mg,4,4
S0200,carfilzomib,3,27 mg/m2,6,6
S0200,lenalidomide,3,25 mg,21,21
S0200,dexamethasone,3,40 mg,4,4
S0200,carfilzomib,4,27 mg/m2,6,6
S0200,lenalidomide,4,25 mg,21,21
S0200,dexamethasone,4,40 mg,4,4
S0200,carfilzomib,5,27 mg/m2,6,6
S0200,lenalidomide,5,25 mg,21,21
S0200,dexamethasone,5,40 mg,4,4
S0200,carfilzomib,6,27 mg/m2,6,6
S0200,lenalidomide,6,25 mg,21,21
S0200,dexamethasone,6,40 mg,4,4
S0200,carfilzomib,7,27 mg/m2,6,6
S0200,lenalidomide,7,25 mg,21,21
S0200,dexamethasone,7,40 mg,4,4
S0200,carfilzomib,8,27 mg/m2,6,6
S0200,lenalidomide,8,25 mg,21,21
S0200,dexamethasone,8,40 mg,4,4
S0200,carfilzomib,9,27 mg/m2,6,6
S0200,lenalidomide,9,25 mg,21,21
S0200,dexamethasone,9,40 mg,4,4
S0200,carfilzomib,10,27 mg/m2,6,6
S0200,lenalidomide,10,25 mg,21,21
S0200,dexamethasone,10,40 mg,4,4
S0200,carfilzomib,11,27 mg/m2,6,6
S0200,lenalidomide,11,25 mg,21,21
S0200,dexamethasone,11,40 mg,4,4
S0200,carfilzomib,12,27 mg/m2,6,6
S0200,lenalidomide,12,25 mg,21,21
S0200,dexamethasone,12,40 mg,4,4
S0201,carfilzomib,1,20 mg/m2 then 56 mg/m2,3,3
S0201,lenalidomide,1,25 mg,21,21
S0201,dexamethasone,1,40 mg,4,4
S0201,carfilzomib,2,56 mg/m2,3,3
S0201,lenalidomide,2,25 mg,21,21
S0201,dexamethasone,2,40 mg,4,4
S0201,carfilzomib,3,56 mg/m2,3,3
S0201,lenalidomide,3,25 mg,21,21
S0201,dexamethasone,3,40 mg,4,4
S0201,carfilzomib,4,56 mg/m2,3,3
S0201,lenalidomide,4,25 mg,21,21
S0201,dexamethasone,4,40 mg,4,4
S0201,carfilzomib,5,56 mg/m2,3,3
S0201,lenalidomide,5,25 mg,21,21
S0201,dexamethasone,5,40 mg,4,4
S0201,carfilzomib,6,56 mg/m2,3,3
S0201,lenalidomide,6,25 mg,21,21
S0201,dexamethasone,6,40 mg,4,4
S0201,carfilzomib,7,56 mg/m2,3,3
S0201,lenalidomide,7,25 mg,21,21
S0201,dexamethasone,7,40 mg,4,4
S0201,carfilzomib,8,56 mg/m2,3,2
S0201,lenalidomide,8,25 mg,21,21
S0201,dexamethasone,8,40 mg,4,4
S0201,carfilzomib,9,56 mg/m2,3,3
S0201,lenalidomide,9,25 mg,21,21
S0201,dexamethasone,9,40 mg,4,4
S0201,carfilzomib,10,56 mg/m2,3,3
S0201,lenalidomide,10,25 mg,21,21
S0201,dexamethasone,10,40 mg,4,4
S0201,carfilzomib,11,56 mg/m2,3,3
S0201,lenalidomide,11,25 mg,21,21
S0201,dexamethasone,11,40 mg,4,4
S0201,carfilzomib,12,56 mg/m2,3,3
S0201,lenalidomide,12,25 mg,21,21
S0201,dexamethasone,12,40 mg,4,4
S0202,carfilzomib,1,20 mg/m2 then 56 mg/m2,3,3
S0202,lenalidomide,1,25 mg,21,21
S0202,dexamethasone,1,40 mg,4,4
S0202,carfilzomib,2,56 mg/m2,3,3
S0202,lenalidomide,2,25 mg,21,21
S0202,dexamethasone,2,40 mg,4,4
S0202,carfilzomib,3,56 mg/m2,3,3
S0202,lenalidomide,3,25 mg,21,21
S0202,dexamethasone,3,40 mg,4,4
S0202,carfilzomib,4,56 mg/m2,3,3
S0202,lenalidomide,4,25 mg,21,21
S0202,dexamethasone,4,40 mg,4,4
S0202,carfilzomib,5,56 mg/m2,3,3
S0202,lenalidomide,5,25 mg,21,21
S0202,dexamethasone,5,40 mg,4,4
S0202,carfilzomib,6,56 mg/m2,3,3
S0202,lenalidomide,6,25 mg,21,21
S0202,dexamethasone,6,40 mg,4,4
S0202,carfilzomib,7,56 mg/m2,3,3
S0202,lenalidomide,7,25 mg,21,21
S0202,dexamethasone,7,40 mg,4,4
S0202,carfilzomib,8,56 mg/m2,3,3
S0202,lenalidomide,8,25 mg,21,21
S0202,dexamethasone,8,40 mg,4,4
S0202,carfilzomib,9,56 mg/m2,3,3
S0202,lenalidomide,9,25 mg,21,21
S0202,dexamethasone,9,40 mg,4,4
S0202,carfilzomib,10,56 mg/m2,3,3
S0202,lenalidomide,10,25 mg,21,21
S0202,dexamethasone,10,40 mg,4,4
S0202,carfilzomib,11,56 mg/m2,3,3
S0202,lenalidomide,11,25 mg,21,21
S0202,dexamethasone,11,40 mg,4,4
S0202,carfilzomib,12,56 mg/m2,3,3
S0202,lenalidomide,12,25 mg,21,21
S0202,dexamethasone,12,40 mg,4,4
S0203,carfilzomib,1,20 mg/m2 then 27 mg/m2,6,6
S0203,lenalidomide,1,25 mg,21,21
S0203,dexamethasone,1,40 mg,4,4
S0203,carfilzomib,2,27 mg/m2,6,4
S0203,lenalidomide,2,25 mg,21,21
S0203,dexamethasone,2,40 mg,4,4
S0203,carfilzomib,3,27 mg/m2,6,6
S0203,lenalidomide,3,25 mg,21,21
S0203,dexamethasone,3,40 mg,4,4
S0203,carfilzomib,4,27 mg/m2,6,6
S0203,lenalidomide,4,25 mg,21,21
S0203,dexamethasone,4,40 mg,4,4
S0203,carfilzomib,5,27 mg/m2,6,6
S0203,lenalidomide,5,25 mg,21,21
S0203,dexamethasone,5,40 mg,4,4
S0203,carfilzomib,6,27 mg/m2,6,6
S0203,lenalidomide,6,25 mg,21,21
S0203,dexamethasone,6,40 mg,4,4
S0203,carfilzomib,7,27 mg/m2,6,6
S0203,lenalidomide,7,25 mg,21,21
S0203,dexamethasone,7,40 mg,4,4
S0203,carfilzomib,8,27 mg/m2,6,6
S0203,lenalidomide,8,25 mg,21,21
S0203,dexamethasone,8,40 mg,4,4
S0203,carfilzomib,9,27 mg/m2,6,6
S0203,lenalidomide,9,25 mg,21,21
S0203,dexamethasone,9,40 mg,4,4
S0203,carfilzomib,10,27 mg/m2,6,6
S0203,lenalidomide,10,25 mg,21,21
S0203,dexamethasone,10,40 mg,4,4
S0203,carfilzomib,11,27 mg/m2,6,6
S0203,lenalidomide,11,25 mg,21,21
S0203,dexamethasone,11,40 mg,4,4
S0203,carfilzomib,12,27 mg/m2,6,6
S0203,lenalidomide,12,25 mg,21,21
S0203,dexamethasone,12,40 mg,4,4
S0204,carfilzomib,1,20 mg/m2 then 27 mg/m2,6,6
S0204,lenalidomide,1,25 mg,21,21
S0204,dexamethasone,1,40 mg,4,4
S0204,carfilzomib,2,27 mg/m2,6,6
S0204,lenalidomide,2,25 mg,21,21
S0204,dexamethasone,2,40 mg,4,4
S0204,carfilzomib,3,27 mg/m2,6,6
S0204,lenalidomide,3,25 mg,21,21
S0204,dexamethasone,3,40 mg,4,4
S0204,carfilzomib,4,27 mg/m2,6,6
S0204,lenalidomide,4,25 mg,21,21
S0204,dexamethasone,4,40 mg,4,4
S0204,carfilzomib,5,27 mg/m2,6,6
S0204,lenalidomide,5,25 mg,21,21
S0204,dexamethasone,5,40 mg,4,4
S0204,carfilzomib,6,27 mg/m2,6,6
S0204,lenalidomide,6,25 mg,21,21
S0204,dexamethasone,6,40 mg,4,4
S0204,carfilzomib,7,27 mg/m2,6,6
S0204,lenalidomide,7,25 mg,21,21
S0204,dexamethasone,7,40 mg,4,4
S0204,carfilzomib,8,27 mg/m2,6,6
S0204,lenalidomide,8,25 mg,21,21
S0204,dexamethasone,8,40 mg,4,4
S0204,carfilzomib,9,27 mg/m2,6,6
S0204,lenalidomide,9,25 mg,21,21
S0204,dexamethasone,9,40 mg,4,4
S0204,carfilzomib,10,27 mg/m2,6,6
S0204,lenalidomide,10,25 mg,21,21
S0204,dexamethasone,10,40 mg,4,4
S0204,carfilzomib,11,27 mg/m2,6,6
S0204,lenalidomide,11,25 mg,21,21
S0204,dexamethasone,11,40 mg,4,4
S0204,carfilzomib,12,27 mg/m2,6,6
S0204,lenalidomide,12,25 mg,21,21
S0204,dexamethasone,12,40 mg,4,4
S0205,carfilzomib,1,20 mg/m2 then 27 mg/m2,6,6
S0205,lenalidomide,1,25 mg,21,21
S0205,dexamethasone,1,40 mg,4,4
S0205,carfilzomib,2,27 mg/m2,6,6
S0205,lenalidomide,2,25 mg,21,21
S0205,dexamethasone,2,40 mg,4,4
S0205,carfilzomib,3,27 mg/m2,6,6
S0205,lenalidomide,3,25 mg,21,21
S0205,dexamethasone,3,40 mg,4,4
S0205,carfilzomib,4,27 mg/m2,6,6
S0205,lenalidomide,4,25 mg,21,21
S0205,dexamethasone,4,40 mg,4,4
S0205,carfilzomib,5,27 mg/m2,6,6
S0205,lenalidomide,5,25 mg,21,21
S0205,dexamethasone,5,40 mg,4,4
S0205,carfilzomib,6,27 mg/m2,6,5
S0205,lenalidomide,6,25 mg,21,21
S0205,dexamethasone,6,40 mg,4,4
S0205,carfilzomib,7,27 mg/m2,6,6
S0205,lenalidomide,7,25 mg,21,21
S0205,dexamethasone,7,40 mg,4,4
S0205,carfilzomib,8,27 mg/m2,6,6
S0205,lenalidomide,8,25 mg,21,21
S0205,dexamethasone,8,40 mg,4,4
S0205,carfilzomib,9,27 mg/m2,6,6
S0205,lenalidomide,9,25 mg,21,21
S0205,dexamethasone,9,40 mg,4,4
S0205,carfilzomib,10,27 mg/m2,6,6
S0205,lenalidomide,10,25 mg,21,21
S0205,dexamethasone,10,40 mg,4,4
S0205,carfilzomib,11,27 mg/m2,1,1
S0205,lenalidomide,11,25 mg,1,1
S0205,dexamethasone,11,40 mg,1,1
S0206,carfilzomib,1,20 mg/m2 then 27 mg/m2,6,6
S0206,lenalidomide,1,25 mg,21,21
S0206,dexamethasone,1,40 mg,4,4
S0206,carfilzomib,2,27 mg/m2,6,6
S0206,lenalidomide,2,25 mg,21,21
S0206,dexamethasone,2,40 mg,4,4
S0206,carfilzomib,3,27 mg/m2,6,6
S0206,lenalidomide,3,25 mg,21,21
S0206,dexamethasone,3,40 mg,4,4
S0206,carfilzomib,4,27 mg/m2,6,6
S0206,lenalidomide,4,25 mg,21,21
S0206,dexamethasone,4,40 mg,4,4
S0206,carfilzomib,5,27 mg/m2,1,1
S0206,lenalidomide,5,25 mg,1,1
S0206,dexamethasone,5,40 mg,1,1
S0207,carfilzomib,1,20 mg/m2 then 27 mg/m2,6,6
S0207,lenalidomide,1,25 mg,21,21
S0207,dexamethasone,1,40 mg,4,4
S0207,carfilzomib,2,27 mg/m2,6,6
S0207,lenalidomide,2,25 mg,21,21
S0207,dexamethasone,2,40 mg,4,4
S0207,carfilzomib,3,27 mg/m2,6,6
S0207,lenalidomide,3,25 mg,21,21
S0207,dexamethasone,3,40 mg,4,4
S0207,carfilzomib,4,27 mg/m2,6,6
S0207,lenalidomide,4,25 mg,21,21
S0207,dexamethasone,4,40 mg,4,4
S0207,carfilzomib,5,27 mg/m2,6,6
S0207,lenalidomide,5,25 mg,21,21
S0207,dexamethasone,5,40 mg,4,4
S0207,carfilzomib,6,27 mg/m2,6,5
S0207,lenalidomide,6,25 mg,21,21
S0207,dexamethasone,6,40 mg,4,4
S0207,carfilzomib,7,27 mg/m2,6,6
S0207,lenalidomide,7,25 mg,21,21
S0207,dexamethasone,7,40 mg,4,4
S0207,carfilzomib,8,27 mg/m2,6,6
S0207,lenalidomide,8,25 mg,21,21
S0207,dexamethasone,8,40 mg,4,4
S0207,carfilzomib,9,27 mg/m2,6,6
S0207,lenalidomide,9,25 mg,21,21
S0207,dexamethasone,9,40 mg,4,4
S0207,carfilzomib,10,27 mg/m2,6,6
S0207,lenalidomide,10,25 mg,21,21
S0207,dexamethasone,10,40 mg,4,4
S0207,carfilzomib,11,27 mg/m2,6,6
S0207,lenalidomide,11,25 mg,21,21
S0207,dexamethasone,11,40 mg,4,4
S0207,carfilzomib,12,27 mg/m2,6,6
S0207,lenalidomide,12,25 mg,21,21
S0207,dexamethasone,12,40 mg,4,4
S0208,carfilzomib,1,20 mg/m2 then 56 mg/m2,3,3
S0208,lenalidomide,1,25 mg,21,21
S0208,dexamethasone,1,40 mg,4,4
S0208,carfilzomib,2,56 mg/m2,3,3
S0208,lenalidomide,2,25 mg,21,21
S0208,dexamethasone,2,40 mg,4,4
S0208,carfilzomib,3,56 mg/m2,3,3
S0208,lenalidomide,3,25 mg,21,21
S0208,dexamethasone,3,40 mg,4,4
S0208,carfilzomib,4,56 mg/m2,1,1
S0208,lenalidomide,4,25 mg,1,1
S0208,dexamethasone,4,40 mg,1,1
S0209,carfilzomib,1,20 mg/m2 then 56 mg/m2,3,3
S0209,lenalidomide,1,25 mg,21,21
S0209,dexamethasone,1,40 mg,4,4
S0209,carfilzomib,2,56 mg/m2,3,3
S0209,lenalidomide,2,25 mg,21,21
S0209,dexamethasone,2,40 mg,4,4
S0209,carfilzomib,3,56 mg/m2,3,3
S0209,lenalidomide,3,25 mg,21,21
S0209,dexamethasone,3,40 mg,4,4
S0209,carfilzomib,4,56 mg/m2,3,3
S0209,lenalidomide,4,25 mg,21,21
S0209,dexamethasone,4,40 mg,4,4
S0209,carfilzomib,5,56 mg/m2,3,2
S0209,lenalidomide,5,25 mg,21,21
S0209,dexamethasone,5,40 mg,4,4
S0209,carfilzomib,6,56 mg/m2,3,3
S0209,lenalidomide,6,25 mg,21,21
S0209,dexamethasone,6,40 mg,4,4
S0209,carfilzomib,7,56 mg/m2,3,2
S0209,lenalidomide,7,25 mg,21,21
S0209,dexamethasone,7,40 mg,4,4
S0209,carfilzomib,8,56 mg/m2,3,3
S0209,lenalidomide,8,25 mg,21,21
S0209,dexamethasone,8,40 mg,4,4
S0209,carfilzomib,9,56 mg/m2,3,3
S0209,lenalidomide,9,25 mg,21,21
S0209,dexamethasone,9,40 mg,4,4
S0209,carfilzomib,10,56 mg/m2,3,3
S0209,lenalidomide,10,25 mg,21,21
S0209,dexamethasone,10,40 mg,4,4
S0209,carfilzomib,11,56 mg/m2,3,3
S0209,lenalidomide,11,25 mg,21,21
S0209,dexamethasone,11,40 mg,4,4
S0209,carfilzomib,12,56 mg/m2,3,3
S0209,lenalidomide,12,25 mg,21,21
S0209,dexamethasone,12,40 mg,4,4
S0210,carfilzomib,1,20 mg/m2 then 56 mg/m2,3,3
S0210,lenalidomide,1,25 mg,21,21
S0210,dexamethasone,1,40 mg,4,4
S0210,carfilzomib,2,56 mg/m2,3,3
S0210,lenalidomide,2,25 mg,21,21
S0210,dexamethasone,2,40 mg,4,4
S0210,carfilzomib,3,56 mg/m2,3,3
S0210,lenalidomide,3,25 mg,21,21
S0210,dexamethasone,3,40 mg,4,4
S0210,carfilzomib,4,56 mg/m2,3,3
S0210,lenalidomide,4,25 mg,21,21
S0210,dexamethasone,4,40 mg,4,4
S0210,carfilzomib,5,56 mg/m2,3,3
S0210,lenalidomide,5,25 mg,21,21
S0210,dexamethasone,5,40 mg,4,4
S0210,carfilzomib,6,56 mg/m2,3,3
S0210,lenalidomide,6,25 mg,21,21
S0210,dexamethasone,6,40 mg,4,4
S0210,carfilzomib,7,56 mg/m2,3,3
S0210,lenalidomide,7,25 mg,21,21
S0210,dexamethasone,7,40 mg,4,4
S0210,carfilzomib,8,56 mg/m2,3,2
S0210,lenalidomide,8,25 mg,21,21
S0210,dexamethasone,8,40 mg,4,4
S0210,carfilzomib,9,56 mg/m2,3,2
S0210,lenalidomide,9,25 mg,21,21
S0210,dexamethasone,9,40 mg,4,4
S0210,carfilzomib,10,56 mg/m2,3,3
S0210,lenalidomide,10,25 mg,21,21
S0210,dexamethasone,10,40 mg,4,4
S0210,carfilzomib,11,56 mg/m2,3,3
S0210,lenalidomide,11,25 mg,21,21
S0210,dexamethasone,11,40 mg,4,4
S0210,carfilzomib,12,56 mg/m2,3,3
S0210,lenalidomide,12,25 mg,21,21
S0210,dexamethasone,12,40 mg,4,4
S0211,carfilzomib,1,20 mg/m2 then 56 mg/m2,3,3
S0211,lenalidomide,1,25 mg,21,21
S0211,dexamethasone,1,40 mg,4,4
S0211,carfilzomib,2,56 mg/m2,3,3
S0211,lenalidomide,2,25 mg,21,21
S0211,dexamethasone,2,40 mg,4,4
S0211,carfilzomib,3,56 mg/m2,3,3
S0211,lenalidomide,3,25 mg,21,21
S0211,dexamethasone,3,40 mg,4,4
S0211,carfilzomib,4,56 mg/m2,3,3
S0211,lenalidomide,4,25 mg,21,21
S0211,dexamethasone,4,40 mg,4,4
S0211,carfilzomib,5,56 mg/m2,3,3
S0211,lenalidomide,5,25 mg,21,21
S0211,dexamethasone,5,40 mg,4,4
S0211,carfilzomib,6,56 mg/m2,3,3
S0211,lenalidomide,6,25 mg,21,21
S0211,dexamethasone,6,40 mg,4,4
S0211,carfilzomib,7,56 mg/m2,3,3
S0211,lenalidomide,7,25 mg,21,21
S0211,dexamethasone,7,40 mg,4,4
S0211,carfilzomib,8,56 mg/m2,3,3
S0211,lenalidomide,8,25 mg,21,21
S0211,dexamethasone,8,40 mg,4,4
S0211,carfilzomib,9,56 mg/m2,3,1
S0211,lenalidomide,9,25 mg,21,21
S0211,dexamethasone,9,40 mg,4,4
S0211,carfilzomib,10,56 mg/m2,3,3
S0211,lenalidomide,10,25 mg,21,21
S0211,dexamethasone,10,40 mg,4,4
S0211,carfilzomib,11,56 mg/m2,3,3
S0211,lenalidomide,11,25 mg,21,21
S0211,dexamethasone,11,40 mg,4,4
S0211,carfilzomib,12,56 mg/m2,3,3
S0211,lenalidomide,12,25 mg,21,21
S0211,dexamethasone,12,40 mg,4,4
S0212,carfilzomib,1,20 mg/m2 then 56 mg/m2,3,3
S0212,lenalidomide,1,25 mg,21,21
S0212,dexamethasone,1,40 mg,4,4
S0212,carfilzomib,2,56 mg/m2,3,3
S0212,lenalidomide,2,25 mg,21,21
S0212,dexamethasone,2,40 mg,4,4
S0212,carfilzomib,3,56 mg/m2,3,3
S0212,lenalidomide,3,25 mg,21,21
S0212,dexamethasone,3,40 mg,4,4
S0212,carfilzomib,4,56 mg/m2,3,3
S0212,lenalidomide,4,25 mg,21,21
S0212,dexamethasone,4,40 mg,4,4
S0212,carfilzomib,5,56 mg/m2,3,3
S0212,lenalidomide,5,25 mg,21,21
S0212,dexamethasone,5,40 mg,4,4
S0212,carfilzomib,6,56 mg/m2,3,3
S0212,lenalidomide,6,25 mg,21,21
S0212,dexamethasone,6,40 mg,4,4
S0212,carfilzomib,7,56 mg/m2,3,3
S0212,lenalidomide,7,25 mg,21,21
S0212,dexamethasone,7,40 mg,4,4
S0212,carfilzomib,8,56 mg/m2,3,3
S0212,lenalidomide,8,25 mg,21,21
S0212,dexamethasone,8,40 mg,4,4
S0212,carfilzomib,9,56 mg/m2,3,3
S0212,lenalidomide,9,25 mg,21,21
S0212,dexamethasone,9,40 mg,4,4
S0212,carfilzomib,10,56 mg/m2,3,3
S0212,lenalidomide,10,25 mg,21,21
S0212,dexamethasone,10,40 mg,4,4
S0212,carfilzomib,11,56 mg/m2,3,3
S0212,lenalidomide,11,25 mg,21,21
S0212,dexamethasone,11,40 mg,4,4
S0212,carfilzomib,12,56 mg/m2,3,3
S0212,lenalidomide,12,25 mg,21,21
S0212,dexamethasone,12,40 mg,4,4
S0213,carfilzomib,1,20 mg/m2 then 27 mg/m2,6,6
S0213,lenalidomide,1,25 mg,21,21
S0213,dexamethasone,1,40 mg,4,4
S0213,carfilzomib,2,27 mg/m2,6,5
S0213,lenalidomide,2,25 mg,21,21
S0213,dexamethasone,2,40 mg,4,4
S0213,carfilzomib,3,27 mg/m2,6,6
S0213,lenalidomide,3,25 mg,21,21
S0213,dexamethasone,3,40 mg,4,4
S0213,carfilzomib,4,27 mg/m2,6,6
S0213,lenalidomide,4,25 mg,21,21
S0213,dexamethasone,4,40 mg,4,4
S0213,carfilzomib,5,27 mg/m2,6,6
S0213,lenalidomide,5,25 mg,21,21
S0213,dexamethasone,5,40 mg,4,4
S0213,carfilzomib,6,27 mg/m2,6,6
S0213,lenalidomide,6,25 mg,21,21
S0213,dexamethasone,6,40 mg,4,4
S0213,carfilzomib,7,27 mg/m2,6,6
S0213,lenalidomide,7,25 mg,21,21
S0213,dexamethasone,7,40 mg,4,4
S0213,carfilzomib,8,27 mg/m2,6,6
S0213,lenalidomide,8,25 mg,21,21
S0213,dexamethasone,8,40 mg,4,4
S0213,carfilzomib,9,27 mg/m2,6,6
S0213,lenalidomide,9,25 mg,21,21
S0213,dexamethasone,9,40 mg,4,4
S0213,carfilzomib,10,27 mg/m2,6,6
S0213,lenalidomide,10,25 mg,21,21
S0213,dexamethasone,10,40 mg,4,4
S0213,carfilzomib,11,27 mg/m2,6,6
S0213,lenalidomide,11,25 mg,21,21
S0213,dexamethasone,11,40 mg,4,4
S0213,carfilzomib,12,27 mg/m2,6,6
S0213,lenalidomide,12,25 mg,21,21
S0213,dexamethasone,12,40 mg,4,4
S0214,carfilzomib,1,20 mg/m2 then 27 mg/m2,6,6
S0214,lenalidomide,1,25 mg,21,21
S0214,dexamethasone,1,40 mg,4,4
S0214,carfilzomib,2,27 mg/m2,6,6
S0214,lenalidomide,2,25 mg,21,21
S0214,dexamethasone,2,40 mg,4,4
S0214,carfilzomib,3,27 mg/m2,6,6
S0214,lenalidomide,3,25 mg,21,21
S0214,dexamethasone,3,40 mg,4,4
S0214,carfilzomib,4,27 mg/m2,6,6
S0214,lenalidomide,4,25 mg,21,21
S0214,dexamethasone,4,40 mg,4,4
S0214,carfilzomib,5,27 mg/m2,6,6
S0214,lenalidomide,5,25 mg,21,21
S0214,dexamethasone,5,40 mg,4,4
S0214,carfilzomib,6,27 mg/m2,6,6
S0214,lenalidomide,6,25 mg,21,21
S0214,dexamethasone,6,40 mg,4,4
S0214,carfilzomib,7,27 mg/m2,6,6
S0214,lenalidomide,7,25 mg,21,21
S0214,dexamethasone,7,40 mg,4,4
S0214,carfilzomib,8,27 mg/m2,6,6
S0214,lenalidomide,8,25 mg,21,21
S0214,dexamethasone,8,40 mg,4,4
S0214,carfilzomib,9,27 mg/m2,6,6
S0214,lenalidomide,9,25 mg,21,21
S0214,dexamethasone,9,40 mg,4,4
S0214,carfilzomib,10,27 mg/m2,6,6
S0214,lenalidomide,10,25 mg,21,21
S0214,dexamethasone,10,40 mg,4,4
S0214,carfilzomib,11,27 mg/m2,6,6
S0214,lenalidomide,11,25 mg,21,21
S0214,dexamethasone,11,40 mg,4,4
S0214,carfilzomib,12,27 mg/m2,6,6
S0214,lenalidomide,12,25 mg,21,21
S0214,dexamethasone,12,40 mg,4,4
S0215,carfilzomib,1,20 mg/m2 then 27 mg/m2,6,6
S0215,lenalidomide,1,25 mg,21,21
S0215,dexamethasone,1,40 mg,4,4
S0215,carfilzomib,2,27 mg/m2,6,6
S0215,lenalidomide,2,25 mg,21,21
S0215,dexamethasone,2,40 mg,4,4
S0215,carfilzomib,3,27 mg/m2,6,6
S0215,lenalidomide,3,25 mg,21,21
S0215,dexamethasone,3,40 mg,4,4
S0215,carfilzomib,4,27 mg/m2,6,6
S0215,lenalidomide,4,25 mg,21,21
S0215,dexamethasone,4,40 mg,4,4
S0215,carfilzomib,5,27 mg/m2,6,6
S0215,lenalidomide,5,25 mg,21,21
S0215,dexamethasone,5,40 mg,4,4
S0215,carfilzomib,6,27 mg/m2,6,6
S0215,lenalidomide,6,25 mg,21,21
S0215,dexamethasone,6,40 mg,4,4
S0215,carfilzomib,7,27 mg/m2,6,6
S0215,lenalidomide,7,25 mg,21,21
S0215,dexamethasone,7,40 mg,4,4
S0215,carfilzomib,8,27 mg/m2,6,6
S0215,lenalidomide,8,25 mg,21,21
S0215,dexamethasone,8,40 mg,4,4
S0215,carfilzomib,9,27 mg/m2,6,6
S0215,lenalidomide,9,25 mg,21,21
S0215,dexamethasone,9,40 mg,4,4
S0215,carfilzomib,10,27 mg/m2,6,6
S0215,lenalidomide,10,25 mg,21,21
S0215,dexamethasone,10,40 mg,4,4
S0215,carfilzomib,11,27 mg/m2,6,6
S0215,lenalidomide,11,25 mg,21,21
S0215,dexamethasone,11,40 mg,4,4
S0215,carfilzomib,12,27 mg/m2,6,6
S0215,lenalidomide,12,25 mg,21,21
S0215,dexamethasone,12,40 mg,4,4
S0216,carfilzomib,1,20 mg/m2 then 56 mg/m2,3,3
S0216,lenalidomide,1,25 mg,21,21
S0216,dexamethasone,1,40 mg,4,4
S0216,carfilzomib,2,56 mg/m2,3,3
S0216,lenalidomide,2,25 mg,21,21
S0216,dexamethasone,2,40 mg,4,4
S0216,carfilzomib,3,56 mg/m2,3,3
S0216,lenalidomide,3,25 mg,21,21
S0216,dexamethasone,3,40 mg,4,4
S0216,carfilzomib,4,56 mg/m2,3,3
S0216,lenalidomide,4,25 mg,21,21
S0216,dexamethasone,4,40 mg,4,4
S0216,carfilzomib,5,56 mg/m2,3,3
S0216,lenalidomide,5,25 mg,21,21
S0216,dexamethasone,5,40 mg,4,4
S0216,carfilzomib,6,56 mg/m2,3,3
S0216,lenalidomide,6,25 mg,21,21
S0216,dexamethasone,6,40 mg,4,4
S0216,carfilzomib,7,56 mg/m2,3,3
S0216,lenalidomide,7,25 mg,21,21
S0216,dexamethasone,7,40 mg,4,4
S0216,carfilzomib,8,56 mg/m2,3,3
S0216,lenalidomide,8,25 mg,21,21
S0216,dexamethasone,8,40 mg,4,4
S0216,carfilzomib,9,56 mg/m2,3,3
S0216,lenalidomide,9,25 mg,21,21
S0216,dexamethasone,9,40 mg,4,4
S0216,carfilzomib,10,56 mg/m2,3,3
S0216,lenalidomide,10,25 mg,21,21
S0216,dexamethasone,10,40 mg,4,4
S0216,carfilzomib,11,56 mg/m2,3,3
S0216,lenalidomide,11,25 mg,21,21
S0216,dexamethasone,11,40 mg,4,4
S0216,carfilzomib,12,56 mg/m2,3,3
S0216,lenalidomide,12,25 mg,21,21
S0216,dexamethasone,12,40 mg,4,4
S0217,carfilzomib,1,20 mg/m2 then 56 mg/m2,3,3
S0217,lenalidomide,1,25 mg,21,21
S0217,dexamethasone,1,40 mg,4,4
S0217,carfilzomib,2,56 mg/m2,3,3
S0217,lenalidomide,2,25 mg,21,21
S0217,dexamethasone,2,40 mg,4,4
S0217,carfilzomib,3,56 mg/m2,3,3
S0217,lenalidomide,3,25 mg,21,21
S0217,dexamethasone,3,40 mg,4,4
S0217,carfilzomib,4,56 mg/m2,3,3
S0217,lenalidomide,4,25 mg,21,21
S0217,dexamethasone,4,40 mg,4,4
S0217,carfilzomib,5,56 mg/m2,3,3
S0217,lenalidomide,5,25 mg,21,21
S0217,dexamethasone,5,40 mg,4,4
S0217,carfilzomib,6,56 mg/m2,3,3
S0217,lenalidomide,6,25 mg,21,21
S0217,dexamethasone,6,40 mg,4,4
S0217,carfilzomib,7,56 mg/m2,3,3
S0217,lenalidomide,7,25 mg,21,21
S0217,dexamethasone,7,40 mg,4,4
S0217,carfilzomib,8,56 mg/m2,3,3
S0217,lenalidomide,8,25 mg,21,21
S0217,dexamethasone,8,40 mg,4,4
S0217,carfilzomib,9,56 mg/m2,3,3
S0217,lenalidomide,9,25 mg,21,21
S0217,dexamethasone,9,40 mg,4,4
S0217,carfilzomib,10,56 mg/m2,3,3
S0217,lenalidomide,10,25 mg,21,21
S0217,dexamethasone,10,40 mg,4,4
S0217,carfilzomib,11,56 mg/m2,3,3
S0217,lenalidomide,11,25 mg,21,21
S0217,dexamethasone,11,40 mg,4,4
S0217,carfilzomib,12,56 mg/m2,3,3
S0217,lenalidomide,12,25 mg,21,21
S0217,dexamethasone,12,40 mg,4,4
S0218,carfilzomib,1,20 mg/m2 then 27 mg/m2,6,6
S0218,lenalidomide,1,25 mg,21,21
S0218,dexamethasone,1,40 mg,4,4
S0218,carfilzomib,2,27 mg/m2,6,5
S0218,lenalidomide,2,25 mg,21,21
S0218,dexamethasone,2,40 mg,4,4
S0218,carfilzomib,3,27 mg/m2,6,6
S0218,lenalidomide,3,25 mg,21,21
S0218,dexamethasone,3,40 mg,4,4
S0218,carfilzomib,4,27 mg/m2,6,6
S0218,lenalidomide,4,25 mg,21,21
S0218,dexamethasone,4,40 mg,4,4
S0218,carfilzomib,5,27 mg/m2,6,6
S0218,lenalidomide,5,25 mg,21,21
S0218,dexamethasone,5,40 mg,4,4
S0218,carfilzomib,6,27 mg/m2,6,6
S0218,lenalidomide,6,25 mg,21,21
S0218,dexamethasone,6,40 mg,4,4
S0218,carfilzomib,7,27 mg/m2,6,6
S0218,lenalidomide,7,25 mg,21,21
S0218,dexamethasone,7,40 mg,4,4
S0218,carfilzomib,8,27 mg/m2,6,6
S0218,lenalidomide,8,25 mg,21,21
S0218,dexamethasone,8,40 mg,4,4
S0218,carfilzomib,9,27 mg/m2,6,6
S0218,lenalidomide,9,25 mg,21,21
S0218,dexamethasone,9,40 mg,4,4
S0218,carfilzomib,10,27 mg/m2,6,6
S0218,lenalidomide,10,25 mg,21,21
S0218,dexamethasone,10,40 mg,4,4
S0218,carfilzomib,11,27 mg/m2,6,6
S0218,lenalidomide,11,25 mg,21,21
S0218,dexamethasone,11,40 mg,4,4
S0218,carfilzomib,12,27 mg/m2,6,6
S0218,lenalidomide,12,25 mg,21,21
S0218,dexamethasone,12,40 mg,4,4
S0219,carfilzomib,1,20 mg/m2 then 56 mg/m2,3,3
S0219,lenalidomide,1,25 mg,21,21
S0219,dexamethasone,1,40 mg,4,4
S0219,carfilzomib,2,56 mg/m2,3,3
S0219,lenalidomide,2,25 mg,21,21
S0219,dexamethasone,2,40 mg,4,4
S0219,carfilzomib,3,56 mg/m2,3,3
S0219,lenalidomide,3,25 mg,21,21
S0219,dexamethasone,3,40 mg,4,4
S0219,carfilzomib,4,56 mg/m2,3,3
S0219,lenalidomide,4,25 mg,21,21
S0219,dexamethasone,4,40 mg,4,4
S0219,carfilzomib,5,56 mg/m2,3,3
S0219,lenalidomide,5,25 mg,21,21
S0219,dexamethasone,5,40 mg,4,4
S0219,carfilzomib,6,56 mg/m2,3,3
S0219,lenalidomide,6,25 mg,21,21
S0219,dexamethasone,6,40 mg,4,4
S0219,carfilzomib,7,56 mg/m2,3,3
S0219,lenalidomide,7,25 mg,21,21
S0219,dexamethasone,7,40 mg,4,4
S0219,carfilzomib,8,56 mg/m2,3,3
S0219,lenalidomide,8,25 mg,21,21
S0219,dexamethasone,8,40 mg,4,4
S0219,carfilzomib,9,56 mg/m2,3,3
S0219,lenalidomide,9,25 mg,21,21
S0219,dexamethasone,9,40 mg,4,4
S0219,carfilzomib,10,56 mg/m2,3,3
S0219,lenalidomide,10,25 mg,21,21
S0219,dexamethasone,10,40 mg,4,4
S0219,carfilzomib,11,56 mg/m2,3,3
S0219,lenalidomide,11,25 mg,21,21
S0219,dexamethasone,11,40 mg,4,4
S0219,carfilzomib,12,56 mg/m2,3,3
S0219,lenalidomide,12,25 mg,21,21
S0219,dexamethasone,12,40 mg,4,4
S0220,carfilzomib,1,20 mg/m2 then 56 mg/m2,3,3
S0220,lenalidomide,1,25 mg,21,21
S0220,dexamethasone,1,40 mg,4,4
S0220,carfilzomib,2,56 mg/m2,3,3
S0220,lenalidomide,2,25 mg,21,21
S0220,dexamethasone,2,40 mg,4,4
S0220,carfilzomib,3,56 mg/m2,3,3
S0220,lenalidomide,3,25 mg,21,21
S0220,dexamethasone,3,40 mg,4,4
S0220,carfilzomib,4,56 mg/m2,3,3
S0220,lenalidomide,4,25 mg,21,21
S0220,dexamethasone,4,40 mg,4,4
S0220,carfilzomib,5,56 mg/m2,3,3
S0220,lenalidomide,5,25 mg,21,21
S0220,dexamethasone,5,40 mg,4,4
S0220,carfilzomib,6,56 mg/m2,3,3
S0220,lenalidomide,6,25 mg,21,21
S0220,dexamethasone,6,40 mg,4,4
S0220,carfilzomib,7,56 mg/m2,3,2
S0220,lenalidomide,7,25 mg,21,21
S0220,dexamethasone,7,40 mg,4,4
S0220,carfilzomib,8,56 mg/m2,1,1
S0220,lenalidomide,8,25 mg,1,1
S0220,dexamethasone,8,40 mg,1,1
S0221,carfilzomib,1,20 mg/m2 then 56 mg/m2,3,3
S0221,lenalidomide,1,25 mg,21,21
S0221,dexamethasone,1,40 mg,4,4
S0221,carfilzomib,2,56 mg/m2,3,3
S0221,lenalidomide,2,25 mg,21,21
S0221,dexamethasone,2,40 mg,4,4
S0221,carfilzomib,3,56 mg/m2,3,3
S0221,lenalidomide,3,25 mg,21,21
S0221,dexamethasone,3,40 mg,4,4
S0221,carfilzomib,4,56 mg/m2,3,3
S0221,lenalidomide,4,25 mg,21,21
S0221,dexamethasone,4,40 mg,4,4
S0221,carfilzomib,5,56 mg/m2,3,3
S0221,lenalidomide,5,25 mg,21,21
S0221,dexamethasone,5,40 mg,4,4
S0221,carfilzomib,6,56 mg/m2,3,3
S0221,lenalidomide,6,25 mg,21,21
S0221,dexamethasone,6,40 mg,4,4
S0221,carfilzomib,7,56 mg/m2,3,3
S0221,lenalidomide,7,25 mg,21,21
S0221,dexamethasone,7,40 mg,4,4
S0221,carfilzomib,8,56 mg/m2,3,3
S0221,lenalidomide,8,25 mg,21,21
S0221,dexamethasone,8,40 mg,4,4
S0221,carfilzomib,9,56 mg/m2,3,3
S0221,lenalidomide,9,25 mg,21,21
S0221,dexamethasone,9,40 mg,4,4
S0221,carfilzomib,10,56 mg/m2,3,3
S0221,lenalidomide,10,25 mg,21,21
S0221,dexamethasone,10,40 mg,4,4
S0221,carfilzomib,11,56 mg/m2,3,3
S0221,lenalidomide,11,25 mg,21,21
S0221,dexamethasone,11,40 mg,4,4
S0221,carfilzomib,12,56 mg/m2,1,1
S0221,lenalidomide,12,25 mg,1,1
S0221,dexamethasone,12,40 mg,1,1
S0222,carfilzomib,1,20 mg/m2 then 27 mg/m2,6,6
S0222,lenalidomide,1,25 mg,21,21
S0222,dexamethasone,1,40 mg,4,4
S0222,carfilzomib,2,27 mg/m2,6,6
S0222,lenalidomide,2,25 mg,21,21
S0222,dexamethasone,2,40 mg,4,4
S0222,carfilzomib,3,27 mg/m2,6,6
S0222,lenalidomide,3,25 mg,21,21
S0222,dexamethasone,3,40 mg,4,4
S0222,carfilzomib,4,27 mg/m2,6,6
S0222,lenalidomide,4,25 mg,21,21
S0222,dexamethasone,4,40 mg,4,4
S0222,carfilzomib,5,27 mg/m2,6,6
S0222,lenalidomide,5,25 mg,21,21
S0222,dexamethasone,5,40 mg,4,4
S0222,carfilzomib,6,27 mg/m2,6,6
S0222,lenalidomide,6,25 mg,21,21
S0222,dexamethasone,6,40 mg,4,4
S0222,carfilzomib,7,27 mg/m2,6,6
S0222,lenalidomide,7,25 mg,21,21
S0222,dexamethasone,7,40 mg,4,4
S0222,carfilzomib,8,27 mg/m2,6,6
S0222,lenalidomide,8,25 mg,21,21
S0222,dexamethasone,8,40 mg,4,4
S0222,carfilzomib,9,27 mg/m2,6,6
S0222,lenalidomide,9,25 mg,21,21
S0222,dexamethasone,9,40 mg,4,4
S0222,carfilzomib,10,27 mg/m2,6,6
S0222,lenalidomide,10,25 mg,21,21
S0222,dexamethasone,10,40 mg,4,4
S0222,carfilzomib,11,27 mg/m2,6,6
S0222,lenalidomide,11,25 mg,21,21
S0222,dexamethasone,11,40 mg,4,4
S0222,carfilzomib,12,27 mg/m2,6,6
S0222,lenalidomide,12,25 mg,21,21
S0222,dexamethasone,12,40 mg,4,4
S0223,carfilzomib,1,20 mg/m2 then 27 mg/m2,6,6
S0223,lenalidomide,1,25 mg,21,21
S0223,dexamethasone,1,40 mg,4,4
S0223,carfilzomib,2,27 mg/m2,6,6
S0223,lenalidomide,2,25 mg,21,21
S0223,dexamethasone,2,40 mg,4,4
S0223,carfilzomib,3,27 mg/m2,6,6
S0223,lenalidomide,3,25 mg,21,21
S0223,dexamethasone,3,40 mg,4,4
S0223,carfilzomib,4,27 mg/m2,6,5
S0223,lenalidomide,4,25 mg,21,21
S0223,dexamethasone,4,40 mg,4,4
S0223,carfilzomib,5,27 mg/m2,6,6
S0223,lenalidomide,5,25 mg,21,21
S0223,dexamethasone,5,40 mg,4,4
S0223,carfilzomib,6,27 mg/m2,6,6
S0223,lenalidomide,6,25 mg,21,21
S0223,dexamethasone,6,40 mg,4,4
S0223,carfilzomib,7,27 mg/m2,6,5
S0223,lenalidomide,7,25 mg,21,21
S0223,dexamethasone,7,40 mg,4,4
S0223,carfilzomib,8,27 mg/m2,6,6
S0223,lenalidomide,8,25 mg,21,21
S0223,dexamethasone,8,40 mg,4,4
S0223,carfilzomib,9,27 mg/m2,6,6
S0223,lenalidomide,9,25 mg,21,21
S0223,dexamethasone,9,40 mg,4,4
S0223,carfilzomib,10,27 mg/m2,6,6
S0223,lenalidomide,10,25 mg,21,21
S0223,dexamethasone,10,40 mg,4,4
S0223,carfilzomib,11,27 mg/m2,6,6
S0223,lenalidomide,11,25 mg,21,21
S0223,dexamethasone,11,40 mg,4,4
S0223,carfilzomib,12,27 mg/m2,6,6
S0223,lenalidomide,12,25 mg,21,21
S0223,dexamethasone,12,40 mg,4,4
S0224,carfilzomib,1,20 mg/m2 then 27 mg/m2,6,6
S0224,lenalidomide,1,25 mg,21,21
S0224,dexamethasone,1,40 mg,4,4
S0224,carfilzomib,2,27 mg/m2,6,6
S0224,lenalidomide,2,25 mg,21,21
S0224,dexamethasone,2,40 mg,4,4
S0224,carfilzomib,3,27 mg/m2,6,6
S0224,lenalidomide,3,25 mg,21,21
S0224,dexamethasone,3,40 mg,4,4
S0224,carfilzomib,4,27 mg/m2,6,6
S0224,lenalidomide,4,25 mg,21,21
S0224,dexamethasone,4,40 mg,4,4
S0224,carfilzomib,5,27 mg/m2,6,6
S0224,lenalidomide,5,25 mg,21,21
S0224,dexamethasone,5,40 mg,4,4
S0224,carfilzomib,6,27 mg/m2,6,6
S0224,lenalidomide,6,25 mg,21,21
S0224,dexamethasone,6,40 mg,4,4
S0224,carfilzomib,7,27 mg/m2,6,6
S0224,lenalidomide,7,25 mg,21,21
S0224,dexamethasone,7,40 mg,4,4
S0224,carfilzomib,8,27 mg/m2,6,6
S0224,lenalidomide,8,25 mg,21,21
S0224,dexamethasone,8,40 mg,4,4
S0224,carfilzomib,9,27 mg/m2,6,5
S0224,lenalidomide,9,25 mg,21,21
S0224,dexamethasone,9,40 mg,4,4
S0224,carfilzomib,10,27 mg/m2,1,1
S0224,lenalidomide,10,25 mg,1,1
S0224,dexamethasone,10,40 mg,1,1
S0225,carfilzomib,1,20 mg/m2 then 56 mg/m2,3,3
S0225,lenalidomide,1,25 mg,21,21
S0225,dexamethasone,1,40 mg,4,4
S0225,carfilzomib,2,56 mg/m2,3,3
S0225,lenalidomide,2,25 mg,21,21
S0225,dexamethasone,2,40 mg,4,4
S0225,carfilzomib,3,56 mg/m2,3,3
S0225,lenalidomide,3,25 mg,21,21
S0225,dexamethasone,3,40 mg,4,4
S0225,carfilzomib,4,56 mg/m2,3,3
S0225,lenalidomide,4,25 mg,21,21
S0225,dexamethasone,4,40 mg,4,4
S0225,carfilzomib,5,56 mg/m2,3,3
S0225,lenalidomide,5,25 mg,21,21
S0225,dexamethasone,5,40 mg,4,4
S0225,carfilzomib,6,56 mg/m2,3,3
S0225,lenalidomide,6,25 mg,21,21
S0225,dexamethasone,6,40 mg,4,4
S0225,carfilzomib,7,56 mg/m2,3,3
S0225,lenalidomide,7,25 mg,21,21
S0225,dexamethasone,7,40 mg,4,4
S0225,carfilzomib,8,56 mg/m2,3,3
S0225,lenalidomide,8,25 mg,21,21
S0225,dexamethasone,8,40 mg,4,4
S0225,carfilzomib,9,56 mg/m2,3,3
S0225,lenalidomide,9,25 mg,21,21
S0225,dexamethasone,9,40 mg,4,4
S0225,carfilzomib,10,56 mg/m2,3,3
S0225,lenalidomide,10,25 mg,21,21
S0225,dexamethasone,10,40 mg,4,4
S0225,carfilzomib,11,56 mg/m2,3,3
S0225,lenalidomide,11,25 mg,21,21
S0225,dexamethasone,11,40 mg,4,4
S0225,carfilzomib,12,56 mg/m2,3,3
S0225,lenalidomide,12,25 mg,21,21
S0225,dexamethasone,12,40 mg,4,4
S0226,carfilzomib,1,20 mg/m2 then 27 mg/m2,6,6
S0226,lenalidomide,1,25 mg,21,21
S0226,dexamethasone,1,40 mg,4,4
S0226,carfilzomib,2,27 mg/m2,6,6
S0226,lenalidomide,2,25 mg,21,21
S0226,dexamethasone,2,40 mg,4,4
S0226,carfilzomib,3,27 mg/m2,6,6
S0226,lenalidomide,3,25 mg,21,21
S0226,dexamethasone,3,40 mg,4,4
S0226,carfilzomib,4,27 mg/m2,6,6
S0226,lenalidomide,4,25 mg,21,21
S0226,dexamethasone,4,40 mg,4,4
S0226,carfilzomib,5,27 mg/m2,6,6
S0226,lenalidomide,5,25 mg,21,21
S0226,dexamethasone,5,40 mg,4,4
S0226,carfilzomib,6,27 mg/m2,6,6
S0226,lenalidomide,6,25 mg,21,21
S0226,dexamethasone,6,40 mg,4,4
S0226,carfilzomib,7,27 mg/m2,6,6
S0226,lenalidomide,7,25 mg,21,21
S0226,dexamethasone,7,40 mg,4,4
S0226,carfilzomib,8,27 mg/m2,6,6
S0226,lenalidomide,8,25 mg,21,21
S0226,dexamethasone,8,40 mg,4,4
S0226,carfilzomib,9,27 mg/m2,6,6
S0226,lenalidomide,9,25 mg,21,21
S0226,dexamethasone,9,40 mg,4,4
S0226,carfilzomib,10,27 mg/m2,6,6
S0226,lenalidomide,10,25 mg,21,21
S0226,dexamethasone,10,40 mg,4,4
S0226,carfilzomib,11,27 mg/m2,6,6
S0226,lenalidomide,11,25 mg,21,21
S0226,dexamethasone,11,40 mg,4,4
S0226,carfilzomib,12,27 mg/m2,6,6
S0226,lenalidomide,12,25 mg,21,21
S0226,dexamethasone,12,40 mg,4,4
S0227,carfilzomib,1,20 mg/m2 then 56 mg/m2,3,3
S0227,lenalidomide,1,25 mg,21,21
S0227,dexamethasone,1,40 mg,4,4
S0227,carfilzomib,2,56 mg/m2,3,3
S0227,lenalidomide,2,25 mg,21,21
S0227,dexamethasone,2,40 mg,4,4
S0227,carfilzomib,3,56 mg/m2,3,3
S0227,lenalidomide,3,25 mg,21,21
S0227,dexamethasone,3,40 mg,4,4
S0227,carfilzomib,4,56 mg/m2,3,3
S0227,lenalidomide,4,25 mg,21,21
S0227,dexamethasone,4,40 mg,4,4
S0227,carfilzomib,5,56 mg/m2,3,3
S0227,lenalidomide,5,25 mg,21,21
S0227,dexamethasone,5,40 mg,4,4
S0227,carfilzomib,6,56 mg/m2,3,3
S0227,lenalidomide,6,25 mg,21,21
S0227,dexamethasone,6,40 mg,4,4
S0227,carfilzomib,7,56 mg/m2,3,3
S0227,lenalidomide,7,25 mg,21,21
S0227,dexamethasone,7,40 mg,4,4
S0227,carfilzomib,8,56 mg/m2,3,3
S0227,lenalidomide,8,25 mg,21,21
S0227,dexamethasone,8,40 mg,4,4
S0227,carfilzomib,9,56 mg/m2,3,3
S0227,lenalidomide,9,25 mg,21,21
S0227,dexamethasone,9,40 mg,4,4
S0227,carfilzomib,10,56 mg/m2,3,3
S0227,lenalidomide,10,25 mg,21,21
S0227,dexamethasone,10,40 mg,4,4
S0227,carfilzomib,11,56 mg/m2,3,3
S0227,lenalidomide,11,25 mg,21,21
S0227,dexamethasone,11,40 mg,4,4
S0227,carfilzomib,12,56 mg/m2,3,3
S0227,lenalidomide,12,25 mg,21,21
S0227,dexamethasone,12,40 mg,4,4
S0228,carfilzomib,1,20 mg/m2 then 56 mg/m2,3,3
S0228,lenalidomide,1,25 mg,21,21
S0228,dexamethasone,1,40 mg,4,4
S0228,carfilzomib,2,56 mg/m2,3,3
S0228,lenalidomide,2,25 mg,21,21
S0228,dexamethasone,2,40 mg,4,4
S0228,carfilzomib,3,56 mg/m2,3,3
S0228,lenalidomide,3,25 mg,21,21
S0228,dexamethasone,3,40 mg,4,4
S0228,carfilzomib,4,56 mg/m2,3,3
S0228,lenalidomide,4,25 mg,21,21
S0228,dexamethasone,4,40 mg,4,4
S0228,carfilzomib,5,56 mg/m2,3,3
S0228,lenalidomide,5,25 mg,21,21
S0228,dexamethasone,5,40 mg,4,4
S0228,carfilzomib,6,56 mg/m2,3,3
S0228,lenalidomide,6,25 mg,21,21
S0228,dexamethasone,6,40 mg,4,4
S0228,carfilzomib,7,56 mg/m2,3,3
S0228,lenalidomide,7,25 mg,21,21
S0228,dexamethasone,7,40 mg,4,4
S0228,carfilzomib,8,56 mg/m2,1,1
S0228,lenalidomide,8,25 mg,7,7
S0228,dexamethasone,8,40 mg,1,1
S0229,carfilzomib,1,20 mg/m2 then 56 mg/m2,3,3
S0229,lenalidomide,1,25 mg,21,21
S0229,dexamethasone,1,40 mg,4,4
S0229,carfilzomib,2,56 mg/m2,3,3
S0229,lenalidomide,2,25 mg,21,21
S0229,dexamethasone,2,40 mg,4,4
S0229,carfilzomib,3,56 mg/m2,3,3
S0229,lenalidomide,3,25 mg,21,21
S0229,dexamethasone,3,40 mg,4,4
S0229,carfilzomib,4,56 mg/m2,3,3
S0229,lenalidomide,4,25 mg,21,21
S0229,dexamethasone,4,40 mg,4,4
S0229,carfilzomib,5,56 mg/m2,3,3
S0229,lenalidomide,5,25 mg,21,21
S0229,dexamethasone,5,40 mg,4,4
S0229,carfilzomib,6,56 mg/m2,3,3
S0229,lenalidomide,6,25 mg,21,21
S0229,dexamethasone,6,40 mg,4,4
S0229,carfilzomib,7,56 mg/m2,3,3
S0229,lenalidomide,7,25 mg,21,21
S0229,dexamethasone,7,40 mg,4,4
S0229,carfilzomib,8,56 mg/m2,3,3
S0229,lenalidomide,8,25 mg,21,21
S0229,dexamethasone,8,40 mg,4,4
S0229,carfilzomib,9,56 mg/m2,3,3
S0229,lenalidomide,9,25 mg,21,21
S0229,dexamethasone,9,40 mg,4,4
S0229,carfilzomib,10,56 mg/m2,3,3
S0229,lenalidomide,10,25 mg,21,21
S0229,dexamethasone,10,40 mg,4,4
S0229,carfilzomib,11,56 mg/m2,3,3
S0229,lenalidomide,11,25 mg,21,21
S0229,dexamethasone,11,40 mg,4,4
S0229,carfilzomib,12,56 mg/m2,3,3
S0229,lenalidomide,12,25 mg,21,21
S0229,dexamethasone,12,40 mg,4,4
S0230,carfilzomib,1,20 mg/m2 then 27 mg/m2,6,6
S0230,lenalidomide,1,25 mg,21,21
S0230,dexamethasone,1,40 mg,4,4
S0230,carfilzomib,2,27 mg/m2,6,6
S0230,lenalidomide,2,25 mg,21,21
S0230,dexamethasone,2,40 mg,4,4
S0230,carfilzomib,3,27 mg/m2,6,6
S0230,lenalidomide,3,25 mg,21,21
S0230,dexamethasone,3,40 mg,4,4
S0230,carfilzomib,4,27 mg/m2,6,6
S0230,lenalidomide,4,25 mg,21,21
S0230,dexamethasone,4,40 mg,4,4
S0230,carfilzomib,5,27 mg/m2,6,6
S0230,lenalidomide,5,25 mg,21,21
S0230,dexamethasone,5,40 mg,4,4
S0230,carfilzomib,6,27 mg/m2,6,6
S0230,lenalidomide,6,25 mg,21,21
S0230,dexamethasone,6,40 mg,4,4
S0230,carfilzomib,7,27 mg/m2,6,6
S0230,lenalidomide,7,25 mg,21,21
S0230,dexamethasone,7,40 mg,4,4
S0230,carfilzomib,8,27 mg/m2,6,5
S0230,lenalidomide,8,25 mg,21,21
S0230,dexamethasone,8,40 mg,4,4
S0230,carfilzomib,9,27 mg/m2,6,6
S0230,lenalidomide,9,25 mg,21,21
S0230,dexamethasone,9,40 mg,4,4
S0230,carfilzomib,10,27 mg/m2,6,6
S0230,lenalidomide,10,25 mg,21,21
S0230,dexamethasone,10,40 mg,4,4
S0230,carfilzomib,11,27 mg/m2,1,1
S0230,lenalidomide,11,25 mg,1,1
S0230,dexamethasone,11,40 mg,1,1
S0231,carfilzomib,1,20 mg/m2 then 27 mg/m2,6,6
S0231,lenalidomide,1,25 mg,21,21
S0231,dexamethasone,1,40 mg,4,4
S0231,carfilzomib,2,27 mg/m2,6,6
S0231,lenalidomide,2,25 mg,21,21
S0231,dexamethasone,2,40 mg,4,4
S0231,carfilzomib,3,27 mg/m2,6,6
S0231,lenalidomide,3,25 mg,21,21
S0231,dexamethasone,3,40 mg,4,4
S0231,carfilzomib,4,27 mg/m2,6,6
S0231,lenalidomide,4,25 mg,21,21
S0231,dexamethasone,4,40 mg,4,4
S0231,carfilzomib,5,27 mg/m2,6,6
S0231,lenalidomide,5,25 mg,21,21
S0231,dexamethasone,5,40 mg,4,4
S0231,carfilzomib,6,27 mg/m2,6,6
S0231,lenalidomide,6,25 mg,21,21
S0231,dexamethasone,6,40 mg,4,4
S0231,carfilzomib,7,27 mg/m2,6,6
S0231,lenalidomide,7,25 mg,21,21
S0231,dexamethasone,7,40 mg,4,4
S0231,carfilzomib,8,27 mg/m2,6,6
S0231,lenalidomide,8,25 mg,21,21
S0231,dexamethasone,8,40 mg,4,4
S0231,carfilzomib,9,27 mg/m2,6,6
S0231,lenalidomide,9,25 mg,21,21
S0231,dexamethasone,9,40 mg,4,4
S0231,carfilzomib,10,27 mg/m2,6,6
S0231,lenalidomide,10,25 mg,21,21
S0231,dexamethasone,10,40 mg,4,4
S0231,carfilzomib,11,27 mg/m2,6,6
S0231,lenalidomide,11,25 mg,21,21
S0231,dexamethasone,11,40 mg,4,4
S0231,carfilzomib,12,27 mg/m2,6,6
S0231,lenalidomide,12,25 mg,21,21
S0231,dexamethasone,12,40 mg,4,4
S0232,carfilzomib,1,20 mg/m2 then 27 mg/m2,6,6
S0232,lenalidomide,1,25 mg,21,21
S0232,dexamethasone,1,40 mg,4,4
S0232,carfilzomib,2,27 mg/m2,6,5
S0232,lenalidomide,2,25 mg,21,21
S0232,dexamethasone,2,40 mg,4,4
S0232,carfilzomib,3,27 mg/m2,6,6
S0232,lenalidomide,3,25 mg,21,21
S0232,dexamethasone,3,40 mg,4,4
S0232,carfilzomib,4,27 mg/m2,6,6
S0232,lenalidomide,4,25 mg,21,21
S0232,dexamethasone,4,40 mg,4,4
S0232,carfilzomib,5,27 mg/m2,6,6
S0232,lenalidomide,5,25 mg,21,21
S0232,dexamethasone,5,40 mg,4,4
S0232,carfilzomib,6,27 mg/m2,6,6
S0232,lenalidomide,6,25 mg,21,21
S0232,dexamethasone,6,40 mg,4,4
S0232,carfilzomib,7,27 mg/m2,6,6
S0232,lenalidomide,7,25 mg,21,21
S0232,dexamethasone,7,40 mg,4,4
S0232,carfilzomib,8,27 mg/m2,6,6
S0232,lenalidomide,8,25 mg,21,21
S0232,dexamethasone,8,40 mg,4,4
S0232,carfilzomib,9,27 mg/m2,6,6
S0232,lenalidomide,9,25 mg,21,21
S0232,dexamethasone,9,40 mg,4,4
S0232,carfilzomib,10,27 mg/m2,6,6
S0232,lenalidomide,10,25 mg,21,21
S0232,dexamethasone,10,40 mg,4,4
S0232,carfilzomib,11,27 mg/m2,6,6
S0232,lenalidomide,11,25 mg,21,21
S0232,dexamethasone,11,40 mg,4,4
S0232,carfilzomib,12,27 mg/m2,6,6
S0232,lenalidomide,12,25 mg,21,21
S0232,dexamethasone,12,40 mg,4,4
S0233,carfilzomib,1,20 mg/m2 then 27 mg/m2,6,6
S0233,lenalidomide,1,25 mg,21,21
S0233,dexamethasone,1,40 mg,4,4
S0233,carfilzomib,2,27 mg/m2,6,6
S0233,lenalidomide,2,25 mg,21,21
S0233,dexamethasone,2,40 mg,4,4
S0233,carfilzomib,3,27 mg/m2,6,6
S0233,lenalidomide,3,25 mg,21,21
S0233,dexamethasone,3,40 mg,4,4
S0233,carfilzomib,4,27 mg/m2,6,6
S0233,lenalidomide,4,25 mg,21,21
S0233,dexamethasone,4,40 mg,4,4
S0233,carfilzomib,5,27 mg/m2,6,6
S0233,lenalidomide,5,25 mg,21,21
S0233,dexamethasone,5,40 mg,4,4
S0233,carfilzomib,6,27 mg/m2,6,6
S0233,lenalidomide,6,25 mg,21,21
S0233,dexamethasone,6,40 mg,4,4
S0233,carfilzomib,7,27 mg/m2,6,6
S0233,lenalidomide,7,25 mg,21,21
S0233,dexamethasone,7,40 mg,4,4
S0233,carfilzomib,8,27 mg/m2,6,6
S0233,lenalidomide,8,25 mg,21,21
S0233,dexamethasone,8,40 mg,4,4
S0233,carfilzomib,9,27 mg/m2,6,6
S0233,lenalidomide,9,25 mg,21,21
S0233,dexamethasone,9,40 mg,4,4
S0233,carfilzomib,10,27 mg/m2,6,6
S0233,lenalidomide,10,25 mg,21,21
S0233,dexamethasone,10,40 mg,4,4
S0233,carfilzomib,11,27 mg/m2,6,6
S0233,lenalidomide,11,25 mg,21,21
S0233,dexamethasone,11,40 mg,4,4
S0233,carfilzomib,12,27 mg/m2,6,6
S0233,lenalidomide,12,25 mg,21,21
S0233,dexamethasone,12,40 mg,4,4
S0234,carfilzomib,1,20 mg/m2 then 27 mg/m2,6,6
S0234,lenalidomide,1,25 mg,21,21
S0234,dexamethasone,1,40 mg,4,4
S0234,carfilzomib,2,27 mg/m2,6,6
S0234,lenalidomide,2,25 mg,21,21
S0234,dexamethasone,2,40 mg,4,4
S0234,carfilzomib,3,27 mg/m2,6,6
S0234,lenalidomide,3,25 mg,21,21
S0234,dexamethasone,3,40 mg,4,4
S0234,carfilzomib,4,27 mg/m2,6,6
S0234,lenalidomide,4,25 mg,21,21
S0234,dexamethasone,4,40 mg,4,4
S0234,carfilzomib,5,27 mg/m2,6,6
S0234,lenalidomide,5,25 mg,21,21
S0234,dexamethasone,5,40 mg,4,4
S0234,carfilzomib,6,27 mg/m2,6,6
S0234,lenalidomide,6,25 mg,21,21
S0234,dexamethasone,6,40 mg,4,4
S0234,carfilzomib,7,27 mg/m2,6,6
S0234,lenalidomide,7,25 mg,21,21
S0234,dexamethasone,7,40 mg,4,4
S0234,carfilzomib,8,27 mg/m2,6,5
S0234,lenalidomide,8,25 mg,21,21
S0234,dexamethasone,8,40 mg,4,4
S0234,carfilzomib,9,27 mg/m2,6,6
S0234,lenalidomide,9,25 mg,21,21
S0234,dexamethasone,9,40 mg,4,4
S0234,carfilzomib,10,27 mg/m2,6,6
S0234,lenalidomide,10,25 mg,21,21
S0234,dexamethasone,10,40 mg,4,4
S0234,carfilzomib,11,27 mg/m2,6,6
S0234,lenalidomide,11,25 mg,21,21
S0234,dexamethasone,11,40 mg,4,4
S0234,carfilzomib,12,27 mg/m2,6,6
S0234,lenalidomide,12,25 mg,21,21
S0234,dexamethasone,12,40 mg,4,4
S0235,carfilzomib,1,20 mg/m2 then 27 mg/m2,6,6
S0235,lenalidomide,1,25 mg,21,21
S0235,dexamethasone,1,40 mg,4,4
S0235,carfilzomib,2,27 mg/m2,6,6
S0235,lenalidomide,2,25 mg,21,21
S0235,dexamethasone,2,40 mg,4,4
S0235,carfilzomib,3,27 mg/m2,6,6
S0235,lenalidomide,3,25 mg,21,21
S0235,dexamethasone,3,40 mg,4,4
S0235,carfilzomib,4,27 mg/m2,6,6
S0235,lenalidomide,4,25 mg,21,21
S0235,dexamethasone,4,40 mg,4,4
S0235,carfilzomib,5,27 mg/m2,6,6
S0235,lenalidomide,5,25 mg,21,21
S0235,dexamethasone,5,40 mg,4,4
S0235,carfilzomib,6,27 mg/m2,6,6
S0235,lenalidomide,6,25 mg,21,21
S0235,dexamethasone,6,40 mg,4,4
S0235,carfilzomib,7,27 mg/m2,6,6
S0235,lenalidomide,7,25 mg,21,21
S0235,dexamethasone,7,40 mg,4,4
S0235,carfilzomib,8,27 mg/m2,6,6
S0235,lenalidomide,8,25 mg,21,21
S0235,dexamethasone,8,40 mg,4,4
S0235,carfilzomib,9,27 mg/m2,6,6
S0235,lenalidomide,9,25 mg,21,21
S0235,dexamethasone,9,40 mg,4,4
S0235,carfilzomib,10,27 mg/m2,6,6
S0235,lenalidomide,10,25 mg,21,21
S0235,dexamethasone,10,40 mg,4,4
S0235,carfilzomib,11,27 mg/m2,6,6
S0235,lenalidomide,11,25 mg,21,21
S0235,dexamethasone,11,40 mg,4,4
S0235,carfilzomib,12,27 mg/m2,6,6
S0235,lenalidomide,12,25 mg,21,21
S0235,dexamethasone,12,40 mg,4,4
S0236,carfilzomib,1,20 mg/m2 then 27 mg/m2,6,6
S0236,lenalidomide,1,25 mg,21,21
S0236,dexamethasone,1,40 mg,4,4
S0236,carfilzomib,2,27 mg/m2,6,6
S0236,lenalidomide,2,25 mg,21,21
S0236,dexamethasone,2,40 mg,4,4
S0236,carfilzomib,3,27 mg/m2,6,6
S0236,lenalidomide,3,25 mg,21,21
S0236,dexamethasone,3,40 mg,4,4
S0236,carfilzomib,4,27 mg/m2,6,6
S0236,lenalidomide,4,25 mg,21,21
S0236,dexamethasone,4,40 mg,4,4
S0236,carfilzomib,5,27 mg/m2,6,6
S0236,lenalidomide,5,25 mg,21,21
S0236,dexamethasone,5,40 mg,4,4
S0236,carfilzomib,6,27 mg/m2,6,6
S0236,lenalidomide,6,25 mg,21,21
S0236,dexamethasone,6,40 mg,4,4
S0236,carfilzomib,7,27 mg/m2,6,6
S0236,lenalidomide,7,25 mg,21,21
S0236,dexamethasone,7,40 mg,4,4
S0236,carfilzomib,8,27 mg/m2,6,6
S0236,lenalidomide,8,25 mg,21,21
S0236,dexamethasone,8,40 mg,4,4
S0236,carfilzomib,9,27 mg/m2,6,6
S0236,lenalidomide,9,25 mg,21,21
S0236,dexamethasone,9,40 mg,4,4
S0236,carfilzomib,10,27 mg/m2,6,6
S0236,lenalidomide,10,25 mg,21,21
S0236,dexamethasone,10,40 mg,4,4
S0236,carfilzomib,11,27 mg/m2,6,6
S0236,lenalidomide,11,25 mg,21,21
S0236,dexamethasone,11,40 mg,4,4
S0236,carfilzomib,12,27 mg/m2,6,6
S0236,lenalidomide,12,25 mg,21,21
S0236,dexamethasone,12,40 mg,4,4
S0237,carfilzomib,1,20 mg/m2 then 27 mg/m2,6,6
S0237,lenalidomide,1,25 mg,21,21
S0237,dexamethasone,1,40 mg,4,4
S0237,carfilzomib,2,27 mg/m2,6,6
S0237,lenalidomide,2,25 mg,21,21
S0237,dexamethasone,2,40 mg,4,4
S0237,carfilzomib,3,27 mg/m2,6,6
S0237,lenalidomide,3,25 mg,21,21
S0237,dexamethasone,3,40 mg,4,4
S0237,carfilzomib,4,27 mg/m2,6,6
S0237,lenalidomide,4,25 mg,21,21
S0237,dexamethasone,4,40 mg,4,4
S0237,carfilzomib,5,27 mg/m2,6,6
S0237,lenalidomide,5,25 mg,21,21
S0237,dexamethasone,5,40 mg,4,4
S0237,carfilzomib,6,27 mg/m2,6,6
S0237,lenalidomide,6,25 mg,21,21
S0237,dexamethasone,6,40 mg,4,4
S0237,carfilzomib,7,27 mg/m2,6,6
S0237,lenalidomide,7,25 mg,21,21
S0237,dexamethasone,7,40 mg,4,4
S0237,carfilzomib,8,27 mg/m2,6,6
S0237,lenalidomide,8,25 mg,21,21
S0237,dexamethasone,8,40 mg,4,4
S0237,carfilzomib,9,27 mg/m2,6,6
S0237,lenalidomide,9,25 mg,21,21
S0237,dexamethasone,9,40 mg,4,4
S0237,carfilzomib,10,27 mg/m2,6,6
S0237,lenalidomide,10,25 mg,21,21
S0237,dexamethasone,10,40 mg,4,4
S0237,carfilzomib,11,27 mg/m2,6,6
S0237,lenalidomide,11,25 mg,21,21
S0237,dexamethasone,11,40 mg,4,4
S0237,carfilzomib,12,27 mg/m2,6,6
S0237,lenalidomide,12,25 mg,21,21
S0237,dexamethasone,12,40 mg,4,4
S0238,carfilzomib,1,20 mg/m2 then 27 mg/m2,6,6
S0238,lenalidomide,1,25 mg,21,21
S0238,dexamethasone,1,40 mg,4,4
S0238,carfilzomib,2,27 mg/m2,6,6
S0238,lenalidomide,2,25 mg,21,21
S0238,dexamethasone,2,40 mg,4,4
S0238,carfilzomib,3,27 mg/m2,6,6
S0238,lenalidomide,3,25 mg,21,21
S0238,dexamethasone,3,40 mg,4,4
S0238,carfilzomib,4,27 mg/m2,6,6
S0238,lenalidomide,4,25 mg,21,21
S0238,dexamethasone,4,40 mg,4,4
S0238,carfilzomib,5,27 mg/m2,6,6
S0238,lenalidomide,5,25 mg,21,21
S0238,dexamethasone,5,40 mg,4,4
S0238,carfilzomib,6,27 mg/m2,6,6
S0238,lenalidomide,6,25 mg,21,21
S0238,dexamethasone,6,40 mg,4,4
S0238,carfilzomib,7,27 mg/m2,6,6
S0238,lenalidomide,7,25 mg,21,21
S0238,dexamethasone,7,40 mg,4,4
S0238,carfilzomib,8,27 mg/m2,6,6
S0238,lenalidomide,8,25 mg,21,21
S0238,dexamethasone,8,40 mg,4,4
S0238,carfilzomib,9,27 mg/m2,6,6
S0238,lenalidomide,9,25 mg,21,21
S0238,dexamethasone,9,40 mg,4,4
S0238,carfilzomib,10,27 mg/m2,6,6
S0238,lenalidomide,10,25 mg,21,21
S0238,dexamethasone,10,40 mg,4,4
S0238,carfilzomib,11,27 mg/m2,6,6
S0238,lenalidomide,11,25 mg,21,21
S0238,dexamethasone,11,40 mg,4,4
S0238,carfilzomib,12,27 mg/m2,6,6
S0238,lenalidomide,12,25 mg,21,21
S0238,dexamethasone,12,40 mg,4,4
S0239,carfilzomib,1,20 mg/m2 then 56 mg/m2,3,3
S0239,lenalidomide,1,25 mg,21,21
S0239,dexamethasone,1,40 mg,4,4
S0239,carfilzomib,2,56 mg/m2,3,3
S0239,lenalidomide,2,25 mg,21,21
S0239,dexamethasone,2,40 mg,4,4
S0239,carfilzomib,3,56 mg/m2,3,3
S0239,lenalidomide,3,25 mg,21,21
S0239,dexamethasone,3,40 mg,4,4
S0239,carfilzomib,4,56 mg/m2,3,3
S0239,lenalidomide,4,25 mg,21,21
S0239,dexamethasone,4,40 mg,4,4
S0239,carfilzomib,5,56 mg/m2,3,2
S0239,lenalidomide,5,25 mg,21,21
S0239,dexamethasone,5,40 mg,4,4
S0239,carfilzomib,6,56 mg/m2,3,3
S0239,lenalidomide,6,25 mg,21,21
S0239,dexamethasone,6,40 mg,4,4
S0239,carfilzomib,7,56 mg/m2,3,3
S0239,lenalidomide,7,25 mg,21,21
S0239,dexamethasone,7,40 mg,4,4
S0239,carfilzomib,8,56 mg/m2,3,3
S0239,lenalidomide,8,25 mg,21,21
S0239,dexamethasone,8,40 mg,4,4
S0239,carfilzomib,9,56 mg/m2,3,3
S0239,lenalidomide,9,25 mg,21,21
S0239,dexamethasone,9,40 mg,4,4
S0239,carfilzomib,10,56 mg/m2,3,3
S0239,lenalidomide,10,25 mg,21,21
S0239,dexamethasone,10,40 mg,4,4
S0239,carfilzomib,11,56 mg/m2,3,3
S0239,lenalidomide,11,25 mg,21,21
S0239,dexamethasone,11,40 mg,4,4
S0239,carfilzomib,12,56 mg/m2,3,3
S0239,lenalidomide,12,25 mg,21,21
S0239,dexamethasone,12,40 mg,4,4
S0240,carfilzomib,1,20 mg/m2 then 56 mg/m2,3,3
S0240,lenalidomide,1,25 mg,21,21
S0240,dexamethasone,1,40 mg,4,4
S0240,carfilzomib,2,56 mg/m2,3,3
S0240,lenalidomide,2,25 mg,21,21
S0240,dexamethasone,2,40 mg,4,4
S0240,carfilzomib,3,56 mg/m2,3,3
S0240,lenalidomide,3,25 mg,21,21
S0240,dexamethasone,3,40 mg,4,4
S0240,carfilzomib,4,56 mg/m2,3,3
S0240,lenalidomide,4,25 mg,21,21
S0240,dexamethasone,4,40 mg,4,4
S0240,carfilzomib,5,56 mg/m2,3,3
S0240,lenalidomide,5,25 mg,21,21
S0240,dexamethasone,5,40 mg,4,4
S0240,carfilzomib,6,56 mg/m2,3,3
S0240,lenalidomide,6,25 mg,21,21
S0240,dexamethasone,6,40 mg,4,4
S0240,carfilzomib,7,56 mg/m2,3,3
S0240,lenalidomide,7,25 mg,21,21
S0240,dexamethasone,7,40 mg,4,4
S0240,carfilzomib,8,56 mg/m2,3,3
S0240,lenalidomide,8,25 mg,21,21
S0240,dexamethasone,8,40 mg,4,4
S0240,carfilzomib,9,56 mg/m2,3,3
S0240,lenalidomide,9,25 mg,21,21
S0240,dexamethasone,9,40 mg,4,4
S0240,carfilzomib,10,56 mg/m2,3,3
S0240,lenalidomide,10,25 mg,21,21
S0240,dexamethasone,10,40 mg,4,4
S0240,carfilzomib,11,56 mg/m2,3,3
S0240,lenalidomide,11,25 mg,21,21
S0240,dexamethasone,11,40 mg,4,4
S0240,carfilzomib,12,56 mg/m2,3,3
S0240,lenalidomide,12,25 mg,21,21
S0240,dexamethasone,12,40 mg,4,4
S0241,carfilzomib,1,20 mg/m2 then 56 mg/m2,3,3
S0241,lenalidomide,1,25 mg,21,21
S0241,dexamethasone,1,40 mg,4,4
S0241,carfilzomib,2,56 mg/m2,3,3
S0241,lenalidomide,2,25 mg,21,21
S0241,dexamethasone,2,40 mg,4,4
S0241,carfilzomib,3,56 mg/m2,3,3
S0241,lenalidomide,3,25 mg,21,21
S0241,dexamethasone,3,40 mg,4,4
S0241,carfilzomib,4,56 mg/m2,3,3
S0241,lenalidomide,4,25 mg,21,21
S0241,dexamethasone,4,40 mg,4,4
S0241,carfilzomib,5,56 mg/m2,1,1
S0241,lenalidomide,5,25 mg,1,1
S0241,dexamethasone,5,40 mg,1,1
S0242,carfilzomib,1,20 mg/m2 then 56 mg/m2,3,3
S0242,lenalidomide,1,25 mg,21,21
S0242,dexamethasone,1,40 mg,4,4
S0242,carfilzomib,2,56 mg/m2,1,0
S0242,lenalidomide,2,25 mg,1,1
S0242,dexamethasone,2,40 mg,1,1
S0243,carfilzomib,1,20 mg/m2 then 27 mg/m2,6,6
S0243,lenalidomide,1,25 mg,21,21
S0243,dexamethasone,1,40 mg,4,4
S0243,carfilzomib,2,27 mg/m2,6,5
S0243,lenalidomide,2,25 mg,21,21
S0243,dexamethasone,2,40 mg,4,4
S0243,carfilzomib,3,27 mg/m2,6,6
S0243,lenalidomide,3,25 mg,21,21
S0243,dexamethasone,3,40 mg,4,4
S0243,carfilzomib,4,27 mg/m2,6,6
S0243,lenalidomide,4,25 mg,21,21
S0243,dexamethasone,4,40 mg,4,4
S0243,carfilzomib,5,27 mg/m2,6,6
S0243,lenalidomide,5,25 mg,21,21
S0243,dexamethasone,5,40 mg,4,4
S0243,carfilzomib,6,27 mg/m2,6,6
S0243,lenalidomide,6,25 mg,21,21
S0243,dexamethasone,6,40 mg,4,4
S0243,carfilzomib,7,27 mg/m2,6,6
S0243,lenalidomide,7,25 mg,21,21
S0243,dexamethasone,7,40 mg,4,4
S0243,carfilzomib,8,27 mg/m2,6,6
S0243,lenalidomide,8,25 mg,21,21
S0243,dexamethasone,8,40 mg,4,4
S0243,carfilzomib,9,27 mg/m2,6,6
S0243,lenalidomide,9,25 mg,21,21
S0243,dexamethasone,9,40 mg,4,4
S0243,carfilzomib,10,27 mg/m2,6,6
S0243,lenalidomide,10,25 mg,21,21
S0243,dexamethasone,10,40 mg,4,4
S0243,carfilzomib,11,27 mg/m2,6,6
S0243,lenalidomide,11,25 mg,21,21
S0243,dexamethasone,11,40 mg,4,4
S0243,carfilzomib,12,27 mg/m2,6,6
S0243,lenalidomide,12,25 mg,21,21
S0243,dexamethasone,12,40 mg,4,4
S0244,carfilzomib,1,20 mg/m2 then 27 mg/m2,6,6
S0244,lenalidomide,1,25 mg,21,21
S0244,dexamethasone,1,40 mg,4,4
S0244,carfilzomib,2,27 mg/m2,6,6
S0244,lenalidomide,2,25 mg,21,21
S0244,dexamethasone,2,40 mg,4,4
S0244,carfilzomib,3,27 mg/m2,6,5
S0244,lenalidomide,3,25 mg,21,21
S0244,dexamethasone,3,40 mg,4,4
S0244,carfilzomib,4,27 mg/m2,6,6
S0244,lenalidomide,4,25 mg,21,21
S0244,dexamethasone,4,40 mg,4,4
S0244,carfilzomib,5,27 mg/m2,6,6
S0244,lenalidomide,5,25 mg,21,21
S0244,dexamethasone,5,40 mg,4,4
S0244,carfilzomib,6,27 mg/m2,6,6
S0244,lenalidomide,6,25 mg,21,21
S0244,dexamethasone,6,40 mg,4,4
S0244,carfilzomib,7,27 mg/m2,6,6
S0244,lenalidomide,7,25 mg,21,21
S0244,dexamethasone,7,40 mg,4,4
S0244,carfilzomib,8,27 mg/m2,6,6
S0244,lenalidomide,8,25 mg,21,21
S0244,dexamethasone,8,40 mg,4,4
S0244,carfilzomib,9,27 mg/m2,6,6
S0244,lenalidomide,9,25 mg,21,21
S0244,dexamethasone,9,40 mg,4,4
S0244,carfilzomib,10,27 mg/m2,6,6
S0244,lenalidomide,10,25 mg,21,21
S0244,dexamethasone,10,40 mg,4,4
S0244,carfilzomib,11,27 mg/m2,6,6
S0244,lenalidomide,11,25 mg,21,21
S0244,dexamethasone,11,40 mg,4,4
S0244,carfilzomib,12,27 mg/m2,6,6
S0244,lenalidomide,12,25 mg,21,21
S0244,dexamethasone,12,40 mg,4,4
S0245,carfilzomib,1,20 mg/m2 then 27 mg/m2,6,6
S0245,lenalidomide,1,25 mg,21,21
S0245,dexamethasone,1,40 mg,4,4
S0245,carfilzomib,2,27 mg/m2,6,6
S0245,lenalidomide,2,25 mg,21,21
S0245,dexamethasone,2,40 mg,4,4
S0245,carfilzomib,3,27 mg/m2,6,6
S0245,lenalidomide,3,25 mg,21,21
S0245,dexamethasone,3,40 mg,4,4
S0245,carfilzomib,4,27 mg/m2,6,6
S0245,lenalidomide,4,25 mg,21,21
S0245,dexamethasone,4,40 mg,4,4
S0245,carfilzomib,5,27 mg/m2,6,6
S0245,lenalidomide,5,25 mg,21,21
S0245,dexamethasone,5,40 mg,4,4
S0245,carfilzomib,6,27 mg/m2,6,6
S0245,lenalidomide,6,25 mg,21,21
S0245,dexamethasone,6,40 mg,4,4
S0245,carfilzomib,7,27 mg/m2,6,6
S0245,lenalidomide,7,25 mg,21,21
S0245,dexamethasone,7,40 mg,4,4
S0245,carfilzomib,8,27 mg/m2,6,6
S0245,lenalidomide,8,25 mg,21,21
S0245,dexamethasone,8,40 mg,4,4
S0245,carfilzomib,9,27 mg/m2,6,6
S0245,lenalidomide,9,25 mg,21,21
S0245,dexamethasone,9,40 mg,4,4
S0245,carfilzomib,10,27 mg/m2,6,6
S0245,lenalidomide,10,25 mg,21,21
S0245,dexamethasone,10,40 mg,4,4
S0245,carfilzomib,11,27 mg/m2,6,6
S0245,lenalidomide,11,25 mg,21,21
S0245,dexamethasone,11,40 mg,4,4
S0245,carfilzomib,12,27 mg/m2,6,6
S0245,lenalidomide,12,25 mg,21,21
S0245,dexamethasone,12,40 mg,4,4
S0246,carfilzomib,1,20 mg/m2 then 27 mg/m2,6,6
S0246,lenalidomide,1,25 mg,21,21
S0246,dexamethasone,1,40 mg,4,4
S0246,carfilzomib,2,27 mg/m2,6,6
S0246,lenalidomide,2,25 mg,21,21
S0246,dexamethasone,2,40 mg,4,4
S0246,carfilzomib,3,27 mg/m2,6,6
S0246,lenalidomide,3,25 mg,21,21
S0246,dexamethasone,3,40 mg,4,4
S0246,carfilzomib,4,27 mg/m2,6,6
S0246,lenalidomide,4,25 mg,21,21
S0246,dexamethasone,4,40 mg,4,4
S0246,carfilzomib,5,27 mg/m2,6,6
S0246,lenalidomide,5,25 mg,21,21
S0246,dexamethasone,5,40 mg,4,4
S0246,carfilzomib,6,27 mg/m2,6,6
S0246,lenalidomide,6,25 mg,21,21
S0246,dexamethasone,6,40 mg,4,4
S0246,carfilzomib,7,27 mg/m2,6,6
S0246,lenalidomide,7,25 mg,21,21
S0246,dexamethasone,7,40 mg,4,4
S0246,carfilzomib,8,27 mg/m2,6,5
S0246,lenalidomide,8,25 mg,21,21
S0246,dexamethasone,8,40 mg,4,4
S0246,carfilzomib,9,27 mg/m2,6,5
S0246,lenalidomide,9,25 mg,21,21
S0246,dexamethasone,9,40 mg,4,4
S0246,carfilzomib,10,27 mg/m2,6,6
S0246,lenalidomide,10,25 mg,21,21
S0246,dexamethasone,10,40 mg,4,4
S0246,carfilzomib,11,27 mg/m2,6,6
S0246,lenalidomide,11,25 mg,21,21
S0246,dexamethasone,11,40 mg,4,4
S0246,carfilzomib,12,27 mg/m2,6,6
S0246,lenalidomide,12,25 mg,21,21
S0246,dexamethasone,12,40 mg,4,4
S0247,carfilzomib,1,20 mg/m2 then 56 mg/m2,3,3
S0247,lenalidomide,1,25 mg,21,21
S0247,dexamethasone,1,40 mg,4,4
S0247,carfilzomib,2,56 mg/m2,3,3
S0247,lenalidomide,2,25 mg,21,21
S0247,dexamethasone,2,40 mg,4,4
S0247,carfilzomib,3,56 mg/m2,3,3
S0247,lenalidomide,3,25 mg,21,21
S0247,dexamethasone,3,40 mg,4,4
S0247,carfilzomib,4,56 mg/m2,3,3
S0247,lenalidomide,4,25 mg,21,21
S0247,dexamethasone,4,40 mg,4,4
S0247,carfilzomib,5,56 mg/m2,3,3
S0247,lenalidomide,5,25 mg,21,21
S0247,dexamethasone,5,40 mg,4,4
S0247,carfilzomib,6,56 mg/m2,3,3
S0247,lenalidomide,6,25 mg,21,21
S0247,dexamethasone,6,40 mg,4,4
S0247,carfilzomib,7,56 mg/m2,3,3
S0247,lenalidomide,7,25 mg,21,21
S0247,dexamethasone,7,40 mg,4,4
S0247,carfilzomib,8,56 mg/m2,3,3
S0247,lenalidomide,8,25 mg,21,21
S0247,dexamethasone,8,40 mg,4,4
S0247,carfilzomib,9,56 mg/m2,3,3
S0247,lenalidomide,9,25 mg,21,21
S0247,dexamethasone,9,40 mg,4,4
S0247,carfilzomib,10,56 mg/m2,3,3
S0247,lenalidomide,10,25 mg,21,21
S0247,dexamethasone,10,40 mg,4,4
S0247,carfilzomib,11,56 mg/m2,3,3
S0247,lenalidomide,11,25 mg,21,21
S0247,dexamethasone,11,40 mg,4,4
S0247,carfilzomib,12,56 mg/m2,3,3
S0247,lenalidomide,12,25 mg,21,21
S0247,dexamethasone,12,40 mg,4,4
S0248,carfilzomib,1,20 mg/m2 then 27 mg/m2,6,6
S0248,lenalidomide,1,25 mg,21,21
S0248,dexamethasone,1,40 mg,4,4
S0248,carfilzomib,2,27 mg/m2,6,6
S0248,lenalidomide,2,25 mg,21,21
S0248,dexamethasone,2,40 mg,4,4
S0248,carfilzomib,3,27 mg/m2,6,6
S0248,lenalidomide,3,25 mg,21,21
S0248,dexamethasone,3,40 mg,4,4
S0248,carfilzomib,4,27 mg/m2,6,6
S0248,lenalidomide,4,25 mg,21,21
S0248,dexamethasone,4,40 mg,4,4
S0248,carfilzomib,5,27 mg/m2,6,6
S0248,lenalidomide,5,25 mg,21,21
S0248,dexamethasone,5,40 mg,4,4
S0248,carfilzomib,6,27 mg/m2,2,2
S0248,lenalidomide,6,25 mg,4,4
S0248,dexamethasone,6,40 mg,1,1
S0249,carfilzomib,1,20 mg/m2 then 27 mg/m2,6,6
S0249,lenalidomide,1,25 mg,21,21
S0249,dexamethasone,1,40 mg,4,4
S0249,carfilzomib,2,27 mg/m2,6,6
S0249,lenalidomide,2,25 mg,21,21
S0249,dexamethasone,2,40 mg,4,4
S0249,carfilzomib,3,27 mg/m2,6,6
S0249,lenalidomide,3,25 mg,21,21
S0249,dexamethasone,3,40 mg,4,4
S0249,carfilzomib,4,27 mg/m2,6,6
S0249,lenalidomide,4,25 mg,21,21
S0249,dexamethasone,4,40 mg,4,4
S0249,carfilzomib,5,27 mg/m2,6,6
S0249,lenalidomide,5,25 mg,21,21
S0249,dexamethasone,5,40 mg,4,4
S0249,carfilzomib,6,27 mg/m2,6,6
S0249,lenalidomide,6,25 mg,21,21
S0249,dexamethasone,6,40 mg,4,4
S0249,carfilzomib,7,27 mg/m2,6,6
S0249,lenalidomide,7,25 mg,21,21
S0249,dexamethasone,7,40 mg,4,4
S0249,carfilzomib,8,27 mg/m2,6,6
S0249,lenalidomide,8,25 mg,21,21
S0249,dexamethasone,8,40 mg,4,4
S0249,carfilzomib,9,27 mg/m2,6,6
S0249,lenalidomide,9,25 mg,21,21
S0249,dexamethasone,9,40 mg,4,4
S0249,carfilzomib,10,27 mg/m2,6,6
S0249,lenalidomide,10,25 mg,21,21
S0249,dexamethasone,10,40 mg,4,4
S0249,carfilzomib,11,27 mg/m2,6,6
S0249,lenalidomide,11,25 mg,21,21
S0249,dexamethasone,11,40 mg,4,4
S0249,carfilzomib,12,27 mg/m2,6,6
S0249,lenalidomide,12,25 mg,21,21
S0249,dexamethasone,12,40 mg,4,4
S0250,carfilzomib,1,20 mg/m2 then 27 mg/m2,6,6
S0250,lenalidomide,1,25 mg,21,21
S0250,dexamethasone,1,40 mg,4,4
S0250,carfilzomib,2,27 mg/m2,6,6
S0250,lenalidomide,2,25 mg,21,21
S0250,dexamethasone,2,40 mg,4,4
S0250,carfilzomib,3,27 mg/m2,6,6
S0250,lenalidomide,3,25 mg,21,21
S0250,dexamethasone,3,40 mg,4,4
S0250,carfilzomib,4,27 mg/m2,6,6
S0250,lenalidomide,4,25 mg,21,21
S0250,dexamethasone,4,40 mg,4,4
S0250,carfilzomib,5,27 mg/m2,6,6
S0250,lenalidomide,5,25 mg,21,21
S0250,dexamethasone,5,40 mg,4,4
S0250,carfilzomib,6,27 mg/m2,6,6
S0250,lenalidomide,6,25 mg,21,21
S0250,dexamethasone,6,40 mg,4,4
S0250,carfilzomib,7,27 mg/m2,6,6
S0250,lenalidomide,7,25 mg,21,21
S0250,dexamethasone,7,40 mg,4,4
S0250,carfilzomib,8,27 mg/m2,6,6
S0250,lenalidomide,8,25 mg,21,21
S0250,dexamethasone,8,40 mg,4,4
S0250,carfilzomib,9,27 mg/m2,6,6
S0250,lenalidomide,9,25 mg,21,21
S0250,dexamethasone,9,40 mg,4,4
S0250,carfilzomib,10,27 mg/m2,6,6
S0250,lenalidomide,10,25 mg,21,21
S0250,dexamethasone,10,40 mg,4,4
S0250,carfilzomib,11,27 mg/m2,6,6
S0250,lenalidomide,11,25 mg,21,21
S0250,dexamethasone,11,40 mg,4,4
S0250,carfilzomib,12,27 mg/m2,6,6
S0250,lenalidomide,12,25 mg,21,21
S0250,dexamethasone,12,40 mg,4,4
S0251,carfilzomib,1,20 mg/m2 then 56 mg/m2,3,3
S0251,lenalidomide,1,25 mg,21,21
S0251,dexamethasone,1,40 mg,4,4
S0251,carfilzomib,2,56 mg/m2,3,3
S0251,lenalidomide,2,25 mg,21,21
S0251,dexamethasone,2,40 mg,4,4
S0251,carfilzomib,3,56 mg/m2,3,3
S0251,lenalidomide,3,25 mg,21,21
S0251,dexamethasone,3,40 mg,4,4
S0251,carfilzomib,4,56 mg/m2,3,3
S0251,lenalidomide,4,25 mg,21,21
S0251,dexamethasone,4,40 mg,4,4
S0251,carfilzomib,5,56 mg/m2,3,3
S0251,lenalidomide,5,25 mg,21,21
S0251,dexamethasone,5,40 mg,4,4
S0251,carfilzomib,6,56 mg/m2,3,3
S0251,lenalidomide,6,25 mg,21,21
S0251,dexamethasone,6,40 mg,4,4
S0251,carfilzomib,7,56 mg/m2,3,3
S0251,lenalidomide,7,25 mg,21,21
S0251,dexamethasone,7,40 mg,4,4
S0251,carfilzomib,8,56 mg/m2,3,3
S0251,lenalidomide,8,25 mg,21,21
S0251,dexamethasone,8,40 mg,4,4
S0251,carfilzomib,9,56 mg/m2,3,3
S0251,lenalidomide,9,25 mg,21,21
S0251,dexamethasone,9,40 mg,4,4
S0251,carfilzomib,10,56 mg/m2,3,3
S0251,lenalidomide,10,25 mg,21,21
S0251,dexamethasone,10,40 mg,4,4
S0251,carfilzomib,11,56 mg/m2,3,3
S0251,lenalidomide,11,25 mg,21,21
S0251,dexamethasone,11,40 mg,4,4
S0251,carfilzomib,12,56 mg/m2,3,3
S0251,lenalidomide,12,25 mg,21,21
S0251,dexamethasone,12,40 mg,4,4
S0252,carfilzomib,1,20 mg/m2 then 56 mg/m2,3,3
S0252,lenalidomide,1,25 mg,21,21
S0252,dexamethasone,1,40 mg,4,4
S0252,carfilzomib,2,56 mg/m2,3,3
S0252,lenalidomide,2,25 mg,21,21
S0252,dexamethasone,2,40 mg,4,4
S0252,carfilzomib,3,56 mg/m2,3,3
S0252,lenalidomide,3,25 mg,21,21
S0252,dexamethasone,3,40 mg,4,4
S0252,carfilzomib,4,56 mg/m2,3,3
S0252,lenalidomide,4,25 mg,21,21
S0252,dexamethasone,4,40 mg,4,4
S0252,carfilzomib,5,56 mg/m2,3,3
S0252,lenalidomide,5,25 mg,21,21
S0252,dexamethasone,5,40 mg,4,4
S0252,carfilzomib,6,56 mg/m2,3,3
S0252,lenalidomide,6,25 mg,21,21
S0252,dexamethasone,6,40 mg,4,4
S0252,carfilzomib,7,56 mg/m2,3,3
S0252,lenalidomide,7,25 mg,21,21
S0252,dexamethasone,7,40 mg,4,4
S0252,carfilzomib,8,56 mg/m2,3,3
S0252,lenalidomide,8,25 mg,21,21
S0252,dexamethasone,8,40 mg,4,4
S0252,carfilzomib,9,56 mg/m2,3,3
S0252,lenalidomide,9,25 mg,21,21
S0252,dexamethasone,9,40 mg,4,4
S0252,carfilzomib,10,56 mg/m2,3,3
S0252,lenalidomide,10,25 mg,21,21
S0252,dexamethasone,10,40 mg,4,4
S0252,carfilzomib,11,56 mg/m2,3,3
S0252,lenalidomide,11,25 mg,21,21
S0252,dexamethasone,11,40 mg,4,4
S0252,carfilzomib,12,56 mg/m2,3,3
S0252,lenalidomide,12,25 mg,21,21
S0252,dexamethasone,12,40 mg,4,4
S0253,carfilzomib,1,20 mg/m2 then 27 mg/m2,6,6
S0253,lenalidomide,1,25 mg,21,21
S0253,dexamethasone,1,40 mg,4,4
S0253,carfilzomib,2,27 mg/m2,6,6
S0253,lenalidomide,2,25 mg,21,21
S0253,dexamethasone,2,40 mg,4,4
S0253,carfilzomib,3,27 mg/m2,6,6
S0253,lenalidomide,3,25 mg,21,21
S0253,dexamethasone,3,40 mg,4,4
S0253,carfilzomib,4,27 mg/m2,6,6
S0253,lenalidomide,4,25 mg,21,21
S0253,dexamethasone,4,40 mg,4,4
S0253,carfilzomib,5,27 mg/m2,6,6
S0253,lenalidomide,5,25 mg,21,21
S0253,dexamethasone,5,40 mg,4,4
S0253,carfilzomib,6,27 mg/m2,6,6
S0253,lenalidomide,6,25 mg,21,21
S0253,dexamethasone,6,40 mg,4,4
S0253,carfilzomib,7,27 mg/m2,6,6
S0253,lenalidomide,7,25 mg,21,21
S0253,dexamethasone,7,40 mg,4,4
S0253,carfilzomib,8,27 mg/m2,6,6
S0253,lenalidomide,8,25 mg,21,21
S0253,dexamethasone,8,40 mg,4,4
S0253,carfilzomib,9,27 mg/m2,6,6
S0253,lenalidomide,9,25 mg,21,21
S0253,dexamethasone,9,40 mg,4,4
S0253,carfilzomib,10,27 mg/m2,6,6
S0253,lenalidomide,10,25 mg,21,21
S0253,dexamethasone,10,40 mg,4,4
S0253,carfilzomib,11,27 mg/m2,6,6
S0253,lenalidomide,11,25 mg,21,21
S0253,dexamethasone,11,40 mg,4,4
S0253,carfilzomib,12,27 mg/m2,6,6
S0253,lenalidomide,12,25 mg,21,21
S0253,dexamethasone,12,40 mg,4,4
S0254,carfilzomib,1,20 mg/m2 then 56 mg/m2,3,3
S0254,lenalidomide,1,25 mg,21,21
S0254,dexamethasone,1,40 mg,4,4
S0254,carfilzomib,2,56 mg/m2,3,3
S0254,lenalidomide,2,25 mg,21,21
S0254,dexamethasone,2,40 mg,4,4
S0254,carfilzomib,3,56 mg/m2,3,3
S0254,lenalidomide,3,25 mg,21,21
S0254,dexamethasone,3,40 mg,4,4
S0254,carfilzomib,4,56 mg/m2,3,3
S0254,lenalidomide,4,25 mg,21,21
S0254,dexamethasone,4,40 mg,4,4
S0254,carfilzomib,5,56 mg/m2,3,3
S0254,lenalidomide,5,25 mg,21,21
S0254,dexamethasone,5,40 mg,4,4
S0254,carfilzomib,6,56 mg/m2,3,3
S0254,lenalidomide,6,25 mg,21,21
S0254,dexamethasone,6,40 mg,4,4
S0254,carfilzomib,7,56 mg/m2,3,3
S0254,lenalidomide,7,25 mg,21,21
S0254,dexamethasone,7,40 mg,4,4
S0254,carfilzomib,8,56 mg/m2,3,3
S0254,lenalidomide,8,25 mg,21,21
S0254,dexamethasone,8,40 mg,4,4
S0254,carfilzomib,9,56 mg/m2,3,3
S0254,lenalidomide,9,25 mg,21,21
S0254,dexamethasone,9,40 mg,4,4
S0254,carfilzomib,10,56 mg/m2,1,1
S0254,lenalidomide,10,25 mg,1,1
S0254,dexamethasone,10,40 mg,1,1
S0255,carfilzomib,1,20 mg/m2 then 27 mg/m2,6,6
S0255,lenalidomide,1,25 mg,21,21
S0255,dexamethasone,1,40 mg,4,4
S0255,carfilzomib,2,27 mg/m2,6,6
S0255,lenalidomide,2,25 mg,21,21
S0255,dexamethasone,2,40 mg,4,4
S0255,carfilzomib,3,27 mg/m2,6,6
S0255,lenalidomide,3,25 mg,21,21
S0255,dexamethasone,3,40 mg,4,4
S0255,carfilzomib,4,27 mg/m2,6,6
S0255,lenalidomide,4,25 mg,21,21
S0255,dexamethasone,4,40 mg,4,4
S0255,carfilzomib,5,27 mg/m2,6,6
S0255,lenalidomide,5,25 mg,21,21
S0255,dexamethasone,5,40 mg,4,4
S0255,carfilzomib,6,27 mg/m2,6,6
S0255,lenalidomide,6,25 mg,21,21
S0255,dexamethasone,6,40 mg,4,4
S0255,carfilzomib,7,27 mg/m2,6,6
S0255,lenalidomide,7,25 mg,21,21
S0255,dexamethasone,7,40 mg,4,4
S0255,carfilzomib,8,27 mg/m2,6,6
S0255,lenalidomide,8,25 mg,21,21
S0255,dexamethasone,8,40 mg,4,4
S0255,carfilzomib,9,27 mg/m2,6,6
S0255,lenalidomide,9,25 mg,21,21
S0255,dexamethasone,9,40 mg,4,4
S0255,carfilzomib,10,27 mg/m2,6,6
S0255,lenalidomide,10,25 mg,21,21
S0255,dexamethasone,10,40 mg,4,4
S0255,carfilzomib,11,27 mg/m2,6,6
S0255,lenalidomide,11,25 mg,21,21
S0255,dexamethasone,11,40 mg,4,4
S0255,carfilzomib,12,27 mg/m2,6,6
S0255,lenalidomide,12,25 mg,21,21
S0255,dexamethasone,12,40 mg,4,4
S0256,carfilzomib,1,20 mg/m2 then 27 mg/m2,6,6
S0256,lenalidomide,1,25 mg,21,21
S0256,dexamethasone,1,40 mg,4,4
S0256,carfilzomib,2,27 mg/m2,6,6
S0256,lenalidomide,2,25 mg,21,21
S0256,dexamethasone,2,40 mg,4,4
S0256,carfilzomib,3,27 mg/m2,6,6
S0256,lenalidomide,3,25 mg,21,21
S0256,dexamethasone,3,40 mg,4,4
S0256,carfilzomib,4,27 mg/m2,6,6
S0256,lenalidomide,4,25 mg,21,21
S0256,dexamethasone,4,40 mg,4,4
S0256,carfilzomib,5,27 mg/m2,6,6
S0256,lenalidomide,5,25 mg,21,21
S0256,dexamethasone,5,40 mg,4,4
S0256,carfilzomib,6,27 mg/m2,6,6
S0256,lenalidomide,6,25 mg,21,21
S0256,dexamethasone,6,40 mg,4,4
S0256,carfilzomib,7,27 mg/m2,6,6
S0256,lenalidomide,7,25 mg,21,21
S0256,dexamethasone,7,40 mg,4,4
S0256,carfilzomib,8,27 mg/m2,6,6
S0256,lenalidomide,8,25 mg,21,21
S0256,dexamethasone,8,40 mg,4,4
S0256,carfilzomib,9,27 mg/m2,6,6
S0256,lenalidomide,9,25 mg,21,21
S0256,dexamethasone,9,40 mg,4,4
S0256,carfilzomib,10,27 mg/m2,6,6
S0256,lenalidomide,10,25 mg,21,21
S0256,dexamethasone,10,40 mg,4,4
S0256,carfilzomib,11,27 mg/m2,6,6
S0256,lenalidomide,11,25 mg,21,21
S0256,dexamethasone,11,40 mg,4,4
S0256,carfilzomib,12,27 mg/m2,6,6
S0256,lenalidomide,12,25 mg,21,21
S0256,dexamethasone,12,40 mg,4,4
S0257,carfilzomib,1,20 mg/m2 then 27 mg/m2,6,6
S0257,lenalidomide,1,25 mg,21,21
S0257,dexamethasone,1,40 mg,4,4
S0257,carfilzomib,2,27 mg/m2,6,6
S0257,lenalidomide,2,25 mg,21,21
S0257,dexamethasone,2,40 mg,4,4
S0257,carfilzomib,3,27 mg/m2,6,6
S0257,lenalidomide,3,25 mg,21,21
S0257,dexamethasone,3,40 mg,4,4
S0257,carfilzomib,4,27 mg/m2,6,6
S0257,lenalidomide,4,25 mg,21,21
S0257,dexamethasone,4,40 mg,4,4
S0257,carfilzomib,5,27 mg/m2,6,6
S0257,lenalidomide,5,25 mg,21,21
S0257,dexamethasone,5,40 mg,4,4
S0257,carfilzomib,6,27 mg/m2,6,6
S0257,lenalidomide,6,25 mg,21,21
S0257,dexamethasone,6,40 mg,4,4
S0257,carfilzomib,7,27 mg/m2,6,6
S0257,lenalidomide,7,25 mg,21,21
S0257,dexamethasone,7,40 mg,4,4
S0257,carfilzomib,8,27 mg/m2,6,6
S0257,lenalidomide,8,25 mg,21,21
S0257,dexamethasone,8,40 mg,4,4
S0257,carfilzomib,9,27 mg/m2,6,6
S0257,lenalidomide,9,25 mg,21,21
S0257,dexamethasone,9,40 mg,4,4
S0257,carfilzomib,10,27 mg/m2,6,6
S0257,lenalidomide,10,25 mg,21,21
S0257,dexamethasone,10,40 mg,4,4
S0257,carfilzomib,11,27 mg/m2,6,6
S0257,lenalidomide,11,25 mg,21,21
S0257,dexamethasone,11,40 mg,4,4
S0257,carfilzomib,12,27 mg/m2,6,5
S0257,lenalidomide,12,25 mg,21,21
S0257,dexamethasone,12,40 mg,4,4
S0258,carfilzomib,1,20 mg/m2 then 27 mg/m2,6,6
S0258,lenalidomide,1,25 mg,21,21
S0258,dexamethasone,1,40 mg,4,4
S0258,carfilzomib,2,27 mg/m2,6,6
S0258,lenalidomide,2,25 mg,21,21
S0258,dexamethasone,2,40 mg,4,4
S0258,carfilzomib,3,27 mg/m2,6,6
S0258,lenalidomide,3,25 mg,21,21
S0258,dexamethasone,3,40 mg,4,4
S0258,carfilzomib,4,27 mg/m2,1,1
S0258,lenalidomide,4,25 mg,1,1
S0258,dexamethasone,4,40 mg,1,1
S0259,carfilzomib,1,20 mg/m2 then 27 mg/m2,6,6
S0259,lenalidomide,1,25 mg,21,21
S0259,dexamethasone,1,40 mg,4,4
S0259,carfilzomib,2,27 mg/m2,6,6
S0259,lenalidomide,2,25 mg,21,21
S0259,dexamethasone,2,40 mg,4,4
S0259,carfilzomib,3,27 mg/m2,6,6
S0259,lenalidomide,3,25 mg,21,21
S0259,dexamethasone,3,40 mg,4,4
S0259,carfilzomib,4,27 mg/m2,6,6
S0259,lenalidomide,4,25 mg,21,21
S0259,dexamethasone,4,40 mg,4,4
S0259,carfilzomib,5,27 mg/m2,6,6
S0259,lenalidomide,5,25 mg,21,21
S0259,dexamethasone,5,40 mg,4,4
S0259,carfilzomib,6,27 mg/m2,6,6
S0259,lenalidomide,6,25 mg,21,21
S0259,dexamethasone,6,40 mg,4,4
S0259,carfilzomib,7,27 mg/m2,6,6
S0259,lenalidomide,7,25 mg,21,21
S0259,dexamethasone,7,40 mg,4,4
S0259,carfilzomib,8,27 mg/m2,1,1
S0259,lenalidomide,8,25 mg,1,1
S0259,dexamethasone,8,40 mg,1,1
S0260,carfilzomib,1,20 mg/m2 then 56 mg/m2,3,3
S0260,lenalidomide,1,25 mg,21,21
S0260,dexamethasone,1,40 mg,4,4
S0260,carfilzomib,2,56 mg/m2,3,3
S0260,lenalidomide,2,25 mg,21,21
S0260,dexamethasone,2,40 mg,4,4
S0260,carfilzomib,3,56 mg/m2,3,3
S0260,lenalidomide,3,25 mg,21,21
S0260,dexamethasone,3,40 mg,4,4
S0260,carfilzomib,4,56 mg/m2,3,3
S0260,lenalidomide,4,25 mg,21,21
S0260,dexamethasone,4,40 mg,4,4
S0260,carfilzomib,5,56 mg/m2,3,3
S0260,lenalidomide,5,25 mg,21,21
S0260,dexamethasone,5,40 mg,4,4
S0260,carfilzomib,6,56 mg/m2,3,3
S0260,lenalidomide,6,25 mg,21,21
S0260,dexamethasone,6,40 mg,4,4
S0260,carfilzomib,7,56 mg/m2,3,3
S0260,lenalidomide,7,25 mg,21,21
S0260,dexamethasone,7,40 mg,4,4
S0260,carfilzomib,8,56 mg/m2,3,3
S0260,lenalidomide,8,25 mg,21,21
S0260,dexamethasone,8,40 mg,4,4
S0260,carfilzomib,9,56 mg/m2,3,3
S0260,lenalidomide,9,25 mg,21,21
S0260,dexamethasone,9,40 mg,4,4
S0260,carfilzomib,10,56 mg/m2,3,3
S0260,lenalidomide,10,25 mg,21,21
S0260,dexamethasone,10,40 mg,4,4
S0260,carfilzomib,11,56 mg/m2,3,3
S0260,lenalidomide,11,25 mg,21,21
S0260,dexamethasone,11,40 mg,4,4
S0260,carfilzomib,12,56 mg/m2,3,3
S0260,lenalidomide,12,25 mg,21,21
S0260,dexamethasone,12,40 mg,4,4
S0261,carfilzomib,1,20 mg/m2 then 27 mg/m2,6,6
S0261,lenalidomide,1,25 mg,21,21
S0261,dexamethasone,1,40 mg,4,4
S0261,carfilzomib,2,27 mg/m2,6,6
S0261,lenalidomide,2,25 mg,21,21
S0261,dexamethasone,2,40 mg,4,4
S0261,carfilzomib,3,27 mg/m2,6,6
S0261,lenalidomide,3,25 mg,21,21
S0261,dexamethasone,3,40 mg,4,4
S0261,carfilzomib,4,27 mg/m2,6,6
S0261,lenalidomide,4,25 mg,21,21
S0261,dexamethasone,4,40 mg,4,4
S0261,carfilzomib,5,27 mg/m2,6,6
S0261,lenalidomide,5,25 mg,21,21
S0261,dexamethasone,5,40 mg,4,4
S0261,carfilzomib,6,27 mg/m2,6,6
S0261,lenalidomide,6,25 mg,21,21
S0261,dexamethasone,6,40 mg,4,4
S0261,carfilzomib,7,27 mg/m2,6,6
S0261,lenalidomide,7,25 mg,21,21
S0261,dexamethasone,7,40 mg,4,4
S0261,carfilzomib,8,27 mg/m2,6,6
S0261,lenalidomide,8,25 mg,21,21
S0261,dexamethasone,8,40 mg,4,4
S0261,carfilzomib,9,27 mg/m2,6,6
S0261,lenalidomide,9,25 mg,21,21
S0261,dexamethasone,9,40 mg,4,4
S0261,carfilzomib,10,27 mg/m2,6,6
S0261,lenalidomide,10,25 mg,21,21
S0261,dexamethasone,10,40 mg,4,4
S0261,carfilzomib,11,27 mg/m2,6,6
S0261,lenalidomide,11,25 mg,21,21
S0261,dexamethasone,11,40 mg,4,4
S0261,carfilzomib,12,27 mg/m2,6,5
S0261,lenalidomide,12,25 mg,21,21
S0261,dexamethasone,12,40 mg,4,4
S0262,carfilzomib,1,20 mg/m2 then 56 mg/m2,3,3
S0262,lenalidomide,1,25 mg,21,21
S0262,dexamethasone,1,40 mg,4,4
S0262,carfilzomib,2,56 mg/m2,3,3
S0262,lenalidomide,2,25 mg,21,21
S0262,dexamethasone,2,40 mg,4,4
S0262,carfilzomib,3,56 mg/m2,3,3
S0262,lenalidomide,3,25 mg,21,21
S0262,dexamethasone,3,40 mg,4,4
S0262,carfilzomib,4,56 mg/m2,3,3
S0262,lenalidomide,4,25 mg,21,21
S0262,dexamethasone,4,40 mg,4,4
S0262,carfilzomib,5,56 mg/m2,3,3
S0262,lenalidomide,5,25 mg,21,21
S0262,dexamethasone,5,40 mg,4,4
S0262,carfilzomib,6,56 mg/m2,3,3
S0262,lenalidomide,6,25 mg,21,21
S0262,dexamethasone,6,40 mg,4,4
S0262,carfilzomib,7,56 mg/m2,3,3
S0262,lenalidomide,7,25 mg,21,21
S0262,dexamethasone,7,40 mg,4,4
S0262,carfilzomib,8,56 mg/m2,3,3
S0262,lenalidomide,8,25 mg,21,21
S0262,dexamethasone,8,40 mg,4,4
S0262,carfilzomib,9,56 mg/m2,3,3
S0262,lenalidomide,9,25 mg,21,21
S0262,dexamethasone,9,40 mg,4,4
S0262,carfilzomib,10,56 mg/m2,3,3
S0262,lenalidomide,10,25 mg,21,21
S0262,dexamethasone,10,40 mg,4,4
S0262,carfilzomib,11,56 mg/m2,3,3
S0262,lenalidomide,11,25 mg,21,21
S0262,dexamethasone,11,40 mg,4,4
S0262,carfilzomib,12,56 mg/m2,3,3
S0262,lenalidomide,12,25 mg,21,21
S0262,dexamethasone,12,40 mg,4,4
S0263,carfilzomib,1,20 mg/m2 then 56 mg/m2,3,3
S0263,lenalidomide,1,25 mg,21,21
S0263,dexamethasone,1,40 mg,4,4
S0263,carfilzomib,2,56 mg/m2,3,3
S0263,lenalidomide,2,25 mg,21,21
S0263,dexamethasone,2,40 mg,4,4
S0263,carfilzomib,3,56 mg/m2,3,3
S0263,lenalidomide,3,25 mg,21,21
S0263,dexamethasone,3,40 mg,4,4
S0263,carfilzomib,4,56 mg/m2,3,3
S0263,lenalidomide,4,25 mg,21,21
S0263,dexamethasone,4,40 mg,4,4
S0263,carfilzomib,5,56 mg/m2,3,3
S0263,lenalidomide,5,25 mg,21,21
S0263,dexamethasone,5,40 mg,4,4
S0263,carfilzomib,6,56 mg/m2,3,3
S0263,lenalidomide,6,25 mg,21,21
S0263,dexamethasone,6,40 mg,4,4
S0263,carfilzomib,7,56 mg/m2,3,3
S0263,lenalidomide,7,25 mg,21,21
S0263,dexamethasone,7,40 mg,4,4
S0263,carfilzomib,8,56 mg/m2,3,3
S0263,lenalidomide,8,25 mg,21,21
S0263,dexamethasone,8,40 mg,4,4
S0263,carfilzomib,9,56 mg/m2,3,3
S0263,lenalidomide,9,25 mg,21,21
S0263,dexamethasone,9,40 mg,4,4
S0263,carfilzomib,10,56 mg/m2,3,3
S0263,lenalidomide,10,25 mg,21,21
S0263,dexamethasone,10,40 mg,4,4
S0263,carfilzomib,11,56 mg/m2,3,3
S0263,lenalidomide,11,25 mg,21,21
S0263,dexamethasone,11,40 mg,4,4
S0263,carfilzomib,12,56 mg/m2,3,3
S0263,lenalidomide,12,25 mg,21,21
S0263,dexamethasone,12,40 mg,4,4
S0264,carfilzomib,1,20 mg/m2 then 56 mg/m2,3,3
S0264,lenalidomide,1,25 mg,21,21
S0264,dexamethasone,1,40 mg,4,4
S0264,carfilzomib,2,56 mg/m2,3,3
S0264,lenalidomide,2,25 mg,21,21
S0264,dexamethasone,2,40 mg,4,4
S0264,carfilzomib,3,56 mg/m2,1,1
S0264,lenalidomide,3,25 mg,1,1
S0264,dexamethasone,3,40 mg,1,1
S0265,carfilzomib,1,20 mg/m2 then 56 mg/m2,3,3
S0265,lenalidomide,1,25 mg,21,21
S0265,dexamethasone,1,40 mg,4,4
S0265,carfilzomib,2,56 mg/m2,3,3
S0265,lenalidomide,2,25 mg,21,21
S0265,dexamethasone,2,40 mg,4,4
S0265,carfilzomib,3,56 mg/m2,3,3
S0265,lenalidomide,3,25 mg,21,21
S0265,dexamethasone,3,40 mg,4,4
S0265,carfilzomib,4,56 mg/m2,3,3
S0265,lenalidomide,4,25 mg,21,21
S0265,dexamethasone,4,40 mg,4,4
S0265,carfilzomib,5,56 mg/m2,3,3
S0265,lenalidomide,5,25 mg,21,21
S0265,dexamethasone,5,40 mg,4,4
S0265,carfilzomib,6,56 mg/m2,3,3
S0265,lenalidomide,6,25 mg,21,21
S0265,dexamethasone,6,40 mg,4,4
S0265,carfilzomib,7,56 mg/m2,3,3
S0265,lenalidomide,7,25 mg,21,21
S0265,dexamethasone,7,40 mg,4,4
S0265,carfilzomib,8,56 mg/m2,3,3
S0265,lenalidomide,8,25 mg,21,21
S0265,dexamethasone,8,40 mg,4,4
S0265,carfilzomib,9,56 mg/m2,3,3
S0265,lenalidomide,9,25 mg,21,21
S0265,dexamethasone,9,40 mg,4,4
S0265,carfilzomib,10,56 mg/m2,3,3
S0265,lenalidomide,10,25 mg,21,21
S0265,dexamethasone,10,40 mg,4,4
S0265,carfilzomib,11,56 mg/m2,3,3
S0265,lenalidomide,11,25 mg,21,21
S0265,dexamethasone,11,40 mg,4,4
S0265,carfilzomib,12,56 mg/m2,3,3
S0265,lenalidomide,12,25 mg,21,21
S0265,dexamethasone,12,40 mg,4,4
S0266,carfilzomib,1,20 mg/m2 then 56 mg/m2,3,3
S0266,lenalidomide,1,25 mg,21,21
S0266,dexamethasone,1,40 mg,4,4
S0266,carfilzomib,2,56 mg/m2,3,3
S0266,lenalidomide,2,25 mg,21,21
S0266,dexamethasone,2,40 mg,4,4
S0266,carfilzomib,3,56 mg/m2,3,3
S0266,lenalidomide,3,25 mg,21,21
S0266,dexamethasone,3,40 mg,4,4
S0266,carfilzomib,4,56 mg/m2,3,3
S0266,lenalidomide,4,25 mg,21,21
S0266,dexamethasone,4,40 mg,4,4
S0266,carfilzomib,5,56 mg/m2,2,2
S0266,lenalidomide,5,25 mg,11,11
S0266,dexamethasone,5,40 mg,2,2
S0267,carfilzomib,1,20 mg/m2 then 27 mg/m2,6,6
S0267,lenalidomide,1,25 mg,21,21
S0267,dexamethasone,1,40 mg,4,4
S0267,carfilzomib,2,27 mg/m2,6,6
S0267,lenalidomide,2,25 mg,21,21
S0267,dexamethasone,2,40 mg,4,4
S0267,carfilzomib,3,27 mg/m2,6,6
S0267,lenalidomide,3,25 mg,21,21
S0267,dexamethasone,3,40 mg,4,4
S0267,carfilzomib,4,27 mg/m2,6,6
S0267,lenalidomide,4,25 mg,21,21
S0267,dexamethasone,4,40 mg,4,4
S0267,carfilzomib,5,27 mg/m2,6,6
S0267,lenalidomide,5,25 mg,21,21
S0267,dexamethasone,5,40 mg,4,4
S0267,carfilzomib,6,27 mg/m2,6,6
S0267,lenalidomide,6,25 mg,21,21
S0267,dexamethasone,6,40 mg,4,4
S0267,carfilzomib,7,27 mg/m2,6,6
S0267,lenalidomide,7,25 mg,21,21
S0267,dexamethasone,7,40 mg,4,4
S0267,carfilzomib,8,27 mg/m2,6,6
S0267,lenalidomide,8,25 mg,21,21
S0267,dexamethasone,8,40 mg,4,4
S0267,carfilzomib,9,27 mg/m2,6,6
S0267,lenalidomide,9,25 mg,21,21
S0267,dexamethasone,9,40 mg,4,4
S0267,carfilzomib,10,27 mg/m2,6,6
S0267,lenalidomide,10,25 mg,21,21
S0267,dexamethasone,10,40 mg,4,4
S0267,carfilzomib,11,27 mg/m2,6,6
S0267,lenalidomide,11,25 mg,21,21
S0267,dexamethasone,11,40 mg,4,4
S0267,carfilzomib,12,27 mg/m2,6,6
S0267,lenalidomide,12,25 mg,21,21
S0267,dexamethasone,12,40 mg,4,4
S0268,carfilzomib,1,20 mg/m2 then 56 mg/m2,3,3
S0268,lenalidomide,1,25 mg,21,21
S0268,dexamethasone,1,40 mg,4,4
S0268,carfilzomib,2,56 mg/m2,3,3
S0268,lenalidomide,2,25 mg,21,21
S0268,dexamethasone,2,40 mg,4,4
S0268,carfilzomib,3,56 mg/m2,3,3
S0268,lenalidomide,3,25 mg,21,21
S0268,dexamethasone,3,40 mg,4,4
S0268,carfilzomib,4,56 mg/m2,3,3
S0268,lenalidomide,4,25 mg,21,21
S0268,dexamethasone,4,40 mg,4,4
S0268,carfilzomib,5,56 mg/m2,3,2
S0268,lenalidomide,5,25 mg,21,21
S0268,dexamethasone,5,40 mg,4,4
S0268,carfilzomib,6,56 mg/m2,3,3
S0268,lenalidomide,6,25 mg,21,21
S0268,dexamethasone,6,40 mg,4,4
S0268,carfilzomib,7,56 mg/m2,3,3
S0268,lenalidomide,7,25 mg,21,21
S0268,dexamethasone,7,40 mg,4,4
S0268,carfilzomib,8,56 mg/m2,3,3
S0268,lenalidomide,8,25 mg,21,21
S0268,dexamethasone,8,40 mg,4,4
S0268,carfilzomib,9,56 mg/m2,3,3
S0268,lenalidomide,9,25 mg,21,21
S0268,dexamethasone,9,40 mg,4,4
S0268,carfilzomib,10,56 mg/m2,3,3
S0268,lenalidomide,10,25 mg,21,21
S0268,dexamethasone,10,40 mg,4,4
S0268,carfilzomib,11,56 mg/m2,3,3
S0268,lenalidomide,11,25 mg,21,21
S0268,dexamethasone,11,40 mg,4,4
S0269,carfilzomib,1,20 mg/m2 then 27 mg/m2,6,6
S0269,lenalidomide,1,25 mg,21,21
S0269,dexamethasone,1,40 mg,4,4
S0269,carfilzomib,2,27 mg/m2,6,6
S0269,lenalidomide,2,25 mg,21,21
S0269,dexamethasone,2,40 mg,4,4
S0269,carfilzomib,3,27 mg/m2,6,6
S0269,lenalidomide,3,25 mg,21,21
S0269,dexamethasone,3,40 mg,4,4
S0269,carfilzomib,4,27 mg/m2,6,6
S0269,lenalidomide,4,25 mg,21,21
S0269,dexamethasone,4,40 mg,4,4
S0269,carfilzomib,5,27 mg/m2,6,6
S0269,lenalidomide,5,25 mg,21,21
S0269,dexamethasone,5,40 mg,4,4
S0269,carfilzomib,6,27 mg/m2,6,6
S0269,lenalidomide,6,25 mg,21,21
S0269,dexamethasone,6,40 mg,4,4
S0269,carfilzomib,7,27 mg/m2,6,6
S0269,lenalidomide,7,25 mg,21,21
S0269,dexamethasone,7,40 mg,4,4
S0269,carfilzomib,8,27 mg/m2,6,6
S0269,lenalidomide,8,25 mg,21,21
S0269,dexamethasone,8,40 mg,4,4
S0269,carfilzomib,9,27 mg/m2,6,6
S0269,lenalidomide,9,25 mg,21,21
S0269,dexamethasone,9,40 mg,4,4
S0269,carfilzomib,10,27 mg/m2,6,6
S0269,lenalidomide,10,25 mg,21,21
S0269,dexamethasone,10,40 mg,4,4
S0269,carfilzomib,11,27 mg/m2,6,6
S0269,lenalidomide,11,25 mg,21,21
S0269,dexamethasone,11,40 mg,4,4
S0269,carfilzomib,12,27 mg/m2,6,6
S0269,lenalidomide,12,25 mg,21,21
S0269,dexamethasone,12,40 mg,4,4
S0270,carfilzomib,1,20 mg/m2 then 27 mg/m2,6,6
S0270,lenalidomide,1,25 mg,21,21
S0270,dexamethasone,1,40 mg,4,4
S0270,carfilzomib,2,27 mg/m2,6,6
S0270,lenalidomide,2,25 mg,21,21
S0270,dexamethasone,2,40 mg,4,4
S0270,carfilzomib,3,27 mg/m2,6,5
S0270,lenalidomide,3,25 mg,21,21
S0270,dexamethasone,3,40 mg,4,4
S0270,carfilzomib,4,27 mg/m2,6,6
S0270,lenalidomide,4,25 mg,21,21
S0270,dexamethasone,4,40 mg,4,4
S0270,carfilzomib,5,27 mg/m2,6,6
S0270,lenalidomide,5,25 mg,21,21
S0270,dexamethasone,5,40 mg,4,4
S0270,carfilzomib,6,27 mg/m2,6,6
S0270,lenalidomide,6,25 mg,21,21
S0270,dexamethasone,6,40 mg,4,4
S0270,carfilzomib,7,27 mg/m2,6,5
S0270,lenalidomide,7,25 mg,21,21
S0270,dexamethasone,7,40 mg,4,4
S0270,carfilzomib,8,27 mg/m2,6,6
S0270,lenalidomide,8,25 mg,21,21
S0270,dexamethasone,8,40 mg,4,4
S0270,carfilzomib,9,27 mg/m2,1,1
S0270,lenalidomide,9,25 mg,1,1
S0270,dexamethasone,9,40 mg,1,1
S0271,carfilzomib,1,20 mg/m2 then 56 mg/m2,3,3
S0271,lenalidomide,1,25 mg,21,21
S0271,dexamethasone,1,40 mg,4,4
S0271,carfilzomib,2,56 mg/m2,3,3
S0271,lenalidomide,2,25 mg,21,21
S0271,dexamethasone,2,40 mg,4,4
S0271,carfilzomib,3,56 mg/m2,3,3
S0271,lenalidomide,3,25 mg,21,21
S0271,dexamethasone,3,40 mg,4,4
S0271,carfilzomib,4,56 mg/m2,3,3
S0271,lenalidomide,4,25 mg,21,21
S0271,dexamethasone,4,40 mg,4,4
S0271,carfilzomib,5,56 mg/m2,3,2
S0271,lenalidomide,5,25 mg,21,21
S0271,dexamethasone,5,40 mg,4,4
S0271,carfilzomib,6,56 mg/m2,3,3
S0271,lenalidomide,6,25 mg,21,21
S0271,dexamethasone,6,40 mg,4,4
S0271,carfilzomib,7,56 mg/m2,3,3
S0271,lenalidomide,7,25 mg,21,21
S0271,dexamethasone,7,40 mg,4,4
S0271,carfilzomib,8,56 mg/m2,3,3
S0271,lenalidomide,8,25 mg,21,21
S0271,dexamethasone,8,40 mg,4,4
S0271,carfilzomib,9,56 mg/m2,3,3
S0271,lenalidomide,9,25 mg,21,21
S0271,dexamethasone,9,40 mg,4,4
S0271,carfilzomib,10,56 mg/m2,3,3
S0271,lenalidomide,10,25 mg,21,21
S0271,dexamethasone,10,40 mg,4,4
S0271,carfilzomib,11,56 mg/m2,3,3
S0271,lenalidomide,11,25 mg,21,21
S0271,dexamethasone,11,40 mg,4,4
S0271,carfilzomib,12,56 mg/m2,3,3
S0271,lenalidomide,12,25 mg,21,21
S0271,dexamethasone,12,40 mg,4,4
S0272,carfilzomib,1,20 mg/m2 then 27 mg/m2,6,6
S0272,lenalidomide,1,25 mg,21,21
S0272,dexamethasone,1,40 mg,4,4
S0272,carfilzomib,2,27 mg/m2,6,6
S0272,lenalidomide,2,25 mg,21,21
S0272,dexamethasone,2,40 mg,4,4
S0272,carfilzomib,3,27 mg/m2,6,6
S0272,lenalidomide,3,25 mg,21,21
S0272,dexamethasone,3,40 mg,4,4
S0272,carfilzomib,4,27 mg/m2,1,1
S0272,lenalidomide,4,25 mg,1,1
S0272,dexamethasone,4,40 mg,1,1
S0273,carfilzomib,1,20 mg/m2 then 56 mg/m2,3,2
S0273,lenalidomide,1,25 mg,21,21
S0273,dexamethasone,1,40 mg,4,4
S0273,carfilzomib,2,56 mg/m2,3,3
S0273,lenalidomide,2,25 mg,21,21
S0273,dexamethasone,2,40 mg,4,4
S0273,carfilzomib,3,56 mg/m2,3,3
S0273,lenalidomide,3,25 mg,21,21
S0273,dexamethasone,3,40 mg,4,4
S0273,carfilzomib,4,56 mg/m2,3,3
S0273,lenalidomide,4,25 mg,21,21
S0273,dexamethasone,4,40 mg,4,4
S0273,carfilzomib,5,56 mg/m2,3,3
S0273,lenalidomide,5,25 mg,21,21
S0273,dexamethasone,5,40 mg,4,4
S0273,carfilzomib,6,56 mg/m2,3,3
S0273,lenalidomide,6,25 mg,21,21
S0273,dexamethasone,6,40 mg,4,4
S0273,carfilzomib,7,56 mg/m2,3,3
S0273,lenalidomide,7,25 mg,21,21
S0273,dexamethasone,7,40 mg,4,4
S0273,carfilzomib,8,56 mg/m2,3,3
S0273,lenalidomide,8,25 mg,21,21
S0273,dexamethasone,8,40 mg,4,4
S0273,carfilzomib,9,56 mg/m2,3,3
S0273,lenalidomide,9,25 mg,21,21
S0273,dexamethasone,9,40 mg,4,4
S0273,carfilzomib,10,56 mg/m2,3,3
S0273,lenalidomide,10,25 mg,21,21
S0273,dexamethasone,10,40 mg,4,4
S0273,carfilzomib,11,56 mg/m2,3,3
S0273,lenalidomide,11,25 mg,21,21
S0273,dexamethasone,11,40 mg,4,4
S0273,carfilzomib,12,56 mg/m2,3,3
S0273,lenalidomide,12,25 mg,21,21
S0273,dexamethasone,12,40 mg,4,4
S0274,carfilzomib,1,20 mg/m2 then 27 mg/m2,6,6
S0274,lenalidomide,1,25 mg,21,21
S0274,dexamethasone,1,40 mg,4,4
S0274,carfilzomib,2,27 mg/m2,6,6
S0274,lenalidomide,2,25 mg,21,21
S0274,dexamethasone,2,40 mg,4,4
S0274,carfilzomib,3,27 mg/m2,6,6
S0274,lenalidomide,3,25 mg,21,21
S0274,dexamethasone,3,40 mg,4,4
S0274,carfilzomib,4,27 mg/m2,6,6
S0274,lenalidomide,4,25 mg,21,21
S0274,dexamethasone,4,40 mg,4,4
S0274,carfilzomib,5,27 mg/m2,6,6
S0274,lenalidomide,5,25 mg,21,21
S0274,dexamethasone,5,40 mg,4,4
S0274,carfilzomib,6,27 mg/m2,6,6
S0274,lenalidomide,6,25 mg,21,21
S0274,dexamethasone,6,40 mg,4,4
S0274,carfilzomib,7,27 mg/m2,6,6
S0274,lenalidomide,7,25 mg,21,21
S0274,dexamethasone,7,40 mg,4,4
S0274,carfilzomib,8,27 mg/m2,6,6
S0274,lenalidomide,8,25 mg,21,21
S0274,dexamethasone,8,40 mg,4,4
S0274,carfilzomib,9,27 mg/m2,6,6
S0274,lenalidomide,9,25 mg,21,21
S0274,dexamethasone,9,40 mg,4,4
S0274,carfilzomib,10,27 mg/m2,6,6
S0274,lenalidomide,10,25 mg,21,21
S0274,dexamethasone,10,40 mg,4,4
S0274,carfilzomib,11,27 mg/m2,6,6
S0274,lenalidomide,11,25 mg,21,21
S0274,dexamethasone,11,40 mg,4,4
S0274,carfilzomib,12,27 mg/m2,6,6
S0274,lenalidomide,12,25 mg,21,21
S0274,dexamethasone,12,40 mg,4,4
S0275,carfilzomib,1,20 mg/m2 then 27 mg/m2,6,6
S0275,lenalidomide,1,25 mg,21,21
S0275,dexamethasone,1,40 mg,4,4
S0275,carfilzomib,2,27 mg/m2,6,6
S0275,lenalidomide,2,25 mg,21,21
S0275,dexamethasone,2,40 mg,4,4
S0275,carfilzomib,3,27 mg/m2,6,6
S0275,lenalidomide,3,25 mg,21,21
S0275,dexamethasone,3,40 mg,4,4
S0275,carfilzomib,4,27 mg/m2,6,6
S0275,lenalidomide,4,25 mg,21,21
S0275,dexamethasone,4,40 mg,4,4
S0275,carfilzomib,5,27 mg/m2,6,6
S0275,lenalidomide,5,25 mg,21,21
S0275,dexamethasone,5,40 mg,4,4
S0275,carfilzomib,6,27 mg/m2,6,6
S0275,lenalidomide,6,25 mg,21,21
S0275,dexamethasone,6,40 mg,4,4
S0275,carfilzomib,7,27 mg/m2,6,6
S0275,lenalidomide,7,25 mg,21,21
S0275,dexamethasone,7,40 mg,4,4
S0275,carfilzomib,8,27 mg/m2,6,6
S0275,lenalidomide,8,25 mg,21,21
S0275,dexamethasone,8,40 mg,4,4
S0275,carfilzomib,9,27 mg/m2,6,6
S0275,lenalidomide,9,25 mg,21,21
S0275,dexamethasone,9,40 mg,4,4
S0275,carfilzomib,10,27 mg/m2,6,6
S0275,lenalidomide,10,25 mg,21,21
S0275,dexamethasone,10,40 mg,4,4
S0275,carfilzomib,11,27 mg/m2,6,6
S0275,lenalidomide,11,25 mg,21,21
S0275,dexamethasone,11,40 mg,4,4
S0275,carfilzomib,12,27 mg/m2,6,6
S0275,lenalidomide,12,25 mg,21,21
S0275,dexamethasone,12,40 mg,4,4
S0276,carfilzomib,1,20 mg/m2 then 27 mg/m2,6,6
S0276,lenalidomide,1,25 mg,21,21
S0276,dexamethasone,1,40 mg,4,4
S0276,carfilzomib,2,27 mg/m2,6,6
S0276,lenalidomide,2,25 mg,21,21
S0276,dexamethasone,2,40 mg,4,4
S0276,carfilzomib,3,27 mg/m2,6,6
S0276,lenalidomide,3,25 mg,21,21
S0276,dexamethasone,3,40 mg,4,4
S0276,carfilzomib,4,27 mg/m2,6,6
S0276,lenalidomide,4,25 mg,21,21
S0276,dexamethasone,4,40 mg,4,4
S0276,carfilzomib,5,27 mg/m2,6,6
S0276,lenalidomide,5,25 mg,21,21
S0276,dexamethasone,5,40 mg,4,4
S0276,carfilzomib,6,27 mg/m2,6,6
S0276,lenalidomide,6,25 mg,21,21
S0276,dexamethasone,6,40 mg,4,4
S0276,carfilzomib,7,27 mg/m2,6,6
S0276,lenalidomide,7,25 mg,21,21
S0276,dexamethasone,7,40 mg,4,4
S0276,carfilzomib,8,27 mg/m2,6,6
S0276,lenalidomide,8,25 mg,21,21
S0276,dexamethasone,8,40 mg,4,4
S0276,carfilzomib,9,27 mg/m2,6,6
S0276,lenalidomide,9,25 mg,21,21
S0276,dexamethasone,9,40 mg,4,4
S0276,carfilzomib,10,27 mg/m2,6,6
S0276,lenalidomide,10,25 mg,21,21
S0276,dexamethasone,10,40 mg,4,4
S0276,carfilzomib,11,27 mg/m2,1,1
S0276,lenalidomide,11,25 mg,1,1
S0276,dexamethasone,11,40 mg,1,1
S0277,carfilzomib,1,20 mg/m2 then 27 mg/m2,6,6
S0277,lenalidomide,1,25 mg,21,21
S0277,dexamethasone,1,40 mg,4,4
S0277,carfilzomib,2,27 mg/m2,6,6
S0277,lenalidomide,2,25 mg,21,21
S0277,dexamethasone,2,40 mg,4,4
S0277,carfilzomib,3,27 mg/m2,6,6
S0277,lenalidomide,3,25 mg,21,21
S0277,dexamethasone,3,40 mg,4,4
S0277,carfilzomib,4,27 mg/m2,6,6
S0277,lenalidomide,4,25 mg,21,21
S0277,dexamethasone,4,40 mg,4,4
S0277,carfilzomib,5,27 mg/m2,6,6
S0277,lenalidomide,5,25 mg,21,21
S0277,dexamethasone,5,40 mg,4,4
S0277,carfilzomib,6,27 mg/m2,6,6
S0277,lenalidomide,6,25 mg,21,21
S0277,dexamethasone,6,40 mg,4,4
S0277,carfilzomib,7,27 mg/m2,6,6
S0277,lenalidomide,7,25 mg,21,21
S0277,dexamethasone,7,40 mg,4,4
S0277,carfilzomib,8,27 mg/m2,6,6
S0277,lenalidomide,8,25 mg,21,21
S0277,dexamethasone,8,40 mg,4,4
S0277,carfilzomib,9,27 mg/m2,6,6
S0277,lenalidomide,9,25 mg,21,21
S0277,dexamethasone,9,40 mg,4,4
S0277,carfilzomib,10,27 mg/m2,6,5
S0277,lenalidomide,10,25 mg,21,21
S0277,dexamethasone,10,40 mg,4,4
S0277,carfilzomib,11,27 mg/m2,6,6
S0277,lenalidomide,11,25 mg,21,21
S0277,dexamethasone,11,40 mg,4,4
S0277,carfilzomib,12,27 mg/m2,6,6
S0277,lenalidomide,12,25 mg,21,21
S0277,dexamethasone,12,40 mg,4,4
S0278,carfilzomib,1,20 mg/m2 then 27 mg/m2,6,6
S0278,lenalidomide,1,25 mg,21,21
S0278,dexamethasone,1,40 mg,4,4
S0278,carfilzomib,2,27 mg/m2,6,6
S0278,lenalidomide,2,25 mg,21,21
S0278,dexamethasone,2,40 mg,4,4
S0278,carfilzomib,3,27 mg/m2,6,6
S0278,lenalidomide,3,25 mg,21,21
S0278,dexamethasone,3,40 mg,4,4
S0278,carfilzomib,4,27 mg/m2,6,6
S0278,lenalidomide,4,25 mg,21,21
S0278,dexamethasone,4,40 mg,4,4
S0278,carfilzomib,5,27 mg/m2,6,6
S0278,lenalidomide,5,25 mg,21,21
S0278,dexamethasone,5,40 mg,4,4
S0278,carfilzomib,6,27 mg/m2,6,6
S0278,lenalidomide,6,25 mg,21,21
S0278,dexamethasone,6,40 mg,4,4
S0278,carfilzomib,7,27 mg/m2,6,6
S0278,lenalidomide,7,25 mg,21,21
S0278,dexamethasone,7,40 mg,4,4
S0278,carfilzomib,8,27 mg/m2,6,6
S0278,lenalidomide,8,25 mg,21,21
S0278,dexamethasone,8,40 mg,4,4
S0278,carfilzomib,9,27 mg/m2,6,6
S0278,lenalidomide,9,25 mg,21,21
S0278,dexamethasone,9,40 mg,4,4
S0278,carfilzomib,10,27 mg/m2,6,6
S0278,lenalidomide,10,25 mg,21,21
S0278,dexamethasone,10,40 mg,4,4
S0278,carfilzomib,11,27 mg/m2,6,6
S0278,lenalidomide,11,25 mg,21,21
S0278,dexamethasone,11,40 mg,4,4
S0278,carfilzomib,12,27 mg/m2,6,6
S0278,lenalidomide,12,25 mg,21,21
S0278,dexamethasone,12,40 mg,4,4
S0279,carfilzomib,1,20 mg/m2 then 27 mg/m2,6,6
S0279,lenalidomide,1,25 mg,21,21
S0279,dexamethasone,1,40 mg,4,4
S0279,carfilzomib,2,27 mg/m2,6,6
S0279,lenalidomide,2,25 mg,21,21
S0279,dexamethasone,2,40 mg,4,4
S0279,carfilzomib,3,27 mg/m2,6,6
S0279,lenalidomide,3,25 mg,21,21
S0279,dexamethasone,3,40 mg,4,4
S0279,carfilzomib,4,27 mg/m2,6,6
S0279,lenalidomide,4,25 mg,21,21
S0279,dexamethasone,4,40 mg,4,4
S0279,carfilzomib,5,27 mg/m2,6,6
S0279,lenalidomide,5,25 mg,21,21
S0279,dexamethasone,5,40 mg,4,4
S0279,carfilzomib,6,27 mg/m2,2,2
S0279,lenalidomide,6,25 mg,2,2
S0279,dexamethasone,6,40 mg,1,1
S0280,carfilzomib,1,20 mg/m2 then 27 mg/m2,6,6
S0280,lenalidomide,1,25 mg,21,21
S0280,dexamethasone,1,40 mg,4,4
S0280,carfilzomib,2,27 mg/m2,6,5
S0280,lenalidomide,2,25 mg,21,21
S0280,dexamethasone,2,40 mg,4,4
S0280,carfilzomib,3,27 mg/m2,6,6
S0280,lenalidomide,3,25 mg,21,21
S0280,dexamethasone,3,40 mg,4,4
S0280,carfilzomib,4,27 mg/m2,6,6
S0280,lenalidomide,4,25 mg,21,21
S0280,dexamethasone,4,40 mg,4,4
S0280,carfilzomib,5,27 mg/m2,6,6
S0280,lenalidomide,5,25 mg,21,21
S0280,dexamethasone,5,40 mg,4,4
S0280,carfilzomib,6,27 mg/m2,6,6
S0280,lenalidomide,6,25 mg,21,21
S0280,dexamethasone,6,40 mg,4,4
S0280,carfilzomib,7,27 mg/m2,6,6
S0280,lenalidomide,7,25 mg,21,21
S0280,dexamethasone,7,40 mg,4,4
S0280,carfilzomib,8,27 mg/m2,6,6
S0280,lenalidomide,8,25 mg,21,21
S0280,dexamethasone,8,40 mg,4,4
S0280,carfilzomib,9,27 mg/m2,6,6
S0280,lenalidomide,9,25 mg,21,21
S0280,dexamethasone,9,40 mg,4,4
S0280,carfilzomib,10,27 mg/m2,6,6
S0280,lenalidomide,10,25 mg,21,21
S0280,dexamethasone,10,40 mg,4,4
S0280,carfilzomib,11,27 mg/m2,6,6
S0280,lenalidomide,11,25 mg,21,21
S0280,dexamethasone,11,40 mg,4,4
S0280,carfilzomib,12,27 mg/m2,6,6
S0280,lenalidomide,12,25 mg,21,21
S0280,dexamethasone,12,40 mg,4,4
S0281,carfilzomib,1,20 mg/m2 then 27 mg/m2,6,6
S0281,lenalidomide,1,25 mg,21,21
S0281,dexamethasone,1,40 mg,4,4
S0281,carfilzomib,2,27 mg/m2,6,6
S0281,lenalidomide,2,25 mg,21,21
S0281,dexamethasone,2,40 mg,4,4
S0281,carfilzomib,3,27 mg/m2,6,6
S0281,lenalidomide,3,25 mg,21,21
S0281,dexamethasone,3,40 mg,4,4
S0281,carfilzomib,4,27 mg/m2,6,6
S0281,lenalidomide,4,25 mg,21,21
S0281,dexamethasone,4,40 mg,4,4
S0281,carfilzomib,5,27 mg/m2,6,6
S0281,lenalidomide,5,25 mg,21,21
S0281,dexamethasone,5,40 mg,4,4
S0281,carfilzomib,6,27 mg/m2,6,6
S0281,lenalidomide,6,25 mg,21,21
S0281,dexamethasone,6,40 mg,4,4
S0281,carfilzomib,7,27 mg/m2,6,6
S0281,lenalidomide,7,25 mg,21,21
S0281,dexamethasone,7,40 mg,4,4
S0281,carfilzomib,8,27 mg/m2,6,6
S0281,lenalidomide,8,25 mg,21,21
S0281,dexamethasone,8,40 mg,4,4
S0281,carfilzomib,9,27 mg/m2,6,6
S0281,lenalidomide,9,25 mg,21,21
S0281,dexamethasone,9,40 mg,4,4
S0281,carfilzomib,10,27 mg/m2,6,6
S0281,lenalidomide,10,25 mg,21,21
S0281,dexamethasone,10,40 mg,4,4
S0281,carfilzomib,11,27 mg/m2,6,5
S0281,lenalidomide,11,25 mg,21,21
S0281,dexamethasone,11,40 mg,4,4
S0281,carfilzomib,12,27 mg/m2,6,6
S0281,lenalidomide,12,25 mg,21,21
S0281,dexamethasone,12,40 mg,4,4
S0282,carfilzomib,1,20 mg/m2 then 27 mg/m2,6,6
S0282,lenalidomide,1,25 mg,21,21
S0282,dexamethasone,1,40 mg,4,4
S0282,carfilzomib,2,27 mg/m2,6,6
S0282,lenalidomide,2,25 mg,21,21
S0282,dexamethasone,2,40 mg,4,4
S0282,carfilzomib,3,27 mg/m2,6,6
S0282,lenalidomide,3,25 mg,21,21
S0282,dexamethasone,3,40 mg,4,4
S0282,carfilzomib,4,27 mg/m2,6,6
S0282,lenalidomide,4,25 mg,21,21
S0282,dexamethasone,4,40 mg,4,4
S0282,carfilzomib,5,27 mg/m2,6,6
S0282,lenalidomide,5,25 mg,21,21
S0282,dexamethasone,5,40 mg,4,4
S0282,carfilzomib,6,27 mg/m2,6,6
S0282,lenalidomide,6,25 mg,21,21
S0282,dexamethasone,6,40 mg,4,4
S0282,carfilzomib,7,27 mg/m2,6,6
S0282,lenalidomide,7,25 mg,21,21
S0282,dexamethasone,7,40 mg,4,4
S0282,carfilzomib,8,27 mg/m2,6,6
S0282,lenalidomide,8,25 mg,21,21
S0282,dexamethasone,8,40 mg,4,4
S0282,carfilzomib,9,27 mg/m2,6,6
S0282,lenalidomide,9,25 mg,21,21
S0282,dexamethasone,9,40 mg,4,4
S0282,carfilzomib,10,27 mg/m2,6,6
S0282,lenalidomide,10,25 mg,21,21
S0282,dexamethasone,10,40 mg,4,4
S0282,carfilzomib,11,27 mg/m2,6,6
S0282,lenalidomide,11,25 mg,21,21
S0282,dexamethasone,11,40 mg,4,4
S0282,carfilzomib,12,27 mg/m2,6,6
S0282,lenalidomide,12,25 mg,21,21
S0282,dexamethasone,12,40 mg,4,4
S0283,carfilzomib,1,20 mg/m2 then 56 mg/m2,3,3
S0283,lenalidomide,1,25 mg,21,21
S0283,dexamethasone,1,40 mg,4,4
S0283,carfilzomib,2,56 mg/m2,3,3
S0283,lenalidomide,2,25 mg,21,21
S0283,dexamethasone,2,40 mg,4,4
S0283,carfilzomib,3,56 mg/m2,3,2
S0283,lenalidomide,3,25 mg,21,21
S0283,dexamethasone,3,40 mg,4,4
S0283,carfilzomib,4,56 mg/m2,3,3
S0283,lenalidomide,4,25 mg,21,21
S0283,dexamethasone,4,40 mg,4,4
S0283,carfilzomib,5,56 mg/m2,3,3
S0283,lenalidomide,5,25 mg,21,21
S0283,dexamethasone,5,40 mg,4,4
S0283,carfilzomib,6,56 mg/m2,3,3
S0283,lenalidomide,6,25 mg,21,21
S0283,dexamethasone,6,40 mg,4,4
S0283,carfilzomib,7,56 mg/m2,3,3
S0283,lenalidomide,7,25 mg,21,21
S0283,dexamethasone,7,40 mg,4,4
S0283,carfilzomib,8,56 mg/m2,3,3
S0283,lenalidomide,8,25 mg,21,21
S0283,dexamethasone,8,40 mg,4,4
S0283,carfilzomib,9,56 mg/m2,3,3
S0283,lenalidomide,9,25 mg,21,21
S0283,dexamethasone,9,40 mg,4,4
S0283,carfilzomib,10,56 mg/m2,3,3
S0283,lenalidomide,10,25 mg,21,21
S0283,dexamethasone,10,40 mg,4,4
S0283,carfilzomib,11,56 mg/m2,3,3
S0283,lenalidomide,11,25 mg,21,21
S0283,dexamethasone,11,40 mg,4,4
S0283,carfilzomib,12,56 mg/m2,3,3
S0283,lenalidomide,12,25 mg,21,21
S0283,dexamethasone,12,40 mg,4,4
S0284,carfilzomib,1,20 mg/m2 then 27 mg/m2,6,6
S0284,lenalidomide,1,25 mg,21,21
S0284,dexamethasone,1,40 mg,4,4
S0284,carfilzomib,2,27 mg/m2,6,6
S0284,lenalidomide,2,25 mg,21,21
S0284,dexamethasone,2,40 mg,4,4
S0284,carfilzomib,3,27 mg/m2,6,6
S0284,lenalidomide,3,25 mg,21,21
S0284,dexamethasone,3,40 mg,4,4
S0284,carfilzomib,4,27 mg/m2,6,4
S0284,lenalidomide,4,25 mg,21,21
S0284,dexamethasone,4,40 mg,4,4
S0284,carfilzomib,5,27 mg/m2,6,6
S0284,lenalidomide,5,25 mg,21,21
S0284,dexamethasone,5,40 mg,4,4
S0284,carfilzomib,6,27 mg/m2,6,6
S0284,lenalidomide,6,25 mg,21,21
S0284,dexamethasone,6,40 mg,4,4
S0284,carfilzomib,7,27 mg/m2,6,5
S0284,lenalidomide,7,25 mg,21,21
S0284,dexamethasone,7,40 mg,4,4
S0284,carfilzomib,8,27 mg/m2,6,6
S0284,lenalidomide,8,25 mg,21,21
S0284,dexamethasone,8,40 mg,4,4
S0284,carfilzomib,9,27 mg/m2,6,6
S0284,lenalidomide,9,25 mg,21,21
S0284,dexamethasone,9,40 mg,4,4
S0284,carfilzomib,10,27 mg/m2,6,6
S0284,lenalidomide,10,25 mg,21,21
S0284,dexamethasone,10,40 mg,4,4
S0284,carfilzomib,11,27 mg/m2,6,6
S0284,lenalidomide,11,25 mg,21,21
S0284,dexamethasone,11,40 mg,4,4
S0284,carfilzomib,12,27 mg/m2,6,6
S0284,lenalidomide,12,25 mg,21,21
S0284,dexamethasone,12,40 mg,4,4
S0285,carfilzomib,1,20 mg/m2 then 27 mg/m2,6,6
S0285,lenalidomide,1,25 mg,21,21
S0285,dexamethasone,1,40 mg,4,4
S0285,carfilzomib,2,27 mg/m2,6,6
S0285,lenalidomide,2,25 mg,21,21
S0285,dexamethasone,2,40 mg,4,4
S0285,carfilzomib,3,27 mg/m2,6,6
S0285,lenalidomide,3,25 mg,21,21
S0285,dexamethasone,3,40 mg,4,4
S0285,carfilzomib,4,27 mg/m2,6,6
S0285,lenalidomide,4,25 mg,21,21
S0285,dexamethasone,4,40 mg,4,4
S0285,carfilzomib,5,27 mg/m2,6,6
S0285,lenalidomide,5,25 mg,21,21
S0285,dexamethasone,5,40 mg,4,4
S0285,carfilzomib,6,27 mg/m2,6,6
S0285,lenalidomide,6,25 mg,21,21
S0285,dexamethasone,6,40 mg,4,4
S0285,carfilzomib,7,27 mg/m2,6,6
S0285,lenalidomide,7,25 mg,21,21
S0285,dexamethasone,7,40 mg,4,4
S0285,carfilzomib,8,27 mg/m2,6,6
S0285,lenalidomide,8,25 mg,21,21
S0285,dexamethasone,8,40 mg,4,4
S0285,carfilzomib,9,27 mg/m2,6,6
S0285,lenalidomide,9,25 mg,21,21
S0285,dexamethasone,9,40 mg,4,4
S0285,carfilzomib,10,27 mg/m2,6,6
S0285,lenalidomide,10,25 mg,21,21
S0285,dexamethasone,10,40 mg,4,4
S0285,carfilzomib,11,27 mg/m2,6,6
S0285,lenalidomide,11,25 mg,21,21
S0285,dexamethasone,11,40 mg,4,4
S0285,carfilzomib,12,27 mg/m2,6,6
S0285,lenalidomide,12,25 mg,21,21
S0285,dexamethasone,12,40 mg,4,4
S0286,carfilzomib,1,20 mg/m2 then 56 mg/m2,3,2
S0286,lenalidomide,1,25 mg,21,21
S0286,dexamethasone,1,40 mg,4,4
S0286,carfilzomib,2,56 mg/m2,3,3
S0286,lenalidomide,2,25 mg,21,21
S0286,dexamethasone,2,40 mg,4,4
S0286,carfilzomib,3,56 mg/m2,3,3
S0286,lenalidomide,3,25 mg,21,21
S0286,dexamethasone,3,40 mg,4,4
S0286,carfilzomib,4,56 mg/m2,3,3
S0286,lenalidomide,4,25 mg,21,21
S0286,dexamethasone,4,40 mg,4,4
S0286,carfilzomib,5,56 mg/m2,3,3
S0286,lenalidomide,5,25 mg,21,21
S0286,dexamethasone,5,40 mg,4,4
S0286,carfilzomib,6,56 mg/m2,3,3
S0286,lenalidomide,6,25 mg,21,21
S0286,dexamethasone,6,40 mg,4,4
S0286,carfilzomib,7,56 mg/m2,3,3
S0286,lenalidomide,7,25 mg,19,19
S0286,dexamethasone,7,40 mg,3,3
S0287,carfilzomib,1,20 mg/m2 then 27 mg/m2,6,6
S0287,lenalidomide,1,25 mg,21,21
S0287,dexamethasone,1,40 mg,4,4
S0287,carfilzomib,2,27 mg/m2,6,6
S0287,lenalidomide,2,25 mg,21,21
S0287,dexamethasone,2,40 mg,4,4
S0287,carfilzomib,3,27 mg/m2,6,6
S0287,lenalidomide,3,25 mg,21,21
S0287,dexamethasone,3,40 mg,4,4
S0287,carfilzomib,4,27 mg/m2,6,6
S0287,lenalidomide,4,25 mg,21,21
S0287,dexamethasone,4,40 mg,4,4
S0287,carfilzomib,5,27 mg/m2,6,6
S0287,lenalidomide,5,25 mg,21,21
S0287,dexamethasone,5,40 mg,4,4
S0287,carfilzomib,6,27 mg/m2,6,6
S0287,lenalidomide,6,25 mg,21,21
S0287,dexamethasone,6,40 mg,4,4
S0287,carfilzomib,7,27 mg/m2,6,6
S0287,lenalidomide,7,25 mg,21,21
S0287,dexamethasone,7,40 mg,4,4
S0287,carfilzomib,8,27 mg/m2,6,6
S0287,lenalidomide,8,25 mg,21,21
S0287,dexamethasone,8,40 mg,4,4
S0287,carfilzomib,9,27 mg/m2,6,6
S0287,lenalidomide,9,25 mg,21,21
S0287,dexamethasone,9,40 mg,4,4
S0287,carfilzomib,10,27 mg/m2,6,6
S0287,lenalidomide,10,25 mg,21,21
S0287,dexamethasone,10,40 mg,4,4
S0287,carfilzomib,11,27 mg/m2,6,6
S0287,lenalidomide,11,25 mg,21,21
S0287,dexamethasone,11,40 mg,4,4
S0287,carfilzomib,12,27 mg/m2,6,6
S0287,lenalidomide,12,25 mg,21,21
S0287,dexamethasone,12,40 mg,4,4
S0288,carfilzomib,1,20 mg/m2 then 56 mg/m2,3,3
S0288,lenalidomide,1,25 mg,21,21
S0288,dexamethasone,1,40 mg,4,4
S0288,carfilzomib,2,56 mg/m2,3,2
S0288,lenalidomide,2,25 mg,21,21
S0288,dexamethasone,2,40 mg,4,4
S0288,carfilzomib,3,56 mg/m2,3,3
S0288,lenalidomide,3,25 mg,21,21
S0288,dexamethasone,3,40 mg,4,4
S0288,carfilzomib,4,56 mg/m2,3,3
S0288,lenalidomide,4,25 mg,21,21
S0288,dexamethasone,4,40 mg,4,4
S0288,carfilzomib,5,56 mg/m2,3,3
S0288,lenalidomide,5,25 mg,21,21
S0288,dexamethasone,5,40 mg,4,4
S0288,carfilzomib,6,56 mg/m2,3,3
S0288,lenalidomide,6,25 mg,21,21
S0288,dexamethasone,6,40 mg,4,4
S0288,carfilzomib,7,56 mg/m2,3,3
S0288,lenalidomide,7,25 mg,21,21
S0288,dexamethasone,7,40 mg,4,4
S0288,carfilzomib,8,56 mg/m2,3,3
S0288,lenalidomide,8,25 mg,21,21
S0288,dexamethasone,8,40 mg,4,4
S0288,carfilzomib,9,56 mg/m2,3,3
S0288,lenalidomide,9,25 mg,21,21
S0288,dexamethasone,9,40 mg,4,4
S0288,carfilzomib,10,56 mg/m2,3,3
S0288,lenalidomide,10,25 mg,21,21
S0288,dexamethasone,10,40 mg,4,4
S0289,carfilzomib,1,20 mg/m2 then 56 mg/m2,3,3
S0289,lenalidomide,1,25 mg,21,21
S0289,dexamethasone,1,40 mg,4,4
S0289,carfilzomib,2,56 mg/m2,3,3
S0289,lenalidomide,2,25 mg,21,21
S0289,dexamethasone,2,40 mg,4,4
S0289,carfilzomib,3,56 mg/m2,3,3
S0289,lenalidomide,3,25 mg,21,21
S0289,dexamethasone,3,40 mg,4,4
S0289,carfilzomib,4,56 mg/m2,3,3
S0289,lenalidomide,4,25 mg,21,21
S0289,dexamethasone,4,40 mg,4,4
S0289,carfilzomib,5,56 mg/m2,3,3
S0289,lenalidomide,5,25 mg,21,21
S0289,dexamethasone,5,40 mg,4,4
S0289,carfilzomib,6,56 mg/m2,3,3
S0289,lenalidomide,6,25 mg,21,21
S0289,dexamethasone,6,40 mg,4,4
S0289,carfilzomib,7,56 mg/m2,3,3
S0289,lenalidomide,7,25 mg,21,21
S0289,dexamethasone,7,40 mg,4,4
S0289,carfilzomib,8,56 mg/m2,3,2
S0289,lenalidomide,8,25 mg,21,21
S0289,dexamethasone,8,40 mg,4,4
S0289,carfilzomib,9,56 mg/m2,3,3
S0289,lenalidomide,9,25 mg,21,21
S0289,dexamethasone,9,40 mg,4,4
S0289,carfilzomib,10,56 mg/m2,3,3
S0289,lenalidomide,10,25 mg,21,21
S0289,dexamethasone,10,40 mg,4,4
S0289,carfilzomib,11,56 mg/m2,3,3
S0289,lenalidomide,11,25 mg,21,21
S0289,dexamethasone,11,40 mg,4,4
S0289,carfilzomib,12,56 mg/m2,3,3
S0289,lenalidomide,12,25 mg,21,21
S0289,dexamethasone,12,40 mg,4,4
S0290,carfilzomib,1,20 mg/m2 then 56 mg/m2,3,3
S0290,lenalidomide,1,25 mg,21,21
S0290,dexamethasone,1,40 mg,4,4
S0290,carfilzomib,2,56 mg/m2,3,3
S0290,lenalidomide,2,25 mg,21,21
S0290,dexamethasone,2,40 mg,4,4
S0290,carfilzomib,3,56 mg/m2,3,3
S0290,lenalidomide,3,25 mg,21,21
S0290,dexamethasone,3,40 mg,4,4
S0290,carfilzomib,4,56 mg/m2,3,3
S0290,lenalidomide,4,25 mg,21,21
S0290,dexamethasone,4,40 mg,4,4
S0290,carfilzomib,5,56 mg/m2,3,3
S0290,lenalidomide,5,25 mg,21,21
S0290,dexamethasone,5,40 mg,4,4
S0290,carfilzomib,6,56 mg/m2,3,3
S0290,lenalidomide,6,25 mg,21,21
S0290,dexamethasone,6,40 mg,4,4
S0290,carfilzomib,7,56 mg/m2,3,3
S0290,lenalidomide,7,25 mg,21,21
S0290,dexamethasone,7,40 mg,4,4
S0290,carfilzomib,8,56 mg/m2,3,3
S0290,lenalidomide,8,25 mg,21,21
S0290,dexamethasone,8,40 mg,4,4
S0290,carfilzomib,9,56 mg/m2,3,3
S0290,lenalidomide,9,25 mg,21,21
S0290,dexamethasone,9,40 mg,3,3
S0291,carfilzomib,1,20 mg/m2 then 56 mg/m2,3,3
S0291,lenalidomide,1,25 mg,21,21
S0291,dexamethasone,1,40 mg,4,4
S0291,carfilzomib,2,56 mg/m2,3,2
S0291,lenalidomide,2,25 mg,21,21
S0291,dexamethasone,2,40 mg,4,4
S0291,carfilzomib,3,56 mg/m2,3,3
S0291,lenalidomide,3,25 mg,21,21
S0291,dexamethasone,3,40 mg,4,4
S0291,carfilzomib,4,56 mg/m2,3,3
S0291,lenalidomide,4,25 mg,21,21
S0291,dexamethasone,4,40 mg,4,4
S0291,carfilzomib,5,56 mg/m2,3,3
S0291,lenalidomide,5,25 mg,21,21
S0291,dexamethasone,5,40 mg,4,4
S0291,carfilzomib,6,56 mg/m2,3,3
S0291,lenalidomide,6,25 mg,21,21
S0291,dexamethasone,6,40 mg,4,4
S0291,carfilzomib,7,56 mg/m2,3,3
S0291,lenalidomide,7,25 mg,21,21
S0291,dexamethasone,7,40 mg,4,4
S0291,carfilzomib,8,56 mg/m2,3,3
S0291,lenalidomide,8,25 mg,21,21
S0291,dexamethasone,8,40 mg,4,4
S0291,carfilzomib,9,56 mg/m2,3,3
S0291,lenalidomide,9,25 mg,21,21
S0291,dexamethasone,9,40 mg,4,4
S0291,carfilzomib,10,56 mg/m2,3,3
S0291,lenalidomide,10,25 mg,21,21
S0291,dexamethasone,10,40 mg,4,4
S0291,carfilzomib,11,56 mg/m2,3,3
S0291,lenalidomide,11,25 mg,21,21
S0291,dexamethasone,11,40 mg,4,4
S0291,carfilzomib,12,56 mg/m2,3,3
S0291,lenalidomide,12,25 mg,21,21
S0291,dexamethasone,12,40 mg,4,4
S0292,carfilzomib,1,20 mg/m2 then 56 mg/m2,3,2
S0292,lenalidomide,1,25 mg,21,21
S0292,dexamethasone,1,40 mg,4,4
S0292,carfilzomib,2,56 mg/m2,3,2
S0292,lenalidomide,2,25 mg,21,21
S0292,dexamethasone,2,40 mg,4,4
S0292,carfilzomib,3,56 mg/m2,3,3
S0292,lenalidomide,3,25 mg,21,21
S0292,dexamethasone,3,40 mg,4,4
S0292,carfilzomib,4,56 mg/m2,3,3
S0292,lenalidomide,4,25 mg,21,21
S0292,dexamethasone,4,40 mg,4,4
S0292,carfilzomib,5,56 mg/m2,3,3
S0292,lenalidomide,5,25 mg,21,21
S0292,dexamethasone,5,40 mg,4,4
S0292,carfilzomib,6,56 mg/m2,3,2
S0292,lenalidomide,6,25 mg,21,21
S0292,dexamethasone,6,40 mg,4,4
S0292,carfilzomib,7,56 mg/m2,1,1
S0292,lenalidomide,7,25 mg,1,1
S0292,dexamethasone,7,40 mg,1,1
S0293,carfilzomib,1,20 mg/m2 then 56 mg/m2,3,3
S0293,lenalidomide,1,25 mg,21,21
S0293,dexamethasone,1,40 mg,4,4
S0293,carfilzomib,2,56 mg/m2,3,3
S0293,lenalidomide,2,25 mg,21,21
S0293,dexamethasone,2,40 mg,4,4
S0293,carfilzomib,3,56 mg/m2,3,3
S0293,lenalidomide,3,25 mg,21,21
S0293,dexamethasone,3,40 mg,4,4
S0293,carfilzomib,4,56 mg/m2,3,2
S0293,lenalidomide,4,25 mg,21,21
S0293,dexamethasone,4,40 mg,4,4
S0293,carfilzomib,5,56 mg/m2,3,3
S0293,lenalidomide,5,25 mg,21,21
S0293,dexamethasone,5,40 mg,4,4
S0293,carfilzomib,6,56 mg/m2,3,3
S0293,lenalidomide,6,25 mg,21,21
S0293,dexamethasone,6,40 mg,4,4
S0293,carfilzomib,7,56 mg/m2,3,3
S0293,lenalidomide,7,25 mg,21,21
S0293,dexamethasone,7,40 mg,4,4
S0293,carfilzomib,8,56 mg/m2,3,3
S0293,lenalidomide,8,25 mg,21,21
S0293,dexamethasone,8,40 mg,4,4
S0293,carfilzomib,9,56 mg/m2,3,3
S0293,lenalidomide,9,25 mg,21,21
S0293,dexamethasone,9,40 mg,4,4
S0293,carfilzomib,10,56 mg/m2,3,3
S0293,lenalidomide,10,25 mg,21,21
S0293,dexamethasone,10,40 mg,4,4
S0293,carfilzomib,11,56 mg/m2,3,3
S0293,lenalidomide,11,25 mg,21,21
S0293,dexamethasone,11,40 mg,4,4
S0293,carfilzomib,12,56 mg/m2,3,3
S0293,lenalidomide,12,25 mg,21,21
S0293,dexamethasone,12,40 mg,4,4
S0294,carfilzomib,1,20 mg/m2 then 27 mg/m2,6,6
S0294,lenalidomide,1,25 mg,21,21
S0294,dexamethasone,1,40 mg,4,4
S0294,carfilzomib,2,27 mg/m2,6,6
S0294,lenalidomide,2,25 mg,21,21
S0294,dexamethasone,2,40 mg,4,4
S0294,carfilzomib,3,27 mg/m2,6,6
S0294,lenalidomide,3,25 mg,21,21
S0294,dexamethasone,3,40 mg,4,4
S0294,carfilzomib,4,27 mg/m2,6,6
S0294,lenalidomide,4,25 mg,21,21
S0294,dexamethasone,4,40 mg,4,4
S0294,carfilzomib,5,27 mg/m2,6,6
S0294,lenalidomide,5,25 mg,21,21
S0294,dexamethasone,5,40 mg,4,4
S0294,carfilzomib,6,27 mg/m2,6,6
S0294,lenalidomide,6,25 mg,21,21
S0294,dexamethasone,6,40 mg,4,4
S0294,carfilzomib,7,27 mg/m2,6,5
S0294,lenalidomide,7,25 mg,21,21
S0294,dexamethasone,7,40 mg,4,4
S0294,carfilzomib,8,27 mg/m2,6,6
S0294,lenalidomide,8,25 mg,21,21
S0294,dexamethasone,8,40 mg,4,4
S0294,carfilzomib,9,27 mg/m2,6,6
S0294,lenalidomide,9,25 mg,21,21
S0294,dexamethasone,9,40 mg,4,4
S0294,carfilzomib,10,27 mg/m2,6,6
S0294,lenalidomide,10,25 mg,21,21
S0294,dexamethasone,10,40 mg,4,4
S0294,carfilzomib,11,27 mg/m2,6,6
S0294,lenalidomide,11,25 mg,21,21
S0294,dexamethasone,11,40 mg,4,4
S0294,carfilzomib,12,27 mg/m2,6,6
S0294,lenalidomide,12,25 mg,21,21
S0294,dexamethasone,12,40 mg,4,4
S0295,carfilzomib,1,20 mg/m2 then 27 mg/m2,6,6
S0295,lenalidomide,1,25 mg,21,21
S0295,dexamethasone,1,40 mg,4,4
S0295,carfilzomib,2,27 mg/m2,6,6
S0295,lenalidomide,2,25 mg,21,21
S0295,dexamethasone,2,40 mg,4,4
S0295,carfilzomib,3,27 mg/m2,6,6
S0295,lenalidomide,3,25 mg,21,21
S0295,dexamethasone,3,40 mg,4,4
S0295,carfilzomib,4,27 mg/m2,6,6
S0295,lenalidomide,4,25 mg,21,21
S0295,dexamethasone,4,40 mg,4,4
S0295,carfilzomib,5,27 mg/m2,6,6
S0295,lenalidomide,5,25 mg,21,21
S0295,dexamethasone,5,40 mg,4,4
S0295,carfilzomib,6,27 mg/m2,6,6
S0295,lenalidomide,6,25 mg,21,21
S0295,dexamethasone,6,40 mg,4,4
S0295,carfilzomib,7,27 mg/m2,6,6
S0295,lenalidomide,7,25 mg,21,21
S0295,dexamethasone,7,40 mg,4,4
S0295,carfilzomib,8,27 mg/m2,6,6
S0295,lenalidomide,8,25 mg,21,21
S0295,dexamethasone,8,40 mg,4,4
S0295,carfilzomib,9,27 mg/m2,6,6
S0295,lenalidomide,9,25 mg,21,21
S0295,dexamethasone,9,40 mg,4,4
S0295,carfilzomib,10,27 mg/m2,6,6
S0295,lenalidomide,10,25 mg,21,21
S0295,dexamethasone,10,40 mg,4,4
S0295,carfilzomib,11,27 mg/m2,6,5
S0295,lenalidomide,11,25 mg,21,21
S0295,dexamethasone,11,40 mg,4,4
S0295,carfilzomib,12,27 mg/m2,1,1
S0295,lenalidomide,12,25 mg,1,1
S0295,dexamethasone,12,40 mg,1,1
S0296,carfilzomib,1,20 mg/m2 then 27 mg/m2,6,6
S0296,lenalidomide,1,25 mg,21,21
S0296,dexamethasone,1,40 mg,4,4
S0296,carfilzomib,2,27 mg/m2,1,1
S0296,lenalidomide,2,25 mg,1,1
S0296,dexamethasone,2,40 mg,1,1
S0297,carfilzomib,1,20 mg/m2 then 56 mg/m2,3,3
S0297,lenalidomide,1,25 mg,21,21
S0297,dexamethasone,1,40 mg,4,4
S0297,carfilzomib,2,56 mg/m2,3,3
S0297,lenalidomide,2,25 mg,21,21
S0297,dexamethasone,2,40 mg,4,4
S0297,carfilzomib,3,56 mg/m2,3,3
S0297,lenalidomide,3,25 mg,21,21
S0297,dexamethasone,3,40 mg,4,4
S0297,carfilzomib,4,56 mg/m2,3,3
S0297,lenalidomide,4,25 mg,21,21
S0297,dexamethasone,4,40 mg,4,4
S0297,carfilzomib,5,56 mg/m2,3,3
S0297,lenalidomide,5,25 mg,21,21
S0297,dexamethasone,5,40 mg,4,4
S0297,carfilzomib,6,56 mg/m2,3,3
S0297,lenalidomide,6,25 mg,21,21
S0297,dexamethasone,6,40 mg,4,4
S0297,carfilzomib,7,56 mg/m2,3,3
S0297,lenalidomide,7,25 mg,21,21
S0297,dexamethasone,7,40 mg,4,4
S0297,carfilzomib,8,56 mg/m2,3,3
S0297,lenalidomide,8,25 mg,21,21
S0297,dexamethasone,8,40 mg,4,4
S0297,carfilzomib,9,56 mg/m2,3,3
S0297,lenalidomide,9,25 mg,21,21
S0297,dexamethasone,9,40 mg,4,4
S0297,carfilzomib,10,56 mg/m2,3,3
S0297,lenalidomide,10,25 mg,21,21
S0297,dexamethasone,10,40 mg,4,4
S0297,carfilzomib,11,56 mg/m2,3,3
S0297,lenalidomide,11,25 mg,21,21
S0297,dexamethasone,11,40 mg,4,4
S0297,carfilzomib,12,56 mg/m2,3,3
S0297,lenalidomide,12,25 mg,21,21
S0297,dexamethasone,12,40 mg,4,4
S0298,carfilzomib,1,20 mg/m2 then 27 mg/m2,6,6
S0298,lenalidomide,1,25 mg,21,21
S0298,dexamethasone,1,40 mg,4,4
S0298,carfilzomib,2,27 mg/m2,6,6
S0298,lenalidomide,2,25 mg,21,21
S0298,dexamethasone,2,40 mg,4,4
S0298,carfilzomib,3,27 mg/m2,6,6
S0298,lenalidomide,3,25 mg,21,21
S0298,dexamethasone,3,40 mg,4,4
S0298,carfilzomib,4,27 mg/m2,6,6
S0298,lenalidomide,4,25 mg,21,21
S0298,dexamethasone,4,40 mg,4,4
S0298,carfilzomib,5,27 mg/m2,6,6
S0298,lenalidomide,5,25 mg,21,21
S0298,dexamethasone,5,40 mg,4,4
S0298,carfilzomib,6,27 mg/m2,6,6
S0298,lenalidomide,6,25 mg,21,21
S0298,dexamethasone,6,40 mg,4,4
S0298,carfilzomib,7,27 mg/m2,6,6
S0298,lenalidomide,7,25 mg,21,21
S0298,dexamethasone,7,40 mg,4,4
S0298,carfilzomib,8,27 mg/m2,6,6
S0298,lenalidomide,8,25 mg,21,21
S0298,dexamethasone,8,40 mg,4,4
S0298,carfilzomib,9,27 mg/m2,6,6
S0298,lenalidomide,9,25 mg,21,21
S0298,dexamethasone,9,40 mg,4,4
S0298,carfilzomib,10,27 mg/m2,6,6
S0298,lenalidomide,10,25 mg,21,21
S0298,dexamethasone,10,40 mg,4,4
S0298,carfilzomib,11,27 mg/m2,6,6
S0298,lenalidomide,11,25 mg,21,21
S0298,dexamethasone,11,40 mg,4,4
S0298,carfilzomib,12,27 mg/m2,6,6
S0298,lenalidomide,12,25 mg,21,21
S0298,dexamethasone,12,40 mg,4,4
S0299,carfilzomib,1,20 mg/m2 then 27 mg/m2,6,6
S0299,lenalidomide,1,25 mg,21,21
S0299,dexamethasone,1,40 mg,4,4
S0299,carfilzomib,2,27 mg/m2,6,5
S0299,lenalidomide,2,25 mg,21,21
S0299,dexamethasone,2,40 mg,4,4
S0299,carfilzomib,3,27 mg/m2,6,6
S0299,lenalidomide,3,25 mg,21,21
S0299,dexamethasone,3,40 mg,4,4
S0299,carfilzomib,4,27 mg/m2,6,6
S0299,lenalidomide,4,25 mg,21,21
S0299,dexamethasone,4,40 mg,4,4
S0299,carfilzomib,5,27 mg/m2,6,6
S0299,lenalidomide,5,25 mg,21,21
S0299,dexamethasone,5,40 mg,4,4
S0299,carfilzomib,6,27 mg/m2,6,6
S0299,lenalidomide,6,25 mg,21,21
S0299,dexamethasone,6,40 mg,4,4
S0299,carfilzomib,7,27 mg/m2,6,6
S0299,lenalidomide,7,25 mg,21,21
S0299,dexamethasone,7,40 mg,4,4
S0299,carfilzomib,8,27 mg/m2,6,6
S0299,lenalidomide,8,25 mg,21,21
S0299,dexamethasone,8,40 mg,4,4
S0299,carfilzomib,9,27 mg/m2,6,6
S0299,lenalidomide,9,25 mg,21,21
S0299,dexamethasone,9,40 mg,4,4
S0299,carfilzomib,10,27 mg/m2,6,6
S0299,lenalidomide,10,25 mg,21,21
S0299,dexamethasone,10,40 mg,4,4
S0299,carfilzomib,11,27 mg/m2,6,6
S0299,lenalidomide,11,25 mg,21,21
S0299,dexamethasone,11,40 mg,4,4
S0299,carfilzomib,12,27 mg/m2,6,6
S0299,lenalidomide,12,25 mg,21,21
S0299,dexamethasone,12,40 mg,4,4
S0300,carfilzomib,1,20 mg/m2 then 27 mg/m2,6,6
S0300,lenalidomide,1,25 mg,21,21
S0300,dexamethasone,1,40 mg,4,4
S0300,carfilzomib,2,27 mg/m2,6,6
S0300,lenalidomide,2,25 mg,21,21
S0300,dexamethasone,2,40 mg,4,4
S0300,carfilzomib,3,27 mg/m2,6,6
S0300,lenalidomide,3,25 mg,21,21
S0300,dexamethasone,3,40 mg,4,4
S0300,carfilzomib,4,27 mg/m2,6,6
S0300,lenalidomide,4,25 mg,21,21
S0300,dexamethasone,4,40 mg,4,4
S0300,carfilzomib,5,27 mg/m2,6,6
S0300,lenalidomide,5,25 mg,21,21
S0300,dexamethasone,5,40 mg,4,4
S0300,carfilzomib,6,27 mg/m2,6,5
S0300,lenalidomide,6,25 mg,21,21
S0300,dexamethasone,6,40 mg,4,4
S0300,carfilzomib,7,27 mg/m2,6,6
S0300,lenalidomide,7,25 mg,21,21
S0300,dexamethasone,7,40 mg,4,4
S0300,carfilzomib,8,27 mg/m2,6,6
S0300,lenalidomide,8,25 mg,21,21
S0300,dexamethasone,8,40 mg,4,4
S0300,carfilzomib,9,27 mg/m2,6,6
S0300,lenalidomide,9,25 mg,21,21
S0300,dexamethasone,9,40 mg,4,4
S0300,carfilzomib,10,27 mg/m2,6,6
S0300,lenalidomide,10,25 mg,21,21
S0300,dexamethasone,10,40 mg,4,4
S0300,carfilzomib,11,27 mg/m2,6,6
S0300,lenalidomide,11,25 mg,21,21
S0300,dexamethasone,11,40 mg,4,4
S0300,carfilzomib,12,27 mg/m2,6,6
S0300,lenalidomide,12,25 mg,21,21
S0300,dexamethasone,12,40 mg,4,4
S0301,carfilzomib,1,20 mg/m2 then 27 mg/m2,6,5
S0301,lenalidomide,1,25 mg,21,21
S0301,dexamethasone,1,40 mg,4,4
S0301,carfilzomib,2,27 mg/m2,6,6
S0301,lenalidomide,2,25 mg,21,21
S0301,dexamethasone,2,40 mg,4,4
S0301,carfilzomib,3,27 mg/m2,6,6
S0301,lenalidomide,3,25 mg,21,21
S0301,dexamethasone,3,40 mg,4,4
S0301,carfilzomib,4,27 mg/m2,6,6
S0301,lenalidomide,4,25 mg,21,21
S0301,dexamethasone,4,40 mg,4,4
S0301,carfilzomib,5,27 mg/m2,6,6
S0301,lenalidomide,5,25 mg,21,21
S0301,dexamethasone,5,40 mg,4,4
S0301,carfilzomib,6,27 mg/m2,6,6
S0301,lenalidomide,6,25 mg,21,21
S0301,dexamethasone,6,40 mg,4,4
S0301,carfilzomib,7,27 mg/m2,6,6
S0301,lenalidomide,7,25 mg,21,21
S0301,dexamethasone,7,40 mg,4,4
S0301,carfilzomib,8,27 mg/m2,6,6
S0301,lenalidomide,8,25 mg,21,21
S0301,dexamethasone,8,40 mg,4,4
S0301,carfilzomib,9,27 mg/m2,6,6
S0301,lenalidomide,9,25 mg,21,21
S0301,dexamethasone,9,40 mg,4,4
S0301,carfilzomib,10,27 mg/m2,6,6
S0301,lenalidomide,10,25 mg,21,21
S0301,dexamethasone,10,40 mg,4,4
S0301,carfilzomib,11,27 mg/m2,6,6
S0301,lenalidomide,11,25 mg,21,21
S0301,dexamethasone,11,40 mg,4,4
S0301,carfilzomib,12,27 mg/m2,6,6
S0301,lenalidomide,12,25 mg,21,21
S0301,dexamethasone,12,40 mg,4,4
S0302,carfilzomib,1,20 mg/m2 then 27 mg/m2,6,6
S0302,lenalidomide,1,25 mg,21,21
S0302,dexamethasone,1,40 mg,4,4
S0302,carfilzomib,2,27 mg/m2,6,6
S0302,lenalidomide,2,25 mg,21,21
S0302,dexamethasone,2,40 mg,4,4
S0302,carfilzomib,3,27 mg/m2,6,6
S0302,lenalidomide,3,25 mg,21,21
S0302,dexamethasone,3,40 mg,4,4
S0302,carfilzomib,4,27 mg/m2,6,6
S0302,lenalidomide,4,25 mg,21,21
S0302,dexamethasone,4,40 mg,4,4
S0302,carfilzomib,5,27 mg/m2,6,6
S0302,lenalidomide,5,25 mg,21,21
S0302,dexamethasone,5,40 mg,4,4
S0302,carfilzomib,6,27 mg/m2,6,6
S0302,lenalidomide,6,25 mg,21,21
S0302,dexamethasone,6,40 mg,4,4
S0302,carfilzomib,7,27 mg/m2,6,6
S0302,lenalidomide,7,25 mg,21,21
S0302,dexamethasone,7,40 mg,4,4
S0302,carfilzomib,8,27 mg/m2,6,6
S0302,lenalidomide,8,25 mg,21,21
S0302,dexamethasone,8,40 mg,4,4
S0302,carfilzomib,9,27 mg/m2,6,6
S0302,lenalidomide,9,25 mg,21,21
S0302,dexamethasone,9,40 mg,4,4
S0302,carfilzomib,10,27 mg/m2,6,6
S0302,lenalidomide,10,25 mg,21,21
S0302,dexamethasone,10,40 mg,4,4
S0302,carfilzomib,11,27 mg/m2,2,2
S0302,lenalidomide,11,25 mg,5,5
S0302,dexamethasone,11,40 mg,1,1
S0303,carfilzomib,1,20 mg/m2 then 56 mg/m2,3,3
S0303,lenalidomide,1,25 mg,21,21
S0303,dexamethasone,1,40 mg,4,4
S0303,carfilzomib,2,56 mg/m2,3,2
S0303,lenalidomide,2,25 mg,21,21
S0303,dexamethasone,2,40 mg,4,4
S0303,carfilzomib,3,56 mg/m2,1,1
S0303,lenalidomide,3,25 mg,1,1
S0303,dexamethasone,3,40 mg,1,1
S0304,carfilzomib,1,20 mg/m2 then 56 mg/m2,3,2
S0304,lenalidomide,1,25 mg,21,21
S0304,dexamethasone,1,40 mg,4,4
S0304,carfilzomib,2,56 mg/m2,3,3
S0304,lenalidomide,2,25 mg,21,21
S0304,dexamethasone,2,40 mg,4,4
S0304,carfilzomib,3,56 mg/m2,3,3
S0304,lenalidomide,3,25 mg,21,21
S0304,dexamethasone,3,40 mg,4,4
S0304,carfilzomib,4,56 mg/m2,3,3
S0304,lenalidomide,4,25 mg,21,21
S0304,dexamethasone,4,40 mg,4,4
S0304,carfilzomib,5,56 mg/m2,3,3
S0304,lenalidomide,5,25 mg,21,21
S0304,dexamethasone,5,40 mg,4,4
S0304,carfilzomib,6,56 mg/m2,3,3
S0304,lenalidomide,6,25 mg,21,21
S0304,dexamethasone,6,40 mg,4,4
S0304,carfilzomib,7,56 mg/m2,3,3
S0304,lenalidomide,7,25 mg,21,21
S0304,dexamethasone,7,40 mg,4,4
S0304,carfilzomib,8,56 mg/m2,3,3
S0304,lenalidomide,8,25 mg,21,21
S0304,dexamethasone,8,40 mg,4,4
S0304,carfilzomib,9,56 mg/m2,3,3
S0304,lenalidomide,9,25 mg,21,21
S0304,dexamethasone,9,40 mg,4,4
S0304,carfilzomib,10,56 mg/m2,3,3
S0304,lenalidomide,10,25 mg,21,21
S0304,dexamethasone,10,40 mg,4,4
S0304,carfilzomib,11,56 mg/m2,3,3
S0304,lenalidomide,11,25 mg,21,21
S0304,dexamethasone,11,40 mg,4,4
S0304,carfilzomib,12,56 mg/m2,3,3
S0304,lenalidomide,12,25 mg,21,21
S0304,dexamethasone,12,40 mg,4,4
S0305,carfilzomib,1,20 mg/m2 then 27 mg/m2,6,6
S0305,lenalidomide,1,25 mg,21,21
S0305,dexamethasone,1,40 mg,4,4
S0305,carfilzomib,2,27 mg/m2,6,6
S0305,lenalidomide,2,25 mg,21,21
S0305,dexamethasone,2,40 mg,4,4
S0305,carfilzomib,3,27 mg/m2,6,6
S0305,lenalidomide,3,25 mg,21,21
S0305,dexamethasone,3,40 mg,4,4
S0305,carfilzomib,4,27 mg/m2,6,6
S0305,lenalidomide,4,25 mg,21,21
S0305,dexamethasone,4,40 mg,4,4
S0305,carfilzomib,5,27 mg/m2,6,6
S0305,lenalidomide,5,25 mg,21,21
S0305,dexamethasone,5,40 mg,4,4
S0305,carfilzomib,6,27 mg/m2,6,6
S0305,lenalidomide,6,25 mg,21,21
S0305,dexamethasone,6,40 mg,4,4
S0305,carfilzomib,7,27 mg/m2,6,6
S0305,lenalidomide,7,25 mg,21,21
S0305,dexamethasone,7,40 mg,4,4
S0305,carfilzomib,8,27 mg/m2,6,6
S0305,lenalidomide,8,25 mg,21,21
S0305,dexamethasone,8,40 mg,4,4
S0305,carfilzomib,9,27 mg/m2,6,6
S0305,lenalidomide,9,25 mg,21,21
S0305,dexamethasone,9,40 mg,4,4
S0305,carfilzomib,10,27 mg/m2,6,6
S0305,lenalidomide,10,25 mg,21,21
S0305,dexamethasone,10,40 mg,4,4
S0305,carfilzomib,11,27 mg/m2,6,6
S0305,lenalidomide,11,25 mg,21,21
S0305,dexamethasone,11,40 mg,4,4
S0305,carfilzomib,12,27 mg/m2,6,5
S0305,lenalidomide,12,25 mg,21,21
S0305,dexamethasone,12,40 mg,4,4
S0306,carfilzomib,1,20 mg/m2 then 56 mg/m2,3,3
S0306,lenalidomide,1,25 mg,21,21
S0306,dexamethasone,1,40 mg,4,4
S0306,carfilzomib,2,56 mg/m2,3,3
S0306,lenalidomide,2,25 mg,21,21
S0306,dexamethasone,2,40 mg,4,4
S0306,carfilzomib,3,56 mg/m2,3,3
S0306,lenalidomide,3,25 mg,21,21
S0306,dexamethasone,3,40 mg,4,4
S0306,carfilzomib,4,56 mg/m2,3,3
S0306,lenalidomide,4,25 mg,21,21
S0306,dexamethasone,4,40 mg,4,4
S0306,carfilzomib,5,56 mg/m2,3,3
S0306,lenalidomide,5,25 mg,21,21
S0306,dexamethasone,5,40 mg,4,4
S0306,carfilzomib,6,56 mg/m2,3,3
S0306,lenalidomide,6,25 mg,21,21
S0306,dexamethasone,6,40 mg,4,4
S0306,carfilzomib,7,56 mg/m2,3,3
S0306,lenalidomide,7,25 mg,21,21
S0306,dexamethasone,7,40 mg,4,4
S0306,carfilzomib,8,56 mg/m2,3,3
S0306,lenalidomide,8,25 mg,21,21
S0306,dexamethasone,8,40 mg,4,4
S0306,carfilzomib,9,56 mg/m2,3,3
S0306,lenalidomide,9,25 mg,21,21
S0306,dexamethasone,9,40 mg,4,4
S0306,carfilzomib,10,56 mg/m2,3,3
S0306,lenalidomide,10,25 mg,21,21
S0306,dexamethasone,10,40 mg,4,4
S0306,carfilzomib,11,56 mg/m2,3,3
S0306,lenalidomide,11,25 mg,21,21
S0306,dexamethasone,11,40 mg,4,4
S0306,carfilzomib,12,56 mg/m2,3,3
S0306,lenalidomide,12,25 mg,21,21
S0306,dexamethasone,12,40 mg,4,4
S0307,carfilzomib,1,20 mg/m2 then 27 mg/m2,6,6
S0307,lenalidomide,1,25 mg,21,21
S0307,dexamethasone,1,40 mg,4,4
S0307,carfilzomib,2,27 mg/m2,6,6
S0307,lenalidomide,2,25 mg,21,21
S0307,dexamethasone,2,40 mg,4,4
S0307,carfilzomib,3,27 mg/m2,6,6
S0307,lenalidomide,3,25 mg,21,21
S0307,dexamethasone,3,40 mg,4,4
S0307,carfilzomib,4,27 mg/m2,6,4
S0307,lenalidomide,4,25 mg,21,21
S0307,dexamethasone,4,40 mg,4,4
S0307,carfilzomib,5,27 mg/m2,6,6
S0307,lenalidomide,5,25 mg,21,21
S0307,dexamethasone,5,40 mg,4,4
S0307,carfilzomib,6,27 mg/m2,6,6
S0307,lenalidomide,6,25 mg,21,21
S0307,dexamethasone,6,40 mg,4,4
S0307,carfilzomib,7,27 mg/m2,6,6
S0307,lenalidomide,7,25 mg,21,21
S0307,dexamethasone,7,40 mg,4,4
S0307,carfilzomib,8,27 mg/m2,6,6
S0307,lenalidomide,8,25 mg,21,21
S0307,dexamethasone,8,40 mg,4,4
S0307,carfilzomib,9,27 mg/m2,6,6
S0307,lenalidomide,9,25 mg,21,21
S0307,dexamethasone,9,40 mg,4,4
S0307,carfilzomib,10,27 mg/m2,6,6
S0307,lenalidomide,10,25 mg,21,21
S0307,dexamethasone,10,40 mg,4,4
S0307,carfilzomib,11,27 mg/m2,6,6
S0307,lenalidomide,11,25 mg,21,21
S0307,dexamethasone,11,40 mg,4,4
S0307,carfilzomib,12,27 mg/m2,6,6
S0307,lenalidomide,12,25 mg,21,21
S0307,dexamethasone,12,40 mg,4,4
S0308,carfilzomib,1,20 mg/m2 then 27 mg/m2,6,6
S0308,lenalidomide,1,25 mg,21,21
S0308,dexamethasone,1,40 mg,4,4
S0308,carfilzomib,2,27 mg/m2,6,6
S0308,lenalidomide,2,25 mg,21,21
S0308,dexamethasone,2,40 mg,4,4
S0308,carfilzomib,3,27 mg/m2,6,6
S0308,lenalidomide,3,25 mg,21,21
S0308,dexamethasone,3,40 mg,4,4
S0309,carfilzomib,1,20 mg/m2 then 27 mg/m2,6,6
S0309,lenalidomide,1,25 mg,21,21
S0309,dexamethasone,1,40 mg,4,4
S0309,carfilzomib,2,27 mg/m2,6,6
S0309,lenalidomide,2,25 mg,21,21
S0309,dexamethasone,2,40 mg,4,4
S0309,carfilzomib,3,27 mg/m2,6,6
S0309,lenalidomide,3,25 mg,21,21
S0309,dexamethasone,3,40 mg,4,4
S0309,carfilzomib,4,27 mg/m2,6,6
S0309,lenalidomide,4,25 mg,21,21
S0309,dexamethasone,4,40 mg,4,4
S0309,carfilzomib,5,27 mg/m2,6,6
S0309,lenalidomide,5,25 mg,21,21
S0309,dexamethasone,5,40 mg,4,4
S0309,carfilzomib,6,27 mg/m2,1,1
S0309,lenalidomide,6,25 mg,1,1
S0309,dexamethasone,6,40 mg,1,1
S0310,carfilzomib,1,20 mg/m2 then 56 mg/m2,3,3
S0310,lenalidomide,1,25 mg,21,21
S0310,dexamethasone,1,40 mg,4,4
S0310,carfilzomib,2,56 mg/m2,3,3
S0310,lenalidomide,2,25 mg,21,21
S0310,dexamethasone,2,40 mg,4,4
S0310,carfilzomib,3,56 mg/m2,3,3
S0310,lenalidomide,3,25 mg,21,21
S0310,dexamethasone,3,40 mg,4,4
S0310,carfilzomib,4,56 mg/m2,3,3
S0310,lenalidomide,4,25 mg,21,21
S0310,dexamethasone,4,40 mg,4,4
S0310,carfilzomib,5,56 mg/m2,3,3
S0310,lenalidomide,5,25 mg,21,21
S0310,dexamethasone,5,40 mg,4,4
S0310,carfilzomib,6,56 mg/m2,3,3
S0310,lenalidomide,6,25 mg,21,21
S0310,dexamethasone,6,40 mg,4,4
S0310,carfilzomib,7,56 mg/m2,3,3
S0310,lenalidomide,7,25 mg,21,21
S0310,dexamethasone,7,40 mg,4,4
S0310,carfilzomib,8,56 mg/m2,3,3
S0310,lenalidomide,8,25 mg,21,21
S0310,dexamethasone,8,40 mg,4,4
S0310,carfilzomib,9,56 mg/m2,3,2
S0310,lenalidomide,9,25 mg,21,21
S0310,dexamethasone,9,40 mg,4,4
S0310,carfilzomib,10,56 mg/m2,1,1
S0310,lenalidomide,10,25 mg,1,1
S0310,dexamethasone,10,40 mg,1,1
S0311,carfilzomib,1,20 mg/m2 then 56 mg/m2,3,3
S0311,lenalidomide,1,25 mg,21,21
S0311,dexamethasone,1,40 mg,4,4
S0311,carfilzomib,2,56 mg/m2,3,3
S0311,lenalidomide,2,25 mg,21,21
S0311,dexamethasone,2,40 mg,4,4
S0311,carfilzomib,3,56 mg/m2,3,3
S0311,lenalidomide,3,25 mg,21,21
S0311,dexamethasone,3,40 mg,4,4
S0311,carfilzomib,4,56 mg/m2,3,3
S0311,lenalidomide,4,25 mg,21,21
S0311,dexamethasone,4,40 mg,4,4
S0311,carfilzomib,5,56 mg/m2,3,3
S0311,lenalidomide,5,25 mg,21,21
S0311,dexamethasone,5,40 mg,4,4
S0311,carfilzomib,6,56 mg/m2,3,3
S0311,lenalidomide,6,25 mg,21,21
S0311,dexamethasone,6,40 mg,4,4
S0311,carfilzomib,7,56 mg/m2,3,3
S0311,lenalidomide,7,25 mg,21,21
S0311,dexamethasone,7,40 mg,4,4
S0311,carfilzomib,8,56 mg/m2,3,3
S0311,lenalidomide,8,25 mg,21,21
S0311,dexamethasone,8,40 mg,4,4
S0311,carfilzomib,9,56 mg/m2,3,3
S0311,lenalidomide,9,25 mg,21,21
S0311,dexamethasone,9,40 mg,4,4
S0311,carfilzomib,10,56 mg/m2,3,3
S0311,lenalidomide,10,25 mg,21,21
S0311,dexamethasone,10,40 mg,4,4
S0311,carfilzomib,11,56 mg/m2,3,3
S0311,lenalidomide,11,25 mg,21,21
S0311,dexamethasone,11,40 mg,4,4
S0311,carfilzomib,12,56 mg/m2,3,3
S0311,lenalidomide,12,25 mg,21,21
S0311,dexamethasone,12,40 mg,4,4
S0312,carfilzomib,1,20 mg/m2 then 56 mg/m2,3,3
S0312,lenalidomide,1,25 mg,21,21
S0312,dexamethasone,1,40 mg,4,4
S0312,carfilzomib,2,56 mg/m2,3,3
S0312,lenalidomide,2,25 mg,21,21
S0312,dexamethasone,2,40 mg,4,4
S0312,carfilzomib,3,56 mg/m2,3,3
S0312,lenalidomide,3,25 mg,21,21
S0312,dexamethasone,3,40 mg,4,4
S0312,carfilzomib,4,56 mg/m2,3,3
S0312,lenalidomide,4,25 mg,21,21
S0312,dexamethasone,4,40 mg,4,4
S0312,carfilzomib,5,56 mg/m2,3,3
S0312,lenalidomide,5,25 mg,21,21
S0312,dexamethasone,5,40 mg,4,4
S0312,carfilzomib,6,56 mg/m2,3,3
S0312,lenalidomide,6,25 mg,21,21
S0312,dexamethasone,6,40 mg,4,4
S0312,carfilzomib,7,56 mg/m2,3,3
S0312,lenalidomide,7,25 mg,21,21
S0312,dexamethasone,7,40 mg,4,4
S0312,carfilzomib,8,56 mg/m2,3,3
S0312,lenalidomide,8,25 mg,21,21
S0312,dexamethasone,8,40 mg,4,4
S0312,carfilzomib,9,56 mg/m2,3,3
S0312,lenalidomide,9,25 mg,21,21
S0312,dexamethasone,9,40 mg,4,4
S0312,carfilzomib,10,56 mg/m2,3,3
S0312,lenalidomide,10,25 mg,21,21
S0312,dexamethasone,10,40 mg,4,4
S0312,carfilzomib,11,56 mg/m2,3,3
S0312,lenalidomide,11,25 mg,21,21
S0312,dexamethasone,11,40 mg,4,4
S0312,carfilzomib,12,56 mg/m2,3,3
S0312,lenalidomide,12,25 mg,21,21
S0312,dexamethasone,12,40 mg,4,4
S0313,carfilzomib,1,20 mg/m2 then 56 mg/m2,3,2
S0313,lenalidomide,1,25 mg,21,21
S0313,dexamethasone,1,40 mg,4,4
S0313,carfilzomib,2,56 mg/m2,3,3
S0313,lenalidomide,2,25 mg,21,21
S0313,dexamethasone,2,40 mg,4,4
S0313,carfilzomib,3,56 mg/m2,3,2
S0313,lenalidomide,3,25 mg,21,21
S0313,dexamethasone,3,40 mg,4,4
S0313,carfilzomib,4,56 mg/m2,3,2
S0313,lenalidomide,4,25 mg,21,21
S0313,dexamethasone,4,40 mg,4,4
S0314,carfilzomib,1,20 mg/m2 then 27 mg/m2,6,6
S0314,lenalidomide,1,25 mg,21,21
S0314,dexamethasone,1,40 mg,4,4
S0314,carfilzomib,2,27 mg/m2,6,6
S0314,lenalidomide,2,25 mg,21,21
S0314,dexamethasone,2,40 mg,4,4
S0314,carfilzomib,3,27 mg/m2,6,6
S0314,lenalidomide,3,25 mg,21,21
S0314,dexamethasone,3,40 mg,4,4
S0314,carfilzomib,4,27 mg/m2,6,6
S0314,lenalidomide,4,25 mg,21,21
S0314,dexamethasone,4,40 mg,4,4
S0314,carfilzomib,5,27 mg/m2,6,6
S0314,lenalidomide,5,25 mg,21,21
S0314,dexamethasone,5,40 mg,4,4
S0314,carfilzomib,6,27 mg/m2,6,6
S0314,lenalidomide,6,25 mg,21,21
S0314,dexamethasone,6,40 mg,4,4
S0314,carfilzomib,7,27 mg/m2,6,6
S0314,lenalidomide,7,25 mg,21,21
S0314,dexamethasone,7,40 mg,4,4
S0314,carfilzomib,8,27 mg/m2,6,5
S0314,lenalidomide,8,25 mg,21,21
S0314,dexamethasone,8,40 mg,4,4
S0314,carfilzomib,9,27 mg/m2,6,6
S0314,lenalidomide,9,25 mg,21,21
S0314,dexamethasone,9,40 mg,4,4
S0314,carfilzomib,10,27 mg/m2,6,6
S0314,lenalidomide,10,25 mg,21,21
S0314,dexamethasone,10,40 mg,4,4
S0314,carfilzomib,11,27 mg/m2,6,6
S0314,lenalidomide,11,25 mg,21,21
S0314,dexamethasone,11,40 mg,4,4
S0314,carfilzomib,12,27 mg/m2,6,6
S0314,lenalidomide,12,25 mg,21,21
S0314,dexamethasone,12,40 mg,4,4
S0315,carfilzomib,1,20 mg/m2 then 56 mg/m2,3,3
S0315,lenalidomide,1,25 mg,21,21
S0315,dexamethasone,1,40 mg,4,4
S0315,carfilzomib,2,56 mg/m2,3,3
S0315,lenalidomide,2,25 mg,21,21
S0315,dexamethasone,2,40 mg,4,4
S0315,carfilzomib,3,56 mg/m2,3,3
S0315,lenalidomide,3,25 mg,21,21
S0315,dexamethasone,3,40 mg,4,4
S0315,carfilzomib,4,56 mg/m2,3,3
S0315,lenalidomide,4,25 mg,21,21
S0315,dexamethasone,4,40 mg,4,4
S0315,carfilzomib,5,56 mg/m2,3,3
S0315,lenalidomide,5,25 mg,21,21
S0315,dexamethasone,5,40 mg,4,4
S0315,carfilzomib,6,56 mg/m2,3,3
S0315,lenalidomide,6,25 mg,21,21
S0315,dexamethasone,6,40 mg,4,4
S0315,carfilzomib,7,56 mg/m2,3,3
S0315,lenalidomide,7,25 mg,21,21
S0315,dexamethasone,7,40 mg,4,4
S0315,carfilzomib,8,56 mg/m2,3,3
S0315,lenalidomide,8,25 mg,21,21
S0315,dexamethasone,8,40 mg,4,4
S0315,carfilzomib,9,56 mg/m2,3,3
S0315,lenalidomide,9,25 mg,21,21
S0315,dexamethasone,9,40 mg,4,4
S0315,carfilzomib,10,56 mg/m2,3,3
S0315,lenalidomide,10,25 mg,21,21
S0315,dexamethasone,10,40 mg,4,4
S0315,carfilzomib,11,56 mg/m2,3,3
S0315,lenalidomide,11,25 mg,21,21
S0315,dexamethasone,11,40 mg,4,4
S0315,carfilzomib,12,56 mg/m2,3,3
S0315,lenalidomide,12,25 mg,21,21
S0315,dexamethasone,12,40 mg,4,4
S0316,carfilzomib,1,20 mg/m2 then 56 mg/m2,3,3
S0316,lenalidomide,1,25 mg,21,21
S0316,dexamethasone,1,40 mg,4,4
S0316,carfilzomib,2,56 mg/m2,3,2
S0316,lenalidomide,2,25 mg,21,21
S0316,dexamethasone,2,40 mg,4,4
S0316,carfilzomib,3,56 mg/m2,3,2
S0316,lenalidomide,3,25 mg,21,21
S0316,dexamethasone,3,40 mg,4,4
S0316,carfilzomib,4,56 mg/m2,3,2
S0316,lenalidomide,4,25 mg,21,21
S0316,dexamethasone,4,40 mg,4,4
S0316,carfilzomib,5,56 mg/m2,3,3
S0316,lenalidomide,5,25 mg,21,21
S0316,dexamethasone,5,40 mg,4,4
S0316,carfilzomib,6,56 mg/m2,3,3
S0316,lenalidomide,6,25 mg,21,21
S0316,dexamethasone,6,40 mg,4,4
S0316,carfilzomib,7,56 mg/m2,3,3
S0316,lenalidomide,7,25 mg,21,21
S0316,dexamethasone,7,40 mg,4,4
S0316,carfilzomib,8,56 mg/m2,3,3
S0316,lenalidomide,8,25 mg,21,21
S0316,dexamethasone,8,40 mg,4,4
S0316,carfilzomib,9,56 mg/m2,3,3
S0316,lenalidomide,9,25 mg,21,21
S0316,dexamethasone,9,40 mg,4,4
S0316,carfilzomib,10,56 mg/m2,3,3
S0316,lenalidomide,10,25 mg,21,21
S0316,dexamethasone,10,40 mg,4,4
S0316,carfilzomib,11,56 mg/m2,3,2
S0316,lenalidomide,11,25 mg,21,21
S0316,dexamethasone,11,40 mg,4,4
S0316,carfilzomib,12,56 mg/m2,3,2
S0316,lenalidomide,12,25 mg,21,21
S0316,dexamethasone,12,40 mg,4,4
S0317,carfilzomib,1,20 mg/m2 then 27 mg/m2,6,6
S0317,lenalidomide,1,25 mg,21,21
S0317,dexamethasone,1,40 mg,4,4
S0317,carfilzomib,2,27 mg/m2,6,6
S0317,lenalidomide,2,25 mg,21,21
S0317,dexamethasone,2,40 mg,4,4
S0317,carfilzomib,3,27 mg/m2,6,6
S0317,lenalidomide,3,25 mg,21,21
S0317,dexamethasone,3,40 mg,4,4
S0317,carfilzomib,4,27 mg/m2,6,6
S0317,lenalidomide,4,25 mg,21,21
S0317,dexamethasone,4,40 mg,4,4
S0317,carfilzomib,5,27 mg/m2,1,1
S0317,lenalidomide,5,25 mg,1,1
S0317,dexamethasone,5,40 mg,1,1
S0318,carfilzomib,1,20 mg/m2 then 56 mg/m2,3,3
S0318,lenalidomide,1,25 mg,21,21
S0318,dexamethasone,1,40 mg,4,4
S0318,carfilzomib,2,56 mg/m2,3,3
S0318,lenalidomide,2,25 mg,21,21
S0318,dexamethasone,2,40 mg,4,4
S0318,carfilzomib,3,56 mg/m2,3,2
S0318,lenalidomide,3,25 mg,21,21
S0318,dexamethasone,3,40 mg,4,4
S0318,carfilzomib,4,56 mg/m2,3,3
S0318,lenalidomide,4,25 mg,21,21
S0318,dexamethasone,4,40 mg,4,4
S0318,carfilzomib,5,56 mg/m2,3,3
S0318,lenalidomide,5,25 mg,21,21
S0318,dexamethasone,5,40 mg,4,4
S0318,carfilzomib,6,56 mg/m2,3,3
S0318,lenalidomide,6,25 mg,21,21
S0318,dexamethasone,6,40 mg,4,4
S0318,carfilzomib,7,56 mg/m2,3,3
S0318,lenalidomide,7,25 mg,21,21
S0318,dexamethasone,7,40 mg,4,4
S0318,carfilzomib,8,56 mg/m2,3,3
S0318,lenalidomide,8,25 mg,21,21
S0318,dexamethasone,8,40 mg,4,4
S0318,carfilzomib,9,56 mg/m2,3,3
S0318,lenalidomide,9,25 mg,21,21
S0318,dexamethasone,9,40 mg,4,4
S0318,carfilzomib,10,56 mg/m2,3,3
S0318,lenalidomide,10,25 mg,21,21
S0318,dexamethasone,10,40 mg,4,4
S0318,carfilzomib,11,56 mg/m2,3,3
S0318,lenalidomide,11,25 mg,21,21
S0318,dexamethasone,11,40 mg,4,4
S0318,carfilzomib,12,56 mg/m2,3,3
S0318,lenalidomide,12,25 mg,21,21
S0318,dexamethasone,12,40 mg,4,4
S0319,carfilzomib,1,20 mg/m2 then 56 mg/m2,3,3
S0319,lenalidomide,1,25 mg,21,21
S0319,dexamethasone,1,40 mg,4,4
S0319,carfilzomib,2,56 mg/m2,3,3
S0319,lenalidomide,2,25 mg,21,21
S0319,dexamethasone,2,40 mg,4,4
S0319,carfilzomib,3,56 mg/m2,3,3
S0319,lenalidomide,3,25 mg,21,21
S0319,dexamethasone,3,40 mg,4,4
S0319,carfilzomib,4,56 mg/m2,3,3
S0319,lenalidomide,4,25 mg,21,21
S0319,dexamethasone,4,40 mg,4,4
S0319,carfilzomib,5,56 mg/m2,3,3
S0319,lenalidomide,5,25 mg,21,21
S0319,dexamethasone,5,40 mg,4,4
S0319,carfilzomib,6,56 mg/m2,3,3
S0319,lenalidomide,6,25 mg,21,21
S0319,dexamethasone,6,40 mg,4,4
S0319,carfilzomib,7,56 mg/m2,3,2
S0319,lenalidomide,7,25 mg,21,21
S0319,dexamethasone,7,40 mg,4,4
S0319,carfilzomib,8,56 mg/m2,1,1
S0319,lenalidomide,8,25 mg,1,1
S0319,dexamethasone,8,40 mg,1,1
S0320,carfilzomib,1,20 mg/m2 then 27 mg/m2,6,6
S0320,lenalidomide,1,25 mg,21,21
S0320,dexamethasone,1,40 mg,4,4
S0320,carfilzomib,2,27 mg/m2,6,6
S0320,lenalidomide,2,25 mg,21,21
S0320,dexamethasone,2,40 mg,4,4
S0320,carfilzomib,3,27 mg/m2,6,6
S0320,lenalidomide,3,25 mg,21,21
S0320,dexamethasone,3,40 mg,4,4
S0321,carfilzomib,1,20 mg/m2 then 27 mg/m2,6,6
S0321,lenalidomide,1,25 mg,21,21
S0321,dexamethasone,1,40 mg,4,4
S0321,carfilzomib,2,27 mg/m2,6,6
S0321,lenalidomide,2,25 mg,21,21
S0321,dexamethasone,2,40 mg,4,4
S0321,carfilzomib,3,27 mg/m2,6,6
S0321,lenalidomide,3,25 mg,21,21
S0321,dexamethasone,3,40 mg,4,4
S0321,carfilzomib,4,27 mg/m2,6,6
S0321,lenalidomide,4,25 mg,21,21
S0321,dexamethasone,4,40 mg,4,4
S0321,carfilzomib,5,27 mg/m2,6,6
S0321,lenalidomide,5,25 mg,21,21
S0321,dexamethasone,5,40 mg,4,4
S0321,carfilzomib,6,27 mg/m2,6,6
S0321,lenalidomide,6,25 mg,21,21
S0321,dexamethasone,6,40 mg,4,4
S0321,carfilzomib,7,27 mg/m2,6,6
S0321,lenalidomide,7,25 mg,21,21
S0321,dexamethasone,7,40 mg,4,4
S0321,carfilzomib,8,27 mg/m2,6,6
S0321,lenalidomide,8,25 mg,21,21
S0321,dexamethasone,8,40 mg,4,4
S0321,carfilzomib,9,27 mg/m2,6,6
S0321,lenalidomide,9,25 mg,21,21
S0321,dexamethasone,9,40 mg,4,4
S0321,carfilzomib,10,27 mg/m2,6,6
S0321,lenalidomide,10,25 mg,21,21
S0321,dexamethasone,10,40 mg,4,4
S0321,carfilzomib,11,27 mg/m2,6,6
S0321,lenalidomide,11,25 mg,21,21
S0321,dexamethasone,11,40 mg,4,4
S0321,carfilzomib,12,27 mg/m2,6,6
S0321,lenalidomide,12,25 mg,21,21
S0321,dexamethasone,12,40 mg,4,4
S0322,carfilzomib,1,20 mg/m2 then 27 mg/m2,6,6
S0322,lenalidomide,1,25 mg,21,21
S0322,dexamethasone,1,40 mg,4,4
S0322,carfilzomib,2,27 mg/m2,6,5
S0322,lenalidomide,2,25 mg,21,21
S0322,dexamethasone,2,40 mg,4,4
S0322,carfilzomib,3,27 mg/m2,6,6
S0322,lenalidomide,3,25 mg,21,21
S0322,dexamethasone,3,40 mg,4,4
S0322,carfilzomib,4,27 mg/m2,6,6
S0322,lenalidomide,4,25 mg,21,21
S0322,dexamethasone,4,40 mg,4,4
S0322,carfilzomib,5,27 mg/m2,6,6
S0322,lenalidomide,5,25 mg,21,21
S0322,dexamethasone,5,40 mg,4,4
S0322,carfilzomib,6,27 mg/m2,6,6
S0322,lenalidomide,6,25 mg,21,21
S0322,dexamethasone,6,40 mg,4,4
S0322,carfilzomib,7,27 mg/m2,6,6
S0322,lenalidomide,7,25 mg,21,21
S0322,dexamethasone,7,40 mg,4,4
S0322,carfilzomib,8,27 mg/m2,6,6
S0322,lenalidomide,8,25 mg,21,21
S0322,dexamethasone,8,40 mg,4,4
S0322,carfilzomib,9,27 mg/m2,6,6
S0322,lenalidomide,9,25 mg,21,21
S0322,dexamethasone,9,40 mg,4,4
S0322,carfilzomib,10,27 mg/m2,6,6
S0322,lenalidomide,10,25 mg,21,21
S0322,dexamethasone,10,40 mg,4,4
S0322,carfilzomib,11,27 mg/m2,6,6
S0322,lenalidomide,11,25 mg,21,21
S0322,dexamethasone,11,40 mg,4,4
S0322,carfilzomib,12,27 mg/m2,6,6
S0322,lenalidomide,12,25 mg,21,21
S0322,dexamethasone,12,40 mg,4,4
S0323,carfilzomib,1,20 mg/m2 then 56 mg/m2,3,3
S0323,lenalidomide,1,25 mg,21,21
S0323,dexamethasone,1,40 mg,4,4
S0323,carfilzomib,2,56 mg/m2,3,3
S0323,lenalidomide,2,25 mg,21,21
S0323,dexamethasone,2,40 mg,4,4
S0323,carfilzomib,3,56 mg/m2,3,3
S0323,lenalidomide,3,25 mg,21,21
S0323,dexamethasone,3,40 mg,4,4
S0323,carfilzomib,4,56 mg/m2,3,3
S0323,lenalidomide,4,25 mg,21,21
S0323,dexamethasone,4,40 mg,4,4
S0323,carfilzomib,5,56 mg/m2,3,3
S0323,lenalidomide,5,25 mg,21,21
S0323,dexamethasone,5,40 mg,4,4
S0323,carfilzomib,6,56 mg/m2,3,3
S0323,lenalidomide,6,25 mg,21,21
S0323,dexamethasone,6,40 mg,4,4
S0323,carfilzomib,7,56 mg/m2,3,3
S0323,lenalidomide,7,25 mg,21,21
S0323,dexamethasone,7,40 mg,4,4
S0323,carfilzomib,8,56 mg/m2,3,3
S0323,lenalidomide,8,25 mg,21,21
S0323,dexamethasone,8,40 mg,4,4
S0323,carfilzomib,9,56 mg/m2,3,3
S0323,lenalidomide,9,25 mg,21,21
S0323,dexamethasone,9,40 mg,4,4
S0323,carfilzomib,10,56 mg/m2,3,3
S0323,lenalidomide,10,25 mg,21,21
S0323,dexamethasone,10,40 mg,4,4
S0323,carfilzomib,11,56 mg/m2,3,3
S0323,lenalidomide,11,25 mg,21,21
S0323,dexamethasone,11,40 mg,4,4
S0323,carfilzomib,12,56 mg/m2,3,3
S0323,lenalidomide,12,25 mg,21,21
S0323,dexamethasone,12,40 mg,4,4
S0324,carfilzomib,1,20 mg/m2 then 56 mg/m2,3,2
S0324,lenalidomide,1,25 mg,21,21
S0324,dexamethasone,1,40 mg,4,4
S0324,carfilzomib,2,56 mg/m2,3,3
S0324,lenalidomide,2,25 mg,21,21
S0324,dexamethasone,2,40 mg,4,4
S0324,carfilzomib,3,56 mg/m2,1,1
S0324,lenalidomide,3,25 mg,1,1
S0324,dexamethasone,3,40 mg,1,1
S0325,carfilzomib,1,20 mg/m2 then 27 mg/m2,6,6
S0325,lenalidomide,1,25 mg,21,21
S0325,dexamethasone,1,40 mg,4,4
S0325,carfilzomib,2,27 mg/m2,6,6
S0325,lenalidomide,2,25 mg,21,21
S0325,dexamethasone,2,40 mg,4,4
S0325,carfilzomib,3,27 mg/m2,6,6
S0325,lenalidomide,3,25 mg,21,21
S0325,dexamethasone,3,40 mg,4,4
S0325,carfilzomib,4,27 mg/m2,6,6
S0325,lenalidomide,4,25 mg,21,21
S0325,dexamethasone,4,40 mg,4,4
S0325,carfilzomib,5,27 mg/m2,6,6
S0325,lenalidomide,5,25 mg,21,21
S0325,dexamethasone,5,40 mg,4,4
S0325,carfilzomib,6,27 mg/m2,6,6
S0325,lenalidomide,6,25 mg,21,21
S0325,dexamethasone,6,40 mg,4,4
S0325,carfilzomib,7,27 mg/m2,6,6
S0325,lenalidomide,7,25 mg,21,21
S0325,dexamethasone,7,40 mg,4,4
S0325,carfilzomib,8,27 mg/m2,6,6
S0325,lenalidomide,8,25 mg,21,21
S0325,dexamethasone,8,40 mg,4,4
S0325,carfilzomib,9,27 mg/m2,6,6
S0325,lenalidomide,9,25 mg,21,21
S0325,dexamethasone,9,40 mg,4,4
S0325,carfilzomib,10,27 mg/m2,6,6
S0325,lenalidomide,10,25 mg,21,21
S0325,dexamethasone,10,40 mg,4,4
S0325,carfilzomib,11,27 mg/m2,6,6
S0325,lenalidomide,11,25 mg,21,21
S0325,dexamethasone,11,40 mg,4,4
S0325,carfilzomib,12,27 mg/m2,6,6
S0325,lenalidomide,12,25 mg,21,21
S0325,dexamethasone,12,40 mg,4,4
S0326,carfilzomib,1,20 mg/m2 then 27 mg/m2,6,6
S0326,lenalidomide,1,25 mg,21,21
S0326,dexamethasone,1,40 mg,4,4
S0326,carfilzomib,2,27 mg/m2,4,3
S0326,lenalidomide,2,25 mg,14,14
S0326,dexamethasone,2,40 mg,2,2
S0327,carfilzomib,1,20 mg/m2 then 56 mg/m2,3,3
S0327,lenalidomide,1,25 mg,21,21
S0327,dexamethasone,1,40 mg,4,4
S0327,carfilzomib,2,56 mg/m2,3,3
S0327,lenalidomide,2,25 mg,21,21
S0327,dexamethasone,2,40 mg,4,4
S0327,carfilzomib,3,56 mg/m2,3,3
S0327,lenalidomide,3,25 mg,21,21
S0327,dexamethasone,3,40 mg,4,4
S0327,carfilzomib,4,56 mg/m2,3,3
S0327,lenalidomide,4,25 mg,21,21
S0327,dexamethasone,4,40 mg,4,4
S0327,carfilzomib,5,56 mg/m2,3,3
S0327,lenalidomide,5,25 mg,21,21
S0327,dexamethasone,5,40 mg,4,4
S0327,carfilzomib,6,56 mg/m2,3,3
S0327,lenalidomide,6,25 mg,21,21
S0327,dexamethasone,6,40 mg,4,4
S0327,carfilzomib,7,56 mg/m2,3,3
S0327,lenalidomide,7,25 mg,21,21
S0327,dexamethasone,7,40 mg,4,4
S0327,carfilzomib,8,56 mg/m2,3,3
S0327,lenalidomide,8,25 mg,21,21
S0327,dexamethasone,8,40 mg,4,4
S0327,carfilzomib,9,56 mg/m2,3,3
S0327,lenalidomide,9,25 mg,21,21
S0327,dexamethasone,9,40 mg,4,4
S0327,carfilzomib,10,56 mg/m2,3,3
S0327,lenalidomide,10,25 mg,21,21
S0327,dexamethasone,10,40 mg,4,4
S0327,carfilzomib,11,56 mg/m2,3,3
S0327,lenalidomide,11,25 mg,21,21
S0327,dexamethasone,11,40 mg,4,4
S0327,carfilzomib,12,56 mg/m2,3,3
S0327,lenalidomide,12,25 mg,21,21
S0327,dexamethasone,12,40 mg,4,4
S0328,carfilzomib,1,20 mg/m2 then 56 mg/m2,3,3
S0328,lenalidomide,1,25 mg,21,21
S0328,dexamethasone,1,40 mg,4,4
S0328,carfilzomib,2,56 mg/m2,3,3
S0328,lenalidomide,2,25 mg,21,21
S0328,dexamethasone,2,40 mg,4,4
S0328,carfilzomib,3,56 mg/m2,3,3
S0328,lenalidomide,3,25 mg,21,21
S0328,dexamethasone,3,40 mg,4,4
S0328,carfilzomib,4,56 mg/m2,3,3
S0328,lenalidomide,4,25 mg,21,21
S0328,dexamethasone,4,40 mg,4,4
S0328,carfilzomib,5,56 mg/m2,3,3
S0328,lenalidomide,5,25 mg,21,21
S0328,dexamethasone,5,40 mg,4,4
S0328,carfilzomib,6,56 mg/m2,3,3
S0328,lenalidomide,6,25 mg,21,21
S0328,dexamethasone,6,40 mg,4,4
S0328,carfilzomib,7,56 mg/m2,3,3
S0328,lenalidomide,7,25 mg,21,21
S0328,dexamethasone,7,40 mg,4,4
S0328,carfilzomib,8,56 mg/m2,3,3
S0328,lenalidomide,8,25 mg,21,21
S0328,dexamethasone,8,40 mg,4,4
S0328,carfilzomib,9,56 mg/m2,3,3
S0328,lenalidomide,9,25 mg,21,21
S0328,dexamethasone,9,40 mg,4,4
S0328,carfilzomib,10,56 mg/m2,3,3
S0328,lenalidomide,10,25 mg,21,21
S0328,dexamethasone,10,40 mg,4,4
S0328,carfilzomib,11,56 mg/m2,3,3
S0328,lenalidomide,11,25 mg,21,21
S0328,dexamethasone,11,40 mg,4,4
S0328,carfilzomib,12,56 mg/m2,3,3
S0328,lenalidomide,12,25 mg,21,21
S0328,dexamethasone,12,40 mg,4,4
S0329,carfilzomib,1,20 mg/m2 then 27 mg/m2,6,6
S0329,lenalidomide,1,25 mg,21,21
S0329,dexamethasone,1,40 mg,4,4
S0329,carfilzomib,2,27 mg/m2,6,6
S0329,lenalidomide,2,25 mg,21,21
S0329,dexamethasone,2,40 mg,4,4
S0329,carfilzomib,3,27 mg/m2,6,6
S0329,lenalidomide,3,25 mg,21,21
S0329,dexamethasone,3,40 mg,4,4
S0329,carfilzomib,4,27 mg/m2,6,6
S0329,lenalidomide,4,25 mg,21,21
S0329,dexamethasone,4,40 mg,4,4
S0329,carfilzomib,5,27 mg/m2,6,6
S0329,lenalidomide,5,25 mg,21,21
S0329,dexamethasone,5,40 mg,4,4
S0329,carfilzomib,6,27 mg/m2,6,6
S0329,lenalidomide,6,25 mg,21,21
S0329,dexamethasone,6,40 mg,4,4
S0329,carfilzomib,7,27 mg/m2,6,6
S0329,lenalidomide,7,25 mg,21,21
S0329,dexamethasone,7,40 mg,4,4
S0329,carfilzomib,8,27 mg/m2,6,6
S0329,lenalidomide,8,25 mg,21,21
S0329,dexamethasone,8,40 mg,4,4
S0329,carfilzomib,9,27 mg/m2,6,6
S0329,lenalidomide,9,25 mg,21,21
S0329,dexamethasone,9,40 mg,4,4
S0329,carfilzomib,10,27 mg/m2,6,5
S0329,lenalidomide,10,25 mg,21,21
S0329,dexamethasone,10,40 mg,4,4
S0329,carfilzomib,11,27 mg/m2,6,6
S0329,lenalidomide,11,25 mg,21,21
S0329,dexamethasone,11,40 mg,4,4
S0329,carfilzomib,12,27 mg/m2,6,6
S0329,lenalidomide,12,25 mg,21,21
S0329,dexamethasone,12,40 mg,4,4
S0330,carfilzomib,1,20 mg/m2 then 27 mg/m2,6,4
S0330,lenalidomide,1,25 mg,21,21
S0330,dexamethasone,1,40 mg,4,4
S0330,carfilzomib,2,27 mg/m2,1,1
S0330,lenalidomide,2,25 mg,1,1
S0330,dexamethasone,2,40 mg,1,1
S0331,carfilzomib,1,20 mg/m2 then 27 mg/m2,6,6
S0331,lenalidomide,1,25 mg,21,21
S0331,dexamethasone,1,40 mg,4,4
S0331,carfilzomib,2,27 mg/m2,6,6
S0331,lenalidomide,2,25 mg,21,21
S0331,dexamethasone,2,40 mg,4,4
S0331,carfilzomib,3,27 mg/m2,6,6
S0331,lenalidomide,3,25 mg,21,21
S0331,dexamethasone,3,40 mg,4,4
S0331,carfilzomib,4,27 mg/m2,6,6
S0331,lenalidomide,4,25 mg,21,21
S0331,dexamethasone,4,40 mg,4,4
S0331,carfilzomib,5,27 mg/m2,6,6
S0331,lenalidomide,5,25 mg,21,21
S0331,dexamethasone,5,40 mg,4,4
S0331,carfilzomib,6,27 mg/m2,6,6
S0331,lenalidomide,6,25 mg,21,21
S0331,dexamethasone,6,40 mg,4,4
S0331,carfilzomib,7,27 mg/m2,6,6
S0331,lenalidomide,7,25 mg,21,21
S0331,dexamethasone,7,40 mg,4,4
S0331,carfilzomib,8,27 mg/m2,6,6
S0331,lenalidomide,8,25 mg,21,21
S0331,dexamethasone,8,40 mg,4,4
S0331,carfilzomib,9,27 mg/m2,6,6
S0331,lenalidomide,9,25 mg,21,21
S0331,dexamethasone,9,40 mg,4,4
S0331,carfilzomib,10,27 mg/m2,6,6
S0331,lenalidomide,10,25 mg,21,21
S0331,dexamethasone,10,40 mg,4,4
S0331,carfilzomib,11,27 mg/m2,6,6
S0331,lenalidomide,11,25 mg,21,21
S0331,dexamethasone,11,40 mg,4,4
S0331,carfilzomib,12,27 mg/m2,6,6
S0331,lenalidomide,12,25 mg,21,21
S0331,dexamethasone,12,40 mg,4,4
S0332,carfilzomib,1,20 mg/m2 then 27 mg/m2,6,6
S0332,lenalidomide,1,25 mg,21,21
S0332,dexamethasone,1,40 mg,4,4
S0332,carfilzomib,2,27 mg/m2,6,5
S0332,lenalidomide,2,25 mg,21,21
S0332,dexamethasone,2,40 mg,4,4
S0332,carfilzomib,3,27 mg/m2,6,6
S0332,lenalidomide,3,25 mg,21,21
S0332,dexamethasone,3,40 mg,4,4
S0332,carfilzomib,4,27 mg/m2,5,5
S0332,lenalidomide,4,25 mg,15,15
S0332,dexamethasone,4,40 mg,3,3
S0333,carfilzomib,1,20 mg/m2 then 27 mg/m2,6,6
S0333,lenalidomide,1,25 mg,21,21
S0333,dexamethasone,1,40 mg,4,4
S0333,carfilzomib,2,27 mg/m2,6,6
S0333,lenalidomide,2,25 mg,21,21
S0333,dexamethasone,2,40 mg,4,4
S0333,carfilzomib,3,27 mg/m2,6,6
S0333,lenalidomide,3,25 mg,21,21
S0333,dexamethasone,3,40 mg,4,4
S0333,carfilzomib,4,27 mg/m2,6,6
S0333,lenalidomide,4,25 mg,21,21
S0333,dexamethasone,4,40 mg,4,4
S0333,carfilzomib,5,27 mg/m2,6,6
S0333,lenalidomide,5,25 mg,21,21
S0333,dexamethasone,5,40 mg,4,4
S0333,carfilzomib,6,27 mg/m2,6,6
S0333,lenalidomide,6,25 mg,21,21
S0333,dexamethasone,6,40 mg,4,4
S0333,carfilzomib,7,27 mg/m2,6,6
S0333,lenalidomide,7,25 mg,21,21
S0333,dexamethasone,7,40 mg,4,4
S0333,carfilzomib,8,27 mg/m2,6,6
S0333,lenalidomide,8,25 mg,21,21
S0333,dexamethasone,8,40 mg,4,4
S0334,carfilzomib,1,20 mg/m2 then 56 mg/m2,3,3
S0334,lenalidomide,1,25 mg,21,21
S0334,dexamethasone,1,40 mg,4,4
S0334,carfilzomib,2,56 mg/m2,3,3
S0334,lenalidomide,2,25 mg,21,21
S0334,dexamethasone,2,40 mg,4,4
S0334,carfilzomib,3,56 mg/m2,3,3
S0334,lenalidomide,3,25 mg,21,21
S0334,dexamethasone,3,40 mg,4,4
S0334,carfilzomib,4,56 mg/m2,3,3
S0334,lenalidomide,4,25 mg,21,21
S0334,dexamethasone,4,40 mg,4,4
S0334,carfilzomib,5,56 mg/m2,3,3
S0334,lenalidomide,5,25 mg,21,21
S0334,dexamethasone,5,40 mg,4,4
S0334,carfilzomib,6,56 mg/m2,3,3
S0334,lenalidomide,6,25 mg,21,21
S0334,dexamethasone,6,40 mg,4,4
S0334,carfilzomib,7,56 mg/m2,3,3
S0334,lenalidomide,7,25 mg,21,21
S0334,dexamethasone,7,40 mg,4,4
S0334,carfilzomib,8,56 mg/m2,3,2
S0334,lenalidomide,8,25 mg,21,21
S0334,dexamethasone,8,40 mg,4,4
S0334,carfilzomib,9,56 mg/m2,3,2
S0334,lenalidomide,9,25 mg,21,21
S0334,dexamethasone,9,40 mg,4,4
S0334,carfilzomib,10,56 mg/m2,3,3
S0334,lenalidomide,10,25 mg,21,21
S0334,dexamethasone,10,40 mg,4,4
S0334,carfilzomib,11,56 mg/m2,3,3
S0334,lenalidomide,11,25 mg,21,21
S0334,dexamethasone,11,40 mg,4,4
S0334,carfilzomib,12,56 mg/m2,3,3
S0334,lenalidomide,12,25 mg,21,21
S0334,dexamethasone,12,40 mg,4,4
S0335,carfilzomib,1,20 mg/m2 then 56 mg/m2,3,3
S0335,lenalidomide,1,25 mg,21,21
S0335,dexamethasone,1,40 mg,4,4
S0335,carfilzomib,2,56 mg/m2,3,3
S0335,lenalidomide,2,25 mg,21,21
S0335,dexamethasone,2,40 mg,4,4
S0335,carfilzomib,3,56 mg/m2,3,2
S0335,lenalidomide,3,25 mg,21,21
S0335,dexamethasone,3,40 mg,4,4
S0335,carfilzomib,4,56 mg/m2,3,3
S0335,lenalidomide,4,25 mg,21,21
S0335,dexamethasone,4,40 mg,4,4
S0335,carfilzomib,5,56 mg/m2,3,3
S0335,lenalidomide,5,25 mg,21,21
S0335,dexamethasone,5,40 mg,4,4
S0335,carfilzomib,6,56 mg/m2,3,3
S0335,lenalidomide,6,25 mg,21,21
S0335,dexamethasone,6,40 mg,4,4
S0335,carfilzomib,7,56 mg/m2,3,3
S0335,lenalidomide,7,25 mg,21,21
S0335,dexamethasone,7,40 mg,4,4
S0335,carfilzomib,8,56 mg/m2,3,3
S0335,lenalidomide,8,25 mg,21,21
S0335,dexamethasone,8,40 mg,4,4
S0335,carfilzomib,9,56 mg/m2,3,3
S0335,lenalidomide,9,25 mg,21,21
S0335,dexamethasone,9,40 mg,4,4
S0335,carfilzomib,10,56 mg/m2,3,3
S0335,lenalidomide,10,25 mg,21,21
S0335,dexamethasone,10,40 mg,4,4
S0335,carfilzomib,11,56 mg/m2,3,3
S0335,lenalidomide,11,25 mg,21,21
S0335,dexamethasone,11,40 mg,4,4
S0335,carfilzomib,12,56 mg/m2,3,2
S0335,lenalidomide,12,25 mg,21,21
S0335,dexamethasone,12,40 mg,4,4
S0336,carfilzomib,1,20 mg/m2 then 56 mg/m2,3,3
S0336,lenalidomide,1,25 mg,21,21
S0336,dexamethasone,1,40 mg,4,4
S0336,carfilzomib,2,56 mg/m2,3,3
S0336,lenalidomide,2,25 mg,21,21
S0336,dexamethasone,2,40 mg,4,4
S0336,carfilzomib,3,56 mg/m2,3,3
S0336,lenalidomide,3,25 mg,21,21
S0336,dexamethasone,3,40 mg,4,4
S0336,carfilzomib,4,56 mg/m2,3,3
S0336,lenalidomide,4,25 mg,21,21
S0336,dexamethasone,4,40 mg,4,4
S0336,carfilzomib,5,56 mg/m2,3,2
S0336,lenalidomide,5,25 mg,21,21
S0336,dexamethasone,5,40 mg,4,4
S0336,carfilzomib,6,56 mg/m2,3,3
S0336,lenalidomide,6,25 mg,21,21
S0336,dexamethasone,6,40 mg,4,4
S0336,carfilzomib,7,56 mg/m2,3,3
S0336,lenalidomide,7,25 mg,21,21
S0336,dexamethasone,7,40 mg,4,4
S0336,carfilzomib,8,56 mg/m2,3,3
S0336,lenalidomide,8,25 mg,21,21
S0336,dexamethasone,8,40 mg,4,4
S0336,carfilzomib,9,56 mg/m2,3,3
S0336,lenalidomide,9,25 mg,21,21
S0336,dexamethasone,9,40 mg,4,4
S0336,carfilzomib,10,56 mg/m2,3,3
S0336,lenalidomide,10,25 mg,21,21
S0336,dexamethasone,10,40 mg,4,4
S0336,carfilzomib,11,56 mg/m2,3,3
S0336,lenalidomide,11,25 mg,21,21
S0336,dexamethasone,11,40 mg,4,4
S0336,carfilzomib,12,56 mg/m2,3,3
S0336,lenalidomide,12,25 mg,21,21
S0336,dexamethasone,12,40 mg,4,4
S0337,carfilzomib,1,20 mg/m2 then 56 mg/m2,3,3
S0337,lenalidomide,1,25 mg,21,21
S0337,dexamethasone,1,40 mg,4,4
S0337,carfilzomib,2,56 mg/m2,3,3
S0337,lenalidomide,2,25 mg,21,21
S0337,dexamethasone,2,40 mg,4,4
S0337,carfilzomib,3,56 mg/m2,3,3
S0337,lenalidomide,3,25 mg,21,21
S0337,dexamethasone,3,40 mg,4,4
S0337,carfilzomib,4,56 mg/m2,3,3
S0337,lenalidomide,4,25 mg,21,21
S0337,dexamethasone,4,40 mg,4,4
S0337,carfilzomib,5,56 mg/m2,3,3
S0337,lenalidomide,5,25 mg,21,21
S0337,dexamethasone,5,40 mg,4,4
S0337,carfilzomib,6,56 mg/m2,3,3
S0337,lenalidomide,6,25 mg,21,21
S0337,dexamethasone,6,40 mg,4,4
S0337,carfilzomib,7,56 mg/m2,3,3
S0337,lenalidomide,7,25 mg,21,21
S0337,dexamethasone,7,40 mg,4,4
S0337,carfilzomib,8,56 mg/m2,3,3
S0337,lenalidomide,8,25 mg,21,21
S0337,dexamethasone,8,40 mg,4,4
S0337,carfilzomib,9,56 mg/m2,3,3
S0337,lenalidomide,9,25 mg,21,21
S0337,dexamethasone,9,40 mg,4,4
S0337,carfilzomib,10,56 mg/m2,3,3
S0337,lenalidomide,10,25 mg,21,21
S0337,dexamethasone,10,40 mg,4,4
S0337,carfilzomib,11,56 mg/m2,3,3
S0337,lenalidomide,11,25 mg,21,21
S0337,dexamethasone,11,40 mg,4,4
S0337,carfilzomib,12,56 mg/m2,3,3
S0337,lenalidomide,12,25 mg,21,21
S0337,dexamethasone,12,40 mg,4,4
S0338,carfilzomib,1,20 mg/m2 then 27 mg/m2,6,6
S0338,lenalidomide,1,25 mg,21,21
S0338,dexamethasone,1,40 mg,4,4
S0338,carfilzomib,2,27 mg/m2,6,6
S0338,lenalidomide,2,25 mg,21,21
S0338,dexamethasone,2,40 mg,4,4
S0338,carfilzomib,3,27 mg/m2,6,6
S0338,lenalidomide,3,25 mg,21,21
S0338,dexamethasone,3,40 mg,4,4
S0338,carfilzomib,4,27 mg/m2,6,6
S0338,lenalidomide,4,25 mg,21,21
S0338,dexamethasone,4,40 mg,4,4
S0338,carfilzomib,5,27 mg/m2,1,1
S0338,lenalidomide,5,25 mg,1,1
S0338,dexamethasone,5,40 mg,1,1
S0339,carfilzomib,1,20 mg/m2 then 56 mg/m2,3,3
S0339,lenalidomide,1,25 mg,21,21
S0339,dexamethasone,1,40 mg,4,4
S0339,carfilzomib,2,56 mg/m2,3,3
S0339,lenalidomide,2,25 mg,21,21
S0339,dexamethasone,2,40 mg,4,4
S0339,carfilzomib,3,56 mg/m2,1,1
S0339,lenalidomide,3,25 mg,1,1
S0339,dexamethasone,3,40 mg,1,1
S0340,carfilzomib,1,20 mg/m2 then 27 mg/m2,6,6
S0340,lenalidomide,1,25 mg,21,21
S0340,dexamethasone,1,40 mg,4,4
S0340,carfilzomib,2,27 mg/m2,6,6
S0340,lenalidomide,2,25 mg,21,21
S0340,dexamethasone,2,40 mg,4,4
S0340,carfilzomib,3,27 mg/m2,6,6
S0340,lenalidomide,3,25 mg,21,21
S0340,dexamethasone,3,40 mg,4,4
S0340,carfilzomib,4,27 mg/m2,6,6
S0340,lenalidomide,4,25 mg,21,21
S0340,dexamethasone,4,40 mg,4,4
S0340,carfilzomib,5,27 mg/m2,6,6
S0340,lenalidomide,5,25 mg,21,21
S0340,dexamethasone,5,40 mg,4,4
S0340,carfilzomib,6,27 mg/m2,6,6
S0340,lenalidomide,6,25 mg,21,21
S0340,dexamethasone,6,40 mg,4,4
S0340,carfilzomib,7,27 mg/m2,6,6
S0340,lenalidomide,7,25 mg,21,21
S0340,dexamethasone,7,40 mg,4,4
S0340,carfilzomib,8,27 mg/m2,6,6
S0340,lenalidomide,8,25 mg,21,21
S0340,dexamethasone,8,40 mg,4,4
S0340,carfilzomib,9,27 mg/m2,6,6
S0340,lenalidomide,9,25 mg,21,21
S0340,dexamethasone,9,40 mg,4,4
S0340,carfilzomib,10,27 mg/m2,6,6
S0340,lenalidomide,10,25 mg,21,21
S0340,dexamethasone,10,40 mg,4,4
S0340,carfilzomib,11,27 mg/m2,1,1
S0340,lenalidomide,11,25 mg,1,1
S0340,dexamethasone,11,40 mg,1,1
S0341,carfilzomib,1,20 mg/m2 then 27 mg/m2,6,6
S0341,lenalidomide,1,25 mg,21,21
S0341,dexamethasone,1,40 mg,4,4
S0341,carfilzomib,2,27 mg/m2,6,6
S0341,lenalidomide,2,25 mg,21,21
S0341,dexamethasone,2,40 mg,4,4
S0341,carfilzomib,3,27 mg/m2,6,6
S0341,lenalidomide,3,25 mg,21,21
S0341,dexamethasone,3,40 mg,4,4
S0341,carfilzomib,4,27 mg/m2,6,6
S0341,lenalidomide,4,25 mg,21,21
S0341,dexamethasone,4,40 mg,4,4
S0341,carfilzomib,5,27 mg/m2,6,6
S0341,lenalidomide,5,25 mg,21,21
S0341,dexamethasone,5,40 mg,4,4
S0341,carfilzomib,6,27 mg/m2,6,6
S0341,lenalidomide,6,25 mg,21,21
S0341,dexamethasone,6,40 mg,4,4
S0341,carfilzomib,7,27 mg/m2,6,6
S0341,lenalidomide,7,25 mg,21,21
S0341,dexamethasone,7,40 mg,4,4
S0341,carfilzomib,8,27 mg/m2,6,6
S0341,lenalidomide,8,25 mg,21,21
S0341,dexamethasone,8,40 mg,4,4
S0341,carfilzomib,9,27 mg/m2,6,6
S0341,lenalidomide,9,25 mg,21,21
S0341,dexamethasone,9,40 mg,4,4
S0341,carfilzomib,10,27 mg/m2,6,6
S0341,lenalidomide,10,25 mg,21,21
S0341,dexamethasone,10,40 mg,4,4
S0341,carfilzomib,11,27 mg/m2,6,6
S0341,lenalidomide,11,25 mg,21,21
S0341,dexamethasone,11,40 mg,4,4
S0341,carfilzomib,12,27 mg/m2,6,6
S0341,lenalidomide,12,25 mg,21,21
S0341,dexamethasone,12,40 mg,4,4
S0342,carfilzomib,1,20 mg/m2 then 56 mg/m2,3,3
S0342,lenalidomide,1,25 mg,21,21
S0342,dexamethasone,1,40 mg,4,4
S0342,carfilzomib,2,56 mg/m2,3,2
S0342,lenalidomide,2,25 mg,21,21
S0342,dexamethasone,2,40 mg,4,4
S0342,carfilzomib,3,56 mg/m2,3,3
S0342,lenalidomide,3,25 mg,21,21
S0342,dexamethasone,3,40 mg,4,4
S0342,carfilzomib,4,56 mg/m2,3,3
S0342,lenalidomide,4,25 mg,21,21
S0342,dexamethasone,4,40 mg,4,4
S0342,carfilzomib,5,56 mg/m2,3,3
S0342,lenalidomide,5,25 mg,21,21
S0342,dexamethasone,5,40 mg,4,4
S0342,carfilzomib,6,56 mg/m2,3,3
S0342,lenalidomide,6,25 mg,21,21
S0342,dexamethasone,6,40 mg,4,4
S0342,carfilzomib,7,56 mg/m2,3,3
S0342,lenalidomide,7,25 mg,21,21
S0342,dexamethasone,7,40 mg,4,4
S0342,carfilzomib,8,56 mg/m2,3,3
S0342,lenalidomide,8,25 mg,21,21
S0342,dexamethasone,8,40 mg,4,4
S0342,carfilzomib,9,56 mg/m2,3,3
S0342,lenalidomide,9,25 mg,21,21
S0342,dexamethasone,9,40 mg,4,4
S0342,carfilzomib,10,56 mg/m2,3,3
S0342,lenalidomide,10,25 mg,21,21
S0342,dexamethasone,10,40 mg,4,4
S0342,carfilzomib,11,56 mg/m2,3,3
S0342,lenalidomide,11,25 mg,21,21
S0342,dexamethasone,11,40 mg,4,4
S0342,carfilzomib,12,56 mg/m2,3,3
S0342,lenalidomide,12,25 mg,21,21
S0342,dexamethasone,12,40 mg,4,4
S0343,carfilzomib,1,20 mg/m2 then 27 mg/m2,6,6
S0343,lenalidomide,1,25 mg,21,21
S0343,dexamethasone,1,40 mg,4,4
S0343,carfilzomib,2,27 mg/m2,6,6
S0343,lenalidomide,2,25 mg,21,21
S0343,dexamethasone,2,40 mg,4,4
S0343,carfilzomib,3,27 mg/m2,6,6
S0343,lenalidomide,3,25 mg,21,21
S0343,dexamethasone,3,40 mg,4,4
S0343,carfilzomib,4,27 mg/m2,6,6
S0343,lenalidomide,4,25 mg,21,21
S0343,dexamethasone,4,40 mg,4,4
S0343,carfilzomib,5,27 mg/m2,4,4
S0343,lenalidomide,5,25 mg,12,12
S0343,dexamethasone,5,40 mg,2,2
S0344,carfilzomib,1,20 mg/m2 then 27 mg/m2,6,6
S0344,lenalidomide,1,25 mg,21,21
S0344,dexamethasone,1,40 mg,4,4
S0344,carfilzomib,2,27 mg/m2,6,6
S0344,lenalidomide,2,25 mg,21,21
S0344,dexamethasone,2,40 mg,4,4
S0344,carfilzomib,3,27 mg/m2,6,6
S0344,lenalidomide,3,25 mg,21,21
S0344,dexamethasone,3,40 mg,4,4
S0344,carfilzomib,4,27 mg/m2,6,6
S0344,lenalidomide,4,25 mg,21,21
S0344,dexamethasone,4,40 mg,4,4
S0344,carfilzomib,5,27 mg/m2,6,6
S0344,lenalidomide,5,25 mg,21,21
S0344,dexamethasone,5,40 mg,4,4
S0344,carfilzomib,6,27 mg/m2,6,6
S0344,lenalidomide,6,25 mg,21,21
S0344,dexamethasone,6,40 mg,4,4
S0344,carfilzomib,7,27 mg/m2,6,6
S0344,lenalidomide,7,25 mg,21,21
S0344,dexamethasone,7,40 mg,4,4
S0344,carfilzomib,8,27 mg/m2,6,6
S0344,lenalidomide,8,25 mg,21,21
S0344,dexamethasone,8,40 mg,4,4
S0344,carfilzomib,9,27 mg/m2,6,6
S0344,lenalidomide,9,25 mg,21,21
S0344,dexamethasone,9,40 mg,4,4
S0344,carfilzomib,10,27 mg/m2,6,6
S0344,lenalidomide,10,25 mg,21,21
S0344,dexamethasone,10,40 mg,4,4
S0344,carfilzomib,11,27 mg/m2,6,6
S0344,lenalidomide,11,25 mg,21,21
S0344,dexamethasone,11,40 mg,4,4
S0344,carfilzomib,12,27 mg/m2,6,6
S0344,lenalidomide,12,25 mg,21,21
S0344,dexamethasone,12,40 mg,4,4
S0345,carfilzomib,1,20 mg/m2 then 56 mg/m2,3,3
S0345,lenalidomide,1,25 mg,21,21
S0345,dexamethasone,1,40 mg,4,4
S0345,carfilzomib,2,56 mg/m2,3,3
S0345,lenalidomide,2,25 mg,21,21
S0345,dexamethasone,2,40 mg,4,4
S0345,carfilzomib,3,56 mg/m2,3,3
S0345,lenalidomide,3,25 mg,21,21
S0345,dexamethasone,3,40 mg,4,4
S0345,carfilzomib,4,56 mg/m2,3,3
S0345,lenalidomide,4,25 mg,21,21
S0345,dexamethasone,4,40 mg,4,4
S0345,carfilzomib,5,56 mg/m2,3,3
S0345,lenalidomide,5,25 mg,21,21
S0345,dexamethasone,5,40 mg,4,4
S0345,carfilzomib,6,56 mg/m2,3,3
S0345,lenalidomide,6,25 mg,21,21
S0345,dexamethasone,6,40 mg,4,4
S0345,carfilzomib,7,56 mg/m2,3,3
S0345,lenalidomide,7,25 mg,21,21
S0345,dexamethasone,7,40 mg,4,4
S0345,carfilzomib,8,56 mg/m2,3,3
S0345,lenalidomide,8,25 mg,21,21
S0345,dexamethasone,8,40 mg,4,4
S0345,carfilzomib,9,56 mg/m2,3,3
S0345,lenalidomide,9,25 mg,21,21
S0345,dexamethasone,9,40 mg,4,4
S0345,carfilzomib,10,56 mg/m2,3,3
S0345,lenalidomide,10,25 mg,21,21
S0345,dexamethasone,10,40 mg,4,4
S0345,carfilzomib,11,56 mg/m2,3,3
S0345,lenalidomide,11,25 mg,21,21
S0345,dexamethasone,11,40 mg,4,4
S0345,carfilzomib,12,56 mg/m2,3,3
S0345,lenalidomide,12,25 mg,21,21
S0345,dexamethasone,12,40 mg,4,4
S0346,carfilzomib,1,20 mg/m2 then 56 mg/m2,3,3
S0346,lenalidomide,1,25 mg,21,21
S0346,dexamethasone,1,40 mg,4,4
S0346,carfilzomib,2,56 mg/m2,3,3
S0346,lenalidomide,2,25 mg,21,21
S0346,dexamethasone,2,40 mg,4,4
S0346,carfilzomib,3,56 mg/m2,3,3
S0346,lenalidomide,3,25 mg,21,21
S0346,dexamethasone,3,40 mg,4,4
S0346,carfilzomib,4,56 mg/m2,3,3
S0346,lenalidomide,4,25 mg,21,21
S0346,dexamethasone,4,40 mg,4,4
S0346,carfilzomib,5,56 mg/m2,3,3
S0346,lenalidomide,5,25 mg,21,21
S0346,dexamethasone,5,40 mg,4,4
S0346,carfilzomib,6,56 mg/m2,3,3
S0346,lenalidomide,6,25 mg,21,21
S0346,dexamethasone,6,40 mg,4,4
S0346,carfilzomib,7,56 mg/m2,3,3
S0346,lenalidomide,7,25 mg,21,21
S0346,dexamethasone,7,40 mg,4,4
S0346,carfilzomib,8,56 mg/m2,3,3
S0346,lenalidomide,8,25 mg,21,21
S0346,dexamethasone,8,40 mg,4,4
S0346,carfilzomib,9,56 mg/m2,3,3
S0346,lenalidomide,9,25 mg,21,21
S0346,dexamethasone,9,40 mg,4,4
S0346,carfilzomib,10,56 mg/m2,3,3
S0346,lenalidomide,10,25 mg,21,21
S0346,dexamethasone,10,40 mg,4,4
S0346,carfilzomib,11,56 mg/m2,3,3
S0346,lenalidomide,11,25 mg,21,21
S0346,dexamethasone,11,40 mg,4,4
S0346,carfilzomib,12,56 mg/m2,3,3
S0346,lenalidomide,12,25 mg,21,21
S0346,dexamethasone,12,40 mg,4,4
S0347,carfilzomib,1,20 mg/m2 then 27 mg/m2,6,6
S0347,lenalidomide,1,25 mg,21,21
S0347,dexamethasone,1,40 mg,4,4
S0347,carfilzomib,2,27 mg/m2,6,6
S0347,lenalidomide,2,25 mg,21,21
S0347,dexamethasone,2,40 mg,4,4
S0347,carfilzomib,3,27 mg/m2,6,6
S0347,lenalidomide,3,25 mg,21,21
S0347,dexamethasone,3,40 mg,4,4
S0347,carfilzomib,4,27 mg/m2,6,6
S0347,lenalidomide,4,25 mg,21,21
S0347,dexamethasone,4,40 mg,4,4
S0347,carfilzomib,5,27 mg/m2,6,6
S0347,lenalidomide,5,25 mg,21,21
S0347,dexamethasone,5,40 mg,4,4
S0347,carfilzomib,6,27 mg/m2,6,6
S0347,lenalidomide,6,25 mg,21,21
S0347,dexamethasone,6,40 mg,4,4
S0347,carfilzomib,7,27 mg/m2,6,6
S0347,lenalidomide,7,25 mg,21,21
S0347,dexamethasone,7,40 mg,4,4
S0347,carfilzomib,8,27 mg/m2,6,6
S0347,lenalidomide,8,25 mg,21,21
S0347,dexamethasone,8,40 mg,4,4
S0347,carfilzomib,9,27 mg/m2,6,6
S0347,lenalidomide,9,25 mg,21,21
S0347,dexamethasone,9,40 mg,4,4
S0347,carfilzomib,10,27 mg/m2,6,6
S0347,lenalidomide,10,25 mg,21,21
S0347,dexamethasone,10,40 mg,4,4
S0347,carfilzomib,11,27 mg/m2,6,6
S0347,lenalidomide,11,25 mg,21,21
S0347,dexamethasone,11,40 mg,4,4
S0347,carfilzomib,12,27 mg/m2,6,6
S0347,lenalidomide,12,25 mg,21,21
S0347,dexamethasone,12,40 mg,4,4
S0348,carfilzomib,1,20 mg/m2 then 56 mg/m2,3,3
S0348,lenalidomide,1,25 mg,21,21
S0348,dexamethasone,1,40 mg,4,4
S0348,carfilzomib,2,56 mg/m2,3,3
S0348,lenalidomide,2,25 mg,21,21
S0348,dexamethasone,2,40 mg,4,4
S0348,carfilzomib,3,56 mg/m2,3,3
S0348,lenalidomide,3,25 mg,21,21
S0348,dexamethasone,3,40 mg,4,4
S0348,carfilzomib,4,56 mg/m2,3,3
S0348,lenalidomide,4,25 mg,21,21
S0348,dexamethasone,4,40 mg,4,4
S0348,carfilzomib,5,56 mg/m2,3,3
S0348,lenalidomide,5,25 mg,21,21
S0348,dexamethasone,5,40 mg,4,4
S0348,carfilzomib,6,56 mg/m2,3,3
S0348,lenalidomide,6,25 mg,21,21
S0348,dexamethasone,6,40 mg,4,4
S0348,carfilzomib,7,56 mg/m2,3,3
S0348,lenalidomide,7,25 mg,21,21
S0348,dexamethasone,7,40 mg,4,4
S0348,carfilzomib,8,56 mg/m2,3,3
S0348,lenalidomide,8,25 mg,21,21
S0348,dexamethasone,8,40 mg,4,4
S0348,carfilzomib,9,56 mg/m2,3,3
S0348,lenalidomide,9,25 mg,21,21
S0348,dexamethasone,9,40 mg,4,4
S0348,carfilzomib,10,56 mg/m2,3,3
S0348,lenalidomide,10,25 mg,21,21
S0348,dexamethasone,10,40 mg,4,4
S0348,carfilzomib,11,56 mg/m2,3,3
S0348,lenalidomide,11,25 mg,21,21
S0348,dexamethasone,11,40 mg,4,4
S0348,carfilzomib,12,56 mg/m2,3,3
S0348,lenalidomide,12,25 mg,21,21
S0348,dexamethasone,12,40 mg,4,4
S0349,carfilzomib,1,20 mg/m2 then 27 mg/m2,6,6
S0349,lenalidomide,1,25 mg,21,21
S0349,dexamethasone,1,40 mg,4,4
S0349,carfilzomib,2,27 mg/m2,6,6
S0349,lenalidomide,2,25 mg,20,20
S0349,dexamethasone,2,40 mg,3,3
S0350,carfilzomib,1,20 mg/m2 then 56 mg/m2,3,3
S0350,lenalidomide,1,25 mg,21,21
S0350,dexamethasone,1,40 mg,4,4
S0350,carfilzomib,2,56 mg/m2,3,3
S0350,lenalidomide,2,25 mg,21,21
S0350,dexamethasone,2,40 mg,4,4
S0350,carfilzomib,3,56 mg/m2,3,3
S0350,lenalidomide,3,25 mg,21,21
S0350,dexamethasone,3,40 mg,4,4
S0350,carfilzomib,4,56 mg/m2,3,3
S0350,lenalidomide,4,25 mg,21,21
S0350,dexamethasone,4,40 mg,4,4
S0350,carfilzomib,5,56 mg/m2,3,3
S0350,lenalidomide,5,25 mg,21,21
S0350,dexamethasone,5,40 mg,4,4
S0350,carfilzomib,6,56 mg/m2,3,3
S0350,lenalidomide,6,25 mg,21,21
S0350,dexamethasone,6,40 mg,4,4
S0350,carfilzomib,7,56 mg/m2,3,3
S0350,lenalidomide,7,25 mg,21,21
S0350,dexamethasone,7,40 mg,4,4
S0350,carfilzomib,8,56 mg/m2,3,3
S0350,lenalidomide,8,25 mg,21,21
S0350,dexamethasone,8,40 mg,4,4
S0350,carfilzomib,9,56 mg/m2,3,3
S0350,lenalidomide,9,25 mg,21,21
S0350,dexamethasone,9,40 mg,4,4
S0350,carfilzomib,10,56 mg/m2,3,3
S0350,lenalidomide,10,25 mg,21,21
S0350,dexamethasone,10,40 mg,4,4
S0350,carfilzomib,11,56 mg/m2,3,3
S0350,lenalidomide,11,25 mg,21,21
S0350,dexamethasone,11,40 mg,4,4
S0350,carfilzomib,12,56 mg/m2,3,3
S0350,lenalidomide,12,25 mg,21,21
S0350,dexamethasone,12,40 mg,4,4
S0351,carfilzomib,1,20 mg/m2 then 56 mg/m2,3,3
S0351,lenalidomide,1,25 mg,21,21
S0351,dexamethasone,1,40 mg,4,4
S0351,carfilzomib,2,56 mg/m2,3,3
S0351,lenalidomide,2,25 mg,21,21
S0351,dexamethasone,2,40 mg,4,4
S0351,carfilzomib,3,56 mg/m2,3,3
S0351,lenalidomide,3,25 mg,21,21
S0351,dexamethasone,3,40 mg,4,4
S0351,carfilzomib,4,56 mg/m2,3,3
S0351,lenalidomide,4,25 mg,21,21
S0351,dexamethasone,4,40 mg,4,4
S0351,carfilzomib,5,56 mg/m2,3,3
S0351,lenalidomide,5,25 mg,21,21
S0351,dexamethasone,5,40 mg,4,4
S0351,carfilzomib,6,56 mg/m2,3,3
S0351,lenalidomide,6,25 mg,21,21
S0351,dexamethasone,6,40 mg,4,4
S0351,carfilzomib,7,56 mg/m2,3,3
S0351,lenalidomide,7,25 mg,21,21
S0351,dexamethasone,7,40 mg,4,4
S0351,carfilzomib,8,56 mg/m2,3,3
S0351,lenalidomide,8,25 mg,21,21
S0351,dexamethasone,8,40 mg,4,4
S0351,carfilzomib,9,56 mg/m2,3,3
S0351,lenalidomide,9,25 mg,21,21
S0351,dexamethasone,9,40 mg,4,4
S0351,carfilzomib,10,56 mg/m2,3,3
S0351,lenalidomide,10,25 mg,21,21
S0351,dexamethasone,10,40 mg,4,4
S0351,carfilzomib,11,56 mg/m2,3,3
S0351,lenalidomide,11,25 mg,21,21
S0351,dexamethasone,11,40 mg,4,4
S0351,carfilzomib,12,56 mg/m2,3,3
S0351,lenalidomide,12,25 mg,21,21
S0351,dexamethasone,12,40 mg,4,4
S0352,carfilzomib,1,20 mg/m2 then 27 mg/m2,6,6
S0352,lenalidomide,1,25 mg,21,21
S0352,dexamethasone,1,40 mg,4,4
S0352,carfilzomib,2,27 mg/m2,6,5
S0352,lenalidomide,2,25 mg,21,21
S0352,dexamethasone,2,40 mg,4,4
S0352,carfilzomib,3,27 mg/m2,6,6
S0352,lenalidomide,3,25 mg,21,21
S0352,dexamethasone,3,40 mg,4,4
S0352,carfilzomib,4,27 mg/m2,6,6
S0352,lenalidomide,4,25 mg,21,21
S0352,dexamethasone,4,40 mg,4,4
S0352,carfilzomib,5,27 mg/m2,6,6
S0352,lenalidomide,5,25 mg,21,21
S0352,dexamethasone,5,40 mg,4,4
S0352,carfilzomib,6,27 mg/m2,6,6
S0352,lenalidomide,6,25 mg,21,21
S0352,dexamethasone,6,40 mg,4,4
S0352,carfilzomib,7,27 mg/m2,6,6
S0352,lenalidomide,7,25 mg,21,21
S0352,dexamethasone,7,40 mg,4,4
S0352,carfilzomib,8,27 mg/m2,6,6
S0352,lenalidomide,8,25 mg,21,21
S0352,dexamethasone,8,40 mg,4,4
S0352,carfilzomib,9,27 mg/m2,6,6
S0352,lenalidomide,9,25 mg,21,21
S0352,dexamethasone,9,40 mg,4,4
S0352,carfilzomib,10,27 mg/m2,6,6
S0352,lenalidomide,10,25 mg,21,21
S0352,dexamethasone,10,40 mg,4,4
S0352,carfilzomib,11,27 mg/m2,6,6
S0352,lenalidomide,11,25 mg,21,21
S0352,dexamethasone,11,40 mg,4,4
S0352,carfilzomib,12,27 mg/m2,6,6
S0352,lenalidomide,12,25 mg,21,21
S0352,dexamethasone,12,40 mg,4,4
S0353,carfilzomib,1,20 mg/m2 then 56 mg/m2,3,3
S0353,lenalidomide,1,25 mg,21,21
S0353,dexamethasone,1,40 mg,4,4
S0353,carfilzomib,2,56 mg/m2,3,2
S0353,lenalidomide,2,25 mg,21,21
S0353,dexamethasone,2,40 mg,4,4
S0353,carfilzomib,3,56 mg/m2,3,3
S0353,lenalidomide,3,25 mg,21,21
S0353,dexamethasone,3,40 mg,4,4
S0353,carfilzomib,4,56 mg/m2,3,3
S0353,lenalidomide,4,25 mg,21,21
S0353,dexamethasone,4,40 mg,4,4
S0353,carfilzomib,5,56 mg/m2,3,3
S0353,lenalidomide,5,25 mg,21,21
S0353,dexamethasone,5,40 mg,4,4
S0353,carfilzomib,6,56 mg/m2,3,3
S0353,lenalidomide,6,25 mg,21,21
S0353,dexamethasone,6,40 mg,4,4
S0353,carfilzomib,7,56 mg/m2,3,3
S0353,lenalidomide,7,25 mg,21,21
S0353,dexamethasone,7,40 mg,4,4
S0353,carfilzomib,8,56 mg/m2,1,1
S0353,lenalidomide,8,25 mg,1,1
S0353,dexamethasone,8,40 mg,1,1
S0354,carfilzomib,1,20 mg/m2 then 27 mg/m2,6,6
S0354,lenalidomide,1,25 mg,21,21
S0354,dexamethasone,1,40 mg,4,4
S0354,carfilzomib,2,27 mg/m2,6,6
S0354,lenalidomide,2,25 mg,21,21
S0354,dexamethasone,2,40 mg,4,4
S0354,carfilzomib,3,27 mg/m2,6,6
S0354,lenalidomide,3,25 mg,21,21
S0354,dexamethasone,3,40 mg,4,4
S0354,carfilzomib,4,27 mg/m2,6,6
S0354,lenalidomide,4,25 mg,21,21
S0354,dexamethasone,4,40 mg,4,4
S0354,carfilzomib,5,27 mg/m2,6,6
S0354,lenalidomide,5,25 mg,21,21
S0354,dexamethasone,5,40 mg,4,4
S0354,carfilzomib,6,27 mg/m2,6,6
S0354,lenalidomide,6,25 mg,21,21
S0354,dexamethasone,6,40 mg,4,4
S0354,carfilzomib,7,27 mg/m2,6,6
S0354,lenalidomide,7,25 mg,21,21
S0354,dexamethasone,7,40 mg,4,4
S0354,carfilzomib,8,27 mg/m2,6,6
S0354,lenalidomide,8,25 mg,21,21
S0354,dexamethasone,8,40 mg,4,4
S0354,carfilzomib,9,27 mg/m2,6,6
S0354,lenalidomide,9,25 mg,21,21
S0354,dexamethasone,9,40 mg,4,4
S0354,carfilzomib,10,27 mg/m2,6,5
S0354,lenalidomide,10,25 mg,21,21
S0354,dexamethasone,10,40 mg,4,4
S0354,carfilzomib,11,27 mg/m2,6,6
S0354,lenalidomide,11,25 mg,21,21
S0354,dexamethasone,11,40 mg,4,4
S0354,carfilzomib,12,27 mg/m2,6,6
S0354,lenalidomide,12,25 mg,21,21
S0354,dexamethasone,12,40 mg,4,4
S0355,carfilzomib,1,20 mg/m2 then 56 mg/m2,3,3
S0355,lenalidomide,1,25 mg,21,21
S0355,dexamethasone,1,40 mg,4,4
S0355,carfilzomib,2,56 mg/m2,3,3
S0355,lenalidomide,2,25 mg,21,21
S0355,dexamethasone,2,40 mg,4,4
S0355,carfilzomib,3,56 mg/m2,3,3
S0355,lenalidomide,3,25 mg,21,21
S0355,dexamethasone,3,40 mg,4,4
S0355,carfilzomib,4,56 mg/m2,3,3
S0355,lenalidomide,4,25 mg,21,21
S0355,dexamethasone,4,40 mg,4,4
S0355,carfilzomib,5,56 mg/m2,3,3
S0355,lenalidomide,5,25 mg,21,21
S0355,dexamethasone,5,40 mg,4,4
S0355,carfilzomib,6,56 mg/m2,3,3
S0355,lenalidomide,6,25 mg,21,21
S0355,dexamethasone,6,40 mg,4,4
S0355,carfilzomib,7,56 mg/m2,3,3
S0355,lenalidomide,7,25 mg,21,21
S0355,dexamethasone,7,40 mg,4,4
S0355,carfilzomib,8,56 mg/m2,3,3
S0355,lenalidomide,8,25 mg,21,21
S0355,dexamethasone,8,40 mg,4,4
S0355,carfilzomib,9,56 mg/m2,3,3
S0355,lenalidomide,9,25 mg,21,21
S0355,dexamethasone,9,40 mg,4,4
S0355,carfilzomib,10,56 mg/m2,3,3
S0355,lenalidomide,10,25 mg,21,21
S0355,dexamethasone,10,40 mg,4,4
S0355,carfilzomib,11,56 mg/m2,3,3
S0355,lenalidomide,11,25 mg,21,21
S0355,dexamethasone,11,40 mg,4,4
S0355,carfilzomib,12,56 mg/m2,3,3
S0355,lenalidomide,12,25 mg,21,21
S0355,dexamethasone,12,40 mg,4,4
S0356,carfilzomib,1,20 mg/m2 then 27 mg/m2,6,6
S0356,lenalidomide,1,25 mg,21,21
S0356,dexamethasone,1,40 mg,4,4
S0356,carfilzomib,2,27 mg/m2,6,6
S0356,lenalidomide,2,25 mg,21,21
S0356,dexamethasone,2,40 mg,4,4
S0356,carfilzomib,3,27 mg/m2,6,6
S0356,lenalidomide,3,25 mg,21,21
S0356,dexamethasone,3,40 mg,4,4
S0356,carfilzomib,4,27 mg/m2,6,6
S0356,lenalidomide,4,25 mg,21,21
S0356,dexamethasone,4,40 mg,4,4
S0356,carfilzomib,5,27 mg/m2,6,6
S0356,lenalidomide,5,25 mg,21,21
S0356,dexamethasone,5,40 mg,4,4
S0356,carfilzomib,6,27 mg/m2,6,6
S0356,lenalidomide,6,25 mg,21,21
S0356,dexamethasone,6,40 mg,4,4
S0356,carfilzomib,7,27 mg/m2,6,6
S0356,lenalidomide,7,25 mg,21,21
S0356,dexamethasone,7,40 mg,4,4
S0356,carfilzomib,8,27 mg/m2,6,6
S0356,lenalidomide,8,25 mg,21,21
S0356,dexamethasone,8,40 mg,4,4
S0356,carfilzomib,9,27 mg/m2,6,6
S0356,lenalidomide,9,25 mg,21,21
S0356,dexamethasone,9,40 mg,4,4
S0356,carfilzomib,10,27 mg/m2,6,6
S0356,lenalidomide,10,25 mg,21,21
S0356,dexamethasone,10,40 mg,4,4
S0356,carfilzomib,11,27 mg/m2,6,6
S0356,lenalidomide,11,25 mg,21,21
S0356,dexamethasone,11,40 mg,4,4
S0356,carfilzomib,12,27 mg/m2,6,6
S0356,lenalidomide,12,25 mg,21,21
S0356,dexamethasone,12,40 mg,4,4
S0357,carfilzomib,1,20 mg/m2 then 27 mg/m2,6,6
S0357,lenalidomide,1,25 mg,21,21
S0357,dexamethasone,1,40 mg,4,4
S0357,carfilzomib,2,27 mg/m2,6,6
S0357,lenalidomide,2,25 mg,21,21
S0357,dexamethasone,2,40 mg,4,4
S0357,carfilzomib,3,27 mg/m2,6,6
S0357,lenalidomide,3,25 mg,21,21
S0357,dexamethasone,3,40 mg,4,4
S0357,carfilzomib,4,27 mg/m2,6,6
S0357,lenalidomide,4,25 mg,21,21
S0357,dexamethasone,4,40 mg,4,4
S0357,carfilzomib,5,27 mg/m2,6,6
S0357,lenalidomide,5,25 mg,21,21
S0357,dexamethasone,5,40 mg,4,4
S0357,carfilzomib,6,27 mg/m2,6,5
S0357,lenalidomide,6,25 mg,21,21
S0357,dexamethasone,6,40 mg,4,4
S0357,carfilzomib,7,27 mg/m2,6,6
S0357,lenalidomide,7,25 mg,21,21
S0357,dexamethasone,7,40 mg,4,4
S0357,carfilzomib,8,27 mg/m2,6,6
S0357,lenalidomide,8,25 mg,21,21
S0357,dexamethasone,8,40 mg,4,4
S0357,carfilzomib,9,27 mg/m2,6,6
S0357,lenalidomide,9,25 mg,21,21
S0357,dexamethasone,9,40 mg,4,4
S0357,carfilzomib,10,27 mg/m2,6,6
S0357,lenalidomide,10,25 mg,21,21
S0357,dexamethasone,10,40 mg,4,4
S0357,carfilzomib,11,27 mg/m2,6,6
S0357,lenalidomide,11,25 mg,21,21
S0357,dexamethasone,11,40 mg,4,4
S0357,carfilzomib,12,27 mg/m2,1,1
S0357,lenalidomide,12,25 mg,1,1
S0357,dexamethasone,12,40 mg,1,1
S0358,carfilzomib,1,20 mg/m2 then 56 mg/m2,3,3
S0358,lenalidomide,1,25 mg,21,21
S0358,dexamethasone,1,40 mg,4,4
S0358,carfilzomib,2,56 mg/m2,3,3
S0358,lenalidomide,2,25 mg,21,21
S0358,dexamethasone,2,40 mg,4,4
S0358,carfilzomib,3,56 mg/m2,3,3
S0358,lenalidomide,3,25 mg,21,21
S0358,dexamethasone,3,40 mg,4,4
S0358,carfilzomib,4,56 mg/m2,3,3
S0358,lenalidomide,4,25 mg,21,21
S0358,dexamethasone,4,40 mg,4,4
S0358,carfilzomib,5,56 mg/m2,3,3
S0358,lenalidomide,5,25 mg,21,21
S0358,dexamethasone,5,40 mg,4,4
S0358,carfilzomib,6,56 mg/m2,3,3
S0358,lenalidomide,6,25 mg,21,21
S0358,dexamethasone,6,40 mg,4,4
S0358,carfilzomib,7,56 mg/m2,3,3
S0358,lenalidomide,7,25 mg,21,21
S0358,dexamethasone,7,40 mg,4,4
S0358,carfilzomib,8,56 mg/m2,3,3
S0358,lenalidomide,8,25 mg,21,21
S0358,dexamethasone,8,40 mg,4,4
S0358,carfilzomib,9,56 mg/m2,3,3
S0358,lenalidomide,9,25 mg,21,21
S0358,dexamethasone,9,40 mg,4,4
S0358,carfilzomib,10,56 mg/m2,3,3
S0358,lenalidomide,10,25 mg,21,21
S0358,dexamethasone,10,40 mg,4,4
S0358,carfilzomib,11,56 mg/m2,3,3
S0358,lenalidomide,11,25 mg,21,21
S0358,dexamethasone,11,40 mg,4,4
S0358,carfilzomib,12,56 mg/m2,3,3
S0358,lenalidomide,12,25 mg,21,21
S0358,dexamethasone,12,40 mg,4,4
S0359,carfilzomib,1,20 mg/m2 then 27 mg/m2,6,6
S0359,lenalidomide,1,25 mg,21,21
S0359,dexamethasone,1,40 mg,4,4
S0359,carfilzomib,2,27 mg/m2,6,6
S0359,lenalidomide,2,25 mg,21,21
S0359,dexamethasone,2,40 mg,4,4
S0359,carfilzomib,3,27 mg/m2,6,6
S0359,lenalidomide,3,25 mg,21,21
S0359,dexamethasone,3,40 mg,4,4
S0359,carfilzomib,4,27 mg/m2,6,6
S0359,lenalidomide,4,25 mg,21,21
S0359,dexamethasone,4,40 mg,4,4
S0359,carfilzomib,5,27 mg/m2,6,6
S0359,lenalidomide,5,25 mg,21,21
S0359,dexamethasone,5,40 mg,4,4
S0359,carfilzomib,6,27 mg/m2,6,6
S0359,lenalidomide,6,25 mg,21,21
S0359,dexamethasone,6,40 mg,4,4
S0359,carfilzomib,7,27 mg/m2,6,6
S0359,lenalidomide,7,25 mg,21,21
S0359,dexamethasone,7,40 mg,4,4
S0359,carfilzomib,8,27 mg/m2,6,6
S0359,lenalidomide,8,25 mg,21,21
S0359,dexamethasone,8,40 mg,4,4
S0359,carfilzomib,9,27 mg/m2,6,6
S0359,lenalidomide,9,25 mg,21,21
S0359,dexamethasone,9,40 mg,4,4
S0359,carfilzomib,10,27 mg/m2,6,6
S0359,lenalidomide,10,25 mg,21,21
S0359,dexamethasone,10,40 mg,4,4
S0360,carfilzomib,1,20 mg/m2 then 56 mg/m2,3,3
S0360,lenalidomide,1,25 mg,21,21
S0360,dexamethasone,1,40 mg,4,4
S0360,carfilzomib,2,56 mg/m2,3,3
S0360,lenalidomide,2,25 mg,21,21
S0360,dexamethasone,2,40 mg,4,4
S0360,carfilzomib,3,56 mg/m2,3,3
S0360,lenalidomide,3,25 mg,21,21
S0360,dexamethasone,3,40 mg,4,4
S0360,carfilzomib,4,56 mg/m2,3,3
S0360,lenalidomide,4,25 mg,21,21
S0360,dexamethasone,4,40 mg,4,4
S0360,carfilzomib,5,56 mg/m2,3,3
S0360,lenalidomide,5,25 mg,21,21
S0360,dexamethasone,5,40 mg,4,4
S0360,carfilzomib,6,56 mg/m2,3,3
S0360,lenalidomide,6,25 mg,21,21
S0360,dexamethasone,6,40 mg,4,4
S0360,carfilzomib,7,56 mg/m2,3,3
S0360,lenalidomide,7,25 mg,21,21
S0360,dexamethasone,7,40 mg,4,4
S0360,carfilzomib,8,56 mg/m2,3,3
S0360,lenalidomide,8,25 mg,21,21
S0360,dexamethasone,8,40 mg,4,4
S0360,carfilzomib,9,56 mg/m2,3,3
S0360,lenalidomide,9,25 mg,21,21
S0360,dexamethasone,9,40 mg,4,4
S0360,carfilzomib,10,56 mg/m2,3,3
S0360,lenalidomide,10,25 mg,21,21
S0360,dexamethasone,10,40 mg,4,4
S0360,carfilzomib,11,56 mg/m2,3,3
S0360,lenalidomide,11,25 mg,21,21
S0360,dexamethasone,11,40 mg,4,4
S0360,carfilzomib,12,56 mg/m2,3,3
S0360,lenalidomide,12,25 mg,21,21
S0360,dexamethasone,12,40 mg,4,4
S0361,carfilzomib,1,20 mg/m2 then 56 mg/m2,3,3
S0361,lenalidomide,1,25 mg,21,21
S0361,dexamethasone,1,40 mg,4,4
S0361,carfilzomib,2,56 mg/m2,3,3
S0361,lenalidomide,2,25 mg,21,21
S0361,dexamethasone,2,40 mg,4,4
S0361,carfilzomib,3,56 mg/m2,3,3
S0361,lenalidomide,3,25 mg,21,21
S0361,dexamethasone,3,40 mg,4,4
S0361,carfilzomib,4,56 mg/m2,3,3
S0361,lenalidomide,4,25 mg,21,21
S0361,dexamethasone,4,40 mg,4,4
S0361,carfilzomib,5,56 mg/m2,1,1
S0361,lenalidomide,5,25 mg,1,1
S0361,dexamethasone,5,40 mg,1,1
S0362,carfilzomib,1,20 mg/m2 then 27 mg/m2,6,6
S0362,lenalidomide,1,25 mg,21,21
S0362,dexamethasone,1,40 mg,4,4
S0362,carfilzomib,2,27 mg/m2,6,6
S0362,lenalidomide,2,25 mg,21,21
S0362,dexamethasone,2,40 mg,4,4
S0362,carfilzomib,3,27 mg/m2,6,6
S0362,lenalidomide,3,25 mg,21,21
S0362,dexamethasone,3,40 mg,4,4
S0362,carfilzomib,4,27 mg/m2,6,6
S0362,lenalidomide,4,25 mg,21,21
S0362,dexamethasone,4,40 mg,4,4
S0362,carfilzomib,5,27 mg/m2,6,6
S0362,lenalidomide,5,25 mg,21,21
S0362,dexamethasone,5,40 mg,4,4
S0362,carfilzomib,6,27 mg/m2,6,6
S0362,lenalidomide,6,25 mg,21,21
S0362,dexamethasone,6,40 mg,4,4
S0362,carfilzomib,7,27 mg/m2,6,6
S0362,lenalidomide,7,25 mg,21,21
S0362,dexamethasone,7,40 mg,4,4
S0362,carfilzomib,8,27 mg/m2,6,6
S0362,lenalidomide,8,25 mg,21,21
S0362,dexamethasone,8,40 mg,4,4
S0362,carfilzomib,9,27 mg/m2,6,6
S0362,lenalidomide,9,25 mg,21,21
S0362,dexamethasone,9,40 mg,4,4
S0362,carfilzomib,10,27 mg/m2,6,6
S0362,lenalidomide,10,25 mg,21,21
S0362,dexamethasone,10,40 mg,4,4
S0362,carfilzomib,11,27 mg/m2,6,6
S0362,lenalidomide,11,25 mg,21,21
S0362,dexamethasone,11,40 mg,4,4
S0362,carfilzomib,12,27 mg/m2,6,6
S0362,lenalidomide,12,25 mg,21,21
S0362,dexamethasone,12,40 mg,4,4
S0363,carfilzomib,1,20 mg/m2 then 56 mg/m2,3,3
S0363,lenalidomide,1,25 mg,21,21
S0363,dexamethasone,1,40 mg,4,4
S0363,carfilzomib,2,56 mg/m2,3,3
S0363,lenalidomide,2,25 mg,21,21
S0363,dexamethasone,2,40 mg,4,4
S0363,carfilzomib,3,56 mg/m2,3,3
S0363,lenalidomide,3,25 mg,21,21
S0363,dexamethasone,3,40 mg,4,4
S0363,carfilzomib,4,56 mg/m2,3,3
S0363,lenalidomide,4,25 mg,21,21
S0363,dexamethasone,4,40 mg,4,4
S0363,carfilzomib,5,56 mg/m2,3,3
S0363,lenalidomide,5,25 mg,21,21
S0363,dexamethasone,5,40 mg,4,4
S0363,carfilzomib,6,56 mg/m2,3,3
S0363,lenalidomide,6,25 mg,21,21
S0363,dexamethasone,6,40 mg,4,4
S0363,carfilzomib,7,56 mg/m2,3,3
S0363,lenalidomide,7,25 mg,21,21
S0363,dexamethasone,7,40 mg,4,4
S0363,carfilzomib,8,56 mg/m2,3,3
S0363,lenalidomide,8,25 mg,21,21
S0363,dexamethasone,8,40 mg,4,4
S0363,carfilzomib,9,56 mg/m2,3,3
S0363,lenalidomide,9,25 mg,21,21
S0363,dexamethasone,9,40 mg,4,4
S0363,carfilzomib,10,56 mg/m2,3,3
S0363,lenalidomide,10,25 mg,21,21
S0363,dexamethasone,10,40 mg,4,4
S0363,carfilzomib,11,56 mg/m2,3,3
S0363,lenalidomide,11,25 mg,21,21
S0363,dexamethasone,11,40 mg,4,4
S0363,carfilzomib,12,56 mg/m2,3,3
S0363,lenalidomide,12,25 mg,21,21
S0363,dexamethasone,12,40 mg,4,4
S0364,carfilzomib,1,20 mg/m2 then 27 mg/m2,6,5
S0364,lenalidomide,1,25 mg,21,21
S0364,dexamethasone,1,40 mg,4,4
S0364,carfilzomib,2,27 mg/m2,6,6
S0364,lenalidomide,2,25 mg,21,21
S0364,dexamethasone,2,40 mg,4,4
S0364,carfilzomib,3,27 mg/m2,1,1
S0364,lenalidomide,3,25 mg,1,1
S0364,dexamethasone,3,40 mg,1,1
S0365,carfilzomib,1,20 mg/m2 then 56 mg/m2,3,3
S0365,lenalidomide,1,25 mg,21,21
S0365,dexamethasone,1,40 mg,4,4
S0365,carfilzomib,2,56 mg/m2,3,3
S0365,lenalidomide,2,25 mg,21,21
S0365,dexamethasone,2,40 mg,4,4
S0365,carfilzomib,3,56 mg/m2,3,3
S0365,lenalidomide,3,25 mg,21,21
S0365,dexamethasone,3,40 mg,4,4
S0365,carfilzomib,4,56 mg/m2,3,3
S0365,lenalidomide,4,25 mg,21,21
S0365,dexamethasone,4,40 mg,4,4
S0365,carfilzomib,5,56 mg/m2,3,3
S0365,lenalidomide,5,25 mg,21,21
S0365,dexamethasone,5,40 mg,4,4
S0365,carfilzomib,6,56 mg/m2,3,3
S0365,lenalidomide,6,25 mg,21,21
S0365,dexamethasone,6,40 mg,4,4
S0365,carfilzomib,7,56 mg/m2,3,3
S0365,lenalidomide,7,25 mg,21,21
S0365,dexamethasone,7,40 mg,4,4
S0365,carfilzomib,8,56 mg/m2,3,2
S0365,lenalidomide,8,25 mg,21,21
S0365,dexamethasone,8,40 mg,4,4
S0365,carfilzomib,9,56 mg/m2,3,3
S0365,lenalidomide,9,25 mg,21,21
S0365,dexamethasone,9,40 mg,4,4
S0365,carfilzomib,10,56 mg/m2,3,3
S0365,lenalidomide,10,25 mg,21,21
S0365,dexamethasone,10,40 mg,4,4
S0365,carfilzomib,11,56 mg/m2,3,3
S0365,lenalidomide,11,25 mg,21,21
S0365,dexamethasone,11,40 mg,4,4
S0365,carfilzomib,12,56 mg/m2,3,2
S0365,lenalidomide,12,25 mg,21,21
S0365,dexamethasone,12,40 mg,4,4
S0366,carfilzomib,1,20 mg/m2 then 56 mg/m2,3,3
S0366,lenalidomide,1,25 mg,21,21
S0366,dexamethasone,1,40 mg,4,4
S0366,carfilzomib,2,56 mg/m2,3,3
S0366,lenalidomide,2,25 mg,21,21
S0366,dexamethasone,2,40 mg,4,4
S0366,carfilzomib,3,56 mg/m2,3,3
S0366,lenalidomide,3,25 mg,21,21
S0366,dexamethasone,3,40 mg,4,4
S0366,carfilzomib,4,56 mg/m2,3,2
S0366,lenalidomide,4,25 mg,21,21
S0366,dexamethasone,4,40 mg,4,4
S0366,carfilzomib,5,56 mg/m2,3,3
S0366,lenalidomide,5,25 mg,21,21
S0366,dexamethasone,5,40 mg,4,4
S0366,carfilzomib,6,56 mg/m2,3,3
S0366,lenalidomide,6,25 mg,21,21
S0366,dexamethasone,6,40 mg,4,4
S0366,carfilzomib,7,56 mg/m2,3,3
S0366,lenalidomide,7,25 mg,21,21
S0366,dexamethasone,7,40 mg,4,4
S0367,carfilzomib,1,20 mg/m2 then 27 mg/m2,6,6
S0367,lenalidomide,1,25 mg,21,21
S0367,dexamethasone,1,40 mg,4,4
S0367,carfilzomib,2,27 mg/m2,6,6
S0367,lenalidomide,2,25 mg,21,21
S0367,dexamethasone,2,40 mg,4,4
S0367,carfilzomib,3,27 mg/m2,6,6
S0367,lenalidomide,3,25 mg,21,21
S0367,dexamethasone,3,40 mg,4,4
S0367,carfilzomib,4,27 mg/m2,6,6
S0367,lenalidomide,4,25 mg,21,21
S0367,dexamethasone,4,40 mg,4,4
S0367,carfilzomib,5,27 mg/m2,6,6
S0367,lenalidomide,5,25 mg,21,21
S0367,dexamethasone,5,40 mg,4,4
S0367,carfilzomib,6,27 mg/m2,6,6
S0367,lenalidomide,6,25 mg,21,21
S0367,dexamethasone,6,40 mg,4,4
S0367,carfilzomib,7,27 mg/m2,6,6
S0367,lenalidomide,7,25 mg,21,21
S0367,dexamethasone,7,40 mg,4,4
S0367,carfilzomib,8,27 mg/m2,1,1
S0367,lenalidomide,8,25 mg,1,1
S0367,dexamethasone,8,40 mg,1,1
S0368,carfilzomib,1,20 mg/m2 then 27 mg/m2,6,6
S0368,lenalidomide,1,25 mg,21,21
S0368,dexamethasone,1,40 mg,4,4
S0368,carfilzomib,2,27 mg/m2,6,6
S0368,lenalidomide,2,25 mg,21,21
S0368,dexamethasone,2,40 mg,4,4
S0368,carfilzomib,3,27 mg/m2,6,6
S0368,lenalidomide,3,25 mg,21,21
S0368,dexamethasone,3,40 mg,4,4
S0368,carfilzomib,4,27 mg/m2,6,6
S0368,lenalidomide,4,25 mg,21,21
S0368,dexamethasone,4,40 mg,4,4
S0368,carfilzomib,5,27 mg/m2,6,6
S0368,lenalidomide,5,25 mg,21,21
S0368,dexamethasone,5,40 mg,4,4
S0368,carfilzomib,6,27 mg/m2,6,6
S0368,lenalidomide,6,25 mg,21,21
S0368,dexamethasone,6,40 mg,4,4
S0368,carfilzomib,7,27 mg/m2,6,6
S0368,lenalidomide,7,25 mg,21,21
S0368,dexamethasone,7,40 mg,4,4
S0368,carfilzomib,8,27 mg/m2,6,6
S0368,lenalidomide,8,25 mg,21,21
S0368,dexamethasone,8,40 mg,4,4
S0368,carfilzomib,9,27 mg/m2,6,6
S0368,lenalidomide,9,25 mg,21,21
S0368,dexamethasone,9,40 mg,4,4
S0368,carfilzomib,10,27 mg/m2,6,6
S0368,lenalidomide,10,25 mg,21,21
S0368,dexamethasone,10,40 mg,4,4
S0368,carfilzomib,11,27 mg/m2,6,6
S0368,lenalidomide,11,25 mg,21,21
S0368,dexamethasone,11,40 mg,4,4
S0368,carfilzomib,12,27 mg/m2,6,6
S0368,lenalidomide,12,25 mg,21,21
S0368,dexamethasone,12,40 mg,4,4
S0369,carfilzomib,1,20 mg/m2 then 56 mg/m2,3,3
S0369,lenalidomide,1,25 mg,21,21
S0369,dexamethasone,1,40 mg,4,4
S0369,carfilzomib,2,56 mg/m2,3,3
S0369,lenalidomide,2,25 mg,21,21
S0369,dexamethasone,2,40 mg,4,4
S0369,carfilzomib,3,56 mg/m2,3,3
S0369,lenalidomide,3,25 mg,21,21
S0369,dexamethasone,3,40 mg,4,4
S0369,carfilzomib,4,56 mg/m2,3,3
S0369,lenalidomide,4,25 mg,21,21
S0369,dexamethasone,4,40 mg,4,4
S0369,carfilzomib,5,56 mg/m2,3,3
S0369,lenalidomide,5,25 mg,21,21
S0369,dexamethasone,5,40 mg,4,4
S0369,carfilzomib,6,56 mg/m2,3,3
S0369,lenalidomide,6,25 mg,21,21
S0369,dexamethasone,6,40 mg,4,4
S0369,carfilzomib,7,56 mg/m2,3,3
S0369,lenalidomide,7,25 mg,21,21
S0369,dexamethasone,7,40 mg,4,4
S0369,carfilzomib,8,56 mg/m2,3,3
S0369,lenalidomide,8,25 mg,21,21
S0369,dexamethasone,8,40 mg,4,4
S0369,carfilzomib,9,56 mg/m2,3,3
S0369,lenalidomide,9,25 mg,21,21
S0369,dexamethasone,9,40 mg,4,4
S0369,carfilzomib,10,56 mg/m2,3,3
S0369,lenalidomide,10,25 mg,21,21
S0369,dexamethasone,10,40 mg,4,4
S0370,carfilzomib,1,20 mg/m2 then 56 mg/m2,3,3
S0370,lenalidomide,1,25 mg,21,21
S0370,dexamethasone,1,40 mg,4,4
S0370,carfilzomib,2,56 mg/m2,3,3
S0370,lenalidomide,2,25 mg,21,21
S0370,dexamethasone,2,40 mg,4,4
S0370,carfilzomib,3,56 mg/m2,3,3
S0370,lenalidomide,3,25 mg,21,21
S0370,dexamethasone,3,40 mg,4,4
S0370,carfilzomib,4,56 mg/m2,3,3
S0370,lenalidomide,4,25 mg,21,21
S0370,dexamethasone,4,40 mg,4,4
S0370,carfilzomib,5,56 mg/m2,3,3
S0370,lenalidomide,5,25 mg,21,21
S0370,dexamethasone,5,40 mg,4,4
S0370,carfilzomib,6,56 mg/m2,3,3
S0370,lenalidomide,6,25 mg,21,21
S0370,dexamethasone,6,40 mg,4,4
S0370,carfilzomib,7,56 mg/m2,3,3
S0370,lenalidomide,7,25 mg,21,21
S0370,dexamethasone,7,40 mg,4,4
S0370,carfilzomib,8,56 mg/m2,3,3
S0370,lenalidomide,8,25 mg,21,21
S0370,dexamethasone,8,40 mg,4,4
S0370,carfilzomib,9,56 mg/m2,3,3
S0370,lenalidomide,9,25 mg,21,21
S0370,dexamethasone,9,40 mg,4,4
S0370,carfilzomib,10,56 mg/m2,3,3
S0370,lenalidomide,10,25 mg,21,21
S0370,dexamethasone,10,40 mg,4,4
S0370,carfilzomib,11,56 mg/m2,3,3
S0370,lenalidomide,11,25 mg,21,21
S0370,dexamethasone,11,40 mg,4,4
S0370,carfilzomib,12,56 mg/m2,3,3
S0370,lenalidomide,12,25 mg,21,21
S0370,dexamethasone,12,40 mg,4,4
S0371,carfilzomib,1,20 mg/m2 then 27 mg/m2,6,6
S0371,lenalidomide,1,25 mg,21,21
S0371,dexamethasone,1,40 mg,4,4
S0371,carfilzomib,2,27 mg/m2,6,6
S0371,lenalidomide,2,25 mg,21,21
S0371,dexamethasone,2,40 mg,4,4
S0371,carfilzomib,3,27 mg/m2,6,6
S0371,lenalidomide,3,25 mg,21,21
S0371,dexamethasone,3,40 mg,4,4
S0371,carfilzomib,4,27 mg/m2,6,6
S0371,lenalidomide,4,25 mg,21,21
S0371,dexamethasone,4,40 mg,4,4
S0371,carfilzomib,5,27 mg/m2,6,6
S0371,lenalidomide,5,25 mg,21,21
S0371,dexamethasone,5,40 mg,4,4
S0371,carfilzomib,6,27 mg/m2,6,6
S0371,lenalidomide,6,25 mg,21,21
S0371,dexamethasone,6,40 mg,4,4
S0371,carfilzomib,7,27 mg/m2,6,6
S0371,lenalidomide,7,25 mg,21,21
S0371,dexamethasone,7,40 mg,4,4
S0371,carfilzomib,8,27 mg/m2,6,6
S0371,lenalidomide,8,25 mg,21,21
S0371,dexamethasone,8,40 mg,4,4
S0371,carfilzomib,9,27 mg/m2,6,6
S0371,lenalidomide,9,25 mg,21,21
S0371,dexamethasone,9,40 mg,4,4
S0371,carfilzomib,10,27 mg/m2,6,6
S0371,lenalidomide,10,25 mg,21,21
S0371,dexamethasone,10,40 mg,4,4
S0371,carfilzomib,11,27 mg/m2,6,6
S0371,lenalidomide,11,25 mg,21,21
S0371,dexamethasone,11,40 mg,4,4
S0371,carfilzomib,12,27 mg/m2,6,6
S0371,lenalidomide,12,25 mg,21,21
S0371,dexamethasone,12,40 mg,4,4
S0372,carfilzomib,1,20 mg/m2 then 56 mg/m2,3,3
S0372,lenalidomide,1,25 mg,21,21
S0372,dexamethasone,1,40 mg,4,4
S0372,carfilzomib,2,56 mg/m2,3,3
S0372,lenalidomide,2,25 mg,21,21
S0372,dexamethasone,2,40 mg,4,4
S0372,carfilzomib,3,56 mg/m2,3,3
S0372,lenalidomide,3,25 mg,21,21
S0372,dexamethasone,3,40 mg,4,4
S0372,carfilzomib,4,56 mg/m2,3,3
S0372,lenalidomide,4,25 mg,21,21
S0372,dexamethasone,4,40 mg,4,4
S0372,carfilzomib,5,56 mg/m2,3,3
S0372,lenalidomide,5,25 mg,21,21
S0372,dexamethasone,5,40 mg,4,4
S0372,carfilzomib,6,56 mg/m2,3,3
S0372,lenalidomide,6,25 mg,21,21
S0372,dexamethasone,6,40 mg,4,4
S0372,carfilzomib,7,56 mg/m2,3,3
S0372,lenalidomide,7,25 mg,21,21
S0372,dexamethasone,7,40 mg,4,4
S0372,carfilzomib,8,56 mg/m2,3,3
S0372,lenalidomide,8,25 mg,21,21
S0372,dexamethasone,8,40 mg,4,4
S0372,carfilzomib,9,56 mg/m2,3,3
S0372,lenalidomide,9,25 mg,21,21
S0372,dexamethasone,9,40 mg,4,4
S0372,carfilzomib,10,56 mg/m2,3,3
S0372,lenalidomide,10,25 mg,21,21
S0372,dexamethasone,10,40 mg,4,4
S0372,carfilzomib,11,56 mg/m2,3,3
S0372,lenalidomide,11,25 mg,21,21
S0372,dexamethasone,11,40 mg,4,4
S0372,carfilzomib,12,56 mg/m2,1,1
S0372,lenalidomide,12,25 mg,1,1
S0372,dexamethasone,12,40 mg,1,1
S0373,carfilzomib,1,20 mg/m2 then 56 mg/m2,3,3
S0373,lenalidomide,1,25 mg,21,21
S0373,dexamethasone,1,40 mg,4,4
S0373,carfilzomib,2,56 mg/m2,3,3
S0373,lenalidomide,2,25 mg,21,21
S0373,dexamethasone,2,40 mg,4,4
S0373,carfilzomib,3,56 mg/m2,3,3
S0373,lenalidomide,3,25 mg,21,21
S0373,dexamethasone,3,40 mg,4,4
S0373,carfilzomib,4,56 mg/m2,3,3
S0373,lenalidomide,4,25 mg,21,21
S0373,dexamethasone,4,40 mg,4,4
S0373,carfilzomib,5,56 mg/m2,3,3
S0373,lenalidomide,5,25 mg,21,21
S0373,dexamethasone,5,40 mg,4,4
S0373,carfilzomib,6,56 mg/m2,3,2
S0373,lenalidomide,6,25 mg,21,21
S0373,dexamethasone,6,40 mg,4,4
S0373,carfilzomib,7,56 mg/m2,3,3
S0373,lenalidomide,7,25 mg,21,21
S0373,dexamethasone,7,40 mg,4,4
S0373,carfilzomib,8,56 mg/m2,3,3
S0373,lenalidomide,8,25 mg,21,21
S0373,dexamethasone,8,40 mg,4,4
S0373,carfilzomib,9,56 mg/m2,3,2
S0373,lenalidomide,9,25 mg,21,21
S0373,dexamethasone,9,40 mg,4,4
S0373,carfilzomib,10,56 mg/m2,3,3
S0373,lenalidomide,10,25 mg,21,21
S0373,dexamethasone,10,40 mg,4,4
S0373,carfilzomib,11,56 mg/m2,3,3
S0373,lenalidomide,11,25 mg,21,21
S0373,dexamethasone,11,40 mg,4,4
S0373,carfilzomib,12,56 mg/m2,3,3
S0373,lenalidomide,12,25 mg,21,21
S0373,dexamethasone,12,40 mg,4,4
S0374,carfilzomib,1,20 mg/m2 then 56 mg/m2,3,3
S0374,lenalidomide,1,25 mg,21,21
S0374,dexamethasone,1,40 mg,4,4
S0374,carfilzomib,2,56 mg/m2,3,3
S0374,lenalidomide,2,25 mg,21,21
S0374,dexamethasone,2,40 mg,4,4
S0374,carfilzomib,3,56 mg/m2,3,3
S0374,lenalidomide,3,25 mg,21,21
S0374,dexamethasone,3,40 mg,4,4
S0374,carfilzomib,4,56 mg/m2,3,3
S0374,lenalidomide,4,25 mg,21,21
S0374,dexamethasone,4,40 mg,4,4
S0374,carfilzomib,5,56 mg/m2,3,3
S0374,lenalidomide,5,25 mg,21,21
S0374,dexamethasone,5,40 mg,4,4
S0374,carfilzomib,6,56 mg/m2,3,2
S0374,lenalidomide,6,25 mg,21,21
S0374,dexamethasone,6,40 mg,4,4
S0374,carfilzomib,7,56 mg/m2,3,3
S0374,lenalidomide,7,25 mg,21,21
S0374,dexamethasone,7,40 mg,4,4
S0374,carfilzomib,8,56 mg/m2,3,3
S0374,lenalidomide,8,25 mg,21,21
S0374,dexamethasone,8,40 mg,4,4
S0374,carfilzomib,9,56 mg/m2,3,3
S0374,lenalidomide,9,25 mg,21,21
S0374,dexamethasone,9,40 mg,4,4
S0374,carfilzomib,10,56 mg/m2,3,3
S0374,lenalidomide,10,25 mg,21,21
S0374,dexamethasone,10,40 mg,4,4
S0374,carfilzomib,11,56 mg/m2,3,3
S0374,lenalidomide,11,25 mg,21,21
S0374,dexamethasone,11,40 mg,4,4
S0374,carfilzomib,12,56 mg/m2,3,3
S0374,lenalidomide,12,25 mg,21,21
S0374,dexamethasone,12,40 mg,4,4
S0375,carfilzomib,1,20 mg/m2 then 27 mg/m2,6,6
S0375,lenalidomide,1,25 mg,21,21
S0375,dexamethasone,1,40 mg,4,4
S0375,carfilzomib,2,27 mg/m2,6,6
S0375,lenalidomide,2,25 mg,21,21
S0375,dexamethasone,2,40 mg,4,4
S0375,carfilzomib,3,27 mg/m2,6,6
S0375,lenalidomide,3,25 mg,21,21
S0375,dexamethasone,3,40 mg,4,4
S0375,carfilzomib,4,27 mg/m2,6,6
S0375,lenalidomide,4,25 mg,21,21
S0375,dexamethasone,4,40 mg,4,4
S0375,carfilzomib,5,27 mg/m2,6,6
S0375,lenalidomide,5,25 mg,21,21
S0375,dexamethasone,5,40 mg,4,4
S0375,carfilzomib,6,27 mg/m2,6,6
S0375,lenalidomide,6,25 mg,20,20
S0375,dexamethasone,6,40 mg,3,3
S0376,carfilzomib,1,20 mg/m2 then 27 mg/m2,6,6
S0376,lenalidomide,1,25 mg,21,21
S0376,dexamethasone,1,40 mg,4,4
S0376,carfilzomib,2,27 mg/m2,6,6
S0376,lenalidomide,2,25 mg,21,21
S0376,dexamethasone,2,40 mg,4,4
S0376,carfilzomib,3,27 mg/m2,6,5
S0376,lenalidomide,3,25 mg,21,21
S0376,dexamethasone,3,40 mg,4,4
S0376,carfilzomib,4,27 mg/m2,6,6
S0376,lenalidomide,4,25 mg,21,21
S0376,dexamethasone,4,40 mg,4,4
S0376,carfilzomib,5,27 mg/m2,6,6
S0376,lenalidomide,5,25 mg,21,21
S0376,dexamethasone,5,40 mg,4,4
S0376,carfilzomib,6,27 mg/m2,6,6
S0376,lenalidomide,6,25 mg,21,21
S0376,dexamethasone,6,40 mg,4,4
S0376,carfilzomib,7,27 mg/m2,6,6
S0376,lenalidomide,7,25 mg,21,21
S0376,dexamethasone,7,40 mg,4,4
S0376,carfilzomib,8,27 mg/m2,6,6
S0376,lenalidomide,8,25 mg,21,21
S0376,dexamethasone,8,40 mg,4,4
S0376,carfilzomib,9,27 mg/m2,6,6
S0376,lenalidomide,9,25 mg,21,21
S0376,dexamethasone,9,40 mg,4,4
S0376,carfilzomib,10,27 mg/m2,6,6
S0376,lenalidomide,10,25 mg,21,21
S0376,dexamethasone,10,40 mg,4,4
S0376,carfilzomib,11,27 mg/m2,6,6
S0376,lenalidomide,11,25 mg,21,21
S0376,dexamethasone,11,40 mg,4,4
S0376,carfilzomib,12,27 mg/m2,6,5
S0376,lenalidomide,12,25 mg,21,21
S0376,dexamethasone,12,40 mg,4,4
S0377,carfilzomib,1,20 mg/m2 then 56 mg/m2,3,3
S0377,lenalidomide,1,25 mg,21,21
S0377,dexamethasone,1,40 mg,4,4
S0377,carfilzomib,2,56 mg/m2,3,3
S0377,lenalidomide,2,25 mg,21,21
S0377,dexamethasone,2,40 mg,4,4
S0377,carfilzomib,3,56 mg/m2,3,3
S0377,lenalidomide,3,25 mg,21,21
S0377,dexamethasone,3,40 mg,4,4
S0377,carfilzomib,4,56 mg/m2,3,3
S0377,lenalidomide,4,25 mg,21,21
S0377,dexamethasone,4,40 mg,4,4
S0377,carfilzomib,5,56 mg/m2,3,3
S0377,lenalidomide,5,25 mg,21,21
S0377,dexamethasone,5,40 mg,4,4
S0377,carfilzomib,6,56 mg/m2,3,3
S0377,lenalidomide,6,25 mg,21,21
S0377,dexamethasone,6,40 mg,4,4
S0377,carfilzomib,7,56 mg/m2,3,3
S0377,lenalidomide,7,25 mg,21,21
S0377,dexamethasone,7,40 mg,4,4
S0377,carfilzomib,8,56 mg/m2,1,1
S0377,lenalidomide,8,25 mg,1,1
S0377,dexamethasone,8,40 mg,1,1
S0378,carfilzomib,1,20 mg/m2 then 27 mg/m2,6,6
S0378,lenalidomide,1,25 mg,21,21
S0378,dexamethasone,1,40 mg,4,4
S0378,carfilzomib,2,27 mg/m2,6,6
S0378,lenalidomide,2,25 mg,21,21
S0378,dexamethasone,2,40 mg,4,4
S0378,carfilzomib,3,27 mg/m2,6,6
S0378,lenalidomide,3,25 mg,21,21
S0378,dexamethasone,3,40 mg,4,4
S0378,carfilzomib,4,27 mg/m2,6,6
S0378,lenalidomide,4,25 mg,21,21
S0378,dexamethasone,4,40 mg,4,4
S0378,carfilzomib,5,27 mg/m2,6,6
S0378,lenalidomide,5,25 mg,21,21
S0378,dexamethasone,5,40 mg,4,4
S0378,carfilzomib,6,27 mg/m2,6,6
S0378,lenalidomide,6,25 mg,21,21
S0378,dexamethasone,6,40 mg,4,4
S0378,carfilzomib,7,27 mg/m2,6,6
S0378,lenalidomide,7,25 mg,21,21
S0378,dexamethasone,7,40 mg,4,4
S0378,carfilzomib,8,27 mg/m2,6,6
S0378,lenalidomide,8,25 mg,21,21
S0378,dexamethasone,8,40 mg,4,4
S0378,carfilzomib,9,27 mg/m2,6,6
S0378,lenalidomide,9,25 mg,21,21
S0378,dexamethasone,9,40 mg,4,4
S0378,carfilzomib,10,27 mg/m2,6,6
S0378,lenalidomide,10,25 mg,21,21
S0378,dexamethasone,10,40 mg,4,4
S0378,carfilzomib,11,27 mg/m2,6,6
S0378,lenalidomide,11,25 mg,21,21
S0378,dexamethasone,11,40 mg,4,4
S0378,carfilzomib,12,27 mg/m2,6,6
S0378,lenalidomide,12,25 mg,21,21
S0378,dexamethasone,12,40 mg,4,4
S0379,carfilzomib,1,20 mg/m2 then 56 mg/m2,3,3
S0379,lenalidomide,1,25 mg,21,21
S0379,dexamethasone,1,40 mg,4,4
S0379,carfilzomib,2,56 mg/m2,3,3
S0379,lenalidomide,2,25 mg,21,21
S0379,dexamethasone,2,40 mg,4,4
S0379,carfilzomib,3,56 mg/m2,3,3
S0379,lenalidomide,3,25 mg,21,21
S0379,dexamethasone,3,40 mg,4,4
S0379,carfilzomib,4,56 mg/m2,3,3
S0379,lenalidomide,4,25 mg,21,21
S0379,dexamethasone,4,40 mg,4,4
S0379,carfilzomib,5,56 mg/m2,3,3
S0379,lenalidomide,5,25 mg,21,21
S0379,dexamethasone,5,40 mg,4,4
S0379,carfilzomib,6,56 mg/m2,3,3
S0379,lenalidomide,6,25 mg,21,21
S0379,dexamethasone,6,40 mg,4,4
S0379,carfilzomib,7,56 mg/m2,3,3
S0379,lenalidomide,7,25 mg,21,21
S0379,dexamethasone,7,40 mg,4,4
S0379,carfilzomib,8,56 mg/m2,3,3
S0379,lenalidomide,8,25 mg,21,21
S0379,dexamethasone,8,40 mg,4,4
S0379,carfilzomib,9,56 mg/m2,3,3
S0379,lenalidomide,9,25 mg,21,21
S0379,dexamethasone,9,40 mg,4,4
S0379,carfilzomib,10,56 mg/m2,3,3
S0379,lenalidomide,10,25 mg,21,21
S0379,dexamethasone,10,40 mg,4,4
S0379,carfilzomib,11,56 mg/m2,3,3
S0379,lenalidomide,11,25 mg,21,21
S0379,dexamethasone,11,40 mg,4,4
S0379,carfilzomib,12,56 mg/m2,3,3
S0379,lenalidomide,12,25 mg,21,21
S0379,dexamethasone,12,40 mg,4,4
S0380,carfilzomib,1,20 mg/m2 then 56 mg/m2,3,3
S0380,lenalidomide,1,25 mg,21,21
S0380,dexamethasone,1,40 mg,4,4
S0380,carfilzomib,2,56 mg/m2,3,3
S0380,lenalidomide,2,25 mg,21,21
S0380,dexamethasone,2,40 mg,4,4
S0380,carfilzomib,3,56 mg/m2,3,2
S0380,lenalidomide,3,25 mg,21,21
S0380,dexamethasone,3,40 mg,4,4
S0380,carfilzomib,4,56 mg/m2,3,3
S0380,lenalidomide,4,25 mg,21,21
S0380,dexamethasone,4,40 mg,4,4
S0380,carfilzomib,5,56 mg/m2,3,3
S0380,lenalidomide,5,25 mg,21,21
S0380,dexamethasone,5,40 mg,4,4
S0380,carfilzomib,6,56 mg/m2,3,3
S0380,lenalidomide,6,25 mg,21,21
S0380,dexamethasone,6,40 mg,4,4
S0380,carfilzomib,7,56 mg/m2,3,3
S0380,lenalidomide,7,25 mg,21,21
S0380,dexamethasone,7,40 mg,4,4
S0380,carfilzomib,8,56 mg/m2,3,3
S0380,lenalidomide,8,25 mg,21,21
S0380,dexamethasone,8,40 mg,4,4
S0380,carfilzomib,9,56 mg/m2,3,3
S0380,lenalidomide,9,25 mg,21,21
S0380,dexamethasone,9,40 mg,4,4
S0380,carfilzomib,10,56 mg/m2,3,2
S0380,lenalidomide,10,25 mg,21,21
S0380,dexamethasone,10,40 mg,4,4
S0380,carfilzomib,11,56 mg/m2,3,3
S0380,lenalidomide,11,25 mg,21,21
S0380,dexamethasone,11,40 mg,4,4
S0380,carfilzomib,12,56 mg/m2,3,2
S0380,lenalidomide,12,25 mg,21,21
S0380,dexamethasone,12,40 mg,4,4
S0381,carfilzomib,1,20 mg/m2 then 27 mg/m2,6,6
S0381,lenalidomide,1,25 mg,21,21
S0381,dexamethasone,1,40 mg,4,4
S0381,carfilzomib,2,27 mg/m2,1,0
S0381,lenalidomide,2,25 mg,1,1
S0381,dexamethasone,2,40 mg,1,1
S0382,carfilzomib,1,20 mg/m2 then 56 mg/m2,3,3
S0382,lenalidomide,1,25 mg,21,21
S0382,dexamethasone,1,40 mg,4,4
S0382,carfilzomib,2,56 mg/m2,3,3
S0382,lenalidomide,2,25 mg,21,21
S0382,dexamethasone,2,40 mg,4,4
S0382,carfilzomib,3,56 mg/m2,3,3
S0382,lenalidomide,3,25 mg,21,21
S0382,dexamethasone,3,40 mg,4,4
S0382,carfilzomib,4,56 mg/m2,3,2
S0382,lenalidomide,4,25 mg,21,21
S0382,dexamethasone,4,40 mg,4,4
S0382,carfilzomib,5,56 mg/m2,3,3
S0382,lenalidomide,5,25 mg,21,21
S0382,dexamethasone,5,40 mg,4,4
S0382,carfilzomib,6,56 mg/m2,3,3
S0382,lenalidomide,6,25 mg,21,21
S0382,dexamethasone,6,40 mg,4,4
S0382,carfilzomib,7,56 mg/m2,3,3
S0382,lenalidomide,7,25 mg,21,21
S0382,dexamethasone,7,40 mg,4,4
S0382,carfilzomib,8,56 mg/m2,3,3
S0382,lenalidomide,8,25 mg,21,21
S0382,dexamethasone,8,40 mg,4,4
S0382,carfilzomib,9,56 mg/m2,3,3
S0382,lenalidomide,9,25 mg,21,21
S0382,dexamethasone,9,40 mg,4,4
S0382,carfilzomib,10,56 mg/m2,3,3
S0382,lenalidomide,10,25 mg,21,21
S0382,dexamethasone,10,40 mg,4,4
S0382,carfilzomib,11,56 mg/m2,3,3
S0382,lenalidomide,11,25 mg,21,21
S0382,dexamethasone,11,40 mg,4,4
S0382,carfilzomib,12,56 mg/m2,3,3
S0382,lenalidomide,12,25 mg,21,21
S0382,dexamethasone,12,40 mg,4,4
S0383,carfilzomib,1,20 mg/m2 then 27 mg/m2,6,6
S0383,lenalidomide,1,25 mg,21,21
S0383,dexamethasone,1,40 mg,4,4
S0383,carfilzomib,2,27 mg/m2,6,6
S0383,lenalidomide,2,25 mg,21,21
S0383,dexamethasone,2,40 mg,4,4
S0383,carfilzomib,3,27 mg/m2,6,6
S0383,lenalidomide,3,25 mg,21,21
S0383,dexamethasone,3,40 mg,4,4
S0383,carfilzomib,4,27 mg/m2,6,6
S0383,lenalidomide,4,25 mg,21,21
S0383,dexamethasone,4,40 mg,4,4
S0383,carfilzomib,5,27 mg/m2,6,6
S0383,lenalidomide,5,25 mg,21,21
S0383,dexamethasone,5,40 mg,4,4
S0383,carfilzomib,6,27 mg/m2,6,6
S0383,lenalidomide,6,25 mg,21,21
S0383,dexamethasone,6,40 mg,4,4
S0383,carfilzomib,7,27 mg/m2,6,6
S0383,lenalidomide,7,25 mg,21,21
S0383,dexamethasone,7,40 mg,4,4
S0383,carfilzomib,8,27 mg/m2,6,6
S0383,lenalidomide,8,25 mg,21,21
S0383,dexamethasone,8,40 mg,4,4
S0383,carfilzomib,9,27 mg/m2,6,5
S0383,lenalidomide,9,25 mg,21,21
S0383,dexamethasone,9,40 mg,4,4
S0383,carfilzomib,10,27 mg/m2,6,6
S0383,lenalidomide,10,25 mg,21,21
S0383,dexamethasone,10,40 mg,4,4
S0383,carfilzomib,11,27 mg/m2,6,6
S0383,lenalidomide,11,25 mg,21,21
S0383,dexamethasone,11,40 mg,4,4
S0383,carfilzomib,12,27 mg/m2,6,6
S0383,lenalidomide,12,25 mg,21,21
S0383,dexamethasone,12,40 mg,4,4
S0384,carfilzomib,1,20 mg/m2 then 56 mg/m2,3,3
S0384,lenalidomide,1,25 mg,21,21
S0384,dexamethasone,1,40 mg,4,4
S0384,carfilzomib,2,56 mg/m2,3,2
S0384,lenalidomide,2,25 mg,21,21
S0384,dexamethasone,2,40 mg,4,4
S0385,carfilzomib,1,20 mg/m2 then 56 mg/m2,3,3
S0385,lenalidomide,1,25 mg,21,21
S0385,dexamethasone,1,40 mg,4,4
S0385,carfilzomib,2,56 mg/m2,3,3
S0385,lenalidomide,2,25 mg,21,21
S0385,dexamethasone,2,40 mg,4,4
S0385,carfilzomib,3,56 mg/m2,3,3
S0385,lenalidomide,3,25 mg,21,21
S0385,dexamethasone,3,40 mg,4,4
S0385,carfilzomib,4,56 mg/m2,3,3
S0385,lenalidomide,4,25 mg,21,21
S0385,dexamethasone,4,40 mg,4,4
S0385,carfilzomib,5,56 mg/m2,3,3
S0385,lenalidomide,5,25 mg,21,21
S0385,dexamethasone,5,40 mg,4,4
S0385,carfilzomib,6,56 mg/m2,3,3
S0385,lenalidomide,6,25 mg,21,21
S0385,dexamethasone,6,40 mg,4,4
S0385,carfilzomib,7,56 mg/m2,3,3
S0385,lenalidomide,7,25 mg,21,21
S0385,dexamethasone,7,40 mg,4,4
S0385,carfilzomib,8,56 mg/m2,3,3
S0385,lenalidomide,8,25 mg,21,21
S0385,dexamethasone,8,40 mg,4,4
S0385,carfilzomib,9,56 mg/m2,3,3
S0385,lenalidomide,9,25 mg,21,21
S0385,dexamethasone,9,40 mg,4,4
S0385,carfilzomib,10,56 mg/m2,1,1
S0385,lenalidomide,10,25 mg,1,1
S0385,dexamethasone,10,40 mg,1,1
S0386,carfilzomib,1,20 mg/m2 then 56 mg/m2,3,3
S0386,lenalidomide,1,25 mg,21,21
S0386,dexamethasone,1,40 mg,4,4
S0386,carfilzomib,2,56 mg/m2,3,3
S0386,lenalidomide,2,25 mg,21,21
S0386,dexamethasone,2,40 mg,4,4
S0386,carfilzomib,3,56 mg/m2,3,3
S0386,lenalidomide,3,25 mg,21,21
S0386,dexamethasone,3,40 mg,4,4
S0386,carfilzomib,4,56 mg/m2,3,3
S0386,lenalidomide,4,25 mg,21,21
S0386,dexamethasone,4,40 mg,4,4
S0386,carfilzomib,5,56 mg/m2,3,3
S0386,lenalidomide,5,25 mg,21,21
S0386,dexamethasone,5,40 mg,4,4
S0386,carfilzomib,6,56 mg/m2,3,3
S0386,lenalidomide,6,25 mg,21,21
S0386,dexamethasone,6,40 mg,4,4
S0386,carfilzomib,7,56 mg/m2,3,3
S0386,lenalidomide,7,25 mg,21,21
S0386,dexamethasone,7,40 mg,4,4
S0386,carfilzomib,8,56 mg/m2,3,3
S0386,lenalidomide,8,25 mg,21,21
S0386,dexamethasone,8,40 mg,4,4
S0386,carfilzomib,9,56 mg/m2,3,3
S0386,lenalidomide,9,25 mg,21,21
S0386,dexamethasone,9,40 mg,4,4
S0386,carfilzomib,10,56 mg/m2,3,3
S0386,lenalidomide,10,25 mg,21,21
S0386,dexamethasone,10,40 mg,4,4
S0386,carfilzomib,11,56 mg/m2,3,3
S0386,lenalidomide,11,25 mg,21,21
S0386,dexamethasone,11,40 mg,4,4
S0386,carfilzomib,12,56 mg/m2,3,3
S0386,lenalidomide,12,25 mg,21,21
S0386,dexamethasone,12,40 mg,4,4
S0387,carfilzomib,1,20 mg/m2 then 27 mg/m2,6,6
S0387,lenalidomide,1,25 mg,21,21
S0387,dexamethasone,1,40 mg,4,4
S0387,carfilzomib,2,27 mg/m2,6,6
S0387,lenalidomide,2,25 mg,21,21
S0387,dexamethasone,2,40 mg,4,4
S0387,carfilzomib,3,27 mg/m2,6,6
S0387,lenalidomide,3,25 mg,21,21
S0387,dexamethasone,3,40 mg,4,4
S0387,carfilzomib,4,27 mg/m2,6,6
S0387,lenalidomide,4,25 mg,21,21
S0387,dexamethasone,4,40 mg,4,4
S0387,carfilzomib,5,27 mg/m2,6,6
S0387,lenalidomide,5,25 mg,21,21
S0387,dexamethasone,5,40 mg,4,4
S0387,carfilzomib,6,27 mg/m2,6,6
S0387,lenalidomide,6,25 mg,21,21
S0387,dexamethasone,6,40 mg,4,4
S0387,carfilzomib,7,27 mg/m2,6,6
S0387,lenalidomide,7,25 mg,21,21
S0387,dexamethasone,7,40 mg,4,4
S0387,carfilzomib,8,27 mg/m2,6,5
S0387,lenalidomide,8,25 mg,21,21
S0387,dexamethasone,8,40 mg,4,4
S0387,carfilzomib,9,27 mg/m2,6,6
S0387,lenalidomide,9,25 mg,21,21
S0387,dexamethasone,9,40 mg,4,4
S0387,carfilzomib,10,27 mg/m2,6,6
S0387,lenalidomide,10,25 mg,21,21
S0387,dexamethasone,10,40 mg,4,4
S0387,carfilzomib,11,27 mg/m2,6,6
S0387,lenalidomide,11,25 mg,21,21
S0387,dexamethasone,11,40 mg,4,4
S0387,carfilzomib,12,27 mg/m2,6,6
S0387,lenalidomide,12,25 mg,21,21
S0387,dexamethasone,12,40 mg,4,4
S0388,carfilzomib,1,20 mg/m2 then 56 mg/m2,3,3
S0388,lenalidomide,1,25 mg,21,21
S0388,dexamethasone,1,40 mg,4,4
S0388,carfilzomib,2,56 mg/m2,3,3
S0388,lenalidomide,2,25 mg,21,21
S0388,dexamethasone,2,40 mg,4,4
S0388,carfilzomib,3,56 mg/m2,3,3
S0388,lenalidomide,3,25 mg,21,21
S0388,dexamethasone,3,40 mg,4,4
S0389,carfilzomib,1,20 mg/m2 then 27 mg/m2,6,6
S0389,lenalidomide,1,25 mg,21,21
S0389,dexamethasone,1,40 mg,4,4
S0389,carfilzomib,2,27 mg/m2,6,5
S0389,lenalidomide,2,25 mg,21,21
S0389,dexamethasone,2,40 mg,4,4
S0389,carfilzomib,3,27 mg/m2,6,6
S0389,lenalidomide,3,25 mg,21,21
S0389,dexamethasone,3,40 mg,4,4
S0389,carfilzomib,4,27 mg/m2,6,6
S0389,lenalidomide,4,25 mg,21,21
S0389,dexamethasone,4,40 mg,4,4
S0389,carfilzomib,5,27 mg/m2,6,6
S0389,lenalidomide,5,25 mg,21,21
S0389,dexamethasone,5,40 mg,4,4
S0389,carfilzomib,6,27 mg/m2,6,6
S0389,lenalidomide,6,25 mg,21,21
S0389,dexamethasone,6,40 mg,4,4
S0389,carfilzomib,7,27 mg/m2,6,6
S0389,lenalidomide,7,25 mg,21,21
S0389,dexamethasone,7,40 mg,4,4
S0389,carfilzomib,8,27 mg/m2,6,4
S0389,lenalidomide,8,25 mg,21,21
S0389,dexamethasone,8,40 mg,4,4
S0389,carfilzomib,9,27 mg/m2,6,6
S0389,lenalidomide,9,25 mg,21,21
S0389,dexamethasone,9,40 mg,4,4
S0389,carfilzomib,10,27 mg/m2,6,6
S0389,lenalidomide,10,25 mg,21,21
S0389,dexamethasone,10,40 mg,4,4
S0389,carfilzomib,11,27 mg/m2,6,6
S0389,lenalidomide,11,25 mg,21,21
S0389,dexamethasone,11,40 mg,4,4
S0389,carfilzomib,12,27 mg/m2,6,6
S0389,lenalidomide,12,25 mg,21,21
S0389,dexamethasone,12,40 mg,4,4
S0390,carfilzomib,1,20 mg/m2 then 27 mg/m2,6,6
S0390,lenalidomide,1,25 mg,21,21
S0390,dexamethasone,1,40 mg,4,4
S0390,carfilzomib,2,27 mg/m2,6,6
S0390,lenalidomide,2,25 mg,21,21
S0390,dexamethasone,2,40 mg,4,4
S0390,carfilzomib,3,27 mg/m2,6,6
S0390,lenalidomide,3,25 mg,21,21
S0390,dexamethasone,3,40 mg,4,4
S0390,carfilzomib,4,27 mg/m2,6,6
S0390,lenalidomide,4,25 mg,21,21
S0390,dexamethasone,4,40 mg,4,4
S0390,carfilzomib,5,27 mg/m2,6,6
S0390,lenalidomide,5,25 mg,21,21
S0390,dexamethasone,5,40 mg,4,4
S0390,carfilzomib,6,27 mg/m2,6,6
S0390,lenalidomide,6,25 mg,21,21
S0390,dexamethasone,6,40 mg,4,4
S0390,carfilzomib,7,27 mg/m2,6,6
S0390,lenalidomide,7,25 mg,21,21
S0390,dexamethasone,7,40 mg,4,4
S0390,carfilzomib,8,27 mg/m2,6,6
S0390,lenalidomide,8,25 mg,21,21
S0390,dexamethasone,8,40 mg,4,4
S0390,carfilzomib,9,27 mg/m2,6,6
S0390,lenalidomide,9,25 mg,21,21
S0390,dexamethasone,9,40 mg,4,4
S0390,carfilzomib,10,27 mg/m2,6,6
S0390,lenalidomide,10,25 mg,21,21
S0390,dexamethasone,10,40 mg,4,4
S0390,carfilzomib,11,27 mg/m2,6,6
S0390,lenalidomide,11,25 mg,21,21
S0390,dexamethasone,11,40 mg,4,4
S0390,carfilzomib,12,27 mg/m2,1,1
S0390,lenalidomide,12,25 mg,1,1
S0390,dexamethasone,12,40 mg,1,1
S0391,carfilzomib,1,20 mg/m2 then 27 mg/m2,6,6
S0391,lenalidomide,1,25 mg,21,21
S0391,dexamethasone,1,40 mg,4,4
S0391,carfilzomib,2,27 mg/m2,6,6
S0391,lenalidomide,2,25 mg,21,21
S0391,dexamethasone,2,40 mg,4,4
S0391,carfilzomib,3,27 mg/m2,6,6
S0391,lenalidomide,3,25 mg,21,21
S0391,dexamethasone,3,40 mg,4,4
S0391,carfilzomib,4,27 mg/m2,6,6
S0391,lenalidomide,4,25 mg,21,21
S0391,dexamethasone,4,40 mg,4,4
S0391,carfilzomib,5,27 mg/m2,6,6
S0391,lenalidomide,5,25 mg,21,21
S0391,dexamethasone,5,40 mg,4,4
S0391,carfilzomib,6,27 mg/m2,6,6
S0391,lenalidomide,6,25 mg,21,21
S0391,dexamethasone,6,40 mg,4,4
S0391,carfilzomib,7,27 mg/m2,6,6
S0391,lenalidomide,7,25 mg,21,21
S0391,dexamethasone,7,40 mg,4,4
S0391,carfilzomib,8,27 mg/m2,6,6
S0391,lenalidomide,8,25 mg,21,21
S0391,dexamethasone,8,40 mg,4,4
S0391,carfilzomib,9,27 mg/m2,6,6
S0391,lenalidomide,9,25 mg,21,21
S0391,dexamethasone,9,40 mg,4,4
S0391,carfilzomib,10,27 mg/m2,6,6
S0391,lenalidomide,10,25 mg,21,21
S0391,dexamethasone,10,40 mg,4,4
S0391,carfilzomib,11,27 mg/m2,6,6
S0391,lenalidomide,11,25 mg,21,21
S0391,dexamethasone,11,40 mg,4,4
S0391,carfilzomib,12,27 mg/m2,1,1
S0391,lenalidomide,12,25 mg,1,1
S0391,dexamethasone,12,40 mg,1,1
S0392,carfilzomib,1,20 mg/m2 then 56 mg/m2,3,3
S0392,lenalidomide,1,25 mg,21,21
S0392,dexamethasone,1,40 mg,4,4
S0392,carfilzomib,2,56 mg/m2,3,3
S0392,lenalidomide,2,25 mg,21,21
S0392,dexamethasone,2,40 mg,4,4
S0392,carfilzomib,3,56 mg/m2,3,3
S0392,lenalidomide,3,25 mg,21,21
S0392,dexamethasone,3,40 mg,4,4
S0392,carfilzomib,4,56 mg/m2,3,3
S0392,lenalidomide,4,25 mg,21,21
S0392,dexamethasone,4,40 mg,4,4
S0392,carfilzomib,5,56 mg/m2,3,3
S0392,lenalidomide,5,25 mg,21,21
S0392,dexamethasone,5,40 mg,4,4
S0392,carfilzomib,6,56 mg/m2,3,2
S0392,lenalidomide,6,25 mg,21,21
S0392,dexamethasone,6,40 mg,4,4
S0392,carfilzomib,7,56 mg/m2,3,2
S0392,lenalidomide,7,25 mg,21,21
S0392,dexamethasone,7,40 mg,4,4
S0392,carfilzomib,8,56 mg/m2,3,3
S0392,lenalidomide,8,25 mg,21,21
S0392,dexamethasone,8,40 mg,4,4
S0392,carfilzomib,9,56 mg/m2,3,3
S0392,lenalidomide,9,25 mg,21,21
S0392,dexamethasone,9,40 mg,4,4
S0392,carfilzomib,10,56 mg/m2,3,2
S0392,lenalidomide,10,25 mg,21,21
S0392,dexamethasone,10,40 mg,4,4
S0392,carfilzomib,11,56 mg/m2,3,3
S0392,lenalidomide,11,25 mg,21,21
S0392,dexamethasone,11,40 mg,4,4
S0392,carfilzomib,12,56 mg/m2,3,3
S0392,lenalidomide,12,25 mg,21,21
S0392,dexamethasone,12,40 mg,4,4
S0393,carfilzomib,1,20 mg/m2 then 56 mg/m2,3,3
S0393,lenalidomide,1,25 mg,21,21
S0393,dexamethasone,1,40 mg,4,4
S0393,carfilzomib,2,56 mg/m2,3,3
S0393,lenalidomide,2,25 mg,21,21
S0393,dexamethasone,2,40 mg,4,4
S0393,carfilzomib,3,56 mg/m2,3,3
S0393,lenalidomide,3,25 mg,21,21
S0393,dexamethasone,3,40 mg,4,4
S0393,carfilzomib,4,56 mg/m2,3,3
S0393,lenalidomide,4,25 mg,21,21
S0393,dexamethasone,4,40 mg,4,4
S0393,carfilzomib,5,56 mg/m2,3,3
S0393,lenalidomide,5,25 mg,21,21
S0393,dexamethasone,5,40 mg,4,4
S0393,carfilzomib,6,56 mg/m2,3,3
S0393,lenalidomide,6,25 mg,21,21
S0393,dexamethasone,6,40 mg,4,4
S0393,carfilzomib,7,56 mg/m2,3,3
S0393,lenalidomide,7,25 mg,21,21
S0393,dexamethasone,7,40 mg,4,4
S0393,carfilzomib,8,56 mg/m2,3,3
S0393,lenalidomide,8,25 mg,21,21
S0393,dexamethasone,8,40 mg,4,4
S0393,carfilzomib,9,56 mg/m2,3,3
S0393,lenalidomide,9,25 mg,21,21
S0393,dexamethasone,9,40 mg,4,4
S0393,carfilzomib,10,56 mg/m2,3,3
S0393,lenalidomide,10,25 mg,21,21
S0393,dexamethasone,10,40 mg,4,4
S0393,carfilzomib,11,56 mg/m2,3,3
S0393,lenalidomide,11,25 mg,21,21
S0393,dexamethasone,11,40 mg,4,4
S0393,carfilzomib,12,56 mg/m2,3,3
S0393,lenalidomide,12,25 mg,21,21
S0393,dexamethasone,12,40 mg,4,4
S0394,carfilzomib,1,20 mg/m2 then 56 mg/m2,3,3
S0394,lenalidomide,1,25 mg,21,21
S0394,dexamethasone,1,40 mg,4,4
S0394,carfilzomib,2,56 mg/m2,3,3
S0394,lenalidomide,2,25 mg,21,21
S0394,dexamethasone,2,40 mg,4,4
S0394,carfilzomib,3,56 mg/m2,3,2
S0394,lenalidomide,3,25 mg,21,21
S0394,dexamethasone,3,40 mg,4,4
S0394,carfilzomib,4,56 mg/m2,3,3
S0394,lenalidomide,4,25 mg,21,21
S0394,dexamethasone,4,40 mg,4,4
S0394,carfilzomib,5,56 mg/m2,3,3
S0394,lenalidomide,5,25 mg,21,21
S0394,dexamethasone,5,40 mg,4,4
S0394,carfilzomib,6,56 mg/m2,3,3
S0394,lenalidomide,6,25 mg,21,21
S0394,dexamethasone,6,40 mg,4,4
S0394,carfilzomib,7,56 mg/m2,3,3
S0394,lenalidomide,7,25 mg,21,21
S0394,dexamethasone,7,40 mg,4,4
S0394,carfilzomib,8,56 mg/m2,1,1
S0394,lenalidomide,8,25 mg,1,1
S0394,dexamethasone,8,40 mg,1,1
S0395,carfilzomib,1,20 mg/m2 then 56 mg/m2,3,3
S0395,lenalidomide,1,25 mg,21,21
S0395,dexamethasone,1,40 mg,4,4
S0395,carfilzomib,2,56 mg/m2,3,3
S0395,lenalidomide,2,25 mg,21,21
S0395,dexamethasone,2,40 mg,4,4
S0395,carfilzomib,3,56 mg/m2,3,3
S0395,lenalidomide,3,25 mg,21,21
S0395,dexamethasone,3,40 mg,4,4
S0395,carfilzomib,4,56 mg/m2,3,3
S0395,lenalidomide,4,25 mg,21,21
S0395,dexamethasone,4,40 mg,4,4
S0395,carfilzomib,5,56 mg/m2,3,3
S0395,lenalidomide,5,25 mg,21,21
S0395,dexamethasone,5,40 mg,4,4
S0395,carfilzomib,6,56 mg/m2,3,3
S0395,lenalidomide,6,25 mg,21,21
S0395,dexamethasone,6,40 mg,4,4
S0395,carfilzomib,7,56 mg/m2,3,3
S0395,lenalidomide,7,25 mg,21,21
S0395,dexamethasone,7,40 mg,4,4
S0395,carfilzomib,8,56 mg/m2,3,3
S0395,lenalidomide,8,25 mg,21,21
S0395,dexamethasone,8,40 mg,4,4
S0395,carfilzomib,9,56 mg/m2,3,2
S0395,lenalidomide,9,25 mg,21,21
S0395,dexamethasone,9,40 mg,4,4
S0395,carfilzomib,10,56 mg/m2,3,3
S0395,lenalidomide,10,25 mg,21,21
S0395,dexamethasone,10,40 mg,4,4
S0395,carfilzomib,11,56 mg/m2,2,2
S0395,lenalidomide,11,25 mg,11,11
S0395,dexamethasone,11,40 mg,2,2
S0396,carfilzomib,1,20 mg/m2 then 27 mg/m2,6,6
S0396,lenalidomide,1,25 mg,21,21
S0396,dexamethasone,1,40 mg,4,4
S0396,carfilzomib,2,27 mg/m2,6,5
S0396,lenalidomide,2,25 mg,21,21
S0396,dexamethasone,2,40 mg,4,4
S0396,carfilzomib,3,27 mg/m2,6,6
S0396,lenalidomide,3,25 mg,21,21
S0396,dexamethasone,3,40 mg,4,4
S0396,carfilzomib,4,27 mg/m2,6,6
S0396,lenalidomide,4,25 mg,21,21
S0396,dexamethasone,4,40 mg,4,4
S0396,carfilzomib,5,27 mg/m2,6,6
S0396,lenalidomide,5,25 mg,21,21
S0396,dexamethasone,5,40 mg,4,4
S0396,carfilzomib,6,27 mg/m2,1,1
S0396,lenalidomide,6,25 mg,1,1
S0396,dexamethasone,6,40 mg,1,1
S0397,carfilzomib,1,20 mg/m2 then 27 mg/m2,6,6
S0397,lenalidomide,1,25 mg,21,21
S0397,dexamethasone,1,40 mg,4,4
S0397,carfilzomib,2,27 mg/m2,6,6
S0397,lenalidomide,2,25 mg,21,21
S0397,dexamethasone,2,40 mg,4,4
S0397,carfilzomib,3,27 mg/m2,6,6
S0397,lenalidomide,3,25 mg,21,21
S0397,dexamethasone,3,40 mg,4,4
S0397,carfilzomib,4,27 mg/m2,6,6
S0397,lenalidomide,4,25 mg,21,21
S0397,dexamethasone,4,40 mg,4,4
S0397,carfilzomib,5,27 mg/m2,6,6
S0397,lenalidomide,5,25 mg,21,21
S0397,dexamethasone,5,40 mg,4,4
S0397,carfilzomib,6,27 mg/m2,6,6
S0397,lenalidomide,6,25 mg,21,21
S0397,dexamethasone,6,40 mg,4,4
S0397,carfilzomib,7,27 mg/m2,6,6
S0397,lenalidomide,7,25 mg,21,21
S0397,dexamethasone,7,40 mg,4,4
S0397,carfilzomib,8,27 mg/m2,6,6
S0397,lenalidomide,8,25 mg,21,21
S0397,dexamethasone,8,40 mg,4,4
S0397,carfilzomib,9,27 mg/m2,6,6
S0397,lenalidomide,9,25 mg,21,21
S0397,dexamethasone,9,40 mg,4,4
S0397,carfilzomib,10,27 mg/m2,6,6
S0397,lenalidomide,10,25 mg,21,21
S0397,dexamethasone,10,40 mg,4,4
S0397,carfilzomib,11,27 mg/m2,6,6
S0397,lenalidomide,11,25 mg,21,21
S0397,dexamethasone,11,40 mg,4,4
S0397,carfilzomib,12,27 mg/m2,6,6
S0397,lenalidomide,12,25 mg,21,21
S0397,dexamethasone,12,40 mg,4,4
S0398,carfilzomib,1,20 mg/m2 then 56 mg/m2,3,3
S0398,lenalidomide,1,25 mg,21,21
S0398,dexamethasone,1,40 mg,4,4
S0398,carfilzomib,2,56 mg/m2,3,3
S0398,lenalidomide,2,25 mg,21,21
S0398,dexamethasone,2,40 mg,4,4
S0398,carfilzomib,3,56 mg/m2,3,3
S0398,lenalidomide,3,25 mg,21,21
S0398,dexamethasone,3,40 mg,4,4
S0398,carfilzomib,4,56 mg/m2,3,3
S0398,lenalidomide,4,25 mg,21,21
S0398,dexamethasone,4,40 mg,4,4
S0398,carfilzomib,5,56 mg/m2,1,1
S0398,lenalidomide,5,25 mg,1,1
S0398,dexamethasone,5,40 mg,1,1
S0399,carfilzomib,1,20 mg/m2 then 27 mg/m2,6,6
S0399,lenalidomide,1,25 mg,21,21
S0399,dexamethasone,1,40 mg,4,4
S0399,carfilzomib,2,27 mg/m2,6,6
S0399,lenalidomide,2,25 mg,21,21
S0399,dexamethasone,2,40 mg,4,4
S0399,carfilzomib,3,27 mg/m2,6,6
S0399,lenalidomide,3,25 mg,21,21
S0399,dexamethasone,3,40 mg,4,4
S0399,carfilzomib,4,27 mg/m2,1,1
S0399,lenalidomide,4,25 mg,1,1
S0399,dexamethasone,4,40 mg,1,1
S0400,carfilzomib,1,20 mg/m2 then 56 mg/m2,3,3
S0400,lenalidomide,1,25 mg,21,21
S0400,dexamethasone,1,40 mg,4,4
S0400,carfilzomib,2,56 mg/m2,3,3
S0400,lenalidomide,2,25 mg,21,21
S0400,dexamethasone,2,40 mg,4,4
S0400,carfilzomib,3,56 mg/m2,3,2
S0400,lenalidomide,3,25 mg,21,21
S0400,dexamethasone,3,40 mg,4,4
S0400,carfilzomib,4,56 mg/m2,3,3
S0400,lenalidomide,4,25 mg,21,21
S0400,dexamethasone,4,40 mg,4,4
S0400,carfilzomib,5,56 mg/m2,3,3
S0400,lenalidomide,5,25 mg,21,21
S0400,dexamethasone,5,40 mg,4,4
S0400,carfilzomib,6,56 mg/m2,3,3
S0400,lenalidomide,6,25 mg,21,21
S0400,dexamethasone,6,40 mg,4,4
S0400,carfilzomib,7,56 mg/m2,3,3
S0400,lenalidomide,7,25 mg,21,21
S0400,dexamethasone,7,40 mg,4,4
S0400,carfilzomib,8,56 mg/m2,3,3
S0400,lenalidomide,8,25 mg,21,21
S0400,dexamethasone,8,40 mg,4,4
S0400,carfilzomib,9,56 mg/m2,3,3
S0400,lenalidomide,9,25 mg,21,21
S0400,dexamethasone,9,40 mg,4,4
S0400,carfilzomib,10,56 mg/m2,3,3
S0400,lenalidomide,10,25 mg,21,21
S0400,dexamethasone,10,40 mg,4,4
S0400,carfilzomib,11,56 mg/m2,3,3
S0400,lenalidomide,11,25 mg,21,21
S0400,dexamethasone,11,40 mg,4,4
S0400,carfilzomib,12,56 mg/m2,3,3
S0400,lenalidomide,12,25 mg,21,21
S0400,dexamethasone,12,40 mg,4,4
S0401,carfilzomib,1,20 mg/m2 then 56 mg/m2,3,3
S0401,lenalidomide,1,25 mg,21,21
S0401,dexamethasone,1,40 mg,4,4
S0401,carfilzomib,2,56 mg/m2,3,3
S0401,lenalidomide,2,25 mg,21,21
S0401,dexamethasone,2,40 mg,4,4
S0401,carfilzomib,3,56 mg/m2,3,3
S0401,lenalidomide,3,25 mg,21,21
S0401,dexamethasone,3,40 mg,4,4
S0401,carfilzomib,4,56 mg/m2,3,3
S0401,lenalidomide,4,25 mg,21,21
S0401,dexamethasone,4,40 mg,4,4
S0401,carfilzomib,5,56 mg/m2,3,3
S0401,lenalidomide,5,25 mg,21,21
S0401,dexamethasone,5,40 mg,4,4
S0401,carfilzomib,6,56 mg/m2,3,3
S0401,lenalidomide,6,25 mg,21,21
S0401,dexamethasone,6,40 mg,4,4
S0401,carfilzomib,7,56 mg/m2,3,3
S0401,lenalidomide,7,25 mg,21,21
S0401,dexamethasone,7,40 mg,4,4
S0401,carfilzomib,8,56 mg/m2,3,3
S0401,lenalidomide,8,25 mg,21,21
S0401,dexamethasone,8,40 mg,4,4
S0401,carfilzomib,9,56 mg/m2,3,3
S0401,lenalidomide,9,25 mg,21,21
S0401,dexamethasone,9,40 mg,4,4
S0401,carfilzomib,10,56 mg/m2,1,1
S0401,lenalidomide,10,25 mg,1,1
S0401,dexamethasone,10,40 mg,1,1
S0402,carfilzomib,1,20 mg/m2 then 27 mg/m2,6,6
S0402,lenalidomide,1,25 mg,21,21
S0402,dexamethasone,1,40 mg,4,4
S0402,carfilzomib,2,27 mg/m2,6,6
S0402,lenalidomide,2,25 mg,21,21
S0402,dexamethasone,2,40 mg,4,4
S0402,carfilzomib,3,27 mg/m2,5,5
S0402,lenalidomide,3,25 mg,15,15
S0402,dexamethasone,3,40 mg,3,3
S0403,carfilzomib,1,20 mg/m2 then 27 mg/m2,6,6
S0403,lenalidomide,1,25 mg,21,21
S0403,dexamethasone,1,40 mg,4,4
S0403,carfilzomib,2,27 mg/m2,6,6
S0403,lenalidomide,2,25 mg,21,21
S0403,dexamethasone,2,40 mg,4,4
S0403,carfilzomib,3,27 mg/m2,6,6
S0403,lenalidomide,3,25 mg,21,21
S0403,dexamethasone,3,40 mg,4,4
S0403,carfilzomib,4,27 mg/m2,6,6
S0403,lenalidomide,4,25 mg,21,21
S0403,dexamethasone,4,40 mg,4,4
S0404,carfilzomib,1,20 mg/m2 then 27 mg/m2,6,6
S0404,lenalidomide,1,25 mg,21,21
S0404,dexamethasone,1,40 mg,4,4
S0404,carfilzomib,2,27 mg/m2,6,6
S0404,lenalidomide,2,25 mg,21,21
S0404,dexamethasone,2,40 mg,4,4
S0404,carfilzomib,3,27 mg/m2,6,6
S0404,lenalidomide,3,25 mg,21,21
S0404,dexamethasone,3,40 mg,4,4
S0404,carfilzomib,4,27 mg/m2,6,6
S0404,lenalidomide,4,25 mg,21,21
S0404,dexamethasone,4,40 mg,4,4
S0404,carfilzomib,5,27 mg/m2,6,6
S0404,lenalidomide,5,25 mg,21,21
S0404,dexamethasone,5,40 mg,4,4
S0404,carfilzomib,6,27 mg/m2,6,6
S0404,lenalidomide,6,25 mg,21,21
S0404,dexamethasone,6,40 mg,4,4
S0404,carfilzomib,7,27 mg/m2,6,6
S0404,lenalidomide,7,25 mg,21,21
S0404,dexamethasone,7,40 mg,4,4
S0404,carfilzomib,8,27 mg/m2,6,6
S0404,lenalidomide,8,25 mg,21,21
S0404,dexamethasone,8,40 mg,4,4
S0404,carfilzomib,9,27 mg/m2,6,6
S0404,lenalidomide,9,25 mg,21,21
S0404,dexamethasone,9,40 mg,4,4
S0404,carfilzomib,10,27 mg/m2,6,6
S0404,lenalidomide,10,25 mg,21,21
S0404,dexamethasone,10,40 mg,4,4
S0404,carfilzomib,11,27 mg/m2,6,6
S0404,lenalidomide,11,25 mg,21,21
S0404,dexamethasone,11,40 mg,4,4
S0404,carfilzomib,12,27 mg/m2,6,6
S0404,lenalidomide,12,25 mg,21,21
S0404,dexamethasone,12,40 mg,4,4
S0405,carfilzomib,1,56 mg/m2,2,1
S0405,lenalidomide,1,25 mg,12,12
S0405,dexamethasone,1,40 mg,2,2
S0406,carfilzomib,1,20 mg/m2 then 56 mg/m2,3,3
S0406,lenalidomide,1,25 mg,21,21
S0406,dexamethasone,1,40 mg,4,4
S0406,carfilzomib,2,56 mg/m2,3,3
S0406,lenalidomide,2,25 mg,21,21
S0406,dexamethasone,2,40 mg,4,4
S0406,carfilzomib,3,56 mg/m2,3,3
S0406,lenalidomide,3,25 mg,21,21
S0406,dexamethasone,3,40 mg,4,4
S0406,carfilzomib,4,56 mg/m2,3,3
S0406,lenalidomide,4,25 mg,21,21
S0406,dexamethasone,4,40 mg,4,4
S0406,carfilzomib,5,56 mg/m2,3,3
S0406,lenalidomide,5,25 mg,21,21
S0406,dexamethasone,5,40 mg,4,4
S0406,carfilzomib,6,56 mg/m2,3,3
S0406,lenalidomide,6,25 mg,21,21
S0406,dexamethasone,6,40 mg,4,4
S0406,carfilzomib,7,56 mg/m2,3,2
S0406,lenalidomide,7,25 mg,21,21
S0406,dexamethasone,7,40 mg,4,4
S0406,carfilzomib,8,56 mg/m2,3,3
S0406,lenalidomide,8,25 mg,21,21
S0406,dexamethasone,8,40 mg,4,4
S0406,carfilzomib,9,56 mg/m2,3,3
S0406,lenalidomide,9,25 mg,21,21
S0406,dexamethasone,9,40 mg,4,4
S0406,carfilzomib,10,56 mg/m2,3,3
S0406,lenalidomide,10,25 mg,21,21
S0406,dexamethasone,10,40 mg,4,4
S0406,carfilzomib,11,56 mg/m2,3,3
S0406,lenalidomide,11,25 mg,21,21
S0406,dexamethasone,11,40 mg,4,4
S0406,carfilzomib,12,56 mg/m2,3,3
S0406,lenalidomide,12,25 mg,21,21
S0406,dexamethasone,12,40 mg,4,4
S0407,carfilzomib,1,20 mg/m2 then 27 mg/m2,6,6
S0407,lenalidomide,1,25 mg,21,21
S0407,dexamethasone,1,40 mg,4,4
S0407,carfilzomib,2,27 mg/m2,6,6
S0407,lenalidomide,2,25 mg,21,21
S0407,dexamethasone,2,40 mg,4,4
S0407,carfilzomib,3,27 mg/m2,6,6
S0407,lenalidomide,3,25 mg,21,21
S0407,dexamethasone,3,40 mg,4,4
S0407,carfilzomib,4,27 mg/m2,6,6
S0407,lenalidomide,4,25 mg,21,21
S0407,dexamethasone,4,40 mg,4,4
S0407,carfilzomib,5,27 mg/m2,6,6
S0407,lenalidomide,5,25 mg,21,21
S0407,dexamethasone,5,40 mg,4,4
S0407,carfilzomib,6,27 mg/m2,6,6
S0407,lenalidomide,6,25 mg,21,21
S0407,dexamethasone,6,40 mg,4,4
S0407,carfilzomib,7,27 mg/m2,6,6
S0407,lenalidomide,7,25 mg,21,21
S0407,dexamethasone,7,40 mg,4,4
S0407,carfilzomib,8,27 mg/m2,6,6
S0407,lenalidomide,8,25 mg,21,21
S0407,dexamethasone,8,40 mg,4,4
S0407,carfilzomib,9,27 mg/m2,6,6
S0407,lenalidomide,9,25 mg,21,21
S0407,dexamethasone,9,40 mg,4,4
S0407,carfilzomib,10,27 mg/m2,6,6
S0407,lenalidomide,10,25 mg,21,21
S0407,dexamethasone,10,40 mg,4,4
S0407,carfilzomib,11,27 mg/m2,6,6
S0407,lenalidomide,11,25 mg,21,21
S0407,dexamethasone,11,40 mg,4,4
S0407,carfilzomib,12,27 mg/m2,6,6
S0407,lenalidomide,12,25 mg,21,21
S0407,dexamethasone,12,40 mg,4,4
S0408,carfilzomib,1,20 mg/m2 then 56 mg/m2,3,3
S0408,lenalidomide,1,25 mg,21,21
S0408,dexamethasone,1,40 mg,4,4
S0408,carfilzomib,2,56 mg/m2,3,3
S0408,lenalidomide,2,25 mg,21,21
S0408,dexamethasone,2,40 mg,4,4
S0408,carfilzomib,3,56 mg/m2,3,3
S0408,lenalidomide,3,25 mg,21,21
S0408,dexamethasone,3,40 mg,4,4
S0408,carfilzomib,4,56 mg/m2,3,3
S0408,lenalidomide,4,25 mg,21,21
S0408,dexamethasone,4,40 mg,4,4
S0408,carfilzomib,5,56 mg/m2,3,2
S0408,lenalidomide,5,25 mg,21,21
S0408,dexamethasone,5,40 mg,4,4
S0408,carfilzomib,6,56 mg/m2,3,3
S0408,lenalidomide,6,25 mg,21,21
S0408,dexamethasone,6,40 mg,4,4
S0408,carfilzomib,7,56 mg/m2,3,3
S0408,lenalidomide,7,25 mg,21,21
S0408,dexamethasone,7,40 mg,4,4
S0408,carfilzomib,8,56 mg/m2,3,3
S0408,lenalidomide,8,25 mg,21,21
S0408,dexamethasone,8,40 mg,4,4
S0408,carfilzomib,9,56 mg/m2,3,3
S0408,lenalidomide,9,25 mg,21,21
S0408,dexamethasone,9,40 mg,4,4
S0408,carfilzomib,10,56 mg/m2,3,3
S0408,lenalidomide,10,25 mg,21,21
S0408,dexamethasone,10,40 mg,4,4
S0408,carfilzomib,11,56 mg/m2,3,3
S0408,lenalidomide,11,25 mg,21,21
S0408,dexamethasone,11,40 mg,4,4
S0408,carfilzomib,12,56 mg/m2,1,1
S0408,lenalidomide,12,25 mg,1,1
S0408,dexamethasone,12,40 mg,1,1
S0409,carfilzomib,1,20 mg/m2 then 27 mg/m2,6,6
S0409,lenalidomide,1,25 mg,21,21
S0409,dexamethasone,1,40 mg,4,4
S0409,carfilzomib,2,27 mg/m2,6,6
S0409,lenalidomide,2,25 mg,21,21
S0409,dexamethasone,2,40 mg,4,4
S0409,carfilzomib,3,27 mg/m2,6,5
S0409,lenalidomide,3,25 mg,21,21
S0409,dexamethasone,3,40 mg,4,4
S0409,carfilzomib,4,27 mg/m2,1,1
S0409,lenalidomide,4,25 mg,1,1
S0409,dexamethasone,4,40 mg,1,1
S0410,carfilzomib,1,20 mg/m2 then 56 mg/m2,3,3
S0410,lenalidomide,1,25 mg,21,21
S0410,dexamethasone,1,40 mg,4,4
S0410,carfilzomib,2,56 mg/m2,3,3
S0410,lenalidomide,2,25 mg,21,21
S0410,dexamethasone,2,40 mg,4,4
S0410,carfilzomib,3,56 mg/m2,3,3
S0410,lenalidomide,3,25 mg,21,21
S0410,dexamethasone,3,40 mg,4,4
S0410,carfilzomib,4,56 mg/m2,3,3
S0410,lenalidomide,4,25 mg,21,21
S0410,dexamethasone,4,40 mg,4,4
S0410,carfilzomib,5,56 mg/m2,3,3
S0410,lenalidomide,5,25 mg,21,21
S0410,dexamethasone,5,40 mg,4,4
S0410,carfilzomib,6,56 mg/m2,3,3
S0410,lenalidomide,6,25 mg,21,21
S0410,dexamethasone,6,40 mg,4,4
S0410,carfilzomib,7,56 mg/m2,3,3
S0410,lenalidomide,7,25 mg,21,21
S0410,dexamethasone,7,40 mg,4,4
S0410,carfilzomib,8,56 mg/m2,3,3
S0410,lenalidomide,8,25 mg,21,21
S0410,dexamethasone,8,40 mg,4,4
S0410,carfilzomib,9,56 mg/m2,3,3
S0410,lenalidomide,9,25 mg,21,21
S0410,dexamethasone,9,40 mg,4,4
S0410,carfilzomib,10,56 mg/m2,3,3
S0410,lenalidomide,10,25 mg,21,21
S0410,dexamethasone,10,40 mg,4,4
S0410,carfilzomib,11,56 mg/m2,3,3
S0410,lenalidomide,11,25 mg,21,21
S0410,dexamethasone,11,40 mg,4,4
S0410,carfilzomib,12,56 mg/m2,3,3
S0410,lenalidomide,12,25 mg,21,21
S0410,dexamethasone,12,40 mg,4,4
S0411,carfilzomib,1,20 mg/m2 then 56 mg/m2,3,3
S0411,lenalidomide,1,25 mg,21,21
S0411,dexamethasone,1,40 mg,4,4
S0411,carfilzomib,2,56 mg/m2,3,2
S0411,lenalidomide,2,25 mg,21,21
S0411,dexamethasone,2,40 mg,4,4
S0411,carfilzomib,3,56 mg/m2,1,1
S0411,lenalidomide,3,25 mg,1,1
S0411,dexamethasone,3,40 mg,1,1
S0412,carfilzomib,1,20 mg/m2 then 56 mg/m2,3,3
S0412,lenalidomide,1,25 mg,21,21
S0412,dexamethasone,1,40 mg,4,4
S0412,carfilzomib,2,56 mg/m2,3,3
S0412,lenalidomide,2,25 mg,21,21
S0412,dexamethasone,2,40 mg,4,4
S0412,carfilzomib,3,56 mg/m2,3,3
S0412,lenalidomide,3,25 mg,21,21
S0412,dexamethasone,3,40 mg,4,4
S0412,carfilzomib,4,56 mg/m2,3,3
S0412,lenalidomide,4,25 mg,21,21
S0412,dexamethasone,4,40 mg,4,4
S0412,carfilzomib,5,56 mg/m2,3,2
S0412,lenalidomide,5,25 mg,21,21
S0412,dexamethasone,5,40 mg,4,4
S0412,carfilzomib,6,56 mg/m2,3,3
S0412,lenalidomide,6,25 mg,21,21
S0412,dexamethasone,6,40 mg,4,4
S0412,carfilzomib,7,56 mg/m2,3,3
S0412,lenalidomide,7,25 mg,21,21
S0412,dexamethasone,7,40 mg,4,4
S0412,carfilzomib,8,56 mg/m2,3,3
S0412,lenalidomide,8,25 mg,21,21
S0412,dexamethasone,8,40 mg,4,4
S0412,carfilzomib,9,56 mg/m2,3,3
S0412,lenalidomide,9,25 mg,21,21
S0412,dexamethasone,9,40 mg,4,4
S0412,carfilzomib,10,56 mg/m2,3,3
S0412,lenalidomide,10,25 mg,21,21
S0412,dexamethasone,10,40 mg,4,4
S0412,carfilzomib,11,56 mg/m2,3,3
S0412,lenalidomide,11,25 mg,21,21
S0412,dexamethasone,11,40 mg,4,4
S0412,carfilzomib,12,56 mg/m2,3,3
S0412,lenalidomide,12,25 mg,21,21
S0412,dexamethasone,12,40 mg,4,4
S0413,carfilzomib,1,20 mg/m2 then 27 mg/m2,6,6
S0413,lenalidomide,1,25 mg,21,21
S0413,dexamethasone,1,40 mg,4,4
S0413,carfilzomib,2,27 mg/m2,6,6
S0413,lenalidomide,2,25 mg,21,21
S0413,dexamethasone,2,40 mg,4,4
S0413,carfilzomib,3,27 mg/m2,6,6
S0413,lenalidomide,3,25 mg,21,21
S0413,dexamethasone,3,40 mg,4,4
S0413,carfilzomib,4,27 mg/m2,6,6
S0413,lenalidomide,4,25 mg,21,21
S0413,dexamethasone,4,40 mg,4,4
S0413,carfilzomib,5,27 mg/m2,6,6
S0413,lenalidomide,5,25 mg,21,21
S0413,dexamethasone,5,40 mg,4,4
S0413,carfilzomib,6,27 mg/m2,6,6
S0413,lenalidomide,6,25 mg,21,21
S0413,dexamethasone,6,40 mg,4,4
S0413,carfilzomib,7,27 mg/m2,6,6
S0413,lenalidomide,7,25 mg,21,21
S0413,dexamethasone,7,40 mg,4,4
S0413,carfilzomib,8,27 mg/m2,6,6
S0413,lenalidomide,8,25 mg,21,21
S0413,dexamethasone,8,40 mg,4,4
S0413,carfilzomib,9,27 mg/m2,6,6
S0413,lenalidomide,9,25 mg,21,21
S0413,dexamethasone,9,40 mg,4,4
S0413,carfilzomib,10,27 mg/m2,6,6
S0413,lenalidomide,10,25 mg,21,21
S0413,dexamethasone,10,40 mg,4,4
S0413,carfilzomib,11,27 mg/m2,6,6
S0413,lenalidomide,11,25 mg,21,21
S0413,dexamethasone,11,40 mg,4,4
S0413,carfilzomib,12,27 mg/m2,6,6
S0413,lenalidomide,12,25 mg,21,21
S0413,dexamethasone,12,40 mg,4,4
S0414,carfilzomib,1,20 mg/m2 then 27 mg/m2,6,6
S0414,lenalidomide,1,25 mg,21,21
S0414,dexamethasone,1,40 mg,4,4
S0414,carfilzomib,2,27 mg/m2,6,6
S0414,lenalidomide,2,25 mg,21,21
S0414,dexamethasone,2,40 mg,4,4
S0414,carfilzomib,3,27 mg/m2,6,6
S0414,lenalidomide,3,25 mg,21,21
S0414,dexamethasone,3,40 mg,4,4
S0414,carfilzomib,4,27 mg/m2,6,6
S0414,lenalidomide,4,25 mg,21,21
S0414,dexamethasone,4,40 mg,4,4
S0414,carfilzomib,5,27 mg/m2,6,6
S0414,lenalidomide,5,25 mg,21,21
S0414,dexamethasone,5,40 mg,4,4
S0414,carfilzomib,6,27 mg/m2,6,6
S0414,lenalidomide,6,25 mg,21,21
S0414,dexamethasone,6,40 mg,4,4
S0414,carfilzomib,7,27 mg/m2,6,6
S0414,lenalidomide,7,25 mg,21,21
S0414,dexamethasone,7,40 mg,4,4
S0414,carfilzomib,8,27 mg/m2,6,6
S0414,lenalidomide,8,25 mg,21,21
S0414,dexamethasone,8,40 mg,4,4
S0414,carfilzomib,9,27 mg/m2,6,6
S0414,lenalidomide,9,25 mg,21,21
S0414,dexamethasone,9,40 mg,4,4
S0414,carfilzomib,10,27 mg/m2,6,6
S0414,lenalidomide,10,25 mg,21,21
S0414,dexamethasone,10,40 mg,4,4
S0414,carfilzomib,11,27 mg/m2,6,6
S0414,lenalidomide,11,25 mg,21,21
S0414,dexamethasone,11,40 mg,4,4
S0414,carfilzomib,12,27 mg/m2,6,6
S0414,lenalidomide,12,25 mg,21,21
S0414,dexamethasone,12,40 mg,4,4
S0415,carfilzomib,1,20 mg/m2 then 27 mg/m2,6,6
S0415,lenalidomide,1,25 mg,21,21
S0415,dexamethasone,1,40 mg,4,4
S0415,carfilzomib,2,27 mg/m2,6,6
S0415,lenalidomide,2,25 mg,21,21
S0415,dexamethasone,2,40 mg,4,4
S0415,carfilzomib,3,27 mg/m2,6,6
S0415,lenalidomide,3,25 mg,21,21
S0415,dexamethasone,3,40 mg,4,4
S0415,carfilzomib,4,27 mg/m2,6,6
S0415,lenalidomide,4,25 mg,21,21
S0415,dexamethasone,4,40 mg,4,4
S0415,carfilzomib,5,27 mg/m2,6,6
S0415,lenalidomide,5,25 mg,21,21
S0415,dexamethasone,5,40 mg,4,4
S0415,carfilzomib,6,27 mg/m2,6,6
S0415,lenalidomide,6,25 mg,21,21
S0415,dexamethasone,6,40 mg,4,4
S0415,carfilzomib,7,27 mg/m2,6,6
S0415,lenalidomide,7,25 mg,21,21
S0415,dexamethasone,7,40 mg,4,4
S0415,carfilzomib,8,27 mg/m2,6,6
S0415,lenalidomide,8,25 mg,21,21
S0415,dexamethasone,8,40 mg,4,4
S0415,carfilzomib,9,27 mg/m2,6,6
S0415,lenalidomide,9,25 mg,21,21
S0415,dexamethasone,9,40 mg,4,4
S0415,carfilzomib,10,27 mg/m2,6,6
S0415,lenalidomide,10,25 mg,21,21
S0415,dexamethasone,10,40 mg,4,4
S0415,carfilzomib,11,27 mg/m2,6,6
S0415,lenalidomide,11,25 mg,21,21
S0415,dexamethasone,11,40 mg,4,4
S0415,carfilzomib,12,27 mg/m2,6,5
S0415,lenalidomide,12,25 mg,21,21
S0415,dexamethasone,12,40 mg,4,4
S0416,carfilzomib,1,20 mg/m2 then 27 mg/m2,6,6
S0416,lenalidomide,1,25 mg,21,21
S0416,dexamethasone,1,40 mg,4,4
S0416,carfilzomib,2,27 mg/m2,6,6
S0416,lenalidomide,2,25 mg,21,21
S0416,dexamethasone,2,40 mg,4,4
S0416,carfilzomib,3,27 mg/m2,6,6
S0416,lenalidomide,3,25 mg,18,18
S0416,dexamethasone,3,40 mg,3,3
S0417,carfilzomib,1,20 mg/m2 then 56 mg/m2,3,3
S0417,lenalidomide,1,25 mg,21,21
S0417,dexamethasone,1,40 mg,4,4
S0417,carfilzomib,2,56 mg/m2,3,3
S0417,lenalidomide,2,25 mg,21,21
S0417,dexamethasone,2,40 mg,4,4
S0417,carfilzomib,3,56 mg/m2,3,3
S0417,lenalidomide,3,25 mg,21,21
S0417,dexamethasone,3,40 mg,4,4
S0417,carfilzomib,4,56 mg/m2,3,3
S0417,lenalidomide,4,25 mg,21,21
S0417,dexamethasone,4,40 mg,4,4
S0417,carfilzomib,5,56 mg/m2,3,3
S0417,lenalidomide,5,25 mg,21,21
S0417,dexamethasone,5,40 mg,4,4
S0417,carfilzomib,6,56 mg/m2,3,3
S0417,lenalidomide,6,25 mg,21,21
S0417,dexamethasone,6,40 mg,4,4
S0417,carfilzomib,7,56 mg/m2,3,3
S0417,lenalidomide,7,25 mg,21,21
S0417,dexamethasone,7,40 mg,4,4
S0417,carfilzomib,8,56 mg/m2,3,3
S0417,lenalidomide,8,25 mg,21,21
S0417,dexamethasone,8,40 mg,4,4
S0417,carfilzomib,9,56 mg/m2,3,3
S0417,lenalidomide,9,25 mg,21,21
S0417,dexamethasone,9,40 mg,4,4
S0417,carfilzomib,10,56 mg/m2,3,3
S0417,lenalidomide,10,25 mg,21,21
S0417,dexamethasone,10,40 mg,4,4
S0417,carfilzomib,11,56 mg/m2,3,3
S0417,lenalidomide,11,25 mg,21,21
S0417,dexamethasone,11,40 mg,4,4
S0417,carfilzomib,12,56 mg/m2,3,3
S0417,lenalidomide,12,25 mg,21,21
S0417,dexamethasone,12,40 mg,4,4
S0418,carfilzomib,1,20 mg/m2 then 27 mg/m2,6,6
S0418,lenalidomide,1,25 mg,21,21
S0418,dexamethasone,1,40 mg,4,4
S0418,carfilzomib,2,27 mg/m2,6,6
S0418,lenalidomide,2,25 mg,21,21
S0418,dexamethasone,2,40 mg,4,4
S0418,carfilzomib,3,27 mg/m2,6,6
S0418,lenalidomide,3,25 mg,21,21
S0418,dexamethasone,3,40 mg,4,4
S0418,carfilzomib,4,27 mg/m2,1,1
S0418,lenalidomide,4,25 mg,1,1
S0418,dexamethasone,4,40 mg,1,1
S0419,carfilzomib,1,20 mg/m2 then 56 mg/m2,3,3
S0419,lenalidomide,1,25 mg,21,21
S0419,dexamethasone,1,40 mg,4,4
S0419,carfilzomib,2,56 mg/m2,1,1
S0419,lenalidomide,2,25 mg,1,1
S0419,dexamethasone,2,40 mg,1,1
S0420,carfilzomib,1,20 mg/m2 then 56 mg/m2,3,3
S0420,lenalidomide,1,25 mg,21,21
S0420,dexamethasone,1,40 mg,4,4
S0420,carfilzomib,2,56 mg/m2,3,3
S0420,lenalidomide,2,25 mg,21,21
S0420,dexamethasone,2,40 mg,4,4
S0420,carfilzomib,3,56 mg/m2,3,3
S0420,lenalidomide,3,25 mg,21,21
S0420,dexamethasone,3,40 mg,4,4
S0420,carfilzomib,4,56 mg/m2,3,3
S0420,lenalidomide,4,25 mg,21,21
S0420,dexamethasone,4,40 mg,4,4
S0420,carfilzomib,5,56 mg/m2,3,3
S0420,lenalidomide,5,25 mg,21,21
S0420,dexamethasone,5,40 mg,4,4
S0420,carfilzomib,6,56 mg/m2,3,3
S0420,lenalidomide,6,25 mg,21,21
S0420,dexamethasone,6,40 mg,4,4
S0420,carfilzomib,7,56 mg/m2,1,1
S0420,lenalidomide,7,25 mg,1,1
S0420,dexamethasone,7,40 mg,1,1
S0421,carfilzomib,1,20 mg/m2 then 56 mg/m2,3,3
S0421,lenalidomide,1,25 mg,21,21
S0421,dexamethasone,1,40 mg,4,4
S0421,carfilzomib,2,56 mg/m2,3,3
S0421,lenalidomide,2,25 mg,21,21
S0421,dexamethasone,2,40 mg,4,4
S0421,carfilzomib,3,56 mg/m2,3,3
S0421,lenalidomide,3,25 mg,21,21
S0421,dexamethasone,3,40 mg,4,4
S0421,carfilzomib,4,56 mg/m2,1,1
S0421,lenalidomide,4,25 mg,2,2
S0421,dexamethasone,4,40 mg,1,1
S0422,carfilzomib,1,20 mg/m2 then 56 mg/m2,3,3
S0422,lenalidomide,1,25 mg,21,21
S0422,dexamethasone,1,40 mg,4,4
S0422,carfilzomib,2,56 mg/m2,3,3
S0422,lenalidomide,2,25 mg,21,21
S0422,dexamethasone,2,40 mg,4,4
S0422,carfilzomib,3,56 mg/m2,3,3
S0422,lenalidomide,3,25 mg,21,21
S0422,dexamethasone,3,40 mg,4,4
S0422,carfilzomib,4,56 mg/m2,3,3
S0422,lenalidomide,4,25 mg,21,21
S0422,dexamethasone,4,40 mg,4,4
S0422,carfilzomib,5,56 mg/m2,3,3
S0422,lenalidomide,5,25 mg,21,21
S0422,dexamethasone,5,40 mg,4,4
S0422,carfilzomib,6,56 mg/m2,3,3
S0422,lenalidomide,6,25 mg,21,21
S0422,dexamethasone,6,40 mg,4,4
S0422,carfilzomib,7,56 mg/m2,3,3
S0422,lenalidomide,7,25 mg,21,21
S0422,dexamethasone,7,40 mg,4,4
S0422,carfilzomib,8,56 mg/m2,3,3
S0422,lenalidomide,8,25 mg,21,21
S0422,dexamethasone,8,40 mg,4,4
S0422,carfilzomib,9,56 mg/m2,3,3
S0422,lenalidomide,9,25 mg,21,21
S0422,dexamethasone,9,40 mg,4,4
S0422,carfilzomib,10,56 mg/m2,3,3
S0422,lenalidomide,10,25 mg,21,21
S0422,dexamethasone,10,40 mg,4,4
S0422,carfilzomib,11,56 mg/m2,3,3
S0422,lenalidomide,11,25 mg,21,21
S0422,dexamethasone,11,40 mg,4,4
S0422,carfilzomib,12,56 mg/m2,3,3
S0422,lenalidomide,12,25 mg,21,21
S0422,dexamethasone,12,40 mg,4,4
S0423,carfilzomib,1,20 mg/m2 then 27 mg/m2,6,6
S0423,lenalidomide,1,25 mg,21,21
S0423,dexamethasone,1,40 mg,4,4
S0423,carfilzomib,2,27 mg/m2,6,6
S0423,lenalidomide,2,25 mg,21,21
S0423,dexamethasone,2,40 mg,4,4
S0423,carfilzomib,3,27 mg/m2,6,6
S0423,lenalidomide,3,25 mg,21,21
S0423,dexamethasone,3,40 mg,4,4
S0423,carfilzomib,4,27 mg/m2,6,6
S0423,lenalidomide,4,25 mg,21,21
S0423,dexamethasone,4,40 mg,4,4
S0423,carfilzomib,5,27 mg/m2,6,6
S0423,lenalidomide,5,25 mg,21,21
S0423,dexamethasone,5,40 mg,4,4
S0423,carfilzomib,6,27 mg/m2,6,6
S0423,lenalidomide,6,25 mg,21,21
S0423,dexamethasone,6,40 mg,4,4
S0423,carfilzomib,7,27 mg/m2,6,6
S0423,lenalidomide,7,25 mg,21,21
S0423,dexamethasone,7,40 mg,4,4
S0423,carfilzomib,8,27 mg/m2,6,6
S0423,lenalidomide,8,25 mg,21,21
S0423,dexamethasone,8,40 mg,4,4
S0423,carfilzomib,9,27 mg/m2,6,6
S0423,lenalidomide,9,25 mg,21,21
S0423,dexamethasone,9,40 mg,4,4
S0423,carfilzomib,10,27 mg/m2,6,6
S0423,lenalidomide,10,25 mg,21,21
S0423,dexamethasone,10,40 mg,4,4
S0423,carfilzomib,11,27 mg/m2,6,6
S0423,lenalidomide,11,25 mg,21,21
S0423,dexamethasone,11,40 mg,4,4
S0423,carfilzomib,12,27 mg/m2,6,4
S0423,lenalidomide,12,25 mg,21,21
S0423,dexamethasone,12,40 mg,4,4
S0424,carfilzomib,1,20 mg/m2 then 27 mg/m2,6,6
S0424,lenalidomide,1,25 mg,21,21
S0424,dexamethasone,1,40 mg,4,4
S0424,carfilzomib,2,27 mg/m2,6,6
S0424,lenalidomide,2,25 mg,21,21
S0424,dexamethasone,2,40 mg,4,4
S0424,carfilzomib,3,27 mg/m2,6,6
S0424,lenalidomide,3,25 mg,21,21
S0424,dexamethasone,3,40 mg,4,4
S0424,carfilzomib,4,27 mg/m2,6,6
S0424,lenalidomide,4,25 mg,21,21
S0424,dexamethasone,4,40 mg,4,4
S0424,carfilzomib,5,27 mg/m2,6,6
S0424,lenalidomide,5,25 mg,21,21
S0424,dexamethasone,5,40 mg,4,4
S0424,carfilzomib,6,27 mg/m2,6,6
S0424,lenalidomide,6,25 mg,21,21
S0424,dexamethasone,6,40 mg,4,4
S0424,carfilzomib,7,27 mg/m2,6,6
S0424,lenalidomide,7,25 mg,21,21
S0424,dexamethasone,7,40 mg,4,4
S0424,carfilzomib,8,27 mg/m2,6,6
S0424,lenalidomide,8,25 mg,21,21
S0424,dexamethasone,8,40 mg,4,4
S0424,carfilzomib,9,27 mg/m2,6,6
S0424,lenalidomide,9,25 mg,21,21
S0424,dexamethasone,9,40 mg,4,4
S0424,carfilzomib,10,27 mg/m2,6,6
S0424,lenalidomide,10,25 mg,21,21
S0424,dexamethasone,10,40 mg,4,4
S0424,carfilzomib,11,27 mg/m2,6,6
S0424,lenalidomide,11,25 mg,21,21
S0424,dexamethasone,11,40 mg,4,4
S0424,carfilzomib,12,27 mg/m2,6,6
S0424,lenalidomide,12,25 mg,21,21
S0424,dexamethasone,12,40 mg,4,4
S0425,carfilzomib,1,20 mg/m2 then 56 mg/m2,3,3
S0425,lenalidomide,1,25 mg,21,21
S0425,dexamethasone,1,40 mg,4,4
S0425,carfilzomib,2,56 mg/m2,3,3
S0425,lenalidomide,2,25 mg,21,21
S0425,dexamethasone,2,40 mg,4,4
S0425,carfilzomib,3,56 mg/m2,3,3
S0425,lenalidomide,3,25 mg,21,21
S0425,dexamethasone,3,40 mg,4,4
S0425,carfilzomib,4,56 mg/m2,3,3
S0425,lenalidomide,4,25 mg,21,21
S0425,dexamethasone,4,40 mg,4,4
S0425,carfilzomib,5,56 mg/m2,3,3
S0425,lenalidomide,5,25 mg,21,21
S0425,dexamethasone,5,40 mg,4,4
S0425,carfilzomib,6,56 mg/m2,3,3
S0425,lenalidomide,6,25 mg,21,21
S0425,dexamethasone,6,40 mg,4,4
S0425,carfilzomib,7,56 mg/m2,3,3
S0425,lenalidomide,7,25 mg,21,21
S0425,dexamethasone,7,40 mg,4,4
S0425,carfilzomib,8,56 mg/m2,3,3
S0425,lenalidomide,8,25 mg,21,21
S0425,dexamethasone,8,40 mg,4,4
S0425,carfilzomib,9,56 mg/m2,3,3
S0425,lenalidomide,9,25 mg,21,21
S0425,dexamethasone,9,40 mg,4,4
S0425,carfilzomib,10,56 mg/m2,3,3
S0425,lenalidomide,10,25 mg,21,21
S0425,dexamethasone,10,40 mg,4,4
S0425,carfilzomib,11,56 mg/m2,3,3
S0425,lenalidomide,11,25 mg,21,21
S0425,dexamethasone,11,40 mg,4,4
S0425,carfilzomib,12,56 mg/m2,3,2
S0425,lenalidomide,12,25 mg,21,21
S0425,dexamethasone,12,40 mg,4,4
S0426,carfilzomib,1,20 mg/m2 then 56 mg/m2,3,3
S0426,lenalidomide,1,25 mg,21,21
S0426,dexamethasone,1,40 mg,4,4
S0426,carfilzomib,2,56 mg/m2,3,3
S0426,lenalidomide,2,25 mg,21,21
S0426,dexamethasone,2,40 mg,4,4
S0426,carfilzomib,3,56 mg/m2,3,3
S0426,lenalidomide,3,25 mg,21,21
S0426,dexamethasone,3,40 mg,4,4
S0426,carfilzomib,4,56 mg/m2,3,3
S0426,lenalidomide,4,25 mg,21,21
S0426,dexamethasone,4,40 mg,4,4
S0426,carfilzomib,5,56 mg/m2,3,3
S0426,lenalidomide,5,25 mg,21,21
S0426,dexamethasone,5,40 mg,4,4
S0426,carfilzomib,6,56 mg/m2,3,3
S0426,lenalidomide,6,25 mg,21,21
S0426,dexamethasone,6,40 mg,4,4
S0426,carfilzomib,7,56 mg/m2,3,3
S0426,lenalidomide,7,25 mg,21,21
S0426,dexamethasone,7,40 mg,4,4
S0426,carfilzomib,8,56 mg/m2,3,3
S0426,lenalidomide,8,25 mg,21,21
S0426,dexamethasone,8,40 mg,4,4
S0426,carfilzomib,9,56 mg/m2,3,3
S0426,lenalidomide,9,25 mg,21,21
S0426,dexamethasone,9,40 mg,4,4
S0426,carfilzomib,10,56 mg/m2,3,3
S0426,lenalidomide,10,25 mg,21,21
S0426,dexamethasone,10,40 mg,4,4
S0426,carfilzomib,11,56 mg/m2,3,3
S0426,lenalidomide,11,25 mg,21,21
S0426,dexamethasone,11,40 mg,4,4
S0426,carfilzomib,12,56 mg/m2,3,3
S0426,lenalidomide,12,25 mg,21,21
S0426,dexamethasone,12,40 mg,4,4
S0427,carfilzomib,1,20 mg/m2 then 56 mg/m2,3,3
S0427,lenalidomide,1,25 mg,21,21
S0427,dexamethasone,1,40 mg,4,4
S0427,carfilzomib,2,56 mg/m2,3,3
S0427,lenalidomide,2,25 mg,21,21
S0427,dexamethasone,2,40 mg,4,4
S0427,carfilzomib,3,56 mg/m2,3,3
S0427,lenalidomide,3,25 mg,21,21
S0427,dexamethasone,3,40 mg,4,4
S0427,carfilzomib,4,56 mg/m2,3,3
S0427,lenalidomide,4,25 mg,21,21
S0427,dexamethasone,4,40 mg,4,4
S0427,carfilzomib,5,56 mg/m2,3,3
S0427,lenalidomide,5,25 mg,21,21
S0427,dexamethasone,5,40 mg,4,4
S0427,carfilzomib,6,56 mg/m2,3,3
S0427,lenalidomide,6,25 mg,21,21
S0427,dexamethasone,6,40 mg,4,4
S0427,carfilzomib,7,56 mg/m2,3,3
S0427,lenalidomide,7,25 mg,21,21
S0427,dexamethasone,7,40 mg,4,4
S0427,carfilzomib,8,56 mg/m2,3,3
S0427,lenalidomide,8,25 mg,21,21
S0427,dexamethasone,8,40 mg,4,4
S0427,carfilzomib,9,56 mg/m2,3,3
S0427,lenalidomide,9,25 mg,21,21
S0427,dexamethasone,9,40 mg,4,4
S0427,carfilzomib,10,56 mg/m2,3,3
S0427,lenalidomide,10,25 mg,21,21
S0427,dexamethasone,10,40 mg,4,4
S0427,carfilzomib,11,56 mg/m2,3,3
S0427,lenalidomide,11,25 mg,21,21
S0427,dexamethasone,11,40 mg,4,4
S0427,carfilzomib,12,56 mg/m2,3,3
S0427,lenalidomide,12,25 mg,21,21
S0427,dexamethasone,12,40 mg,4,4
S0428,carfilzomib,1,20 mg/m2 then 27 mg/m2,6,5
S0428,lenalidomide,1,25 mg,21,21
S0428,dexamethasone,1,40 mg,4,4
S0428,carfilzomib,2,27 mg/m2,6,6
S0428,lenalidomide,2,25 mg,21,21
S0428,dexamethasone,2,40 mg,4,4
S0428,carfilzomib,3,27 mg/m2,6,6
S0428,lenalidomide,3,25 mg,21,21
S0428,dexamethasone,3,40 mg,4,4
S0428,carfilzomib,4,27 mg/m2,1,1
S0428,lenalidomide,4,25 mg,1,1
S0428,dexamethasone,4,40 mg,1,1
S0429,carfilzomib,1,56 mg/m2,3,2
S0429,lenalidomide,1,25 mg,21,21
S0429,dexamethasone,1,40 mg,4,4
S0429,carfilzomib,2,56 mg/m2,3,3
S0429,lenalidomide,2,25 mg,21,21
S0429,dexamethasone,2,40 mg,4,4
S0429,carfilzomib,3,56 mg/m2,3,3
S0429,lenalidomide,3,25 mg,21,21
S0429,dexamethasone,3,40 mg,4,4
S0429,carfilzomib,4,56 mg/m2,3,3
S0429,lenalidomide,4,25 mg,21,21
S0429,dexamethasone,4,40 mg,4,4
S0429,carfilzomib,5,56 mg/m2,3,3
S0429,lenalidomide,5,25 mg,21,21
S0429,dexamethasone,5,40 mg,4,4
S0429,carfilzomib,6,56 mg/m2,3,2
S0429,lenalidomide,6,25 mg,21,21
S0429,dexamethasone,6,40 mg,4,4
S0429,carfilzomib,7,56 mg/m2,3,3
S0429,lenalidomide,7,25 mg,21,21
S0429,dexamethasone,7,40 mg,4,4
S0429,carfilzomib,8,56 mg/m2,3,3
S0429,lenalidomide,8,25 mg,21,21
S0429,dexamethasone,8,40 mg,4,4
S0429,carfilzomib,9,56 mg/m2,3,3
S0429,lenalidomide,9,25 mg,21,21
S0429,dexamethasone,9,40 mg,4,4
S0429,carfilzomib,10,56 mg/m2,3,3
S0429,lenalidomide,10,25 mg,21,21
S0429,dexamethasone,10,40 mg,4,4
S0429,carfilzomib,11,56 mg/m2,3,3
S0429,lenalidomide,11,25 mg,21,21
S0429,dexamethasone,11,40 mg,4,4
S0429,carfilzomib,12,56 mg/m2,3,3
S0429,lenalidomide,12,25 mg,21,21
S0429,dexamethasone,12,40 mg,4,4
S0430,carfilzomib,1,20 mg/m2 then 27 mg/m2,6,6
S0430,lenalidomide,1,25 mg,21,21
S0430,dexamethasone,1,40 mg,4,4
S0430,carfilzomib,2,27 mg/m2,3,3
S0430,lenalidomide,2,25 mg,8,8
S0430,dexamethasone,2,40 mg,2,2
S0431,carfilzomib,1,20 mg/m2 then 27 mg/m2,6,6
S0431,lenalidomide,1,25 mg,21,21
S0431,dexamethasone,1,40 mg,4,4
S0431,carfilzomib,2,27 mg/m2,6,6
S0431,lenalidomide,2,25 mg,21,21
S0431,dexamethasone,2,40 mg,4,4
S0431,carfilzomib,3,27 mg/m2,6,6
S0431,lenalidomide,3,25 mg,21,21
S0431,dexamethasone,3,40 mg,4,4
S0431,carfilzomib,4,27 mg/m2,6,6
S0431,lenalidomide,4,25 mg,21,21
S0431,dexamethasone,4,40 mg,4,4
S0431,carfilzomib,5,27 mg/m2,6,6
S0431,lenalidomide,5,25 mg,21,21
S0431,dexamethasone,5,40 mg,4,4
S0431,carfilzomib,6,27 mg/m2,6,6
S0431,lenalidomide,6,25 mg,21,21
S0431,dexamethasone,6,40 mg,4,4
S0431,carfilzomib,7,27 mg/m2,6,5
S0431,lenalidomide,7,25 mg,21,21
S0431,dexamethasone,7,40 mg,4,4
S0431,carfilzomib,8,27 mg/m2,6,6
S0431,lenalidomide,8,25 mg,21,21
S0431,dexamethasone,8,40 mg,4,4
S0431,carfilzomib,9,27 mg/m2,6,6
S0431,lenalidomide,9,25 mg,21,21
S0431,dexamethasone,9,40 mg,4,4
S0431,carfilzomib,10,27 mg/m2,6,6
S0431,lenalidomide,10,25 mg,21,21
S0431,dexamethasone,10,40 mg,4,4
S0431,carfilzomib,11,27 mg/m2,6,6
S0431,lenalidomide,11,25 mg,21,21
S0431,dexamethasone,11,40 mg,4,4
S0431,carfilzomib,12,27 mg/m2,6,6
S0431,lenalidomide,12,25 mg,21,21
S0431,dexamethasone,12,40 mg,4,4
S0432,carfilzomib,1,20 mg/m2 then 27 mg/m2,6,6
S0432,lenalidomide,1,25 mg,21,21
S0432,dexamethasone,1,40 mg,4,4
S0432,carfilzomib,2,27 mg/m2,6,6
S0432,lenalidomide,2,25 mg,21,21
S0432,dexamethasone,2,40 mg,4,4
S0432,carfilzomib,3,27 mg/m2,6,6
S0432,lenalidomide,3,25 mg,21,21
S0432,dexamethasone,3,40 mg,4,4
S0432,carfilzomib,4,27 mg/m2,6,6
S0432,lenalidomide,4,25 mg,21,21
S0432,dexamethasone,4,40 mg,4,4
S0432,carfilzomib,5,27 mg/m2,6,6
S0432,lenalidomide,5,25 mg,21,21
S0432,dexamethasone,5,40 mg,4,4
S0432,carfilzomib,6,27 mg/m2,6,6
S0432,lenalidomide,6,25 mg,21,21
S0432,dexamethasone,6,40 mg,4,4
S0432,carfilzomib,7,27 mg/m2,6,6
S0432,lenalidomide,7,25 mg,21,21
S0432,dexamethasone,7,40 mg,4,4
S0432,carfilzomib,8,27 mg/m2,6,6
S0432,lenalidomide,8,25 mg,21,21
S0432,dexamethasone,8,40 mg,4,4
S0432,carfilzomib,9,27 mg/m2,6,6
S0432,lenalidomide,9,25 mg,21,21
S0432,dexamethasone,9,40 mg,4,4
S0432,carfilzomib,10,27 mg/m2,6,6
S0432,lenalidomide,10,25 mg,21,21
S0432,dexamethasone,10,40 mg,4,4
S0432,carfilzomib,11,27 mg/m2,1,1
S0432,lenalidomide,11,25 mg,1,1
S0432,dexamethasone,11,40 mg,1,1
S0433,carfilzomib,1,20 mg/m2 then 27 mg/m2,6,6
S0433,lenalidomide,1,25 mg,21,21
S0433,dexamethasone,1,40 mg,4,4
S0433,carfilzomib,2,27 mg/m2,6,6
S0433,lenalidomide,2,25 mg,21,21
S0433,dexamethasone,2,40 mg,4,4
S0433,carfilzomib,3,27 mg/m2,6,6
S0433,lenalidomide,3,25 mg,21,21
S0433,dexamethasone,3,40 mg,4,4
S0433,carfilzomib,4,27 mg/m2,6,6
S0433,lenalidomide,4,25 mg,21,21
S0433,dexamethasone,4,40 mg,4,4
S0433,carfilzomib,5,27 mg/m2,6,5
S0433,lenalidomide,5,25 mg,21,21
S0433,dexamethasone,5,40 mg,4,4
S0433,carfilzomib,6,27 mg/m2,1,1
S0433,lenalidomide,6,25 mg,1,1
S0433,dexamethasone,6,40 mg,1,1
S0434,carfilzomib,1,20 mg/m2 then 56 mg/m2,3,3
S0434,lenalidomide,1,25 mg,21,21
S0434,dexamethasone,1,40 mg,4,4
S0434,carfilzomib,2,56 mg/m2,3,3
S0434,lenalidomide,2,25 mg,21,21
S0434,dexamethasone,2,40 mg,4,4
S0434,carfilzomib,3,56 mg/m2,3,3
S0434,lenalidomide,3,25 mg,21,21
S0434,dexamethasone,3,40 mg,4,4
S0434,carfilzomib,4,56 mg/m2,3,3
S0434,lenalidomide,4,25 mg,21,21
S0434,dexamethasone,4,40 mg,4,4
S0434,carfilzomib,5,56 mg/m2,3,2
S0434,lenalidomide,5,25 mg,21,21
S0434,dexamethasone,5,40 mg,4,4
S0434,carfilzomib,6,56 mg/m2,3,3
S0434,lenalidomide,6,25 mg,21,21
S0434,dexamethasone,6,40 mg,4,4
S0434,carfilzomib,7,56 mg/m2,3,3
S0434,lenalidomide,7,25 mg,21,21
S0434,dexamethasone,7,40 mg,4,4
S0434,carfilzomib,8,56 mg/m2,3,3
S0434,lenalidomide,8,25 mg,21,21
S0434,dexamethasone,8,40 mg,4,4
S0434,carfilzomib,9,56 mg/m2,3,3
S0434,lenalidomide,9,25 mg,21,21
S0434,dexamethasone,9,40 mg,4,4
S0434,carfilzomib,10,56 mg/m2,3,3
S0434,lenalidomide,10,25 mg,21,21
S0434,dexamethasone,10,40 mg,4,4
S0434,carfilzomib,11,56 mg/m2,3,3
S0434,lenalidomide,11,25 mg,21,21
S0434,dexamethasone,11,40 mg,4,4
S0434,carfilzomib,12,56 mg/m2,3,3
S0434,lenalidomide,12,25 mg,21,21
S0434,dexamethasone,12,40 mg,4,4
S0435,carfilzomib,1,20 mg/m2 then 56 mg/m2,3,3
S0435,lenalidomide,1,25 mg,21,21
S0435,dexamethasone,1,40 mg,4,4
S0435,carfilzomib,2,56 mg/m2,3,3
S0435,lenalidomide,2,25 mg,21,21
S0435,dexamethasone,2,40 mg,4,4
S0435,carfilzomib,3,56 mg/m2,3,3
S0435,lenalidomide,3,25 mg,21,21
S0435,dexamethasone,3,40 mg,4,4
S0435,carfilzomib,4,56 mg/m2,3,3
S0435,lenalidomide,4,25 mg,21,21
S0435,dexamethasone,4,40 mg,4,4
S0435,carfilzomib,5,56 mg/m2,3,3
S0435,lenalidomide,5,25 mg,21,21
S0435,dexamethasone,5,40 mg,4,4
S0435,carfilzomib,6,56 mg/m2,3,3
S0435,lenalidomide,6,25 mg,21,21
S0435,dexamethasone,6,40 mg,4,4
S0435,carfilzomib,7,56 mg/m2,3,2
S0435,lenalidomide,7,25 mg,21,21
S0435,dexamethasone,7,40 mg,4,4
S0435,carfilzomib,8,56 mg/m2,3,3
S0435,lenalidomide,8,25 mg,21,21
S0435,dexamethasone,8,40 mg,4,4
S0435,carfilzomib,9,56 mg/m2,3,3
S0435,lenalidomide,9,25 mg,21,21
S0435,dexamethasone,9,40 mg,4,4
S0435,carfilzomib,10,56 mg/m2,3,3
S0435,lenalidomide,10,25 mg,21,21
S0435,dexamethasone,10,40 mg,4,4
S0435,carfilzomib,11,56 mg/m2,3,3
S0435,lenalidomide,11,25 mg,21,21
S0435,dexamethasone,11,40 mg,4,4
S0435,carfilzomib,12,56 mg/m2,3,3
S0435,lenalidomide,12,25 mg,21,21
S0435,dexamethasone,12,40 mg,4,4
S0436,carfilzomib,1,20 mg/m2 then 27 mg/m2,6,6
S0436,lenalidomide,1,25 mg,21,21
S0436,dexamethasone,1,40 mg,4,4
S0436,carfilzomib,2,27 mg/m2,6,6
S0436,lenalidomide,2,25 mg,21,21
S0436,dexamethasone,2,40 mg,4,4
S0436,carfilzomib,3,27 mg/m2,6,6
S0436,lenalidomide,3,25 mg,21,21
S0436,dexamethasone,3,40 mg,4,4
S0436,carfilzomib,4,27 mg/m2,6,6
S0436,lenalidomide,4,25 mg,21,21
S0436,dexamethasone,4,40 mg,4,4
S0436,carfilzomib,5,27 mg/m2,6,6
S0436,lenalidomide,5,25 mg,21,21
S0436,dexamethasone,5,40 mg,4,4
S0436,carfilzomib,6,27 mg/m2,6,6
S0436,lenalidomide,6,25 mg,21,21
S0436,dexamethasone,6,40 mg,4,4
S0436,carfilzomib,7,27 mg/m2,6,6
S0436,lenalidomide,7,25 mg,21,21
S0436,dexamethasone,7,40 mg,4,4
S0436,carfilzomib,8,27 mg/m2,6,6
S0436,lenalidomide,8,25 mg,21,21
S0436,dexamethasone,8,40 mg,4,4
S0436,carfilzomib,9,27 mg/m2,6,6
S0436,lenalidomide,9,25 mg,21,21
S0436,dexamethasone,9,40 mg,4,4
S0436,carfilzomib,10,27 mg/m2,6,6
S0436,lenalidomide,10,25 mg,21,21
S0436,dexamethasone,10,40 mg,4,4
S0436,carfilzomib,11,27 mg/m2,6,6
S0436,lenalidomide,11,25 mg,21,21
S0436,dexamethasone,11,40 mg,4,4
S0436,carfilzomib,12,27 mg/m2,6,6
S0436,lenalidomide,12,25 mg,21,21
S0436,dexamethasone,12,40 mg,4,4
S0437,carfilzomib,1,20 mg/m2 then 27 mg/m2,6,6
S0437,lenalidomide,1,25 mg,21,21
S0437,dexamethasone,1,40 mg,4,4
S0437,carfilzomib,2,27 mg/m2,6,6
S0437,lenalidomide,2,25 mg,21,21
S0437,dexamethasone,2,40 mg,4,4
S0437,carfilzomib,3,27 mg/m2,6,6
S0437,lenalidomide,3,25 mg,21,21
S0437,dexamethasone,3,40 mg,4,4
S0437,carfilzomib,4,27 mg/m2,6,6
S0437,lenalidomide,4,25 mg,21,21
S0437,dexamethasone,4,40 mg,4,4
S0437,carfilzomib,5,27 mg/m2,6,6
S0437,lenalidomide,5,25 mg,21,21
S0437,dexamethasone,5,40 mg,4,4
S0437,carfilzomib,6,27 mg/m2,6,6
S0437,lenalidomide,6,25 mg,21,21
S0437,dexamethasone,6,40 mg,4,4
S0437,carfilzomib,7,27 mg/m2,6,6
S0437,lenalidomide,7,25 mg,21,21
S0437,dexamethasone,7,40 mg,4,4
S0437,carfilzomib,8,27 mg/m2,6,6
S0437,lenalidomide,8,25 mg,21,21
S0437,dexamethasone,8,40 mg,4,4
S0437,carfilzomib,9,27 mg/m2,6,6
S0437,lenalidomide,9,25 mg,21,21
S0437,dexamethasone,9,40 mg,4,4
S0437,carfilzomib,10,27 mg/m2,6,6
S0437,lenalidomide,10,25 mg,21,21
S0437,dexamethasone,10,40 mg,4,4
S0437,carfilzomib,11,27 mg/m2,6,6
S0437,lenalidomide,11,25 mg,21,21
S0437,dexamethasone,11,40 mg,4,4
S0437,carfilzomib,12,27 mg/m2,6,6
S0437,lenalidomide,12,25 mg,21,21
S0437,dexamethasone,12,40 mg,4,4
S0438,carfilzomib,1,20 mg/m2 then 27 mg/m2,6,6
S0438,lenalidomide,1,25 mg,21,21
S0438,dexamethasone,1,40 mg,4,4
S0438,carfilzomib,2,27 mg/m2,6,6
S0438,lenalidomide,2,25 mg,21,21
S0438,dexamethasone,2,40 mg,4,4
S0438,carfilzomib,3,27 mg/m2,6,6
S0438,lenalidomide,3,25 mg,21,21
S0438,dexamethasone,3,40 mg,4,4
S0438,carfilzomib,4,27 mg/m2,6,6
S0438,lenalidomide,4,25 mg,21,21
S0438,dexamethasone,4,40 mg,4,4
S0438,carfilzomib,5,27 mg/m2,6,6
S0438,lenalidomide,5,25 mg,21,21
S0438,dexamethasone,5,40 mg,4,4
S0438,carfilzomib,6,27 mg/m2,6,6
S0438,lenalidomide,6,25 mg,21,21
S0438,dexamethasone,6,40 mg,4,4
S0438,carfilzomib,7,27 mg/m2,6,6
S0438,lenalidomide,7,25 mg,21,21
S0438,dexamethasone,7,40 mg,4,4
S0438,carfilzomib,8,27 mg/m2,6,6
S0438,lenalidomide,8,25 mg,21,21
S0438,dexamethasone,8,40 mg,4,4
S0438,carfilzomib,9,27 mg/m2,6,6
S0438,lenalidomide,9,25 mg,21,21
S0438,dexamethasone,9,40 mg,4,4
S0439,carfilzomib,1,20 mg/m2 then 27 mg/m2,6,6
S0439,lenalidomide,1,25 mg,21,21
S0439,dexamethasone,1,40 mg,4,4
S0439,carfilzomib,2,27 mg/m2,6,6
S0439,lenalidomide,2,25 mg,21,21
S0439,dexamethasone,2,40 mg,4,4
S0439,carfilzomib,3,27 mg/m2,6,6
S0439,lenalidomide,3,25 mg,21,21
S0439,dexamethasone,3,40 mg,4,4
S0439,carfilzomib,4,27 mg/m2,6,5
S0439,lenalidomide,4,25 mg,21,21
S0439,dexamethasone,4,40 mg,4,4
S0439,carfilzomib,5,27 mg/m2,6,6
S0439,lenalidomide,5,25 mg,21,21
S0439,dexamethasone,5,40 mg,4,4
S0439,carfilzomib,6,27 mg/m2,6,6
S0439,lenalidomide,6,25 mg,21,21
S0439,dexamethasone,6,40 mg,4,4
S0439,carfilzomib,7,27 mg/m2,6,6
S0439,lenalidomide,7,25 mg,21,21
S0439,dexamethasone,7,40 mg,4,4
S0439,carfilzomib,8,27 mg/m2,6,6
S0439,lenalidomide,8,25 mg,21,21
S0439,dexamethasone,8,40 mg,4,4
S0439,carfilzomib,9,27 mg/m2,6,6
S0439,lenalidomide,9,25 mg,21,21
S0439,dexamethasone,9,40 mg,4,4
S0439,carfilzomib,10,27 mg/m2,6,6
S0439,lenalidomide,10,25 mg,21,21
S0439,dexamethasone,10,40 mg,4,4
S0439,carfilzomib,11,27 mg/m2,6,6
S0439,lenalidomide,11,25 mg,21,21
S0439,dexamethasone,11,40 mg,4,4
S0439,carfilzomib,12,27 mg/m2,6,6
S0439,lenalidomide,12,25 mg,21,21
S0439,dexamethasone,12,40 mg,4,4
S0440,carfilzomib,1,20 mg/m2 then 56 mg/m2,3,3
S0440,lenalidomide,1,25 mg,21,21
S0440,dexamethasone,1,40 mg,4,4
S0440,carfilzomib,2,56 mg/m2,3,3
S0440,lenalidomide,2,25 mg,21,21
S0440,dexamethasone,2,40 mg,4,4
S0440,carfilzomib,3,56 mg/m2,3,3
S0440,lenalidomide,3,25 mg,21,21
S0440,dexamethasone,3,40 mg,4,4
S0440,carfilzomib,4,56 mg/m2,3,3
S0440,lenalidomide,4,25 mg,21,21
S0440,dexamethasone,4,40 mg,4,4
S0440,carfilzomib,5,56 mg/m2,3,3
S0440,lenalidomide,5,25 mg,21,21
S0440,dexamethasone,5,40 mg,4,4
S0440,carfilzomib,6,56 mg/m2,3,3
S0440,lenalidomide,6,25 mg,21,21
S0440,dexamethasone,6,40 mg,4,4
S0440,carfilzomib,7,56 mg/m2,3,3
S0440,lenalidomide,7,25 mg,21,21
S0440,dexamethasone,7,40 mg,4,4
S0440,carfilzomib,8,56 mg/m2,3,3
S0440,lenalidomide,8,25 mg,21,21
S0440,dexamethasone,8,40 mg,4,4
S0440,carfilzomib,9,56 mg/m2,3,3
S0440,lenalidomide,9,25 mg,21,21
S0440,dexamethasone,9,40 mg,4,4
S0440,carfilzomib,10,56 mg/m2,3,3
S0440,lenalidomide,10,25 mg,21,21
S0440,dexamethasone,10,40 mg,4,4
S0440,carfilzomib,11,56 mg/m2,3,3
S0440,lenalidomide,11,25 mg,21,21
S0440,dexamethasone,11,40 mg,4,4
S0440,carfilzomib,12,56 mg/m2,3,3
S0440,lenalidomide,12,25 mg,21,21
S0440,dexamethasone,12,40 mg,4,4
S0441,carfilzomib,1,20 mg/m2 then 56 mg/m2,3,3
S0441,lenalidomide,1,25 mg,21,21
S0441,dexamethasone,1,40 mg,4,4
S0441,carfilzomib,2,56 mg/m2,3,3
S0441,lenalidomide,2,25 mg,21,21
S0441,dexamethasone,2,40 mg,4,4
S0441,carfilzomib,3,56 mg/m2,3,3
S0441,lenalidomide,3,25 mg,21,21
S0441,dexamethasone,3,40 mg,4,4
S0441,carfilzomib,4,56 mg/m2,3,3
S0441,lenalidomide,4,25 mg,21,21
S0441,dexamethasone,4,40 mg,4,4
S0441,carfilzomib,5,56 mg/m2,3,3
S0441,lenalidomide,5,25 mg,21,21
S0441,dexamethasone,5,40 mg,4,4
S0441,carfilzomib,6,56 mg/m2,3,3
S0441,lenalidomide,6,25 mg,21,21
S0441,dexamethasone,6,40 mg,4,4
S0441,carfilzomib,7,56 mg/m2,3,3
S0441,lenalidomide,7,25 mg,21,21
S0441,dexamethasone,7,40 mg,4,4
S0441,carfilzomib,8,56 mg/m2,3,2
S0441,lenalidomide,8,25 mg,21,21
S0441,dexamethasone,8,40 mg,4,4
S0441,carfilzomib,9,56 mg/m2,3,3
S0441,lenalidomide,9,25 mg,21,21
S0441,dexamethasone,9,40 mg,4,4
S0441,carfilzomib,10,56 mg/m2,3,3
S0441,lenalidomide,10,25 mg,21,21
S0441,dexamethasone,10,40 mg,4,4
S0441,carfilzomib,11,56 mg/m2,3,3
S0441,lenalidomide,11,25 mg,21,21
S0441,dexamethasone,11,40 mg,4,4
S0441,carfilzomib,12,56 mg/m2,3,3
S0441,lenalidomide,12,25 mg,21,21
S0441,dexamethasone,12,40 mg,4,4
S0442,carfilzomib,1,20 mg/m2 then 27 mg/m2,6,6
S0442,lenalidomide,1,25 mg,21,21
S0442,dexamethasone,1,40 mg,4,4
S0442,carfilzomib,2,27 mg/m2,6,5
S0442,lenalidomide,2,25 mg,21,21
S0442,dexamethasone,2,40 mg,4,4
S0442,carfilzomib,3,27 mg/m2,6,6
S0442,lenalidomide,3,25 mg,21,21
S0442,dexamethasone,3,40 mg,4,4
S0442,carfilzomib,4,27 mg/m2,6,6
S0442,lenalidomide,4,25 mg,21,21
S0442,dexamethasone,4,40 mg,4,4
S0442,carfilzomib,5,27 mg/m2,6,6
S0442,lenalidomide,5,25 mg,21,21
S0442,dexamethasone,5,40 mg,4,4
S0442,carfilzomib,6,27 mg/m2,6,6
S0442,lenalidomide,6,25 mg,21,21
S0442,dexamethasone,6,40 mg,4,4
S0442,carfilzomib,7,27 mg/m2,6,6
S0442,lenalidomide,7,25 mg,21,21
S0442,dexamethasone,7,40 mg,4,4
S0442,carfilzomib,8,27 mg/m2,6,6
S0442,lenalidomide,8,25 mg,21,21
S0442,dexamethasone,8,40 mg,4,4
S0442,carfilzomib,9,27 mg/m2,6,6
S0442,lenalidomide,9,25 mg,21,21
S0442,dexamethasone,9,40 mg,4,4
S0442,carfilzomib,10,27 mg/m2,6,6
S0442,lenalidomide,10,25 mg,21,21
S0442,dexamethasone,10,40 mg,4,4
S0442,carfilzomib,11,27 mg/m2,6,6
S0442,lenalidomide,11,25 mg,21,21
S0442,dexamethasone,11,40 mg,4,4
S0442,carfilzomib,12,27 mg/m2,6,6
S0442,lenalidomide,12,25 mg,21,21
S0442,dexamethasone,12,40 mg,4,4
S0443,carfilzomib,1,20 mg/m2 then 27 mg/m2,6,6
S0443,lenalidomide,1,25 mg,21,21
S0443,dexamethasone,1,40 mg,4,4
S0443,carfilzomib,2,27 mg/m2,6,6
S0443,lenalidomide,2,25 mg,21,21
S0443,dexamethasone,2,40 mg,4,4
S0443,carfilzomib,3,27 mg/m2,6,6
S0443,lenalidomide,3,25 mg,21,21
S0443,dexamethasone,3,40 mg,4,4
S0443,carfilzomib,4,27 mg/m2,6,6
S0443,lenalidomide,4,25 mg,21,21
S0443,dexamethasone,4,40 mg,4,4
S0443,carfilzomib,5,27 mg/m2,6,6
S0443,lenalidomide,5,25 mg,21,21
S0443,dexamethasone,5,40 mg,4,4
S0443,carfilzomib,6,27 mg/m2,6,6
S0443,lenalidomide,6,25 mg,21,21
S0443,dexamethasone,6,40 mg,4,4
S0443,carfilzomib,7,27 mg/m2,6,6
S0443,lenalidomide,7,25 mg,21,21
S0443,dexamethasone,7,40 mg,4,4
S0443,carfilzomib,8,27 mg/m2,6,6
S0443,lenalidomide,8,25 mg,21,21
S0443,dexamethasone,8,40 mg,4,4
S0443,carfilzomib,9,27 mg/m2,6,6
S0443,lenalidomide,9,25 mg,21,21
S0443,dexamethasone,9,40 mg,4,4
S0443,carfilzomib,10,27 mg/m2,6,6
S0443,lenalidomide,10,25 mg,21,21
S0443,dexamethasone,10,40 mg,4,4
S0443,carfilzomib,11,27 mg/m2,6,6
S0443,lenalidomide,11,25 mg,21,21
S0443,dexamethasone,11,40 mg,4,4
S0443,carfilzomib,12,27 mg/m2,6,6
S0443,lenalidomide,12,25 mg,21,21
S0443,dexamethasone,12,40 mg,4,4
S0444,carfilzomib,1,20 mg/m2 then 56 mg/m2,3,3
S0444,lenalidomide,1,25 mg,21,21
S0444,dexamethasone,1,40 mg,4,4
S0444,carfilzomib,2,56 mg/m2,3,3
S0444,lenalidomide,2,25 mg,21,21
S0444,dexamethasone,2,40 mg,4,4
S0444,carfilzomib,3,56 mg/m2,3,3
S0444,lenalidomide,3,25 mg,21,21
S0444,dexamethasone,3,40 mg,4,4
S0444,carfilzomib,4,56 mg/m2,3,3
S0444,lenalidomide,4,25 mg,21,21
S0444,dexamethasone,4,40 mg,4,4
S0444,carfilzomib,5,56 mg/m2,3,3
S0444,lenalidomide,5,25 mg,21,21
S0444,dexamethasone,5,40 mg,4,4
S0444,carfilzomib,6,56 mg/m2,3,3
S0444,lenalidomide,6,25 mg,21,21
S0444,dexamethasone,6,40 mg,4,4
S0444,carfilzomib,7,56 mg/m2,3,3
S0444,lenalidomide,7,25 mg,21,21
S0444,dexamethasone,7,40 mg,4,4
S0444,carfilzomib,8,56 mg/m2,3,3
S0444,lenalidomide,8,25 mg,21,21
S0444,dexamethasone,8,40 mg,4,4
S0444,carfilzomib,9,56 mg/m2,3,3
S0444,lenalidomide,9,25 mg,21,21
S0444,dexamethasone,9,40 mg,4,4
S0444,carfilzomib,10,56 mg/m2,3,3
S0444,lenalidomide,10,25 mg,21,21
S0444,dexamethasone,10,40 mg,4,4
S0444,carfilzomib,11,56 mg/m2,3,3
S0444,lenalidomide,11,25 mg,21,21
S0444,dexamethasone,11,40 mg,4,4
S0444,carfilzomib,12,56 mg/m2,3,3
S0444,lenalidomide,12,25 mg,21,21
S0444,dexamethasone,12,40 mg,4,4
S0445,carfilzomib,1,20 mg/m2 then 56 mg/m2,3,3
S0445,lenalidomide,1,25 mg,21,21
S0445,dexamethasone,1,40 mg,4,4
S0445,carfilzomib,2,56 mg/m2,3,3
S0445,lenalidomide,2,25 mg,21,21
S0445,dexamethasone,2,40 mg,4,4
S0445,carfilzomib,3,56 mg/m2,3,3
S0445,lenalidomide,3,25 mg,21,21
S0445,dexamethasone,3,40 mg,4,4
S0445,carfilzomib,4,56 mg/m2,3,3
S0445,lenalidomide,4,25 mg,21,21
S0445,dexamethasone,4,40 mg,4,4
S0445,carfilzomib,5,56 mg/m2,3,3
S0445,lenalidomide,5,25 mg,21,21
S0445,dexamethasone,5,40 mg,4,4
S0445,carfilzomib,6,56 mg/m2,3,3
S0445,lenalidomide,6,25 mg,21,21
S0445,dexamethasone,6,40 mg,4,4
S0445,carfilzomib,7,56 mg/m2,3,3
S0445,lenalidomide,7,25 mg,21,21
S0445,dexamethasone,7,40 mg,4,4
S0445,carfilzomib,8,56 mg/m2,1,1
S0445,lenalidomide,8,25 mg,1,1
S0445,dexamethasone,8,40 mg,1,1
S0446,carfilzomib,1,20 mg/m2 then 27 mg/m2,6,6
S0446,lenalidomide,1,25 mg,21,21
S0446,dexamethasone,1,40 mg,4,4
S0446,carfilzomib,2,27 mg/m2,6,6
S0446,lenalidomide,2,25 mg,21,21
S0446,dexamethasone,2,40 mg,4,4
S0446,carfilzomib,3,27 mg/m2,6,6
S0446,lenalidomide,3,25 mg,21,21
S0446,dexamethasone,3,40 mg,4,4
S0446,carfilzomib,4,27 mg/m2,6,6
S0446,lenalidomide,4,25 mg,21,21
S0446,dexamethasone,4,40 mg,4,4
S0446,carfilzomib,5,27 mg/m2,6,6
S0446,lenalidomide,5,25 mg,21,21
S0446,dexamethasone,5,40 mg,4,4
S0446,carfilzomib,6,27 mg/m2,6,6
S0446,lenalidomide,6,25 mg,21,21
S0446,dexamethasone,6,40 mg,4,4
S0446,carfilzomib,7,27 mg/m2,6,6
S0446,lenalidomide,7,25 mg,21,21
S0446,dexamethasone,7,40 mg,4,4
S0446,carfilzomib,8,27 mg/m2,6,6
S0446,lenalidomide,8,25 mg,21,21
S0446,dexamethasone,8,40 mg,4,4
S0446,carfilzomib,9,27 mg/m2,6,6
S0446,lenalidomide,9,25 mg,21,21
S0446,dexamethasone,9,40 mg,4,4
S0446,carfilzomib,10,27 mg/m2,6,6
S0446,lenalidomide,10,25 mg,21,21
S0446,dexamethasone,10,40 mg,4,4
S0446,carfilzomib,11,27 mg/m2,6,6
S0446,lenalidomide,11,25 mg,21,21
S0446,dexamethasone,11,40 mg,4,4
S0446,carfilzomib,12,27 mg/m2,6,6
S0446,lenalidomide,12,25 mg,21,21
S0446,dexamethasone,12,40 mg,4,4
S0447,carfilzomib,1,20 mg/m2 then 56 mg/m2,3,3
S0447,lenalidomide,1,25 mg,21,21
S0447,dexamethasone,1,40 mg,4,4
S0447,carfilzomib,2,56 mg/m2,3,3
S0447,lenalidomide,2,25 mg,21,21
S0447,dexamethasone,2,40 mg,4,4
S0447,carfilzomib,3,56 mg/m2,3,3
S0447,lenalidomide,3,25 mg,21,21
S0447,dexamethasone,3,40 mg,4,4
S0447,carfilzomib,4,56 mg/m2,3,3
S0447,lenalidomide,4,25 mg,21,21
S0447,dexamethasone,4,40 mg,4,4
S0447,carfilzomib,5,56 mg/m2,3,3
S0447,lenalidomide,5,25 mg,21,21
S0447,dexamethasone,5,40 mg,4,4
S0447,carfilzomib,6,56 mg/m2,3,3
S0447,lenalidomide,6,25 mg,21,21
S0447,dexamethasone,6,40 mg,4,4
S0447,carfilzomib,7,56 mg/m2,3,3
S0447,lenalidomide,7,25 mg,21,21
S0447,dexamethasone,7,40 mg,4,4
S0447,carfilzomib,8,56 mg/m2,3,3
S0447,lenalidomide,8,25 mg,21,21
S0447,dexamethasone,8,40 mg,4,4
S0447,carfilzomib,9,56 mg/m2,3,3
S0447,lenalidomide,9,25 mg,21,21
S0447,dexamethasone,9,40 mg,4,4
S0447,carfilzomib,10,56 mg/m2,3,3
S0447,lenalidomide,10,25 mg,21,21
S0447,dexamethasone,10,40 mg,4,4
S0447,carfilzomib,11,56 mg/m2,3,3
S0447,lenalidomide,11,25 mg,21,21
S0447,dexamethasone,11,40 mg,4,4
S0447,carfilzomib,12,56 mg/m2,3,3
S0447,lenalidomide,12,25 mg,21,21
S0447,dexamethasone,12,40 mg,4,4
S0448,carfilzomib,1,20 mg/m2 then 27 mg/m2,6,6
S0448,lenalidomide,1,25 mg,21,21
S0448,dexamethasone,1,40 mg,4,4
S0448,carfilzomib,2,27 mg/m2,6,6
S0448,lenalidomide,2,25 mg,21,21
S0448,dexamethasone,2,40 mg,4,4
S0448,carfilzomib,3,27 mg/m2,6,6
S0448,lenalidomide,3,25 mg,21,21
S0448,dexamethasone,3,40 mg,4,4
S0448,carfilzomib,4,27 mg/m2,6,6
S0448,lenalidomide,4,25 mg,21,21
S0448,dexamethasone,4,40 mg,4,4
S0448,carfilzomib,5,27 mg/m2,6,6
S0448,lenalidomide,5,25 mg,21,21
S0448,dexamethasone,5,40 mg,4,4
S0448,carfilzomib,6,27 mg/m2,6,6
S0448,lenalidomide,6,25 mg,21,21
S0448,dexamethasone,6,40 mg,4,4
S0448,carfilzomib,7,27 mg/m2,6,6
S0448,lenalidomide,7,25 mg,21,21
S0448,dexamethasone,7,40 mg,4,4
S0448,carfilzomib,8,27 mg/m2,6,6
S0448,lenalidomide,8,25 mg,21,21
S0448,dexamethasone,8,40 mg,4,4
S0448,carfilzomib,9,27 mg/m2,6,6
S0448,lenalidomide,9,25 mg,21,21
S0448,dexamethasone,9,40 mg,4,4
S0448,carfilzomib,10,27 mg/m2,6,6
S0448,lenalidomide,10,25 mg,21,21
S0448,dexamethasone,10,40 mg,4,4
S0448,carfilzomib,11,27 mg/m2,6,6
S0448,lenalidomide,11,25 mg,21,21
S0448,dexamethasone,11,40 mg,4,4
S0448,carfilzomib,12,27 mg/m2,6,6
S0448,lenalidomide,12,25 mg,21,21
S0448,dexamethasone,12,40 mg,4,4
S0449,carfilzomib,1,20 mg/m2 then 56 mg/m2,3,3
S0449,lenalidomide,1,25 mg,21,21
S0449,dexamethasone,1,40 mg,4,4
S0449,carfilzomib,2,56 mg/m2,3,3
S0449,lenalidomide,2,25 mg,21,21
S0449,dexamethasone,2,40 mg,4,4
S0449,carfilzomib,3,56 mg/m2,3,2
S0449,lenalidomide,3,25 mg,21,21
S0449,dexamethasone,3,40 mg,4,4
S0449,carfilzomib,4,56 mg/m2,3,3
S0449,lenalidomide,4,25 mg,21,21
S0449,dexamethasone,4,40 mg,4,4
S0449,carfilzomib,5,56 mg/m2,3,3
S0449,lenalidomide,5,25 mg,21,21
S0449,dexamethasone,5,40 mg,4,4
S0449,carfilzomib,6,56 mg/m2,3,3
S0449,lenalidomide,6,25 mg,21,21
S0449,dexamethasone,6,40 mg,4,4
S0449,carfilzomib,7,56 mg/m2,3,3
S0449,lenalidomide,7,25 mg,21,21
S0449,dexamethasone,7,40 mg,4,4
S0449,carfilzomib,8,56 mg/m2,3,3
S0449,lenalidomide,8,25 mg,21,21
S0449,dexamethasone,8,40 mg,4,4
S0449,carfilzomib,9,56 mg/m2,3,3
S0449,lenalidomide,9,25 mg,21,21
S0449,dexamethasone,9,40 mg,4,4
S0449,carfilzomib,10,56 mg/m2,3,3
S0449,lenalidomide,10,25 mg,21,21
S0449,dexamethasone,10,40 mg,4,4
S0449,carfilzomib,11,56 mg/m2,3,3
S0449,lenalidomide,11,25 mg,21,21
S0449,dexamethasone,11,40 mg,4,4
S0449,carfilzomib,12,56 mg/m2,3,3
S0449,lenalidomide,12,25 mg,21,21
S0449,dexamethasone,12,40 mg,4,4
S0450,carfilzomib,1,20 mg/m2 then 56 mg/m2,3,3
S0450,lenalidomide,1,25 mg,21,21
S0450,dexamethasone,1,40 mg,4,4
S0450,carfilzomib,2,56 mg/m2,3,3
S0450,lenalidomide,2,25 mg,21,21
S0450,dexamethasone,2,40 mg,4,4
S0450,carfilzomib,3,56 mg/m2,3,3
S0450,lenalidomide,3,25 mg,21,21
S0450,dexamethasone,3,40 mg,4,4
S0450,carfilzomib,4,56 mg/m2,3,3
S0450,lenalidomide,4,25 mg,21,21
S0450,dexamethasone,4,40 mg,4,4
S0450,carfilzomib,5,56 mg/m2,3,3
S0450,lenalidomide,5,25 mg,21,21
S0450,dexamethasone,5,40 mg,4,4
S0450,carfilzomib,6,56 mg/m2,3,3
S0450,lenalidomide,6,25 mg,21,21
S0450,dexamethasone,6,40 mg,4,4
S0450,carfilzomib,7,56 mg/m2,3,3
S0450,lenalidomide,7,25 mg,21,21
S0450,dexamethasone,7,40 mg,4,4
S0450,carfilzomib,8,56 mg/m2,3,2
S0450,lenalidomide,8,25 mg,21,21
S0450,dexamethasone,8,40 mg,4,4
S0450,carfilzomib,9,56 mg/m2,3,3
S0450,lenalidomide,9,25 mg,21,21
S0450,dexamethasone,9,40 mg,4,4
S0450,carfilzomib,10,56 mg/m2,3,3
S0450,lenalidomide,10,25 mg,21,21
S0450,dexamethasone,10,40 mg,4,4
S0450,carfilzomib,11,56 mg/m2,3,3
S0450,lenalidomide,11,25 mg,21,21
S0450,dexamethasone,11,40 mg,4,4
S0450,carfilzomib,12,56 mg/m2,3,3
S0450,lenalidomide,12,25 mg,21,21
S0450,dexamethasone,12,40 mg,4,4
S0451,carfilzomib,1,20 mg/m2 then 56 mg/m2,3,3
S0451,lenalidomide,1,25 mg,21,21
S0451,dexamethasone,1,40 mg,4,4
S0451,carfilzomib,2,56 mg/m2,3,3
S0451,lenalidomide,2,25 mg,21,21
S0451,dexamethasone,2,40 mg,4,4
S0451,carfilzomib,3,56 mg/m2,3,3
S0451,lenalidomide,3,25 mg,21,21
S0451,dexamethasone,3,40 mg,4,4
S0451,carfilzomib,4,56 mg/m2,3,3
S0451,lenalidomide,4,25 mg,21,21
S0451,dexamethasone,4,40 mg,4,4
S0451,carfilzomib,5,56 mg/m2,3,3
S0451,lenalidomide,5,25 mg,21,21
S0451,dexamethasone,5,40 mg,4,4
S0451,carfilzomib,6,56 mg/m2,3,3
S0451,lenalidomide,6,25 mg,21,21
S0451,dexamethasone,6,40 mg,4,4
S0451,carfilzomib,7,56 mg/m2,3,3
S0451,lenalidomide,7,25 mg,21,21
S0451,dexamethasone,7,40 mg,4,4
S0451,carfilzomib,8,56 mg/m2,3,3
S0451,lenalidomide,8,25 mg,21,21
S0451,dexamethasone,8,40 mg,4,4
S0451,carfilzomib,9,56 mg/m2,3,3
S0451,lenalidomide,9,25 mg,21,21
S0451,dexamethasone,9,40 mg,4,4
S0451,carfilzomib,10,56 mg/m2,3,3
S0451,lenalidomide,10,25 mg,21,21
S0451,dexamethasone,10,40 mg,4,4
S0451,carfilzomib,11,56 mg/m2,3,3
S0451,lenalidomide,11,25 mg,21,21
S0451,dexamethasone,11,40 mg,4,4
S0451,carfilzomib,12,56 mg/m2,3,3
S0451,lenalidomide,12,25 mg,21,21
S0451,dexamethasone,12,40 mg,4,4
S0452,carfilzomib,1,20 mg/m2 then 56 mg/m2,3,3
S0452,lenalidomide,1,25 mg,21,21
S0452,dexamethasone,1,40 mg,4,4
S0452,carfilzomib,2,56 mg/m2,3,3
S0452,lenalidomide,2,25 mg,21,21
S0452,dexamethasone,2,40 mg,4,4
S0452,carfilzomib,3,56 mg/m2,3,3
S0452,lenalidomide,3,25 mg,21,21
S0452,dexamethasone,3,40 mg,4,4
S0452,carfilzomib,4,56 mg/m2,3,3
S0452,lenalidomide,4,25 mg,21,21
S0452,dexamethasone,4,40 mg,4,4
S0452,carfilzomib,5,56 mg/m2,3,3
S0452,lenalidomide,5,25 mg,21,21
S0452,dexamethasone,5,40 mg,4,4
S0452,carfilzomib,6,56 mg/m2,3,3
S0452,lenalidomide,6,25 mg,21,21
S0452,dexamethasone,6,40 mg,4,4
S0452,carfilzomib,7,56 mg/m2,3,3
S0452,lenalidomide,7,25 mg,21,21
S0452,dexamethasone,7,40 mg,4,4
S0452,carfilzomib,8,56 mg/m2,3,3
S0452,lenalidomide,8,25 mg,21,21
S0452,dexamethasone,8,40 mg,4,4
S0452,carfilzomib,9,56 mg/m2,3,3
S0452,lenalidomide,9,25 mg,21,21
S0452,dexamethasone,9,40 mg,4,4
S0452,carfilzomib,10,56 mg/m2,3,3
S0452,lenalidomide,10,25 mg,21,21
S0452,dexamethasone,10,40 mg,4,4
S0452,carfilzomib,11,56 mg/m2,1,1
S0452,lenalidomide,11,25 mg,1,1
S0452,dexamethasone,11,40 mg,1,1
S0453,carfilzomib,1,20 mg/m2 then 56 mg/m2,3,3
S0453,lenalidomide,1,25 mg,21,21
S0453,dexamethasone,1,40 mg,4,4
S0453,carfilzomib,2,56 mg/m2,3,3
S0453,lenalidomide,2,25 mg,21,21
S0453,dexamethasone,2,40 mg,4,4
S0453,carfilzomib,3,56 mg/m2,3,3
S0453,lenalidomide,3,25 mg,21,21
S0453,dexamethasone,3,40 mg,4,4
S0453,carfilzomib,4,56 mg/m2,3,3
S0453,lenalidomide,4,25 mg,21,21
S0453,dexamethasone,4,40 mg,4,4
S0453,carfilzomib,5,56 mg/m2,3,3
S0453,lenalidomide,5,25 mg,21,21
S0453,dexamethasone,5,40 mg,4,4
S0453,carfilzomib,6,56 mg/m2,3,3
S0453,lenalidomide,6,25 mg,21,21
S0453,dexamethasone,6,40 mg,4,4
S0453,carfilzomib,7,56 mg/m2,3,3
S0453,lenalidomide,7,25 mg,21,21
S0453,dexamethasone,7,40 mg,4,4
S0453,carfilzomib,8,56 mg/m2,3,3
S0453,lenalidomide,8,25 mg,21,21
S0453,dexamethasone,8,40 mg,4,4
S0454,carfilzomib,1,20 mg/m2 then 56 mg/m2,3,3
S0454,lenalidomide,1,25 mg,21,21
S0454,dexamethasone,1,40 mg,4,4
S0454,carfilzomib,2,56 mg/m2,3,3
S0454,lenalidomide,2,25 mg,21,21
S0454,dexamethasone,2,40 mg,4,4
S0454,carfilzomib,3,56 mg/m2,3,3
S0454,lenalidomide,3,25 mg,21,21
S0454,dexamethasone,3,40 mg,4,4
S0454,carfilzomib,4,56 mg/m2,3,3
S0454,lenalidomide,4,25 mg,21,21
S0454,dexamethasone,4,40 mg,4,4
S0454,carfilzomib,5,56 mg/m2,3,3
S0454,lenalidomide,5,25 mg,21,21
S0454,dexamethasone,5,40 mg,4,4
S0454,carfilzomib,6,56 mg/m2,3,3
S0454,lenalidomide,6,25 mg,21,21
S0454,dexamethasone,6,40 mg,4,4
S0454,carfilzomib,7,56 mg/m2,3,3
S0454,lenalidomide,7,25 mg,21,21
S0454,dexamethasone,7,40 mg,4,4
S0454,carfilzomib,8,56 mg/m2,3,3
S0454,lenalidomide,8,25 mg,21,21
S0454,dexamethasone,8,40 mg,4,4
S0454,carfilzomib,9,56 mg/m2,3,3
S0454,lenalidomide,9,25 mg,21,21
S0454,dexamethasone,9,40 mg,4,4
S0454,carfilzomib,10,56 mg/m2,3,3
S0454,lenalidomide,10,25 mg,21,21
S0454,dexamethasone,10,40 mg,4,4
S0454,carfilzomib,11,56 mg/m2,3,3
S0454,lenalidomide,11,25 mg,21,21
S0454,dexamethasone,11,40 mg,4,4
S0454,carfilzomib,12,56 mg/m2,3,3
S0454,lenalidomide,12,25 mg,21,21
S0454,dexamethasone,12,40 mg,4,4
S0455,carfilzomib,1,20 mg/m2 then 56 mg/m2,3,3
S0455,lenalidomide,1,25 mg,21,21
S0455,dexamethasone,1,40 mg,4,4
S0455,carfilzomib,2,56 mg/m2,3,3
S0455,lenalidomide,2,25 mg,21,21
S0455,dexamethasone,2,40 mg,4,4
S0455,carfilzomib,3,56 mg/m2,3,3
S0455,lenalidomide,3,25 mg,21,21
S0455,dexamethasone,3,40 mg,4,4
S0455,carfilzomib,4,56 mg/m2,3,3
S0455,lenalidomide,4,25 mg,21,21
S0455,dexamethasone,4,40 mg,4,4
S0455,carfilzomib,5,56 mg/m2,3,3
S0455,lenalidomide,5,25 mg,21,21
S0455,dexamethasone,5,40 mg,4,4
S0455,carfilzomib,6,56 mg/m2,3,3
S0455,lenalidomide,6,25 mg,21,21
S0455,dexamethasone,6,40 mg,4,4
S0455,carfilzomib,7,56 mg/m2,3,3
S0455,lenalidomide,7,25 mg,21,21
S0455,dexamethasone,7,40 mg,4,4
S0455,carfilzomib,8,56 mg/m2,3,3
S0455,lenalidomide,8,25 mg,21,21
S0455,dexamethasone,8,40 mg,4,4
S0455,carfilzomib,9,56 mg/m2,3,2
S0455,lenalidomide,9,25 mg,21,21
S0455,dexamethasone,9,40 mg,4,4
S0455,carfilzomib,10,56 mg/m2,3,3
S0455,lenalidomide,10,25 mg,21,21
S0455,dexamethasone,10,40 mg,4,4
S0455,carfilzomib,11,56 mg/m2,3,3
S0455,lenalidomide,11,25 mg,21,21
S0455,dexamethasone,11,40 mg,4,4
S0455,carfilzomib,12,56 mg/m2,3,2
S0455,lenalidomide,12,25 mg,21,21
S0455,dexamethasone,12,40 mg,4,4
S0456,carfilzomib,1,20 mg/m2 then 27 mg/m2,6,6
S0456,lenalidomide,1,25 mg,21,21
S0456,dexamethasone,1,40 mg,4,4
S0456,carfilzomib,2,27 mg/m2,1,1
S0456,lenalidomide,2,25 mg,1,1
S0456,dexamethasone,2,40 mg,1,1
S0457,carfilzomib,1,20 mg/m2 then 56 mg/m2,3,3
S0457,lenalidomide,1,25 mg,21,21
S0457,dexamethasone,1,40 mg,4,4
S0457,carfilzomib,2,56 mg/m2,3,3
S0457,lenalidomide,2,25 mg,21,21
S0457,dexamethasone,2,40 mg,4,4
S0457,carfilzomib,3,56 mg/m2,3,3
S0457,lenalidomide,3,25 mg,21,21
S0457,dexamethasone,3,40 mg,4,4
S0457,carfilzomib,4,56 mg/m2,3,3
S0457,lenalidomide,4,25 mg,21,21
S0457,dexamethasone,4,40 mg,4,4
S0457,carfilzomib,5,56 mg/m2,1,1
S0457,lenalidomide,5,25 mg,1,1
S0457,dexamethasone,5,40 mg,1,1
S0458,carfilzomib,1,20 mg/m2 then 27 mg/m2,6,6
S0458,lenalidomide,1,25 mg,21,21
S0458,dexamethasone,1,40 mg,4,4
S0458,carfilzomib,2,27 mg/m2,6,6
S0458,lenalidomide,2,25 mg,21,21
S0458,dexamethasone,2,40 mg,4,4
S0458,carfilzomib,3,27 mg/m2,6,6
S0458,lenalidomide,3,25 mg,21,21
S0458,dexamethasone,3,40 mg,4,4
S0458,carfilzomib,4,27 mg/m2,6,6
S0458,lenalidomide,4,25 mg,21,21
S0458,dexamethasone,4,40 mg,4,4
S0458,carfilzomib,5,27 mg/m2,6,6
S0458,lenalidomide,5,25 mg,21,21
S0458,dexamethasone,5,40 mg,4,4
S0458,carfilzomib,6,27 mg/m2,6,6
S0458,lenalidomide,6,25 mg,21,21
S0458,dexamethasone,6,40 mg,4,4
S0458,carfilzomib,7,27 mg/m2,6,6
S0458,lenalidomide,7,25 mg,21,21
S0458,dexamethasone,7,40 mg,4,4
S0458,carfilzomib,8,27 mg/m2,6,6
S0458,lenalidomide,8,25 mg,21,21
S0458,dexamethasone,8,40 mg,4,4
S0458,carfilzomib,9,27 mg/m2,6,6
S0458,lenalidomide,9,25 mg,21,21
S0458,dexamethasone,9,40 mg,4,4
S0458,carfilzomib,10,27 mg/m2,6,6
S0458,lenalidomide,10,25 mg,21,21
S0458,dexamethasone,10,40 mg,4,4
S0458,carfilzomib,11,27 mg/m2,6,6
S0458,lenalidomide,11,25 mg,21,21
S0458,dexamethasone,11,40 mg,4,4
S0458,carfilzomib,12,27 mg/m2,6,6
S0458,lenalidomide,12,25 mg,21,21
S0458,dexamethasone,12,40 mg,4,4
S0459,carfilzomib,1,20 mg/m2 then 27 mg/m2,6,6
S0459,lenalidomide,1,25 mg,21,21
S0459,dexamethasone,1,40 mg,4,4
S0459,carfilzomib,2,27 mg/m2,6,6
S0459,lenalidomide,2,25 mg,21,21
S0459,dexamethasone,2,40 mg,4,4
S0459,carfilzomib,3,27 mg/m2,6,6
S0459,lenalidomide,3,25 mg,21,21
S0459,dexamethasone,3,40 mg,4,4
S0459,carfilzomib,4,27 mg/m2,6,6
S0459,lenalidomide,4,25 mg,21,21
S0459,dexamethasone,4,40 mg,4,4
S0459,carfilzomib,5,27 mg/m2,6,6
S0459,lenalidomide,5,25 mg,21,21
S0459,dexamethasone,5,40 mg,4,4
S0459,carfilzomib,6,27 mg/m2,6,6
S0459,lenalidomide,6,25 mg,21,21
S0459,dexamethasone,6,40 mg,4,4
S0459,carfilzomib,7,27 mg/m2,6,6
S0459,lenalidomide,7,25 mg,21,21
S0459,dexamethasone,7,40 mg,4,4
S0459,carfilzomib,8,27 mg/m2,6,6
S0459,lenalidomide,8,25 mg,21,21
S0459,dexamethasone,8,40 mg,4,4
S0459,carfilzomib,9,27 mg/m2,6,6
S0459,lenalidomide,9,25 mg,21,21
S0459,dexamethasone,9,40 mg,4,4
S0459,carfilzomib,10,27 mg/m2,6,6
S0459,lenalidomide,10,25 mg,21,21
S0459,dexamethasone,10,40 mg,4,4
S0459,carfilzomib,11,27 mg/m2,6,6
S0459,lenalidomide,11,25 mg,21,21
S0459,dexamethasone,11,40 mg,4,4
S0459,carfilzomib,12,27 mg/m2,6,6
S0459,lenalidomide,12,25 mg,21,21
S0459,dexamethasone,12,40 mg,4,4
S0460,carfilzomib,1,20 mg/m2 then 56 mg/m2,3,3
S0460,lenalidomide,1,25 mg,21,21
S0460,dexamethasone,1,40 mg,4,4
S0460,carfilzomib,2,56 mg/m2,3,3
S0460,lenalidomide,2,25 mg,21,21
S0460,dexamethasone,2,40 mg,4,4
S0460,carfilzomib,3,56 mg/m2,3,3
S0460,lenalidomide,3,25 mg,21,21
S0460,dexamethasone,3,40 mg,4,4
S0460,carfilzomib,4,56 mg/m2,3,3
S0460,lenalidomide,4,25 mg,21,21
S0460,dexamethasone,4,40 mg,4,4
S0460,carfilzomib,5,56 mg/m2,3,3
S0460,lenalidomide,5,25 mg,21,21
S0460,dexamethasone,5,40 mg,4,4
S0460,carfilzomib,6,56 mg/m2,3,3
S0460,lenalidomide,6,25 mg,21,21
S0460,dexamethasone,6,40 mg,4,4
S0460,carfilzomib,7,56 mg/m2,3,3
S0460,lenalidomide,7,25 mg,21,21
S0460,dexamethasone,7,40 mg,4,4
S0460,carfilzomib,8,56 mg/m2,3,3
S0460,lenalidomide,8,25 mg,21,21
S0460,dexamethasone,8,40 mg,4,4
S0460,carfilzomib,9,56 mg/m2,3,3
S0460,lenalidomide,9,25 mg,21,21
S0460,dexamethasone,9,40 mg,4,4
S0460,carfilzomib,10,56 mg/m2,3,3
S0460,lenalidomide,10,25 mg,21,21
S0460,dexamethasone,10,40 mg,4,4
S0460,carfilzomib,11,56 mg/m2,3,3
S0460,lenalidomide,11,25 mg,21,21
S0460,dexamethasone,11,40 mg,4,4
S0460,carfilzomib,12,56 mg/m2,3,3
S0460,lenalidomide,12,25 mg,21,21
S0460,dexamethasone,12,40 mg,4,4
