USUBJID,RSTEST,RSORRES,RSDY,VISIT
S0001,overall response,no progression (response category not simulated),29,TA1
S0001,overall response,no progression (response category not simulated),57,TA2
S0001,overall response,no progression (response category not simulated),85,TA3
S0001,overall response,no progression (response category not simulated),113,TA4
S0001,overall response,no progression (response category not simulated),141,TA5
S0001,overall response,no progression (response category not simulated),169,TA6
S0001,overall response,no progression (response category not simulated),197,TA7
S0001,overall response,no progression (response category not simulated),225,TA8
S0001,overall response,no progression (response category not simulated),253,TA9
S0001,overall response,no progression (response category not simulated),281,TA10
S0001,overall response,no progression (response category not simulated),309,TA11
S0001,overall response,no progression (response category not simulated),337,TA12
S0002,overall response,no progression (response category not simulated),29,TA1
S0002,overall response,no progression (response category not simulated),57,TA2
S0002,overall response,no progression (response category not simulated),85,TA3
S0002,overall response,no progression (response category not simulated),113,TA4
S0002,overall response,no progression (response category not simulated),141,TA5
S0002,overall response,no progression (response category not simulated),169,TA6
S0002,overall response,no progression (response category not simulated),197,TA7
S0002,overall response,no progression (response category not simulated),225,TA8
S0002,overall response,no progression (response category not simulated),253,TA9
S0002,overall response,no progression (response category not simulated),281,TA10
S0002,overall response,no progression (response category not simulated),309,TA11
S0002,overall response,no progression (response category not simulated),337,TA12
S0003,overall response,no progression (response category not simulated),29,TA1
S0003,overall response,no progression (response category not simulated),57,TA2
S0003,overall response,no progression (response category not simulated),85,TA3
S0003,overall response,no progression (response category not simulated),113,TA4
S0003,overall response,no progression (response category not simulated),141,TA5
S0003,overall response,no progression (response category not simulated),169,TA6
S0003,overall response,no progression (response category not simulated),197,TA7
S0003,overall response,no progression (response category not simulated),225,TA8
S0003,overall response,no progression (response category not simulated),253,TA9
S0003,overall response,no progression (response category not simulated),281,TA10
S0003,overall response,no progression (response category not simulated),309,TA11
S0003,overall response,no progression (response category not simulated),337,TA12
S0004,overall response,no progression (response category not simulated),29,TA1
S0004,overall response,no progression (response category not simulated),57,TA2
S0004,overall response,no progression (response category not simulated),85,TA3
S0004,overall response,no progression (response category not simulated),113,TA4
S0004,overall response,no progression (response category not simulated),141,TA5
S0004,overall response,no progression (response category not simulated),169,TA6
S0004,overall response,no progression (response category not simulated),197,TA7
S0004,overall response,no progression (response category not simulated),225,TA8
S0004,overall response,no progression (response category not simulated),253,TA9
S0004,overall response,no progression (response category not simulated),281,TA10
S0004,overall response,no progression (response category not simulated),309,TA11
S0005,overall response,no progression (response category not simulated),29,TA1
S0005,overall response,no progression (response category not simulated),57,TA2
S0005,overall response,no progression (response category not simulated),85,TA3
S0005,overall response,no progression (response category not simulated),113,TA4
S0005,overall response,no progression (response category not simulated),141,TA5
S0005,overall response,no progression (response category not simulated),169,TA6
S0005,overall response,no progression (response category not simulated),197,TA7
S0005,overall response,no progression (response category not simulated),225,TA8
S0005,overall response,no progression (response category not simulated),253,TA9
S0005,overall response,no progression (response category not simulated),281,TA10
S0005,overall response,no progression (response category not simulated),309,TA11
S0005,overall response,no progression (response category not simulated),337,TA12
S0006,overall response,no progression (response category not simulated),29,TA1
S0006,overall response,no progression (response category not simulated),57,TA2
S0006,overall response,no progression (response category not simulated),85,TA3
S0006,overall response,no progression (response category not simulated),113,TA4
S0006,overall response,no progression (response category not simulated),141,TA5
S0006,overall response,no progression (response category not simulated),169,TA6
S0006,overall response,no progression (response category not simulated),197,TA7
S0006,overall response,no progression (response category not simulated),225,TA8
S0006,overall response,no progression (response category not simulated),253,TA9
S0006,overall response,no progression (response category not simulated),281,TA10
S0006,overall response,no progression (response category not simulated),309,TA11
S0006,overall response,no progression (response category not simulated),337,TA12
S0007,overall response,no progression (response category not simulated),29,TA1
S0007,overall response,no progression (response category not simulated),57,TA2
S0007,overall response,no progression (response category not simulated),85,TA3
S0007,overall response,no progression (response category not simulated),113,TA4
S0007,overall response,no progression (response category not simulated),141,TA5
S0007,overall response,no progression (response category not simulated),169,TA6
S0007,overall response,no progression (response category not simulated),197,TA7
S0007,overall response,no progression (response category not simulated),225,TA8
S0007,overall response,no progression (response category not simulated),253,TA9
S0007,overall response,no progression (response category not simulated),281,TA10
S0007,overall response,no progression (response category not simulated),309,TA11
S0007,overall response,no progression (response category not simulated),337,TA12
S0008,overall response,no progression (response category not simulated),29,TA1
S0008,overall response,no progression (response category not simulated),57,TA2
S0008,overall response,no progression (response category not simulated),85,TA3
S0008,overall response,no progression (response category not simulated),113,TA4
S0008,overall response,no progression (response category not simulated),141,TA5
S0008,overall response,no progression (response category not simulated),169,TA6
S0008,overall response,no progression (response category not simulated),197,TA7
S0008,overall response,no progression (response category not simulated),225,TA8
S0008,overall response,no progression (response category not simulated),253,TA9
S0008,overall response,no progression (response category not simulated),281,TA10
S0008,overall response,no progression (response category not simulated),309,TA11
S0008,overall response,no progression (response category not simulated),337,TA12
S0009,overall response,no progression (response category not simulated),29,TA1
S0009,overall response,no progression (response category not simulated),57,TA2
S0009,overall response,no progression (response category not simulated),85,TA3
S0009,overall response,no progression (response category not simulated),113,TA4
S0009,overall response,no progression (response category not simulated),141,TA5
S0009,overall response,no progression (response category not simulated),169,TA6
S0009,overall response,no progression (response category not simulated),197,TA7
S0009,overall response,no progression (response category not simulated),225,TA8
S0009,overall response,no progression (response category not simulated),253,TA9
S0009,overall response,no progression (response category not simulated),281,TA10
S0009,overall response,no progression (response category not simulated),309,TA11
S0009,overall response,no progression (response category not simulated),337,TA12
S0010,overall response,no progression (response category not simulated),29,TA1
S0010,overall response,no progression (response category not simulated),57,TA2
S0010,overall response,no progression (response category not simulated),85,TA3
S0010,overall response,no progression (response category not simulated),113,TA4
S0010,overall response,no progression (response category not simulated),141,TA5
S0010,overall response,no progression (response category not simulated),169,TA6
S0010,overall response,no progression (response category not simulated),197,TA7
S0010,overall response,no progression (response category not simulated),225,TA8
S0010,overall response,no progression (response category not simulated),253,TA9
S0010,overall response,no progression (response category not simulated),281,TA10
S0010,overall response,no progression (response category not simulated),309,TA11
S0010,overall response,no progression (response category not simulated),337,TA12
S0011,overall response,no progression (response category not simulated),29,TA1
S0011,overall response,no progression (response category not simulated),57,TA2
S0011,overall response,no progression (response category not simulated),85,TA3
S0011,overall response,no progression (response category not simulated),113,TA4
S0011,overall response,no progression (response category not simulated),141,TA5
S0011,overall response,no progression (response category not simulated),169,TA6
S0011,overall response,no progression (response category not simulated),197,TA7
S0011,overall response,no progression (response category not simulated),225,TA8
S0011,overall response,no progression (response category not simulated),253,TA9
S0011,overall response,no progression (response category not simulated),281,TA10
S0011,overall response,no progression (response category not simulated),309,TA11
S0011,overall response,no progression (response category not simulated),337,TA12
S0012,overall response,no progression (response category not simulated),29,TA1
S0012,overall response,no progression (response category not simulated),57,TA2
S0012,overall response,no progression (response category not simulated),85,TA3
S0012,overall response,no progression (response category not simulated),113,TA4
S0012,overall response,no progression (response category not simulated),141,TA5
S0012,overall response,no progression (response category not simulated),169,TA6
S0012,overall response,no progression (response category not simulated),197,TA7
S0012,overall response,no progression (response category not simulated),225,TA8
S0012,overall response,no progression (response category not simulated),253,TA9
S0012,overall response,no progression (response category not simulated),281,TA10
S0012,overall response,no progression (response category not simulated),309,TA11
S0012,overall response,no progression (response category not simulated),337,TA12
S0013,overall response,no progression (response category not simulated),29,TA1
S0013,overall response,no progression (response category not simulated),57,TA2
S0013,overall response,no progression (response category not simulated),85,TA3
S0013,overall response,no progression (response category not simulated),113,TA4
S0013,overall response,no progression (response category not simulated),141,TA5
S0013,overall response,no progression (response category not simulated),169,TA6
S0013,overall response,no progression (response category not simulated),197,TA7
S0013,overall response,no progression (response category not simulated),225,TA8
S0013,overall response,no progression (response category not simulated),253,TA9
S0013,overall response,no progression (response category not simulated),281,TA10
S0013,overall response,no progression (response category not simulated),309,TA11
S0013,overall response,no progression (response category not simulated),337,TA12
S0015,overall response,no progression (response category not simulated),29,TA1
S0016,overall response,no progression (response category not simulated),29,TA1
S0016,overall response,no progression (response category not simulated),57,TA2
S0016,overall response,no progression (response category not simulated),85,TA3
S0016,overall response,no progression (response category not simulated),113,TA4
S0016,overall response,no progression (response category not simulated),141,TA5
S0016,overall response,no progression (response category not simulated),169,TA6
S0016,overall response,no progression (response category not simulated),197,TA7
S0016,overall response,no progression (response category not simulated),225,TA8
S0016,overall response,no progression (response category not simulated),253,TA9
S0016,overall response,no progression (response category not simulated),281,TA10
S0016,overall response,no progression (response category not simulated),309,TA11
S0016,overall response,no progression (response category not simulated),337,TA12
S0017,overall response,no progression (response category not simulated),29,TA1
S0017,overall response,no progression (response category not simulated),57,TA2
S0017,overall response,no progression (response category not simulated),85,TA3
S0017,overall response,no progression (response category not simulated),113,TA4
S0017,overall response,no progression (response category not simulated),141,TA5
S0017,overall response,no progression (response category not simulated),169,TA6
S0017,overall response,no progression (response category not simulated),197,TA7
S0017,overall response,no progression (response category not simulated),225,TA8
S0017,overall response,no progression (response category not simulated),253,TA9
S0017,overall response,no progression (response category not simulated),281,TA10
S0017,overall response,no progression (response category not simulated),309,TA11
S0017,overall response,no progression (response category not simulated),337,TA12
S0018,overall response,no progression (response category not simulated),29,TA1
S0018,overall response,no progression (response category not simulated),57,TA2
S0018,overall response,no progression (response category not simulated),85,TA3
S0018,overall response,no progression (response category not simulated),113,TA4
S0018,overall response,no progression (response category not simulated),141,TA5
S0018,overall response,no progression (response category not simulated),169,TA6
S0018,overall response,no progression (response category not simulated),197,TA7
S0018,overall response,no progression (response category not simulated),225,TA8
S0018,overall response,no progression (response category not simulated),253,TA9
S0018,overall response,no progression (response category not simulated),281,TA10
S0018,overall response,no progression (response category not simulated),309,TA11
S0018,overall response,no progression (response category not simulated),337,TA12
S0019,overall response,no progression (response category not simulated),29,TA1
S0019,overall response,no progression (response category not simulated),57,TA2
S0019,overall response,no progression (response category not simulated),85,TA3
S0019,overall response,no progression (response category not simulated),113,TA4
S0019,overall response,no progression (response category not simulated),141,TA5
S0019,overall response,no progression (response category not simulated),169,TA6
S0019,overall response,no progression (response category not simulated),197,TA7
S0019,overall response,no progression (response category not simulated),225,TA8
S0019,overall response,no progression (response category not simulated),253,TA9
S0019,overall response,no progression (response category not simulated),281,TA10
S0019,overall response,no progression (response category not simulated),309,TA11
S0019,overall response,no progression (response category not simulated),337,TA12
S0020,overall response,no progression (response category not simulated),29,TA1
S0020,overall response,no progression (response category not simulated),57,TA2
S0020,overall response,no progression (response category not simulated),85,TA3
S0020,overall response,no progression (response category not simulated),113,TA4
S0020,overall response,no progression (response category not simulated),141,TA5
S0020,overall response,no progression (response category not simulated),169,TA6
S0020,overall response,no progression (response category not simulated),197,TA7
S0020,overall response,no progression (response category not simulated),225,TA8
S0020,overall response,no progression (response category not simulated),253,TA9
S0020,overall response,no progression (response category not simulated),281,TA10
S0020,overall response,no progression (response category not simulated),309,TA11
S0020,overall response,no progression (response category not simulated),337,TA12
S0021,overall response,no progression (response category not simulated),29,TA1
S0021,overall response,no progression (response category not simulated),57,TA2
S0021,overall response,no progression (response category not simulated),85,TA3
S0021,overall response,no progression (response category not simulated),113,TA4
S0021,overall response,no progression (response category not simulated),141,TA5
S0021,overall response,no progression (response category not simulated),169,TA6
S0021,overall response,no progression (response category not simulated),197,TA7
S0021,overall response,no progression (response category not simulated),225,TA8
S0021,overall response,no progression (response category not simulated),253,TA9
S0021,overall response,no progression (response category not simulated),281,TA10
S0021,overall response,no progression (response category not simulated),309,TA11
S0021,overall response,no progression (response category not simulated),337,TA12
S0022,overall response,no progression (response category not simulated),29,TA1
S0022,overall response,no progression (response category not simulated),57,TA2
S0022,overall response,no progression (response category not simulated),85,TA3
S0022,overall response,no progression (response category not simulated),113,TA4
S0022,overall response,no progression (response category not simulated),141,TA5
S0022,overall response,no progression (response category not simulated),169,TA6
S0022,overall response,no progression (response category not simulated),197,TA7
S0022,overall response,no progression (response category not simulated),225,TA8
S0022,overall response,no progression (response category not simulated),253,TA9
S0022,overall response,no progression (response category not simulated),281,TA10
S0022,overall response,progressive disease,309,TA11
S0023,overall response,no progression (response category not simulated),29,TA1
S0023,overall response,no progression (response category not simulated),57,TA2
S0023,overall response,no progression (response category not simulated),85,TA3
S0023,overall response,no progression (response category not simulated),113,TA4
S0023,overall response,no progression (response category not simulated),141,TA5
S0023,overall response,no progression (response category not simulated),169,TA6
S0023,overall response,no progression (response category not simulated),197,TA7
S0023,overall response,no progression (response category not simulated),225,TA8
S0023,overall response,no progression (response category not simulated),253,TA9
S0023,overall response,no progression (response category not simulated),281,TA10
S0023,overall response,no progression (response category not simulated),309,TA11
S0023,overall response,no progression (response category not simulated),337,TA12
S0024,overall response,no progression (response category not simulated),29,TA1
S0024,overall response,no progression (response category not simulated),57,TA2
S0024,overall response,no progression (response category not simulated),85,TA3
S0024,overall response,no progression (response category not simulated),113,TA4
S0024,overall response,no progression (response category not simulated),141,TA5
S0024,overall response,no progression (response category not simulated),169,TA6
S0024,overall response,no progression (response category not simulated),197,TA7
S0024,overall response,no progression (response category not simulated),225,TA8
S0024,overall response,no progression (response category not simulated),253,TA9
S0024,overall response,no progression (response category not simulated),281,TA10
S0024,overall response,no progression (response category not simulated),309,TA11
S0024,overall response,no progression (response category not simulated),337,TA12
S0025,overall response,no progression (response category not simulated),29,TA1
S0025,overall response,no progression (response category not simulated),57,TA2
S0025,overall response,no progression (response category not simulated),85,TA3
S0025,overall response,no progression (response category not simulated),113,TA4
S0025,overall response,progressive disease,141,TA5
S0026,overall response,progressive disease,29,TA1
S0027,overall response,no progression (response category not simulated),29,TA1
S0027,overall response,no progression (response category not simulated),57,TA2
S0027,overall response,no progression (response category not simulated),85,TA3
S0027,overall response,no progression (response category not simulated),113,TA4
S0027,overall response,no progression (response category not simulated),141,TA5
S0027,overall response,no progression (response category not simulated),169,TA6
S0027,overall response,no progression (response category not simulated),197,TA7
S0027,overall response,no progression (response category not simulated),225,TA8
S0027,overall response,no progression (response category not simulated),253,TA9
S0027,overall response,no progression (response category not simulated),281,TA10
S0027,overall response,no progression (response category not simulated),309,TA11
S0027,overall response,no progression (response category not simulated),337,TA12
S0028,overall response,no progression (response category not simulated),29,TA1
S0028,overall response,no progression (response category not simulated),57,TA2
S0028,overall response,no progression (response category not simulated),85,TA3
S0028,overall response,no progression (response category not simulated),113,TA4
S0028,overall response,no progression (response category not simulated),141,TA5
S0028,overall response,no progression (response category not simulated),169,TA6
S0028,overall response,no progression (response category not simulated),197,TA7
S0028,overall response,no progression (response category not simulated),225,TA8
S0028,overall response,no progression (response category not simulated),253,TA9
S0028,overall response,no progression (response category not simulated),281,TA10
S0028,overall response,no progression (response category not simulated),309,TA11
S0028,overall response,no progression (response category not simulated),337,TA12
S0029,overall response,no progression (response category not simulated),29,TA1
S0029,overall response,no progression (response category not simulated),57,TA2
S0029,overall response,no progression (response category not simulated),85,TA3
S0029,overall response,no progression (response category not simulated),113,TA4
S0029,overall response,no progression (response category not simulated),141,TA5
S0029,overall response,no progression (response category not simulated),169,TA6
S0029,overall response,no progression (response category not simulated),197,TA7
S0029,overall response,no progression (response category not simulated),225,TA8
S0029,overall response,no progression (response category not simulated),253,TA9
S0029,overall response,no progression (response category not simulated),281,TA10
S0029,overall response,no progression (response category not simulated),309,TA11
S0029,overall response,no progression (response category not simulated),337,TA12
S0030,overall response,no progression (response category not simulated),29,TA1
S0030,overall response,no progression (response category not simulated),57,TA2
S0030,overall response,no progression (response category not simulated),85,TA3
S0030,overall response,no progression (response category not simulated),113,TA4
S0030,overall response,no progression (response category not simulated),141,TA5
S0030,overall response,no progression (response category not simulated),169,TA6
S0030,overall response,no progression (response category not simulated),197,TA7
S0030,overall response,no progression (response category not simulated),225,TA8
S0030,overall response,no progression (response category not simulated),253,TA9
S0030,overall response,no progression (response category not simulated),281,TA10
S0030,overall response,no progression (response category not simulated),309,TA11
S0030,overall response,no progression (response category not simulated),337,TA12
S0031,overall response,no progression (response category not simulated),29,TA1
S0031,overall response,no progression (response category not simulated),57,TA2
S0031,overall response,no progression (response category not simulated),85,TA3
S0031,overall response,no progression (response category not simulated),113,TA4
S0031,overall response,no progression (response category not simulated),141,TA5
S0031,overall response,no progression (response category not simulated),169,TA6
S0031,overall response,no progression (response category not simulated),197,TA7
S0031,overall response,no progression (response category not simulated),225,TA8
S0031,overall response,no progression (response category not simulated),253,TA9
S0031,overall response,no progression (response category not simulated),281,TA10
S0031,overall response,progressive disease,309,TA11
S0032,overall response,progressive disease,29,TA1
S0033,overall response,no progression (response category not simulated),29,TA1
S0033,overall response,no progression (response category not simulated),57,TA2
S0033,overall response,no progression (response category not simulated),85,TA3
S0033,overall response,no progression (response category not simulated),113,TA4
S0033,overall response,no progression (response category not simulated),141,TA5
S0033,overall response,no progression (response category not simulated),169,TA6
S0033,overall response,no progression (response category not simulated),197,TA7
S0033,overall response,no progression (response category not simulated),225,TA8
S0033,overall response,no progression (response category not simulated),253,TA9
S0033,overall response,no progression (response category not simulated),281,TA10
S0033,overall response,no progression (response category not simulated),309,TA11
S0033,overall response,no progression (response category not simulated),337,TA12
S0034,overall response,no progression (response category not simulated),29,TA1
S0034,overall response,no progression (response category not simulated),57,TA2
S0034,overall response,no progression (response category not simulated),85,TA3
S0034,overall response,no progression (response category not simulated),113,TA4
S0034,overall response,no progression (response category not simulated),141,TA5
S0034,overall response,no progression (response category not simulated),169,TA6
S0034,overall response,no progression (response category not simulated),197,TA7
S0034,overall response,no progression (response category not simulated),225,TA8
S0034,overall response,no progression (response category not simulated),253,TA9
S0034,overall response,no progression (response category not simulated),281,TA10
S0034,overall response,no progression (response category not simulated),309,TA11
S0034,overall response,no progression (response category not simulated),337,TA12
S0035,overall response,no progression (response category not simulated),29,TA1
S0035,overall response,no progression (response category not simulated),57,TA2
S0035,overall response,no progression (response category not simulated),85,TA3
S0035,overall response,no progression (response category not simulated),113,TA4
S0035,overall response,no progression (response category not simulated),141,TA5
S0035,overall response,no progression (response category not simulated),169,TA6
S0035,overall response,no progression (response category not simulated),197,TA7
S0035,overall response,no progression (response category not simulated),225,TA8
S0035,overall response,no progression (response category not simulated),253,TA9
S0035,overall response,no progression (response category not simulated),281,TA10
S0035,overall response,no progression (response category not simulated),309,TA11
S0035,overall response,no progression (response category not simulated),337,TA12
S0036,overall response,no progression (response category not simulated),29,TA1
S0036,overall response,progressive disease,57,TA2
S0037,overall response,no progression (response category not simulated),29,TA1
S0037,overall response,no progression (response category not simulated),57,TA2
S0037,overall response,no progression (response category not simulated),85,TA3
S0037,overall response,no progression (response category not simulated),113,TA4
S0037,overall response,progressive disease,141,TA5
S0038,overall response,no progression (response category not simulated),29,TA1
S0038,overall response,no progression (response category not simulated),57,TA2
S0038,overall response,no progression (response category not simulated),85,TA3
S0038,overall response,no progression (response category not simulated),113,TA4
S0038,overall response,no progression (response category not simulated),141,TA5
S0038,overall response,no progression (response category not simulated),169,TA6
S0038,overall response,no progression (response category not simulated),197,TA7
S0038,overall response,no progression (response category not simulated),225,TA8
S0038,overall response,no progression (response category not simulated),253,TA9
S0038,overall response,no progression (response category not simulated),281,TA10
S0038,overall response,no progression (response category not simulated),309,TA11
S0038,overall response,no progression (response category not simulated),337,TA12
S0039,overall response,no progression (response category not simulated),29,TA1
S0039,overall response,no progression (response category not simulated),57,TA2
S0039,overall response,no progression (response category not simulated),85,TA3
S0039,overall response,no progression (response category not simulated),113,TA4
S0039,overall response,no progression (response category not simulated),141,TA5
S0039,overall response,no progression (response category not simulated),169,TA6
S0039,overall response,no progression (response category not simulated),197,TA7
S0039,overall response,no progression (response category not simulated),225,TA8
S0039,overall response,no progression (response category not simulated),253,TA9
S0039,overall response,no progression (response category not simulated),281,TA10
S0039,overall response,no progression (response category not simulated),309,TA11
S0039,overall response,no progression (response category not simulated),337,TA12
S0040,overall response,no progression (response category not simulated),29,TA1
S0040,overall response,no progression (response category not simulated),57,TA2
S0041,overall response,no progression (response category not simulated),29,TA1
S0041,overall response,no progression (response category not simulated),57,TA2
S0041,overall response,no progression (response category not simulated),85,TA3
S0041,overall response,no progression (response category not simulated),113,TA4
S0041,overall response,no progression (response category not simulated),141,TA5
S0041,overall response,no progression (response category not simulated),169,TA6
S0041,overall response,no progression (response category not simulated),197,TA7
S0041,overall response,no progression (response category not simulated),225,TA8
S0041,overall response,no progression (response category not simulated),253,TA9
S0041,overall response,no progression (response category not simulated),281,TA10
S0041,overall response,no progression (response category not simulated),309,TA11
S0041,overall response,no progression (response category not simulated),337,TA12
S0042,overall response,no progression (response category not simulated),29,TA1
S0042,overall response,no progression (response category not simulated),57,TA2
S0042,overall response,no progression (response category not simulated),85,TA3
S0042,overall response,no progression (response category not simulated),113,TA4
S0042,overall response,no progression (response category not simulated),141,TA5
S0042,overall response,no progression (response category not simulated),169,TA6
S0042,overall response,no progression (response category not simulated),197,TA7
S0042,overall response,no progression (response category not simulated),225,TA8
S0042,overall response,no progression (response category not simulated),253,TA9
S0042,overall response,no progression (response category not simulated),281,TA10
S0042,overall response,no progression (response category not simulated),309,TA11
S0042,overall response,no progression (response category not simulated),337,TA12
S0043,overall response,no progression (response category not simulated),29,TA1
S0043,overall response,no progression (response category not simulated),57,TA2
S0043,overall response,no progression (response category not simulated),85,TA3
S0043,overall response,no progression (response category not simulated),113,TA4
S0043,overall response,no progression (response category not simulated),141,TA5
S0043,overall response,no progression (response category not simulated),169,TA6
S0043,overall response,progressive disease,197,TA7
S0044,overall response,no progression (response category not simulated),29,TA1
S0044,overall response,no progression (response category not simulated),57,TA2
S0044,overall response,no progression (response category not simulated),85,TA3
S0044,overall response,no progression (response category not simulated),113,TA4
S0044,overall response,no progression (response category not simulated),141,TA5
S0044,overall response,no progression (response category not simulated),169,TA6
S0044,overall response,no progression (response category not simulated),197,TA7
S0044,overall response,no progression (response category not simulated),225,TA8
S0044,overall response,no progression (response category not simulated),253,TA9
S0044,overall response,no progression (response category not simulated),281,TA10
S0044,overall response,no progression (response category not simulated),309,TA11
S0044,overall response,no progression (response category not simulated),337,TA12
S0045,overall response,no progression (response category not simulated),29,TA1
S0045,overall response,no progression (response category not simulated),57,TA2
S0045,overall response,no progression (response category not simulated),85,TA3
S0045,overall response,no progression (response category not simulated),113,TA4
S0045,overall response,no progression (response category not simulated),141,TA5
S0045,overall response,no progression (response category not simulated),169,TA6
S0045,overall response,no progression (response category not simulated),197,TA7
S0045,overall response,no progression (response category not simulated),225,TA8
S0045,overall response,no progression (response category not simulated),253,TA9
S0045,overall response,no progression (response category not simulated),281,TA10
S0045,overall response,no progression (response category not simulated),309,TA11
S0045,overall response,no progression (response category not simulated),337,TA12
S0046,overall response,no progression (response category not simulated),29,TA1
S0046,overall response,no progression (response category not simulated),57,TA2
S0046,overall response,no progression (response category not simulated),85,TA3
S0046,overall response,no progression (response category not simulated),113,TA4
S0046,overall response,no progression (response category not simulated),141,TA5
S0046,overall response,no progression (response category not simulated),169,TA6
S0046,overall response,no progression (response category not simulated),197,TA7
S0046,overall response,no progression (response category not simulated),225,TA8
S0046,overall response,no progression (response category not simulated),253,TA9
S0046,overall response,no progression (response category not simulated),281,TA10
S0046,overall response,no progression (response category not simulated),309,TA11
S0046,overall response,no progression (response category not simulated),337,TA12
S0047,overall response,no progression (response category not simulated),29,TA1
S0047,overall response,no progression (response category not simulated),57,TA2
S0047,overall response,no progression (response category not simulated),85,TA3
S0047,overall response,no progression (response category not simulated),113,TA4
S0047,overall response,no progression (response category not simulated),141,TA5
S0047,overall response,no progression (response category not simulated),169,TA6
S0047,overall response,no progression (response category not simulated),197,TA7
S0047,overall response,no progression (response category not simulated),225,TA8
S0047,overall response,progressive disease,253,TA9
S0048,overall response,no progression (response category not simulated),29,TA1
S0048,overall response,no progression (response category not simulated),57,TA2
S0048,overall response,no progression (response category not simulated),85,TA3
S0048,overall response,no progression (response category not simulated),113,TA4
S0048,overall response,progressive disease,141,TA5
S0049,overall response,no progression (response category not simulated),29,TA1
S0049,overall response,no progression (response category not simulated),57,TA2
S0049,overall response,no progression (response category not simulated),85,TA3
S0049,overall response,no progression (response category not simulated),113,TA4
S0049,overall response,no progression (response category not simulated),141,TA5
S0049,overall response,no progression (response category not simulated),169,TA6
S0049,overall response,no progression (response category not simulated),197,TA7
S0049,overall response,no progression (response category not simulated),225,TA8
S0049,overall response,no progression (response category not simulated),253,TA9
S0049,overall response,no progression (response category not simulated),281,TA10
S0049,overall response,no progression (response category not simulated),309,TA11
S0049,overall response,no progression (response category not simulated),337,TA12
S0050,overall response,no progression (response category not simulated),29,TA1
S0050,overall response,no progression (response category not simulated),57,TA2
S0050,overall response,no progression (response category not simulated),85,TA3
S0050,overall response,no progression (response category not simulated),113,TA4
S0050,overall response,no progression (response category not simulated),141,TA5
S0050,overall response,no progression (response category not simulated),169,TA6
S0050,overall response,no progression (response category not simulated),197,TA7
S0050,overall response,no progression (response category not simulated),225,TA8
S0050,overall response,no progression (response category not simulated),253,TA9
S0050,overall response,no progression (response category not simulated),281,TA10
S0050,overall response,no progression (response category not simulated),309,TA11
S0050,overall response,no progression (response category not simulated),337,TA12
S0051,overall response,no progression (response category not simulated),29,TA1
S0051,overall response,no progression (response category not simulated),57,TA2
S0051,overall response,no progression (response category not simulated),85,TA3
S0051,overall response,no progression (response category not simulated),113,TA4
S0051,overall response,no progression (response category not simulated),141,TA5
S0051,overall response,no progression (response category not simulated),169,TA6
S0051,overall response,no progression (response category not simulated),197,TA7
S0051,overall response,no progression (response category not simulated),225,TA8
S0051,overall response,no progression (response category not simulated),253,TA9
S0051,overall response,no progression (response category not simulated),281,TA10
S0051,overall response,no progression (response category not simulated),309,TA11
S0051,overall response,no progression (response category not simulated),337,TA12
S0052,overall response,no progression (response category not simulated),29,TA1
S0052,overall response,no progression (response category not simulated),57,TA2
S0052,overall response,no progression (response category not simulated),85,TA3
S0052,overall response,no progression (response category not simulated),113,TA4
S0052,overall response,no progression (response category not simulated),141,TA5
S0052,overall response,no progression (response category not simulated),169,TA6
S0052,overall response,no progression (response category not simulated),197,TA7
S0052,overall response,no progression (response category not simulated),225,TA8
S0052,overall response,no progression (response category not simulated),253,TA9
S0052,overall response,no progression (response category not simulated),281,TA10
S0052,overall response,no progression (response category not simulated),309,TA11
S0052,overall response,no progression (response category not simulated),337,TA12
S0053,overall response,no progression (response category not simulated),29,TA1
S0053,overall response,no progression (response category not simulated),57,TA2
S0053,overall response,no progression (response category not simulated),85,TA3
S0053,overall response,no progression (response category not simulated),113,TA4
S0053,overall response,no progression (response category not simulated),141,TA5
S0053,overall response,no progression (response category not simulated),169,TA6
S0053,overall response,no progression (response category not simulated),197,TA7
S0053,overall response,no progression (response category not simulated),225,TA8
S0053,overall response,no progression (response category not simulated),253,TA9
S0053,overall response,no progression (response category not simulated),281,TA10
S0054,overall response,no progression (response category not simulated),29,TA1
S0054,overall response,no progression (response category not simulated),57,TA2
S0054,overall response,no progression (response category not simulated),85,TA3
S0054,overall response,no progression (response category not simulated),113,TA4
S0054,overall response,no progression (response category not simulated),141,TA5
S0054,overall response,no progression (response category not simulated),169,TA6
S0054,overall response,no progression (response category not simulated),197,TA7
S0054,overall response,no progression (response category not simulated),225,TA8
S0054,overall response,no progression (response category not simulated),253,TA9
S0054,overall response,no progression (response category not simulated),281,TA10
S0054,overall response,no progression (response category not simulated),309,TA11
S0054,overall response,no progression (response category not simulated),337,TA12
S0055,overall response,no progression (response category not simulated),29,TA1
S0055,overall response,no progression (response category not simulated),57,TA2
S0055,overall response,no progression (response category not simulated),85,TA3
S0055,overall response,no progression (response category not simulated),113,TA4
S0055,overall response,no progression (response category not simulated),141,TA5
S0055,overall response,no progression (response category not simulated),169,TA6
S0055,overall response,no progression (response category not simulated),197,TA7
S0055,overall response,no progression (response category not simulated),225,TA8
S0055,overall response,no progression (response category not simulated),253,TA9
S0055,overall response,no progression (response category not simulated),281,TA10
S0055,overall response,no progression (response category not simulated),309,TA11
S0055,overall response,no progression (response category not simulated),337,TA12
S0056,overall response,no progression (response category not simulated),29,TA1
S0056,overall response,no progression (response category not simulated),57,TA2
S0056,overall response,no progression (response category not simulated),85,TA3
S0056,overall response,no progression (response category not simulated),113,TA4
S0056,overall response,no progression (response category not simulated),141,TA5
S0056,overall response,no progression (response category not simulated),169,TA6
S0056,overall response,progressive disease,197,TA7
S0057,overall response,no progression (response category not simulated),29,TA1
S0057,overall response,progressive disease,57,TA2
S0058,overall response,no progression (response category not simulated),29,TA1
S0058,overall response,no progression (response category not simulated),57,TA2
S0059,overall response,no progression (response category not simulated),29,TA1
S0059,overall response,no progression (response category not simulated),57,TA2
S0059,overall response,no progression (response category not simulated),85,TA3
S0059,overall response,no progression (response category not simulated),113,TA4
S0059,overall response,no progression (response category not simulated),141,TA5
S0059,overall response,no progression (response category not simulated),169,TA6
S0059,overall response,no progression (response category not simulated),197,TA7
S0059,overall response,no progression (response category not simulated),225,TA8
S0059,overall response,no progression (response category not simulated),253,TA9
S0059,overall response,no progression (response category not simulated),281,TA10
S0059,overall response,no progression (response category not simulated),309,TA11
S0059,overall response,no progression (response category not simulated),337,TA12
S0060,overall response,no progression (response category not simulated),29,TA1
S0060,overall response,no progression (response category not simulated),57,TA2
S0060,overall response,no progression (response category not simulated),85,TA3
S0060,overall response,no progression (response category not simulated),113,TA4
S0060,overall response,no progression (response category not simulated),141,TA5
S0060,overall response,no progression (response category not simulated),169,TA6
S0060,overall response,no progression (response category not simulated),197,TA7
S0060,overall response,no progression (response category not simulated),225,TA8
S0060,overall response,no progression (response category not simulated),253,TA9
S0060,overall response,no progression (response category not simulated),281,TA10
S0060,overall response,no progression (response category not simulated),309,TA11
S0060,overall response,no progression (response category not simulated),337,TA12
S0061,overall response,no progression (response category not simulated),29,TA1
S0061,overall response,no progression (response category not simulated),57,TA2
S0061,overall response,no progression (response category not simulated),85,TA3
S0061,overall response,no progression (response category not simulated),113,TA4
S0061,overall response,no progression (response category not simulated),141,TA5
S0061,overall response,no progression (response category not simulated),169,TA6
S0061,overall response,no progression (response category not simulated),197,TA7
S0061,overall response,no progression (response category not simulated),225,TA8
S0061,overall response,no progression (response category not simulated),253,TA9
S0061,overall response,no progression (response category not simulated),281,TA10
S0061,overall response,no progression (response category not simulated),309,TA11
S0062,overall response,no progression (response category not simulated),29,TA1
S0062,overall response,no progression (response category not simulated),57,TA2
S0062,overall response,no progression (response category not simulated),85,TA3
S0062,overall response,no progression (response category not simulated),113,TA4
S0062,overall response,no progression (response category not simulated),141,TA5
S0062,overall response,no progression (response category not simulated),169,TA6
S0062,overall response,no progression (response category not simulated),197,TA7
S0062,overall response,no progression (response category not simulated),225,TA8
S0062,overall response,no progression (response category not simulated),253,TA9
S0062,overall response,no progression (response category not simulated),281,TA10
S0062,overall response,no progression (response category not simulated),309,TA11
S0062,overall response,no progression (response category not simulated),337,TA12
S0063,overall response,no progression (response category not simulated),29,TA1
S0063,overall response,no progression (response category not simulated),57,TA2
S0063,overall response,no progression (response category not simulated),85,TA3
S0063,overall response,no progression (response category not simulated),113,TA4
S0063,overall response,no progression (response category not simulated),141,TA5
S0063,overall response,no progression (response category not simulated),169,TA6
S0063,overall response,no progression (response category not simulated),197,TA7
S0063,overall response,no progression (response category not simulated),225,TA8
S0063,overall response,no progression (response category not simulated),253,TA9
S0063,overall response,no progression (response category not simulated),281,TA10
S0063,overall response,no progression (response category not simulated),309,TA11
S0063,overall response,no progression (response category not simulated),337,TA12
S0064,overall response,no progression (response category not simulated),29,TA1
S0064,overall response,no progression (response category not simulated),57,TA2
S0064,overall response,no progression (response category not simulated),85,TA3
S0064,overall response,no progression (response category not simulated),113,TA4
S0064,overall response,no progression (response category not simulated),141,TA5
S0064,overall response,no progression (response category not simulated),169,TA6
S0064,overall response,no progression (response category not simulated),197,TA7
S0064,overall response,no progression (response category not simulated),225,TA8
S0064,overall response,no progression (response category not simulated),253,TA9
S0064,overall response,no progression (response category not simulated),281,TA10
S0064,overall response,no progression (response category not simulated),309,TA11
S0064,overall response,no progression (response category not simulated),337,TA12
S0065,overall response,no progression (response category not simulated),29,TA1
S0065,overall response,no progression (response category not simulated),57,TA2
S0065,overall response,no progression (response category not simulated),85,TA3
S0065,overall response,no progression (response category not simulated),113,TA4
S0065,overall response,no progression (response category not simulated),141,TA5
S0065,overall response,no progression (response category not simulated),169,TA6
S0065,overall response,no progression (response category not simulated),197,TA7
S0065,overall response,no progression (response category not simulated),225,TA8
S0065,overall response,no progression (response category not simulated),253,TA9
S0065,overall response,no progression (response category not simulated),281,TA10
S0065,overall response,no progression (response category not simulated),309,TA11
S0065,overall response,progressive disease,337,TA12
S0066,overall response,no progression (response category not simulated),29,TA1
S0067,overall response,no progression (response category not simulated),29,TA1
S0067,overall response,no progression (response category not simulated),57,TA2
S0067,overall response,progressive disease,85,TA3
S0068,overall response,no progression (response category not simulated),29,TA1
S0068,overall response,no progression (response category not simulated),57,TA2
S0068,overall response,no progression (response category not simulated),85,TA3
S0068,overall response,no progression (response category not simulated),113,TA4
S0068,overall response,no progression (response category not simulated),141,TA5
S0068,overall response,no progression (response category not simulated),169,TA6
S0068,overall response,no progression (response category not simulated),197,TA7
S0068,overall response,no progression (response category not simulated),225,TA8
S0068,overall response,no progression (response category not simulated),253,TA9
S0068,overall response,no progression (response category not simulated),281,TA10
S0068,overall response,no progression (response category not simulated),309,TA11
S0068,overall response,no progression (response category not simulated),337,TA12
S0069,overall response,no progression (response category not simulated),29,TA1
S0069,overall response,no progression (response category not simulated),57,TA2
S0069,overall response,no progression (response category not simulated),85,TA3
S0069,overall response,no progression (response category not simulated),113,TA4
S0069,overall response,no progression (response category not simulated),141,TA5
S0069,overall response,no progression (response category not simulated),169,TA6
S0069,overall response,no progression (response category not simulated),197,TA7
S0069,overall response,no progression (response category not simulated),225,TA8
S0069,overall response,no progression (response category not simulated),253,TA9
S0069,overall response,no progression (response category not simulated),281,TA10
S0069,overall response,no progression (response category not simulated),309,TA11
S0069,overall response,no progression (response category not simulated),337,TA12
S0071,overall response,no progression (response category not simulated),29,TA1
S0071,overall response,no progression (response category not simulated),57,TA2
S0071,overall response,no progression (response category not simulated),85,TA3
S0071,overall response,no progression (response category not simulated),113,TA4
S0071,overall response,no progression (response category not simulated),141,TA5
S0071,overall response,no progression (response category not simulated),169,TA6
S0071,overall response,no progression (response category not simulated),197,TA7
S0071,overall response,no progression (response category not simulated),225,TA8
S0071,overall response,no progression (response category not simulated),253,TA9
S0071,overall response,no progression (response category not simulated),281,TA10
S0071,overall response,no progression (response category not simulated),309,TA11
S0071,overall response,no progression (response category not simulated),337,TA12
S0072,overall response,no progression (response category not simulated),29,TA1
S0072,overall response,no progression (response category not simulated),57,TA2
S0072,overall response,no progression (response category not simulated),85,TA3
S0072,overall response,no progression (response category not simulated),113,TA4
S0072,overall response,no progression (response category not simulated),141,TA5
S0072,overall response,no progression (response category not simulated),169,TA6
S0072,overall response,no progression (response category not simulated),197,TA7
S0072,overall response,no progression (response category not simulated),225,TA8
S0072,overall response,no progression (response category not simulated),253,TA9
S0072,overall response,no progression (response category not simulated),281,TA10
S0072,overall response,no progression (response category not simulated),309,TA11
S0072,overall response,no progression (response category not simulated),337,TA12
S0073,overall response,no progression (response category not simulated),29,TA1
S0073,overall response,no progression (response category not simulated),57,TA2
S0073,overall response,no progression (response category not simulated),85,TA3
S0073,overall response,no progression (response category not simulated),113,TA4
S0073,overall response,no progression (response category not simulated),141,TA5
S0073,overall response,no progression (response category not simulated),169,TA6
S0073,overall response,no progression (response category not simulated),197,TA7
S0073,overall response,no progression (response category not simulated),225,TA8
S0073,overall response,no progression (response category not simulated),253,TA9
S0073,overall response,no progression (response category not simulated),281,TA10
S0073,overall response,no progression (response category not simulated),309,TA11
S0073,overall response,no progression (response category not simulated),337,TA12
S0074,overall response,no progression (response category not simulated),29,TA1
S0074,overall response,no progression (response category not simulated),57,TA2
S0074,overall response,no progression (response category not simulated),85,TA3
S0074,overall response,no progression (response category not simulated),113,TA4
S0074,overall response,no progression (response category not simulated),141,TA5
S0074,overall response,no progression (response category not simulated),169,TA6
S0074,overall response,no progression (response category not simulated),197,TA7
S0074,overall response,no progression (response category not simulated),225,TA8
S0074,overall response,no progression (response category not simulated),253,TA9
S0074,overall response,no progression (response category not simulated),281,TA10
S0074,overall response,no progression (response category not simulated),309,TA11
S0074,overall response,no progression (response category not simulated),337,TA12
S0075,overall response,no progression (response category not simulated),29,TA1
S0075,overall response,no progression (response category not simulated),57,TA2
S0075,overall response,no progression (response category not simulated),85,TA3
S0075,overall response,no progression (response category not simulated),113,TA4
S0075,overall response,no progression (response category not simulated),141,TA5
S0075,overall response,no progression (response category not simulated),169,TA6
S0075,overall response,no progression (response category not simulated),197,TA7
S0075,overall response,no progression (response category not simulated),225,TA8
S0075,overall response,no progression (response category not simulated),253,TA9
S0075,overall response,no progression (response category not simulated),281,TA10
S0075,overall response,no progression (response category not simulated),309,TA11
S0075,overall response,no progression (response category not simulated),337,TA12
S0076,overall response,no progression (response category not simulated),29,TA1
S0076,overall response,no progression (response category not simulated),57,TA2
S0076,overall response,no progression (response category not simulated),85,TA3
S0076,overall response,no progression (response category not simulated),113,TA4
S0076,overall response,no progression (response category not simulated),141,TA5
S0076,overall response,no progression (response category not simulated),169,TA6
S0076,overall response,no progression (response category not simulated),197,TA7
S0076,overall response,no progression (response category not simulated),225,TA8
S0076,overall response,no progression (response category not simulated),253,TA9
S0076,overall response,no progression (response category not simulated),281,TA10
S0076,overall response,no progression (response category not simulated),309,TA11
S0076,overall response,no progression (response category not simulated),337,TA12
S0077,overall response,no progression (response category not simulated),29,TA1
S0077,overall response,no progression (response category not simulated),57,TA2
S0077,overall response,progressive disease,85,TA3
S0078,overall response,no progression (response category not simulated),29,TA1
S0078,overall response,no progression (response category not simulated),57,TA2
S0078,overall response,no progression (response category not simulated),85,TA3
S0078,overall response,no progression (response category not simulated),113,TA4
S0078,overall response,no progression (response category not simulated),141,TA5
S0078,overall response,no progression (response category not simulated),169,TA6
S0078,overall response,no progression (response category not simulated),197,TA7
S0078,overall response,no progression (response category not simulated),225,TA8
S0078,overall response,no progression (response category not simulated),253,TA9
S0078,overall response,no progression (response category not simulated),281,TA10
S0078,overall response,no progression (response category not simulated),309,TA11
S0078,overall response,no progression (response category not simulated),337,TA12
S0079,overall response,no progression (response category not simulated),29,TA1
S0079,overall response,no progression (response category not simulated),57,TA2
S0079,overall response,no progression (response category not simulated),85,TA3
S0079,overall response,no progression (response category not simulated),113,TA4
S0079,overall response,no progression (response category not simulated),141,TA5
S0079,overall response,no progression (response category not simulated),169,TA6
S0079,overall response,no progression (response category not simulated),197,TA7
S0079,overall response,no progression (response category not simulated),225,TA8
S0079,overall response,no progression (response category not simulated),253,TA9
S0079,overall response,no progression (response category not simulated),281,TA10
S0079,overall response,no progression (response category not simulated),309,TA11
S0079,overall response,no progression (response category not simulated),337,TA12
S0080,overall response,no progression (response category not simulated),29,TA1
S0080,overall response,no progression (response category not simulated),57,TA2
S0080,overall response,no progression (response category not simulated),85,TA3
S0080,overall response,no progression (response category not simulated),113,TA4
S0080,overall response,no progression (response category not simulated),141,TA5
S0080,overall response,no progression (response category not simulated),169,TA6
S0081,overall response,no progression (response category not simulated),29,TA1
S0081,overall response,no progression (response category not simulated),57,TA2
S0081,overall response,no progression (response category not simulated),85,TA3
S0081,overall response,no progression (response category not simulated),113,TA4
S0081,overall response,no progression (response category not simulated),141,TA5
S0081,overall response,no progression (response category not simulated),169,TA6
S0081,overall response,no progression (response category not simulated),197,TA7
S0081,overall response,no progression (response category not simulated),225,TA8
S0081,overall response,no progression (response category not simulated),253,TA9
S0081,overall response,no progression (response category not simulated),281,TA10
S0081,overall response,no progression (response category not simulated),309,TA11
S0081,overall response,no progression (response category not simulated),337,TA12
S0082,overall response,no progression (response category not simulated),29,TA1
S0082,overall response,no progression (response category not simulated),57,TA2
S0082,overall response,no progression (response category not simulated),85,TA3
S0082,overall response,no progression (response category not simulated),113,TA4
S0082,overall response,no progression (response category not simulated),141,TA5
S0082,overall response,no progression (response category not simulated),169,TA6
S0082,overall response,no progression (response category not simulated),197,TA7
S0082,overall response,no progression (response category not simulated),225,TA8
S0082,overall response,no progression (response category not simulated),253,TA9
S0082,overall response,no progression (response category not simulated),281,TA10
S0082,overall response,no progression (response category not simulated),309,TA11
S0082,overall response,no progression (response category not simulated),337,TA12
S0084,overall response,no progression (response category not simulated),29,TA1
S0084,overall response,no progression (response category not simulated),57,TA2
S0084,overall response,no progression (response category not simulated),85,TA3
S0084,overall response,no progression (response category not simulated),113,TA4
S0084,overall response,no progression (response category not simulated),141,TA5
S0084,overall response,no progression (response category not simulated),169,TA6
S0084,overall response,no progression (response category not simulated),197,TA7
S0084,overall response,no progression (response category not simulated),225,TA8
S0084,overall response,no progression (response category not simulated),253,TA9
S0084,overall response,no progression (response category not simulated),281,TA10
S0084,overall response,no progression (response category not simulated),309,TA11
S0084,overall response,no progression (response category not simulated),337,TA12
S0085,overall response,no progression (response category not simulated),29,TA1
S0085,overall response,no progression (response category not simulated),57,TA2
S0085,overall response,no progression (response category not simulated),85,TA3
S0085,overall response,no progression (response category not simulated),113,TA4
S0085,overall response,no progression (response category not simulated),141,TA5
S0085,overall response,no progression (response category not simulated),169,TA6
S0085,overall response,no progression (response category not simulated),197,TA7
S0085,overall response,no progression (response category not simulated),225,TA8
S0085,overall response,no progression (response category not simulated),253,TA9
S0085,overall response,no progression (response category not simulated),281,TA10
S0085,overall response,no progression (response category not simulated),309,TA11
S0085,overall response,no progression (response category not simulated),337,TA12
S0086,overall response,no progression (response category not simulated),29,TA1
S0086,overall response,no progression (response category not simulated),57,TA2
S0086,overall response,no progression (response category not simulated),85,TA3
S0086,overall response,no progression (response category not simulated),113,TA4
S0086,overall response,no progression (response category not simulated),141,TA5
S0086,overall response,no progression (response category not simulated),169,TA6
S0086,overall response,no progression (response category not simulated),197,TA7
S0087,overall response,no progression (response category not simulated),29,TA1
S0087,overall response,no progression (response category not simulated),57,TA2
S0087,overall response,no progression (response category not simulated),85,TA3
S0087,overall response,no progression (response category not simulated),113,TA4
S0087,overall response,no progression (response category not simulated),141,TA5
S0087,overall response,no progression (response category not simulated),169,TA6
S0087,overall response,no progression (response category not simulated),197,TA7
S0088,overall response,no progression (response category not simulated),29,TA1
S0088,overall response,no progression (response category not simulated),57,TA2
S0088,overall response,no progression (response category not simulated),85,TA3
S0088,overall response,no progression (response category not simulated),113,TA4
S0088,overall response,no progression (response category not simulated),141,TA5
S0088,overall response,no progression (response category not simulated),169,TA6
S0088,overall response,no progression (response category not simulated),197,TA7
S0088,overall response,no progression (response category not simulated),225,TA8
S0088,overall response,no progression (response category not simulated),253,TA9
S0088,overall response,no progression (response category not simulated),281,TA10
S0088,overall response,no progression (response category not simulated),309,TA11
S0088,overall response,no progression (response category not simulated),337,TA12
S0089,overall response,no progression (response category not simulated),29,TA1
S0089,overall response,no progression (response category not simulated),57,TA2
S0089,overall response,no progression (response category not simulated),85,TA3
S0089,overall response,no progression (response category not simulated),113,TA4
S0089,overall response,no progression (response category not simulated),141,TA5
S0089,overall response,no progression (response category not simulated),169,TA6
S0089,overall response,no progression (response category not simulated),197,TA7
S0089,overall response,no progression (response category not simulated),225,TA8
S0089,overall response,no progression (response category not simulated),253,TA9
S0089,overall response,no progression (response category not simulated),281,TA10
S0089,overall response,no progression (response category not simulated),309,TA11
S0089,overall response,no progression (response category not simulated),337,TA12
S0090,overall response,no progression (response category not simulated),29,TA1
S0090,overall response,no progression (response category not simulated),57,TA2
S0090,overall response,no progression (response category not simulated),85,TA3
S0090,overall response,no progression (response category not simulated),113,TA4
S0090,overall response,no progression (response category not simulated),141,TA5
S0090,overall response,no progression (response category not simulated),169,TA6
S0090,overall response,no progression (response category not simulated),197,TA7
S0090,overall response,no progression (response category not simulated),225,TA8
S0090,overall response,no progression (response category not simulated),253,TA9
S0090,overall response,no progression (response category not simulated),281,TA10
S0090,overall response,no progression (response category not simulated),309,TA11
S0090,overall response,no progression (response category not simulated),337,TA12
S0091,overall response,no progression (response category not simulated),29,TA1
S0091,overall response,no progression (response category not simulated),57,TA2
S0091,overall response,no progression (response category not simulated),85,TA3
S0091,overall response,no progression (response category not simulated),113,TA4
S0091,overall response,no progression (response category not simulated),141,TA5
S0091,overall response,no progression (response category not simulated),169,TA6
S0091,overall response,no progression (response category not simulated),197,TA7
S0091,overall response,no progression (response category not simulated),225,TA8
S0091,overall response,no progression (response category not simulated),253,TA9
S0091,overall response,no progression (response category not simulated),281,TA10
S0091,overall response,no progression (response category not simulated),309,TA11
S0091,overall response,no progression (response category not simulated),337,TA12
S0092,overall response,no progression (response category not simulated),29,TA1
S0092,overall response,no progression (response category not simulated),57,TA2
S0092,overall response,no progression (response category not simulated),85,TA3
S0092,overall response,no progression (response category not simulated),113,TA4
S0092,overall response,no progression (response category not simulated),141,TA5
S0092,overall response,no progression (response category not simulated),169,TA6
S0092,overall response,no progression (response category not simulated),197,TA7
S0092,overall response,no progression (response category not simulated),225,TA8
S0092,overall response,no progression (response category not simulated),253,TA9
S0092,overall response,no progression (response category not simulated),281,TA10
S0092,overall response,no progression (response category not simulated),309,TA11
S0092,overall response,no progression (response category not simulated),337,TA12
S0093,overall response,progressive disease,29,TA1
S0094,overall response,no progression (response category not simulated),29,TA1
S0094,overall response,progressive disease,57,TA2
S0095,overall response,no progression (response category not simulated),29,TA1
S0095,overall response,no progression (response category not simulated),57,TA2
S0095,overall response,no progression (response category not simulated),85,TA3
S0095,overall response,no progression (response category not simulated),113,TA4
S0095,overall response,progressive disease,141,TA5
S0096,overall response,no progression (response category not simulated),29,TA1
S0096,overall response,no progression (response category not simulated),57,TA2
S0096,overall response,no progression (response category not simulated),85,TA3
S0096,overall response,no progression (response category not simulated),113,TA4
S0096,overall response,no progression (response category not simulated),141,TA5
S0096,overall response,no progression (response category not simulated),169,TA6
S0096,overall response,no progression (response category not simulated),197,TA7
S0096,overall response,no progression (response category not simulated),225,TA8
S0096,overall response,no progression (response category not simulated),253,TA9
S0096,overall response,no progression (response category not simulated),281,TA10
S0096,overall response,no progression (response category not simulated),309,TA11
S0096,overall response,no progression (response category not simulated),337,TA12
S0097,overall response,no progression (response category not simulated),29,TA1
S0097,overall response,no progression (response category not simulated),57,TA2
S0097,overall response,no progression (response category not simulated),85,TA3
S0097,overall response,no progression (response category not simulated),113,TA4
S0097,overall response,no progression (response category not simulated),141,TA5
S0097,overall response,no progression (response category not simulated),169,TA6
S0097,overall response,no progression (response category not simulated),197,TA7
S0097,overall response,no progression (response category not simulated),225,TA8
S0097,overall response,no progression (response category not simulated),253,TA9
S0097,overall response,no progression (response category not simulated),281,TA10
S0097,overall response,no progression (response category not simulated),309,TA11
S0097,overall response,no progression (response category not simulated),337,TA12
S0098,overall response,no progression (response category not simulated),29,TA1
S0098,overall response,no progression (response category not simulated),57,TA2
S0098,overall response,no progression (response category not simulated),85,TA3
S0098,overall response,no progression (response category not simulated),113,TA4
S0099,overall response,no progression (response category not simulated),29,TA1
S0099,overall response,no progression (response category not simulated),57,TA2
S0099,overall response,no progression (response category not simulated),85,TA3
S0099,overall response,no progression (response category not simulated),113,TA4
S0099,overall response,no progression (response category not simulated),141,TA5
S0099,overall response,no progression (response category not simulated),169,TA6
S0099,overall response,no progression (response category not simulated),197,TA7
S0099,overall response,no progression (response category not simulated),225,TA8
S0099,overall response,no progression (response category not simulated),253,TA9
S0099,overall response,no progression (response category not simulated),281,TA10
S0099,overall response,no progression (response category not simulated),309,TA11
S0099,overall response,no progression (response category not simulated),337,TA12
S0100,overall response,no progression (response category not simulated),29,TA1
S0100,overall response,no progression (response category not simulated),57,TA2
S0100,overall response,no progression (response category not simulated),85,TA3
S0100,overall response,no progression (response category not simulated),113,TA4
S0100,overall response,no progression (response category not simulated),141,TA5
S0100,overall response,no progression (response category not simulated),169,TA6
S0100,overall response,no progression (response category not simulated),197,TA7
S0100,overall response,no progression (response category not simulated),225,TA8
S0100,overall response,no progression (response category not simulated),253,TA9
S0100,overall response,no progression (response category not simulated),281,TA10
S0100,overall response,no progression (response category not simulated),309,TA11
S0100,overall response,no progression (response category not simulated),337,TA12
S0101,overall response,no progression (response category not simulated),29,TA1
S0101,overall response,no progression (response category not simulated),57,TA2
S0101,overall response,no progression (response category not simulated),85,TA3
S0101,overall response,no progression (response category not simulated),113,TA4
S0101,overall response,no progression (response category not simulated),141,TA5
S0101,overall response,no progression (response category not simulated),169,TA6
S0101,overall response,no progression (response category not simulated),197,TA7
S0101,overall response,no progression (response category not simulated),225,TA8
S0101,overall response,no progression (response category not simulated),253,TA9
S0101,overall response,no progression (response category not simulated),281,TA10
S0101,overall response,no progression (response category not simulated),309,TA11
S0101,overall response,no progression (response category not simulated),337,TA12
S0102,overall response,no progression (response category not simulated),29,TA1
S0103,overall response,no progression (response category not simulated),29,TA1
S0103,overall response,no progression (response category not simulated),57,TA2
S0103,overall response,no progression (response category not simulated),85,TA3
S0103,overall response,no progression (response category not simulated),113,TA4
S0103,overall response,no progression (response category not simulated),141,TA5
S0103,overall response,no progression (response category not simulated),169,TA6
S0103,overall response,no progression (response category not simulated),197,TA7
S0103,overall response,no progression (response category not simulated),225,TA8
S0103,overall response,no progression (response category not simulated),253,TA9
S0103,overall response,progressive disease,281,TA10
S0104,overall response,no progression (response category not simulated),29,TA1
S0104,overall response,no progression (response category not simulated),57,TA2
S0104,overall response,no progression (response category not simulated),85,TA3
S0104,overall response,no progression (response category not simulated),113,TA4
S0104,overall response,no progression (response category not simulated),141,TA5
S0104,overall response,no progression (response category not simulated),169,TA6
S0104,overall response,no progression (response category not simulated),197,TA7
S0104,overall response,no progression (response category not simulated),225,TA8
S0104,overall response,no progression (response category not simulated),253,TA9
S0104,overall response,no progression (response category not simulated),281,TA10
S0104,overall response,no progression (response category not simulated),309,TA11
S0104,overall response,no progression (response category not simulated),337,TA12
S0105,overall response,no progression (response category not simulated),29,TA1
S0105,overall response,no progression (response category not simulated),57,TA2
S0105,overall response,no progression (response category not simulated),85,TA3
S0105,overall response,no progression (response category not simulated),113,TA4
S0105,overall response,no progression (response category not simulated),141,TA5
S0105,overall response,no progression (response category not simulated),169,TA6
S0105,overall response,no progression (response category not simulated),197,TA7
S0105,overall response,no progression (response category not simulated),225,TA8
S0105,overall response,no progression (response category not simulated),253,TA9
S0105,overall response,no progression (response category not simulated),281,TA10
S0105,overall response,no progression (response category not simulated),309,TA11
S0105,overall response,no progression (response category not simulated),337,TA12
S0106,overall response,no progression (response category not simulated),29,TA1
S0106,overall response,no progression (response category not simulated),57,TA2
S0106,overall response,no progression (response category not simulated),85,TA3
S0106,overall response,no progression (response category not simulated),113,TA4
S0106,overall response,no progression (response category not simulated),141,TA5
S0106,overall response,no progression (response category not simulated),169,TA6
S0106,overall response,no progression (response category not simulated),197,TA7
S0106,overall response,no progression (response category not simulated),225,TA8
S0106,overall response,no progression (response category not simulated),253,TA9
S0106,overall response,no progression (response category not simulated),281,TA10
S0106,overall response,no progression (response category not simulated),309,TA11
S0106,overall response,no progression (response category not simulated),337,TA12
S0107,overall response,no progression (response category not simulated),29,TA1
S0107,overall response,no progression (response category not simulated),57,TA2
S0107,overall response,no progression (response category not simulated),85,TA3
S0107,overall response,no progression (response category not simulated),113,TA4
S0107,overall response,no progression (response category not simulated),141,TA5
S0107,overall response,no progression (response category not simulated),169,TA6
S0107,overall response,no progression (response category not simulated),197,TA7
S0107,overall response,no progression (response category not simulated),225,TA8
S0107,overall response,no progression (response category not simulated),253,TA9
S0107,overall response,no progression (response category not simulated),281,TA10
S0107,overall response,no progression (response category not simulated),309,TA11
S0107,overall response,no progression (response category not simulated),337,TA12
S0108,overall response,no progression (response category not simulated),29,TA1
S0108,overall response,no progression (response category not simulated),57,TA2
S0108,overall response,no progression (response category not simulated),85,TA3
S0108,overall response,no progression (response category not simulated),113,TA4
S0109,overall response,no progression (response category not simulated),29,TA1
S0109,overall response,no progression (response category not simulated),57,TA2
S0109,overall response,no progression (response category not simulated),85,TA3
S0109,overall response,no progression (response category not simulated),113,TA4
S0109,overall response,no progression (response category not simulated),141,TA5
S0109,overall response,no progression (response category not simulated),169,TA6
S0109,overall response,no progression (response category not simulated),197,TA7
S0109,overall response,no progression (response category not simulated),225,TA8
S0109,overall response,no progression (response category not simulated),253,TA9
S0109,overall response,no progression (response category not simulated),281,TA10
S0109,overall response,no progression (response category not simulated),309,TA11
S0109,overall response,no progression (response category not simulated),337,TA12
S0110,overall response,no progression (response category not simulated),29,TA1
S0110,overall response,no progression (response category not simulated),57,TA2
S0110,overall response,no progression (response category not simulated),85,TA3
S0110,overall response,no progression (response category not simulated),113,TA4
S0110,overall response,no progression (response category not simulated),141,TA5
S0110,overall response,no progression (response category not simulated),169,TA6
S0110,overall response,no progression (response category not simulated),197,TA7
S0110,overall response,no progression (response category not simulated),225,TA8
S0110,overall response,no progression (response category not simulated),253,TA9
S0110,overall response,no progression (response category not simulated),281,TA10
S0110,overall response,no progression (response category not simulated),309,TA11
S0110,overall response,no progression (response category not simulated),337,TA12
S0111,overall response,no progression (response category not simulated),29,TA1
S0111,overall response,no progression (response category not simulated),57,TA2
S0111,overall response,no progression (response category not simulated),85,TA3
S0111,overall response,no progression (response category not simulated),113,TA4
S0111,overall response,no progression (response category not simulated),141,TA5
S0111,overall response,no progression (response category not simulated),169,TA6
S0111,overall response,no progression (response category not simulated),197,TA7
S0111,overall response,no progression (response category not simulated),225,TA8
S0111,overall response,no progression (response category not simulated),253,TA9
S0111,overall response,no progression (response category not simulated),281,TA10
S0111,overall response,no progression (response category not simulated),309,TA11
S0111,overall response,no progression (response category not simulated),337,TA12
S0112,overall response,no progression (response category not simulated),29,TA1
S0112,overall response,no progression (response category not simulated),57,TA2
S0112,overall response,no progression (response category not simulated),85,TA3
S0112,overall response,no progression (response category not simulated),113,TA4
S0112,overall response,no progression (response category not simulated),141,TA5
S0112,overall response,no progression (response category not simulated),169,TA6
S0112,overall response,no progression (response category not simulated),197,TA7
S0112,overall response,no progression (response category not simulated),225,TA8
S0112,overall response,no progression (response category not simulated),253,TA9
S0112,overall response,no progression (response category not simulated),281,TA10
S0112,overall response,no progression (response category not simulated),309,TA11
S0112,overall response,no progression (response category not simulated),337,TA12
S0113,overall response,no progression (response category not simulated),29,TA1
S0113,overall response,no progression (response category not simulated),57,TA2
S0113,overall response,no progression (response category not simulated),85,TA3
S0113,overall response,no progression (response category not simulated),113,TA4
S0113,overall response,no progression (response category not simulated),141,TA5
S0113,overall response,no progression (response category not simulated),169,TA6
S0113,overall response,no progression (response category not simulated),197,TA7
S0113,overall response,no progression (response category not simulated),225,TA8
S0113,overall response,no progression (response category not simulated),253,TA9
S0113,overall response,no progression (response category not simulated),281,TA10
S0113,overall response,progressive disease,309,TA11
S0114,overall response,no progression (response category not simulated),29,TA1
S0114,overall response,no progression (response category not simulated),57,TA2
S0114,overall response,no progression (response category not simulated),85,TA3
S0114,overall response,no progression (response category not simulated),113,TA4
S0114,overall response,no progression (response category not simulated),141,TA5
S0114,overall response,no progression (response category not simulated),169,TA6
S0114,overall response,no progression (response category not simulated),197,TA7
S0114,overall response,no progression (response category not simulated),225,TA8
S0114,overall response,no progression (response category not simulated),253,TA9
S0114,overall response,no progression (response category not simulated),281,TA10
S0114,overall response,no progression (response category not simulated),309,TA11
S0114,overall response,no progression (response category not simulated),337,TA12
S0115,overall response,no progression (response category not simulated),29,TA1
S0115,overall response,no progression (response category not simulated),57,TA2
S0115,overall response,no progression (response category not simulated),85,TA3
S0115,overall response,no progression (response category not simulated),113,TA4
S0115,overall response,no progression (response category not simulated),141,TA5
S0115,overall response,no progression (response category not simulated),169,TA6
S0115,overall response,no progression (response category not simulated),197,TA7
S0115,overall response,no progression (response category not simulated),225,TA8
S0115,overall response,no progression (response category not simulated),253,TA9
S0115,overall response,no progression (response category not simulated),281,TA10
S0115,overall response,no progression (response category not simulated),309,TA11
S0115,overall response,no progression (response category not simulated),337,TA12
S0116,overall response,no progression (response category not simulated),29,TA1
S0116,overall response,no progression (response category not simulated),57,TA2
S0116,overall response,no progression (response category not simulated),85,TA3
S0116,overall response,no progression (response category not simulated),113,TA4
S0116,overall response,no progression (response category not simulated),141,TA5
S0116,overall response,no progression (response category not simulated),169,TA6
S0116,overall response,no progression (response category not simulated),197,TA7
S0116,overall response,no progression (response category not simulated),225,TA8
S0116,overall response,no progression (response category not simulated),253,TA9
S0116,overall response,no progression (response category not simulated),281,TA10
S0116,overall response,no progression (response category not simulated),309,TA11
S0116,overall response,no progression (response category not simulated),337,TA12
S0118,overall response,no progression (response category not simulated),29,TA1
S0118,overall response,no progression (response category not simulated),57,TA2
S0118,overall response,no progression (response category not simulated),85,TA3
S0118,overall response,no progression (response category not simulated),113,TA4
S0118,overall response,no progression (response category not simulated),141,TA5
S0118,overall response,no progression (response category not simulated),169,TA6
S0118,overall response,no progression (response category not simulated),197,TA7
S0118,overall response,no progression (response category not simulated),225,TA8
S0118,overall response,no progression (response category not simulated),253,TA9
S0118,overall response,no progression (response category not simulated),281,TA10
S0118,overall response,no progression (response category not simulated),309,TA11
S0118,overall response,no progression (response category not simulated),337,TA12
S0119,overall response,no progression (response category not simulated),29,TA1
S0119,overall response,no progression (response category not simulated),57,TA2
S0119,overall response,no progression (response category not simulated),85,TA3
S0119,overall response,no progression (response category not simulated),113,TA4
S0119,overall response,no progression (response category not simulated),141,TA5
S0119,overall response,no progression (response category not simulated),169,TA6
S0119,overall response,no progression (response category not simulated),197,TA7
S0119,overall response,progressive disease,225,TA8
S0120,overall response,no progression (response category not simulated),29,TA1
S0120,overall response,no progression (response category not simulated),57,TA2
S0120,overall response,no progression (response category not simulated),85,TA3
S0120,overall response,no progression (response category not simulated),113,TA4
S0120,overall response,no progression (response category not simulated),141,TA5
S0120,overall response,no progression (response category not simulated),169,TA6
S0120,overall response,no progression (response category not simulated),197,TA7
S0120,overall response,no progression (response category not simulated),225,TA8
S0120,overall response,no progression (response category not simulated),253,TA9
S0120,overall response,no progression (response category not simulated),281,TA10
S0120,overall response,no progression (response category not simulated),309,TA11
S0120,overall response,no progression (response category not simulated),337,TA12
S0121,overall response,no progression (response category not simulated),29,TA1
S0121,overall response,no progression (response category not simulated),57,TA2
S0121,overall response,no progression (response category not simulated),85,TA3
S0122,overall response,no progression (response category not simulated),29,TA1
S0122,overall response,no progression (response category not simulated),57,TA2
S0122,overall response,no progression (response category not simulated),85,TA3
S0122,overall response,no progression (response category not simulated),113,TA4
S0122,overall response,no progression (response category not simulated),141,TA5
S0122,overall response,no progression (response category not simulated),169,TA6
S0122,overall response,no progression (response category not simulated),197,TA7
S0122,overall response,no progression (response category not simulated),225,TA8
S0122,overall response,no progression (response category not simulated),253,TA9
S0122,overall response,no progression (response category not simulated),281,TA10
S0122,overall response,no progression (response category not simulated),309,TA11
S0122,overall response,no progression (response category not simulated),337,TA12
S0123,overall response,no progression (response category not simulated),29,TA1
S0123,overall response,no progression (response category not simulated),57,TA2
S0123,overall response,no progression (response category not simulated),85,TA3
S0123,overall response,no progression (response category not simulated),113,TA4
S0123,overall response,no progression (response category not simulated),141,TA5
S0123,overall response,no progression (response category not simulated),169,TA6
S0123,overall response,no progression (response category not simulated),197,TA7
S0123,overall response,no progression (response category not simulated),225,TA8
S0123,overall response,no progression (response category not simulated),253,TA9
S0123,overall response,no progression (response category not simulated),281,TA10
S0123,overall response,no progression (response category not simulated),309,TA11
S0123,overall response,no progression (response category not simulated),337,TA12
S0124,overall response,no progression (response category not simulated),29,TA1
S0124,overall response,no progression (response category not simulated),57,TA2
S0124,overall response,no progression (response category not simulated),85,TA3
S0124,overall response,no progression (response category not simulated),113,TA4
S0124,overall response,no progression (response category not simulated),141,TA5
S0124,overall response,no progression (response category not simulated),169,TA6
S0124,overall response,no progression (response category not simulated),197,TA7
S0124,overall response,no progression (response category not simulated),225,TA8
S0124,overall response,no progression (response category not simulated),253,TA9
S0124,overall response,no progression (response category not simulated),281,TA10
S0124,overall response,no progression (response category not simulated),309,TA11
S0124,overall response,no progression (response category not simulated),337,TA12
S0125,overall response,no progression (response category not simulated),29,TA1
S0125,overall response,no progression (response category not simulated),57,TA2
S0125,overall response,no progression (response category not simulated),85,TA3
S0125,overall response,no progression (response category not simulated),113,TA4
S0125,overall response,no progression (response category not simulated),141,TA5
S0125,overall response,no progression (response category not simulated),169,TA6
S0125,overall response,no progression (response category not simulated),197,TA7
S0125,overall response,no progression (response category not simulated),225,TA8
S0125,overall response,no progression (response category not simulated),253,TA9
S0125,overall response,no progression (response category not simulated),281,TA10
S0125,overall response,no progression (response category not simulated),309,TA11
S0125,overall response,no progression (response category not simulated),337,TA12
S0126,overall response,no progression (response category not simulated),29,TA1
S0126,overall response,no progression (response category not simulated),57,TA2
S0126,overall response,no progression (response category not simulated),85,TA3
S0126,overall response,no progression (response category not simulated),113,TA4
S0126,overall response,no progression (response category not simulated),141,TA5
S0126,overall response,no progression (response category not simulated),169,TA6
S0126,overall response,no progression (response category not simulated),197,TA7
S0126,overall response,no progression (response category not simulated),225,TA8
S0126,overall response,no progression (response category not simulated),253,TA9
S0126,overall response,no progression (response category not simulated),281,TA10
S0126,overall response,no progression (response category not simulated),309,TA11
S0126,overall response,no progression (response category not simulated),337,TA12
S0127,overall response,no progression (response category not simulated),29,TA1
S0127,overall response,no progression (response category not simulated),57,TA2
S0127,overall response,no progression (response category not simulated),85,TA3
S0127,overall response,no progression (response category not simulated),113,TA4
S0127,overall response,no progression (response category not simulated),141,TA5
S0127,overall response,no progression (response category not simulated),169,TA6
S0127,overall response,no progression (response category not simulated),197,TA7
S0127,overall response,no progression (response category not simulated),225,TA8
S0127,overall response,no progression (response category not simulated),253,TA9
S0127,overall response,no progression (response category not simulated),281,TA10
S0127,overall response,no progression (response category not simulated),309,TA11
S0127,overall response,no progression (response category not simulated),337,TA12
S0128,overall response,no progression (response category not simulated),29,TA1
S0128,overall response,no progression (response category not simulated),57,TA2
S0128,overall response,no progression (response category not simulated),85,TA3
S0128,overall response,no progression (response category not simulated),113,TA4
S0128,overall response,no progression (response category not simulated),141,TA5
S0128,overall response,no progression (response category not simulated),169,TA6
S0128,overall response,no progression (response category not simulated),197,TA7
S0128,overall response,no progression (response category not simulated),225,TA8
S0128,overall response,no progression (response category not simulated),253,TA9
S0128,overall response,no progression (response category not simulated),281,TA10
S0128,overall response,no progression (response category not simulated),309,TA11
S0128,overall response,no progression (response category not simulated),337,TA12
S0129,overall response,no progression (response category not simulated),29,TA1
S0129,overall response,no progression (response category not simulated),57,TA2
S0129,overall response,no progression (response category not simulated),85,TA3
S0129,overall response,no progression (response category not simulated),113,TA4
S0129,overall response,no progression (response category not simulated),141,TA5
S0129,overall response,no progression (response category not simulated),169,TA6
S0129,overall response,no progression (response category not simulated),197,TA7
S0129,overall response,progressive disease,225,TA8
S0130,overall response,no progression (response category not simulated),29,TA1
S0130,overall response,no progression (response category not simulated),57,TA2
S0130,overall response,no progression (response category not simulated),85,TA3
S0130,overall response,no progression (response category not simulated),113,TA4
S0130,overall response,no progression (response category not simulated),141,TA5
S0130,overall response,no progression (response category not simulated),169,TA6
S0130,overall response,no progression (response category not simulated),197,TA7
S0130,overall response,no progression (response category not simulated),225,TA8
S0130,overall response,no progression (response category not simulated),253,TA9
S0130,overall response,no progression (response category not simulated),281,TA10
S0130,overall response,no progression (response category not simulated),309,TA11
S0130,overall response,no progression (response category not simulated),337,TA12
S0131,overall response,no progression (response category not simulated),29,TA1
S0131,overall response,no progression (response category not simulated),57,TA2
S0131,overall response,no progression (response category not simulated),85,TA3
S0131,overall response,no progression (response category not simulated),113,TA4
S0131,overall response,no progression (response category not simulated),141,TA5
S0131,overall response,no progression (response category not simulated),169,TA6
S0131,overall response,no progression (response category not simulated),197,TA7
S0131,overall response,no progression (response category not simulated),225,TA8
S0131,overall response,no progression (response category not simulated),253,TA9
S0131,overall response,no progression (response category not simulated),281,TA10
S0131,overall response,no progression (response category not simulated),309,TA11
S0131,overall response,no progression (response category not simulated),337,TA12
S0132,overall response,no progression (response category not simulated),29,TA1
S0132,overall response,no progression (response category not simulated),57,TA2
S0132,overall response,no progression (response category not simulated),85,TA3
S0132,overall response,no progression (response category not simulated),113,TA4
S0132,overall response,no progression (response category not simulated),141,TA5
S0132,overall response,no progression (response category not simulated),169,TA6
S0132,overall response,no progression (response category not simulated),197,TA7
S0132,overall response,no progression (response category not simulated),225,TA8
S0132,overall response,no progression (response category not simulated),253,TA9
S0132,overall response,no progression (response category not simulated),281,TA10
S0132,overall response,no progression (response category not simulated),309,TA11
S0132,overall response,no progression (response category not simulated),337,TA12
S0133,overall response,no progression (response category not simulated),29,TA1
S0133,overall response,no progression (response category not simulated),57,TA2
S0133,overall response,no progression (response category not simulated),85,TA3
S0133,overall response,no progression (response category not simulated),113,TA4
S0133,overall response,no progression (response category not simulated),141,TA5
S0133,overall response,no progression (response category not simulated),169,TA6
S0133,overall response,no progression (response category not simulated),197,TA7
S0133,overall response,no progression (response category not simulated),225,TA8
S0133,overall response,no progression (response category not simulated),253,TA9
S0133,overall response,no progression (response category not simulated),281,TA10
S0133,overall response,progressive disease,309,TA11
S0134,overall response,no progression (response category not simulated),29,TA1
S0134,overall response,no progression (response category not simulated),57,TA2
S0134,overall response,no progression (response category not simulated),85,TA3
S0134,overall response,no progression (response category not simulated),113,TA4
S0134,overall response,no progression (response category not simulated),141,TA5
S0134,overall response,no progression (response category not simulated),169,TA6
S0134,overall response,no progression (response category not simulated),197,TA7
S0134,overall response,no progression (response category not simulated),225,TA8
S0134,overall response,no progression (response category not simulated),253,TA9
S0134,overall response,no progression (response category not simulated),281,TA10
S0134,overall response,no progression (response category not simulated),309,TA11
S0134,overall response,no progression (response category not simulated),337,TA12
S0135,overall response,no progression (response category not simulated),29,TA1
S0135,overall response,no progression (response category not simulated),57,TA2
S0135,overall response,no progression (response category not simulated),85,TA3
S0135,overall response,no progression (response category not simulated),113,TA4
S0135,overall response,no progression (response category not simulated),141,TA5
S0135,overall response,no progression (response category not simulated),169,TA6
S0135,overall response,no progression (response category not simulated),197,TA7
S0135,overall response,no progression (response category not simulated),225,TA8
S0135,overall response,no progression (response category not simulated),253,TA9
S0135,overall response,no progression (response category not simulated),281,TA10
S0135,overall response,no progression (response category not simulated),309,TA11
S0135,overall response,no progression (response category not simulated),337,TA12
S0137,overall response,no progression (response category not simulated),29,TA1
S0137,overall response,no progression (response category not simulated),57,TA2
S0137,overall response,no progression (response category not simulated),85,TA3
S0137,overall response,no progression (response category not simulated),113,TA4
S0137,overall response,no progression (response category not simulated),141,TA5
S0137,overall response,no progression (response category not simulated),169,TA6
S0137,overall response,no progression (response category not simulated),197,TA7
S0137,overall response,no progression (response category not simulated),225,TA8
S0137,overall response,no progression (response category not simulated),253,TA9
S0137,overall response,no progression (response category not simulated),281,TA10
S0137,overall response,no progression (response category not simulated),309,TA11
S0137,overall response,no progression (response category not simulated),337,TA12
S0138,overall response,no progression (response category not simulated),29,TA1
S0138,overall response,no progression (response category not simulated),57,TA2
S0138,overall response,no progression (response category not simulated),85,TA3
S0138,overall response,no progression (response category not simulated),113,TA4
S0138,overall response,no progression (response category not simulated),141,TA5
S0138,overall response,no progression (response category not simulated),169,TA6
S0138,overall response,no progression (response category not simulated),197,TA7
S0138,overall response,no progression (response category not simulated),225,TA8
S0138,overall response,progressive disease,253,TA9
S0139,overall response,no progression (response category not simulated),29,TA1
S0139,overall response,no progression (response category not simulated),57,TA2
S0139,overall response,no progression (response category not simulated),85,TA3
S0139,overall response,no progression (response category not simulated),113,TA4
S0139,overall response,no progression (response category not simulated),141,TA5
S0140,overall response,no progression (response category not simulated),29,TA1
S0140,overall response,no progression (response category not simulated),57,TA2
S0140,overall response,no progression (response category not simulated),85,TA3
S0140,overall response,no progression (response category not simulated),113,TA4
S0140,overall response,no progression (response category not simulated),141,TA5
S0140,overall response,no progression (response category not simulated),169,TA6
S0140,overall response,no progression (response category not simulated),197,TA7
S0140,overall response,no progression (response category not simulated),225,TA8
S0140,overall response,no progression (response category not simulated),253,TA9
S0140,overall response,no progression (response category not simulated),281,TA10
S0140,overall response,no progression (response category not simulated),309,TA11
S0140,overall response,no progression (response category not simulated),337,TA12
S0141,overall response,no progression (response category not simulated),29,TA1
S0141,overall response,no progression (response category not simulated),57,TA2
S0141,overall response,no progression (response category not simulated),85,TA3
S0141,overall response,no progression (response category not simulated),113,TA4
S0141,overall response,no progression (response category not simulated),141,TA5
S0141,overall response,no progression (response category not simulated),169,TA6
S0141,overall response,no progression (response category not simulated),197,TA7
S0141,overall response,no progression (response category not simulated),225,TA8
S0141,overall response,no progression (response category not simulated),253,TA9
S0141,overall response,no progression (response category not simulated),281,TA10
S0141,overall response,no progression (response category not simulated),309,TA11
S0141,overall response,progressive disease,337,TA12
S0142,overall response,no progression (response category not simulated),29,TA1
S0142,overall response,no progression (response category not simulated),57,TA2
S0142,overall response,no progression (response category not simulated),85,TA3
S0142,overall response,no progression (response category not simulated),113,TA4
S0142,overall response,no progression (response category not simulated),141,TA5
S0142,overall response,no progression (response category not simulated),169,TA6
S0142,overall response,no progression (response category not simulated),197,TA7
S0142,overall response,no progression (response category not simulated),225,TA8
S0142,overall response,no progression (response category not simulated),253,TA9
S0142,overall response,no progression (response category not simulated),281,TA10
S0142,overall response,no progression (response category not simulated),309,TA11
S0142,overall response,no progression (response category not simulated),337,TA12
S0143,overall response,no progression (response category not simulated),29,TA1
S0143,overall response,no progression (response category not simulated),57,TA2
S0143,overall response,no progression (response category not simulated),85,TA3
S0143,overall response,progressive disease,113,TA4
S0144,overall response,no progression (response category not simulated),29,TA1
S0144,overall response,no progression (response category not simulated),57,TA2
S0144,overall response,no progression (response category not simulated),85,TA3
S0144,overall response,no progression (response category not simulated),113,TA4
S0144,overall response,no progression (response category not simulated),141,TA5
S0144,overall response,no progression (response category not simulated),169,TA6
S0144,overall response,no progression (response category not simulated),197,TA7
S0144,overall response,no progression (response category not simulated),225,TA8
S0144,overall response,no progression (response category not simulated),253,TA9
S0144,overall response,no progression (response category not simulated),281,TA10
S0144,overall response,no progression (response category not simulated),309,TA11
S0144,overall response,no progression (response category not simulated),337,TA12
S0145,overall response,no progression (response category not simulated),29,TA1
S0145,overall response,no progression (response category not simulated),57,TA2
S0145,overall response,no progression (response category not simulated),85,TA3
S0145,overall response,no progression (response category not simulated),113,TA4
S0145,overall response,no progression (response category not simulated),141,TA5
S0145,overall response,no progression (response category not simulated),169,TA6
S0145,overall response,no progression (response category not simulated),197,TA7
S0145,overall response,no progression (response category not simulated),225,TA8
S0145,overall response,no progression (response category not simulated),253,TA9
S0145,overall response,no progression (response category not simulated),281,TA10
S0145,overall response,no progression (response category not simulated),309,TA11
S0145,overall response,no progression (response category not simulated),337,TA12
S0146,overall response,no progression (response category not simulated),29,TA1
S0146,overall response,no progression (response category not simulated),57,TA2
S0146,overall response,no progression (response category not simulated),85,TA3
S0146,overall response,no progression (response category not simulated),113,TA4
S0146,overall response,no progression (response category not simulated),141,TA5
S0146,overall response,no progression (response category not simulated),169,TA6
S0146,overall response,no progression (response category not simulated),197,TA7
S0146,overall response,no progression (response category not simulated),225,TA8
S0146,overall response,no progression (response category not simulated),253,TA9
S0146,overall response,no progression (response category not simulated),281,TA10
S0146,overall response,no progression (response category not simulated),309,TA11
S0146,overall response,no progression (response category not simulated),337,TA12
S0147,overall response,no progression (response category not simulated),29,TA1
S0147,overall response,no progression (response category not simulated),57,TA2
S0147,overall response,no progression (response category not simulated),85,TA3
S0147,overall response,no progression (response category not simulated),113,TA4
S0147,overall response,no progression (response category not simulated),141,TA5
S0147,overall response,no progression (response category not simulated),169,TA6
S0147,overall response,no progression (response category not simulated),197,TA7
S0147,overall response,no progression (response category not simulated),225,TA8
S0147,overall response,no progression (response category not simulated),253,TA9
S0147,overall response,no progression (response category not simulated),281,TA10
S0147,overall response,no progression (response category not simulated),309,TA11
S0147,overall response,no progression (response category not simulated),337,TA12
S0148,overall response,no progression (response category not simulated),29,TA1
S0148,overall response,no progression (response category not simulated),57,TA2
S0148,overall response,no progression (response category not simulated),85,TA3
S0148,overall response,no progression (response category not simulated),113,TA4
S0148,overall response,no progression (response category not simulated),141,TA5
S0148,overall response,no progression (response category not simulated),169,TA6
S0148,overall response,no progression (response category not simulated),197,TA7
S0148,overall response,no progression (response category not simulated),225,TA8
S0148,overall response,no progression (response category not simulated),253,TA9
S0148,overall response,no progression (response category not simulated),281,TA10
S0148,overall response,no progression (response category not simulated),309,TA11
S0148,overall response,no progression (response category not simulated),337,TA12
S0149,overall response,no progression (response category not simulated),29,TA1
S0149,overall response,no progression (response category not simulated),57,TA2
S0149,overall response,no progression (response category not simulated),85,TA3
S0149,overall response,no progression (response category not simulated),113,TA4
S0149,overall response,no progression (response category not simulated),141,TA5
S0149,overall response,no progression (response category not simulated),169,TA6
S0149,overall response,no progression (response category not simulated),197,TA7
S0149,overall response,no progression (response category not simulated),225,TA8
S0149,overall response,no progression (response category not simulated),253,TA9
S0149,overall response,no progression (response category not simulated),281,TA10
S0149,overall response,no progression (response category not simulated),309,TA11
S0149,overall response,no progression (response category not simulated),337,TA12
S0150,overall response,no progression (response category not simulated),29,TA1
S0150,overall response,no progression (response category not simulated),57,TA2
S0150,overall response,no progression (response category not simulated),85,TA3
S0150,overall response,no progression (response category not simulated),113,TA4
S0150,overall response,no progression (response category not simulated),141,TA5
S0150,overall response,no progression (response category not simulated),169,TA6
S0150,overall response,no progression (response category not simulated),197,TA7
S0150,overall response,no progression (response category not simulated),225,TA8
S0150,overall response,no progression (response category not simulated),253,TA9
S0150,overall response,no progression (response category not simulated),281,TA10
S0150,overall response,no progression (response category not simulated),309,TA11
S0150,overall response,no progression (response category not simulated),337,TA12
S0151,overall response,no progression (response category not simulated),29,TA1
S0151,overall response,no progression (response category not simulated),57,TA2
S0151,overall response,no progression (response category not simulated),85,TA3
S0151,overall response,no progression (response category not simulated),113,TA4
S0151,overall response,no progression (response category not simulated),141,TA5
S0151,overall response,no progression (response category not simulated),169,TA6
S0151,overall response,no progression (response category not simulated),197,TA7
S0151,overall response,no progression (response category not simulated),225,TA8
S0151,overall response,no progression (response category not simulated),253,TA9
S0151,overall response,no progression (response category not simulated),281,TA10
S0151,overall response,no progression (response category not simulated),309,TA11
S0151,overall response,no progression (response category not simulated),337,TA12
S0152,overall response,no progression (response category not simulated),29,TA1
S0152,overall response,no progression (response category not simulated),57,TA2
S0152,overall response,no progression (response category not simulated),85,TA3
S0152,overall response,no progression (response category not simulated),113,TA4
S0152,overall response,no progression (response category not simulated),141,TA5
S0152,overall response,no progression (response category not simulated),169,TA6
S0152,overall response,progressive disease,197,TA7
S0153,overall response,no progression (response category not simulated),29,TA1
S0153,overall response,no progression (response category not simulated),57,TA2
S0153,overall response,no progression (response category not simulated),85,TA3
S0153,overall response,no progression (response category not simulated),113,TA4
S0153,overall response,no progression (response category not simulated),141,TA5
S0153,overall response,no progression (response category not simulated),169,TA6
S0153,overall response,no progression (response category not simulated),197,TA7
S0153,overall response,no progression (response category not simulated),225,TA8
S0153,overall response,no progression (response category not simulated),253,TA9
S0153,overall response,no progression (response category not simulated),281,TA10
S0153,overall response,no progression (response category not simulated),309,TA11
S0153,overall response,no progression (response category not simulated),337,TA12
S0154,overall response,no progression (response category not simulated),29,TA1
S0154,overall response,no progression (response category not simulated),57,TA2
S0154,overall response,no progression (response category not simulated),85,TA3
S0154,overall response,no progression (response category not simulated),113,TA4
S0154,overall response,no progression (response category not simulated),141,TA5
S0154,overall response,no progression (response category not simulated),169,TA6
S0154,overall response,no progression (response category not simulated),197,TA7
S0154,overall response,no progression (response category not simulated),225,TA8
S0154,overall response,no progression (response category not simulated),253,TA9
S0154,overall response,no progression (response category not simulated),281,TA10
S0154,overall response,no progression (response category not simulated),309,TA11
S0154,overall response,no progression (response category not simulated),337,TA12
S0155,overall response,no progression (response category not simulated),29,TA1
S0155,overall response,no progression (response category not simulated),57,TA2
S0155,overall response,no progression (response category not simulated),85,TA3
S0155,overall response,no progression (response category not simulated),113,TA4
S0155,overall response,no progression (response category not simulated),141,TA5
S0155,overall response,no progression (response category not simulated),169,TA6
S0155,overall response,no progression (response category not simulated),197,TA7
S0155,overall response,no progression (response category not simulated),225,TA8
S0155,overall response,no progression (response category not simulated),253,TA9
S0155,overall response,no progression (response category not simulated),281,TA10
S0155,overall response,no progression (response category not simulated),309,TA11
S0155,overall response,no progression (response category not simulated),337,TA12
S0156,overall response,no progression (response category not simulated),29,TA1
S0156,overall response,no progression (response category not simulated),57,TA2
S0156,overall response,no progression (response category not simulated),85,TA3
S0156,overall response,no progression (response category not simulated),113,TA4
S0156,overall response,no progression (response category not simulated),141,TA5
S0156,overall response,no progression (response category not simulated),169,TA6
S0156,overall response,no progression (response category not simulated),197,TA7
S0156,overall response,no progression (response category not simulated),225,TA8
S0156,overall response,no progression (response category not simulated),253,TA9
S0157,overall response,no progression (response category not simulated),29,TA1
S0157,overall response,no progression (response category not simulated),57,TA2
S0157,overall response,no progression (response category not simulated),85,TA3
S0157,overall response,no progression (response category not simulated),113,TA4
S0157,overall response,no progression (response category not simulated),141,TA5
S0157,overall response,no progression (response category not simulated),169,TA6
S0157,overall response,no progression (response category not simulated),197,TA7
S0157,overall response,no progression (response category not simulated),225,TA8
S0157,overall response,no progression (response category not simulated),253,TA9
S0157,overall response,no progression (response category not simulated),281,TA10
S0157,overall response,no progression (response category not simulated),309,TA11
S0157,overall response,no progression (response category not simulated),337,TA12
S0158,overall response,no progression (response category not simulated),29,TA1
S0158,overall response,no progression (response category not simulated),57,TA2
S0158,overall response,no progression (response category not simulated),85,TA3
S0158,overall response,no progression (response category not simulated),113,TA4
S0158,overall response,no progression (response category not simulated),141,TA5
S0158,overall response,no progression (response category not simulated),169,TA6
S0158,overall response,no progression (response category not simulated),197,TA7
S0158,overall response,no progression (response category not simulated),225,TA8
S0158,overall response,no progression (response category not simulated),253,TA9
S0158,overall response,no progression (response category not simulated),281,TA10
S0158,overall response,no progression (response category not simulated),309,TA11
S0158,overall response,no progression (response category not simulated),337,TA12
S0159,overall response,no progression (response category not simulated),29,TA1
S0159,overall response,progressive disease,57,TA2
S0160,overall response,no progression (response category not simulated),29,TA1
S0160,overall response,no progression (response category not simulated),57,TA2
S0160,overall response,no progression (response category not simulated),85,TA3
S0160,overall response,no progression (response category not simulated),113,TA4
S0160,overall response,no progression (response category not simulated),141,TA5
S0160,overall response,no progression (response category not simulated),169,TA6
S0160,overall response,no progression (response category not simulated),197,TA7
S0160,overall response,no progression (response category not simulated),225,TA8
S0160,overall response,no progression (response category not simulated),253,TA9
S0160,overall response,no progression (response category not simulated),281,TA10
S0160,overall response,no progression (response category not simulated),309,TA11
S0160,overall response,no progression (response category not simulated),337,TA12
S0161,overall response,no progression (response category not simulated),29,TA1
S0161,overall response,no progression (response category not simulated),57,TA2
S0161,overall response,no progression (response category not simulated),85,TA3
S0161,overall response,no progression (response category not simulated),113,TA4
S0161,overall response,no progression (response category not simulated),141,TA5
S0161,overall response,no progression (response category not simulated),169,TA6
S0162,overall response,no progression (response category not simulated),29,TA1
S0162,overall response,no progression (response category not simulated),57,TA2
S0162,overall response,no progression (response category not simulated),85,TA3
S0162,overall response,no progression (response category not simulated),113,TA4
S0162,overall response,no progression (response category not simulated),141,TA5
S0162,overall response,no progression (response category not simulated),169,TA6
S0162,overall response,no progression (response category not simulated),197,TA7
S0162,overall response,no progression (response category not simulated),225,TA8
S0162,overall response,no progression (response category not simulated),253,TA9
S0162,overall response,no progression (response category not simulated),281,TA10
S0162,overall response,no progression (response category not simulated),309,TA11
S0162,overall response,no progression (response category not simulated),337,TA12
S0163,overall response,no progression (response category not simulated),29,TA1
S0163,overall response,no progression (response category not simulated),57,TA2
S0163,overall response,no progression (response category not simulated),85,TA3
S0163,overall response,no progression (response category not simulated),113,TA4
S0163,overall response,no progression (response category not simulated),141,TA5
S0163,overall response,no progression (response category not simulated),169,TA6
S0163,overall response,no progression (response category not simulated),197,TA7
S0163,overall response,no progression (response category not simulated),225,TA8
S0163,overall response,no progression (response category not simulated),253,TA9
S0163,overall response,no progression (response category not simulated),281,TA10
S0163,overall response,no progression (response category not simulated),309,TA11
S0163,overall response,no progression (response category not simulated),337,TA12
S0164,overall response,no progression (response category not simulated),29,TA1
S0164,overall response,no progression (response category not simulated),57,TA2
S0164,overall response,no progression (response category not simulated),85,TA3
S0164,overall response,no progression (response category not simulated),113,TA4
S0164,overall response,no progression (response category not simulated),141,TA5
S0164,overall response,no progression (response category not simulated),169,TA6
S0164,overall response,no progression (response category not simulated),197,TA7
S0164,overall response,no progression (response category not simulated),225,TA8
S0164,overall response,no progression (response category not simulated),253,TA9
S0164,overall response,no progression (response category not simulated),281,TA10
S0164,overall response,no progression (response category not simulated),309,TA11
S0164,overall response,no progression (response category not simulated),337,TA12
S0165,overall response,no progression (response category not simulated),29,TA1
S0165,overall response,no progression (response category not simulated),57,TA2
S0165,overall response,no progression (response category not simulated),85,TA3
S0165,overall response,no progression (response category not simulated),113,TA4
S0165,overall response,no progression (response category not simulated),141,TA5
S0165,overall response,no progression (response category not simulated),169,TA6
S0165,overall response,no progression (response category not simulated),197,TA7
S0165,overall response,no progression (response category not simulated),225,TA8
S0165,overall response,no progression (response category not simulated),253,TA9
S0165,overall response,no progression (response category not simulated),281,TA10
S0165,overall response,no progression (response category not simulated),309,TA11
S0165,overall response,no progression (response category not simulated),337,TA12
S0166,overall response,no progression (response category not simulated),29,TA1
S0166,overall response,no progression (response category not simulated),57,TA2
S0166,overall response,no progression (response category not simulated),85,TA3
S0166,overall response,no progression (response category not simulated),113,TA4
S0166,overall response,no progression (response category not simulated),141,TA5
S0166,overall response,progressive disease,169,TA6
S0167,overall response,no progression (response category not simulated),29,TA1
S0167,overall response,no progression (response category not simulated),57,TA2
S0167,overall response,no progression (response category not simulated),85,TA3
S0167,overall response,no progression (response category not simulated),113,TA4
S0167,overall response,no progression (response category not simulated),141,TA5
S0167,overall response,no progression (response category not simulated),169,TA6
S0167,overall response,no progression (response category not simulated),197,TA7
S0167,overall response,no progression (response category not simulated),225,TA8
S0167,overall response,no progression (response category not simulated),253,TA9
S0167,overall response,no progression (response category not simulated),281,TA10
S0167,overall response,no progression (response category not simulated),309,TA11
S0167,overall response,no progression (response category not simulated),337,TA12
S0168,overall response,no progression (response category not simulated),29,TA1
S0168,overall response,no progression (response category not simulated),57,TA2
S0168,overall response,no progression (response category not simulated),85,TA3
S0168,overall response,no progression (response category not simulated),113,TA4
S0168,overall response,no progression (response category not simulated),141,TA5
S0168,overall response,no progression (response category not simulated),169,TA6
S0168,overall response,no progression (response category not simulated),197,TA7
S0168,overall response,no progression (response category not simulated),225,TA8
S0168,overall response,no progression (response category not simulated),253,TA9
S0168,overall response,no progression (response category not simulated),281,TA10
S0168,overall response,no progression (response category not simulated),309,TA11
S0168,overall response,no progression (response category not simulated),337,TA12
S0169,overall response,no progression (response category not simulated),29,TA1
S0170,overall response,no progression (response category not simulated),29,TA1
S0170,overall response,no progression (response category not simulated),57,TA2
S0170,overall response,no progression (response category not simulated),85,TA3
S0170,overall response,no progression (response category not simulated),113,TA4
S0170,overall response,no progression (response category not simulated),141,TA5
S0170,overall response,no progression (response category not simulated),169,TA6
S0170,overall response,no progression (response category not simulated),197,TA7
S0170,overall response,no progression (response category not simulated),225,TA8
S0170,overall response,no progression (response category not simulated),253,TA9
S0170,overall response,no progression (response category not simulated),281,TA10
S0170,overall response,no progression (response category not simulated),309,TA11
S0170,overall response,no progression (response category not simulated),337,TA12
S0171,overall response,no progression (response category not simulated),29,TA1
S0171,overall response,no progression (response category not simulated),57,TA2
S0171,overall response,no progression (response category not simulated),85,TA3
S0171,overall response,no progression (response category not simulated),113,TA4
S0171,overall response,no progression (response category not simulated),141,TA5
S0171,overall response,no progression (response category not simulated),169,TA6
S0171,overall response,no progression (response category not simulated),197,TA7
S0171,overall response,no progression (response category not simulated),225,TA8
S0171,overall response,no progression (response category not simulated),253,TA9
S0171,overall response,no progression (response category not simulated),281,TA10
S0171,overall response,no progression (response category not simulated),309,TA11
S0171,overall response,no progression (response category not simulated),337,TA12
S0172,overall response,no progression (response category not simulated),29,TA1
S0172,overall response,no progression (response category not simulated),57,TA2
S0172,overall response,no progression (response category not simulated),85,TA3
S0172,overall response,no progression (response category not simulated),113,TA4
S0172,overall response,no progression (response category not simulated),141,TA5
S0172,overall response,no progression (response category not simulated),169,TA6
S0172,overall response,no progression (response category not simulated),197,TA7
S0172,overall response,no progression (response category not simulated),225,TA8
S0172,overall response,no progression (response category not simulated),253,TA9
S0172,overall response,no progression (response category not simulated),281,TA10
S0172,overall response,no progression (response category not simulated),309,TA11
S0172,overall response,no progression (response category not simulated),337,TA12
S0173,overall response,no progression (response category not simulated),29,TA1
S0173,overall response,no progression (response category not simulated),57,TA2
S0173,overall response,no progression (response category not simulated),85,TA3
S0173,overall response,no progression (response category not simulated),113,TA4
S0173,overall response,no progression (response category not simulated),141,TA5
S0173,overall response,no progression (response category not simulated),169,TA6
S0173,overall response,no progression (response category not simulated),197,TA7
S0173,overall response,no progression (response category not simulated),225,TA8
S0173,overall response,no progression (response category not simulated),253,TA9
S0173,overall response,no progression (response category not simulated),281,TA10
S0173,overall response,no progression (response category not simulated),309,TA11
S0173,overall response,no progression (response category not simulated),337,TA12
S0174,overall response,no progression (response category not simulated),29,TA1
S0174,overall response,no progression (response category not simulated),57,TA2
S0174,overall response,no progression (response category not simulated),85,TA3
S0174,overall response,no progression (response category not simulated),113,TA4
S0174,overall response,progressive disease,141,TA5
S0175,overall response,no progression (response category not simulated),29,TA1
S0175,overall response,no progression (response category not simulated),57,TA2
S0175,overall response,no progression (response category not simulated),85,TA3
S0175,overall response,no progression (response category not simulated),113,TA4
S0175,overall response,no progression (response category not simulated),141,TA5
S0175,overall response,no progression (response category not simulated),169,TA6
S0175,overall response,no progression (response category not simulated),197,TA7
S0175,overall response,no progression (response category not simulated),225,TA8
S0175,overall response,no progression (response category not simulated),253,TA9
S0175,overall response,no progression (response category not simulated),281,TA10
S0175,overall response,no progression (response category not simulated),309,TA11
S0175,overall response,no progression (response category not simulated),337,TA12
S0176,overall response,no progression (response category not simulated),29,TA1
S0176,overall response,no progression (response category not simulated),57,TA2
S0176,overall response,no progression (response category not simulated),85,TA3
S0176,overall response,no progression (response category not simulated),113,TA4
S0176,overall response,no progression (response category not simulated),141,TA5
S0176,overall response,no progression (response category not simulated),169,TA6
S0176,overall response,no progression (response category not simulated),197,TA7
S0176,overall response,no progression (response category not simulated),225,TA8
S0176,overall response,no progression (response category not simulated),253,TA9
S0176,overall response,no progression (response category not simulated),281,TA10
S0176,overall response,no progression (response category not simulated),309,TA11
S0176,overall response,no progression (response category not simulated),337,TA12
S0177,overall response,no progression (response category not simulated),29,TA1
S0177,overall response,no progression (response category not simulated),57,TA2
S0177,overall response,no progression (response category not simulated),85,TA3
S0177,overall response,no progression (response category not simulated),113,TA4
S0177,overall response,no progression (response category not simulated),141,TA5
S0177,overall response,no progression (response category not simulated),169,TA6
S0177,overall response,no progression (response category not simulated),197,TA7
S0177,overall response,no progression (response category not simulated),225,TA8
S0177,overall response,no progression (response category not simulated),253,TA9
S0177,overall response,no progression (response category not simulated),281,TA10
S0177,overall response,no progression (response category not simulated),309,TA11
S0177,overall response,no progression (response category not simulated),337,TA12
S0178,overall response,no progression (response category not simulated),29,TA1
S0178,overall response,no progression (response category not simulated),57,TA2
S0178,overall response,no progression (response category not simulated),85,TA3
S0178,overall response,no progression (response category not simulated),113,TA4
S0178,overall response,no progression (response category not simulated),141,TA5
S0178,overall response,no progression (response category not simulated),169,TA6
S0178,overall response,no progression (response category not simulated),197,TA7
S0178,overall response,no progression (response category not simulated),225,TA8
S0178,overall response,no progression (response category not simulated),253,TA9
S0178,overall response,no progression (response category not simulated),281,TA10
S0178,overall response,no progression (response category not simulated),309,TA11
S0178,overall response,no progression (response category not simulated),337,TA12
S0179,overall response,no progression (response category not simulated),29,TA1
S0179,overall response,no progression (response category not simulated),57,TA2
S0179,overall response,no progression (response category not simulated),85,TA3
S0179,overall response,no progression (response category not simulated),113,TA4
S0179,overall response,no progression (response category not simulated),141,TA5
S0179,overall response,no progression (response category not simulated),169,TA6
S0179,overall response,no progression (response category not simulated),197,TA7
S0179,overall response,no progression (response category not simulated),225,TA8
S0179,overall response,no progression (response category not simulated),253,TA9
S0179,overall response,no progression (response category not simulated),281,TA10
S0179,overall response,no progression (response category not simulated),309,TA11
S0179,overall response,no progression (response category not simulated),337,TA12
S0180,overall response,no progression (response category not simulated),29,TA1
S0180,overall response,no progression (response category not simulated),57,TA2
S0180,overall response,no progression (response category not simulated),85,TA3
S0180,overall response,no progression (response category not simulated),113,TA4
S0180,overall response,no progression (response category not simulated),141,TA5
S0180,overall response,no progression (response category not simulated),169,TA6
S0180,overall response,no progression (response category not simulated),197,TA7
S0180,overall response,no progression (response category not simulated),225,TA8
S0180,overall response,no progression (response category not simulated),253,TA9
S0180,overall response,no progression (response category not simulated),281,TA10
S0180,overall response,no progression (response category not simulated),309,TA11
S0180,overall response,no progression (response category not simulated),337,TA12
S0181,overall response,no progression (response category not simulated),29,TA1
S0181,overall response,no progression (response category not simulated),57,TA2
S0181,overall response,no progression (response category not simulated),85,TA3
S0181,overall response,no progression (response category not simulated),113,TA4
S0181,overall response,no progression (response category not simulated),141,TA5
S0181,overall response,no progression (response category not simulated),169,TA6
S0181,overall response,no progression (response category not simulated),197,TA7
S0181,overall response,progressive disease,225,TA8
S0182,overall response,no progression (response category not simulated),29,TA1
S0182,overall response,no progression (response category not simulated),57,TA2
S0182,overall response,no progression (response category not simulated),85,TA3
S0182,overall response,no progression (response category not simulated),113,TA4
S0182,overall response,no progression (response category not simulated),141,TA5
S0182,overall response,no progression (response category not simulated),169,TA6
S0182,overall response,no progression (response category not simulated),197,TA7
S0182,overall response,no progression (response category not simulated),225,TA8
S0182,overall response,no progression (response category not simulated),253,TA9
S0182,overall response,no progression (response category not simulated),281,TA10
S0182,overall response,no progression (response category not simulated),309,TA11
S0182,overall response,no progression (response category not simulated),337,TA12
S0183,overall response,no progression (response category not simulated),29,TA1
S0183,overall response,no progression (response category not simulated),57,TA2
S0183,overall response,no progression (response category not simulated),85,TA3
S0183,overall response,no progression (response category not simulated),113,TA4
S0183,overall response,no progression (response category not simulated),141,TA5
S0183,overall response,no progression (response category not simulated),169,TA6
S0183,overall response,no progression (response category not simulated),197,TA7
S0183,overall response,no progression (response category not simulated),225,TA8
S0183,overall response,no progression (response category not simulated),253,TA9
S0183,overall response,no progression (response category not simulated),281,TA10
S0183,overall response,no progression (response category not simulated),309,TA11
S0183,overall response,no progression (response category not simulated),337,TA12
S0184,overall response,no progression (response category not simulated),29,TA1
S0184,overall response,no progression (response category not simulated),57,TA2
S0184,overall response,no progression (response category not simulated),85,TA3
S0184,overall response,no progression (response category not simulated),113,TA4
S0184,overall response,no progression (response category not simulated),141,TA5
S0184,overall response,no progression (response category not simulated),169,TA6
S0184,overall response,no progression (response category not simulated),197,TA7
S0184,overall response,no progression (response category not simulated),225,TA8
S0184,overall response,no progression (response category not simulated),253,TA9
S0184,overall response,no progression (response category not simulated),281,TA10
S0184,overall response,no progression (response category not simulated),309,TA11
S0184,overall response,progressive disease,337,TA12
S0185,overall response,no progression (response category not simulated),29,TA1
S0185,overall response,no progression (response category not simulated),57,TA2
S0185,overall response,no progression (response category not simulated),85,TA3
S0185,overall response,no progression (response category not simulated),113,TA4
S0185,overall response,no progression (response category not simulated),141,TA5
S0185,overall response,no progression (response category not simulated),169,TA6
S0185,overall response,no progression (response category not simulated),197,TA7
S0185,overall response,no progression (response category not simulated),225,TA8
S0185,overall response,no progression (response category not simulated),253,TA9
S0185,overall response,no progression (response category not simulated),281,TA10
S0185,overall response,no progression (response category not simulated),309,TA11
S0185,overall response,no progression (response category not simulated),337,TA12
S0186,overall response,no progression (response category not simulated),29,TA1
S0186,overall response,no progression (response category not simulated),57,TA2
S0186,overall response,no progression (response category not simulated),85,TA3
S0186,overall response,no progression (response category not simulated),113,TA4
S0186,overall response,no progression (response category not simulated),141,TA5
S0186,overall response,no progression (response category not simulated),169,TA6
S0186,overall response,no progression (response category not simulated),197,TA7
S0186,overall response,no progression (response category not simulated),225,TA8
S0186,overall response,no progression (response category not simulated),253,TA9
S0186,overall response,no progression (response category not simulated),281,TA10
S0186,overall response,no progression (response category not simulated),309,TA11
S0186,overall response,no progression (response category not simulated),337,TA12
S0187,overall response,no progression (response category not simulated),29,TA1
S0187,overall response,no progression (response category not simulated),57,TA2
S0187,overall response,no progression (response category not simulated),85,TA3
S0187,overall response,no progression (response category not simulated),113,TA4
S0187,overall response,no progression (response category not simulated),141,TA5
S0187,overall response,no progression (response category not simulated),169,TA6
S0187,overall response,no progression (response category not simulated),197,TA7
S0187,overall response,no progression (response category not simulated),225,TA8
S0187,overall response,no progression (response category not simulated),253,TA9
S0187,overall response,no progression (response category not simulated),281,TA10
S0187,overall response,no progression (response category not simulated),309,TA11
S0187,overall response,no progression (response category not simulated),337,TA12
S0188,overall response,no progression (response category not simulated),29,TA1
S0188,overall response,no progression (response category not simulated),57,TA2
S0188,overall response,no progression (response category not simulated),85,TA3
S0188,overall response,no progression (response category not simulated),113,TA4
S0188,overall response,no progression (response category not simulated),141,TA5
S0188,overall response,no progression (response category not simulated),169,TA6
S0188,overall response,no progression (response category not simulated),197,TA7
S0188,overall response,no progression (response category not simulated),225,TA8
S0188,overall response,no progression (response category not simulated),253,TA9
S0188,overall response,no progression (response category not simulated),281,TA10
S0188,overall response,no progression (response category not simulated),309,TA11
S0188,overall response,no progression (response category not simulated),337,TA12
S0189,overall response,no progression (response category not simulated),29,TA1
S0189,overall response,no progression (response category not simulated),57,TA2
S0189,overall response,no progression (response category not simulated),85,TA3
S0189,overall response,no progression (response category not simulated),113,TA4
S0189,overall response,no progression (response category not simulated),141,TA5
S0189,overall response,no progression (response category not simulated),169,TA6
S0189,overall response,no progression (response category not simulated),197,TA7
S0189,overall response,no progression (response category not simulated),225,TA8
S0189,overall response,no progression (response category not simulated),253,TA9
S0189,overall response,no progression (response category not simulated),281,TA10
S0189,overall response,no progression (response category not simulated),309,TA11
S0189,overall response,no progression (response category not simulated),337,TA12
S0190,overall response,no progression (response category not simulated),29,TA1
S0190,overall response,no progression (response category not simulated),57,TA2
S0190,overall response,no progression (response category not simulated),85,TA3
S0190,overall response,no progression (response category not simulated),113,TA4
S0190,overall response,no progression (response category not simulated),141,TA5
S0190,overall response,no progression (response category not simulated),169,TA6
S0190,overall response,no progression (response category not simulated),197,TA7
S0190,overall response,no progression (response category not simulated),225,TA8
S0190,overall response,no progression (response category not simulated),253,TA9
S0190,overall response,no progression (response category not simulated),281,TA10
S0190,overall response,no progression (response category not simulated),309,TA11
S0190,overall response,no progression (response category not simulated),337,TA12
S0191,overall response,no progression (response category not simulated),29,TA1
S0191,overall response,no progression (response category not simulated),57,TA2
S0191,overall response,no progression (response category not simulated),85,TA3
S0191,overall response,no progression (response category not simulated),113,TA4
S0191,overall response,no progression (response category not simulated),141,TA5
S0191,overall response,no progression (response category not simulated),169,TA6
S0191,overall response,no progression (response category not simulated),197,TA7
S0191,overall response,no progression (response category not simulated),225,TA8
S0191,overall response,no progression (response category not simulated),253,TA9
S0191,overall response,progressive disease,281,TA10
S0192,overall response,no progression (response category not simulated),29,TA1
S0192,overall response,no progression (response category not simulated),57,TA2
S0192,overall response,no progression (response category not simulated),85,TA3
S0192,overall response,no progression (response category not simulated),113,TA4
S0192,overall response,no progression (response category not simulated),141,TA5
S0192,overall response,no progression (response category not simulated),169,TA6
S0192,overall response,no progression (response category not simulated),197,TA7
S0192,overall response,no progression (response category not simulated),225,TA8
S0192,overall response,no progression (response category not simulated),253,TA9
S0192,overall response,no progression (response category not simulated),281,TA10
S0192,overall response,no progression (response category not simulated),309,TA11
S0192,overall response,no progression (response category not simulated),337,TA12
S0193,overall response,no progression (response category not simulated),29,TA1
S0193,overall response,no progression (response category not simulated),57,TA2
S0193,overall response,no progression (response category not simulated),85,TA3
S0193,overall response,no progression (response category not simulated),113,TA4
S0193,overall response,no progression (response category not simulated),141,TA5
S0193,overall response,no progression (response category not simulated),169,TA6
S0193,overall response,no progression (response category not simulated),197,TA7
S0193,overall response,no progression (response category not simulated),225,TA8
S0193,overall response,no progression (response category not simulated),253,TA9
S0193,overall response,no progression (response category not simulated),281,TA10
S0193,overall response,no progression (response category not simulated),309,TA11
S0193,overall response,no progression (response category not simulated),337,TA12
S0194,overall response,no progression (response category not simulated),29,TA1
S0194,overall response,no progression (response category not simulated),57,TA2
S0194,overall response,no progression (response category not simulated),85,TA3
S0194,overall response,no progression (response category not simulated),113,TA4
S0194,overall response,no progression (response category not simulated),141,TA5
S0194,overall response,no progression (response category not simulated),169,TA6
S0194,overall response,no progression (response category not simulated),197,TA7
S0194,overall response,no progression (response category not simulated),225,TA8
S0194,overall response,no progression (response category not simulated),253,TA9
S0194,overall response,no progression (response category not simulated),281,TA10
S0194,overall response,no progression (response category not simulated),309,TA11
S0194,overall response,no progression (response category not simulated),337,TA12
S0195,overall response,no progression (response category not simulated),29,TA1
S0195,overall response,no progression (response category not simulated),57,TA2
S0195,overall response,no progression (response category not simulated),85,TA3
S0195,overall response,no progression (response category not simulated),113,TA4
S0195,overall response,no progression (response category not simulated),141,TA5
S0195,overall response,no progression (response category not simulated),169,TA6
S0195,overall response,no progression (response category not simulated),197,TA7
S0195,overall response,no progression (response category not simulated),225,TA8
S0195,overall response,no progression (response category not simulated),253,TA9
S0195,overall response,no progression (response category not simulated),281,TA10
S0195,overall response,no progression (response category not simulated),309,TA11
S0195,overall response,no progression (response category not simulated),337,TA12
S0196,overall response,no progression (response category not simulated),29,TA1
S0196,overall response,no progression (response category not simulated),57,TA2
S0196,overall response,no progression (response category not simulated),85,TA3
S0196,overall response,no progression (response category not simulated),113,TA4
S0196,overall response,no progression (response category not simulated),141,TA5
S0196,overall response,no progression (response category not simulated),169,TA6
S0196,overall response,no progression (response category not simulated),197,TA7
S0196,overall response,no progression (response category not simulated),225,TA8
S0196,overall response,no progression (response category not simulated),253,TA9
S0196,overall response,no progression (response category not simulated),281,TA10
S0196,overall response,no progression (response category not simulated),309,TA11
S0196,overall response,no progression (response category not simulated),337,TA12
S0197,overall response,no progression (response category not simulated),29,TA1
S0197,overall response,no progression (response category not simulated),57,TA2
S0197,overall response,no progression (response category not simulated),85,TA3
S0197,overall response,no progression (response category not simulated),113,TA4
S0197,overall response,no progression (response category not simulated),141,TA5
S0197,overall response,no progression (response category not simulated),169,TA6
S0197,overall response,no progression (response category not simulated),197,TA7
S0197,overall response,no progression (response category not simulated),225,TA8
S0197,overall response,no progression (response category not simulated),253,TA9
S0197,overall response,no progression (response category not simulated),281,TA10
S0197,overall response,no progression (response category not simulated),309,TA11
S0197,overall response,no progression (response category not simulated),337,TA12
S0198,overall response,no progression (response category not simulated),29,TA1
S0198,overall response,no progression (response category not simulated),57,TA2
S0198,overall response,no progression (response category not simulated),85,TA3
S0198,overall response,no progression (response category not simulated),113,TA4
S0198,overall response,no progression (response category not simulated),141,TA5
S0198,overall response,no progression (response category not simulated),169,TA6
S0198,overall response,no progression (response category not simulated),197,TA7
S0198,overall response,no progression (response category not simulated),225,TA8
S0198,overall response,no progression (response category not simulated),253,TA9
S0198,overall response,no progression (response category not simulated),281,TA10
S0198,overall response,no progression (response category not simulated),309,TA11
S0198,overall response,no progression (response category not simulated),337,TA12
S0199,overall response,no progression (response category not simulated),29,TA1
S0199,overall response,no progression (response category not simulated),57,TA2
S0199,overall response,no progression (response category not simulated),85,TA3
S0199,overall response,no progression (response category not simulated),113,TA4
S0199,overall response,no progression (response category not simulated),141,TA5
S0199,overall response,no progression (response category not simulated),169,TA6
S0199,overall response,no progression (response category not simulated),197,TA7
S0200,overall response,no progression (response category not simulated),29,TA1
S0200,overall response,no progression (response category not simulated),57,TA2
S0200,overall response,no progression (response category not simulated),85,TA3
S0200,overall response,no progression (response category not simulated),113,TA4
S0200,overall response,no progression (response category not simulated),141,TA5
S0200,overall response,no progression (response category not simulated),169,TA6
S0200,overall response,no progression (response category not simulated),197,TA7
S0200,overall response,no progression (response category not simulated),225,TA8
S0200,overall response,no progression (response category not simulated),253,TA9
S0200,overall response,no progression (response category not simulated),281,TA10
S0200,overall response,no progression (response category not simulated),309,TA11
S0200,overall response,no progression (response category not simulated),337,TA12
S0201,overall response,no progression (response category not simulated),29,TA1
S0201,overall response,no progression (response category not simulated),57,TA2
S0201,overall response,no progression (response category not simulated),85,TA3
S0201,overall response,no progression (response category not simulated),113,TA4
S0201,overall response,no progression (response category not simulated),141,TA5
S0201,overall response,no progression (response category not simulated),169,TA6
S0201,overall response,no progression (response category not simulated),197,TA7
S0201,overall response,no progression (response category not simulated),225,TA8
S0201,overall response,no progression (response category not simulated),253,TA9
S0201,overall response,no progression (response category not simulated),281,TA10
S0201,overall response,no progression (response category not simulated),309,TA11
S0201,overall response,no progression (response category not simulated),337,TA12
S0202,overall response,no progression (response category not simulated),29,TA1
S0202,overall response,no progression (response category not simulated),57,TA2
S0202,overall response,no progression (response category not simulated),85,TA3
S0202,overall response,no progression (response category not simulated),113,TA4
S0202,overall response,no progression (response category not simulated),141,TA5
S0202,overall response,no progression (response category not simulated),169,TA6
S0202,overall response,no progression (response category not simulated),197,TA7
S0202,overall response,no progression (response category not simulated),225,TA8
S0202,overall response,no progression (response category not simulated),253,TA9
S0202,overall response,no progression (response category not simulated),281,TA10
S0202,overall response,no progression (response category not simulated),309,TA11
S0202,overall response,no progression (response category not simulated),337,TA12
S0203,overall response,no progression (response category not simulated),29,TA1
S0203,overall response,no progression (response category not simulated),57,TA2
S0203,overall response,no progression (response category not simulated),85,TA3
S0203,overall response,no progression (response category not simulated),113,TA4
S0203,overall response,no progression (response category not simulated),141,TA5
S0203,overall response,no progression (response category not simulated),169,TA6
S0203,overall response,no progression (response category not simulated),197,TA7
S0203,overall response,no progression (response category not simulated),225,TA8
S0203,overall response,no progression (response category not simulated),253,TA9
S0203,overall response,no progression (response category not simulated),281,TA10
S0203,overall response,no progression (response category not simulated),309,TA11
S0203,overall response,no progression (response category not simulated),337,TA12
S0204,overall response,no progression (response category not simulated),29,TA1
S0204,overall response,no progression (response category not simulated),57,TA2
S0204,overall response,no progression (response category not simulated),85,TA3
S0204,overall response,no progression (response category not simulated),113,TA4
S0204,overall response,no progression (response category not simulated),141,TA5
S0204,overall response,no progression (response category not simulated),169,TA6
S0204,overall response,no progression (response category not simulated),197,TA7
S0204,overall response,no progression (response category not simulated),225,TA8
S0204,overall response,no progression (response category not simulated),253,TA9
S0204,overall response,no progression (response category not simulated),281,TA10
S0204,overall response,no progression (response category not simulated),309,TA11
S0204,overall response,no progression (response category not simulated),337,TA12
S0205,overall response,no progression (response category not simulated),29,TA1
S0205,overall response,no progression (response category not simulated),57,TA2
S0205,overall response,no progression (response category not simulated),85,TA3
S0205,overall response,no progression (response category not simulated),113,TA4
S0205,overall response,no progression (response category not simulated),141,TA5
S0205,overall response,no progression (response category not simulated),169,TA6
S0205,overall response,no progression (response category not simulated),197,TA7
S0205,overall response,no progression (response category not simulated),225,TA8
S0205,overall response,no progression (response category not simulated),253,TA9
S0205,overall response,progressive disease,281,TA10
S0206,overall response,no progression (response category not simulated),29,TA1
S0206,overall response,no progression (response category not simulated),57,TA2
S0206,overall response,no progression (response category not simulated),85,TA3
S0206,overall response,progressive disease,113,TA4
S0207,overall response,no progression (response category not simulated),29,TA1
S0207,overall response,no progression (response category not simulated),57,TA2
S0207,overall response,no progression (response category not simulated),85,TA3
S0207,overall response,no progression (response category not simulated),113,TA4
S0207,overall response,no progression (response category not simulated),141,TA5
S0207,overall response,no progression (response category not simulated),169,TA6
S0207,overall response,no progression (response category not simulated),197,TA7
S0207,overall response,no progression (response category not simulated),225,TA8
S0207,overall response,no progression (response category not simulated),253,TA9
S0207,overall response,no progression (response category not simulated),281,TA10
S0207,overall response,no progression (response category not simulated),309,TA11
S0207,overall response,no progression (response category not simulated),337,TA12
S0208,overall response,no progression (response category not simulated),29,TA1
S0208,overall response,no progression (response category not simulated),57,TA2
S0208,overall response,progressive disease,85,TA3
S0209,overall response,no progression (response category not simulated),29,TA1
S0209,overall response,no progression (response category not simulated),57,TA2
S0209,overall response,no progression (response category not simulated),85,TA3
S0209,overall response,no progression (response category not simulated),113,TA4
S0209,overall response,no progression (response category not simulated),141,TA5
S0209,overall response,no progression (response category not simulated),169,TA6
S0209,overall response,no progression (response category not simulated),197,TA7
S0209,overall response,no progression (response category not simulated),225,TA8
S0209,overall response,no progression (response category not simulated),253,TA9
S0209,overall response,no progression (response category not simulated),281,TA10
S0209,overall response,no progression (response category not simulated),309,TA11
S0209,overall response,no progression (response category not simulated),337,TA12
S0210,overall response,no progression (response category not simulated),29,TA1
S0210,overall response,no progression (response category not simulated),57,TA2
S0210,overall response,no progression (response category not simulated),85,TA3
S0210,overall response,no progression (response category not simulated),113,TA4
S0210,overall response,no progression (response category not simulated),141,TA5
S0210,overall response,no progression (response category not simulated),169,TA6
S0210,overall response,no progression (response category not simulated),197,TA7
S0210,overall response,no progression (response category not simulated),225,TA8
S0210,overall response,no progression (response category not simulated),253,TA9
S0210,overall response,no progression (response category not simulated),281,TA10
S0210,overall response,no progression (response category not simulated),309,TA11
S0210,overall response,no progression (response category not simulated),337,TA12
S0211,overall response,no progression (response category not simulated),29,TA1
S0211,overall response,no progression (response category not simulated),57,TA2
S0211,overall response,no progression (response category not simulated),85,TA3
S0211,overall response,no progression (response category not simulated),113,TA4
S0211,overall response,no progression (response category not simulated),141,TA5
S0211,overall response,no progression (response category not simulated),169,TA6
S0211,overall response,no progression (response category not simulated),197,TA7
S0211,overall response,no progression (response category not simulated),225,TA8
S0211,overall response,no progression (response category not simulated),253,TA9
S0211,overall response,no progression (response category not simulated),281,TA10
S0211,overall response,no progression (response category not simulated),309,TA11
S0211,overall response,no progression (response category not simulated),337,TA12
S0212,overall response,no progression (response category not simulated),29,TA1
S0212,overall response,no progression (response category not simulated),57,TA2
S0212,overall response,no progression (response category not simulated),85,TA3
S0212,overall response,no progression (response category not simulated),113,TA4
S0212,overall response,no progression (response category not simulated),141,TA5
S0212,overall response,no progression (response category not simulated),169,TA6
S0212,overall response,no progression (response category not simulated),197,TA7
S0212,overall response,no progression (response category not simulated),225,TA8
S0212,overall response,no progression (response category not simulated),253,TA9
S0212,overall response,no progression (response category not simulated),281,TA10
S0212,overall response,no progression (response category not simulated),309,TA11
S0212,overall response,no progression (response category not simulated),337,TA12
S0213,overall response,no progression (response category not simulated),29,TA1
S0213,overall response,no progression (response category not simulated),57,TA2
S0213,overall response,no progression (response category not simulated),85,TA3
S0213,overall response,no progression (response category not simulated),113,TA4
S0213,overall response,no progression (response category not simulated),141,TA5
S0213,overall response,no progression (response category not simulated),169,TA6
S0213,overall response,no progression (response category not simulated),197,TA7
S0213,overall response,no progression (response category not simulated),225,TA8
S0213,overall response,no progression (response category not simulated),253,TA9
S0213,overall response,no progression (response category not simulated),281,TA10
S0213,overall response,no progression (response category not simulated),309,TA11
S0213,overall response,no progression (response category not simulated),337,TA12
S0214,overall response,no progression (response category not simulated),29,TA1
S0214,overall response,no progression (response category not simulated),57,TA2
S0214,overall response,no progression (response category not simulated),85,TA3
S0214,overall response,no progression (response category not simulated),113,TA4
S0214,overall response,no progression (response category not simulated),141,TA5
S0214,overall response,no progression (response category not simulated),169,TA6
S0214,overall response,no progression (response category not simulated),197,TA7
S0214,overall response,no progression (response category not simulated),225,TA8
S0214,overall response,no progression (response category not simulated),253,TA9
S0214,overall response,no progression (response category not simulated),281,TA10
S0214,overall response,no progression (response category not simulated),309,TA11
S0214,overall response,no progression (response category not simulated),337,TA12
S0215,overall response,no progression (response category not simulated),29,TA1
S0215,overall response,no progression (response category not simulated),57,TA2
S0215,overall response,no progression (response category not simulated),85,TA3
S0215,overall response,no progression (response category not simulated),113,TA4
S0215,overall response,no progression (response category not simulated),141,TA5
S0215,overall response,no progression (response category not simulated),169,TA6
S0215,overall response,no progression (response category not simulated),197,TA7
S0215,overall response,no progression (response category not simulated),225,TA8
S0215,overall response,no progression (response category not simulated),253,TA9
S0215,overall response,no progression (response category not simulated),281,TA10
S0215,overall response,no progression (response category not simulated),309,TA11
S0215,overall response,no progression (response category not simulated),337,TA12
S0216,overall response,no progression (response category not simulated),29,TA1
S0216,overall response,no progression (response category not simulated),57,TA2
S0216,overall response,no progression (response category not simulated),85,TA3
S0216,overall response,no progression (response category not simulated),113,TA4
S0216,overall response,no progression (response category not simulated),141,TA5
S0216,overall response,no progression (response category not simulated),169,TA6
S0216,overall response,no progression (response category not simulated),197,TA7
S0216,overall response,no progression (response category not simulated),225,TA8
S0216,overall response,no progression (response category not simulated),253,TA9
S0216,overall response,no progression (response category not simulated),281,TA10
S0216,overall response,no progression (response category not simulated),309,TA11
S0216,overall response,no progression (response category not simulated),337,TA12
S0217,overall response,no progression (response category not simulated),29,TA1
S0217,overall response,no progression (response category not simulated),57,TA2
S0217,overall response,no progression (response category not simulated),85,TA3
S0217,overall response,no progression (response category not simulated),113,TA4
S0217,overall response,no progression (response category not simulated),141,TA5
S0217,overall response,no progression (response category not simulated),169,TA6
S0217,overall response,no progression (response category not simulated),197,TA7
S0217,overall response,no progression (response category not simulated),225,TA8
S0217,overall response,no progression (response category not simulated),253,TA9
S0217,overall response,no progression (response category not simulated),281,TA10
S0217,overall response,no progression (response category not simulated),309,TA11
S0217,overall response,no progression (response category not simulated),337,TA12
S0218,overall response,no progression (response category not simulated),29,TA1
S0218,overall response,no progression (response category not simulated),57,TA2
S0218,overall response,no progression (response category not simulated),85,TA3
S0218,overall response,no progression (response category not simulated),113,TA4
S0218,overall response,no progression (response category not simulated),141,TA5
S0218,overall response,no progression (response category not simulated),169,TA6
S0218,overall response,no progression (response category not simulated),197,TA7
S0218,overall response,no progression (response category not simulated),225,TA8
S0218,overall response,no progression (response category not simulated),253,TA9
S0218,overall response,no progression (response category not simulated),281,TA10
S0218,overall response,no progression (response category not simulated),309,TA11
S0218,overall response,no progression (response category not simulated),337,TA12
S0219,overall response,no progression (response category not simulated),29,TA1
S0219,overall response,no progression (response category not simulated),57,TA2
S0219,overall response,no progression (response category not simulated),85,TA3
S0219,overall response,no progression (response category not simulated),113,TA4
S0219,overall response,no progression (response category not simulated),141,TA5
S0219,overall response,no progression (response category not simulated),169,TA6
S0219,overall response,no progression (response category not simulated),197,TA7
S0219,overall response,no progression (response category not simulated),225,TA8
S0219,overall response,no progression (response category not simulated),253,TA9
S0219,overall response,no progression (response category not simulated),281,TA10
S0219,overall response,no progression (response category not simulated),309,TA11
S0219,overall response,no progression (response category not simulated),337,TA12
S0220,overall response,no progression (response category not simulated),29,TA1
S0220,overall response,no progression (response category not simulated),57,TA2
S0220,overall response,no progression (response category not simulated),85,TA3
S0220,overall response,no progression (response category not simulated),113,TA4
S0220,overall response,no progression (response category not simulated),141,TA5
S0220,overall response,no progression (response category not simulated),169,TA6
S0220,overall response,progressive disease,197,TA7
S0221,overall response,no progression (response category not simulated),29,TA1
S0221,overall response,no progression (response category not simulated),57,TA2
S0221,overall response,no progression (response category not simulated),85,TA3
S0221,overall response,no progression (response category not simulated),113,TA4
S0221,overall response,no progression (response category not simulated),141,TA5
S0221,overall response,no progression (response category not simulated),169,TA6
S0221,overall response,no progression (response category not simulated),197,TA7
S0221,overall response,no progression (response category not simulated),225,TA8
S0221,overall response,no progression (response category not simulated),253,TA9
S0221,overall response,no progression (response category not simulated),281,TA10
S0221,overall response,progressive disease,309,TA11
S0222,overall response,no progression (response category not simulated),29,TA1
S0222,overall response,no progression (response category not simulated),57,TA2
S0222,overall response,no progression (response category not simulated),85,TA3
S0222,overall response,no progression (response category not simulated),113,TA4
S0222,overall response,no progression (response category not simulated),141,TA5
S0222,overall response,no progression (response category not simulated),169,TA6
S0222,overall response,no progression (response category not simulated),197,TA7
S0222,overall response,no progression (response category not simulated),225,TA8
S0222,overall response,no progression (response category not simulated),253,TA9
S0222,overall response,no progression (response category not simulated),281,TA10
S0222,overall response,no progression (response category not simulated),309,TA11
S0222,overall response,no progression (response category not simulated),337,TA12
S0223,overall response,no progression (response category not simulated),29,TA1
S0223,overall response,no progression (response category not simulated),57,TA2
S0223,overall response,no progression (response category not simulated),85,TA3
S0223,overall response,no progression (response category not simulated),113,TA4
S0223,overall response,no progression (response category not simulated),141,TA5
S0223,overall response,no progression (response category not simulated),169,TA6
S0223,overall response,no progression (response category not simulated),197,TA7
S0223,overall response,no progression (response category not simulated),225,TA8
S0223,overall response,no progression (response category not simulated),253,TA9
S0223,overall response,no progression (response category not simulated),281,TA10
S0223,overall response,no progression (response category not simulated),309,TA11
S0223,overall response,no progression (response category not simulated),337,TA12
S0224,overall response,no progression (response category not simulated),29,TA1
S0224,overall response,no progression (response category not simulated),57,TA2
S0224,overall response,no progression (response category not simulated),85,TA3
S0224,overall response,no progression (response category not simulated),113,TA4
S0224,overall response,no progression (response category not simulated),141,TA5
S0224,overall response,no progression (response category not simulated),169,TA6
S0224,overall response,no progression (response category not simulated),197,TA7
S0224,overall response,no progression (response category not simulated),225,TA8
S0224,overall response,progressive disease,253,TA9
S0225,overall response,no progression (response category not simulated),29,TA1
S0225,overall response,no progression (response category not simulated),57,TA2
S0225,overall response,no progression (response category not simulated),85,TA3
S0225,overall response,no progression (response category not simulated),113,TA4
S0225,overall response,no progression (response category not simulated),141,TA5
S0225,overall response,no progression (response category not simulated),169,TA6
S0225,overall response,no progression (response category not simulated),197,TA7
S0225,overall response,no progression (response category not simulated),225,TA8
S0225,overall response,no progression (response category not simulated),253,TA9
S0225,overall response,no progression (response category not simulated),281,TA10
S0225,overall response,no progression (response category not simulated),309,TA11
S0225,overall response,no progression (response category not simulated),337,TA12
S0226,overall response,no progression (response category not simulated),29,TA1
S0226,overall response,no progression (response category not simulated),57,TA2
S0226,overall response,no progression (response category not simulated),85,TA3
S0226,overall response,no progression (response category not simulated),113,TA4
S0226,overall response,no progression (response category not simulated),141,TA5
S0226,overall response,no progression (response category not simulated),169,TA6
S0226,overall response,no progression (response category not simulated),197,TA7
S0226,overall response,no progression (response category not simulated),225,TA8
S0226,overall response,no progression (response category not simulated),253,TA9
S0226,overall response,no progression (response category not simulated),281,TA10
S0226,overall response,no progression (response category not simulated),309,TA11
S0226,overall response,no progression (response category not simulated),337,TA12
S0227,overall response,no progression (response category not simulated),29,TA1
S0227,overall response,no progression (response category not simulated),57,TA2
S0227,overall response,no progression (response category not simulated),85,TA3
S0227,overall response,no progression (response category not simulated),113,TA4
S0227,overall response,no progression (response category not simulated),141,TA5
S0227,overall response,no progression (response category not simulated),169,TA6
S0227,overall response,no progression (response category not simulated),197,TA7
S0227,overall response,no progression (response category not simulated),225,TA8
S0227,overall response,no progression (response category not simulated),253,TA9
S0227,overall response,no progression (response category not simulated),281,TA10
S0227,overall response,no progression (response category not simulated),309,TA11
S0227,overall response,no progression (response category not simulated),337,TA12
S0228,overall response,no progression (response category not simulated),29,TA1
S0228,overall response,no progression (response category not simulated),57,TA2
S0228,overall response,no progression (response category not simulated),85,TA3
S0228,overall response,no progression (response category not simulated),113,TA4
S0228,overall response,no progression (response category not simulated),141,TA5
S0228,overall response,no progression (response category not simulated),169,TA6
S0228,overall response,no progression (response category not simulated),197,TA7
S0229,overall response,no progression (response category not simulated),29,TA1
S0229,overall response,no progression (response category not simulated),57,TA2
S0229,overall response,no progression (response category not simulated),85,TA3
S0229,overall response,no progression (response category not simulated),113,TA4
S0229,overall response,no progression (response category not simulated),141,TA5
S0229,overall response,no progression (response category not simulated),169,TA6
S0229,overall response,no progression (response category not simulated),197,TA7
S0229,overall response,no progression (response category not simulated),225,TA8
S0229,overall response,no progression (response category not simulated),253,TA9
S0229,overall response,no progression (response category not simulated),281,TA10
S0229,overall response,no progression (response category not simulated),309,TA11
S0229,overall response,no progression (response category not simulated),337,TA12
S0230,overall response,no progression (response category not simulated),29,TA1
S0230,overall response,no progression (response category not simulated),57,TA2
S0230,overall response,no progression (response category not simulated),85,TA3
S0230,overall response,no progression (response category not simulated),113,TA4
S0230,overall response,no progression (response category not simulated),141,TA5
S0230,overall response,no progression (response category not simulated),169,TA6
S0230,overall response,no progression (response category not simulated),197,TA7
S0230,overall response,no progression (response category not simulated),225,TA8
S0230,overall response,no progression (response category not simulated),253,TA9
S0230,overall response,progressive disease,281,TA10
S0231,overall response,no progression (response category not simulated),29,TA1
S0231,overall response,no progression (response category not simulated),57,TA2
S0231,overall response,no progression (response category not simulated),85,TA3
S0231,overall response,no progression (response category not simulated),113,TA4
S0231,overall response,no progression (response category not simulated),141,TA5
S0231,overall response,no progression (response category not simulated),169,TA6
S0231,overall response,no progression (response category not simulated),197,TA7
S0231,overall response,no progression (response category not simulated),225,TA8
S0231,overall response,no progression (response category not simulated),253,TA9
S0231,overall response,no progression (response category not simulated),281,TA10
S0231,overall response,no progression (response category not simulated),309,TA11
S0231,overall response,no progression (response category not simulated),337,TA12
S0232,overall response,no progression (response category not simulated),29,TA1
S0232,overall response,no progression (response category not simulated),57,TA2
S0232,overall response,no progression (response category not simulated),85,TA3
S0232,overall response,no progression (response category not simulated),113,TA4
S0232,overall response,no progression (response category not simulated),141,TA5
S0232,overall response,no progression (response category not simulated),169,TA6
S0232,overall response,no progression (response category not simulated),197,TA7
S0232,overall response,no progression (response category not simulated),225,TA8
S0232,overall response,no progression (response category not simulated),253,TA9
S0232,overall response,no progression (response category not simulated),281,TA10
S0232,overall response,no progression (response category not simulated),309,TA11
S0232,overall response,no progression (response category not simulated),337,TA12
S0233,overall response,no progression (response category not simulated),29,TA1
S0233,overall response,no progression (response category not simulated),57,TA2
S0233,overall response,no progression (response category not simulated),85,TA3
S0233,overall response,no progression (response category not simulated),113,TA4
S0233,overall response,no progression (response category not simulated),141,TA5
S0233,overall response,no progression (response category not simulated),169,TA6
S0233,overall response,no progression (response category not simulated),197,TA7
S0233,overall response,no progression (response category not simulated),225,TA8
S0233,overall response,no progression (response category not simulated),253,TA9
S0233,overall response,no progression (response category not simulated),281,TA10
S0233,overall response,no progression (response category not simulated),309,TA11
S0233,overall response,no progression (response category not simulated),337,TA12
S0234,overall response,no progression (response category not simulated),29,TA1
S0234,overall response,no progression (response category not simulated),57,TA2
S0234,overall response,no progression (response category not simulated),85,TA3
S0234,overall response,no progression (response category not simulated),113,TA4
S0234,overall response,no progression (response category not simulated),141,TA5
S0234,overall response,no progression (response category not simulated),169,TA6
S0234,overall response,no progression (response category not simulated),197,TA7
S0234,overall response,no progression (response category not simulated),225,TA8
S0234,overall response,no progression (response category not simulated),253,TA9
S0234,overall response,no progression (response category not simulated),281,TA10
S0234,overall response,no progression (response category not simulated),309,TA11
S0234,overall response,no progression (response category not simulated),337,TA12
S0235,overall response,no progression (response category not simulated),29,TA1
S0235,overall response,no progression (response category not simulated),57,TA2
S0235,overall response,no progression (response category not simulated),85,TA3
S0235,overall response,no progression (response category not simulated),113,TA4
S0235,overall response,no progression (response category not simulated),141,TA5
S0235,overall response,no progression (response category not simulated),169,TA6
S0235,overall response,no progression (response category not simulated),197,TA7
S0235,overall response,no progression (response category not simulated),225,TA8
S0235,overall response,no progression (response category not simulated),253,TA9
S0235,overall response,no progression (response category not simulated),281,TA10
S0235,overall response,no progression (response category not simulated),309,TA11
S0235,overall response,no progression (response category not simulated),337,TA12
S0236,overall response,no progression (response category not simulated),29,TA1
S0236,overall response,no progression (response category not simulated),57,TA2
S0236,overall response,no progression (response category not simulated),85,TA3
S0236,overall response,no progression (response category not simulated),113,TA4
S0236,overall response,no progression (response category not simulated),141,TA5
S0236,overall response,no progression (response category not simulated),169,TA6
S0236,overall response,no progression (response category not simulated),197,TA7
S0236,overall response,no progression (response category not simulated),225,TA8
S0236,overall response,no progression (response category not simulated),253,TA9
S0236,overall response,no progression (response category not simulated),281,TA10
S0236,overall response,no progression (response category not simulated),309,TA11
S0236,overall response,no progression (response category not simulated),337,TA12
S0237,overall response,no progression (response category not simulated),29,TA1
S0237,overall response,no progression (response category not simulated),57,TA2
S0237,overall response,no progression (response category not simulated),85,TA3
S0237,overall response,no progression (response category not simulated),113,TA4
S0237,overall response,no progression (response category not simulated),141,TA5
S0237,overall response,no progression (response category not simulated),169,TA6
S0237,overall response,no progression (response category not simulated),197,TA7
S0237,overall response,no progression (response category not simulated),225,TA8
S0237,overall response,no progression (response category not simulated),253,TA9
S0237,overall response,no progression (response category not simulated),281,TA10
S0237,overall response,no progression (response category not simulated),309,TA11
S0237,overall response,no progression (response category not simulated),337,TA12
S0238,overall response,no progression (response category not simulated),29,TA1
S0238,overall response,no progression (response category not simulated),57,TA2
S0238,overall response,no progression (response category not simulated),85,TA3
S0238,overall response,no progression (response category not simulated),113,TA4
S0238,overall response,no progression (response category not simulated),141,TA5
S0238,overall response,no progression (response category not simulated),169,TA6
S0238,overall response,no progression (response category not simulated),197,TA7
S0238,overall response,no progression (response category not simulated),225,TA8
S0238,overall response,no progression (response category not simulated),253,TA9
S0238,overall response,no progression (response category not simulated),281,TA10
S0238,overall response,no progression (response category not simulated),309,TA11
S0238,overall response,no progression (response category not simulated),337,TA12
S0239,overall response,no progression (response category not simulated),29,TA1
S0239,overall response,no progression (response category not simulated),57,TA2
S0239,overall response,no progression (response category not simulated),85,TA3
S0239,overall response,no progression (response category not simulated),113,TA4
S0239,overall response,no progression (response category not simulated),141,TA5
S0239,overall response,no progression (response category not simulated),169,TA6
S0239,overall response,no progression (response category not simulated),197,TA7
S0239,overall response,no progression (response category not simulated),225,TA8
S0239,overall response,no progression (response category not simulated),253,TA9
S0239,overall response,no progression (response category not simulated),281,TA10
S0239,overall response,no progression (response category not simulated),309,TA11
S0239,overall response,no progression (response category not simulated),337,TA12
S0240,overall response,no progression (response category not simulated),29,TA1
S0240,overall response,no progression (response category not simulated),57,TA2
S0240,overall response,no progression (response category not simulated),85,TA3
S0240,overall response,no progression (response category not simulated),113,TA4
S0240,overall response,no progression (response category not simulated),141,TA5
S0240,overall response,no progression (response category not simulated),169,TA6
S0240,overall response,no progression (response category not simulated),197,TA7
S0240,overall response,no progression (response category not simulated),225,TA8
S0240,overall response,no progression (response category not simulated),253,TA9
S0240,overall response,no progression (response category not simulated),281,TA10
S0240,overall response,no progression (response category not simulated),309,TA11
S0240,overall response,no progression (response category not simulated),337,TA12
S0241,overall response,no progression (response category not simulated),29,TA1
S0241,overall response,no progression (response category not simulated),57,TA2
S0241,overall response,no progression (response category not simulated),85,TA3
S0241,overall response,progressive disease,113,TA4
S0242,overall response,progressive disease,29,TA1
S0243,overall response,no progression (response category not simulated),29,TA1
S0243,overall response,no progression (response category not simulated),57,TA2
S0243,overall response,no progression (response category not simulated),85,TA3
S0243,overall response,no progression (response category not simulated),113,TA4
S0243,overall response,no progression (response category not simulated),141,TA5
S0243,overall response,no progression (response category not simulated),169,TA6
S0243,overall response,no progression (response category not simulated),197,TA7
S0243,overall response,no progression (response category not simulated),225,TA8
S0243,overall response,no progression (response category not simulated),253,TA9
S0243,overall response,no progression (response category not simulated),281,TA10
S0243,overall response,no progression (response category not simulated),309,TA11
S0243,overall response,no progression (response category not simulated),337,TA12
S0244,overall response,no progression (response category not simulated),29,TA1
S0244,overall response,no progression (response category not simulated),57,TA2
S0244,overall response,no progression (response category not simulated),85,TA3
S0244,overall response,no progression (response category not simulated),113,TA4
S0244,overall response,no progression (response category not simulated),141,TA5
S0244,overall response,no progression (response category not simulated),169,TA6
S0244,overall response,no progression (response category not simulated),197,TA7
S0244,overall response,no progression (response category not simulated),225,TA8
S0244,overall response,no progression (response category not simulated),253,TA9
S0244,overall response,no progression (response category not simulated),281,TA10
S0244,overall response,no progression (response category not simulated),309,TA11
S0244,overall response,no progression (response category not simulated),337,TA12
S0245,overall response,no progression (response category not simulated),29,TA1
S0245,overall response,no progression (response category not simulated),57,TA2
S0245,overall response,no progression (response category not simulated),85,TA3
S0245,overall response,no progression (response category not simulated),113,TA4
S0245,overall response,no progression (response category not simulated),141,TA5
S0245,overall response,no progression (response category not simulated),169,TA6
S0245,overall response,no progression (response category not simulated),197,TA7
S0245,overall response,no progression (response category not simulated),225,TA8
S0245,overall response,no progression (response category not simulated),253,TA9
S0245,overall response,no progression (response category not simulated),281,TA10
S0245,overall response,no progression (response category not simulated),309,TA11
S0245,overall response,no progression (response category not simulated),337,TA12
S0246,overall response,no progression (response category not simulated),29,TA1
S0246,overall response,no progression (response category not simulated),57,TA2
S0246,overall response,no progression (response category not simulated),85,TA3
S0246,overall response,no progression (response category not simulated),113,TA4
S0246,overall response,no progression (response category not simulated),141,TA5
S0246,overall response,no progression (response category not simulated),169,TA6
S0246,overall response,no progression (response category not simulated),197,TA7
S0246,overall response,no progression (response category not simulated),225,TA8
S0246,overall response,no progression (response category not simulated),253,TA9
S0246,overall response,no progression (response category not simulated),281,TA10
S0246,overall response,no progression (response category not simulated),309,TA11
S0246,overall response,progressive disease,337,TA12
S0247,overall response,no progression (response category not simulated),29,TA1
S0247,overall response,no progression (response category not simulated),57,TA2
S0247,overall response,no progression (response category not simulated),85,TA3
S0247,overall response,no progression (response category not simulated),113,TA4
S0247,overall response,no progression (response category not simulated),141,TA5
S0247,overall response,no progression (response category not simulated),169,TA6
S0247,overall response,no progression (response category not simulated),197,TA7
S0247,overall response,no progression (response category not simulated),225,TA8
S0247,overall response,no progression (response category not simulated),253,TA9
S0247,overall response,no progression (response category not simulated),281,TA10
S0247,overall response,no progression (response category not simulated),309,TA11
S0247,overall response,no progression (response category not simulated),337,TA12
S0248,overall response,no progression (response category not simulated),29,TA1
S0248,overall response,no progression (response category not simulated),57,TA2
S0248,overall response,no progression (response category not simulated),85,TA3
S0248,overall response,no progression (response category not simulated),113,TA4
S0248,overall response,no progression (response category not simulated),141,TA5
S0249,overall response,no progression (response category not simulated),29,TA1
S0249,overall response,no progression (response category not simulated),57,TA2
S0249,overall response,no progression (response category not simulated),85,TA3
S0249,overall response,no progression (response category not simulated),113,TA4
S0249,overall response,no progression (response category not simulated),141,TA5
S0249,overall response,no progression (response category not simulated),169,TA6
S0249,overall response,no progression (response category not simulated),197,TA7
S0249,overall response,no progression (response category not simulated),225,TA8
S0249,overall response,no progression (response category not simulated),253,TA9
S0249,overall response,no progression (response category not simulated),281,TA10
S0249,overall response,no progression (response category not simulated),309,TA11
S0249,overall response,no progression (response category not simulated),337,TA12
S0250,overall response,no progression (response category not simulated),29,TA1
S0250,overall response,no progression (response category not simulated),57,TA2
S0250,overall response,no progression (response category not simulated),85,TA3
S0250,overall response,no progression (response category not simulated),113,TA4
S0250,overall response,no progression (response category not simulated),141,TA5
S0250,overall response,no progression (response category not simulated),169,TA6
S0250,overall response,no progression (response category not simulated),197,TA7
S0250,overall response,no progression (response category not simulated),225,TA8
S0250,overall response,no progression (response category not simulated),253,TA9
S0250,overall response,no progression (response category not simulated),281,TA10
S0250,overall response,no progression (response category not simulated),309,TA11
S0250,overall response,no progression (response category not simulated),337,TA12
S0251,overall response,no progression (response category not simulated),29,TA1
S0251,overall response,no progression (response category not simulated),57,TA2
S0251,overall response,no progression (response category not simulated),85,TA3
S0251,overall response,no progression (response category not simulated),113,TA4
S0251,overall response,no progression (response category not simulated),141,TA5
S0251,overall response,no progression (response category not simulated),169,TA6
S0251,overall response,no progression (response category not simulated),197,TA7
S0251,overall response,no progression (response category not simulated),225,TA8
S0251,overall response,no progression (response category not simulated),253,TA9
S0251,overall response,no progression (response category not simulated),281,TA10
S0251,overall response,no progression (response category not simulated),309,TA11
S0251,overall response,no progression (response category not simulated),337,TA12
S0252,overall response,no progression (response category not simulated),29,TA1
S0252,overall response,no progression (response category not simulated),57,TA2
S0252,overall response,no progression (response category not simulated),85,TA3
S0252,overall response,no progression (response category not simulated),113,TA4
S0252,overall response,no progression (response category not simulated),141,TA5
S0252,overall response,no progression (response category not simulated),169,TA6
S0252,overall response,no progression (response category not simulated),197,TA7
S0252,overall response,no progression (response category not simulated),225,TA8
S0252,overall response,no progression (response category not simulated),253,TA9
S0252,overall response,no progression (response category not simulated),281,TA10
S0252,overall response,no progression (response category not simulated),309,TA11
S0252,overall response,no progression (response category not simulated),337,TA12
S0253,overall response,no progression (response category not simulated),29,TA1
S0253,overall response,no progression (response category not simulated),57,TA2
S0253,overall response,no progression (response category not simulated),85,TA3
S0253,overall response,no progression (response category not simulated),113,TA4
S0253,overall response,no progression (response category not simulated),141,TA5
S0253,overall response,no progression (response category not simulated),169,TA6
S0253,overall response,no progression (response category not simulated),197,TA7
S0253,overall response,no progression (response category not simulated),225,TA8
S0253,overall response,no progression (response category not simulated),253,TA9
S0253,overall response,no progression (response category not simulated),281,TA10
S0253,overall response,no progression (response category not simulated),309,TA11
S0253,overall response,no progression (response category not simulated),337,TA12
S0254,overall response,no progression (response category not simulated),29,TA1
S0254,overall response,no progression (response category not simulated),57,TA2
S0254,overall response,no progression (response category not simulated),85,TA3
S0254,overall response,no progression (response category not simulated),113,TA4
S0254,overall response,no progression (response category not simulated),141,TA5
S0254,overall response,no progression (response category not simulated),169,TA6
S0254,overall response,no progression (response category not simulated),197,TA7
S0254,overall response,no progression (response category not simulated),225,TA8
S0254,overall response,progressive disease,253,TA9
S0255,overall response,no progression (response category not simulated),29,TA1
S0255,overall response,no progression (response category not simulated),57,TA2
S0255,overall response,no progression (response category not simulated),85,TA3
S0255,overall response,no progression (response category not simulated),113,TA4
S0255,overall response,no progression (response category not simulated),141,TA5
S0255,overall response,no progression (response category not simulated),169,TA6
S0255,overall response,no progression (response category not simulated),197,TA7
S0255,overall response,no progression (response category not simulated),225,TA8
S0255,overall response,no progression (response category not simulated),253,TA9
S0255,overall response,no progression (response category not simulated),281,TA10
S0255,overall response,no progression (response category not simulated),309,TA11
S0255,overall response,no progression (response category not simulated),337,TA12
S0256,overall response,no progression (response category not simulated),29,TA1
S0256,overall response,no progression (response category not simulated),57,TA2
S0256,overall response,no progression (response category not simulated),85,TA3
S0256,overall response,no progression (response category not simulated),113,TA4
S0256,overall response,no progression (response category not simulated),141,TA5
S0256,overall response,no progression (response category not simulated),169,TA6
S0256,overall response,no progression (response category not simulated),197,TA7
S0256,overall response,no progression (response category not simulated),225,TA8
S0256,overall response,no progression (response category not simulated),253,TA9
S0256,overall response,no progression (response category not simulated),281,TA10
S0256,overall response,no progression (response category not simulated),309,TA11
S0256,overall response,no progression (response category not simulated),337,TA12
S0257,overall response,no progression (response category not simulated),29,TA1
S0257,overall response,no progression (response category not simulated),57,TA2
S0257,overall response,no progression (response category not simulated),85,TA3
S0257,overall response,no progression (response category not simulated),113,TA4
S0257,overall response,no progression (response category not simulated),141,TA5
S0257,overall response,no progression (response category not simulated),169,TA6
S0257,overall response,no progression (response category not simulated),197,TA7
S0257,overall response,no progression (response category not simulated),225,TA8
S0257,overall response,no progression (response category not simulated),253,TA9
S0257,overall response,no progression (response category not simulated),281,TA10
S0257,overall response,no progression (response category not simulated),309,TA11
S0257,overall response,no progression (response category not simulated),337,TA12
S0258,overall response,no progression (response category not simulated),29,TA1
S0258,overall response,no progression (response category not simulated),57,TA2
S0258,overall response,progressive disease,85,TA3
S0259,overall response,no progression (response category not simulated),29,TA1
S0259,overall response,no progression (response category not simulated),57,TA2
S0259,overall response,no progression (response category not simulated),85,TA3
S0259,overall response,no progression (response category not simulated),113,TA4
S0259,overall response,no progression (response category not simulated),141,TA5
S0259,overall response,no progression (response category not simulated),169,TA6
S0259,overall response,progressive disease,197,TA7
S0260,overall response,no progression (response category not simulated),29,TA1
S0260,overall response,no progression (response category not simulated),57,TA2
S0260,overall response,no progression (response category not simulated),85,TA3
S0260,overall response,no progression (response category not simulated),113,TA4
S0260,overall response,no progression (response category not simulated),141,TA5
S0260,overall response,no progression (response category not simulated),169,TA6
S0260,overall response,no progression (response category not simulated),197,TA7
S0260,overall response,no progression (response category not simulated),225,TA8
S0260,overall response,no progression (response category not simulated),253,TA9
S0260,overall response,no progression (response category not simulated),281,TA10
S0260,overall response,no progression (response category not simulated),309,TA11
S0260,overall response,no progression (response category not simulated),337,TA12
S0261,overall response,no progression (response category not simulated),29,TA1
S0261,overall response,no progression (response category not simulated),57,TA2
S0261,overall response,no progression (response category not simulated),85,TA3
S0261,overall response,no progression (response category not simulated),113,TA4
S0261,overall response,no progression (response category not simulated),141,TA5
S0261,overall response,no progression (response category not simulated),169,TA6
S0261,overall response,no progression (response category not simulated),197,TA7
S0261,overall response,no progression (response category not simulated),225,TA8
S0261,overall response,no progression (response category not simulated),253,TA9
S0261,overall response,no progression (response category not simulated),281,TA10
S0261,overall response,no progression (response category not simulated),309,TA11
S0261,overall response,no progression (response category not simulated),337,TA12
S0262,overall response,no progression (response category not simulated),29,TA1
S0262,overall response,no progression (response category not simulated),57,TA2
S0262,overall response,no progression (response category not simulated),85,TA3
S0262,overall response,no progression (response category not simulated),113,TA4
S0262,overall response,no progression (response category not simulated),141,TA5
S0262,overall response,no progression (response category not simulated),169,TA6
S0262,overall response,no progression (response category not simulated),197,TA7
S0262,overall response,no progression (response category not simulated),225,TA8
S0262,overall response,no progression (response category not simulated),253,TA9
S0262,overall response,no progression (response category not simulated),281,TA10
S0262,overall response,no progression (response category not simulated),309,TA11
S0262,overall response,no progression (response category not simulated),337,TA12
S0263,overall response,no progression (response category not simulated),29,TA1
S0263,overall response,no progression (response category not simulated),57,TA2
S0263,overall response,no progression (response category not simulated),85,TA3
S0263,overall response,no progression (response category not simulated),113,TA4
S0263,overall response,no progression (response category not simulated),141,TA5
S0263,overall response,no progression (response category not simulated),169,TA6
S0263,overall response,no progression (response category not simulated),197,TA7
S0263,overall response,no progression (response category not simulated),225,TA8
S0263,overall response,no progression (response category not simulated),253,TA9
S0263,overall response,no progression (response category not simulated),281,TA10
S0263,overall response,no progression (response category not simulated),309,TA11
S0263,overall response,no progression (response category not simulated),337,TA12
S0264,overall response,no progression (response category not simulated),29,TA1
S0264,overall response,progressive disease,57,TA2
S0265,overall response,no progression (response category not simulated),29,TA1
S0265,overall response,no progression (response category not simulated),57,TA2
S0265,overall response,no progression (response category not simulated),85,TA3
S0265,overall response,no progression (response category not simulated),113,TA4
S0265,overall response,no progression (response category not simulated),141,TA5
S0265,overall response,no progression (response category not simulated),169,TA6
S0265,overall response,no progression (response category not simulated),197,TA7
S0265,overall response,no progression (response category not simulated),225,TA8
S0265,overall response,no progression (response category not simulated),253,TA9
S0265,overall response,no progression (response category not simulated),281,TA10
S0265,overall response,no progression (response category not simulated),309,TA11
S0265,overall response,no progression (response category not simulated),337,TA12
S0266,overall response,no progression (response category not simulated),29,TA1
S0266,overall response,no progression (response category not simulated),57,TA2
S0266,overall response,no progression (response category not simulated),85,TA3
S0266,overall response,no progression (response category not simulated),113,TA4
S0267,overall response,no progression (response category not simulated),29,TA1
S0267,overall response,no progression (response category not simulated),57,TA2
S0267,overall response,no progression (response category not simulated),85,TA3
S0267,overall response,no progression (response category not simulated),113,TA4
S0267,overall response,no progression (response category not simulated),141,TA5
S0267,overall response,no progression (response category not simulated),169,TA6
S0267,overall response,no progression (response category not simulated),197,TA7
S0267,overall response,no progression (response category not simulated),225,TA8
S0267,overall response,no progression (response category not simulated),253,TA9
S0267,overall response,no progression (response category not simulated),281,TA10
S0267,overall response,no progression (response category not simulated),309,TA11
S0267,overall response,no progression (response category not simulated),337,TA12
S0268,overall response,no progression (response category not simulated),29,TA1
S0268,overall response,no progression (response category not simulated),57,TA2
S0268,overall response,no progression (response category not simulated),85,TA3
S0268,overall response,no progression (response category not simulated),113,TA4
S0268,overall response,no progression (response category not simulated),141,TA5
S0268,overall response,no progression (response category not simulated),169,TA6
S0268,overall response,no progression (response category not simulated),197,TA7
S0268,overall response,no progression (response category not simulated),225,TA8
S0268,overall response,no progression (response category not simulated),253,TA9
S0268,overall response,no progression (response category not simulated),281,TA10
S0268,overall response,no progression (response category not simulated),309,TA11
S0269,overall response,no progression (response category not simulated),29,TA1
S0269,overall response,no progression (response category not simulated),57,TA2
S0269,overall response,no progression (response category not simulated),85,TA3
S0269,overall response,no progression (response category not simulated),113,TA4
S0269,overall response,no progression (response category not simulated),141,TA5
S0269,overall response,no progression (response category not simulated),169,TA6
S0269,overall response,no progression (response category not simulated),197,TA7
S0269,overall response,no progression (response category not simulated),225,TA8
S0269,overall response,no progression (response category not simulated),253,TA9
S0269,overall response,no progression (response category not simulated),281,TA10
S0269,overall response,no progression (response category not simulated),309,TA11
S0269,overall response,no progression (response category not simulated),337,TA12
S0270,overall response,no progression (response category not simulated),29,TA1
S0270,overall response,no progression (response category not simulated),57,TA2
S0270,overall response,no progression (response category not simulated),85,TA3
S0270,overall response,no progression (response category not simulated),113,TA4
S0270,overall response,no progression (response category not simulated),141,TA5
S0270,overall response,no progression (response category not simulated),169,TA6
S0270,overall response,no progression (response category not simulated),197,TA7
S0270,overall response,progressive disease,225,TA8
S0271,overall response,no progression (response category not simulated),29,TA1
S0271,overall response,no progression (response category not simulated),57,TA2
S0271,overall response,no progression (response category not simulated),85,TA3
S0271,overall response,no progression (response category not simulated),113,TA4
S0271,overall response,no progression (response category not simulated),141,TA5
S0271,overall response,no progression (response category not simulated),169,TA6
S0271,overall response,no progression (response category not simulated),197,TA7
S0271,overall response,no progression (response category not simulated),225,TA8
S0271,overall response,no progression (response category not simulated),253,TA9
S0271,overall response,no progression (response category not simulated),281,TA10
S0271,overall response,no progression (response category not simulated),309,TA11
S0271,overall response,no progression (response category not simulated),337,TA12
S0272,overall response,no progression (response category not simulated),29,TA1
S0272,overall response,no progression (response category not simulated),57,TA2
S0272,overall response,progressive disease,85,TA3
S0273,overall response,no progression (response category not simulated),29,TA1
S0273,overall response,no progression (response category not simulated),57,TA2
S0273,overall response,no progression (response category not simulated),85,TA3
S0273,overall response,no progression (response category not simulated),113,TA4
S0273,overall response,no progression (response category not simulated),141,TA5
S0273,overall response,no progression (response category not simulated),169,TA6
S0273,overall response,no progression (response category not simulated),197,TA7
S0273,overall response,no progression (response category not simulated),225,TA8
S0273,overall response,no progression (response category not simulated),253,TA9
S0273,overall response,no progression (response category not simulated),281,TA10
S0273,overall response,no progression (response category not simulated),309,TA11
S0273,overall response,no progression (response category not simulated),337,TA12
S0274,overall response,no progression (response category not simulated),29,TA1
S0274,overall response,no progression (response category not simulated),57,TA2
S0274,overall response,no progression (response category not simulated),85,TA3
S0274,overall response,no progression (response category not simulated),113,TA4
S0274,overall response,no progression (response category not simulated),141,TA5
S0274,overall response,no progression (response category not simulated),169,TA6
S0274,overall response,no progression (response category not simulated),197,TA7
S0274,overall response,no progression (response category not simulated),225,TA8
S0274,overall response,no progression (response category not simulated),253,TA9
S0274,overall response,no progression (response category not simulated),281,TA10
S0274,overall response,no progression (response category not simulated),309,TA11
S0274,overall response,no progression (response category not simulated),337,TA12
S0275,overall response,no progression (response category not simulated),29,TA1
S0275,overall response,no progression (response category not simulated),57,TA2
S0275,overall response,no progression (response category not simulated),85,TA3
S0275,overall response,no progression (response category not simulated),113,TA4
S0275,overall response,no progression (response category not simulated),141,TA5
S0275,overall response,no progression (response category not simulated),169,TA6
S0275,overall response,no progression (response category not simulated),197,TA7
S0275,overall response,no progression (response category not simulated),225,TA8
S0275,overall response,no progression (response category not simulated),253,TA9
S0275,overall response,no progression (response category not simulated),281,TA10
S0275,overall response,no progression (response category not simulated),309,TA11
S0275,overall response,no progression (response category not simulated),337,TA12
S0276,overall response,no progression (response category not simulated),29,TA1
S0276,overall response,no progression (response category not simulated),57,TA2
S0276,overall response,no progression (response category not simulated),85,TA3
S0276,overall response,no progression (response category not simulated),113,TA4
S0276,overall response,no progression (response category not simulated),141,TA5
S0276,overall response,no progression (response category not simulated),169,TA6
S0276,overall response,no progression (response category not simulated),197,TA7
S0276,overall response,no progression (response category not simulated),225,TA8
S0276,overall response,no progression (response category not simulated),253,TA9
S0276,overall response,progressive disease,281,TA10
S0277,overall response,no progression (response category not simulated),29,TA1
S0277,overall response,no progression (response category not simulated),57,TA2
S0277,overall response,no progression (response category not simulated),85,TA3
S0277,overall response,no progression (response category not simulated),113,TA4
S0277,overall response,no progression (response category not simulated),141,TA5
S0277,overall response,no progression (response category not simulated),169,TA6
S0277,overall response,no progression (response category not simulated),197,TA7
S0277,overall response,no progression (response category not simulated),225,TA8
S0277,overall response,no progression (response category not simulated),253,TA9
S0277,overall response,no progression (response category not simulated),281,TA10
S0277,overall response,no progression (response category not simulated),309,TA11
S0277,overall response,no progression (response category not simulated),337,TA12
S0278,overall response,no progression (response category not simulated),29,TA1
S0278,overall response,no progression (response category not simulated),57,TA2
S0278,overall response,no progression (response category not simulated),85,TA3
S0278,overall response,no progression (response category not simulated),113,TA4
S0278,overall response,no progression (response category not simulated),141,TA5
S0278,overall response,no progression (response category not simulated),169,TA6
S0278,overall response,no progression (response category not simulated),197,TA7
S0278,overall response,no progression (response category not simulated),225,TA8
S0278,overall response,no progression (response category not simulated),253,TA9
S0278,overall response,no progression (response category not simulated),281,TA10
S0278,overall response,no progression (response category not simulated),309,TA11
S0278,overall response,no progression (response category not simulated),337,TA12
S0279,overall response,no progression (response category not simulated),29,TA1
S0279,overall response,no progression (response category not simulated),57,TA2
S0279,overall response,no progression (response category not simulated),85,TA3
S0279,overall response,no progression (response category not simulated),113,TA4
S0279,overall response,no progression (response category not simulated),141,TA5
S0280,overall response,no progression (response category not simulated),29,TA1
S0280,overall response,no progression (response category not simulated),57,TA2
S0280,overall response,no progression (response category not simulated),85,TA3
S0280,overall response,no progression (response category not simulated),113,TA4
S0280,overall response,no progression (response category not simulated),141,TA5
S0280,overall response,no progression (response category not simulated),169,TA6
S0280,overall response,no progression (response category not simulated),197,TA7
S0280,overall response,no progression (response category not simulated),225,TA8
S0280,overall response,no progression (response category not simulated),253,TA9
S0280,overall response,no progression (response category not simulated),281,TA10
S0280,overall response,no progression (response category not simulated),309,TA11
S0280,overall response,no progression (response category not simulated),337,TA12
S0281,overall response,no progression (response category not simulated),29,TA1
S0281,overall response,no progression (response category not simulated),57,TA2
S0281,overall response,no progression (response category not simulated),85,TA3
S0281,overall response,no progression (response category not simulated),113,TA4
S0281,overall response,no progression (response category not simulated),141,TA5
S0281,overall response,no progression (response category not simulated),169,TA6
S0281,overall response,no progression (response category not simulated),197,TA7
S0281,overall response,no progression (response category not simulated),225,TA8
S0281,overall response,no progression (response category not simulated),253,TA9
S0281,overall response,no progression (response category not simulated),281,TA10
S0281,overall response,no progression (response category not simulated),309,TA11
S0281,overall response,no progression (response category not simulated),337,TA12
S0282,overall response,no progression (response category not simulated),29,TA1
S0282,overall response,no progression (response category not simulated),57,TA2
S0282,overall response,no progression (response category not simulated),85,TA3
S0282,overall response,no progression (response category not simulated),113,TA4
S0282,overall response,no progression (response category not simulated),141,TA5
S0282,overall response,no progression (response category not simulated),169,TA6
S0282,overall response,no progression (response category not simulated),197,TA7
S0282,overall response,no progression (response category not simulated),225,TA8
S0282,overall response,no progression (response category not simulated),253,TA9
S0282,overall response,no progression (response category not simulated),281,TA10
S0282,overall response,no progression (response category not simulated),309,TA11
S0282,overall response,no progression (response category not simulated),337,TA12
S0283,overall response,no progression (response category not simulated),29,TA1
S0283,overall response,no progression (response category not simulated),57,TA2
S0283,overall response,no progression (response category not simulated),85,TA3
S0283,overall response,no progression (response category not simulated),113,TA4
S0283,overall response,no progression (response category not simulated),141,TA5
S0283,overall response,no progression (response category not simulated),169,TA6
S0283,overall response,no progression (response category not simulated),197,TA7
S0283,overall response,no progression (response category not simulated),225,TA8
S0283,overall response,no progression (response category not simulated),253,TA9
S0283,overall response,no progression (response category not simulated),281,TA10
S0283,overall response,no progression (response category not simulated),309,TA11
S0283,overall response,no progression (response category not simulated),337,TA12
S0284,overall response,no progression (response category not simulated),29,TA1
S0284,overall response,no progression (response category not simulated),57,TA2
S0284,overall response,no progression (response category not simulated),85,TA3
S0284,overall response,no progression (response category not simulated),113,TA4
S0284,overall response,no progression (response category not simulated),141,TA5
S0284,overall response,no progression (response category not simulated),169,TA6
S0284,overall response,no progression (response category not simulated),197,TA7
S0284,overall response,no progression (response category not simulated),225,TA8
S0284,overall response,no progression (response category not simulated),253,TA9
S0284,overall response,no progression (response category not simulated),281,TA10
S0284,overall response,no progression (response category not simulated),309,TA11
S0284,overall response,no progression (response category not simulated),337,TA12
S0285,overall response,no progression (response category not simulated),29,TA1
S0285,overall response,no progression (response category not simulated),57,TA2
S0285,overall response,no progression (response category not simulated),85,TA3
S0285,overall response,no progression (response category not simulated),113,TA4
S0285,overall response,no progression (response category not simulated),141,TA5
S0285,overall response,no progression (response category not simulated),169,TA6
S0285,overall response,no progression (response category not simulated),197,TA7
S0285,overall response,no progression (response category not simulated),225,TA8
S0285,overall response,no progression (response category not simulated),253,TA9
S0285,overall response,no progression (response category not simulated),281,TA10
S0285,overall response,no progression (response category not simulated),309,TA11
S0285,overall response,no progression (response category not simulated),337,TA12
S0286,overall response,no progression (response category not simulated),29,TA1
S0286,overall response,no progression (response category not simulated),57,TA2
S0286,overall response,no progression (response category not simulated),85,TA3
S0286,overall response,no progression (response category not simulated),113,TA4
S0286,overall response,no progression (response category not simulated),141,TA5
S0286,overall response,no progression (response category not simulated),169,TA6
S0287,overall response,no progression (response category not simulated),29,TA1
S0287,overall response,no progression (response category not simulated),57,TA2
S0287,overall response,no progression (response category not simulated),85,TA3
S0287,overall response,no progression (response category not simulated),113,TA4
S0287,overall response,no progression (response category not simulated),141,TA5
S0287,overall response,no progression (response category not simulated),169,TA6
S0287,overall response,no progression (response category not simulated),197,TA7
S0287,overall response,no progression (response category not simulated),225,TA8
S0287,overall response,no progression (response category not simulated),253,TA9
S0287,overall response,no progression (response category not simulated),281,TA10
S0287,overall response,no progression (response category not simulated),309,TA11
S0287,overall response,no progression (response category not simulated),337,TA12
S0288,overall response,no progression (response category not simulated),29,TA1
S0288,overall response,no progression (response category not simulated),57,TA2
S0288,overall response,no progression (response category not simulated),85,TA3
S0288,overall response,no progression (response category not simulated),113,TA4
S0288,overall response,no progression (response category not simulated),141,TA5
S0288,overall response,no progression (response category not simulated),169,TA6
S0288,overall response,no progression (response category not simulated),197,TA7
S0288,overall response,no progression (response category not simulated),225,TA8
S0288,overall response,no progression (response category not simulated),253,TA9
S0289,overall response,no progression (response category not simulated),29,TA1
S0289,overall response,no progression (response category not simulated),57,TA2
S0289,overall response,no progression (response category not simulated),85,TA3
S0289,overall response,no progression (response category not simulated),113,TA4
S0289,overall response,no progression (response category not simulated),141,TA5
S0289,overall response,no progression (response category not simulated),169,TA6
S0289,overall response,no progression (response category not simulated),197,TA7
S0289,overall response,no progression (response category not simulated),225,TA8
S0289,overall response,no progression (response category not simulated),253,TA9
S0289,overall response,no progression (response category not simulated),281,TA10
S0289,overall response,no progression (response category not simulated),309,TA11
S0289,overall response,no progression (response category not simulated),337,TA12
S0290,overall response,no progression (response category not simulated),29,TA1
S0290,overall response,no progression (response category not simulated),57,TA2
S0290,overall response,no progression (response category not simulated),85,TA3
S0290,overall response,no progression (response category not simulated),113,TA4
S0290,overall response,no progression (response category not simulated),141,TA5
S0290,overall response,no progression (response category not simulated),169,TA6
S0290,overall response,no progression (response category not simulated),197,TA7
S0290,overall response,no progression (response category not simulated),225,TA8
S0291,overall response,no progression (response category not simulated),29,TA1
S0291,overall response,no progression (response category not simulated),57,TA2
S0291,overall response,no progression (response category not simulated),85,TA3
S0291,overall response,no progression (response category not simulated),113,TA4
S0291,overall response,no progression (response category not simulated),141,TA5
S0291,overall response,no progression (response category not simulated),169,TA6
S0291,overall response,no progression (response category not simulated),197,TA7
S0291,overall response,no progression (response category not simulated),225,TA8
S0291,overall response,no progression (response category not simulated),253,TA9
S0291,overall response,no progression (response category not simulated),281,TA10
S0291,overall response,no progression (response category not simulated),309,TA11
S0291,overall response,progressive disease,337,TA12
S0292,overall response,no progression (response category not simulated),29,TA1
S0292,overall response,no progression (response category not simulated),57,TA2
S0292,overall response,no progression (response category not simulated),85,TA3
S0292,overall response,no progression (response category not simulated),113,TA4
S0292,overall response,no progression (response category not simulated),141,TA5
S0292,overall response,progressive disease,169,TA6
S0293,overall response,no progression (response category not simulated),29,TA1
S0293,overall response,no progression (response category not simulated),57,TA2
S0293,overall response,no progression (response category not simulated),85,TA3
S0293,overall response,no progression (response category not simulated),113,TA4
S0293,overall response,no progression (response category not simulated),141,TA5
S0293,overall response,no progression (response category not simulated),169,TA6
S0293,overall response,no progression (response category not simulated),197,TA7
S0293,overall response,no progression (response category not simulated),225,TA8
S0293,overall response,no progression (response category not simulated),253,TA9
S0293,overall response,no progression (response category not simulated),281,TA10
S0293,overall response,no progression (response category not simulated),309,TA11
S0293,overall response,no progression (response category not simulated),337,TA12
S0294,overall response,no progression (response category not simulated),29,TA1
S0294,overall response,no progression (response category not simulated),57,TA2
S0294,overall response,no progression (response category not simulated),85,TA3
S0294,overall response,no progression (response category not simulated),113,TA4
S0294,overall response,no progression (response category not simulated),141,TA5
S0294,overall response,no progression (response category not simulated),169,TA6
S0294,overall response,no progression (response category not simulated),197,TA7
S0294,overall response,no progression (response category not simulated),225,TA8
S0294,overall response,no progression (response category not simulated),253,TA9
S0294,overall response,no progression (response category not simulated),281,TA10
S0294,overall response,no progression (response category not simulated),309,TA11
S0294,overall response,no progression (response category not simulated),337,TA12
S0295,overall response,no progression (response category not simulated),29,TA1
S0295,overall response,no progression (response category not simulated),57,TA2
S0295,overall response,no progression (response category not simulated),85,TA3
S0295,overall response,no progression (response category not simulated),113,TA4
S0295,overall response,no progression (response category not simulated),141,TA5
S0295,overall response,no progression (response category not simulated),169,TA6
S0295,overall response,no progression (response category not simulated),197,TA7
S0295,overall response,no progression (response category not simulated),225,TA8
S0295,overall response,no progression (response category not simulated),253,TA9
S0295,overall response,no progression (response category not simulated),281,TA10
S0295,overall response,progressive disease,309,TA11
S0296,overall response,progressive disease,29,TA1
S0297,overall response,no progression (response category not simulated),29,TA1
S0297,overall response,no progression (response category not simulated),57,TA2
S0297,overall response,no progression (response category not simulated),85,TA3
S0297,overall response,no progression (response category not simulated),113,TA4
S0297,overall response,no progression (response category not simulated),141,TA5
S0297,overall response,no progression (response category not simulated),169,TA6
S0297,overall response,no progression (response category not simulated),197,TA7
S0297,overall response,no progression (response category not simulated),225,TA8
S0297,overall response,no progression (response category not simulated),253,TA9
S0297,overall response,no progression (response category not simulated),281,TA10
S0297,overall response,no progression (response category not simulated),309,TA11
S0297,overall response,no progression (response category not simulated),337,TA12
S0298,overall response,no progression (response category not simulated),29,TA1
S0298,overall response,no progression (response category not simulated),57,TA2
S0298,overall response,no progression (response category not simulated),85,TA3
S0298,overall response,no progression (response category not simulated),113,TA4
S0298,overall response,no progression (response category not simulated),141,TA5
S0298,overall response,no progression (response category not simulated),169,TA6
S0298,overall response,no progression (response category not simulated),197,TA7
S0298,overall response,no progression (response category not simulated),225,TA8
S0298,overall response,no progression (response category not simulated),253,TA9
S0298,overall response,no progression (response category not simulated),281,TA10
S0298,overall response,no progression (response category not simulated),309,TA11
S0298,overall response,no progression (response category not simulated),337,TA12
S0299,overall response,no progression (response category not simulated),29,TA1
S0299,overall response,no progression (response category not simulated),57,TA2
S0299,overall response,no progression (response category not simulated),85,TA3
S0299,overall response,no progression (response category not simulated),113,TA4
S0299,overall response,no progression (response category not simulated),141,TA5
S0299,overall response,no progression (response category not simulated),169,TA6
S0299,overall response,no progression (response category not simulated),197,TA7
S0299,overall response,no progression (response category not simulated),225,TA8
S0299,overall response,no progression (response category not simulated),253,TA9
S0299,overall response,no progression (response category not simulated),281,TA10
S0299,overall response,no progression (response category not simulated),309,TA11
S0299,overall response,no progression (response category not simulated),337,TA12
S0300,overall response,no progression (response category not simulated),29,TA1
S0300,overall response,no progression (response category not simulated),57,TA2
S0300,overall response,no progression (response category not simulated),85,TA3
S0300,overall response,no progression (response category not simulated),113,TA4
S0300,overall response,no progression (response category not simulated),141,TA5
S0300,overall response,no progression (response category not simulated),169,TA6
S0300,overall response,no progression (response category not simulated),197,TA7
S0300,overall response,no progression (response category not simulated),225,TA8
S0300,overall response,no progression (response category not simulated),253,TA9
S0300,overall response,no progression (response category not simulated),281,TA10
S0300,overall response,no progression (response category not simulated),309,TA11
S0300,overall response,no progression (response category not simulated),337,TA12
S0301,overall response,no progression (response category not simulated),29,TA1
S0301,overall response,no progression (response category not simulated),57,TA2
S0301,overall response,no progression (response category not simulated),85,TA3
S0301,overall response,no progression (response category not simulated),113,TA4
S0301,overall response,no progression (response category not simulated),141,TA5
S0301,overall response,no progression (response category not simulated),169,TA6
S0301,overall response,no progression (response category not simulated),197,TA7
S0301,overall response,no progression (response category not simulated),225,TA8
S0301,overall response,no progression (response category not simulated),253,TA9
S0301,overall response,no progression (response category not simulated),281,TA10
S0301,overall response,no progression (response category not simulated),309,TA11
S0301,overall response,no progression (response category not simulated),337,TA12
S0302,overall response,no progression (response category not simulated),29,TA1
S0302,overall response,no progression (response category not simulated),57,TA2
S0302,overall response,no progression (response category not simulated),85,TA3
S0302,overall response,no progression (response category not simulated),113,TA4
S0302,overall response,no progression (response category not simulated),141,TA5
S0302,overall response,no progression (response category not simulated),169,TA6
S0302,overall response,no progression (response category not simulated),197,TA7
S0302,overall response,no progression (response category not simulated),225,TA8
S0302,overall response,no progression (response category not simulated),253,TA9
S0302,overall response,no progression (response category not simulated),281,TA10
S0303,overall response,no progression (response category not simulated),29,TA1
S0303,overall response,progressive disease,57,TA2
S0304,overall response,no progression (response category not simulated),29,TA1
S0304,overall response,no progression (response category not simulated),57,TA2
S0304,overall response,no progression (response category not simulated),85,TA3
S0304,overall response,no progression (response category not simulated),113,TA4
S0304,overall response,no progression (response category not simulated),141,TA5
S0304,overall response,no progression (response category not simulated),169,TA6
S0304,overall response,no progression (response category not simulated),197,TA7
S0304,overall response,no progression (response category not simulated),225,TA8
S0304,overall response,no progression (response category not simulated),253,TA9
S0304,overall response,no progression (response category not simulated),281,TA10
S0304,overall response,no progression (response category not simulated),309,TA11
S0304,overall response,no progression (response category not simulated),337,TA12
S0305,overall response,no progression (response category not simulated),29,TA1
S0305,overall response,no progression (response category not simulated),57,TA2
S0305,overall response,no progression (response category not simulated),85,TA3
S0305,overall response,no progression (response category not simulated),113,TA4
S0305,overall response,no progression (response category not simulated),141,TA5
S0305,overall response,no progression (response category not simulated),169,TA6
S0305,overall response,no progression (response category not simulated),197,TA7
S0305,overall response,no progression (response category not simulated),225,TA8
S0305,overall response,no progression (response category not simulated),253,TA9
S0305,overall response,no progression (response category not simulated),281,TA10
S0305,overall response,no progression (response category not simulated),309,TA11
S0305,overall response,no progression (response category not simulated),337,TA12
S0306,overall response,no progression (response category not simulated),29,TA1
S0306,overall response,no progression (response category not simulated),57,TA2
S0306,overall response,no progression (response category not simulated),85,TA3
S0306,overall response,no progression (response category not simulated),113,TA4
S0306,overall response,no progression (response category not simulated),141,TA5
S0306,overall response,no progression (response category not simulated),169,TA6
S0306,overall response,no progression (response category not simulated),197,TA7
S0306,overall response,no progression (response category not simulated),225,TA8
S0306,overall response,no progression (response category not simulated),253,TA9
S0306,overall response,no progression (response category not simulated),281,TA10
S0306,overall response,no progression (response category not simulated),309,TA11
S0306,overall response,no progression (response category not simulated),337,TA12
S0307,overall response,no progression (response category not simulated),29,TA1
S0307,overall response,no progression (response category not simulated),57,TA2
S0307,overall response,no progression (response category not simulated),85,TA3
S0307,overall response,no progression (response category not simulated),113,TA4
S0307,overall response,no progression (response category not simulated),141,TA5
S0307,overall response,no progression (response category not simulated),169,TA6
S0307,overall response,no progression (response category not simulated),197,TA7
S0307,overall response,no progression (response category not simulated),225,TA8
S0307,overall response,no progression (response category not simulated),253,TA9
S0307,overall response,no progression (response category not simulated),281,TA10
S0307,overall response,no progression (response category not simulated),309,TA11
S0307,overall response,no progression (response category not simulated),337,TA12
S0308,overall response,no progression (response category not simulated),29,TA1
S0308,overall response,no progression (response category not simulated),57,TA2
S0309,overall response,no progression (response category not simulated),29,TA1
S0309,overall response,no progression (response category not simulated),57,TA2
S0309,overall response,no progression (response category not simulated),85,TA3
S0309,overall response,no progression (response category not simulated),113,TA4
S0309,overall response,progressive disease,141,TA5
S0310,overall response,no progression (response category not simulated),29,TA1
S0310,overall response,no progression (response category not simulated),57,TA2
S0310,overall response,no progression (response category not simulated),85,TA3
S0310,overall response,no progression (response category not simulated),113,TA4
S0310,overall response,no progression (response category not simulated),141,TA5
S0310,overall response,no progression (response category not simulated),169,TA6
S0310,overall response,no progression (response category not simulated),197,TA7
S0310,overall response,no progression (response category not simulated),225,TA8
S0310,overall response,progressive disease,253,TA9
S0311,overall response,no progression (response category not simulated),29,TA1
S0311,overall response,no progression (response category not simulated),57,TA2
S0311,overall response,no progression (response category not simulated),85,TA3
S0311,overall response,no progression (response category not simulated),113,TA4
S0311,overall response,no progression (response category not simulated),141,TA5
S0311,overall response,no progression (response category not simulated),169,TA6
S0311,overall response,no progression (response category not simulated),197,TA7
S0311,overall response,no progression (response category not simulated),225,TA8
S0311,overall response,no progression (response category not simulated),253,TA9
S0311,overall response,no progression (response category not simulated),281,TA10
S0311,overall response,no progression (response category not simulated),309,TA11
S0311,overall response,no progression (response category not simulated),337,TA12
S0312,overall response,no progression (response category not simulated),29,TA1
S0312,overall response,no progression (response category not simulated),57,TA2
S0312,overall response,no progression (response category not simulated),85,TA3
S0312,overall response,no progression (response category not simulated),113,TA4
S0312,overall response,no progression (response category not simulated),141,TA5
S0312,overall response,no progression (response category not simulated),169,TA6
S0312,overall response,no progression (response category not simulated),197,TA7
S0312,overall response,no progression (response category not simulated),225,TA8
S0312,overall response,no progression (response category not simulated),253,TA9
S0312,overall response,no progression (response category not simulated),281,TA10
S0312,overall response,no progression (response category not simulated),309,TA11
S0312,overall response,no progression (response category not simulated),337,TA12
S0313,overall response,no progression (response category not simulated),29,TA1
S0313,overall response,no progression (response category not simulated),57,TA2
S0313,overall response,no progression (response category not simulated),85,TA3
S0314,overall response,no progression (response category not simulated),29,TA1
S0314,overall response,no progression (response category not simulated),57,TA2
S0314,overall response,no progression (response category not simulated),85,TA3
S0314,overall response,no progression (response category not simulated),113,TA4
S0314,overall response,no progression (response category not simulated),141,TA5
S0314,overall response,no progression (response category not simulated),169,TA6
S0314,overall response,no progression (response category not simulated),197,TA7
S0314,overall response,no progression (response category not simulated),225,TA8
S0314,overall response,no progression (response category not simulated),253,TA9
S0314,overall response,no progression (response category not simulated),281,TA10
S0314,overall response,no progression (response category not simulated),309,TA11
S0314,overall response,no progression (response category not simulated),337,TA12
S0315,overall response,no progression (response category not simulated),29,TA1
S0315,overall response,no progression (response category not simulated),57,TA2
S0315,overall response,no progression (response category not simulated),85,TA3
S0315,overall response,no progression (response category not simulated),113,TA4
S0315,overall response,no progression (response category not simulated),141,TA5
S0315,overall response,no progression (response category not simulated),169,TA6
S0315,overall response,no progression (response category not simulated),197,TA7
S0315,overall response,no progression (response category not simulated),225,TA8
S0315,overall response,no progression (response category not simulated),253,TA9
S0315,overall response,no progression (response category not simulated),281,TA10
S0315,overall response,no progression (response category not simulated),309,TA11
S0315,overall response,no progression (response category not simulated),337,TA12
S0316,overall response,no progression (response category not simulated),29,TA1
S0316,overall response,no progression (response category not simulated),57,TA2
S0316,overall response,no progression (response category not simulated),85,TA3
S0316,overall response,no progression (response category not simulated),113,TA4
S0316,overall response,no progression (response category not simulated),141,TA5
S0316,overall response,no progression (response category not simulated),169,TA6
S0316,overall response,no progression (response category not simulated),197,TA7
S0316,overall response,no progression (response category not simulated),225,TA8
S0316,overall response,no progression (response category not simulated),253,TA9
S0316,overall response,no progression (response category not simulated),281,TA10
S0316,overall response,no progression (response category not simulated),309,TA11
S0316,overall response,no progression (response category not simulated),337,TA12
S0317,overall response,no progression (response category not simulated),29,TA1
S0317,overall response,no progression (response category not simulated),57,TA2
S0317,overall response,no progression (response category not simulated),85,TA3
S0317,overall response,no progression (response category not simulated),113,TA4
S0318,overall response,no progression (response category not simulated),29,TA1
S0318,overall response,no progression (response category not simulated),57,TA2
S0318,overall response,no progression (response category not simulated),85,TA3
S0318,overall response,no progression (response category not simulated),113,TA4
S0318,overall response,no progression (response category not simulated),141,TA5
S0318,overall response,no progression (response category not simulated),169,TA6
S0318,overall response,no progression (response category not simulated),197,TA7
S0318,overall response,no progression (response category not simulated),225,TA8
S0318,overall response,no progression (response category not simulated),253,TA9
S0318,overall response,no progression (response category not simulated),281,TA10
S0318,overall response,no progression (response category not simulated),309,TA11
S0318,overall response,no progression (response category not simulated),337,TA12
S0319,overall response,no progression (response category not simulated),29,TA1
S0319,overall response,no progression (response category not simulated),57,TA2
S0319,overall response,no progression (response category not simulated),85,TA3
S0319,overall response,no progression (response category not simulated),113,TA4
S0319,overall response,no progression (response category not simulated),141,TA5
S0319,overall response,no progression (response category not simulated),169,TA6
S0319,overall response,progressive disease,197,TA7
S0320,overall response,no progression (response category not simulated),29,TA1
S0320,overall response,no progression (response category not simulated),57,TA2
S0321,overall response,no progression (response category not simulated),29,TA1
S0321,overall response,no progression (response category not simulated),57,TA2
S0321,overall response,no progression (response category not simulated),85,TA3
S0321,overall response,no progression (response category not simulated),113,TA4
S0321,overall response,no progression (response category not simulated),141,TA5
S0321,overall response,no progression (response category not simulated),169,TA6
S0321,overall response,no progression (response category not simulated),197,TA7
S0321,overall response,no progression (response category not simulated),225,TA8
S0321,overall response,no progression (response category not simulated),253,TA9
S0321,overall response,no progression (response category not simulated),281,TA10
S0321,overall response,no progression (response category not simulated),309,TA11
S0321,overall response,no progression (response category not simulated),337,TA12
S0322,overall response,no progression (response category not simulated),29,TA1
S0322,overall response,no progression (response category not simulated),57,TA2
S0322,overall response,no progression (response category not simulated),85,TA3
S0322,overall response,no progression (response category not simulated),113,TA4
S0322,overall response,no progression (response category not simulated),141,TA5
S0322,overall response,no progression (response category not simulated),169,TA6
S0322,overall response,no progression (response category not simulated),197,TA7
S0322,overall response,no progression (response category not simulated),225,TA8
S0322,overall response,no progression (response category not simulated),253,TA9
S0322,overall response,no progression (response category not simulated),281,TA10
S0322,overall response,no progression (response category not simulated),309,TA11
S0322,overall response,no progression (response category not simulated),337,TA12
S0323,overall response,no progression (response category not simulated),29,TA1
S0323,overall response,no progression (response category not simulated),57,TA2
S0323,overall response,no progression (response category not simulated),85,TA3
S0323,overall response,no progression (response category not simulated),113,TA4
S0323,overall response,no progression (response category not simulated),141,TA5
S0323,overall response,no progression (response category not simulated),169,TA6
S0323,overall response,no progression (response category not simulated),197,TA7
S0323,overall response,no progression (response category not simulated),225,TA8
S0323,overall response,no progression (response category not simulated),253,TA9
S0323,overall response,no progression (response category not simulated),281,TA10
S0323,overall response,no progression (response category not simulated),309,TA11
S0323,overall response,no progression (response category not simulated),337,TA12
S0324,overall response,no progression (response category not simulated),29,TA1
S0324,overall response,no progression (response category not simulated),57,TA2
S0325,overall response,no progression (response category not simulated),29,TA1
S0325,overall response,no progression (response category not simulated),57,TA2
S0325,overall response,no progression (response category not simulated),85,TA3
S0325,overall response,no progression (response category not simulated),113,TA4
S0325,overall response,no progression (response category not simulated),141,TA5
S0325,overall response,no progression (response category not simulated),169,TA6
S0325,overall response,no progression (response category not simulated),197,TA7
S0325,overall response,no progression (response category not simulated),225,TA8
S0325,overall response,no progression (response category not simulated),253,TA9
S0325,overall response,no progression (response category not simulated),281,TA10
S0325,overall response,no progression (response category not simulated),309,TA11
S0325,overall response,no progression (response category not simulated),337,TA12
S0326,overall response,no progression (response category not simulated),29,TA1
S0327,overall response,no progression (response category not simulated),29,TA1
S0327,overall response,no progression (response category not simulated),57,TA2
S0327,overall response,no progression (response category not simulated),85,TA3
S0327,overall response,no progression (response category not simulated),113,TA4
S0327,overall response,no progression (response category not simulated),141,TA5
S0327,overall response,no progression (response category not simulated),169,TA6
S0327,overall response,no progression (response category not simulated),197,TA7
S0327,overall response,no progression (response category not simulated),225,TA8
S0327,overall response,no progression (response category not simulated),253,TA9
S0327,overall response,no progression (response category not simulated),281,TA10
S0327,overall response,no progression (response category not simulated),309,TA11
S0327,overall response,no progression (response category not simulated),337,TA12
S0328,overall response,no progression (response category not simulated),29,TA1
S0328,overall response,no progression (response category not simulated),57,TA2
S0328,overall response,no progression (response category not simulated),85,TA3
S0328,overall response,no progression (response category not simulated),113,TA4
S0328,overall response,no progression (response category not simulated),141,TA5
S0328,overall response,no progression (response category not simulated),169,TA6
S0328,overall response,no progression (response category not simulated),197,TA7
S0328,overall response,no progression (response category not simulated),225,TA8
S0328,overall response,no progression (response category not simulated),253,TA9
S0328,overall response,no progression (response category not simulated),281,TA10
S0328,overall response,no progression (response category not simulated),309,TA11
S0328,overall response,no progression (response category not simulated),337,TA12
S0329,overall response,no progression (response category not simulated),29,TA1
S0329,overall response,no progression (response category not simulated),57,TA2
S0329,overall response,no progression (response category not simulated),85,TA3
S0329,overall response,no progression (response category not simulated),113,TA4
S0329,overall response,no progression (response category not simulated),141,TA5
S0329,overall response,no progression (response category not simulated),169,TA6
S0329,overall response,no progression (response category not simulated),197,TA7
S0329,overall response,no progression (response category not simulated),225,TA8
S0329,overall response,no progression (response category not simulated),253,TA9
S0329,overall response,no progression (response category not simulated),281,TA10
S0329,overall response,no progression (response category not simulated),309,TA11
S0329,overall response,no progression (response category not simulated),337,TA12
S0330,overall response,progressive disease,29,TA1
S0331,overall response,no progression (response category not simulated),29,TA1
S0331,overall response,no progression (response category not simulated),57,TA2
S0331,overall response,no progression (response category not simulated),85,TA3
S0331,overall response,no progression (response category not simulated),113,TA4
S0331,overall response,no progression (response category not simulated),141,TA5
S0331,overall response,no progression (response category not simulated),169,TA6
S0331,overall response,no progression (response category not simulated),197,TA7
S0331,overall response,no progression (response category not simulated),225,TA8
S0331,overall response,no progression (response category not simulated),253,TA9
S0331,overall response,no progression (response category not simulated),281,TA10
S0331,overall response,no progression (response category not simulated),309,TA11
S0331,overall response,no progression (response category not simulated),337,TA12
S0332,overall response,no progression (response category not simulated),29,TA1
S0332,overall response,no progression (response category not simulated),57,TA2
S0332,overall response,no progression (response category not simulated),85,TA3
S0333,overall response,no progression (response category not simulated),29,TA1
S0333,overall response,no progression (response category not simulated),57,TA2
S0333,overall response,no progression (response category not simulated),85,TA3
S0333,overall response,no progression (response category not simulated),113,TA4
S0333,overall response,no progression (response category not simulated),141,TA5
S0333,overall response,no progression (response category not simulated),169,TA6
S0333,overall response,no progression (response category not simulated),197,TA7
S0334,overall response,no progression (response category not simulated),29,TA1
S0334,overall response,no progression (response category not simulated),57,TA2
S0334,overall response,no progression (response category not simulated),85,TA3
S0334,overall response,no progression (response category not simulated),113,TA4
S0334,overall response,no progression (response category not simulated),141,TA5
S0334,overall response,no progression (response category not simulated),169,TA6
S0334,overall response,no progression (response category not simulated),197,TA7
S0334,overall response,no progression (response category not simulated),225,TA8
S0334,overall response,no progression (response category not simulated),253,TA9
S0334,overall response,no progression (response category not simulated),281,TA10
S0334,overall response,no progression (response category not simulated),309,TA11
S0334,overall response,no progression (response category not simulated),337,TA12
S0335,overall response,no progression (response category not simulated),29,TA1
S0335,overall response,no progression (response category not simulated),57,TA2
S0335,overall response,no progression (response category not simulated),85,TA3
S0335,overall response,no progression (response category not simulated),113,TA4
S0335,overall response,no progression (response category not simulated),141,TA5
S0335,overall response,no progression (response category not simulated),169,TA6
S0335,overall response,no progression (response category not simulated),197,TA7
S0335,overall response,no progression (response category not simulated),225,TA8
S0335,overall response,no progression (response category not simulated),253,TA9
S0335,overall response,no progression (response category not simulated),281,TA10
S0335,overall response,no progression (response category not simulated),309,TA11
S0335,overall response,no progression (response category not simulated),337,TA12
S0336,overall response,no progression (response category not simulated),29,TA1
S0336,overall response,no progression (response category not simulated),57,TA2
S0336,overall response,no progression (response category not simulated),85,TA3
S0336,overall response,no progression (response category not simulated),113,TA4
S0336,overall response,no progression (response category not simulated),141,TA5
S0336,overall response,no progression (response category not simulated),169,TA6
S0336,overall response,no progression (response category not simulated),197,TA7
S0336,overall response,no progression (response category not simulated),225,TA8
S0336,overall response,no progression (response category not simulated),253,TA9
S0336,overall response,no progression (response category not simulated),281,TA10
S0336,overall response,no progression (response category not simulated),309,TA11
S0336,overall response,no progression (response category not simulated),337,TA12
S0337,overall response,no progression (response category not simulated),29,TA1
S0337,overall response,no progression (response category not simulated),57,TA2
S0337,overall response,no progression (response category not simulated),85,TA3
S0337,overall response,no progression (response category not simulated),113,TA4
S0337,overall response,no progression (response category not simulated),141,TA5
S0337,overall response,no progression (response category not simulated),169,TA6
S0337,overall response,no progression (response category not simulated),197,TA7
S0337,overall response,no progression (response category not simulated),225,TA8
S0337,overall response,no progression (response category not simulated),253,TA9
S0337,overall response,no progression (response category not simulated),281,TA10
S0337,overall response,no progression (response category not simulated),309,TA11
S0337,overall response,no progression (response category not simulated),337,TA12
S0338,overall response,no progression (response category not simulated),29,TA1
S0338,overall response,no progression (response category not simulated),57,TA2
S0338,overall response,no progression (response category not simulated),85,TA3
S0338,overall response,progressive disease,113,TA4
S0339,overall response,no progression (response category not simulated),29,TA1
S0339,overall response,progressive disease,57,TA2
S0340,overall response,no progression (response category not simulated),29,TA1
S0340,overall response,no progression (response category not simulated),57,TA2
S0340,overall response,no progression (response category not simulated),85,TA3
S0340,overall response,no progression (response category not simulated),113,TA4
S0340,overall response,no progression (response category not simulated),141,TA5
S0340,overall response,no progression (response category not simulated),169,TA6
S0340,overall response,no progression (response category not simulated),197,TA7
S0340,overall response,no progression (response category not simulated),225,TA8
S0340,overall response,no progression (response category not simulated),253,TA9
S0340,overall response,progressive disease,281,TA10
S0341,overall response,no progression (response category not simulated),29,TA1
S0341,overall response,no progression (response category not simulated),57,TA2
S0341,overall response,no progression (response category not simulated),85,TA3
S0341,overall response,no progression (response category not simulated),113,TA4
S0341,overall response,no progression (response category not simulated),141,TA5
S0341,overall response,no progression (response category not simulated),169,TA6
S0341,overall response,no progression (response category not simulated),197,TA7
S0341,overall response,no progression (response category not simulated),225,TA8
S0341,overall response,no progression (response category not simulated),253,TA9
S0341,overall response,no progression (response category not simulated),281,TA10
S0341,overall response,no progression (response category not simulated),309,TA11
S0341,overall response,no progression (response category not simulated),337,TA12
S0342,overall response,no progression (response category not simulated),29,TA1
S0342,overall response,no progression (response category not simulated),57,TA2
S0342,overall response,no progression (response category not simulated),85,TA3
S0342,overall response,no progression (response category not simulated),113,TA4
S0342,overall response,no progression (response category not simulated),141,TA5
S0342,overall response,no progression (response category not simulated),169,TA6
S0342,overall response,no progression (response category not simulated),197,TA7
S0342,overall response,no progression (response category not simulated),225,TA8
S0342,overall response,no progression (response category not simulated),253,TA9
S0342,overall response,no progression (response category not simulated),281,TA10
S0342,overall response,no progression (response category not simulated),309,TA11
S0342,overall response,no progression (response category not simulated),337,TA12
S0343,overall response,no progression (response category not simulated),29,TA1
S0343,overall response,no progression (response category not simulated),57,TA2
S0343,overall response,no progression (response category not simulated),85,TA3
S0343,overall response,no progression (response category not simulated),113,TA4
S0344,overall response,no progression (response category not simulated),29,TA1
S0344,overall response,no progression (response category not simulated),57,TA2
S0344,overall response,no progression (response category not simulated),85,TA3
S0344,overall response,no progression (response category not simulated),113,TA4
S0344,overall response,no progression (response category not simulated),141,TA5
S0344,overall response,no progression (response category not simulated),169,TA6
S0344,overall response,no progression (response category not simulated),197,TA7
S0344,overall response,no progression (response category not simulated),225,TA8
S0344,overall response,no progression (response category not simulated),253,TA9
S0344,overall response,no progression (response category not simulated),281,TA10
S0344,overall response,no progression (response category not simulated),309,TA11
S0344,overall response,no progression (response category not simulated),337,TA12
S0345,overall response,no progression (response category not simulated),29,TA1
S0345,overall response,no progression (response category not simulated),57,TA2
S0345,overall response,no progression (response category not simulated),85,TA3
S0345,overall response,no progression (response category not simulated),113,TA4
S0345,overall response,no progression (response category not simulated),141,TA5
S0345,overall response,no progression (response category not simulated),169,TA6
S0345,overall response,no progression (response category not simulated),197,TA7
S0345,overall response,no progression (response category not simulated),225,TA8
S0345,overall response,no progression (response category not simulated),253,TA9
S0345,overall response,no progression (response category not simulated),281,TA10
S0345,overall response,no progression (response category not simulated),309,TA11
S0345,overall response,no progression (response category not simulated),337,TA12
S0346,overall response,no progression (response category not simulated),29,TA1
S0346,overall response,no progression (response category not simulated),57,TA2
S0346,overall response,no progression (response category not simulated),85,TA3
S0346,overall response,no progression (response category not simulated),113,TA4
S0346,overall response,no progression (response category not simulated),141,TA5
S0346,overall response,no progression (response category not simulated),169,TA6
S0346,overall response,no progression (response category not simulated),197,TA7
S0346,overall response,no progression (response category not simulated),225,TA8
S0346,overall response,no progression (response category not simulated),253,TA9
S0346,overall response,no progression (response category not simulated),281,TA10
S0346,overall response,no progression (response category not simulated),309,TA11
S0346,overall response,no progression (response category not simulated),337,TA12
S0347,overall response,no progression (response category not simulated),29,TA1
S0347,overall response,no progression (response category not simulated),57,TA2
S0347,overall response,no progression (response category not simulated),85,TA3
S0347,overall response,no progression (response category not simulated),113,TA4
S0347,overall response,no progression (response category not simulated),141,TA5
S0347,overall response,no progression (response category not simulated),169,TA6
S0347,overall response,no progression (response category not simulated),197,TA7
S0347,overall response,no progression (response category not simulated),225,TA8
S0347,overall response,no progression (response category not simulated),253,TA9
S0347,overall response,no progression (response category not simulated),281,TA10
S0347,overall response,no progression (response category not simulated),309,TA11
S0347,overall response,no progression (response category not simulated),337,TA12
S0348,overall response,no progression (response category not simulated),29,TA1
S0348,overall response,no progression (response category not simulated),57,TA2
S0348,overall response,no progression (response category not simulated),85,TA3
S0348,overall response,no progression (response category not simulated),113,TA4
S0348,overall response,no progression (response category not simulated),141,TA5
S0348,overall response,no progression (response category not simulated),169,TA6
S0348,overall response,no progression (response category not simulated),197,TA7
S0348,overall response,no progression (response category not simulated),225,TA8
S0348,overall response,no progression (response category not simulated),253,TA9
S0348,overall response,no progression (response category not simulated),281,TA10
S0348,overall response,no progression (response category not simulated),309,TA11
S0348,overall response,progressive disease,337,TA12
S0349,overall response,no progression (response category not simulated),29,TA1
S0350,overall response,no progression (response category not simulated),29,TA1
S0350,overall response,no progression (response category not simulated),57,TA2
S0350,overall response,no progression (response category not simulated),85,TA3
S0350,overall response,no progression (response category not simulated),113,TA4
S0350,overall response,no progression (response category not simulated),141,TA5
S0350,overall response,no progression (response category not simulated),169,TA6
S0350,overall response,no progression (response category not simulated),197,TA7
S0350,overall response,no progression (response category not simulated),225,TA8
S0350,overall response,no progression (response category not simulated),253,TA9
S0350,overall response,no progression (response category not simulated),281,TA10
S0350,overall response,no progression (response category not simulated),309,TA11
S0350,overall response,no progression (response category not simulated),337,TA12
S0351,overall response,no progression (response category not simulated),29,TA1
S0351,overall response,no progression (response category not simulated),57,TA2
S0351,overall response,no progression (response category not simulated),85,TA3
S0351,overall response,no progression (response category not simulated),113,TA4
S0351,overall response,no progression (response category not simulated),141,TA5
S0351,overall response,no progression (response category not simulated),169,TA6
S0351,overall response,no progression (response category not simulated),197,TA7
S0351,overall response,no progression (response category not simulated),225,TA8
S0351,overall response,no progression (response category not simulated),253,TA9
S0351,overall response,no progression (response category not simulated),281,TA10
S0351,overall response,no progression (response category not simulated),309,TA11
S0351,overall response,no progression (response category not simulated),337,TA12
S0352,overall response,no progression (response category not simulated),29,TA1
S0352,overall response,no progression (response category not simulated),57,TA2
S0352,overall response,no progression (response category not simulated),85,TA3
S0352,overall response,no progression (response category not simulated),113,TA4
S0352,overall response,no progression (response category not simulated),141,TA5
S0352,overall response,no progression (response category not simulated),169,TA6
S0352,overall response,no progression (response category not simulated),197,TA7
S0352,overall response,no progression (response category not simulated),225,TA8
S0352,overall response,no progression (response category not simulated),253,TA9
S0352,overall response,no progression (response category not simulated),281,TA10
S0352,overall response,no progression (response category not simulated),309,TA11
S0352,overall response,no progression (response category not simulated),337,TA12
S0353,overall response,no progression (response category not simulated),29,TA1
S0353,overall response,no progression (response category not simulated),57,TA2
S0353,overall response,no progression (response category not simulated),85,TA3
S0353,overall response,no progression (response category not simulated),113,TA4
S0353,overall response,no progression (response category not simulated),141,TA5
S0353,overall response,no progression (response category not simulated),169,TA6
S0353,overall response,progressive disease,197,TA7
S0354,overall response,no progression (response category not simulated),29,TA1
S0354,overall response,no progression (response category not simulated),57,TA2
S0354,overall response,no progression (response category not simulated),85,TA3
S0354,overall response,no progression (response category not simulated),113,TA4
S0354,overall response,no progression (response category not simulated),141,TA5
S0354,overall response,no progression (response category not simulated),169,TA6
S0354,overall response,no progression (response category not simulated),197,TA7
S0354,overall response,no progression (response category not simulated),225,TA8
S0354,overall response,no progression (response category not simulated),253,TA9
S0354,overall response,no progression (response category not simulated),281,TA10
S0354,overall response,no progression (response category not simulated),309,TA11
S0354,overall response,no progression (response category not simulated),337,TA12
S0355,overall response,no progression (response category not simulated),29,TA1
S0355,overall response,no progression (response category not simulated),57,TA2
S0355,overall response,no progression (response category not simulated),85,TA3
S0355,overall response,no progression (response category not simulated),113,TA4
S0355,overall response,no progression (response category not simulated),141,TA5
S0355,overall response,no progression (response category not simulated),169,TA6
S0355,overall response,no progression (response category not simulated),197,TA7
S0355,overall response,no progression (response category not simulated),225,TA8
S0355,overall response,no progression (response category not simulated),253,TA9
S0355,overall response,no progression (response category not simulated),281,TA10
S0355,overall response,no progression (response category not simulated),309,TA11
S0355,overall response,no progression (response category not simulated),337,TA12
S0356,overall response,no progression (response category not simulated),29,TA1
S0356,overall response,no progression (response category not simulated),57,TA2
S0356,overall response,no progression (response category not simulated),85,TA3
S0356,overall response,no progression (response category not simulated),113,TA4
S0356,overall response,no progression (response category not simulated),141,TA5
S0356,overall response,no progression (response category not simulated),169,TA6
S0356,overall response,no progression (response category not simulated),197,TA7
S0356,overall response,no progression (response category not simulated),225,TA8
S0356,overall response,no progression (response category not simulated),253,TA9
S0356,overall response,no progression (response category not simulated),281,TA10
S0356,overall response,no progression (response category not simulated),309,TA11
S0356,overall response,no progression (response category not simulated),337,TA12
S0357,overall response,no progression (response category not simulated),29,TA1
S0357,overall response,no progression (response category not simulated),57,TA2
S0357,overall response,no progression (response category not simulated),85,TA3
S0357,overall response,no progression (response category not simulated),113,TA4
S0357,overall response,no progression (response category not simulated),141,TA5
S0357,overall response,no progression (response category not simulated),169,TA6
S0357,overall response,no progression (response category not simulated),197,TA7
S0357,overall response,no progression (response category not simulated),225,TA8
S0357,overall response,no progression (response category not simulated),253,TA9
S0357,overall response,no progression (response category not simulated),281,TA10
S0357,overall response,progressive disease,309,TA11
S0358,overall response,no progression (response category not simulated),29,TA1
S0358,overall response,no progression (response category not simulated),57,TA2
S0358,overall response,no progression (response category not simulated),85,TA3
S0358,overall response,no progression (response category not simulated),113,TA4
S0358,overall response,no progression (response category not simulated),141,TA5
S0358,overall response,no progression (response category not simulated),169,TA6
S0358,overall response,no progression (response category not simulated),197,TA7
S0358,overall response,no progression (response category not simulated),225,TA8
S0358,overall response,no progression (response category not simulated),253,TA9
S0358,overall response,no progression (response category not simulated),281,TA10
S0358,overall response,no progression (response category not simulated),309,TA11
S0358,overall response,no progression (response category not simulated),337,TA12
S0359,overall response,no progression (response category not simulated),29,TA1
S0359,overall response,no progression (response category not simulated),57,TA2
S0359,overall response,no progression (response category not simulated),85,TA3
S0359,overall response,no progression (response category not simulated),113,TA4
S0359,overall response,no progression (response category not simulated),141,TA5
S0359,overall response,no progression (response category not simulated),169,TA6
S0359,overall response,no progression (response category not simulated),197,TA7
S0359,overall response,no progression (response category not simulated),225,TA8
S0359,overall response,no progression (response category not simulated),253,TA9
S0360,overall response,no progression (response category not simulated),29,TA1
S0360,overall response,no progression (response category not simulated),57,TA2
S0360,overall response,no progression (response category not simulated),85,TA3
S0360,overall response,no progression (response category not simulated),113,TA4
S0360,overall response,no progression (response category not simulated),141,TA5
S0360,overall response,no progression (response category not simulated),169,TA6
S0360,overall response,no progression (response category not simulated),197,TA7
S0360,overall response,no progression (response category not simulated),225,TA8
S0360,overall response,no progression (response category not simulated),253,TA9
S0360,overall response,no progression (response category not simulated),281,TA10
S0360,overall response,no progression (response category not simulated),309,TA11
S0360,overall response,no progression (response category not simulated),337,TA12
S0361,overall response,no progression (response category not simulated),29,TA1
S0361,overall response,no progression (response category not simulated),57,TA2
S0361,overall response,no progression (response category not simulated),85,TA3
S0361,overall response,progressive disease,113,TA4
S0362,overall response,no progression (response category not simulated),29,TA1
S0362,overall response,no progression (response category not simulated),57,TA2
S0362,overall response,no progression (response category not simulated),85,TA3
S0362,overall response,no progression (response category not simulated),113,TA4
S0362,overall response,no progression (response category not simulated),141,TA5
S0362,overall response,no progression (response category not simulated),169,TA6
S0362,overall response,no progression (response category not simulated),197,TA7
S0362,overall response,no progression (response category not simulated),225,TA8
S0362,overall response,no progression (response category not simulated),253,TA9
S0362,overall response,no progression (response category not simulated),281,TA10
S0362,overall response,no progression (response category not simulated),309,TA11
S0362,overall response,no progression (response category not simulated),337,TA12
S0363,overall response,no progression (response category not simulated),29,TA1
S0363,overall response,no progression (response category not simulated),57,TA2
S0363,overall response,no progression (response category not simulated),85,TA3
S0363,overall response,no progression (response category not simulated),113,TA4
S0363,overall response,no progression (response category not simulated),141,TA5
S0363,overall response,no progression (response category not simulated),169,TA6
S0363,overall response,no progression (response category not simulated),197,TA7
S0363,overall response,no progression (response category not simulated),225,TA8
S0363,overall response,no progression (response category not simulated),253,TA9
S0363,overall response,no progression (response category not simulated),281,TA10
S0363,overall response,no progression (response category not simulated),309,TA11
S0363,overall response,no progression (response category not simulated),337,TA12
S0364,overall response,no progression (response category not simulated),29,TA1
S0364,overall response,progressive disease,57,TA2
S0365,overall response,no progression (response category not simulated),29,TA1
S0365,overall response,no progression (response category not simulated),57,TA2
S0365,overall response,no progression (response category not simulated),85,TA3
S0365,overall response,no progression (response category not simulated),113,TA4
S0365,overall response,no progression (response category not simulated),141,TA5
S0365,overall response,no progression (response category not simulated),169,TA6
S0365,overall response,no progression (response category not simulated),197,TA7
S0365,overall response,no progression (response category not simulated),225,TA8
S0365,overall response,no progression (response category not simulated),253,TA9
S0365,overall response,no progression (response category not simulated),281,TA10
S0365,overall response,no progression (response category not simulated),309,TA11
S0365,overall response,no progression (response category not simulated),337,TA12
S0366,overall response,no progression (response category not simulated),29,TA1
S0366,overall response,no progression (response category not simulated),57,TA2
S0366,overall response,no progression (response category not simulated),85,TA3
S0366,overall response,no progression (response category not simulated),113,TA4
S0366,overall response,no progression (response category not simulated),141,TA5
S0366,overall response,no progression (response category not simulated),169,TA6
S0367,overall response,no progression (response category not simulated),29,TA1
S0367,overall response,no progression (response category not simulated),57,TA2
S0367,overall response,no progression (response category not simulated),85,TA3
S0367,overall response,no progression (response category not simulated),113,TA4
S0367,overall response,no progression (response category not simulated),141,TA5
S0367,overall response,no progression (response category not simulated),169,TA6
S0367,overall response,progressive disease,197,TA7
S0368,overall response,no progression (response category not simulated),29,TA1
S0368,overall response,no progression (response category not simulated),57,TA2
S0368,overall response,no progression (response category not simulated),85,TA3
S0368,overall response,no progression (response category not simulated),113,TA4
S0368,overall response,no progression (response category not simulated),141,TA5
S0368,overall response,no progression (response category not simulated),169,TA6
S0368,overall response,no progression (response category not simulated),197,TA7
S0368,overall response,no progression (response category not simulated),225,TA8
S0368,overall response,no progression (response category not simulated),253,TA9
S0368,overall response,no progression (response category not simulated),281,TA10
S0368,overall response,no progression (response category not simulated),309,TA11
S0368,overall response,no progression (response category not simulated),337,TA12
S0369,overall response,no progression (response category not simulated),29,TA1
S0369,overall response,no progression (response category not simulated),57,TA2
S0369,overall response,no progression (response category not simulated),85,TA3
S0369,overall response,no progression (response category not simulated),113,TA4
S0369,overall response,no progression (response category not simulated),141,TA5
S0369,overall response,no progression (response category not simulated),169,TA6
S0369,overall response,no progression (response category not simulated),197,TA7
S0369,overall response,no progression (response category not simulated),225,TA8
S0369,overall response,no progression (response category not simulated),253,TA9
S0369,overall response,no progression (response category not simulated),281,TA10
S0370,overall response,no progression (response category not simulated),29,TA1
S0370,overall response,no progression (response category not simulated),57,TA2
S0370,overall response,no progression (response category not simulated),85,TA3
S0370,overall response,no progression (response category not simulated),113,TA4
S0370,overall response,no progression (response category not simulated),141,TA5
S0370,overall response,no progression (response category not simulated),169,TA6
S0370,overall response,no progression (response category not simulated),197,TA7
S0370,overall response,no progression (response category not simulated),225,TA8
S0370,overall response,no progression (response category not simulated),253,TA9
S0370,overall response,no progression (response category not simulated),281,TA10
S0370,overall response,no progression (response category not simulated),309,TA11
S0370,overall response,no progression (response category not simulated),337,TA12
S0371,overall response,no progression (response category not simulated),29,TA1
S0371,overall response,no progression (response category not simulated),57,TA2
S0371,overall response,no progression (response category not simulated),85,TA3
S0371,overall response,no progression (response category not simulated),113,TA4
S0371,overall response,no progression (response category not simulated),141,TA5
S0371,overall response,no progression (response category not simulated),169,TA6
S0371,overall response,no progression (response category not simulated),197,TA7
S0371,overall response,no progression (response category not simulated),225,TA8
S0371,overall response,no progression (response category not simulated),253,TA9
S0371,overall response,no progression (response category not simulated),281,TA10
S0371,overall response,no progression (response category not simulated),309,TA11
S0371,overall response,no progression (response category not simulated),337,TA12
S0372,overall response,no progression (response category not simulated),29,TA1
S0372,overall response,no progression (response category not simulated),57,TA2
S0372,overall response,no progression (response category not simulated),85,TA3
S0372,overall response,no progression (response category not simulated),113,TA4
S0372,overall response,no progression (response category not simulated),141,TA5
S0372,overall response,no progression (response category not simulated),169,TA6
S0372,overall response,no progression (response category not simulated),197,TA7
S0372,overall response,no progression (response category not simulated),225,TA8
S0372,overall response,no progression (response category not simulated),253,TA9
S0372,overall response,no progression (response category not simulated),281,TA10
S0372,overall response,progressive disease,309,TA11
S0373,overall response,no progression (response category not simulated),29,TA1
S0373,overall response,no progression (response category not simulated),57,TA2
S0373,overall response,no progression (response category not simulated),85,TA3
S0373,overall response,no progression (response category not simulated),113,TA4
S0373,overall response,no progression (response category not simulated),141,TA5
S0373,overall response,no progression (response category not simulated),169,TA6
S0373,overall response,no progression (response category not simulated),197,TA7
S0373,overall response,no progression (response category not simulated),225,TA8
S0373,overall response,no progression (response category not simulated),253,TA9
S0373,overall response,no progression (response category not simulated),281,TA10
S0373,overall response,no progression (response category not simulated),309,TA11
S0373,overall response,no progression (response category not simulated),337,TA12
S0374,overall response,no progression (response category not simulated),29,TA1
S0374,overall response,no progression (response category not simulated),57,TA2
S0374,overall response,no progression (response category not simulated),85,TA3
S0374,overall response,no progression (response category not simulated),113,TA4
S0374,overall response,no progression (response category not simulated),141,TA5
S0374,overall response,no progression (response category not simulated),169,TA6
S0374,overall response,no progression (response category not simulated),197,TA7
S0374,overall response,no progression (response category not simulated),225,TA8
S0374,overall response,no progression (response category not simulated),253,TA9
S0374,overall response,no progression (response category not simulated),281,TA10
S0374,overall response,no progression (response category not simulated),309,TA11
S0374,overall response,no progression (response category not simulated),337,TA12
S0375,overall response,no progression (response category not simulated),29,TA1
S0375,overall response,no progression (response category not simulated),57,TA2
S0375,overall response,no progression (response category not simulated),85,TA3
S0375,overall response,no progression (response category not simulated),113,TA4
S0375,overall response,no progression (response category not simulated),141,TA5
S0376,overall response,no progression (response category not simulated),29,TA1
S0376,overall response,no progression (response category not simulated),57,TA2
S0376,overall response,no progression (response category not simulated),85,TA3
S0376,overall response,no progression (response category not simulated),113,TA4
S0376,overall response,no progression (response category not simulated),141,TA5
S0376,overall response,no progression (response category not simulated),169,TA6
S0376,overall response,no progression (response category not simulated),197,TA7
S0376,overall response,no progression (response category not simulated),225,TA8
S0376,overall response,no progression (response category not simulated),253,TA9
S0376,overall response,no progression (response category not simulated),281,TA10
S0376,overall response,no progression (response category not simulated),309,TA11
S0376,overall response,no progression (response category not simulated),337,TA12
S0377,overall response,no progression (response category not simulated),29,TA1
S0377,overall response,no progression (response category not simulated),57,TA2
S0377,overall response,no progression (response category not simulated),85,TA3
S0377,overall response,no progression (response category not simulated),113,TA4
S0377,overall response,no progression (response category not simulated),141,TA5
S0377,overall response,no progression (response category not simulated),169,TA6
S0377,overall response,progressive disease,197,TA7
S0378,overall response,no progression (response category not simulated),29,TA1
S0378,overall response,no progression (response category not simulated),57,TA2
S0378,overall response,no progression (response category not simulated),85,TA3
S0378,overall response,no progression (response category not simulated),113,TA4
S0378,overall response,no progression (response category not simulated),141,TA5
S0378,overall response,no progression (response category not simulated),169,TA6
S0378,overall response,no progression (response category not simulated),197,TA7
S0378,overall response,no progression (response category not simulated),225,TA8
S0378,overall response,no progression (response category not simulated),253,TA9
S0378,overall response,no progression (response category not simulated),281,TA10
S0378,overall response,no progression (response category not simulated),309,TA11
S0378,overall response,no progression (response category not simulated),337,TA12
S0379,overall response,no progression (response category not simulated),29,TA1
S0379,overall response,no progression (response category not simulated),57,TA2
S0379,overall response,no progression (response category not simulated),85,TA3
S0379,overall response,no progression (response category not simulated),113,TA4
S0379,overall response,no progression (response category not simulated),141,TA5
S0379,overall response,no progression (response category not simulated),169,TA6
S0379,overall response,no progression (response category not simulated),197,TA7
S0379,overall response,no progression (response category not simulated),225,TA8
S0379,overall response,no progression (response category not simulated),253,TA9
S0379,overall response,no progression (response category not simulated),281,TA10
S0379,overall response,no progression (response category not simulated),309,TA11
S0379,overall response,no progression (response category not simulated),337,TA12
S0380,overall response,no progression (response category not simulated),29,TA1
S0380,overall response,no progression (response category not simulated),57,TA2
S0380,overall response,no progression (response category not simulated),85,TA3
S0380,overall response,no progression (response category not simulated),113,TA4
S0380,overall response,no progression (response category not simulated),141,TA5
S0380,overall response,no progression (response category not simulated),169,TA6
S0380,overall response,no progression (response category not simulated),197,TA7
S0380,overall response,no progression (response category not simulated),225,TA8
S0380,overall response,no progression (response category not simulated),253,TA9
S0380,overall response,no progression (response category not simulated),281,TA10
S0380,overall response,no progression (response category not simulated),309,TA11
S0380,overall response,no progression (response category not simulated),337,TA12
S0381,overall response,progressive disease,29,TA1
S0382,overall response,no progression (response category not simulated),29,TA1
S0382,overall response,no progression (response category not simulated),57,TA2
S0382,overall response,no progression (response category not simulated),85,TA3
S0382,overall response,no progression (response category not simulated),113,TA4
S0382,overall response,no progression (response category not simulated),141,TA5
S0382,overall response,no progression (response category not simulated),169,TA6
S0382,overall response,no progression (response category not simulated),197,TA7
S0382,overall response,no progression (response category not simulated),225,TA8
S0382,overall response,no progression (response category not simulated),253,TA9
S0382,overall response,no progression (response category not simulated),281,TA10
S0382,overall response,no progression (response category not simulated),309,TA11
S0382,overall response,no progression (response category not simulated),337,TA12
S0383,overall response,no progression (response category not simulated),29,TA1
S0383,overall response,no progression (response category not simulated),57,TA2
S0383,overall response,no progression (response category not simulated),85,TA3
S0383,overall response,no progression (response category not simulated),113,TA4
S0383,overall response,no progression (response category not simulated),141,TA5
S0383,overall response,no progression (response category not simulated),169,TA6
S0383,overall response,no progression (response category not simulated),197,TA7
S0383,overall response,no progression (response category not simulated),225,TA8
S0383,overall response,no progression (response category not simulated),253,TA9
S0383,overall response,no progression (response category not simulated),281,TA10
S0383,overall response,no progression (response category not simulated),309,TA11
S0383,overall response,no progression (response category not simulated),337,TA12
S0384,overall response,no progression (response category not simulated),29,TA1
S0385,overall response,no progression (response category not simulated),29,TA1
S0385,overall response,no progression (response category not simulated),57,TA2
S0385,overall response,no progression (response category not simulated),85,TA3
S0385,overall response,no progression (response category not simulated),113,TA4
S0385,overall response,no progression (response category not simulated),141,TA5
S0385,overall response,no progression (response category not simulated),169,TA6
S0385,overall response,no progression (response category not simulated),197,TA7
S0385,overall response,no progression (response category not simulated),225,TA8
S0385,overall response,progressive disease,253,TA9
S0386,overall response,no progression (response category not simulated),29,TA1
S0386,overall response,no progression (response category not simulated),57,TA2
S0386,overall response,no progression (response category not simulated),85,TA3
S0386,overall response,no progression (response category not simulated),113,TA4
S0386,overall response,no progression (response category not simulated),141,TA5
S0386,overall response,no progression (response category not simulated),169,TA6
S0386,overall response,no progression (response category not simulated),197,TA7
S0386,overall response,no progression (response category not simulated),225,TA8
S0386,overall response,no progression (response category not simulated),253,TA9
S0386,overall response,no progression (response category not simulated),281,TA10
S0386,overall response,no progression (response category not simulated),309,TA11
S0386,overall response,no progression (response category not simulated),337,TA12
S0387,overall response,no progression (response category not simulated),29,TA1
S0387,overall response,no progression (response category not simulated),57,TA2
S0387,overall response,no progression (response category not simulated),85,TA3
S0387,overall response,no progression (response category not simulated),113,TA4
S0387,overall response,no progression (response category not simulated),141,TA5
S0387,overall response,no progression (response category not simulated),169,TA6
S0387,overall response,no progression (response category not simulated),197,TA7
S0387,overall response,no progression (response category not simulated),225,TA8
S0387,overall response,no progression (response category not simulated),253,TA9
S0387,overall response,no progression (response category not simulated),281,TA10
S0387,overall response,no progression (response category not simulated),309,TA11
S0387,overall response,no progression (response category not simulated),337,TA12
S0388,overall response,no progression (response category not simulated),29,TA1
S0388,overall response,no progression (response category not simulated),57,TA2
S0389,overall response,no progression (response category not simulated),29,TA1
S0389,overall response,no progression (response category not simulated),57,TA2
S0389,overall response,no progression (response category not simulated),85,TA3
S0389,overall response,no progression (response category not simulated),113,TA4
S0389,overall response,no progression (response category not simulated),141,TA5
S0389,overall response,no progression (response category not simulated),169,TA6
S0389,overall response,no progression (response category not simulated),197,TA7
S0389,overall response,no progression (response category not simulated),225,TA8
S0389,overall response,no progression (response category not simulated),253,TA9
S0389,overall response,no progression (response category not simulated),281,TA10
S0389,overall response,no progression (response category not simulated),309,TA11
S0389,overall response,no progression (response category not simulated),337,TA12
S0390,overall response,no progression (response category not simulated),29,TA1
S0390,overall response,no progression (response category not simulated),57,TA2
S0390,overall response,no progression (response category not simulated),85,TA3
S0390,overall response,no progression (response category not simulated),113,TA4
S0390,overall response,no progression (response category not simulated),141,TA5
S0390,overall response,no progression (response category not simulated),169,TA6
S0390,overall response,no progression (response category not simulated),197,TA7
S0390,overall response,no progression (response category not simulated),225,TA8
S0390,overall response,no progression (response category not simulated),253,TA9
S0390,overall response,no progression (response category not simulated),281,TA10
S0390,overall response,progressive disease,309,TA11
S0391,overall response,no progression (response category not simulated),29,TA1
S0391,overall response,no progression (response category not simulated),57,TA2
S0391,overall response,no progression (response category not simulated),85,TA3
S0391,overall response,no progression (response category not simulated),113,TA4
S0391,overall response,no progression (response category not simulated),141,TA5
S0391,overall response,no progression (response category not simulated),169,TA6
S0391,overall response,no progression (response category not simulated),197,TA7
S0391,overall response,no progression (response category not simulated),225,TA8
S0391,overall response,no progression (response category not simulated),253,TA9
S0391,overall response,no progression (response category not simulated),281,TA10
S0391,overall response,progressive disease,309,TA11
S0392,overall response,no progression (response category not simulated),29,TA1
S0392,overall response,no progression (response category not simulated),57,TA2
S0392,overall response,no progression (response category not simulated),85,TA3
S0392,overall response,no progression (response category not simulated),113,TA4
S0392,overall response,no progression (response category not simulated),141,TA5
S0392,overall response,no progression (response category not simulated),169,TA6
S0392,overall response,no progression (response category not simulated),197,TA7
S0392,overall response,no progression (response category not simulated),225,TA8
S0392,overall response,no progression (response category not simulated),253,TA9
S0392,overall response,no progression (response category not simulated),281,TA10
S0392,overall response,no progression (response category not simulated),309,TA11
S0392,overall response,no progression (response category not simulated),337,TA12
S0393,overall response,no progression (response category not simulated),29,TA1
S0393,overall response,no progression (response category not simulated),57,TA2
S0393,overall response,no progression (response category not simulated),85,TA3
S0393,overall response,no progression (response category not simulated),113,TA4
S0393,overall response,no progression (response category not simulated),141,TA5
S0393,overall response,no progression (response category not simulated),169,TA6
S0393,overall response,no progression (response category not simulated),197,TA7
S0393,overall response,no progression (response category not simulated),225,TA8
S0393,overall response,no progression (response category not simulated),253,TA9
S0393,overall response,no progression (response category not simulated),281,TA10
S0393,overall response,no progression (response category not simulated),309,TA11
S0393,overall response,no progression (response category not simulated),337,TA12
S0394,overall response,no progression (response category not simulated),29,TA1
S0394,overall response,no progression (response category not simulated),57,TA2
S0394,overall response,no progression (response category not simulated),85,TA3
S0394,overall response,no progression (response category not simulated),113,TA4
S0394,overall response,no progression (response category not simulated),141,TA5
S0394,overall response,no progression (response category not simulated),169,TA6
S0394,overall response,progressive disease,197,TA7
S0395,overall response,no progression (response category not simulated),29,TA1
S0395,overall response,no progression (response category not simulated),57,TA2
S0395,overall response,no progression (response category not simulated),85,TA3
S0395,overall response,no progression (response category not simulated),113,TA4
S0395,overall response,no progression (response category not simulated),141,TA5
S0395,overall response,no progression (response category not simulated),169,TA6
S0395,overall response,no progression (response category not simulated),197,TA7
S0395,overall response,no progression (response category not simulated),225,TA8
S0395,overall response,no progression (response category not simulated),253,TA9
S0395,overall response,no progression (response category not simulated),281,TA10
S0396,overall response,no progression (response category not simulated),29,TA1
S0396,overall response,no progression (response category not simulated),57,TA2
S0396,overall response,no progression (response category not simulated),85,TA3
S0396,overall response,no progression (response category not simulated),113,TA4
S0396,overall response,progressive disease,141,TA5
S0397,overall response,no progression (response category not simulated),29,TA1
S0397,overall response,no progression (response category not simulated),57,TA2
S0397,overall response,no progression (response category not simulated),85,TA3
S0397,overall response,no progression (response category not simulated),113,TA4
S0397,overall response,no progression (response category not simulated),141,TA5
S0397,overall response,no progression (response category not simulated),169,TA6
S0397,overall response,no progression (response category not simulated),197,TA7
S0397,overall response,no progression (response category not simulated),225,TA8
S0397,overall response,no progression (response category not simulated),253,TA9
S0397,overall response,no progression (response category not simulated),281,TA10
S0397,overall response,no progression (response category not simulated),309,TA11
S0397,overall response,no progression (response category not simulated),337,TA12
S0398,overall response,no progression (response category not simulated),29,TA1
S0398,overall response,no progression (response category not simulated),57,TA2
S0398,overall response,no progression (response category not simulated),85,TA3
S0398,overall response,progressive disease,113,TA4
S0399,overall response,no progression (response category not simulated),29,TA1
S0399,overall response,no progression (response category not simulated),57,TA2
S0399,overall response,progressive disease,85,TA3
S0400,overall response,no progression (response category not simulated),29,TA1
S0400,overall response,no progression (response category not simulated),57,TA2
S0400,overall response,no progression (response category not simulated),85,TA3
S0400,overall response,no progression (response category not simulated),113,TA4
S0400,overall response,no progression (response category not simulated),141,TA5
S0400,overall response,no progression (response category not simulated),169,TA6
S0400,overall response,no progression (response category not simulated),197,TA7
S0400,overall response,no progression (response category not simulated),225,TA8
S0400,overall response,no progression (response category not simulated),253,TA9
S0400,overall response,no progression (response category not simulated),281,TA10
S0400,overall response,no progression (response category not simulated),309,TA11
S0400,overall response,no progression (response category not simulated),337,TA12
S0401,overall response,no progression (response category not simulated),29,TA1
S0401,overall response,no progression (response category not simulated),57,TA2
S0401,overall response,no progression (response category not simulated),85,TA3
S0401,overall response,no progression (response category not simulated),113,TA4
S0401,overall response,no progression (response category not simulated),141,TA5
S0401,overall response,no progression (response category not simulated),169,TA6
S0401,overall response,no progression (response category not simulated),197,TA7
S0401,overall response,no progression (response category not simulated),225,TA8
S0401,overall response,progressive disease,253,TA9
S0402,overall response,no progression (response category not simulated),29,TA1
S0402,overall response,no progression (response category not simulated),57,TA2
S0403,overall response,no progression (response category not simulated),29,TA1
S0403,overall response,no progression (response category not simulated),57,TA2
S0403,overall response,no progression (response category not simulated),85,TA3
S0404,overall response,no progression (response category not simulated),29,TA1
S0404,overall response,no progression (response category not simulated),57,TA2
S0404,overall response,no progression (response category not simulated),85,TA3
S0404,overall response,no progression (response category not simulated),113,TA4
S0404,overall response,no progression (response category not simulated),141,TA5
S0404,overall response,no progression (response category not simulated),169,TA6
S0404,overall response,no progression (response category not simulated),197,TA7
S0404,overall response,no progression (response category not simulated),225,TA8
S0404,overall response,no progression (response category not simulated),253,TA9
S0404,overall response,no progression (response category not simulated),281,TA10
S0404,overall response,no progression (response category not simulated),309,TA11
S0404,overall response,no progression (response category not simulated),337,TA12
S0406,overall response,no progression (response category not simulated),29,TA1
S0406,overall response,no progression (response category not simulated),57,TA2
S0406,overall response,no progression (response category not simulated),85,TA3
S0406,overall response,no progression (response category not simulated),113,TA4
S0406,overall response,no progression (response category not simulated),141,TA5
S0406,overall response,no progression (response category not simulated),169,TA6
S0406,overall response,no progression (response category not simulated),197,TA7
S0406,overall response,no progression (response category not simulated),225,TA8
S0406,overall response,no progression (response category not simulated),253,TA9
S0406,overall response,no progression (response category not simulated),281,TA10
S0406,overall response,no progression (response category not simulated),309,TA11
S0406,overall response,no progression (response category not simulated),337,TA12
S0407,overall response,no progression (response category not simulated),29,TA1
S0407,overall response,no progression (response category not simulated),57,TA2
S0407,overall response,no progression (response category not simulated),85,TA3
S0407,overall response,no progression (response category not simulated),113,TA4
S0407,overall response,no progression (response category not simulated),141,TA5
S0407,overall response,no progression (response category not simulated),169,TA6
S0407,overall response,no progression (response category not simulated),197,TA7
S0407,overall response,no progression (response category not simulated),225,TA8
S0407,overall response,no progression (response category not simulated),253,TA9
S0407,overall response,no progression (response category not simulated),281,TA10
S0407,overall response,no progression (response category not simulated),309,TA11
S0407,overall response,no progression (response category not simulated),337,TA12
S0408,overall response,no progression (response category not simulated),29,TA1
S0408,overall response,no progression (response category not simulated),57,TA2
S0408,overall response,no progression (response category not simulated),85,TA3
S0408,overall response,no progression (response category not simulated),113,TA4
S0408,overall response,no progression (response category not simulated),141,TA5
S0408,overall response,no progression (response category not simulated),169,TA6
S0408,overall response,no progression (response category not simulated),197,TA7
S0408,overall response,no progression (response category not simulated),225,TA8
S0408,overall response,no progression (response category not simulated),253,TA9
S0408,overall response,no progression (response category not simulated),281,TA10
S0408,overall response,progressive disease,309,TA11
S0409,overall response,no progression (response category not simulated),29,TA1
S0409,overall response,no progression (response category not simulated),57,TA2
S0409,overall response,progressive disease,85,TA3
S0410,overall response,no progression (response category not simulated),29,TA1
S0410,overall response,no progression (response category not simulated),57,TA2
S0410,overall response,no progression (response category not simulated),85,TA3
S0410,overall response,no progression (response category not simulated),113,TA4
S0410,overall response,no progression (response category not simulated),141,TA5
S0410,overall response,no progression (response category not simulated),169,TA6
S0410,overall response,no progression (response category not simulated),197,TA7
S0410,overall response,no progression (response category not simulated),225,TA8
S0410,overall response,no progression (response category not simulated),253,TA9
S0410,overall response,no progression (response category not simulated),281,TA10
S0410,overall response,no progression (response category not simulated),309,TA11
S0410,overall response,no progression (response category not simulated),337,TA12
S0411,overall response,no progression (response category not simulated),29,TA1
S0411,overall response,progressive disease,57,TA2
S0412,overall response,no progression (response category not simulated),29,TA1
S0412,overall response,no progression (response category not simulated),57,TA2
S0412,overall response,no progression (response category not simulated),85,TA3
S0412,overall response,no progression (response category not simulated),113,TA4
S0412,overall response,no progression (response category not simulated),141,TA5
S0412,overall response,no progression (response category not simulated),169,TA6
S0412,overall response,no progression (response category not simulated),197,TA7
S0412,overall response,no progression (response category not simulated),225,TA8
S0412,overall response,no progression (response category not simulated),253,TA9
S0412,overall response,no progression (response category not simulated),281,TA10
S0412,overall response,no progression (response category not simulated),309,TA11
S0412,overall response,no progression (response category not simulated),337,TA12
S0413,overall response,no progression (response category not simulated),29,TA1
S0413,overall response,no progression (response category not simulated),57,TA2
S0413,overall response,no progression (response category not simulated),85,TA3
S0413,overall response,no progression (response category not simulated),113,TA4
S0413,overall response,no progression (response category not simulated),141,TA5
S0413,overall response,no progression (response category not simulated),169,TA6
S0413,overall response,no progression (response category not simulated),197,TA7
S0413,overall response,no progression (response category not simulated),225,TA8
S0413,overall response,no progression (response category not simulated),253,TA9
S0413,overall response,no progression (response category not simulated),281,TA10
S0413,overall response,no progression (response category not simulated),309,TA11
S0413,overall response,no progression (response category not simulated),337,TA12
S0414,overall response,no progression (response category not simulated),29,TA1
S0414,overall response,no progression (response category not simulated),57,TA2
S0414,overall response,no progression (response category not simulated),85,TA3
S0414,overall response,no progression (response category not simulated),113,TA4
S0414,overall response,no progression (response category not simulated),141,TA5
S0414,overall response,no progression (response category not simulated),169,TA6
S0414,overall response,no progression (response category not simulated),197,TA7
S0414,overall response,no progression (response category not simulated),225,TA8
S0414,overall response,no progression (response category not simulated),253,TA9
S0414,overall response,no progression (response category not simulated),281,TA10
S0414,overall response,no progression (response category not simulated),309,TA11
S0414,overall response,no progression (response category not simulated),337,TA12
S0415,overall response,no progression (response category not simulated),29,TA1
S0415,overall response,no progression (response category not simulated),57,TA2
S0415,overall response,no progression (response category not simulated),85,TA3
S0415,overall response,no progression (response category not simulated),113,TA4
S0415,overall response,no progression (response category not simulated),141,TA5
S0415,overall response,no progression (response category not simulated),169,TA6
S0415,overall response,no progression (response category not simulated),197,TA7
S0415,overall response,no progression (response category not simulated),225,TA8
S0415,overall response,no progression (response category not simulated),253,TA9
S0415,overall response,no progression (response category not simulated),281,TA10
S0415,overall response,no progression (response category not simulated),309,TA11
S0415,overall response,no progression (response category not simulated),337,TA12
S0416,overall response,no progression (response category not simulated),29,TA1
S0416,overall response,no progression (response category not simulated),57,TA2
S0417,overall response,no progression (response category not simulated),29,TA1
S0417,overall response,no progression (response category not simulated),57,TA2
S0417,overall response,no progression (response category not simulated),85,TA3
S0417,overall response,no progression (response category not simulated),113,TA4
S0417,overall response,no progression (response category not simulated),141,TA5
S0417,overall response,no progression (response category not simulated),169,TA6
S0417,overall response,no progression (response category not simulated),197,TA7
S0417,overall response,no progression (response category not simulated),225,TA8
S0417,overall response,no progression (response category not simulated),253,TA9
S0417,overall response,no progression (response category not simulated),281,TA10
S0417,overall response,no progression (response category not simulated),309,TA11
S0417,overall response,no progression (response category not simulated),337,TA12
S0418,overall response,no progression (response category not simulated),29,TA1
S0418,overall response,no progression (response category not simulated),57,TA2
S0418,overall response,progressive disease,85,TA3
S0419,overall response,progressive disease,29,TA1
S0420,overall response,no progression (response category not simulated),29,TA1
S0420,overall response,no progression (response category not simulated),57,TA2
S0420,overall response,no progression (response category not simulated),85,TA3
S0420,overall response,no progression (response category not simulated),113,TA4
S0420,overall response,no progression (response category not simulated),141,TA5
S0420,overall response,progressive disease,169,TA6
S0421,overall response,no progression (response category not simulated),29,TA1
S0421,overall response,no progression (response category not simulated),57,TA2
S0421,overall response,no progression (response category not simulated),85,TA3
S0422,overall response,no progression (response category not simulated),29,TA1
S0422,overall response,no progression (response category not simulated),57,TA2
S0422,overall response,no progression (response category not simulated),85,TA3
S0422,overall response,no progression (response category not simulated),113,TA4
S0422,overall response,no progression (response category not simulated),141,TA5
S0422,overall response,no progression (response category not simulated),169,TA6
S0422,overall response,no progression (response category not simulated),197,TA7
S0422,overall response,no progression (response category not simulated),225,TA8
S0422,overall response,no progression (response category not simulated),253,TA9
S0422,overall response,no progression (response category not simulated),281,TA10
S0422,overall response,no progression (response category not simulated),309,TA11
S0422,overall response,no progression (response category not simulated),337,TA12
S0423,overall response,no progression (response category not simulated),29,TA1
S0423,overall response,no progression (response category not simulated),57,TA2
S0423,overall response,no progression (response category not simulated),85,TA3
S0423,overall response,no progression (response category not simulated),113,TA4
S0423,overall response,no progression (response category not simulated),141,TA5
S0423,overall response,no progression (response category not simulated),169,TA6
S0423,overall response,no progression (response category not simulated),197,TA7
S0423,overall response,no progression (response category not simulated),225,TA8
S0423,overall response,no progression (response category not simulated),253,TA9
S0423,overall response,no progression (response category not simulated),281,TA10
S0423,overall response,no progression (response category not simulated),309,TA11
S0423,overall response,no progression (response category not simulated),337,TA12
S0424,overall response,no progression (response category not simulated),29,TA1
S0424,overall response,no progression (response category not simulated),57,TA2
S0424,overall response,no progression (response category not simulated),85,TA3
S0424,overall response,no progression (response category not simulated),113,TA4
S0424,overall response,no progression (response category not simulated),141,TA5
S0424,overall response,no progression (response category not simulated),169,TA6
S0424,overall response,no progression (response category not simulated),197,TA7
S0424,overall response,no progression (response category not simulated),225,TA8
S0424,overall response,no progression (response category not simulated),253,TA9
S0424,overall response,no progression (response category not simulated),281,TA10
S0424,overall response,no progression (response category not simulated),309,TA11
S0424,overall response,no progression (response category not simulated),337,TA12
S0425,overall response,no progression (response category not simulated),29,TA1
S0425,overall response,no progression (response category not simulated),57,TA2
S0425,overall response,no progression (response category not simulated),85,TA3
S0425,overall response,no progression (response category not simulated),113,TA4
S0425,overall response,no progression (response category not simulated),141,TA5
S0425,overall response,no progression (response category not simulated),169,TA6
S0425,overall response,no progression (response category not simulated),197,TA7
S0425,overall response,no progression (response category not simulated),225,TA8
S0425,overall response,no progression (response category not simulated),253,TA9
S0425,overall response,no progression (response category not simulated),281,TA10
S0425,overall response,no progression (response category not simulated),309,TA11
S0425,overall response,no progression (response category not simulated),337,TA12
S0426,overall response,no progression (response category not simulated),29,TA1
S0426,overall response,no progression (response category not simulated),57,TA2
S0426,overall response,no progression (response category not simulated),85,TA3
S0426,overall response,no progression (response category not simulated),113,TA4
S0426,overall response,no progression (response category not simulated),141,TA5
S0426,overall response,no progression (response category not simulated),169,TA6
S0426,overall response,no progression (response category not simulated),197,TA7
S0426,overall response,no progression (response category not simulated),225,TA8
S0426,overall response,no progression (response category not simulated),253,TA9
S0426,overall response,no progression (response category not simulated),281,TA10
S0426,overall response,no progression (response category not simulated),309,TA11
S0426,overall response,no progression (response category not simulated),337,TA12
S0427,overall response,no progression (response category not simulated),29,TA1
S0427,overall response,no progression (response category not simulated),57,TA2
S0427,overall response,no progression (response category not simulated),85,TA3
S0427,overall response,no progression (response category not simulated),113,TA4
S0427,overall response,no progression (response category not simulated),141,TA5
S0427,overall response,no progression (response category not simulated),169,TA6
S0427,overall response,no progression (response category not simulated),197,TA7
S0427,overall response,no progression (response category not simulated),225,TA8
S0427,overall response,no progression (response category not simulated),253,TA9
S0427,overall response,no progression (response category not simulated),281,TA10
S0427,overall response,no progression (response category not simulated),309,TA11
S0427,overall response,no progression (response category not simulated),337,TA12
S0428,overall response,no progression (response category not simulated),29,TA1
S0428,overall response,no progression (response category not simulated),57,TA2
S0428,overall response,progressive disease,85,TA3
S0429,overall response,no progression (response category not simulated),29,TA1
S0429,overall response,no progression (response category not simulated),57,TA2
S0429,overall response,no progression (response category not simulated),85,TA3
S0429,overall response,no progression (response category not simulated),113,TA4
S0429,overall response,no progression (response category not simulated),141,TA5
S0429,overall response,no progression (response category not simulated),169,TA6
S0429,overall response,no progression (response category not simulated),197,TA7
S0429,overall response,no progression (response category not simulated),225,TA8
S0429,overall response,no progression (response category not simulated),253,TA9
S0429,overall response,no progression (response category not simulated),281,TA10
S0429,overall response,no progression (response category not simulated),309,TA11
S0429,overall response,no progression (response category not simulated),337,TA12
S0430,overall response,no progression (response category not simulated),29,TA1
S0431,overall response,no progression (response category not simulated),29,TA1
S0431,overall response,no progression (response category not simulated),57,TA2
S0431,overall response,no progression (response category not simulated),85,TA3
S0431,overall response,no progression (response category not simulated),113,TA4
S0431,overall response,no progression (response category not simulated),141,TA5
S0431,overall response,no progression (response category not simulated),169,TA6
S0431,overall response,no progression (response category not simulated),197,TA7
S0431,overall response,no progression (response category not simulated),225,TA8
S0431,overall response,no progression (response category not simulated),253,TA9
S0431,overall response,no progression (response category not simulated),281,TA10
S0431,overall response,no progression (response category not simulated),309,TA11
S0431,overall response,no progression (response category not simulated),337,TA12
S0432,overall response,no progression (response category not simulated),29,TA1
S0432,overall response,no progression (response category not simulated),57,TA2
S0432,overall response,no progression (response category not simulated),85,TA3
S0432,overall response,no progression (response category not simulated),113,TA4
S0432,overall response,no progression (response category not simulated),141,TA5
S0432,overall response,no progression (response category not simulated),169,TA6
S0432,overall response,no progression (response category not simulated),197,TA7
S0432,overall response,no progression (response category not simulated),225,TA8
S0432,overall response,no progression (response category not simulated),253,TA9
S0432,overall response,progressive disease,281,TA10
S0433,overall response,no progression (response category not simulated),29,TA1
S0433,overall response,no progression (response category not simulated),57,TA2
S0433,overall response,no progression (response category not simulated),85,TA3
S0433,overall response,no progression (response category not simulated),113,TA4
S0433,overall response,progressive disease,141,TA5
S0434,overall response,no progression (response category not simulated),29,TA1
S0434,overall response,no progression (response category not simulated),57,TA2
S0434,overall response,no progression (response category not simulated),85,TA3
S0434,overall response,no progression (response category not simulated),113,TA4
S0434,overall response,no progression (response category not simulated),141,TA5
S0434,overall response,no progression (response category not simulated),169,TA6
S0434,overall response,no progression (response category not simulated),197,TA7
S0434,overall response,no progression (response category not simulated),225,TA8
S0434,overall response,no progression (response category not simulated),253,TA9
S0434,overall response,no progression (response category not simulated),281,TA10
S0434,overall response,no progression (response category not simulated),309,TA11
S0434,overall response,no progression (response category not simulated),337,TA12
S0435,overall response,no progression (response category not simulated),29,TA1
S0435,overall response,no progression (response category not simulated),57,TA2
S0435,overall response,no progression (response category not simulated),85,TA3
S0435,overall response,no progression (response category not simulated),113,TA4
S0435,overall response,no progression (response category not simulated),141,TA5
S0435,overall response,no progression (response category not simulated),169,TA6
S0435,overall response,no progression (response category not simulated),197,TA7
S0435,overall response,no progression (response category not simulated),225,TA8
S0435,overall response,no progression (response category not simulated),253,TA9
S0435,overall response,no progression (response category not simulated),281,TA10
S0435,overall response,no progression (response category not simulated),309,TA11
S0435,overall response,no progression (response category not simulated),337,TA12
S0436,overall response,no progression (response category not simulated),29,TA1
S0436,overall response,no progression (response category not simulated),57,TA2
S0436,overall response,no progression (response category not simulated),85,TA3
S0436,overall response,no progression (response category not simulated),113,TA4
S0436,overall response,no progression (response category not simulated),141,TA5
S0436,overall response,no progression (response category not simulated),169,TA6
S0436,overall response,no progression (response category not simulated),197,TA7
S0436,overall response,no progression (response category not simulated),225,TA8
S0436,overall response,no progression (response category not simulated),253,TA9
S0436,overall response,no progression (response category not simulated),281,TA10
S0436,overall response,no progression (response category not simulated),309,TA11
S0436,overall response,no progression (response category not simulated),337,TA12
S0437,overall response,no progression (response category not simulated),29,TA1
S0437,overall response,no progression (response category not simulated),57,TA2
S0437,overall response,no progression (response category not simulated),85,TA3
S0437,overall response,no progression (response category not simulated),113,TA4
S0437,overall response,no progression (response category not simulated),141,TA5
S0437,overall response,no progression (response category not simulated),169,TA6
S0437,overall response,no progression (response category not simulated),197,TA7
S0437,overall response,no progression (response category not simulated),225,TA8
S0437,overall response,no progression (response category not simulated),253,TA9
S0437,overall response,no progression (response category not simulated),281,TA10
S0437,overall response,no progression (response category not simulated),309,TA11
S0437,overall response,no progression (response category not simulated),337,TA12
S0438,overall response,no progression (response category not simulated),29,TA1
S0438,overall response,no progression (response category not simulated),57,TA2
S0438,overall response,no progression (response category not simulated),85,TA3
S0438,overall response,no progression (response category not simulated),113,TA4
S0438,overall response,no progression (response category not simulated),141,TA5
S0438,overall response,no progression (response category not simulated),169,TA6
S0438,overall response,no progression (response category not simulated),197,TA7
S0438,overall response,no progression (response category not simulated),225,TA8
S0439,overall response,no progression (response category not simulated),29,TA1
S0439,overall response,no progression (response category not simulated),57,TA2
S0439,overall response,no progression (response category not simulated),85,TA3
S0439,overall response,no progression (response category not simulated),113,TA4
S0439,overall response,no progression (response category not simulated),141,TA5
S0439,overall response,no progression (response category not simulated),169,TA6
S0439,overall response,no progression (response category not simulated),197,TA7
S0439,overall response,no progression (response category not simulated),225,TA8
S0439,overall response,no progression (response category not simulated),253,TA9
S0439,overall response,no progression (response category not simulated),281,TA10
S0439,overall response,no progression (response category not simulated),309,TA11
S0439,overall response,no progression (response category not simulated),337,TA12
S0440,overall response,no progression (response category not simulated),29,TA1
S0440,overall response,no progression (response category not simulated),57,TA2
S0440,overall response,no progression (response category not simulated),85,TA3
S0440,overall response,no progression (response category not simulated),113,TA4
S0440,overall response,no progression (response category not simulated),141,TA5
S0440,overall response,no progression (response category not simulated),169,TA6
S0440,overall response,no progression (response category not simulated),197,TA7
S0440,overall response,no progression (response category not simulated),225,TA8
S0440,overall response,no progression (response category not simulated),253,TA9
S0440,overall response,no progression (response category not simulated),281,TA10
S0440,overall response,no progression (response category not simulated),309,TA11
S0440,overall response,no progression (response category not simulated),337,TA12
S0441,overall response,no progression (response category not simulated),29,TA1
S0441,overall response,no progression (response category not simulated),57,TA2
S0441,overall response,no progression (response category not simulated),85,TA3
S0441,overall response,no progression (response category not simulated),113,TA4
S0441,overall response,no progression (response category not simulated),141,TA5
S0441,overall response,no progression (response category not simulated),169,TA6
S0441,overall response,no progression (response category not simulated),197,TA7
S0441,overall response,no progression (response category not simulated),225,TA8
S0441,overall response,no progression (response category not simulated),253,TA9
S0441,overall response,no progression (response category not simulated),281,TA10
S0441,overall response,no progression (response category not simulated),309,TA11
S0441,overall response,no progression (response category not simulated),337,TA12
S0442,overall response,no progression (response category not simulated),29,TA1
S0442,overall response,no progression (response category not simulated),57,TA2
S0442,overall response,no progression (response category not simulated),85,TA3
S0442,overall response,no progression (response category not simulated),113,TA4
S0442,overall response,no progression (response category not simulated),141,TA5
S0442,overall response,no progression (response category not simulated),169,TA6
S0442,overall response,no progression (response category not simulated),197,TA7
S0442,overall response,no progression (response category not simulated),225,TA8
S0442,overall response,no progression (response category not simulated),253,TA9
S0442,overall response,no progression (response category not simulated),281,TA10
S0442,overall response,no progression (response category not simulated),309,TA11
S0442,overall response,no progression (response category not simulated),337,TA12
S0443,overall response,no progression (response category not simulated),29,TA1
S0443,overall response,no progression (response category not simulated),57,TA2
S0443,overall response,no progression (response category not simulated),85,TA3
S0443,overall response,no progression (response category not simulated),113,TA4
S0443,overall response,no progression (response category not simulated),141,TA5
S0443,overall response,no progression (response category not simulated),169,TA6
S0443,overall response,no progression (response category not simulated),197,TA7
S0443,overall response,no progression (response category not simulated),225,TA8
S0443,overall response,no progression (response category not simulated),253,TA9
S0443,overall response,no progression (response category not simulated),281,TA10
S0443,overall response,no progression (response category not simulated),309,TA11
S0443,overall response,no progression (response category not simulated),337,TA12
S0444,overall response,no progression (response category not simulated),29,TA1
S0444,overall response,no progression (response category not simulated),57,TA2
S0444,overall response,no progression (response category not simulated),85,TA3
S0444,overall response,no progression (response category not simulated),113,TA4
S0444,overall response,no progression (response category not simulated),141,TA5
S0444,overall response,no progression (response category not simulated),169,TA6
S0444,overall response,no progression (response category not simulated),197,TA7
S0444,overall response,no progression (response category not simulated),225,TA8
S0444,overall response,no progression (response category not simulated),253,TA9
S0444,overall response,no progression (response category not simulated),281,TA10
S0444,overall response,no progression (response category not simulated),309,TA11
S0444,overall response,no progression (response category not simulated),337,TA12
S0445,overall response,no progression (response category not simulated),29,TA1
S0445,overall response,no progression (response category not simulated),57,TA2
S0445,overall response,no progression (response category not simulated),85,TA3
S0445,overall response,no progression (response category not simulated),113,TA4
S0445,overall response,no progression (response category not simulated),141,TA5
S0445,overall response,no progression (response category not simulated),169,TA6
S0445,overall response,progressive disease,197,TA7
S0446,overall response,no progression (response category not simulated),29,TA1
S0446,overall response,no progression (response category not simulated),57,TA2
S0446,overall response,no progression (response category not simulated),85,TA3
S0446,overall response,no progression (response category not simulated),113,TA4
S0446,overall response,no progression (response category not simulated),141,TA5
S0446,overall response,no progression (response category not simulated),169,TA6
S0446,overall response,no progression (response category not simulated),197,TA7
S0446,overall response,no progression (response category not simulated),225,TA8
S0446,overall response,no progression (response category not simulated),253,TA9
S0446,overall response,no progression (response category not simulated),281,TA10
S0446,overall response,no progression (response category not simulated),309,TA11
S0446,overall response,no progression (response category not simulated),337,TA12
S0447,overall response,no progression (response category not simulated),29,TA1
S0447,overall response,no progression (response category not simulated),57,TA2
S0447,overall response,no progression (response category not simulated),85,TA3
S0447,overall response,no progression (response category not simulated),113,TA4
S0447,overall response,no progression (response category not simulated),141,TA5
S0447,overall response,no progression (response category not simulated),169,TA6
S0447,overall response,no progression (response category not simulated),197,TA7
S0447,overall response,no progression (response category not simulated),225,TA8
S0447,overall response,no progression (response category not simulated),253,TA9
S0447,overall response,no progression (response category not simulated),281,TA10
S0447,overall response,no progression (response category not simulated),309,TA11
S0447,overall response,no progression (response category not simulated),337,TA12
S0448,overall response,no progression (response category not simulated),29,TA1
S0448,overall response,no progression (response category not simulated),57,TA2
S0448,overall response,no progression (response category not simulated),85,TA3
S0448,overall response,no progression (response category not simulated),113,TA4
S0448,overall response,no progression (response category not simulated),141,TA5
S0448,overall response,no progression (response category not simulated),169,TA6
S0448,overall response,no progression (response category not simulated),197,TA7
S0448,overall response,no progression (response category not simulated),225,TA8
S0448,overall response,no progression (response category not simulated),253,TA9
S0448,overall response,no progression (response category not simulated),281,TA10
S0448,overall response,no progression (response category not simulated),309,TA11
S0448,overall response,no progression (response category not simulated),337,TA12
S0449,overall response,no progression (response category not simulated),29,TA1
S0449,overall response,no progression (response category not simulated),57,TA2
S0449,overall response,no progression (response category not simulated),85,TA3
S0449,overall response,no progression (response category not simulated),113,TA4
S0449,overall response,no progression (response category not simulated),141,TA5
S0449,overall response,no progression (response category not simulated),169,TA6
S0449,overall response,no progression (response category not simulated),197,TA7
S0449,overall response,no progression (response category not simulated),225,TA8
S0449,overall response,no progression (response category not simulated),253,TA9
S0449,overall response,no progression (response category not simulated),281,TA10
S0449,overall response,no progression (response category not simulated),309,TA11
S0449,overall response,no progression (response category not simulated),337,TA12
S0450,overall response,no progression (response category not simulated),29,TA1
S0450,overall response,no progression (response category not simulated),57,TA2
S0450,overall response,no progression (response category not simulated),85,TA3
S0450,overall response,no progression (response category not simulated),113,TA4
S0450,overall response,no progression (response category not simulated),141,TA5
S0450,overall response,no progression (response category not simulated),169,TA6
S0450,overall response,no progression (response category not simulated),197,TA7
S0450,overall response,no progression (response category not simulated),225,TA8
S0450,overall response,no progression (response category not simulated),253,TA9
S0450,overall response,no progression (response category not simulated),281,TA10
S0450,overall response,no progression (response category not simulated),309,TA11
S0450,overall response,no progression (response category not simulated),337,TA12
S0451,overall response,no progression (response category not simulated),29,TA1
S0451,overall response,no progression (response category not simulated),57,TA2
S0451,overall response,no progression (response category not simulated),85,TA3
S0451,overall response,no progression (response category not simulated),113,TA4
S0451,overall response,no progression (response category not simulated),141,TA5
S0451,overall response,no progression (response category not simulated),169,TA6
S0451,overall response,no progression (response category not simulated),197,TA7
S0451,overall response,no progression (response category not simulated),225,TA8
S0451,overall response,no progression (response category not simulated),253,TA9
S0451,overall response,no progression (response category not simulated),281,TA10
S0451,overall response,no progression (response category not simulated),309,TA11
S0451,overall response,no progression (response category not simulated),337,TA12
S0452,overall response,no progression (response category not simulated),29,TA1
S0452,overall response,no progression (response category not simulated),57,TA2
S0452,overall response,no progression (response category not simulated),85,TA3
S0452,overall response,no progression (response category not simulated),113,TA4
S0452,overall response,no progression (response category not simulated),141,TA5
S0452,overall response,no progression (response category not simulated),169,TA6
S0452,overall response,no progression (response category not simulated),197,TA7
S0452,overall response,no progression (response category not simulated),225,TA8
S0452,overall response,no progression (response category not simulated),253,TA9
S0452,overall response,progressive disease,281,TA10
S0453,overall response,no progression (response category not simulated),29,TA1
S0453,overall response,no progression (response category not simulated),57,TA2
S0453,overall response,no progression (response category not simulated),85,TA3
S0453,overall response,no progression (response category not simulated),113,TA4
S0453,overall response,no progression (response category not simulated),141,TA5
S0453,overall response,no progression (response category not simulated),169,TA6
S0453,overall response,no progression (response category not simulated),197,TA7
S0453,overall response,no progression (response category not simulated),225,TA8
S0454,overall response,no progression (response category not simulated),29,TA1
S0454,overall response,no progression (response category not simulated),57,TA2
S0454,overall response,no progression (response category not simulated),85,TA3
S0454,overall response,no progression (response category not simulated),113,TA4
S0454,overall response,no progression (response category not simulated),141,TA5
S0454,overall response,no progression (response category not simulated),169,TA6
S0454,overall response,no progression (response category not simulated),197,TA7
S0454,overall response,no progression (response category not simulated),225,TA8
S0454,overall response,no progression (response category not simulated),253,TA9
S0454,overall response,no progression (response category not simulated),281,TA10
S0454,overall response,no progression (response category not simulated),309,TA11
S0454,overall response,no progression (response category not simulated),337,TA12
S0455,overall response,no progression (response category not simulated),29,TA1
S0455,overall response,no progression (response category not simulated),57,TA2
S0455,overall response,no progression (response category not simulated),85,TA3
S0455,overall response,no progression (response category not simulated),113,TA4
S0455,overall response,no progression (response category not simulated),141,TA5
S0455,overall response,no progression (response category not simulated),169,TA6
S0455,overall response,no progression (response category not simulated),197,TA7
S0455,overall response,no progression (response category not simulated),225,TA8
S0455,overall response,no progression (response category not simulated),253,TA9
S0455,overall response,no progression (response category not simulated),281,TA10
S0455,overall response,no progression (response category not simulated),309,TA11
S0455,overall response,no progression (response category not simulated),337,TA12
S0456,overall response,progressive disease,29,TA1
S0457,overall response,no progression (response category not simulated),29,TA1
S0457,overall response,no progression (response category not simulated),57,TA2
S0457,overall response,no progression (response category not simulated),85,TA3
S0457,overall response,progressive disease,113,TA4
S0458,overall response,no progression (response category not simulated),29,TA1
S0458,overall response,no progression (response category not simulated),57,TA2
S0458,overall response,no progression (response category not simulated),85,TA3
S0458,overall response,no progression (response category not simulated),113,TA4
S0458,overall response,no progression (response category not simulated),141,TA5
S0458,overall response,no progression (response category not simulated),169,TA6
S0458,overall response,no progression (response category not simulated),197,TA7
S0458,overall response,no progression (response category not simulated),225,TA8
S0458,overall response,no progression (response category not simulated),253,TA9
S0458,overall response,no progression (response category not simulated),281,TA10
S0458,overall response,no progression (response category not simulated),309,TA11
S0458,overall response,no progression (response category not simulated),337,TA12
S0459,overall response,no progression (response category not simulated),29,TA1
S0459,overall response,no progression (response category not simulated),57,TA2
S0459,overall response,no progression (response category not simulated),85,TA3
S0459,overall response,no progression (response category not simulated),113,TA4
S0459,overall response,no progression (response category not simulated),141,TA5
S0459,overall response,no progression (response category not simulated),169,TA6
S0459,overall response,no progression (response category not simulated),197,TA7
S0459,overall response,no progression (response category not simulated),225,TA8
S0459,overall response,no progression (response category not simulated),253,TA9
S0459,overall response,no progression (response category not simulated),281,TA10
S0459,overall response,no progression (response category not simulated),309,TA11
S0459,overall response,no progression (response category not simulated),337,TA12
S0460,overall response,no progression (response category not simulated),29,TA1
S0460,overall response,no progression (response category not simulated),57,TA2
S0460,overall response,no progression (response category not simulated),85,TA3
S0460,overall response,no progression (response category not simulated),113,TA4
S0460,overall response,no progression (response category not simulated),141,TA5
S0460,overall response,no progression (response category not simulated),169,TA6
S0460,overall response,no progression (response category not simulated),197,TA7
S0460,overall response,no progression (response category not simulated),225,TA8
S0460,overall response,no progression (response category not simulated),253,TA9
S0460,overall response,no progression (response category not simulated),281,TA10
S0460,overall response,no progression (response category not simulated),309,TA11
S0460,overall response,no progression (response category not simulated),337,TA12
