USUBJID,LBTEST,LBORRES,LBDY,VISIT,BASIS
S0001,Absolute neutrophil count,within normal limits (value not simulated: no evidence),-7,SCREENING,assumption
S0001,Platelet count,within normal limits (value not simulated: no evidence),-7,SCREENING,assumption
S0001,Hemoglobin,within normal limits (value not simulated: no evidence),-7,SCREENING,assumption
S0001,ALT,within normal limits (value not simulated: no evidence),-7,SCREENING,assumption
S0001,Creatinine,within normal limits (value not simulated: no evidence),-7,SCREENING,assumption
S0001,Absolute neutrophil count,1.77 10^9/L (grade 1),120,C5D8,assumption
S0001,Platelet count,89.11 10^9/L (grade 1),128,C5D16,assumption
S0001,Absolute neutrophil count,1.24 10^9/L (grade 2),155,C6D15,assumption
S0001,ALT,4.84 x ULN (grade 2),178,unscheduled,assumption
S0002,Absolute neutrophil count,within normal limits (value not simulated: no evidence),-7,SCREENING,assumption
S0002,Platelet count,within normal limits (value not simulated: no evidence),-7,SCREENING,assumption
S0002,Hemoglobin,within normal limits (value not simulated: no evidence),-7,SCREENING,assumption
S0002,ALT,within normal limits (value not simulated: no evidence),-7,SCREENING,assumption
S0002,Creatinine,within normal limits (value not simulated: no evidence),-7,SCREENING,assumption
S0003,Absolute neutrophil count,within normal limits (value not simulated: no evidence),-7,SCREENING,assumption
S0003,Platelet count,within normal limits (value not simulated: no evidence),-7,SCREENING,assumption
S0003,Hemoglobin,within normal limits (value not simulated: no evidence),-7,SCREENING,assumption
S0003,ALT,within normal limits (value not simulated: no evidence),-7,SCREENING,assumption
S0003,Creatinine,within normal limits (value not simulated: no evidence),-7,SCREENING,assumption
S0004,Absolute neutrophil count,within normal limits (value not simulated: no evidence),-7,SCREENING,assumption
S0004,Platelet count,within normal limits (value not simulated: no evidence),-7,SCREENING,assumption
S0004,Hemoglobin,within normal limits (value not simulated: no evidence),-7,SCREENING,assumption
S0004,ALT,within normal limits (value not simulated: no evidence),-7,SCREENING,assumption
S0004,Creatinine,within normal limits (value not simulated: no evidence),-7,SCREENING,assumption
S0004,Hemoglobin,10.41 g/dL (grade 1),100,C4D16,assumption
S0005,Absolute neutrophil count,within normal limits (value not simulated: no evidence),-7,SCREENING,assumption
S0005,Platelet count,within normal limits (value not simulated: no evidence),-7,SCREENING,assumption
S0005,Hemoglobin,within normal limits (value not simulated: no evidence),-7,SCREENING,assumption
S0005,ALT,within normal limits (value not simulated: no evidence),-7,SCREENING,assumption
S0005,Creatinine,within normal limits (value not simulated: no evidence),-7,SCREENING,assumption
S0005,ALT,3.96 x ULN (grade 2),72,C3D16,assumption
S0005,Hemoglobin,9.2 g/dL (grade 2),80,C3D24,assumption
S0005,Absolute neutrophil count,1.48 10^9/L (grade 2),145,C6D5,assumption
S0006,Absolute neutrophil count,within normal limits (value not simulated: no evidence),-7,SCREENING,assumption
S0006,Platelet count,within normal limits (value not simulated: no evidence),-7,SCREENING,assumption
S0006,Hemoglobin,within normal limits (value not simulated: no evidence),-7,SCREENING,assumption
S0006,ALT,within normal limits (value not simulated: no evidence),-7,SCREENING,assumption
S0006,Creatinine,within normal limits (value not simulated: no evidence),-7,SCREENING,assumption
S0006,Platelet count,99.82 10^9/L (grade 1),65,C3D9,assumption
S0006,Absolute neutrophil count,1.36 10^9/L (grade 2),158,C6D18,assumption
S0007,Absolute neutrophil count,within normal limits (value not simulated: no evidence),-7,SCREENING,assumption
S0007,Platelet count,within normal limits (value not simulated: no evidence),-7,SCREENING,assumption
S0007,Hemoglobin,within normal limits (value not simulated: no evidence),-7,SCREENING,assumption
S0007,ALT,within normal limits (value not simulated: no evidence),-7,SCREENING,assumption
S0007,Creatinine,within normal limits (value not simulated: no evidence),-7,SCREENING,assumption
S0007,Absolute neutrophil count,1.86 10^9/L (grade 1),77,C3D21,assumption
S0007,Hemoglobin,9.22 g/dL (grade 2),141,C6D1,assumption
S0008,Absolute neutrophil count,within normal limits (value not simulated: no evidence),-7,SCREENING,assumption
S0008,Platelet count,within normal limits (value not simulated: no evidence),-7,SCREENING,assumption
S0008,Hemoglobin,within normal limits (value not simulated: no evidence),-7,SCREENING,assumption
S0008,ALT,within normal limits (value not simulated: no evidence),-7,SCREENING,assumption
S0008,Creatinine,within normal limits (value not simulated: no evidence),-7,SCREENING,assumption
S0008,Absolute neutrophil count,1.31 10^9/L (grade 2),24,C1D24,assumption
S0008,Hemoglobin,11.66 g/dL (grade 1),54,C2D26,assumption
S0008,Platelet count,66.44 10^9/L (grade 2),85,C4D1,assumption
S0008,Absolute neutrophil count,1.26 10^9/L (grade 2),165,C6D25,assumption
S0009,Absolute neutrophil count,within normal limits (value not simulated: no evidence),-7,SCREENING,assumption
S0009,Platelet count,within normal limits (value not simulated: no evidence),-7,SCREENING,assumption
S0009,Hemoglobin,within normal limits (value not simulated: no evidence),-7,SCREENING,assumption
S0009,ALT,within normal limits (value not simulated: no evidence),-7,SCREENING,assumption
S0009,Creatinine,within normal limits (value not simulated: no evidence),-7,SCREENING,assumption
S0009,Absolute neutrophil count,1.37 10^9/L (grade 2),18,C1D18,assumption
S0009,Absolute neutrophil count,1.95 10^9/L (grade 1),53,C2D25,assumption
S0010,Absolute neutrophil count,within normal limits (value not simulated: no evidence),-7,SCREENING,assumption
S0010,Platelet count,within normal limits (value not simulated: no evidence),-7,SCREENING,assumption
S0010,Hemoglobin,within normal limits (value not simulated: no evidence),-7,SCREENING,assumption
S0010,ALT,within normal limits (value not simulated: no evidence),-7,SCREENING,assumption
S0010,Creatinine,within normal limits (value not simulated: no evidence),-7,SCREENING,assumption
S0010,Absolute neutrophil count,1.81 10^9/L (grade 1),142,C6D2,assumption
S0010,Absolute neutrophil count,0.95 10^9/L (grade 3),183,unscheduled,assumption
S0011,Absolute neutrophil count,within normal limits (value not simulated: no evidence),-7,SCREENING,assumption
S0011,Platelet count,within normal limits (value not simulated: no evidence),-7,SCREENING,assumption
S0011,Hemoglobin,within normal limits (value not simulated: no evidence),-7,SCREENING,assumption
S0011,ALT,within normal limits (value not simulated: no evidence),-7,SCREENING,assumption
S0011,Creatinine,within normal limits (value not simulated: no evidence),-7,SCREENING,assumption
S0012,Absolute neutrophil count,within normal limits (value not simulated: no evidence),-7,SCREENING,assumption
S0012,Platelet count,within normal limits (value not simulated: no evidence),-7,SCREENING,assumption
S0012,Hemoglobin,within normal limits (value not simulated: no evidence),-7,SCREENING,assumption
S0012,ALT,within normal limits (value not simulated: no evidence),-7,SCREENING,assumption
S0012,Creatinine,within normal limits (value not simulated: no evidence),-7,SCREENING,assumption
S0013,Absolute neutrophil count,within normal limits (value not simulated: no evidence),-7,SCREENING,assumption
S0013,Platelet count,within normal limits (value not simulated: no evidence),-7,SCREENING,assumption
S0013,Hemoglobin,within normal limits (value not simulated: no evidence),-7,SCREENING,assumption
S0013,ALT,within normal limits (value not simulated: no evidence),-7,SCREENING,assumption
S0013,Creatinine,within normal limits (value not simulated: no evidence),-7,SCREENING,assumption
S0014,Absolute neutrophil count,within normal limits (value not simulated: no evidence),-7,SCREENING,assumption
S0014,Platelet count,within normal limits (value not simulated: no evidence),-7,SCREENING,assumption
S0014,Hemoglobin,within normal limits (value not simulated: no evidence),-7,SCREENING,assumption
S0014,ALT,within normal limits (value not simulated: no evidence),-7,SCREENING,assumption
S0014,Creatinine,within normal limits (value not simulated: no evidence),-7,SCREENING,assumption
S0014,ALT,4.92 x ULN (grade 2),18,C1D18,assumption
S0014,White blood cell count,1.29 10^9/L (grade 3),43,C2D15,assumption
S0014,Absolute neutrophil count,1.26 10^9/L (grade 2),115,C5D3,assumption
S0014,Hemoglobin,11.53 g/dL (grade 1),116,C5D4,assumption
S0015,Absolute neutrophil count,within normal limits (value not simulated: no evidence),-7,SCREENING,assumption
S0015,Platelet count,within normal limits (value not simulated: no evidence),-7,SCREENING,assumption
S0015,Hemoglobin,within normal limits (value not simulated: no evidence),-7,SCREENING,assumption
S0015,ALT,within normal limits (value not simulated: no evidence),-7,SCREENING,assumption
S0015,Creatinine,within normal limits (value not simulated: no evidence),-7,SCREENING,assumption
S0015,Absolute neutrophil count,1.85 10^9/L (grade 1),33,C2D5,assumption
S0015,Platelet count,60.55 10^9/L (grade 2),48,C2D20,assumption
S0016,Absolute neutrophil count,within normal limits (value not simulated: no evidence),-7,SCREENING,assumption
S0016,Platelet count,within normal limits (value not simulated: no evidence),-7,SCREENING,assumption
S0016,Hemoglobin,within normal limits (value not simulated: no evidence),-7,SCREENING,assumption
S0016,ALT,within normal limits (value not simulated: no evidence),-7,SCREENING,assumption
S0016,Creatinine,within normal limits (value not simulated: no evidence),-7,SCREENING,assumption
S0017,Absolute neutrophil count,within normal limits (value not simulated: no evidence),-7,SCREENING,assumption
S0017,Platelet count,within normal limits (value not simulated: no evidence),-7,SCREENING,assumption
S0017,Hemoglobin,within normal limits (value not simulated: no evidence),-7,SCREENING,assumption
S0017,ALT,within normal limits (value not simulated: no evidence),-7,SCREENING,assumption
S0017,Creatinine,within normal limits (value not simulated: no evidence),-7,SCREENING,assumption
S0017,Hemoglobin,11.48 g/dL (grade 1),97,C4D13,assumption
S0017,Platelet count,52.05 10^9/L (grade 2),122,C5D10,assumption
S0017,Absolute neutrophil count,1.38 10^9/L (grade 2),165,C6D25,assumption
S0018,Absolute neutrophil count,within normal limits (value not simulated: no evidence),-7,SCREENING,assumption
S0018,Platelet count,within normal limits (value not simulated: no evidence),-7,SCREENING,assumption
S0018,Hemoglobin,within normal limits (value not simulated: no evidence),-7,SCREENING,assumption
S0018,ALT,within normal limits (value not simulated: no evidence),-7,SCREENING,assumption
S0018,Creatinine,within normal limits (value not simulated: no evidence),-7,SCREENING,assumption
S0018,Absolute neutrophil count,1.02 10^9/L (grade 2),125,C5D13,assumption
S0018,Absolute neutrophil count,1.36 10^9/L (grade 2),146,C6D6,assumption
S0018,Platelet count,88.19 10^9/L (grade 1),148,C6D8,assumption
S0019,Absolute neutrophil count,within normal limits (value not simulated: no evidence),-7,SCREENING,assumption
S0019,Platelet count,within normal limits (value not simulated: no evidence),-7,SCREENING,assumption
S0019,Hemoglobin,within normal limits (value not simulated: no evidence),-7,SCREENING,assumption
S0019,ALT,within normal limits (value not simulated: no evidence),-7,SCREENING,assumption
S0019,Creatinine,within normal limits (value not simulated: no evidence),-7,SCREENING,assumption
S0019,Hemoglobin,10.6 g/dL (grade 1),39,C2D11,assumption
S0019,Absolute neutrophil count,1.34 10^9/L (grade 2),55,C2D27,assumption
S0019,ALT,4.03 x ULN (grade 2),56,C2D28,assumption
S0020,Absolute neutrophil count,within normal limits (value not simulated: no evidence),-7,SCREENING,assumption
S0020,Platelet count,within normal limits (value not simulated: no evidence),-7,SCREENING,assumption
S0020,Hemoglobin,within normal limits (value not simulated: no evidence),-7,SCREENING,assumption
S0020,ALT,within normal limits (value not simulated: no evidence),-7,SCREENING,assumption
S0020,Creatinine,within normal limits (value not simulated: no evidence),-7,SCREENING,assumption
S0020,Hemoglobin,10.13 g/dL (grade 1),36,C2D8,assumption
S0020,Absolute neutrophil count,1.82 10^9/L (grade 1),178,unscheduled,assumption
S0021,Absolute neutrophil count,within normal limits (value not simulated: no evidence),-7,SCREENING,assumption
S0021,Platelet count,within normal limits (value not simulated: no evidence),-7,SCREENING,assumption
S0021,Hemoglobin,within normal limits (value not simulated: no evidence),-7,SCREENING,assumption
S0021,ALT,within normal limits (value not simulated: no evidence),-7,SCREENING,assumption
S0021,Creatinine,within normal limits (value not simulated: no evidence),-7,SCREENING,assumption
S0021,Platelet count,143.57 10^9/L (grade 1),28,C1D28,assumption
S0021,Absolute neutrophil count,1.63 10^9/L (grade 1),32,C2D4,assumption
S0021,ALT,9.61 x ULN (grade 3),94,C4D10,assumption
S0021,Absolute neutrophil count,1.22 10^9/L (grade 2),104,C4D20,assumption
S0022,Absolute neutrophil count,within normal limits (value not simulated: no evidence),-7,SCREENING,assumption
S0022,Platelet count,within normal limits (value not simulated: no evidence),-7,SCREENING,assumption
S0022,Hemoglobin,within normal limits (value not simulated: no evidence),-7,SCREENING,assumption
S0022,ALT,within normal limits (value not simulated: no evidence),-7,SCREENING,assumption
S0022,Creatinine,within normal limits (value not simulated: no evidence),-7,SCREENING,assumption
S0022,Absolute neutrophil count,1.53 10^9/L (grade 1),117,C5D5,assumption
S0023,Absolute neutrophil count,within normal limits (value not simulated: no evidence),-7,SCREENING,assumption
S0023,Platelet count,within normal limits (value not simulated: no evidence),-7,SCREENING,assumption
S0023,Hemoglobin,within normal limits (value not simulated: no evidence),-7,SCREENING,assumption
S0023,ALT,within normal limits (value not simulated: no evidence),-7,SCREENING,assumption
S0023,Creatinine,within normal limits (value not simulated: no evidence),-7,SCREENING,assumption
S0023,Hemoglobin,9.77 g/dL (grade 2),30,C2D2,assumption
S0024,Absolute neutrophil count,within normal limits (value not simulated: no evidence),-7,SCREENING,assumption
S0024,Platelet count,within normal limits (value not simulated: no evidence),-7,SCREENING,assumption
S0024,Hemoglobin,within normal limits (value not simulated: no evidence),-7,SCREENING,assumption
S0024,ALT,within normal limits (value not simulated: no evidence),-7,SCREENING,assumption
S0024,Creatinine,within normal limits (value not simulated: no evidence),-7,SCREENING,assumption
S0024,Absolute neutrophil count,1.58 10^9/L (grade 1),5,C1D5,assumption
S0024,Platelet count,65.77 10^9/L (grade 2),37,C2D9,assumption
S0024,White blood cell count,1.11 10^9/L (grade 3),87,C4D3,assumption
S0024,Absolute neutrophil count,1.8 10^9/L (grade 1),130,C5D18,assumption
S0025,Absolute neutrophil count,within normal limits (value not simulated: no evidence),-7,SCREENING,assumption
S0025,Platelet count,within normal limits (value not simulated: no evidence),-7,SCREENING,assumption
S0025,Hemoglobin,within normal limits (value not simulated: no evidence),-7,SCREENING,assumption
S0025,ALT,within normal limits (value not simulated: no evidence),-7,SCREENING,assumption
S0025,Creatinine,within normal limits (value not simulated: no evidence),-7,SCREENING,assumption
S0026,Absolute neutrophil count,within normal limits (value not simulated: no evidence),-7,SCREENING,assumption
S0026,Platelet count,within normal limits (value not simulated: no evidence),-7,SCREENING,assumption
S0026,Hemoglobin,within normal limits (value not simulated: no evidence),-7,SCREENING,assumption
S0026,ALT,within normal limits (value not simulated: no evidence),-7,SCREENING,assumption
S0026,Creatinine,within normal limits (value not simulated: no evidence),-7,SCREENING,assumption
S0026,Absolute neutrophil count,1.23 10^9/L (grade 2),151,C6D11,assumption
S0026,Absolute neutrophil count,1.4 10^9/L (grade 2),194,unscheduled,assumption
S0027,Absolute neutrophil count,within normal limits (value not simulated: no evidence),-7,SCREENING,assumption
S0027,Platelet count,within normal limits (value not simulated: no evidence),-7,SCREENING,assumption
S0027,Hemoglobin,within normal limits (value not simulated: no evidence),-7,SCREENING,assumption
S0027,ALT,within normal limits (value not simulated: no evidence),-7,SCREENING,assumption
S0027,Creatinine,within normal limits (value not simulated: no evidence),-7,SCREENING,assumption
S0027,Absolute neutrophil count,1.86 10^9/L (grade 1),154,C6D14,assumption
S0027,Absolute neutrophil count,1.32 10^9/L (grade 2),191,unscheduled,assumption
S0027,ALT,2.12 x ULN (grade 1),194,unscheduled,assumption
S0028,Absolute neutrophil count,within normal limits (value not simulated: no evidence),-7,SCREENING,assumption
S0028,Platelet count,within normal limits (value not simulated: no evidence),-7,SCREENING,assumption
S0028,Hemoglobin,within normal limits (value not simulated: no evidence),-7,SCREENING,assumption
S0028,ALT,within normal limits (value not simulated: no evidence),-7,SCREENING,assumption
S0028,Creatinine,within normal limits (value not simulated: no evidence),-7,SCREENING,assumption
S0028,ALT,4.2 x ULN (grade 2),74,C3D18,assumption
S0029,Absolute neutrophil count,within normal limits (value not simulated: no evidence),-7,SCREENING,assumption
S0029,Platelet count,within normal limits (value not simulated: no evidence),-7,SCREENING,assumption
S0029,Hemoglobin,within normal limits (value not simulated: no evidence),-7,SCREENING,assumption
S0029,ALT,within normal limits (value not simulated: no evidence),-7,SCREENING,assumption
S0029,Creatinine,within normal limits (value not simulated: no evidence),-7,SCREENING,assumption
S0030,Absolute neutrophil count,within normal limits (value not simulated: no evidence),-7,SCREENING,assumption
S0030,Platelet count,within normal limits (value not simulated: no evidence),-7,SCREENING,assumption
S0030,Hemoglobin,within normal limits (value not simulated: no evidence),-7,SCREENING,assumption
S0030,ALT,within normal limits (value not simulated: no evidence),-7,SCREENING,assumption
S0030,Creatinine,within normal limits (value not simulated: no evidence),-7,SCREENING,assumption
S0030,Absolute neutrophil count,1.15 10^9/L (grade 2),52,C2D24,assumption
S0030,Absolute neutrophil count,1.4 10^9/L (grade 2),71,C3D15,assumption
S0030,Platelet count,92.72 10^9/L (grade 1),166,C6D26,assumption
S0030,ALT,3.69 x ULN (grade 2),184,unscheduled,assumption
S0031,Absolute neutrophil count,within normal limits (value not simulated: no evidence),-7,SCREENING,assumption
S0031,Platelet count,within normal limits (value not simulated: no evidence),-7,SCREENING,assumption
S0031,Hemoglobin,within normal limits (value not simulated: no evidence),-7,SCREENING,assumption
S0031,ALT,within normal limits (value not simulated: no evidence),-7,SCREENING,assumption
S0031,Creatinine,within normal limits (value not simulated: no evidence),-7,SCREENING,assumption
S0031,Absolute neutrophil count,1.58 10^9/L (grade 1),28,C1D28,assumption
S0031,Hemoglobin,10.51 g/dL (grade 1),56,C2D28,assumption
S0032,Absolute neutrophil count,within normal limits (value not simulated: no evidence),-7,SCREENING,assumption
S0032,Platelet count,within normal limits (value not simulated: no evidence),-7,SCREENING,assumption
S0032,Hemoglobin,within normal limits (value not simulated: no evidence),-7,SCREENING,assumption
S0032,ALT,within normal limits (value not simulated: no evidence),-7,SCREENING,assumption
S0032,Creatinine,within normal limits (value not simulated: no evidence),-7,SCREENING,assumption
S0032,Platelet count,106.14 10^9/L (grade 1),29,C2D1,assumption
S0032,Absolute neutrophil count,1.17 10^9/L (grade 2),141,C6D1,assumption
S0033,Absolute neutrophil count,within normal limits (value not simulated: no evidence),-7,SCREENING,assumption
S0033,Platelet count,within normal limits (value not simulated: no evidence),-7,SCREENING,assumption
S0033,Hemoglobin,within normal limits (value not simulated: no evidence),-7,SCREENING,assumption
S0033,ALT,within normal limits (value not simulated: no evidence),-7,SCREENING,assumption
S0033,Creatinine,within normal limits (value not simulated: no evidence),-7,SCREENING,assumption
S0034,Absolute neutrophil count,within normal limits (value not simulated: no evidence),-7,SCREENING,assumption
S0034,Platelet count,within normal limits (value not simulated: no evidence),-7,SCREENING,assumption
S0034,Hemoglobin,within normal limits (value not simulated: no evidence),-7,SCREENING,assumption
S0034,ALT,within normal limits (value not simulated: no evidence),-7,SCREENING,assumption
S0034,Creatinine,within normal limits (value not simulated: no evidence),-7,SCREENING,assumption
S0035,Absolute neutrophil count,within normal limits (value not simulated: no evidence),-7,SCREENING,assumption
S0035,Platelet count,within normal limits (value not simulated: no evidence),-7,SCREENING,assumption
S0035,Hemoglobin,within normal limits (value not simulated: no evidence),-7,SCREENING,assumption
S0035,ALT,within normal limits (value not simulated: no evidence),-7,SCREENING,assumption
S0035,Creatinine,within normal limits (value not simulated: no evidence),-7,SCREENING,assumption
S0035,White blood cell count,1.97 10^9/L (grade 3),3,C1D3,assumption
S0035,Absolute neutrophil count,1.32 10^9/L (grade 2),36,C2D8,assumption
S0035,Absolute neutrophil count,1.06 10^9/L (grade 2),135,C5D23,assumption
S0036,Absolute neutrophil count,within normal limits (value not simulated: no evidence),-7,SCREENING,assumption
S0036,Platelet count,within normal limits (value not simulated: no evidence),-7,SCREENING,assumption
S0036,Hemoglobin,within normal limits (value not simulated: no evidence),-7,SCREENING,assumption
S0036,ALT,within normal limits (value not simulated: no evidence),-7,SCREENING,assumption
S0036,Creatinine,within normal limits (value not simulated: no evidence),-7,SCREENING,assumption
S0037,Absolute neutrophil count,within normal limits (value not simulated: no evidence),-7,SCREENING,assumption
S0037,Platelet count,within normal limits (value not simulated: no evidence),-7,SCREENING,assumption
S0037,Hemoglobin,within normal limits (value not simulated: no evidence),-7,SCREENING,assumption
S0037,ALT,within normal limits (value not simulated: no evidence),-7,SCREENING,assumption
S0037,Creatinine,within normal limits (value not simulated: no evidence),-7,SCREENING,assumption
S0038,Absolute neutrophil count,within normal limits (value not simulated: no evidence),-7,SCREENING,assumption
S0038,Platelet count,within normal limits (value not simulated: no evidence),-7,SCREENING,assumption
S0038,Hemoglobin,within normal limits (value not simulated: no evidence),-7,SCREENING,assumption
S0038,ALT,within normal limits (value not simulated: no evidence),-7,SCREENING,assumption
S0038,Creatinine,within normal limits (value not simulated: no evidence),-7,SCREENING,assumption
S0038,Absolute neutrophil count,1.78 10^9/L (grade 1),38,C2D10,assumption
S0038,Platelet count,58.09 10^9/L (grade 2),69,C3D13,assumption
S0038,Hemoglobin,10.12 g/dL (grade 1),130,C5D18,assumption
S0038,Absolute neutrophil count,1.84 10^9/L (grade 1),144,C6D4,assumption
S0039,Absolute neutrophil count,within normal limits (value not simulated: no evidence),-7,SCREENING,assumption
S0039,Platelet count,within normal limits (value not simulated: no evidence),-7,SCREENING,assumption
S0039,Hemoglobin,within normal limits (value not simulated: no evidence),-7,SCREENING,assumption
S0039,ALT,within normal limits (value not simulated: no evidence),-7,SCREENING,assumption
S0039,Creatinine,within normal limits (value not simulated: no evidence),-7,SCREENING,assumption
S0040,Absolute neutrophil count,within normal limits (value not simulated: no evidence),-7,SCREENING,assumption
S0040,Platelet count,within normal limits (value not simulated: no evidence),-7,SCREENING,assumption
S0040,Hemoglobin,within normal limits (value not simulated: no evidence),-7,SCREENING,assumption
S0040,ALT,within normal limits (value not simulated: no evidence),-7,SCREENING,assumption
S0040,Creatinine,within normal limits (value not simulated: no evidence),-7,SCREENING,assumption
S0040,Absolute neutrophil count,1.37 10^9/L (grade 2),12,C1D12,assumption
S0040,Absolute neutrophil count,1.58 10^9/L (grade 1),13,C1D13,assumption
S0041,Absolute neutrophil count,within normal limits (value not simulated: no evidence),-7,SCREENING,assumption
S0041,Platelet count,within normal limits (value not simulated: no evidence),-7,SCREENING,assumption
S0041,Hemoglobin,within normal limits (value not simulated: no evidence),-7,SCREENING,assumption
S0041,ALT,within normal limits (value not simulated: no evidence),-7,SCREENING,assumption
S0041,Creatinine,within normal limits (value not simulated: no evidence),-7,SCREENING,assumption
S0041,Hemoglobin,11.66 g/dL (grade 1),21,C1D21,assumption
S0041,Platelet count,58.53 10^9/L (grade 2),27,C1D27,assumption
S0041,ALT,4.54 x ULN (grade 2),37,C2D9,assumption
S0041,Absolute neutrophil count,1.81 10^9/L (grade 1),45,C2D17,assumption
S0041,Absolute neutrophil count,1.92 10^9/L (grade 1),68,C3D12,assumption
S0042,Absolute neutrophil count,within normal limits (value not simulated: no evidence),-7,SCREENING,assumption
S0042,Platelet count,within normal limits (value not simulated: no evidence),-7,SCREENING,assumption
S0042,Hemoglobin,within normal limits (value not simulated: no evidence),-7,SCREENING,assumption
S0042,ALT,within normal limits (value not simulated: no evidence),-7,SCREENING,assumption
S0042,Creatinine,within normal limits (value not simulated: no evidence),-7,SCREENING,assumption
S0042,Absolute neutrophil count,1.4 10^9/L (grade 2),154,C6D14,assumption
S0043,Absolute neutrophil count,within normal limits (value not simulated: no evidence),-7,SCREENING,assumption
S0043,Platelet count,within normal limits (value not simulated: no evidence),-7,SCREENING,assumption
S0043,Hemoglobin,within normal limits (value not simulated: no evidence),-7,SCREENING,assumption
S0043,ALT,within normal limits (value not simulated: no evidence),-7,SCREENING,assumption
S0043,Creatinine,within normal limits (value not simulated: no evidence),-7,SCREENING,assumption
S0043,ALT,3.76 x ULN (grade 2),11,C1D11,assumption
S0043,Hemoglobin,9.95 g/dL (grade 2),36,C2D8,assumption
S0043,Absolute neutrophil count,1.3 10^9/L (grade 2),55,C2D27,assumption
S0044,Absolute neutrophil count,within normal limits (value not simulated: no evidence),-7,SCREENING,assumption
S0044,Platelet count,within normal limits (value not simulated: no evidence),-7,SCREENING,assumption
S0044,Hemoglobin,within normal limits (value not simulated: no evidence),-7,SCREENING,assumption
S0044,ALT,within normal limits (value not simulated: no evidence),-7,SCREENING,assumption
S0044,Creatinine,within normal limits (value not simulated: no evidence),-7,SCREENING,assumption
S0045,Absolute neutrophil count,within normal limits (value not simulated: no evidence),-7,SCREENING,assumption
S0045,Platelet count,within normal limits (value not simulated: no evidence),-7,SCREENING,assumption
S0045,Hemoglobin,within normal limits (value not simulated: no evidence),-7,SCREENING,assumption
S0045,ALT,within normal limits (value not simulated: no evidence),-7,SCREENING,assumption
S0045,Creatinine,within normal limits (value not simulated: no evidence),-7,SCREENING,assumption
S0045,Absolute neutrophil count,1.9 10^9/L (grade 1),19,C1D19,assumption
S0045,Hemoglobin,10.91 g/dL (grade 1),35,C2D7,assumption
S0046,Absolute neutrophil count,within normal limits (value not simulated: no evidence),-7,SCREENING,assumption
S0046,Platelet count,within normal limits (value not simulated: no evidence),-7,SCREENING,assumption
S0046,Hemoglobin,within normal limits (value not simulated: no evidence),-7,SCREENING,assumption
S0046,ALT,within normal limits (value not simulated: no evidence),-7,SCREENING,assumption
S0046,Creatinine,within normal limits (value not simulated: no evidence),-7,SCREENING,assumption
S0046,Absolute neutrophil count,1.34 10^9/L (grade 2),121,C5D9,assumption
S0046,Absolute neutrophil count,1.85 10^9/L (grade 1),158,C6D18,assumption
S0047,Absolute neutrophil count,within normal limits (value not simulated: no evidence),-7,SCREENING,assumption
S0047,Platelet count,within normal limits (value not simulated: no evidence),-7,SCREENING,assumption
S0047,Hemoglobin,within normal limits (value not simulated: no evidence),-7,SCREENING,assumption
S0047,ALT,within normal limits (value not simulated: no evidence),-7,SCREENING,assumption
S0047,Creatinine,within normal limits (value not simulated: no evidence),-7,SCREENING,assumption
S0047,Hemoglobin,11.25 g/dL (grade 1),106,C4D22,assumption
S0048,Absolute neutrophil count,within normal limits (value not simulated: no evidence),-7,SCREENING,assumption
S0048,Platelet count,within normal limits (value not simulated: no evidence),-7,SCREENING,assumption
S0048,Hemoglobin,within normal limits (value not simulated: no evidence),-7,SCREENING,assumption
S0048,ALT,within normal limits (value not simulated: no evidence),-7,SCREENING,assumption
S0048,Creatinine,within normal limits (value not simulated: no evidence),-7,SCREENING,assumption
S0048,Absolute neutrophil count,1.36 10^9/L (grade 2),59,C3D3,assumption
S0048,Platelet count,66.73 10^9/L (grade 2),71,C3D15,assumption
S0048,Absolute neutrophil count,1.89 10^9/L (grade 1),177,unscheduled,assumption
S0049,Absolute neutrophil count,within normal limits (value not simulated: no evidence),-7,SCREENING,assumption
S0049,Platelet count,within normal limits (value not simulated: no evidence),-7,SCREENING,assumption
S0049,Hemoglobin,within normal limits (value not simulated: no evidence),-7,SCREENING,assumption
S0049,ALT,within normal limits (value not simulated: no evidence),-7,SCREENING,assumption
S0049,Creatinine,within normal limits (value not simulated: no evidence),-7,SCREENING,assumption
S0049,Absolute neutrophil count,1.97 10^9/L (grade 1),102,C4D18,assumption
S0050,Absolute neutrophil count,within normal limits (value not simulated: no evidence),-7,SCREENING,assumption
S0050,Platelet count,within normal limits (value not simulated: no evidence),-7,SCREENING,assumption
S0050,Hemoglobin,within normal limits (value not simulated: no evidence),-7,SCREENING,assumption
S0050,ALT,within normal limits (value not simulated: no evidence),-7,SCREENING,assumption
S0050,Creatinine,within normal limits (value not simulated: no evidence),-7,SCREENING,assumption
S0050,Platelet count,59.82 10^9/L (grade 2),74,C3D18,assumption
S0050,Absolute neutrophil count,1.32 10^9/L (grade 2),105,C4D21,assumption
S0051,Absolute neutrophil count,within normal limits (value not simulated: no evidence),-7,SCREENING,assumption
S0051,Platelet count,within normal limits (value not simulated: no evidence),-7,SCREENING,assumption
S0051,Hemoglobin,within normal limits (value not simulated: no evidence),-7,SCREENING,assumption
S0051,ALT,within normal limits (value not simulated: no evidence),-7,SCREENING,assumption
S0051,Creatinine,within normal limits (value not simulated: no evidence),-7,SCREENING,assumption
S0051,Absolute neutrophil count,1.85 10^9/L (grade 1),8,C1D8,assumption
S0051,Absolute neutrophil count,1.49 10^9/L (grade 2),15,C1D15,assumption
S0052,Absolute neutrophil count,within normal limits (value not simulated: no evidence),-7,SCREENING,assumption
S0052,Platelet count,within normal limits (value not simulated: no evidence),-7,SCREENING,assumption
S0052,Hemoglobin,within normal limits (value not simulated: no evidence),-7,SCREENING,assumption
S0052,ALT,within normal limits (value not simulated: no evidence),-7,SCREENING,assumption
S0052,Creatinine,within normal limits (value not simulated: no evidence),-7,SCREENING,assumption
S0052,Hemoglobin,9.1 g/dL (grade 2),58,C3D2,assumption
S0052,Absolute neutrophil count,1.47 10^9/L (grade 2),145,C6D5,assumption
S0052,Absolute neutrophil count,1.12 10^9/L (grade 2),160,C6D20,assumption
S0053,Absolute neutrophil count,within normal limits (value not simulated: no evidence),-7,SCREENING,assumption
S0053,Platelet count,within normal limits (value not simulated: no evidence),-7,SCREENING,assumption
S0053,Hemoglobin,within normal limits (value not simulated: no evidence),-7,SCREENING,assumption
S0053,ALT,within normal limits (value not simulated: no evidence),-7,SCREENING,assumption
S0053,Creatinine,within normal limits (value not simulated: no evidence),-7,SCREENING,assumption
S0053,ALT,2.11 x ULN (grade 1),110,C4D26,assumption
S0053,White blood cell count,1.98 10^9/L (grade 3),133,C5D21,assumption
S0053,Hemoglobin,11.84 g/dL (grade 1),173,unscheduled,assumption
S0054,Absolute neutrophil count,within normal limits (value not simulated: no evidence),-7,SCREENING,assumption
S0054,Platelet count,within normal limits (value not simulated: no evidence),-7,SCREENING,assumption
S0054,Hemoglobin,within normal limits (value not simulated: no evidence),-7,SCREENING,assumption
S0054,ALT,within normal limits (value not simulated: no evidence),-7,SCREENING,assumption
S0054,Creatinine,within normal limits (value not simulated: no evidence),-7,SCREENING,assumption
S0054,Absolute neutrophil count,1.49 10^9/L (grade 2),40,C2D12,assumption
S0054,Platelet count,107.99 10^9/L (grade 1),130,C5D18,assumption
S0054,Absolute neutrophil count,1.57 10^9/L (grade 1),159,C6D19,assumption
S0055,Absolute neutrophil count,within normal limits (value not simulated: no evidence),-7,SCREENING,assumption
S0055,Platelet count,within normal limits (value not simulated: no evidence),-7,SCREENING,assumption
S0055,Hemoglobin,within normal limits (value not simulated: no evidence),-7,SCREENING,assumption
S0055,ALT,within normal limits (value not simulated: no evidence),-7,SCREENING,assumption
S0055,Creatinine,within normal limits (value not simulated: no evidence),-7,SCREENING,assumption
S0055,Absolute neutrophil count,1.79 10^9/L (grade 1),4,C1D4,assumption
S0055,Absolute neutrophil count,1.48 10^9/L (grade 2),30,C2D2,assumption
S0056,Absolute neutrophil count,within normal limits (value not simulated: no evidence),-7,SCREENING,assumption
S0056,Platelet count,within normal limits (value not simulated: no evidence),-7,SCREENING,assumption
S0056,Hemoglobin,within normal limits (value not simulated: no evidence),-7,SCREENING,assumption
S0056,ALT,within normal limits (value not simulated: no evidence),-7,SCREENING,assumption
S0056,Creatinine,within normal limits (value not simulated: no evidence),-7,SCREENING,assumption
S0056,Absolute neutrophil count,1.71 10^9/L (grade 1),181,unscheduled,assumption
S0057,Absolute neutrophil count,within normal limits (value not simulated: no evidence),-7,SCREENING,assumption
S0057,Platelet count,within normal limits (value not simulated: no evidence),-7,SCREENING,assumption
S0057,Hemoglobin,within normal limits (value not simulated: no evidence),-7,SCREENING,assumption
S0057,ALT,within normal limits (value not simulated: no evidence),-7,SCREENING,assumption
S0057,Creatinine,within normal limits (value not simulated: no evidence),-7,SCREENING,assumption
S0057,Absolute neutrophil count,1.41 10^9/L (grade 2),81,C3D25,assumption
S0058,Absolute neutrophil count,within normal limits (value not simulated: no evidence),-7,SCREENING,assumption
S0058,Platelet count,within normal limits (value not simulated: no evidence),-7,SCREENING,assumption
S0058,Hemoglobin,within normal limits (value not simulated: no evidence),-7,SCREENING,assumption
S0058,ALT,within normal limits (value not simulated: no evidence),-7,SCREENING,assumption
S0058,Creatinine,within normal limits (value not simulated: no evidence),-7,SCREENING,assumption
S0058,Absolute neutrophil count,1.79 10^9/L (grade 1),91,C4D7,assumption
S0059,Absolute neutrophil count,within normal limits (value not simulated: no evidence),-7,SCREENING,assumption
S0059,Platelet count,within normal limits (value not simulated: no evidence),-7,SCREENING,assumption
S0059,Hemoglobin,within normal limits (value not simulated: no evidence),-7,SCREENING,assumption
S0059,ALT,within normal limits (value not simulated: no evidence),-7,SCREENING,assumption
S0059,Creatinine,within normal limits (value not simulated: no evidence),-7,SCREENING,assumption
S0060,Absolute neutrophil count,within normal limits (value not simulated: no evidence),-7,SCREENING,assumption
S0060,Platelet count,within normal limits (value not simulated: no evidence),-7,SCREENING,assumption
S0060,Hemoglobin,within normal limits (value not simulated: no evidence),-7,SCREENING,assumption
S0060,ALT,within normal limits (value not simulated: no evidence),-7,SCREENING,assumption
S0060,Creatinine,within normal limits (value not simulated: no evidence),-7,SCREENING,assumption
S0060,Absolute neutrophil count,1.81 10^9/L (grade 1),65,C3D9,assumption
S0060,Platelet count,111.14 10^9/L (grade 1),67,C3D11,assumption
S0060,Hemoglobin,8.76 g/dL (grade 2),138,C5D26,assumption
S0060,Absolute neutrophil count,1.46 10^9/L (grade 2),142,C6D2,assumption
S0061,Absolute neutrophil count,within normal limits (value not simulated: no evidence),-7,SCREENING,assumption
S0061,Platelet count,within normal limits (value not simulated: no evidence),-7,SCREENING,assumption
S0061,Hemoglobin,within normal limits (value not simulated: no evidence),-7,SCREENING,assumption
S0061,ALT,within normal limits (value not simulated: no evidence),-7,SCREENING,assumption
S0061,Creatinine,within normal limits (value not simulated: no evidence),-7,SCREENING,assumption
S0062,Absolute neutrophil count,within normal limits (value not simulated: no evidence),-7,SCREENING,assumption
S0062,Platelet count,within normal limits (value not simulated: no evidence),-7,SCREENING,assumption
S0062,Hemoglobin,within normal limits (value not simulated: no evidence),-7,SCREENING,assumption
S0062,ALT,within normal limits (value not simulated: no evidence),-7,SCREENING,assumption
S0062,Creatinine,within normal limits (value not simulated: no evidence),-7,SCREENING,assumption
S0063,Absolute neutrophil count,within normal limits (value not simulated: no evidence),-7,SCREENING,assumption
S0063,Platelet count,within normal limits (value not simulated: no evidence),-7,SCREENING,assumption
S0063,Hemoglobin,within normal limits (value not simulated: no evidence),-7,SCREENING,assumption
S0063,ALT,within normal limits (value not simulated: no evidence),-7,SCREENING,assumption
S0063,Creatinine,within normal limits (value not simulated: no evidence),-7,SCREENING,assumption
S0063,Platelet count,59.04 10^9/L (grade 2),10,C1D10,assumption
S0063,Absolute neutrophil count,1.37 10^9/L (grade 2),16,C1D16,assumption
S0063,Hemoglobin,8.04 g/dL (grade 2),19,C1D19,assumption
S0064,Absolute neutrophil count,within normal limits (value not simulated: no evidence),-7,SCREENING,assumption
S0064,Platelet count,within normal limits (value not simulated: no evidence),-7,SCREENING,assumption
S0064,Hemoglobin,within normal limits (value not simulated: no evidence),-7,SCREENING,assumption
S0064,ALT,within normal limits (value not simulated: no evidence),-7,SCREENING,assumption
S0064,Creatinine,within normal limits (value not simulated: no evidence),-7,SCREENING,assumption
S0064,ALT,3.23 x ULN (grade 2),101,C4D17,assumption
S0064,Absolute neutrophil count,1.67 10^9/L (grade 1),108,C4D24,assumption
S0065,Absolute neutrophil count,within normal limits (value not simulated: no evidence),-7,SCREENING,assumption
S0065,Platelet count,within normal limits (value not simulated: no evidence),-7,SCREENING,assumption
S0065,Hemoglobin,within normal limits (value not simulated: no evidence),-7,SCREENING,assumption
S0065,ALT,within normal limits (value not simulated: no evidence),-7,SCREENING,assumption
S0065,Creatinine,within normal limits (value not simulated: no evidence),-7,SCREENING,assumption
S0066,Absolute neutrophil count,within normal limits (value not simulated: no evidence),-7,SCREENING,assumption
S0066,Platelet count,within normal limits (value not simulated: no evidence),-7,SCREENING,assumption
S0066,Hemoglobin,within normal limits (value not simulated: no evidence),-7,SCREENING,assumption
S0066,ALT,within normal limits (value not simulated: no evidence),-7,SCREENING,assumption
S0066,Creatinine,within normal limits (value not simulated: no evidence),-7,SCREENING,assumption
S0067,Absolute neutrophil count,within normal limits (value not simulated: no evidence),-7,SCREENING,assumption
S0067,Platelet count,within normal limits (value not simulated: no evidence),-7,SCREENING,assumption
S0067,Hemoglobin,within normal limits (value not simulated: no evidence),-7,SCREENING,assumption
S0067,ALT,within normal limits (value not simulated: no evidence),-7,SCREENING,assumption
S0067,Creatinine,within normal limits (value not simulated: no evidence),-7,SCREENING,assumption
S0067,Absolute neutrophil count,1.33 10^9/L (grade 2),43,C2D15,assumption
S0067,Platelet count,66.36 10^9/L (grade 2),92,C4D8,assumption
S0067,Absolute neutrophil count,1.58 10^9/L (grade 1),129,C5D17,assumption
S0067,Hemoglobin,9.16 g/dL (grade 2),174,unscheduled,assumption
S0068,Absolute neutrophil count,within normal limits (value not simulated: no evidence),-7,SCREENING,assumption
S0068,Platelet count,within normal limits (value not simulated: no evidence),-7,SCREENING,assumption
S0068,Hemoglobin,within normal limits (value not simulated: no evidence),-7,SCREENING,assumption
S0068,ALT,within normal limits (value not simulated: no evidence),-7,SCREENING,assumption
S0068,Creatinine,within normal limits (value not simulated: no evidence),-7,SCREENING,assumption
S0068,Absolute neutrophil count,1.74 10^9/L (grade 1),1,C1D1,assumption
S0068,Absolute neutrophil count,1.35 10^9/L (grade 2),16,C1D16,assumption
S0069,Absolute neutrophil count,within normal limits (value not simulated: no evidence),-7,SCREENING,assumption
S0069,Platelet count,within normal limits (value not simulated: no evidence),-7,SCREENING,assumption
S0069,Hemoglobin,within normal limits (value not simulated: no evidence),-7,SCREENING,assumption
S0069,ALT,within normal limits (value not simulated: no evidence),-7,SCREENING,assumption
S0069,Creatinine,within normal limits (value not simulated: no evidence),-7,SCREENING,assumption
S0069,ALT,3.69 x ULN (grade 2),14,C1D14,assumption
S0069,Absolute neutrophil count,2 10^9/L (grade 1),33,C2D5,assumption
S0070,Absolute neutrophil count,within normal limits (value not simulated: no evidence),-7,SCREENING,assumption
S0070,Platelet count,within normal limits (value not simulated: no evidence),-7,SCREENING,assumption
S0070,Hemoglobin,within normal limits (value not simulated: no evidence),-7,SCREENING,assumption
S0070,ALT,within normal limits (value not simulated: no evidence),-7,SCREENING,assumption
S0070,Creatinine,within normal limits (value not simulated: no evidence),-7,SCREENING,assumption
S0070,Absolute neutrophil count,1.16 10^9/L (grade 2),91,C4D7,assumption
S0070,Absolute neutrophil count,1.23 10^9/L (grade 2),195,unscheduled,assumption
S0071,Absolute neutrophil count,within normal limits (value not simulated: no evidence),-7,SCREENING,assumption
S0071,Platelet count,within normal limits (value not simulated: no evidence),-7,SCREENING,assumption
S0071,Hemoglobin,within normal limits (value not simulated: no evidence),-7,SCREENING,assumption
S0071,ALT,within normal limits (value not simulated: no evidence),-7,SCREENING,assumption
S0071,Creatinine,within normal limits (value not simulated: no evidence),-7,SCREENING,assumption
S0071,ALT,4.29 x ULN (grade 2),22,C1D22,assumption
S0071,Hemoglobin,9.86 g/dL (grade 2),52,C2D24,assumption
S0072,Absolute neutrophil count,within normal limits (value not simulated: no evidence),-7,SCREENING,assumption
S0072,Platelet count,within normal limits (value not simulated: no evidence),-7,SCREENING,assumption
S0072,Hemoglobin,within normal limits (value not simulated: no evidence),-7,SCREENING,assumption
S0072,ALT,within normal limits (value not simulated: no evidence),-7,SCREENING,assumption
S0072,Creatinine,within normal limits (value not simulated: no evidence),-7,SCREENING,assumption
S0072,Hemoglobin,11.14 g/dL (grade 1),53,C2D25,assumption
S0072,Absolute neutrophil count,1.19 10^9/L (grade 2),87,C4D3,assumption
S0072,ALT,2.08 x ULN (grade 1),177,unscheduled,assumption
S0072,Absolute neutrophil count,1.18 10^9/L (grade 2),178,unscheduled,assumption
S0073,Absolute neutrophil count,within normal limits (value not simulated: no evidence),-7,SCREENING,assumption
S0073,Platelet count,within normal limits (value not simulated: no evidence),-7,SCREENING,assumption
S0073,Hemoglobin,within normal limits (value not simulated: no evidence),-7,SCREENING,assumption
S0073,ALT,within normal limits (value not simulated: no evidence),-7,SCREENING,assumption
S0073,Creatinine,within normal limits (value not simulated: no evidence),-7,SCREENING,assumption
S0073,Hemoglobin,10.28 g/dL (grade 1),42,C2D14,assumption
S0073,Platelet count,116.96 10^9/L (grade 1),64,C3D8,assumption
S0074,Absolute neutrophil count,within normal limits (value not simulated: no evidence),-7,SCREENING,assumption
S0074,Platelet count,within normal limits (value not simulated: no evidence),-7,SCREENING,assumption
S0074,Hemoglobin,within normal limits (value not simulated: no evidence),-7,SCREENING,assumption
S0074,ALT,within normal limits (value not simulated: no evidence),-7,SCREENING,assumption
S0074,Creatinine,within normal limits (value not simulated: no evidence),-7,SCREENING,assumption
S0074,Hemoglobin,8.45 g/dL (grade 2),29,C2D1,assumption
S0074,ALT,3.33 x ULN (grade 2),29,C2D1,assumption
S0075,Absolute neutrophil count,within normal limits (value not simulated: no evidence),-7,SCREENING,assumption
S0075,Platelet count,within normal limits (value not simulated: no evidence),-7,SCREENING,assumption
S0075,Hemoglobin,within normal limits (value not simulated: no evidence),-7,SCREENING,assumption
S0075,ALT,within normal limits (value not simulated: no evidence),-7,SCREENING,assumption
S0075,Creatinine,within normal limits (value not simulated: no evidence),-7,SCREENING,assumption
S0075,Hemoglobin,10.36 g/dL (grade 1),132,C5D20,assumption
S0075,Absolute neutrophil count,1.73 10^9/L (grade 1),186,unscheduled,assumption
S0076,Absolute neutrophil count,within normal limits (value not simulated: no evidence),-7,SCREENING,assumption
S0076,Platelet count,within normal limits (value not simulated: no evidence),-7,SCREENING,assumption
S0076,Hemoglobin,within normal limits (value not simulated: no evidence),-7,SCREENING,assumption
S0076,ALT,within normal limits (value not simulated: no evidence),-7,SCREENING,assumption
S0076,Creatinine,within normal limits (value not simulated: no evidence),-7,SCREENING,assumption
S0076,Absolute neutrophil count,1.68 10^9/L (grade 1),9,C1D9,assumption
S0076,Hemoglobin,9.7 g/dL (grade 2),47,C2D19,assumption
S0076,Absolute neutrophil count,1.56 10^9/L (grade 1),88,C4D4,assumption
S0077,Absolute neutrophil count,within normal limits (value not simulated: no evidence),-7,SCREENING,assumption
S0077,Platelet count,within normal limits (value not simulated: no evidence),-7,SCREENING,assumption
S0077,Hemoglobin,within normal limits (value not simulated: no evidence),-7,SCREENING,assumption
S0077,ALT,within normal limits (value not simulated: no evidence),-7,SCREENING,assumption
S0077,Creatinine,within normal limits (value not simulated: no evidence),-7,SCREENING,assumption
S0078,Absolute neutrophil count,within normal limits (value not simulated: no evidence),-7,SCREENING,assumption
S0078,Platelet count,within normal limits (value not simulated: no evidence),-7,SCREENING,assumption
S0078,Hemoglobin,within normal limits (value not simulated: no evidence),-7,SCREENING,assumption
S0078,ALT,within normal limits (value not simulated: no evidence),-7,SCREENING,assumption
S0078,Creatinine,within normal limits (value not simulated: no evidence),-7,SCREENING,assumption
S0078,Absolute neutrophil count,1.32 10^9/L (grade 2),83,C3D27,assumption
S0078,Absolute neutrophil count,1.71 10^9/L (grade 1),127,C5D15,assumption
S0079,Absolute neutrophil count,within normal limits (value not simulated: no evidence),-7,SCREENING,assumption
S0079,Platelet count,within normal limits (value not simulated: no evidence),-7,SCREENING,assumption
S0079,Hemoglobin,within normal limits (value not simulated: no evidence),-7,SCREENING,assumption
S0079,ALT,within normal limits (value not simulated: no evidence),-7,SCREENING,assumption
S0079,Creatinine,within normal limits (value not simulated: no evidence),-7,SCREENING,assumption
S0080,Absolute neutrophil count,within normal limits (value not simulated: no evidence),-7,SCREENING,assumption
S0080,Platelet count,within normal limits (value not simulated: no evidence),-7,SCREENING,assumption
S0080,Hemoglobin,within normal limits (value not simulated: no evidence),-7,SCREENING,assumption
S0080,ALT,within normal limits (value not simulated: no evidence),-7,SCREENING,assumption
S0080,Creatinine,within normal limits (value not simulated: no evidence),-7,SCREENING,assumption
S0080,Hemoglobin,11.98 g/dL (grade 1),14,C1D14,assumption
S0080,ALT,2.48 x ULN (grade 1),130,C5D18,assumption
S0081,Absolute neutrophil count,within normal limits (value not simulated: no evidence),-7,SCREENING,assumption
S0081,Platelet count,within normal limits (value not simulated: no evidence),-7,SCREENING,assumption
S0081,Hemoglobin,within normal limits (value not simulated: no evidence),-7,SCREENING,assumption
S0081,ALT,within normal limits (value not simulated: no evidence),-7,SCREENING,assumption
S0081,Creatinine,within normal limits (value not simulated: no evidence),-7,SCREENING,assumption
S0082,Absolute neutrophil count,within normal limits (value not simulated: no evidence),-7,SCREENING,assumption
S0082,Platelet count,within normal limits (value not simulated: no evidence),-7,SCREENING,assumption
S0082,Hemoglobin,within normal limits (value not simulated: no evidence),-7,SCREENING,assumption
S0082,ALT,within normal limits (value not simulated: no evidence),-7,SCREENING,assumption
S0082,Creatinine,within normal limits (value not simulated: no evidence),-7,SCREENING,assumption
S0082,Absolute neutrophil count,1.97 10^9/L (grade 1),1,C1D1,assumption
S0082,Absolute neutrophil count,1.3 10^9/L (grade 2),153,C6D13,assumption
S0083,Absolute neutrophil count,within normal limits (value not simulated: no evidence),-7,SCREENING,assumption
S0083,Platelet count,within normal limits (value not simulated: no evidence),-7,SCREENING,assumption
S0083,Hemoglobin,within normal limits (value not simulated: no evidence),-7,SCREENING,assumption
S0083,ALT,within normal limits (value not simulated: no evidence),-7,SCREENING,assumption
S0083,Creatinine,within normal limits (value not simulated: no evidence),-7,SCREENING,assumption
S0084,Absolute neutrophil count,within normal limits (value not simulated: no evidence),-7,SCREENING,assumption
S0084,Platelet count,within normal limits (value not simulated: no evidence),-7,SCREENING,assumption
S0084,Hemoglobin,within normal limits (value not simulated: no evidence),-7,SCREENING,assumption
S0084,ALT,within normal limits (value not simulated: no evidence),-7,SCREENING,assumption
S0084,Creatinine,within normal limits (value not simulated: no evidence),-7,SCREENING,assumption
S0084,Absolute neutrophil count,1.63 10^9/L (grade 1),63,C3D7,assumption
S0084,Absolute neutrophil count,1.99 10^9/L (grade 1),158,C6D18,assumption
S0084,Platelet count,141.85 10^9/L (grade 1),177,unscheduled,assumption
S0085,Absolute neutrophil count,within normal limits (value not simulated: no evidence),-7,SCREENING,assumption
S0085,Platelet count,within normal limits (value not simulated: no evidence),-7,SCREENING,assumption
S0085,Hemoglobin,within normal limits (value not simulated: no evidence),-7,SCREENING,assumption
S0085,ALT,within normal limits (value not simulated: no evidence),-7,SCREENING,assumption
S0085,Creatinine,within normal limits (value not simulated: no evidence),-7,SCREENING,assumption
S0086,Absolute neutrophil count,within normal limits (value not simulated: no evidence),-7,SCREENING,assumption
S0086,Platelet count,within normal limits (value not simulated: no evidence),-7,SCREENING,assumption
S0086,Hemoglobin,within normal limits (value not simulated: no evidence),-7,SCREENING,assumption
S0086,ALT,within normal limits (value not simulated: no evidence),-7,SCREENING,assumption
S0086,Creatinine,within normal limits (value not simulated: no evidence),-7,SCREENING,assumption
S0086,White blood cell count,1.23 10^9/L (grade 3),2,C1D2,assumption
S0086,Absolute neutrophil count,1.67 10^9/L (grade 1),95,C4D11,assumption
S0086,Absolute neutrophil count,1.07 10^9/L (grade 2),126,C5D14,assumption
S0086,Hemoglobin,8.28 g/dL (grade 2),179,unscheduled,assumption
S0086,ALT,1.05 x ULN (grade 1),197,unscheduled,assumption
S0087,Absolute neutrophil count,within normal limits (value not simulated: no evidence),-7,SCREENING,assumption
S0087,Platelet count,within normal limits (value not simulated: no evidence),-7,SCREENING,assumption
S0087,Hemoglobin,within normal limits (value not simulated: no evidence),-7,SCREENING,assumption
S0087,ALT,within normal limits (value not simulated: no evidence),-7,SCREENING,assumption
S0087,Creatinine,within normal limits (value not simulated: no evidence),-7,SCREENING,assumption
S0087,Absolute neutrophil count,1.62 10^9/L (grade 1),54,C2D26,assumption
S0087,Absolute neutrophil count,1.31 10^9/L (grade 2),113,C5D1,assumption
S0087,Platelet count,52.29 10^9/L (grade 2),144,C6D4,assumption
S0088,Absolute neutrophil count,within normal limits (value not simulated: no evidence),-7,SCREENING,assumption
S0088,Platelet count,within normal limits (value not simulated: no evidence),-7,SCREENING,assumption
S0088,Hemoglobin,within normal limits (value not simulated: no evidence),-7,SCREENING,assumption
S0088,ALT,within normal limits (value not simulated: no evidence),-7,SCREENING,assumption
S0088,Creatinine,within normal limits (value not simulated: no evidence),-7,SCREENING,assumption
S0088,Absolute neutrophil count,1.74 10^9/L (grade 1),41,C2D13,assumption
S0088,Hemoglobin,9.34 g/dL (grade 2),103,C4D19,assumption
S0089,Absolute neutrophil count,within normal limits (value not simulated: no evidence),-7,SCREENING,assumption
S0089,Platelet count,within normal limits (value not simulated: no evidence),-7,SCREENING,assumption
S0089,Hemoglobin,within normal limits (value not simulated: no evidence),-7,SCREENING,assumption
S0089,ALT,within normal limits (value not simulated: no evidence),-7,SCREENING,assumption
S0089,Creatinine,within normal limits (value not simulated: no evidence),-7,SCREENING,assumption
S0089,Absolute neutrophil count,1.16 10^9/L (grade 2),48,C2D20,assumption
S0089,Platelet count,58.68 10^9/L (grade 2),50,C2D22,assumption
S0089,Absolute neutrophil count,1.64 10^9/L (grade 1),92,C4D8,assumption
S0090,Absolute neutrophil count,within normal limits (value not simulated: no evidence),-7,SCREENING,assumption
S0090,Platelet count,within normal limits (value not simulated: no evidence),-7,SCREENING,assumption
S0090,Hemoglobin,within normal limits (value not simulated: no evidence),-7,SCREENING,assumption
S0090,ALT,within normal limits (value not simulated: no evidence),-7,SCREENING,assumption
S0090,Creatinine,within normal limits (value not simulated: no evidence),-7,SCREENING,assumption
S0091,Absolute neutrophil count,within normal limits (value not simulated: no evidence),-7,SCREENING,assumption
S0091,Platelet count,within normal limits (value not simulated: no evidence),-7,SCREENING,assumption
S0091,Hemoglobin,within normal limits (value not simulated: no evidence),-7,SCREENING,assumption
S0091,ALT,within normal limits (value not simulated: no evidence),-7,SCREENING,assumption
S0091,Creatinine,within normal limits (value not simulated: no evidence),-7,SCREENING,assumption
S0091,Absolute neutrophil count,1.28 10^9/L (grade 2),83,C3D27,assumption
S0091,Absolute neutrophil count,1.76 10^9/L (grade 1),142,C6D2,assumption
S0092,Absolute neutrophil count,within normal limits (value not simulated: no evidence),-7,SCREENING,assumption
S0092,Platelet count,within normal limits (value not simulated: no evidence),-7,SCREENING,assumption
S0092,Hemoglobin,within normal limits (value not simulated: no evidence),-7,SCREENING,assumption
S0092,ALT,within normal limits (value not simulated: no evidence),-7,SCREENING,assumption
S0092,Creatinine,within normal limits (value not simulated: no evidence),-7,SCREENING,assumption
S0093,Absolute neutrophil count,within normal limits (value not simulated: no evidence),-7,SCREENING,assumption
S0093,Platelet count,within normal limits (value not simulated: no evidence),-7,SCREENING,assumption
S0093,Hemoglobin,within normal limits (value not simulated: no evidence),-7,SCREENING,assumption
S0093,ALT,within normal limits (value not simulated: no evidence),-7,SCREENING,assumption
S0093,Creatinine,within normal limits (value not simulated: no evidence),-7,SCREENING,assumption
S0094,Absolute neutrophil count,within normal limits (value not simulated: no evidence),-7,SCREENING,assumption
S0094,Platelet count,within normal limits (value not simulated: no evidence),-7,SCREENING,assumption
S0094,Hemoglobin,within normal limits (value not simulated: no evidence),-7,SCREENING,assumption
S0094,ALT,within normal limits (value not simulated: no evidence),-7,SCREENING,assumption
S0094,Creatinine,within normal limits (value not simulated: no evidence),-7,SCREENING,assumption
S0094,Hemoglobin,9.82 g/dL (grade 2),25,C1D25,assumption
S0094,ALT,3.28 x ULN (grade 2),111,C4D27,assumption
S0094,Absolute neutrophil count,1.32 10^9/L (grade 2),135,C5D23,assumption
S0095,Absolute neutrophil count,within normal limits (value not simulated: no evidence),-7,SCREENING,assumption
S0095,Platelet count,within normal limits (value not simulated: no evidence),-7,SCREENING,assumption
S0095,Hemoglobin,within normal limits (value not simulated: no evidence),-7,SCREENING,assumption
S0095,ALT,within normal limits (value not simulated: no evidence),-7,SCREENING,assumption
S0095,Creatinine,within normal limits (value not simulated: no evidence),-7,SCREENING,assumption
S0095,Absolute neutrophil count,1.1 10^9/L (grade 2),7,C1D7,assumption
S0095,Absolute neutrophil count,1.2 10^9/L (grade 2),124,C5D12,assumption
S0096,Absolute neutrophil count,within normal limits (value not simulated: no evidence),-7,SCREENING,assumption
S0096,Platelet count,within normal limits (value not simulated: no evidence),-7,SCREENING,assumption
S0096,Hemoglobin,within normal limits (value not simulated: no evidence),-7,SCREENING,assumption
S0096,ALT,within normal limits (value not simulated: no evidence),-7,SCREENING,assumption
S0096,Creatinine,within normal limits (value not simulated: no evidence),-7,SCREENING,assumption
S0097,Absolute neutrophil count,within normal limits (value not simulated: no evidence),-7,SCREENING,assumption
S0097,Platelet count,within normal limits (value not simulated: no evidence),-7,SCREENING,assumption
S0097,Hemoglobin,within normal limits (value not simulated: no evidence),-7,SCREENING,assumption
S0097,ALT,within normal limits (value not simulated: no evidence),-7,SCREENING,assumption
S0097,Creatinine,within normal limits (value not simulated: no evidence),-7,SCREENING,assumption
S0097,Platelet count,59.76 10^9/L (grade 2),48,C2D20,assumption
S0098,Absolute neutrophil count,within normal limits (value not simulated: no evidence),-7,SCREENING,assumption
S0098,Platelet count,within normal limits (value not simulated: no evidence),-7,SCREENING,assumption
S0098,Hemoglobin,within normal limits (value not simulated: no evidence),-7,SCREENING,assumption
S0098,ALT,within normal limits (value not simulated: no evidence),-7,SCREENING,assumption
S0098,Creatinine,within normal limits (value not simulated: no evidence),-7,SCREENING,assumption
S0099,Absolute neutrophil count,within normal limits (value not simulated: no evidence),-7,SCREENING,assumption
S0099,Platelet count,within normal limits (value not simulated: no evidence),-7,SCREENING,assumption
S0099,Hemoglobin,within normal limits (value not simulated: no evidence),-7,SCREENING,assumption
S0099,ALT,within normal limits (value not simulated: no evidence),-7,SCREENING,assumption
S0099,Creatinine,within normal limits (value not simulated: no evidence),-7,SCREENING,assumption
S0099,Platelet count,97.55 10^9/L (grade 1),64,C3D8,assumption
S0099,Absolute neutrophil count,1.87 10^9/L (grade 1),152,C6D12,assumption
S0099,ALT,3.21 x ULN (grade 2),167,C6D27,assumption
S0100,Absolute neutrophil count,within normal limits (value not simulated: no evidence),-7,SCREENING,assumption
S0100,Platelet count,within normal limits (value not simulated: no evidence),-7,SCREENING,assumption
S0100,Hemoglobin,within normal limits (value not simulated: no evidence),-7,SCREENING,assumption
S0100,ALT,within normal limits (value not simulated: no evidence),-7,SCREENING,assumption
S0100,Creatinine,within normal limits (value not simulated: no evidence),-7,SCREENING,assumption
S0101,Absolute neutrophil count,within normal limits (value not simulated: no evidence),-7,SCREENING,assumption
S0101,Platelet count,within normal limits (value not simulated: no evidence),-7,SCREENING,assumption
S0101,Hemoglobin,within normal limits (value not simulated: no evidence),-7,SCREENING,assumption
S0101,ALT,within normal limits (value not simulated: no evidence),-7,SCREENING,assumption
S0101,Creatinine,within normal limits (value not simulated: no evidence),-7,SCREENING,assumption
S0101,Hemoglobin,8.07 g/dL (grade 2),6,C1D6,assumption
S0101,ALT,4.03 x ULN (grade 2),12,C1D12,assumption
S0101,Absolute neutrophil count,1.43 10^9/L (grade 2),164,C6D24,assumption
S0102,Absolute neutrophil count,within normal limits (value not simulated: no evidence),-7,SCREENING,assumption
S0102,Platelet count,within normal limits (value not simulated: no evidence),-7,SCREENING,assumption
S0102,Hemoglobin,within normal limits (value not simulated: no evidence),-7,SCREENING,assumption
S0102,ALT,within normal limits (value not simulated: no evidence),-7,SCREENING,assumption
S0102,Creatinine,within normal limits (value not simulated: no evidence),-7,SCREENING,assumption
S0102,Hemoglobin,11.71 g/dL (grade 1),50,C2D22,assumption
S0102,Absolute neutrophil count,1.75 10^9/L (grade 1),165,C6D25,assumption
S0103,Absolute neutrophil count,within normal limits (value not simulated: no evidence),-7,SCREENING,assumption
S0103,Platelet count,within normal limits (value not simulated: no evidence),-7,SCREENING,assumption
S0103,Hemoglobin,within normal limits (value not simulated: no evidence),-7,SCREENING,assumption
S0103,ALT,within normal limits (value not simulated: no evidence),-7,SCREENING,assumption
S0103,Creatinine,within normal limits (value not simulated: no evidence),-7,SCREENING,assumption
S0104,Absolute neutrophil count,within normal limits (value not simulated: no evidence),-7,SCREENING,assumption
S0104,Platelet count,within normal limits (value not simulated: no evidence),-7,SCREENING,assumption
S0104,Hemoglobin,within normal limits (value not simulated: no evidence),-7,SCREENING,assumption
S0104,ALT,within normal limits (value not simulated: no evidence),-7,SCREENING,assumption
S0104,Creatinine,within normal limits (value not simulated: no evidence),-7,SCREENING,assumption
S0104,Platelet count,108.78 10^9/L (grade 1),30,C2D2,assumption
S0104,Absolute neutrophil count,1.7 10^9/L (grade 1),53,C2D25,assumption
S0105,Absolute neutrophil count,within normal limits (value not simulated: no evidence),-7,SCREENING,assumption
S0105,Platelet count,within normal limits (value not simulated: no evidence),-7,SCREENING,assumption
S0105,Hemoglobin,within normal limits (value not simulated: no evidence),-7,SCREENING,assumption
S0105,ALT,within normal limits (value not simulated: no evidence),-7,SCREENING,assumption
S0105,Creatinine,within normal limits (value not simulated: no evidence),-7,SCREENING,assumption
S0106,Absolute neutrophil count,within normal limits (value not simulated: no evidence),-7,SCREENING,assumption
S0106,Platelet count,within normal limits (value not simulated: no evidence),-7,SCREENING,assumption
S0106,Hemoglobin,within normal limits (value not simulated: no evidence),-7,SCREENING,assumption
S0106,ALT,within normal limits (value not simulated: no evidence),-7,SCREENING,assumption
S0106,Creatinine,within normal limits (value not simulated: no evidence),-7,SCREENING,assumption
S0106,Hemoglobin,9.69 g/dL (grade 2),45,C2D17,assumption
S0106,Absolute neutrophil count,1.49 10^9/L (grade 2),110,C4D26,assumption
S0106,Absolute neutrophil count,1.77 10^9/L (grade 1),139,C5D27,assumption
S0107,Absolute neutrophil count,within normal limits (value not simulated: no evidence),-7,SCREENING,assumption
S0107,Platelet count,within normal limits (value not simulated: no evidence),-7,SCREENING,assumption
S0107,Hemoglobin,within normal limits (value not simulated: no evidence),-7,SCREENING,assumption
S0107,ALT,within normal limits (value not simulated: no evidence),-7,SCREENING,assumption
S0107,Creatinine,within normal limits (value not simulated: no evidence),-7,SCREENING,assumption
S0108,Absolute neutrophil count,within normal limits (value not simulated: no evidence),-7,SCREENING,assumption
S0108,Platelet count,within normal limits (value not simulated: no evidence),-7,SCREENING,assumption
S0108,Hemoglobin,within normal limits (value not simulated: no evidence),-7,SCREENING,assumption
S0108,ALT,within normal limits (value not simulated: no evidence),-7,SCREENING,assumption
S0108,Creatinine,within normal limits (value not simulated: no evidence),-7,SCREENING,assumption
S0109,Absolute neutrophil count,within normal limits (value not simulated: no evidence),-7,SCREENING,assumption
S0109,Platelet count,within normal limits (value not simulated: no evidence),-7,SCREENING,assumption
S0109,Hemoglobin,within normal limits (value not simulated: no evidence),-7,SCREENING,assumption
S0109,ALT,within normal limits (value not simulated: no evidence),-7,SCREENING,assumption
S0109,Creatinine,within normal limits (value not simulated: no evidence),-7,SCREENING,assumption
S0109,Absolute neutrophil count,1.19 10^9/L (grade 2),63,C3D7,assumption
S0109,Hemoglobin,9.61 g/dL (grade 2),109,C4D25,assumption
S0110,Absolute neutrophil count,within normal limits (value not simulated: no evidence),-7,SCREENING,assumption
S0110,Platelet count,within normal limits (value not simulated: no evidence),-7,SCREENING,assumption
S0110,Hemoglobin,within normal limits (value not simulated: no evidence),-7,SCREENING,assumption
S0110,ALT,within normal limits (value not simulated: no evidence),-7,SCREENING,assumption
S0110,Creatinine,within normal limits (value not simulated: no evidence),-7,SCREENING,assumption
S0111,Absolute neutrophil count,within normal limits (value not simulated: no evidence),-7,SCREENING,assumption
S0111,Platelet count,within normal limits (value not simulated: no evidence),-7,SCREENING,assumption
S0111,Hemoglobin,within normal limits (value not simulated: no evidence),-7,SCREENING,assumption
S0111,ALT,within normal limits (value not simulated: no evidence),-7,SCREENING,assumption
S0111,Creatinine,within normal limits (value not simulated: no evidence),-7,SCREENING,assumption
S0111,Hemoglobin,10.59 g/dL (grade 1),16,C1D16,assumption
S0111,Absolute neutrophil count,1.98 10^9/L (grade 1),99,C4D15,assumption
S0111,Platelet count,146.16 10^9/L (grade 1),101,C4D17,assumption
S0111,Absolute neutrophil count,1.35 10^9/L (grade 2),153,C6D13,assumption
S0112,Absolute neutrophil count,within normal limits (value not simulated: no evidence),-7,SCREENING,assumption
S0112,Platelet count,within normal limits (value not simulated: no evidence),-7,SCREENING,assumption
S0112,Hemoglobin,within normal limits (value not simulated: no evidence),-7,SCREENING,assumption
S0112,ALT,within normal limits (value not simulated: no evidence),-7,SCREENING,assumption
S0112,Creatinine,within normal limits (value not simulated: no evidence),-7,SCREENING,assumption
S0112,Hemoglobin,10.86 g/dL (grade 1),57,C3D1,assumption
S0113,Absolute neutrophil count,within normal limits (value not simulated: no evidence),-7,SCREENING,assumption
S0113,Platelet count,within normal limits (value not simulated: no evidence),-7,SCREENING,assumption
S0113,Hemoglobin,within normal limits (value not simulated: no evidence),-7,SCREENING,assumption
S0113,ALT,within normal limits (value not simulated: no evidence),-7,SCREENING,assumption
S0113,Creatinine,within normal limits (value not simulated: no evidence),-7,SCREENING,assumption
S0113,Absolute neutrophil count,1.79 10^9/L (grade 1),15,C1D15,assumption
S0113,ALT,1.04 x ULN (grade 1),16,C1D16,assumption
S0113,Absolute neutrophil count,1.57 10^9/L (grade 1),182,unscheduled,assumption
S0114,Absolute neutrophil count,within normal limits (value not simulated: no evidence),-7,SCREENING,assumption
S0114,Platelet count,within normal limits (value not simulated: no evidence),-7,SCREENING,assumption
S0114,Hemoglobin,within normal limits (value not simulated: no evidence),-7,SCREENING,assumption
S0114,ALT,within normal limits (value not simulated: no evidence),-7,SCREENING,assumption
S0114,Creatinine,within normal limits (value not simulated: no evidence),-7,SCREENING,assumption
S0114,Hemoglobin,10.01 g/dL (grade 1),5,C1D5,assumption
S0114,Platelet count,59.06 10^9/L (grade 2),81,C3D25,assumption
S0115,Absolute neutrophil count,within normal limits (value not simulated: no evidence),-7,SCREENING,assumption
S0115,Platelet count,within normal limits (value not simulated: no evidence),-7,SCREENING,assumption
S0115,Hemoglobin,within normal limits (value not simulated: no evidence),-7,SCREENING,assumption
S0115,ALT,within normal limits (value not simulated: no evidence),-7,SCREENING,assumption
S0115,Creatinine,within normal limits (value not simulated: no evidence),-7,SCREENING,assumption
S0115,Absolute neutrophil count,1.55 10^9/L (grade 1),39,C2D11,assumption
S0115,Platelet count,69.91 10^9/L (grade 2),40,C2D12,assumption
S0115,Hemoglobin,9.49 g/dL (grade 2),47,C2D19,assumption
S0116,Absolute neutrophil count,within normal limits (value not simulated: no evidence),-7,SCREENING,assumption
S0116,Platelet count,within normal limits (value not simulated: no evidence),-7,SCREENING,assumption
S0116,Hemoglobin,within normal limits (value not simulated: no evidence),-7,SCREENING,assumption
S0116,ALT,within normal limits (value not simulated: no evidence),-7,SCREENING,assumption
S0116,Creatinine,within normal limits (value not simulated: no evidence),-7,SCREENING,assumption
S0117,Absolute neutrophil count,within normal limits (value not simulated: no evidence),-7,SCREENING,assumption
S0117,Platelet count,within normal limits (value not simulated: no evidence),-7,SCREENING,assumption
S0117,Hemoglobin,within normal limits (value not simulated: no evidence),-7,SCREENING,assumption
S0117,ALT,within normal limits (value not simulated: no evidence),-7,SCREENING,assumption
S0117,Creatinine,within normal limits (value not simulated: no evidence),-7,SCREENING,assumption
S0117,Absolute neutrophil count,1.35 10^9/L (grade 2),183,unscheduled,assumption
S0118,Absolute neutrophil count,within normal limits (value not simulated: no evidence),-7,SCREENING,assumption
S0118,Platelet count,within normal limits (value not simulated: no evidence),-7,SCREENING,assumption
S0118,Hemoglobin,within normal limits (value not simulated: no evidence),-7,SCREENING,assumption
S0118,ALT,within normal limits (value not simulated: no evidence),-7,SCREENING,assumption
S0118,Creatinine,within normal limits (value not simulated: no evidence),-7,SCREENING,assumption
S0118,Absolute neutrophil count,1.27 10^9/L (grade 2),68,C3D12,assumption
S0118,Hemoglobin,11.15 g/dL (grade 1),98,C4D14,assumption
S0118,Absolute neutrophil count,1.21 10^9/L (grade 2),158,C6D18,assumption
S0119,Absolute neutrophil count,within normal limits (value not simulated: no evidence),-7,SCREENING,assumption
S0119,Platelet count,within normal limits (value not simulated: no evidence),-7,SCREENING,assumption
S0119,Hemoglobin,within normal limits (value not simulated: no evidence),-7,SCREENING,assumption
S0119,ALT,within normal limits (value not simulated: no evidence),-7,SCREENING,assumption
S0119,Creatinine,within normal limits (value not simulated: no evidence),-7,SCREENING,assumption
S0120,Absolute neutrophil count,within normal limits (value not simulated: no evidence),-7,SCREENING,assumption
S0120,Platelet count,within normal limits (value not simulated: no evidence),-7,SCREENING,assumption
S0120,Hemoglobin,within normal limits (value not simulated: no evidence),-7,SCREENING,assumption
S0120,ALT,within normal limits (value not simulated: no evidence),-7,SCREENING,assumption
S0120,Creatinine,within normal limits (value not simulated: no evidence),-7,SCREENING,assumption
S0120,Absolute neutrophil count,1.73 10^9/L (grade 1),12,C1D12,assumption
S0120,Hemoglobin,8.76 g/dL (grade 2),72,C3D16,assumption
S0120,Platelet count,50.28 10^9/L (grade 2),81,C3D25,assumption
S0120,Absolute neutrophil count,1.51 10^9/L (grade 1),93,C4D9,assumption
S0121,Absolute neutrophil count,within normal limits (value not simulated: no evidence),-7,SCREENING,assumption
S0121,Platelet count,within normal limits (value not simulated: no evidence),-7,SCREENING,assumption
S0121,Hemoglobin,within normal limits (value not simulated: no evidence),-7,SCREENING,assumption
S0121,ALT,within normal limits (value not simulated: no evidence),-7,SCREENING,assumption
S0121,Creatinine,within normal limits (value not simulated: no evidence),-7,SCREENING,assumption
S0121,Absolute neutrophil count,1.09 10^9/L (grade 2),114,C5D2,assumption
S0121,Platelet count,58.71 10^9/L (grade 2),147,C6D7,assumption
S0121,White blood cell count,1.66 10^9/L (grade 3),158,C6D18,assumption
S0121,ALT,2.11 x ULN (grade 1),192,unscheduled,assumption
S0122,Absolute neutrophil count,within normal limits (value not simulated: no evidence),-7,SCREENING,assumption
S0122,Platelet count,within normal limits (value not simulated: no evidence),-7,SCREENING,assumption
S0122,Hemoglobin,within normal limits (value not simulated: no evidence),-7,SCREENING,assumption
S0122,ALT,within normal limits (value not simulated: no evidence),-7,SCREENING,assumption
S0122,Creatinine,within normal limits (value not simulated: no evidence),-7,SCREENING,assumption
S0122,Hemoglobin,11.96 g/dL (grade 1),23,C1D23,assumption
S0122,ALT,3.09 x ULN (grade 2),25,C1D25,assumption
S0122,Absolute neutrophil count,1.32 10^9/L (grade 2),189,unscheduled,assumption
S0123,Absolute neutrophil count,within normal limits (value not simulated: no evidence),-7,SCREENING,assumption
S0123,Platelet count,within normal limits (value not simulated: no evidence),-7,SCREENING,assumption
S0123,Hemoglobin,within normal limits (value not simulated: no evidence),-7,SCREENING,assumption
S0123,ALT,within normal limits (value not simulated: no evidence),-7,SCREENING,assumption
S0123,Creatinine,within normal limits (value not simulated: no evidence),-7,SCREENING,assumption
S0123,Absolute neutrophil count,1.87 10^9/L (grade 1),11,C1D11,assumption
S0123,Platelet count,132.94 10^9/L (grade 1),144,C6D4,assumption
S0123,Absolute neutrophil count,1.96 10^9/L (grade 1),172,unscheduled,assumption
S0124,Absolute neutrophil count,within normal limits (value not simulated: no evidence),-7,SCREENING,assumption
S0124,Platelet count,within normal limits (value not simulated: no evidence),-7,SCREENING,assumption
S0124,Hemoglobin,within normal limits (value not simulated: no evidence),-7,SCREENING,assumption
S0124,ALT,within normal limits (value not simulated: no evidence),-7,SCREENING,assumption
S0124,Creatinine,within normal limits (value not simulated: no evidence),-7,SCREENING,assumption
S0125,Absolute neutrophil count,within normal limits (value not simulated: no evidence),-7,SCREENING,assumption
S0125,Platelet count,within normal limits (value not simulated: no evidence),-7,SCREENING,assumption
S0125,Hemoglobin,within normal limits (value not simulated: no evidence),-7,SCREENING,assumption
S0125,ALT,within normal limits (value not simulated: no evidence),-7,SCREENING,assumption
S0125,Creatinine,within normal limits (value not simulated: no evidence),-7,SCREENING,assumption
S0125,Absolute neutrophil count,1.01 10^9/L (grade 2),100,C4D16,assumption
S0126,Absolute neutrophil count,within normal limits (value not simulated: no evidence),-7,SCREENING,assumption
S0126,Platelet count,within normal limits (value not simulated: no evidence),-7,SCREENING,assumption
S0126,Hemoglobin,within normal limits (value not simulated: no evidence),-7,SCREENING,assumption
S0126,ALT,within normal limits (value not simulated: no evidence),-7,SCREENING,assumption
S0126,Creatinine,within normal limits (value not simulated: no evidence),-7,SCREENING,assumption
S0126,Absolute neutrophil count,1.6 10^9/L (grade 1),59,C3D3,assumption
S0126,Absolute neutrophil count,1.37 10^9/L (grade 2),168,C6D28,assumption
S0127,Absolute neutrophil count,within normal limits (value not simulated: no evidence),-7,SCREENING,assumption
S0127,Platelet count,within normal limits (value not simulated: no evidence),-7,SCREENING,assumption
S0127,Hemoglobin,within normal limits (value not simulated: no evidence),-7,SCREENING,assumption
S0127,ALT,within normal limits (value not simulated: no evidence),-7,SCREENING,assumption
S0127,Creatinine,within normal limits (value not simulated: no evidence),-7,SCREENING,assumption
S0128,Absolute neutrophil count,within normal limits (value not simulated: no evidence),-7,SCREENING,assumption
S0128,Platelet count,within normal limits (value not simulated: no evidence),-7,SCREENING,assumption
S0128,Hemoglobin,within normal limits (value not simulated: no evidence),-7,SCREENING,assumption
S0128,ALT,within normal limits (value not simulated: no evidence),-7,SCREENING,assumption
S0128,Creatinine,within normal limits (value not simulated: no evidence),-7,SCREENING,assumption
S0129,Absolute neutrophil count,within normal limits (value not simulated: no evidence),-7,SCREENING,assumption
S0129,Platelet count,within normal limits (value not simulated: no evidence),-7,SCREENING,assumption
S0129,Hemoglobin,within normal limits (value not simulated: no evidence),-7,SCREENING,assumption
S0129,ALT,within normal limits (value not simulated: no evidence),-7,SCREENING,assumption
S0129,Creatinine,within normal limits (value not simulated: no evidence),-7,SCREENING,assumption
S0129,Absolute neutrophil count,1.48 10^9/L (grade 2),73,C3D17,assumption
S0129,Platelet count,51.66 10^9/L (grade 2),92,C4D8,assumption
S0129,Absolute neutrophil count,1.39 10^9/L (grade 2),147,C6D7,assumption
S0130,Absolute neutrophil count,within normal limits (value not simulated: no evidence),-7,SCREENING,assumption
S0130,Platelet count,within normal limits (value not simulated: no evidence),-7,SCREENING,assumption
S0130,Hemoglobin,within normal limits (value not simulated: no evidence),-7,SCREENING,assumption
S0130,ALT,within normal limits (value not simulated: no evidence),-7,SCREENING,assumption
S0130,Creatinine,within normal limits (value not simulated: no evidence),-7,SCREENING,assumption
S0131,Absolute neutrophil count,within normal limits (value not simulated: no evidence),-7,SCREENING,assumption
S0131,Platelet count,within normal limits (value not simulated: no evidence),-7,SCREENING,assumption
S0131,Hemoglobin,within normal limits (value not simulated: no evidence),-7,SCREENING,assumption
S0131,ALT,within normal limits (value not simulated: no evidence),-7,SCREENING,assumption
S0131,Creatinine,within normal limits (value not simulated: no evidence),-7,SCREENING,assumption
S0131,Hemoglobin,11.98 g/dL (grade 1),167,C6D27,assumption
S0132,Absolute neutrophil count,within normal limits (value not simulated: no evidence),-7,SCREENING,assumption
S0132,Platelet count,within normal limits (value not simulated: no evidence),-7,SCREENING,assumption
S0132,Hemoglobin,within normal limits (value not simulated: no evidence),-7,SCREENING,assumption
S0132,ALT,within normal limits (value not simulated: no evidence),-7,SCREENING,assumption
S0132,Creatinine,within normal limits (value not simulated: no evidence),-7,SCREENING,assumption
S0132,ALT,1.92 x ULN (grade 1),28,C1D28,assumption
S0132,Hemoglobin,8.87 g/dL (grade 2),32,C2D4,assumption
S0133,Absolute neutrophil count,within normal limits (value not simulated: no evidence),-7,SCREENING,assumption
S0133,Platelet count,within normal limits (value not simulated: no evidence),-7,SCREENING,assumption
S0133,Hemoglobin,within normal limits (value not simulated: no evidence),-7,SCREENING,assumption
S0133,ALT,within normal limits (value not simulated: no evidence),-7,SCREENING,assumption
S0133,Creatinine,within normal limits (value not simulated: no evidence),-7,SCREENING,assumption
S0133,Absolute neutrophil count,1.59 10^9/L (grade 1),31,C2D3,assumption
S0133,Absolute neutrophil count,1.37 10^9/L (grade 2),36,C2D8,assumption
S0133,ALT,3.78 x ULN (grade 2),134,C5D22,assumption
S0134,Absolute neutrophil count,within normal limits (value not simulated: no evidence),-7,SCREENING,assumption
S0134,Platelet count,within normal limits (value not simulated: no evidence),-7,SCREENING,assumption
S0134,Hemoglobin,within normal limits (value not simulated: no evidence),-7,SCREENING,assumption
S0134,ALT,within normal limits (value not simulated: no evidence),-7,SCREENING,assumption
S0134,Creatinine,within normal limits (value not simulated: no evidence),-7,SCREENING,assumption
S0134,Absolute neutrophil count,1.37 10^9/L (grade 2),130,C5D18,assumption
S0135,Absolute neutrophil count,within normal limits (value not simulated: no evidence),-7,SCREENING,assumption
S0135,Platelet count,within normal limits (value not simulated: no evidence),-7,SCREENING,assumption
S0135,Hemoglobin,within normal limits (value not simulated: no evidence),-7,SCREENING,assumption
S0135,ALT,within normal limits (value not simulated: no evidence),-7,SCREENING,assumption
S0135,Creatinine,within normal limits (value not simulated: no evidence),-7,SCREENING,assumption
S0136,Absolute neutrophil count,within normal limits (value not simulated: no evidence),-7,SCREENING,assumption
S0136,Platelet count,within normal limits (value not simulated: no evidence),-7,SCREENING,assumption
S0136,Hemoglobin,within normal limits (value not simulated: no evidence),-7,SCREENING,assumption
S0136,ALT,within normal limits (value not simulated: no evidence),-7,SCREENING,assumption
S0136,Creatinine,within normal limits (value not simulated: no evidence),-7,SCREENING,assumption
S0136,ALT,1.79 x ULN (grade 1),34,C2D6,assumption
S0136,Absolute neutrophil count,1.07 10^9/L (grade 2),109,C4D25,assumption
S0136,Hemoglobin,10.96 g/dL (grade 1),125,C5D13,assumption
S0136,Platelet count,55.01 10^9/L (grade 2),129,C5D17,assumption
S0136,Absolute neutrophil count,2 10^9/L (grade 1),151,C6D11,assumption
S0137,Absolute neutrophil count,within normal limits (value not simulated: no evidence),-7,SCREENING,assumption
S0137,Platelet count,within normal limits (value not simulated: no evidence),-7,SCREENING,assumption
S0137,Hemoglobin,within normal limits (value not simulated: no evidence),-7,SCREENING,assumption
S0137,ALT,within normal limits (value not simulated: no evidence),-7,SCREENING,assumption
S0137,Creatinine,within normal limits (value not simulated: no evidence),-7,SCREENING,assumption
S0137,Absolute neutrophil count,1.99 10^9/L (grade 1),11,C1D11,assumption
S0137,Absolute neutrophil count,1.91 10^9/L (grade 1),21,C1D21,assumption
S0137,Hemoglobin,11.98 g/dL (grade 1),29,C2D1,assumption
S0137,Platelet count,68.36 10^9/L (grade 2),30,C2D2,assumption
S0138,Absolute neutrophil count,within normal limits (value not simulated: no evidence),-7,SCREENING,assumption
S0138,Platelet count,within normal limits (value not simulated: no evidence),-7,SCREENING,assumption
S0138,Hemoglobin,within normal limits (value not simulated: no evidence),-7,SCREENING,assumption
S0138,ALT,within normal limits (value not simulated: no evidence),-7,SCREENING,assumption
S0138,Creatinine,within normal limits (value not simulated: no evidence),-7,SCREENING,assumption
S0139,Absolute neutrophil count,within normal limits (value not simulated: no evidence),-7,SCREENING,assumption
S0139,Platelet count,within normal limits (value not simulated: no evidence),-7,SCREENING,assumption
S0139,Hemoglobin,within normal limits (value not simulated: no evidence),-7,SCREENING,assumption
S0139,ALT,within normal limits (value not simulated: no evidence),-7,SCREENING,assumption
S0139,Creatinine,within normal limits (value not simulated: no evidence),-7,SCREENING,assumption
S0139,Absolute neutrophil count,1.71 10^9/L (grade 1),55,C2D27,assumption
S0140,Absolute neutrophil count,within normal limits (value not simulated: no evidence),-7,SCREENING,assumption
S0140,Platelet count,within normal limits (value not simulated: no evidence),-7,SCREENING,assumption
S0140,Hemoglobin,within normal limits (value not simulated: no evidence),-7,SCREENING,assumption
S0140,ALT,within normal limits (value not simulated: no evidence),-7,SCREENING,assumption
S0140,Creatinine,within normal limits (value not simulated: no evidence),-7,SCREENING,assumption
S0140,Absolute neutrophil count,1.4 10^9/L (grade 2),146,C6D6,assumption
S0140,Absolute neutrophil count,1.97 10^9/L (grade 1),176,unscheduled,assumption
S0141,Absolute neutrophil count,within normal limits (value not simulated: no evidence),-7,SCREENING,assumption
S0141,Platelet count,within normal limits (value not simulated: no evidence),-7,SCREENING,assumption
S0141,Hemoglobin,within normal limits (value not simulated: no evidence),-7,SCREENING,assumption
S0141,ALT,within normal limits (value not simulated: no evidence),-7,SCREENING,assumption
S0141,Creatinine,within normal limits (value not simulated: no evidence),-7,SCREENING,assumption
S0141,Absolute neutrophil count,1.82 10^9/L (grade 1),126,C5D14,assumption
S0141,Absolute neutrophil count,1.4 10^9/L (grade 2),166,C6D26,assumption
S0141,Platelet count,92.03 10^9/L (grade 1),188,unscheduled,assumption
S0142,Absolute neutrophil count,within normal limits (value not simulated: no evidence),-7,SCREENING,assumption
S0142,Platelet count,within normal limits (value not simulated: no evidence),-7,SCREENING,assumption
S0142,Hemoglobin,within normal limits (value not simulated: no evidence),-7,SCREENING,assumption
S0142,ALT,within normal limits (value not simulated: no evidence),-7,SCREENING,assumption
S0142,Creatinine,within normal limits (value not simulated: no evidence),-7,SCREENING,assumption
S0143,Absolute neutrophil count,within normal limits (value not simulated: no evidence),-7,SCREENING,assumption
S0143,Platelet count,within normal limits (value not simulated: no evidence),-7,SCREENING,assumption
S0143,Hemoglobin,within normal limits (value not simulated: no evidence),-7,SCREENING,assumption
S0143,ALT,within normal limits (value not simulated: no evidence),-7,SCREENING,assumption
S0143,Creatinine,within normal limits (value not simulated: no evidence),-7,SCREENING,assumption
S0143,Platelet count,61.89 10^9/L (grade 2),40,C2D12,assumption
S0143,Absolute neutrophil count,1.45 10^9/L (grade 2),67,C3D11,assumption
S0143,Absolute neutrophil count,1.5 10^9/L (grade 1),146,C6D6,assumption
S0144,Absolute neutrophil count,within normal limits (value not simulated: no evidence),-7,SCREENING,assumption
S0144,Platelet count,within normal limits (value not simulated: no evidence),-7,SCREENING,assumption
S0144,Hemoglobin,within normal limits (value not simulated: no evidence),-7,SCREENING,assumption
S0144,ALT,within normal limits (value not simulated: no evidence),-7,SCREENING,assumption
S0144,Creatinine,within normal limits (value not simulated: no evidence),-7,SCREENING,assumption
S0144,Absolute neutrophil count,1.85 10^9/L (grade 1),155,C6D15,assumption
S0144,Hemoglobin,10.07 g/dL (grade 1),179,unscheduled,assumption
S0145,Absolute neutrophil count,within normal limits (value not simulated: no evidence),-7,SCREENING,assumption
S0145,Platelet count,within normal limits (value not simulated: no evidence),-7,SCREENING,assumption
S0145,Hemoglobin,within normal limits (value not simulated: no evidence),-7,SCREENING,assumption
S0145,ALT,within normal limits (value not simulated: no evidence),-7,SCREENING,assumption
S0145,Creatinine,within normal limits (value not simulated: no evidence),-7,SCREENING,assumption
S0146,Absolute neutrophil count,within normal limits (value not simulated: no evidence),-7,SCREENING,assumption
S0146,Platelet count,within normal limits (value not simulated: no evidence),-7,SCREENING,assumption
S0146,Hemoglobin,within normal limits (value not simulated: no evidence),-7,SCREENING,assumption
S0146,ALT,within normal limits (value not simulated: no evidence),-7,SCREENING,assumption
S0146,Creatinine,within normal limits (value not simulated: no evidence),-7,SCREENING,assumption
S0147,Absolute neutrophil count,within normal limits (value not simulated: no evidence),-7,SCREENING,assumption
S0147,Platelet count,within normal limits (value not simulated: no evidence),-7,SCREENING,assumption
S0147,Hemoglobin,within normal limits (value not simulated: no evidence),-7,SCREENING,assumption
S0147,ALT,within normal limits (value not simulated: no evidence),-7,SCREENING,assumption
S0147,Creatinine,within normal limits (value not simulated: no evidence),-7,SCREENING,assumption
S0148,Absolute neutrophil count,within normal limits (value not simulated: no evidence),-7,SCREENING,assumption
S0148,Platelet count,within normal limits (value not simulated: no evidence),-7,SCREENING,assumption
S0148,Hemoglobin,within normal limits (value not simulated: no evidence),-7,SCREENING,assumption
S0148,ALT,within normal limits (value not simulated: no evidence),-7,SCREENING,assumption
S0148,Creatinine,within normal limits (value not simulated: no evidence),-7,SCREENING,assumption
S0148,Absolute neutrophil count,1.02 10^9/L (grade 2),20,C1D20,assumption
S0148,Absolute neutrophil count,1.74 10^9/L (grade 1),22,C1D22,assumption
S0149,Absolute neutrophil count,within normal limits (value not simulated: no evidence),-7,SCREENING,assumption
S0149,Platelet count,within normal limits (value not simulated: no evidence),-7,SCREENING,assumption
S0149,Hemoglobin,within normal limits (value not simulated: no evidence),-7,SCREENING,assumption
S0149,ALT,within normal limits (value not simulated: no evidence),-7,SCREENING,assumption
S0149,Creatinine,within normal limits (value not simulated: no evidence),-7,SCREENING,assumption
S0149,ALT,2.75 x ULN (grade 1),123,C5D11,assumption
S0149,Absolute neutrophil count,1.1 10^9/L (grade 2),150,C6D10,assumption
S0150,Absolute neutrophil count,within normal limits (value not simulated: no evidence),-7,SCREENING,assumption
S0150,Platelet count,within normal limits (value not simulated: no evidence),-7,SCREENING,assumption
S0150,Hemoglobin,within normal limits (value not simulated: no evidence),-7,SCREENING,assumption
S0150,ALT,within normal limits (value not simulated: no evidence),-7,SCREENING,assumption
S0150,Creatinine,within normal limits (value not simulated: no evidence),-7,SCREENING,assumption
S0150,Hemoglobin,9.39 g/dL (grade 2),51,C2D23,assumption
S0150,Absolute neutrophil count,1.04 10^9/L (grade 2),64,C3D8,assumption
S0150,Absolute neutrophil count,1.03 10^9/L (grade 2),119,C5D7,assumption
S0150,Platelet count,62.54 10^9/L (grade 2),177,unscheduled,assumption
S0151,Absolute neutrophil count,within normal limits (value not simulated: no evidence),-7,SCREENING,assumption
S0151,Platelet count,within normal limits (value not simulated: no evidence),-7,SCREENING,assumption
S0151,Hemoglobin,within normal limits (value not simulated: no evidence),-7,SCREENING,assumption
S0151,ALT,within normal limits (value not simulated: no evidence),-7,SCREENING,assumption
S0151,Creatinine,within normal limits (value not simulated: no evidence),-7,SCREENING,assumption
S0151,Absolute neutrophil count,1.3 10^9/L (grade 2),198,unscheduled,assumption
S0152,Absolute neutrophil count,within normal limits (value not simulated: no evidence),-7,SCREENING,assumption
S0152,Platelet count,within normal limits (value not simulated: no evidence),-7,SCREENING,assumption
S0152,Hemoglobin,within normal limits (value not simulated: no evidence),-7,SCREENING,assumption
S0152,ALT,within normal limits (value not simulated: no evidence),-7,SCREENING,assumption
S0152,Creatinine,within normal limits (value not simulated: no evidence),-7,SCREENING,assumption
S0153,Absolute neutrophil count,within normal limits (value not simulated: no evidence),-7,SCREENING,assumption
S0153,Platelet count,within normal limits (value not simulated: no evidence),-7,SCREENING,assumption
S0153,Hemoglobin,within normal limits (value not simulated: no evidence),-7,SCREENING,assumption
S0153,ALT,within normal limits (value not simulated: no evidence),-7,SCREENING,assumption
S0153,Creatinine,within normal limits (value not simulated: no evidence),-7,SCREENING,assumption
S0153,Absolute neutrophil count,1.34 10^9/L (grade 2),11,C1D11,assumption
S0153,Absolute neutrophil count,1.42 10^9/L (grade 2),27,C1D27,assumption
S0153,Platelet count,140.07 10^9/L (grade 1),49,C2D21,assumption
S0154,Absolute neutrophil count,within normal limits (value not simulated: no evidence),-7,SCREENING,assumption
S0154,Platelet count,within normal limits (value not simulated: no evidence),-7,SCREENING,assumption
S0154,Hemoglobin,within normal limits (value not simulated: no evidence),-7,SCREENING,assumption
S0154,ALT,within normal limits (value not simulated: no evidence),-7,SCREENING,assumption
S0154,Creatinine,within normal limits (value not simulated: no evidence),-7,SCREENING,assumption
S0154,Absolute neutrophil count,1.3 10^9/L (grade 2),19,C1D19,assumption
S0154,Platelet count,127.38 10^9/L (grade 1),40,C2D12,assumption
S0154,Absolute neutrophil count,1.13 10^9/L (grade 2),139,C5D27,assumption
S0155,Absolute neutrophil count,within normal limits (value not simulated: no evidence),-7,SCREENING,assumption
S0155,Platelet count,within normal limits (value not simulated: no evidence),-7,SCREENING,assumption
S0155,Hemoglobin,within normal limits (value not simulated: no evidence),-7,SCREENING,assumption
S0155,ALT,within normal limits (value not simulated: no evidence),-7,SCREENING,assumption
S0155,Creatinine,within normal limits (value not simulated: no evidence),-7,SCREENING,assumption
S0156,Absolute neutrophil count,within normal limits (value not simulated: no evidence),-7,SCREENING,assumption
S0156,Platelet count,within normal limits (value not simulated: no evidence),-7,SCREENING,assumption
S0156,Hemoglobin,within normal limits (value not simulated: no evidence),-7,SCREENING,assumption
S0156,ALT,within normal limits (value not simulated: no evidence),-7,SCREENING,assumption
S0156,Creatinine,within normal limits (value not simulated: no evidence),-7,SCREENING,assumption
S0156,Absolute neutrophil count,1.38 10^9/L (grade 2),174,unscheduled,assumption
S0157,Absolute neutrophil count,within normal limits (value not simulated: no evidence),-7,SCREENING,assumption
S0157,Platelet count,within normal limits (value not simulated: no evidence),-7,SCREENING,assumption
S0157,Hemoglobin,within normal limits (value not simulated: no evidence),-7,SCREENING,assumption
S0157,ALT,within normal limits (value not simulated: no evidence),-7,SCREENING,assumption
S0157,Creatinine,within normal limits (value not simulated: no evidence),-7,SCREENING,assumption
S0157,ALT,4.47 x ULN (grade 2),21,C1D21,assumption
S0158,Absolute neutrophil count,within normal limits (value not simulated: no evidence),-7,SCREENING,assumption
S0158,Platelet count,within normal limits (value not simulated: no evidence),-7,SCREENING,assumption
S0158,Hemoglobin,within normal limits (value not simulated: no evidence),-7,SCREENING,assumption
S0158,ALT,within normal limits (value not simulated: no evidence),-7,SCREENING,assumption
S0158,Creatinine,within normal limits (value not simulated: no evidence),-7,SCREENING,assumption
S0158,Hemoglobin,9.3 g/dL (grade 2),154,C6D14,assumption
S0158,ALT,4.76 x ULN (grade 2),157,C6D17,assumption
S0158,Absolute neutrophil count,1.7 10^9/L (grade 1),165,C6D25,assumption
S0159,Absolute neutrophil count,within normal limits (value not simulated: no evidence),-7,SCREENING,assumption
S0159,Platelet count,within normal limits (value not simulated: no evidence),-7,SCREENING,assumption
S0159,Hemoglobin,within normal limits (value not simulated: no evidence),-7,SCREENING,assumption
S0159,ALT,within normal limits (value not simulated: no evidence),-7,SCREENING,assumption
S0159,Creatinine,within normal limits (value not simulated: no evidence),-7,SCREENING,assumption
S0160,Absolute neutrophil count,within normal limits (value not simulated: no evidence),-7,SCREENING,assumption
S0160,Platelet count,within normal limits (value not simulated: no evidence),-7,SCREENING,assumption
S0160,Hemoglobin,within normal limits (value not simulated: no evidence),-7,SCREENING,assumption
S0160,ALT,within normal limits (value not simulated: no evidence),-7,SCREENING,assumption
S0160,Creatinine,within normal limits (value not simulated: no evidence),-7,SCREENING,assumption
S0160,Hemoglobin,10.25 g/dL (grade 1),5,C1D5,assumption
S0160,Absolute neutrophil count,1.54 10^9/L (grade 1),6,C1D6,assumption
S0160,ALT,4.16 x ULN (grade 2),91,C4D7,assumption
S0160,White blood cell count,1.8 10^9/L (grade 3),94,C4D10,assumption
S0160,Absolute neutrophil count,1.34 10^9/L (grade 2),191,unscheduled,assumption
S0161,Absolute neutrophil count,within normal limits (value not simulated: no evidence),-7,SCREENING,assumption
S0161,Platelet count,within normal limits (value not simulated: no evidence),-7,SCREENING,assumption
S0161,Hemoglobin,within normal limits (value not simulated: no evidence),-7,SCREENING,assumption
S0161,ALT,within normal limits (value not simulated: no evidence),-7,SCREENING,assumption
S0161,Creatinine,within normal limits (value not simulated: no evidence),-7,SCREENING,assumption
S0162,Absolute neutrophil count,within normal limits (value not simulated: no evidence),-7,SCREENING,assumption
S0162,Platelet count,within normal limits (value not simulated: no evidence),-7,SCREENING,assumption
S0162,Hemoglobin,within normal limits (value not simulated: no evidence),-7,SCREENING,assumption
S0162,ALT,within normal limits (value not simulated: no evidence),-7,SCREENING,assumption
S0162,Creatinine,within normal limits (value not simulated: no evidence),-7,SCREENING,assumption
S0162,White blood cell count,1.75 10^9/L (grade 3),96,C4D12,assumption
S0162,Absolute neutrophil count,1.33 10^9/L (grade 2),97,C4D13,assumption
S0162,Platelet count,87.38 10^9/L (grade 1),163,C6D23,assumption
S0162,Absolute neutrophil count,1.25 10^9/L (grade 2),183,unscheduled,assumption
S0163,Absolute neutrophil count,within normal limits (value not simulated: no evidence),-7,SCREENING,assumption
S0163,Platelet count,within normal limits (value not simulated: no evidence),-7,SCREENING,assumption
S0163,Hemoglobin,within normal limits (value not simulated: no evidence),-7,SCREENING,assumption
S0163,ALT,within normal limits (value not simulated: no evidence),-7,SCREENING,assumption
S0163,Creatinine,within normal limits (value not simulated: no evidence),-7,SCREENING,assumption
S0163,Absolute neutrophil count,1.66 10^9/L (grade 1),82,C3D26,assumption
S0163,Platelet count,59.96 10^9/L (grade 2),150,C6D10,assumption
S0163,Absolute neutrophil count,1.42 10^9/L (grade 2),175,unscheduled,assumption
S0164,Absolute neutrophil count,within normal limits (value not simulated: no evidence),-7,SCREENING,assumption
S0164,Platelet count,within normal limits (value not simulated: no evidence),-7,SCREENING,assumption
S0164,Hemoglobin,within normal limits (value not simulated: no evidence),-7,SCREENING,assumption
S0164,ALT,within normal limits (value not simulated: no evidence),-7,SCREENING,assumption
S0164,Creatinine,within normal limits (value not simulated: no evidence),-7,SCREENING,assumption
S0164,Absolute neutrophil count,1.75 10^9/L (grade 1),185,unscheduled,assumption
S0165,Absolute neutrophil count,within normal limits (value not simulated: no evidence),-7,SCREENING,assumption
S0165,Platelet count,within normal limits (value not simulated: no evidence),-7,SCREENING,assumption
S0165,Hemoglobin,within normal limits (value not simulated: no evidence),-7,SCREENING,assumption
S0165,ALT,within normal limits (value not simulated: no evidence),-7,SCREENING,assumption
S0165,Creatinine,within normal limits (value not simulated: no evidence),-7,SCREENING,assumption
S0165,Platelet count,74.73 10^9/L (grade 2),34,C2D6,assumption
S0165,Absolute neutrophil count,1.45 10^9/L (grade 2),55,C2D27,assumption
S0165,Absolute neutrophil count,1.11 10^9/L (grade 2),76,C3D20,assumption
S0166,Absolute neutrophil count,within normal limits (value not simulated: no evidence),-7,SCREENING,assumption
S0166,Platelet count,within normal limits (value not simulated: no evidence),-7,SCREENING,assumption
S0166,Hemoglobin,within normal limits (value not simulated: no evidence),-7,SCREENING,assumption
S0166,ALT,within normal limits (value not simulated: no evidence),-7,SCREENING,assumption
S0166,Creatinine,within normal limits (value not simulated: no evidence),-7,SCREENING,assumption
S0166,Hemoglobin,8.03 g/dL (grade 2),44,C2D16,assumption
S0166,Platelet count,70.66 10^9/L (grade 2),62,C3D6,assumption
S0166,Absolute neutrophil count,1.53 10^9/L (grade 1),73,C3D17,assumption
S0166,Absolute neutrophil count,1.99 10^9/L (grade 1),153,C6D13,assumption
S0167,Absolute neutrophil count,within normal limits (value not simulated: no evidence),-7,SCREENING,assumption
S0167,Platelet count,within normal limits (value not simulated: no evidence),-7,SCREENING,assumption
S0167,Hemoglobin,within normal limits (value not simulated: no evidence),-7,SCREENING,assumption
S0167,ALT,within normal limits (value not simulated: no evidence),-7,SCREENING,assumption
S0167,Creatinine,within normal limits (value not simulated: no evidence),-7,SCREENING,assumption
S0167,Absolute neutrophil count,1.38 10^9/L (grade 2),14,C1D14,assumption
S0167,Absolute neutrophil count,1.3 10^9/L (grade 2),49,C2D21,assumption
S0167,Platelet count,89.86 10^9/L (grade 1),112,C4D28,assumption
S0168,Absolute neutrophil count,within normal limits (value not simulated: no evidence),-7,SCREENING,assumption
S0168,Platelet count,within normal limits (value not simulated: no evidence),-7,SCREENING,assumption
S0168,Hemoglobin,within normal limits (value not simulated: no evidence),-7,SCREENING,assumption
S0168,ALT,within normal limits (value not simulated: no evidence),-7,SCREENING,assumption
S0168,Creatinine,within normal limits (value not simulated: no evidence),-7,SCREENING,assumption
S0169,Absolute neutrophil count,within normal limits (value not simulated: no evidence),-7,SCREENING,assumption
S0169,Platelet count,within normal limits (value not simulated: no evidence),-7,SCREENING,assumption
S0169,Hemoglobin,within normal limits (value not simulated: no evidence),-7,SCREENING,assumption
S0169,ALT,within normal limits (value not simulated: no evidence),-7,SCREENING,assumption
S0169,Creatinine,within normal limits (value not simulated: no evidence),-7,SCREENING,assumption
S0170,Absolute neutrophil count,within normal limits (value not simulated: no evidence),-7,SCREENING,assumption
S0170,Platelet count,within normal limits (value not simulated: no evidence),-7,SCREENING,assumption
S0170,Hemoglobin,within normal limits (value not simulated: no evidence),-7,SCREENING,assumption
S0170,ALT,within normal limits (value not simulated: no evidence),-7,SCREENING,assumption
S0170,Creatinine,within normal limits (value not simulated: no evidence),-7,SCREENING,assumption
S0170,Absolute neutrophil count,1.24 10^9/L (grade 2),154,C6D14,assumption
S0171,Absolute neutrophil count,within normal limits (value not simulated: no evidence),-7,SCREENING,assumption
S0171,Platelet count,within normal limits (value not simulated: no evidence),-7,SCREENING,assumption
S0171,Hemoglobin,within normal limits (value not simulated: no evidence),-7,SCREENING,assumption
S0171,ALT,within normal limits (value not simulated: no evidence),-7,SCREENING,assumption
S0171,Creatinine,within normal limits (value not simulated: no evidence),-7,SCREENING,assumption
S0171,White blood cell count,1.09 10^9/L (grade 3),115,C5D3,assumption
S0171,Hemoglobin,11.85 g/dL (grade 1),165,C6D25,assumption
S0172,Absolute neutrophil count,within normal limits (value not simulated: no evidence),-7,SCREENING,assumption
S0172,Platelet count,within normal limits (value not simulated: no evidence),-7,SCREENING,assumption
S0172,Hemoglobin,within normal limits (value not simulated: no evidence),-7,SCREENING,assumption
S0172,ALT,within normal limits (value not simulated: no evidence),-7,SCREENING,assumption
S0172,Creatinine,within normal limits (value not simulated: no evidence),-7,SCREENING,assumption
S0173,Absolute neutrophil count,within normal limits (value not simulated: no evidence),-7,SCREENING,assumption
S0173,Platelet count,within normal limits (value not simulated: no evidence),-7,SCREENING,assumption
S0173,Hemoglobin,within normal limits (value not simulated: no evidence),-7,SCREENING,assumption
S0173,ALT,within normal limits (value not simulated: no evidence),-7,SCREENING,assumption
S0173,Creatinine,within normal limits (value not simulated: no evidence),-7,SCREENING,assumption
S0174,Absolute neutrophil count,within normal limits (value not simulated: no evidence),-7,SCREENING,assumption
S0174,Platelet count,within normal limits (value not simulated: no evidence),-7,SCREENING,assumption
S0174,Hemoglobin,within normal limits (value not simulated: no evidence),-7,SCREENING,assumption
S0174,ALT,within normal limits (value not simulated: no evidence),-7,SCREENING,assumption
S0174,Creatinine,within normal limits (value not simulated: no evidence),-7,SCREENING,assumption
S0175,Absolute neutrophil count,within normal limits (value not simulated: no evidence),-7,SCREENING,assumption
S0175,Platelet count,within normal limits (value not simulated: no evidence),-7,SCREENING,assumption
S0175,Hemoglobin,within normal limits (value not simulated: no evidence),-7,SCREENING,assumption
S0175,ALT,within normal limits (value not simulated: no evidence),-7,SCREENING,assumption
S0175,Creatinine,within normal limits (value not simulated: no evidence),-7,SCREENING,assumption
S0175,Absolute neutrophil count,1.77 10^9/L (grade 1),80,C3D24,assumption
S0175,Absolute neutrophil count,1.66 10^9/L (grade 1),84,C3D28,assumption
S0175,ALT,4.49 x ULN (grade 2),154,C6D14,assumption
S0175,Platelet count,74.89 10^9/L (grade 2),183,unscheduled,assumption
S0176,Absolute neutrophil count,within normal limits (value not simulated: no evidence),-7,SCREENING,assumption
S0176,Platelet count,within normal limits (value not simulated: no evidence),-7,SCREENING,assumption
S0176,Hemoglobin,within normal limits (value not simulated: no evidence),-7,SCREENING,assumption
S0176,ALT,within normal limits (value not simulated: no evidence),-7,SCREENING,assumption
S0176,Creatinine,within normal limits (value not simulated: no evidence),-7,SCREENING,assumption
S0176,Absolute neutrophil count,1.64 10^9/L (grade 1),26,C1D26,assumption
S0176,Absolute neutrophil count,1.37 10^9/L (grade 2),82,C3D26,assumption
S0176,Hemoglobin,9.39 g/dL (grade 2),87,C4D3,assumption
S0177,Absolute neutrophil count,within normal limits (value not simulated: no evidence),-7,SCREENING,assumption
S0177,Platelet count,within normal limits (value not simulated: no evidence),-7,SCREENING,assumption
S0177,Hemoglobin,within normal limits (value not simulated: no evidence),-7,SCREENING,assumption
S0177,ALT,within normal limits (value not simulated: no evidence),-7,SCREENING,assumption
S0177,Creatinine,within normal limits (value not simulated: no evidence),-7,SCREENING,assumption
S0177,Absolute neutrophil count,2 10^9/L (grade 1),196,unscheduled,assumption
S0178,Absolute neutrophil count,within normal limits (value not simulated: no evidence),-7,SCREENING,assumption
S0178,Platelet count,within normal limits (value not simulated: no evidence),-7,SCREENING,assumption
S0178,Hemoglobin,within normal limits (value not simulated: no evidence),-7,SCREENING,assumption
S0178,ALT,within normal limits (value not simulated: no evidence),-7,SCREENING,assumption
S0178,Creatinine,within normal limits (value not simulated: no evidence),-7,SCREENING,assumption
S0178,Hemoglobin,9.69 g/dL (grade 2),79,C3D23,assumption
S0179,Absolute neutrophil count,within normal limits (value not simulated: no evidence),-7,SCREENING,assumption
S0179,Platelet count,within normal limits (value not simulated: no evidence),-7,SCREENING,assumption
S0179,Hemoglobin,within normal limits (value not simulated: no evidence),-7,SCREENING,assumption
S0179,ALT,within normal limits (value not simulated: no evidence),-7,SCREENING,assumption
S0179,Creatinine,within normal limits (value not simulated: no evidence),-7,SCREENING,assumption
S0179,Hemoglobin,11.59 g/dL (grade 1),90,C4D6,assumption
S0179,ALT,2.58 x ULN (grade 1),196,unscheduled,assumption
S0180,Absolute neutrophil count,within normal limits (value not simulated: no evidence),-7,SCREENING,assumption
S0180,Platelet count,within normal limits (value not simulated: no evidence),-7,SCREENING,assumption
S0180,Hemoglobin,within normal limits (value not simulated: no evidence),-7,SCREENING,assumption
S0180,ALT,within normal limits (value not simulated: no evidence),-7,SCREENING,assumption
S0180,Creatinine,within normal limits (value not simulated: no evidence),-7,SCREENING,assumption
S0180,Hemoglobin,10.2 g/dL (grade 1),41,C2D13,assumption
S0180,Absolute neutrophil count,1.8 10^9/L (grade 1),86,C4D2,assumption
S0180,ALT,3.4 x ULN (grade 2),132,C5D20,assumption
S0181,Absolute neutrophil count,within normal limits (value not simulated: no evidence),-7,SCREENING,assumption
S0181,Platelet count,within normal limits (value not simulated: no evidence),-7,SCREENING,assumption
S0181,Hemoglobin,within normal limits (value not simulated: no evidence),-7,SCREENING,assumption
S0181,ALT,within normal limits (value not simulated: no evidence),-7,SCREENING,assumption
S0181,Creatinine,within normal limits (value not simulated: no evidence),-7,SCREENING,assumption
S0181,Hemoglobin,9.13 g/dL (grade 2),157,C6D17,assumption
S0182,Absolute neutrophil count,within normal limits (value not simulated: no evidence),-7,SCREENING,assumption
S0182,Platelet count,within normal limits (value not simulated: no evidence),-7,SCREENING,assumption
S0182,Hemoglobin,within normal limits (value not simulated: no evidence),-7,SCREENING,assumption
S0182,ALT,within normal limits (value not simulated: no evidence),-7,SCREENING,assumption
S0182,Creatinine,within normal limits (value not simulated: no evidence),-7,SCREENING,assumption
S0183,Absolute neutrophil count,within normal limits (value not simulated: no evidence),-7,SCREENING,assumption
S0183,Platelet count,within normal limits (value not simulated: no evidence),-7,SCREENING,assumption
S0183,Hemoglobin,within normal limits (value not simulated: no evidence),-7,SCREENING,assumption
S0183,ALT,within normal limits (value not simulated: no evidence),-7,SCREENING,assumption
S0183,Creatinine,within normal limits (value not simulated: no evidence),-7,SCREENING,assumption
S0183,Absolute neutrophil count,1.07 10^9/L (grade 2),11,C1D11,assumption
S0183,Platelet count,50.41 10^9/L (grade 2),20,C1D20,assumption
S0183,Absolute neutrophil count,1.54 10^9/L (grade 1),77,C3D21,assumption
S0184,Absolute neutrophil count,within normal limits (value not simulated: no evidence),-7,SCREENING,assumption
S0184,Platelet count,within normal limits (value not simulated: no evidence),-7,SCREENING,assumption
S0184,Hemoglobin,within normal limits (value not simulated: no evidence),-7,SCREENING,assumption
S0184,ALT,within normal limits (value not simulated: no evidence),-7,SCREENING,assumption
S0184,Creatinine,within normal limits (value not simulated: no evidence),-7,SCREENING,assumption
S0184,Platelet count,53.93 10^9/L (grade 2),46,C2D18,assumption
S0184,Absolute neutrophil count,1.68 10^9/L (grade 1),123,C5D11,assumption
S0184,Hemoglobin,10.87 g/dL (grade 1),165,C6D25,assumption
S0185,Absolute neutrophil count,within normal limits (value not simulated: no evidence),-7,SCREENING,assumption
S0185,Platelet count,within normal limits (value not simulated: no evidence),-7,SCREENING,assumption
S0185,Hemoglobin,within normal limits (value not simulated: no evidence),-7,SCREENING,assumption
S0185,ALT,within normal limits (value not simulated: no evidence),-7,SCREENING,assumption
S0185,Creatinine,within normal limits (value not simulated: no evidence),-7,SCREENING,assumption
S0185,Absolute neutrophil count,1.25 10^9/L (grade 2),155,C6D15,assumption
S0186,Absolute neutrophil count,within normal limits (value not simulated: no evidence),-7,SCREENING,assumption
S0186,Platelet count,within normal limits (value not simulated: no evidence),-7,SCREENING,assumption
S0186,Hemoglobin,within normal limits (value not simulated: no evidence),-7,SCREENING,assumption
S0186,ALT,within normal limits (value not simulated: no evidence),-7,SCREENING,assumption
S0186,Creatinine,within normal limits (value not simulated: no evidence),-7,SCREENING,assumption
S0186,Absolute neutrophil count,1.55 10^9/L (grade 1),102,C4D18,assumption
S0187,Absolute neutrophil count,within normal limits (value not simulated: no evidence),-7,SCREENING,assumption
S0187,Platelet count,within normal limits (value not simulated: no evidence),-7,SCREENING,assumption
S0187,Hemoglobin,within normal limits (value not simulated: no evidence),-7,SCREENING,assumption
S0187,ALT,within normal limits (value not simulated: no evidence),-7,SCREENING,assumption
S0187,Creatinine,within normal limits (value not simulated: no evidence),-7,SCREENING,assumption
S0187,Absolute neutrophil count,1.8 10^9/L (grade 1),110,C4D26,assumption
S0187,Absolute neutrophil count,1.91 10^9/L (grade 1),192,unscheduled,assumption
S0188,Absolute neutrophil count,within normal limits (value not simulated: no evidence),-7,SCREENING,assumption
S0188,Platelet count,within normal limits (value not simulated: no evidence),-7,SCREENING,assumption
S0188,Hemoglobin,within normal limits (value not simulated: no evidence),-7,SCREENING,assumption
S0188,ALT,within normal limits (value not simulated: no evidence),-7,SCREENING,assumption
S0188,Creatinine,within normal limits (value not simulated: no evidence),-7,SCREENING,assumption
S0188,Absolute neutrophil count,1.75 10^9/L (grade 1),84,C3D28,assumption
S0189,Absolute neutrophil count,within normal limits (value not simulated: no evidence),-7,SCREENING,assumption
S0189,Platelet count,within normal limits (value not simulated: no evidence),-7,SCREENING,assumption
S0189,Hemoglobin,within normal limits (value not simulated: no evidence),-7,SCREENING,assumption
S0189,ALT,within normal limits (value not simulated: no evidence),-7,SCREENING,assumption
S0189,Creatinine,within normal limits (value not simulated: no evidence),-7,SCREENING,assumption
S0189,Absolute neutrophil count,1.8 10^9/L (grade 1),183,unscheduled,assumption
S0189,Platelet count,110.47 10^9/L (grade 1),187,unscheduled,assumption
S0190,Absolute neutrophil count,within normal limits (value not simulated: no evidence),-7,SCREENING,assumption
S0190,Platelet count,within normal limits (value not simulated: no evidence),-7,SCREENING,assumption
S0190,Hemoglobin,within normal limits (value not simulated: no evidence),-7,SCREENING,assumption
S0190,ALT,within normal limits (value not simulated: no evidence),-7,SCREENING,assumption
S0190,Creatinine,within normal limits (value not simulated: no evidence),-7,SCREENING,assumption
S0190,Platelet count,69.37 10^9/L (grade 2),21,C1D21,assumption
S0190,Absolute neutrophil count,1.7 10^9/L (grade 1),29,C2D1,assumption
S0190,ALT,2.75 x ULN (grade 1),36,C2D8,assumption
S0190,Absolute neutrophil count,1.79 10^9/L (grade 1),177,unscheduled,assumption
S0191,Absolute neutrophil count,within normal limits (value not simulated: no evidence),-7,SCREENING,assumption
S0191,Platelet count,within normal limits (value not simulated: no evidence),-7,SCREENING,assumption
S0191,Hemoglobin,within normal limits (value not simulated: no evidence),-7,SCREENING,assumption
S0191,ALT,within normal limits (value not simulated: no evidence),-7,SCREENING,assumption
S0191,Creatinine,within normal limits (value not simulated: no evidence),-7,SCREENING,assumption
S0191,Absolute neutrophil count,1.81 10^9/L (grade 1),93,C4D9,assumption
S0191,Platelet count,61.53 10^9/L (grade 2),129,C5D17,assumption
S0191,Absolute neutrophil count,1.63 10^9/L (grade 1),187,unscheduled,assumption
S0192,Absolute neutrophil count,within normal limits (value not simulated: no evidence),-7,SCREENING,assumption
S0192,Platelet count,within normal limits (value not simulated: no evidence),-7,SCREENING,assumption
S0192,Hemoglobin,within normal limits (value not simulated: no evidence),-7,SCREENING,assumption
S0192,ALT,within normal limits (value not simulated: no evidence),-7,SCREENING,assumption
S0192,Creatinine,within normal limits (value not simulated: no evidence),-7,SCREENING,assumption
S0192,Absolute neutrophil count,1.67 10^9/L (grade 1),164,C6D24,assumption
S0192,Absolute neutrophil count,1.58 10^9/L (grade 1),180,unscheduled,assumption
S0192,Hemoglobin,11.53 g/dL (grade 1),188,unscheduled,assumption
S0193,Absolute neutrophil count,within normal limits (value not simulated: no evidence),-7,SCREENING,assumption
S0193,Platelet count,within normal limits (value not simulated: no evidence),-7,SCREENING,assumption
S0193,Hemoglobin,within normal limits (value not simulated: no evidence),-7,SCREENING,assumption
S0193,ALT,within normal limits (value not simulated: no evidence),-7,SCREENING,assumption
S0193,Creatinine,within normal limits (value not simulated: no evidence),-7,SCREENING,assumption
S0193,Hemoglobin,8.75 g/dL (grade 2),20,C1D20,assumption
S0194,Absolute neutrophil count,within normal limits (value not simulated: no evidence),-7,SCREENING,assumption
S0194,Platelet count,within normal limits (value not simulated: no evidence),-7,SCREENING,assumption
S0194,Hemoglobin,within normal limits (value not simulated: no evidence),-7,SCREENING,assumption
S0194,ALT,within normal limits (value not simulated: no evidence),-7,SCREENING,assumption
S0194,Creatinine,within normal limits (value not simulated: no evidence),-7,SCREENING,assumption
S0195,Absolute neutrophil count,within normal limits (value not simulated: no evidence),-7,SCREENING,assumption
S0195,Platelet count,within normal limits (value not simulated: no evidence),-7,SCREENING,assumption
S0195,Hemoglobin,within normal limits (value not simulated: no evidence),-7,SCREENING,assumption
S0195,ALT,within normal limits (value not simulated: no evidence),-7,SCREENING,assumption
S0195,Creatinine,within normal limits (value not simulated: no evidence),-7,SCREENING,assumption
S0195,Absolute neutrophil count,1.53 10^9/L (grade 1),62,C3D6,assumption
S0195,Platelet count,124.22 10^9/L (grade 1),89,C4D5,assumption
S0195,Hemoglobin,10.86 g/dL (grade 1),108,C4D24,assumption
S0195,Absolute neutrophil count,1.95 10^9/L (grade 1),133,C5D21,assumption
S0196,Absolute neutrophil count,within normal limits (value not simulated: no evidence),-7,SCREENING,assumption
S0196,Platelet count,within normal limits (value not simulated: no evidence),-7,SCREENING,assumption
S0196,Hemoglobin,within normal limits (value not simulated: no evidence),-7,SCREENING,assumption
S0196,ALT,within normal limits (value not simulated: no evidence),-7,SCREENING,assumption
S0196,Creatinine,within normal limits (value not simulated: no evidence),-7,SCREENING,assumption
S0197,Absolute neutrophil count,within normal limits (value not simulated: no evidence),-7,SCREENING,assumption
S0197,Platelet count,within normal limits (value not simulated: no evidence),-7,SCREENING,assumption
S0197,Hemoglobin,within normal limits (value not simulated: no evidence),-7,SCREENING,assumption
S0197,ALT,within normal limits (value not simulated: no evidence),-7,SCREENING,assumption
S0197,Creatinine,within normal limits (value not simulated: no evidence),-7,SCREENING,assumption
S0198,Absolute neutrophil count,within normal limits (value not simulated: no evidence),-7,SCREENING,assumption
S0198,Platelet count,within normal limits (value not simulated: no evidence),-7,SCREENING,assumption
S0198,Hemoglobin,within normal limits (value not simulated: no evidence),-7,SCREENING,assumption
S0198,ALT,within normal limits (value not simulated: no evidence),-7,SCREENING,assumption
S0198,Creatinine,within normal limits (value not simulated: no evidence),-7,SCREENING,assumption
S0198,Absolute neutrophil count,1.28 10^9/L (grade 2),36,C2D8,assumption
S0198,Hemoglobin,10.36 g/dL (grade 1),160,C6D20,assumption
S0199,Absolute neutrophil count,within normal limits (value not simulated: no evidence),-7,SCREENING,assumption
S0199,Platelet count,within normal limits (value not simulated: no evidence),-7,SCREENING,assumption
S0199,Hemoglobin,within normal limits (value not simulated: no evidence),-7,SCREENING,assumption
S0199,ALT,within normal limits (value not simulated: no evidence),-7,SCREENING,assumption
S0199,Creatinine,within normal limits (value not simulated: no evidence),-7,SCREENING,assumption
S0200,Absolute neutrophil count,within normal limits (value not simulated: no evidence),-7,SCREENING,assumption
S0200,Platelet count,within normal limits (value not simulated: no evidence),-7,SCREENING,assumption
S0200,Hemoglobin,within normal limits (value not simulated: no evidence),-7,SCREENING,assumption
S0200,ALT,within normal limits (value not simulated: no evidence),-7,SCREENING,assumption
S0200,Creatinine,within normal limits (value not simulated: no evidence),-7,SCREENING,assumption
S0200,Absolute neutrophil count,1.34 10^9/L (grade 2),40,C2D12,assumption
S0200,Hemoglobin,11.16 g/dL (grade 1),56,C2D28,assumption
S0200,ALT,2.2 x ULN (grade 1),93,C4D9,assumption
S0201,Absolute neutrophil count,within normal limits (value not simulated: no evidence),-7,SCREENING,assumption
S0201,Platelet count,within normal limits (value not simulated: no evidence),-7,SCREENING,assumption
S0201,Hemoglobin,within normal limits (value not simulated: no evidence),-7,SCREENING,assumption
S0201,ALT,within normal limits (value not simulated: no evidence),-7,SCREENING,assumption
S0201,Creatinine,within normal limits (value not simulated: no evidence),-7,SCREENING,assumption
S0201,ALT,2.35 x ULN (grade 1),3,C1D3,assumption
S0201,Absolute neutrophil count,1.32 10^9/L (grade 2),101,C4D17,assumption
S0201,Absolute neutrophil count,1.65 10^9/L (grade 1),108,C4D24,assumption
S0201,Platelet count,68.65 10^9/L (grade 2),141,C6D1,assumption
S0201,Hemoglobin,11.58 g/dL (grade 1),190,unscheduled,assumption
S0202,Absolute neutrophil count,within normal limits (value not simulated: no evidence),-7,SCREENING,assumption
S0202,Platelet count,within normal limits (value not simulated: no evidence),-7,SCREENING,assumption
S0202,Hemoglobin,within normal limits (value not simulated: no evidence),-7,SCREENING,assumption
S0202,ALT,within normal limits (value not simulated: no evidence),-7,SCREENING,assumption
S0202,Creatinine,within normal limits (value not simulated: no evidence),-7,SCREENING,assumption
S0203,Absolute neutrophil count,within normal limits (value not simulated: no evidence),-7,SCREENING,assumption
S0203,Platelet count,within normal limits (value not simulated: no evidence),-7,SCREENING,assumption
S0203,Hemoglobin,within normal limits (value not simulated: no evidence),-7,SCREENING,assumption
S0203,ALT,within normal limits (value not simulated: no evidence),-7,SCREENING,assumption
S0203,Creatinine,within normal limits (value not simulated: no evidence),-7,SCREENING,assumption
S0203,Hemoglobin,9.03 g/dL (grade 2),34,C2D6,assumption
S0203,Absolute neutrophil count,1.78 10^9/L (grade 1),110,C4D26,assumption
S0203,Platelet count,141.58 10^9/L (grade 1),119,C5D7,assumption
S0204,Absolute neutrophil count,within normal limits (value not simulated: no evidence),-7,SCREENING,assumption
S0204,Platelet count,within normal limits (value not simulated: no evidence),-7,SCREENING,assumption
S0204,Hemoglobin,within normal limits (value not simulated: no evidence),-7,SCREENING,assumption
S0204,ALT,within normal limits (value not simulated: no evidence),-7,SCREENING,assumption
S0204,Creatinine,within normal limits (value not simulated: no evidence),-7,SCREENING,assumption
S0204,ALT,3.6 x ULN (grade 2),47,C2D19,assumption
S0204,Absolute neutrophil count,1.47 10^9/L (grade 2),125,C5D13,assumption
S0205,Absolute neutrophil count,within normal limits (value not simulated: no evidence),-7,SCREENING,assumption
S0205,Platelet count,within normal limits (value not simulated: no evidence),-7,SCREENING,assumption
S0205,Hemoglobin,within normal limits (value not simulated: no evidence),-7,SCREENING,assumption
S0205,ALT,within normal limits (value not simulated: no evidence),-7,SCREENING,assumption
S0205,Creatinine,within normal limits (value not simulated: no evidence),-7,SCREENING,assumption
S0205,Absolute neutrophil count,1.48 10^9/L (grade 2),1,C1D1,assumption
S0205,Hemoglobin,10.8 g/dL (grade 1),24,C1D24,assumption
S0205,Absolute neutrophil count,1.56 10^9/L (grade 1),36,C2D8,assumption
S0206,Absolute neutrophil count,within normal limits (value not simulated: no evidence),-7,SCREENING,assumption
S0206,Platelet count,within normal limits (value not simulated: no evidence),-7,SCREENING,assumption
S0206,Hemoglobin,within normal limits (value not simulated: no evidence),-7,SCREENING,assumption
S0206,ALT,within normal limits (value not simulated: no evidence),-7,SCREENING,assumption
S0206,Creatinine,within normal limits (value not simulated: no evidence),-7,SCREENING,assumption
S0207,Absolute neutrophil count,within normal limits (value not simulated: no evidence),-7,SCREENING,assumption
S0207,Platelet count,within normal limits (value not simulated: no evidence),-7,SCREENING,assumption
S0207,Hemoglobin,within normal limits (value not simulated: no evidence),-7,SCREENING,assumption
S0207,ALT,within normal limits (value not simulated: no evidence),-7,SCREENING,assumption
S0207,Creatinine,within normal limits (value not simulated: no evidence),-7,SCREENING,assumption
S0207,Platelet count,67.92 10^9/L (grade 2),28,C1D28,assumption
S0207,Hemoglobin,9.96 g/dL (grade 2),39,C2D11,assumption
S0207,Absolute neutrophil count,1.3 10^9/L (grade 2),43,C2D15,assumption
S0207,Absolute neutrophil count,1.6 10^9/L (grade 1),45,C2D17,assumption
S0208,Absolute neutrophil count,within normal limits (value not simulated: no evidence),-7,SCREENING,assumption
S0208,Platelet count,within normal limits (value not simulated: no evidence),-7,SCREENING,assumption
S0208,Hemoglobin,within normal limits (value not simulated: no evidence),-7,SCREENING,assumption
S0208,ALT,within normal limits (value not simulated: no evidence),-7,SCREENING,assumption
S0208,Creatinine,within normal limits (value not simulated: no evidence),-7,SCREENING,assumption
S0208,Hemoglobin,8.74 g/dL (grade 2),100,C4D16,assumption
S0209,Absolute neutrophil count,within normal limits (value not simulated: no evidence),-7,SCREENING,assumption
S0209,Platelet count,within normal limits (value not simulated: no evidence),-7,SCREENING,assumption
S0209,Hemoglobin,within normal limits (value not simulated: no evidence),-7,SCREENING,assumption
S0209,ALT,within normal limits (value not simulated: no evidence),-7,SCREENING,assumption
S0209,Creatinine,within normal limits (value not simulated: no evidence),-7,SCREENING,assumption
S0209,White blood cell count,1.03 10^9/L (grade 3),70,C3D14,assumption
S0209,ALT,11.1 x ULN (grade 3),80,C3D24,assumption
S0209,ALT,4.15 x ULN (grade 2),127,C5D15,assumption
S0209,Hemoglobin,10.54 g/dL (grade 1),159,C6D19,assumption
S0209,Absolute neutrophil count,1.89 10^9/L (grade 1),164,C6D24,assumption
S0209,Absolute neutrophil count,1.67 10^9/L (grade 1),173,unscheduled,assumption
S0209,White blood cell count,3.53 10^9/L (grade 1),192,unscheduled,assumption
S0209,Absolute neutrophil count,0.95 10^9/L (grade 3),194,unscheduled,assumption
S0210,Absolute neutrophil count,within normal limits (value not simulated: no evidence),-7,SCREENING,assumption
S0210,Platelet count,within normal limits (value not simulated: no evidence),-7,SCREENING,assumption
S0210,Hemoglobin,within normal limits (value not simulated: no evidence),-7,SCREENING,assumption
S0210,ALT,within normal limits (value not simulated: no evidence),-7,SCREENING,assumption
S0210,Creatinine,within normal limits (value not simulated: no evidence),-7,SCREENING,assumption
S0211,Absolute neutrophil count,within normal limits (value not simulated: no evidence),-7,SCREENING,assumption
S0211,Platelet count,within normal limits (value not simulated: no evidence),-7,SCREENING,assumption
S0211,Hemoglobin,within normal limits (value not simulated: no evidence),-7,SCREENING,assumption
S0211,ALT,within normal limits (value not simulated: no evidence),-7,SCREENING,assumption
S0211,Creatinine,within normal limits (value not simulated: no evidence),-7,SCREENING,assumption
S0211,Platelet count,89.1 10^9/L (grade 1),71,C3D15,assumption
S0211,Absolute neutrophil count,1.05 10^9/L (grade 2),178,unscheduled,assumption
S0211,Absolute neutrophil count,1.57 10^9/L (grade 1),197,unscheduled,assumption
S0212,Absolute neutrophil count,within normal limits (value not simulated: no evidence),-7,SCREENING,assumption
S0212,Platelet count,within normal limits (value not simulated: no evidence),-7,SCREENING,assumption
S0212,Hemoglobin,within normal limits (value not simulated: no evidence),-7,SCREENING,assumption
S0212,ALT,within normal limits (value not simulated: no evidence),-7,SCREENING,assumption
S0212,Creatinine,within normal limits (value not simulated: no evidence),-7,SCREENING,assumption
S0212,Hemoglobin,8.54 g/dL (grade 2),51,C2D23,assumption
S0212,Absolute neutrophil count,1.54 10^9/L (grade 1),182,unscheduled,assumption
S0213,Absolute neutrophil count,within normal limits (value not simulated: no evidence),-7,SCREENING,assumption
S0213,Platelet count,within normal limits (value not simulated: no evidence),-7,SCREENING,assumption
S0213,Hemoglobin,within normal limits (value not simulated: no evidence),-7,SCREENING,assumption
S0213,ALT,within normal limits (value not simulated: no evidence),-7,SCREENING,assumption
S0213,Creatinine,within normal limits (value not simulated: no evidence),-7,SCREENING,assumption
S0214,Absolute neutrophil count,within normal limits (value not simulated: no evidence),-7,SCREENING,assumption
S0214,Platelet count,within normal limits (value not simulated: no evidence),-7,SCREENING,assumption
S0214,Hemoglobin,within normal limits (value not simulated: no evidence),-7,SCREENING,assumption
S0214,ALT,within normal limits (value not simulated: no evidence),-7,SCREENING,assumption
S0214,Creatinine,within normal limits (value not simulated: no evidence),-7,SCREENING,assumption
S0215,Absolute neutrophil count,within normal limits (value not simulated: no evidence),-7,SCREENING,assumption
S0215,Platelet count,within normal limits (value not simulated: no evidence),-7,SCREENING,assumption
S0215,Hemoglobin,within normal limits (value not simulated: no evidence),-7,SCREENING,assumption
S0215,ALT,within normal limits (value not simulated: no evidence),-7,SCREENING,assumption
S0215,Creatinine,within normal limits (value not simulated: no evidence),-7,SCREENING,assumption
S0215,Absolute neutrophil count,1.39 10^9/L (grade 2),43,C2D15,assumption
S0215,Absolute neutrophil count,1 10^9/L (grade 2),124,C5D12,assumption
S0216,Absolute neutrophil count,within normal limits (value not simulated: no evidence),-7,SCREENING,assumption
S0216,Platelet count,within normal limits (value not simulated: no evidence),-7,SCREENING,assumption
S0216,Hemoglobin,within normal limits (value not simulated: no evidence),-7,SCREENING,assumption
S0216,ALT,within normal limits (value not simulated: no evidence),-7,SCREENING,assumption
S0216,Creatinine,within normal limits (value not simulated: no evidence),-7,SCREENING,assumption
S0217,Absolute neutrophil count,within normal limits (value not simulated: no evidence),-7,SCREENING,assumption
S0217,Platelet count,within normal limits (value not simulated: no evidence),-7,SCREENING,assumption
S0217,Hemoglobin,within normal limits (value not simulated: no evidence),-7,SCREENING,assumption
S0217,ALT,within normal limits (value not simulated: no evidence),-7,SCREENING,assumption
S0217,Creatinine,within normal limits (value not simulated: no evidence),-7,SCREENING,assumption
S0217,Platelet count,90.45 10^9/L (grade 1),17,C1D17,assumption
S0217,Absolute neutrophil count,1.35 10^9/L (grade 2),23,C1D23,assumption
S0217,Absolute neutrophil count,1.24 10^9/L (grade 2),85,C4D1,assumption
S0217,ALT,3.21 x ULN (grade 2),100,C4D16,assumption
S0218,Absolute neutrophil count,within normal limits (value not simulated: no evidence),-7,SCREENING,assumption
S0218,Platelet count,within normal limits (value not simulated: no evidence),-7,SCREENING,assumption
S0218,Hemoglobin,within normal limits (value not simulated: no evidence),-7,SCREENING,assumption
S0218,ALT,within normal limits (value not simulated: no evidence),-7,SCREENING,assumption
S0218,Creatinine,within normal limits (value not simulated: no evidence),-7,SCREENING,assumption
S0218,Absolute neutrophil count,1.72 10^9/L (grade 1),15,C1D15,assumption
S0218,Absolute neutrophil count,1.78 10^9/L (grade 1),40,C2D12,assumption
S0219,Absolute neutrophil count,within normal limits (value not simulated: no evidence),-7,SCREENING,assumption
S0219,Platelet count,within normal limits (value not simulated: no evidence),-7,SCREENING,assumption
S0219,Hemoglobin,within normal limits (value not simulated: no evidence),-7,SCREENING,assumption
S0219,ALT,within normal limits (value not simulated: no evidence),-7,SCREENING,assumption
S0219,Creatinine,within normal limits (value not simulated: no evidence),-7,SCREENING,assumption
S0220,Absolute neutrophil count,within normal limits (value not simulated: no evidence),-7,SCREENING,assumption
S0220,Platelet count,within normal limits (value not simulated: no evidence),-7,SCREENING,assumption
S0220,Hemoglobin,within normal limits (value not simulated: no evidence),-7,SCREENING,assumption
S0220,ALT,within normal limits (value not simulated: no evidence),-7,SCREENING,assumption
S0220,Creatinine,within normal limits (value not simulated: no evidence),-7,SCREENING,assumption
S0221,Absolute neutrophil count,within normal limits (value not simulated: no evidence),-7,SCREENING,assumption
S0221,Platelet count,within normal limits (value not simulated: no evidence),-7,SCREENING,assumption
S0221,Hemoglobin,within normal limits (value not simulated: no evidence),-7,SCREENING,assumption
S0221,ALT,within normal limits (value not simulated: no evidence),-7,SCREENING,assumption
S0221,Creatinine,within normal limits (value not simulated: no evidence),-7,SCREENING,assumption
S0221,Hemoglobin,8.48 g/dL (grade 2),15,C1D15,assumption
S0221,Absolute neutrophil count,1.32 10^9/L (grade 2),23,C1D23,assumption
S0222,Absolute neutrophil count,within normal limits (value not simulated: no evidence),-7,SCREENING,assumption
S0222,Platelet count,within normal limits (value not simulated: no evidence),-7,SCREENING,assumption
S0222,Hemoglobin,within normal limits (value not simulated: no evidence),-7,SCREENING,assumption
S0222,ALT,within normal limits (value not simulated: no evidence),-7,SCREENING,assumption
S0222,Creatinine,within normal limits (value not simulated: no evidence),-7,SCREENING,assumption
S0222,Platelet count,66.72 10^9/L (grade 2),17,C1D17,assumption
S0222,Absolute neutrophil count,1.29 10^9/L (grade 2),53,C2D25,assumption
S0222,Absolute neutrophil count,1.4 10^9/L (grade 2),59,C3D3,assumption
S0223,Absolute neutrophil count,within normal limits (value not simulated: no evidence),-7,SCREENING,assumption
S0223,Platelet count,within normal limits (value not simulated: no evidence),-7,SCREENING,assumption
S0223,Hemoglobin,within normal limits (value not simulated: no evidence),-7,SCREENING,assumption
S0223,ALT,within normal limits (value not simulated: no evidence),-7,SCREENING,assumption
S0223,Creatinine,within normal limits (value not simulated: no evidence),-7,SCREENING,assumption
S0223,ALT,1.23 x ULN (grade 1),3,C1D3,assumption
S0223,Absolute neutrophil count,1.35 10^9/L (grade 2),145,C6D5,assumption
S0223,Absolute neutrophil count,1.43 10^9/L (grade 2),198,unscheduled,assumption
S0224,Absolute neutrophil count,within normal limits (value not simulated: no evidence),-7,SCREENING,assumption
S0224,Platelet count,within normal limits (value not simulated: no evidence),-7,SCREENING,assumption
S0224,Hemoglobin,within normal limits (value not simulated: no evidence),-7,SCREENING,assumption
S0224,ALT,within normal limits (value not simulated: no evidence),-7,SCREENING,assumption
S0224,Creatinine,within normal limits (value not simulated: no evidence),-7,SCREENING,assumption
S0225,Absolute neutrophil count,within normal limits (value not simulated: no evidence),-7,SCREENING,assumption
S0225,Platelet count,within normal limits (value not simulated: no evidence),-7,SCREENING,assumption
S0225,Hemoglobin,within normal limits (value not simulated: no evidence),-7,SCREENING,assumption
S0225,ALT,within normal limits (value not simulated: no evidence),-7,SCREENING,assumption
S0225,Creatinine,within normal limits (value not simulated: no evidence),-7,SCREENING,assumption
S0225,Absolute neutrophil count,1.68 10^9/L (grade 1),95,C4D11,assumption
S0225,Absolute neutrophil count,1.96 10^9/L (grade 1),156,C6D16,assumption
S0225,Hemoglobin,10.02 g/dL (grade 1),168,C6D28,assumption
S0226,Absolute neutrophil count,within normal limits (value not simulated: no evidence),-7,SCREENING,assumption
S0226,Platelet count,within normal limits (value not simulated: no evidence),-7,SCREENING,assumption
S0226,Hemoglobin,within normal limits (value not simulated: no evidence),-7,SCREENING,assumption
S0226,ALT,within normal limits (value not simulated: no evidence),-7,SCREENING,assumption
S0226,Creatinine,within normal limits (value not simulated: no evidence),-7,SCREENING,assumption
S0226,Absolute neutrophil count,1 10^9/L (grade 2),66,C3D10,assumption
S0227,Absolute neutrophil count,within normal limits (value not simulated: no evidence),-7,SCREENING,assumption
S0227,Platelet count,within normal limits (value not simulated: no evidence),-7,SCREENING,assumption
S0227,Hemoglobin,within normal limits (value not simulated: no evidence),-7,SCREENING,assumption
S0227,ALT,within normal limits (value not simulated: no evidence),-7,SCREENING,assumption
S0227,Creatinine,within normal limits (value not simulated: no evidence),-7,SCREENING,assumption
S0227,Hemoglobin,11.94 g/dL (grade 1),57,C3D1,assumption
S0227,Platelet count,93.37 10^9/L (grade 1),74,C3D18,assumption
S0227,Absolute neutrophil count,1.55 10^9/L (grade 1),116,C5D4,assumption
S0227,Absolute neutrophil count,1.94 10^9/L (grade 1),150,C6D10,assumption
S0228,Absolute neutrophil count,within normal limits (value not simulated: no evidence),-7,SCREENING,assumption
S0228,Platelet count,within normal limits (value not simulated: no evidence),-7,SCREENING,assumption
S0228,Hemoglobin,within normal limits (value not simulated: no evidence),-7,SCREENING,assumption
S0228,ALT,within normal limits (value not simulated: no evidence),-7,SCREENING,assumption
S0228,Creatinine,within normal limits (value not simulated: no evidence),-7,SCREENING,assumption
S0228,Platelet count,57.84 10^9/L (grade 2),33,C2D5,assumption
S0228,Absolute neutrophil count,1.71 10^9/L (grade 1),54,C2D26,assumption
S0228,Hemoglobin,11.43 g/dL (grade 1),75,C3D19,assumption
S0229,Absolute neutrophil count,within normal limits (value not simulated: no evidence),-7,SCREENING,assumption
S0229,Platelet count,within normal limits (value not simulated: no evidence),-7,SCREENING,assumption
S0229,Hemoglobin,within normal limits (value not simulated: no evidence),-7,SCREENING,assumption
S0229,ALT,within normal limits (value not simulated: no evidence),-7,SCREENING,assumption
S0229,Creatinine,within normal limits (value not simulated: no evidence),-7,SCREENING,assumption
S0229,Absolute neutrophil count,1.26 10^9/L (grade 2),105,C4D21,assumption
S0230,Absolute neutrophil count,within normal limits (value not simulated: no evidence),-7,SCREENING,assumption
S0230,Platelet count,within normal limits (value not simulated: no evidence),-7,SCREENING,assumption
S0230,Hemoglobin,within normal limits (value not simulated: no evidence),-7,SCREENING,assumption
S0230,ALT,within normal limits (value not simulated: no evidence),-7,SCREENING,assumption
S0230,Creatinine,within normal limits (value not simulated: no evidence),-7,SCREENING,assumption
S0230,Absolute neutrophil count,1.75 10^9/L (grade 1),28,C1D28,assumption
S0230,Hemoglobin,10.49 g/dL (grade 1),54,C2D26,assumption
S0230,Absolute neutrophil count,1.92 10^9/L (grade 1),98,C4D14,assumption
S0231,Absolute neutrophil count,within normal limits (value not simulated: no evidence),-7,SCREENING,assumption
S0231,Platelet count,within normal limits (value not simulated: no evidence),-7,SCREENING,assumption
S0231,Hemoglobin,within normal limits (value not simulated: no evidence),-7,SCREENING,assumption
S0231,ALT,within normal limits (value not simulated: no evidence),-7,SCREENING,assumption
S0231,Creatinine,within normal limits (value not simulated: no evidence),-7,SCREENING,assumption
S0232,Absolute neutrophil count,within normal limits (value not simulated: no evidence),-7,SCREENING,assumption
S0232,Platelet count,within normal limits (value not simulated: no evidence),-7,SCREENING,assumption
S0232,Hemoglobin,within normal limits (value not simulated: no evidence),-7,SCREENING,assumption
S0232,ALT,within normal limits (value not simulated: no evidence),-7,SCREENING,assumption
S0232,Creatinine,within normal limits (value not simulated: no evidence),-7,SCREENING,assumption
S0233,Absolute neutrophil count,within normal limits (value not simulated: no evidence),-7,SCREENING,assumption
S0233,Platelet count,within normal limits (value not simulated: no evidence),-7,SCREENING,assumption
S0233,Hemoglobin,within normal limits (value not simulated: no evidence),-7,SCREENING,assumption
S0233,ALT,within normal limits (value not simulated: no evidence),-7,SCREENING,assumption
S0233,Creatinine,within normal limits (value not simulated: no evidence),-7,SCREENING,assumption
S0233,Absolute neutrophil count,1.74 10^9/L (grade 1),17,C1D17,assumption
S0233,Platelet count,69.46 10^9/L (grade 2),141,C6D1,assumption
S0233,Absolute neutrophil count,1.09 10^9/L (grade 2),194,unscheduled,assumption
S0234,Absolute neutrophil count,within normal limits (value not simulated: no evidence),-7,SCREENING,assumption
S0234,Platelet count,within normal limits (value not simulated: no evidence),-7,SCREENING,assumption
S0234,Hemoglobin,within normal limits (value not simulated: no evidence),-7,SCREENING,assumption
S0234,ALT,within normal limits (value not simulated: no evidence),-7,SCREENING,assumption
S0234,Creatinine,within normal limits (value not simulated: no evidence),-7,SCREENING,assumption
S0234,Absolute neutrophil count,1.91 10^9/L (grade 1),63,C3D7,assumption
S0234,Absolute neutrophil count,1.23 10^9/L (grade 2),68,C3D12,assumption
S0235,Absolute neutrophil count,within normal limits (value not simulated: no evidence),-7,SCREENING,assumption
S0235,Platelet count,within normal limits (value not simulated: no evidence),-7,SCREENING,assumption
S0235,Hemoglobin,within normal limits (value not simulated: no evidence),-7,SCREENING,assumption
S0235,ALT,within normal limits (value not simulated: no evidence),-7,SCREENING,assumption
S0235,Creatinine,within normal limits (value not simulated: no evidence),-7,SCREENING,assumption
S0235,Absolute neutrophil count,1.44 10^9/L (grade 2),51,C2D23,assumption
S0235,Absolute neutrophil count,1.43 10^9/L (grade 2),98,C4D14,assumption
S0236,Absolute neutrophil count,within normal limits (value not simulated: no evidence),-7,SCREENING,assumption
S0236,Platelet count,within normal limits (value not simulated: no evidence),-7,SCREENING,assumption
S0236,Hemoglobin,within normal limits (value not simulated: no evidence),-7,SCREENING,assumption
S0236,ALT,within normal limits (value not simulated: no evidence),-7,SCREENING,assumption
S0236,Creatinine,within normal limits (value not simulated: no evidence),-7,SCREENING,assumption
S0236,Platelet count,128.92 10^9/L (grade 1),30,C2D2,assumption
S0236,White blood cell count,1.53 10^9/L (grade 3),69,C3D13,assumption
S0236,ALT,3.92 x ULN (grade 2),125,C5D13,assumption
S0236,Absolute neutrophil count,1.1 10^9/L (grade 2),150,C6D10,assumption
S0236,Absolute neutrophil count,1.58 10^9/L (grade 1),165,C6D25,assumption
S0237,Absolute neutrophil count,within normal limits (value not simulated: no evidence),-7,SCREENING,assumption
S0237,Platelet count,within normal limits (value not simulated: no evidence),-7,SCREENING,assumption
S0237,Hemoglobin,within normal limits (value not simulated: no evidence),-7,SCREENING,assumption
S0237,ALT,within normal limits (value not simulated: no evidence),-7,SCREENING,assumption
S0237,Creatinine,within normal limits (value not simulated: no evidence),-7,SCREENING,assumption
S0237,Absolute neutrophil count,1.65 10^9/L (grade 1),7,C1D7,assumption
S0237,Hemoglobin,9.71 g/dL (grade 2),127,C5D15,assumption
S0238,Absolute neutrophil count,within normal limits (value not simulated: no evidence),-7,SCREENING,assumption
S0238,Platelet count,within normal limits (value not simulated: no evidence),-7,SCREENING,assumption
S0238,Hemoglobin,within normal limits (value not simulated: no evidence),-7,SCREENING,assumption
S0238,ALT,within normal limits (value not simulated: no evidence),-7,SCREENING,assumption
S0238,Creatinine,within normal limits (value not simulated: no evidence),-7,SCREENING,assumption
S0238,Absolute neutrophil count,1.19 10^9/L (grade 2),14,C1D14,assumption
S0238,Platelet count,136.74 10^9/L (grade 1),18,C1D18,assumption
S0238,Absolute neutrophil count,1.82 10^9/L (grade 1),82,C3D26,assumption
S0239,Absolute neutrophil count,within normal limits (value not simulated: no evidence),-7,SCREENING,assumption
S0239,Platelet count,within normal limits (value not simulated: no evidence),-7,SCREENING,assumption
S0239,Hemoglobin,within normal limits (value not simulated: no evidence),-7,SCREENING,assumption
S0239,ALT,within normal limits (value not simulated: no evidence),-7,SCREENING,assumption
S0239,Creatinine,within normal limits (value not simulated: no evidence),-7,SCREENING,assumption
S0239,Hemoglobin,11.3 g/dL (grade 1),23,C1D23,assumption
S0239,Absolute neutrophil count,1.93 10^9/L (grade 1),51,C2D23,assumption
S0239,ALT,2.27 x ULN (grade 1),65,C3D9,assumption
S0240,Absolute neutrophil count,within normal limits (value not simulated: no evidence),-7,SCREENING,assumption
S0240,Platelet count,within normal limits (value not simulated: no evidence),-7,SCREENING,assumption
S0240,Hemoglobin,within normal limits (value not simulated: no evidence),-7,SCREENING,assumption
S0240,ALT,within normal limits (value not simulated: no evidence),-7,SCREENING,assumption
S0240,Creatinine,within normal limits (value not simulated: no evidence),-7,SCREENING,assumption
S0241,Absolute neutrophil count,within normal limits (value not simulated: no evidence),-7,SCREENING,assumption
S0241,Platelet count,within normal limits (value not simulated: no evidence),-7,SCREENING,assumption
S0241,Hemoglobin,within normal limits (value not simulated: no evidence),-7,SCREENING,assumption
S0241,ALT,within normal limits (value not simulated: no evidence),-7,SCREENING,assumption
S0241,Creatinine,within normal limits (value not simulated: no evidence),-7,SCREENING,assumption
S0242,Absolute neutrophil count,within normal limits (value not simulated: no evidence),-7,SCREENING,assumption
S0242,Platelet count,within normal limits (value not simulated: no evidence),-7,SCREENING,assumption
S0242,Hemoglobin,within normal limits (value not simulated: no evidence),-7,SCREENING,assumption
S0242,ALT,within normal limits (value not simulated: no evidence),-7,SCREENING,assumption
S0242,Creatinine,within normal limits (value not simulated: no evidence),-7,SCREENING,assumption
S0242,Hemoglobin,9 g/dL (grade 2),13,C1D13,assumption
S0243,Absolute neutrophil count,within normal limits (value not simulated: no evidence),-7,SCREENING,assumption
S0243,Platelet count,within normal limits (value not simulated: no evidence),-7,SCREENING,assumption
S0243,Hemoglobin,within normal limits (value not simulated: no evidence),-7,SCREENING,assumption
S0243,ALT,within normal limits (value not simulated: no evidence),-7,SCREENING,assumption
S0243,Creatinine,within normal limits (value not simulated: no evidence),-7,SCREENING,assumption
S0244,Absolute neutrophil count,within normal limits (value not simulated: no evidence),-7,SCREENING,assumption
S0244,Platelet count,within normal limits (value not simulated: no evidence),-7,SCREENING,assumption
S0244,Hemoglobin,within normal limits (value not simulated: no evidence),-7,SCREENING,assumption
S0244,ALT,within normal limits (value not simulated: no evidence),-7,SCREENING,assumption
S0244,Creatinine,within normal limits (value not simulated: no evidence),-7,SCREENING,assumption
S0244,Absolute neutrophil count,1.9 10^9/L (grade 1),80,C3D24,assumption
S0244,Absolute neutrophil count,1.31 10^9/L (grade 2),84,C3D28,assumption
S0244,Hemoglobin,8.35 g/dL (grade 2),197,unscheduled,assumption
S0245,Absolute neutrophil count,within normal limits (value not simulated: no evidence),-7,SCREENING,assumption
S0245,Platelet count,within normal limits (value not simulated: no evidence),-7,SCREENING,assumption
S0245,Hemoglobin,within normal limits (value not simulated: no evidence),-7,SCREENING,assumption
S0245,ALT,within normal limits (value not simulated: no evidence),-7,SCREENING,assumption
S0245,Creatinine,within normal limits (value not simulated: no evidence),-7,SCREENING,assumption
S0245,ALT,2.5 x ULN (grade 1),88,C4D4,assumption
S0245,Absolute neutrophil count,1.61 10^9/L (grade 1),133,C5D21,assumption
S0245,Hemoglobin,11.74 g/dL (grade 1),195,unscheduled,assumption
S0246,Absolute neutrophil count,within normal limits (value not simulated: no evidence),-7,SCREENING,assumption
S0246,Platelet count,within normal limits (value not simulated: no evidence),-7,SCREENING,assumption
S0246,Hemoglobin,within normal limits (value not simulated: no evidence),-7,SCREENING,assumption
S0246,ALT,within normal limits (value not simulated: no evidence),-7,SCREENING,assumption
S0246,Creatinine,within normal limits (value not simulated: no evidence),-7,SCREENING,assumption
S0246,Absolute neutrophil count,1.11 10^9/L (grade 2),3,C1D3,assumption
S0247,Absolute neutrophil count,within normal limits (value not simulated: no evidence),-7,SCREENING,assumption
S0247,Platelet count,within normal limits (value not simulated: no evidence),-7,SCREENING,assumption
S0247,Hemoglobin,within normal limits (value not simulated: no evidence),-7,SCREENING,assumption
S0247,ALT,within normal limits (value not simulated: no evidence),-7,SCREENING,assumption
S0247,Creatinine,within normal limits (value not simulated: no evidence),-7,SCREENING,assumption
S0247,Hemoglobin,10.14 g/dL (grade 1),41,C2D13,assumption
S0247,ALT,2.49 x ULN (grade 1),176,unscheduled,assumption
S0248,Absolute neutrophil count,within normal limits (value not simulated: no evidence),-7,SCREENING,assumption
S0248,Platelet count,within normal limits (value not simulated: no evidence),-7,SCREENING,assumption
S0248,Hemoglobin,within normal limits (value not simulated: no evidence),-7,SCREENING,assumption
S0248,ALT,within normal limits (value not simulated: no evidence),-7,SCREENING,assumption
S0248,Creatinine,within normal limits (value not simulated: no evidence),-7,SCREENING,assumption
S0248,Hemoglobin,11.35 g/dL (grade 1),2,C1D2,assumption
S0249,Absolute neutrophil count,within normal limits (value not simulated: no evidence),-7,SCREENING,assumption
S0249,Platelet count,within normal limits (value not simulated: no evidence),-7,SCREENING,assumption
S0249,Hemoglobin,within normal limits (value not simulated: no evidence),-7,SCREENING,assumption
S0249,ALT,within normal limits (value not simulated: no evidence),-7,SCREENING,assumption
S0249,Creatinine,within normal limits (value not simulated: no evidence),-7,SCREENING,assumption
S0249,Platelet count,107.56 10^9/L (grade 1),75,C3D19,assumption
S0249,Hemoglobin,11.36 g/dL (grade 1),106,C4D22,assumption
S0249,Absolute neutrophil count,1.52 10^9/L (grade 1),149,C6D9,assumption
S0249,ALT,1.96 x ULN (grade 1),196,unscheduled,assumption
S0250,Absolute neutrophil count,within normal limits (value not simulated: no evidence),-7,SCREENING,assumption
S0250,Platelet count,within normal limits (value not simulated: no evidence),-7,SCREENING,assumption
S0250,Hemoglobin,within normal limits (value not simulated: no evidence),-7,SCREENING,assumption
S0250,ALT,within normal limits (value not simulated: no evidence),-7,SCREENING,assumption
S0250,Creatinine,within normal limits (value not simulated: no evidence),-7,SCREENING,assumption
S0250,Absolute neutrophil count,1.61 10^9/L (grade 1),11,C1D11,assumption
S0251,Absolute neutrophil count,within normal limits (value not simulated: no evidence),-7,SCREENING,assumption
S0251,Platelet count,within normal limits (value not simulated: no evidence),-7,SCREENING,assumption
S0251,Hemoglobin,within normal limits (value not simulated: no evidence),-7,SCREENING,assumption
S0251,ALT,within normal limits (value not simulated: no evidence),-7,SCREENING,assumption
S0251,Creatinine,within normal limits (value not simulated: no evidence),-7,SCREENING,assumption
S0252,Absolute neutrophil count,within normal limits (value not simulated: no evidence),-7,SCREENING,assumption
S0252,Platelet count,within normal limits (value not simulated: no evidence),-7,SCREENING,assumption
S0252,Hemoglobin,within normal limits (value not simulated: no evidence),-7,SCREENING,assumption
S0252,ALT,within normal limits (value not simulated: no evidence),-7,SCREENING,assumption
S0252,Creatinine,within normal limits (value not simulated: no evidence),-7,SCREENING,assumption
S0252,Absolute neutrophil count,1.2 10^9/L (grade 2),3,C1D3,assumption
S0252,Platelet count,84.97 10^9/L (grade 1),91,C4D7,assumption
S0253,Absolute neutrophil count,within normal limits (value not simulated: no evidence),-7,SCREENING,assumption
S0253,Platelet count,within normal limits (value not simulated: no evidence),-7,SCREENING,assumption
S0253,Hemoglobin,within normal limits (value not simulated: no evidence),-7,SCREENING,assumption
S0253,ALT,within normal limits (value not simulated: no evidence),-7,SCREENING,assumption
S0253,Creatinine,within normal limits (value not simulated: no evidence),-7,SCREENING,assumption
S0254,Absolute neutrophil count,within normal limits (value not simulated: no evidence),-7,SCREENING,assumption
S0254,Platelet count,within normal limits (value not simulated: no evidence),-7,SCREENING,assumption
S0254,Hemoglobin,within normal limits (value not simulated: no evidence),-7,SCREENING,assumption
S0254,ALT,within normal limits (value not simulated: no evidence),-7,SCREENING,assumption
S0254,Creatinine,within normal limits (value not simulated: no evidence),-7,SCREENING,assumption
S0254,Absolute neutrophil count,1.98 10^9/L (grade 1),55,C2D27,assumption
S0254,Platelet count,56.06 10^9/L (grade 2),83,C3D27,assumption
S0254,Absolute neutrophil count,1.22 10^9/L (grade 2),179,unscheduled,assumption
S0255,Absolute neutrophil count,within normal limits (value not simulated: no evidence),-7,SCREENING,assumption
S0255,Platelet count,within normal limits (value not simulated: no evidence),-7,SCREENING,assumption
S0255,Hemoglobin,within normal limits (value not simulated: no evidence),-7,SCREENING,assumption
S0255,ALT,within normal limits (value not simulated: no evidence),-7,SCREENING,assumption
S0255,Creatinine,within normal limits (value not simulated: no evidence),-7,SCREENING,assumption
S0256,Absolute neutrophil count,within normal limits (value not simulated: no evidence),-7,SCREENING,assumption
S0256,Platelet count,within normal limits (value not simulated: no evidence),-7,SCREENING,assumption
S0256,Hemoglobin,within normal limits (value not simulated: no evidence),-7,SCREENING,assumption
S0256,ALT,within normal limits (value not simulated: no evidence),-7,SCREENING,assumption
S0256,Creatinine,within normal limits (value not simulated: no evidence),-7,SCREENING,assumption
S0257,Absolute neutrophil count,within normal limits (value not simulated: no evidence),-7,SCREENING,assumption
S0257,Platelet count,within normal limits (value not simulated: no evidence),-7,SCREENING,assumption
S0257,Hemoglobin,within normal limits (value not simulated: no evidence),-7,SCREENING,assumption
S0257,ALT,within normal limits (value not simulated: no evidence),-7,SCREENING,assumption
S0257,Creatinine,within normal limits (value not simulated: no evidence),-7,SCREENING,assumption
S0257,Absolute neutrophil count,1.94 10^9/L (grade 1),134,C5D22,assumption
S0257,Absolute neutrophil count,1.81 10^9/L (grade 1),171,unscheduled,assumption
S0258,Absolute neutrophil count,within normal limits (value not simulated: no evidence),-7,SCREENING,assumption
S0258,Platelet count,within normal limits (value not simulated: no evidence),-7,SCREENING,assumption
S0258,Hemoglobin,within normal limits (value not simulated: no evidence),-7,SCREENING,assumption
S0258,ALT,within normal limits (value not simulated: no evidence),-7,SCREENING,assumption
S0258,Creatinine,within normal limits (value not simulated: no evidence),-7,SCREENING,assumption
S0259,Absolute neutrophil count,within normal limits (value not simulated: no evidence),-7,SCREENING,assumption
S0259,Platelet count,within normal limits (value not simulated: no evidence),-7,SCREENING,assumption
S0259,Hemoglobin,within normal limits (value not simulated: no evidence),-7,SCREENING,assumption
S0259,ALT,within normal limits (value not simulated: no evidence),-7,SCREENING,assumption
S0259,Creatinine,within normal limits (value not simulated: no evidence),-7,SCREENING,assumption
S0259,Absolute neutrophil count,1.98 10^9/L (grade 1),12,C1D12,assumption
S0259,Absolute neutrophil count,1.38 10^9/L (grade 2),29,C2D1,assumption
S0259,Hemoglobin,10.83 g/dL (grade 1),49,C2D21,assumption
S0260,Absolute neutrophil count,within normal limits (value not simulated: no evidence),-7,SCREENING,assumption
S0260,Platelet count,within normal limits (value not simulated: no evidence),-7,SCREENING,assumption
S0260,Hemoglobin,within normal limits (value not simulated: no evidence),-7,SCREENING,assumption
S0260,ALT,within normal limits (value not simulated: no evidence),-7,SCREENING,assumption
S0260,Creatinine,within normal limits (value not simulated: no evidence),-7,SCREENING,assumption
S0261,Absolute neutrophil count,within normal limits (value not simulated: no evidence),-7,SCREENING,assumption
S0261,Platelet count,within normal limits (value not simulated: no evidence),-7,SCREENING,assumption
S0261,Hemoglobin,within normal limits (value not simulated: no evidence),-7,SCREENING,assumption
S0261,ALT,within normal limits (value not simulated: no evidence),-7,SCREENING,assumption
S0261,Creatinine,within normal limits (value not simulated: no evidence),-7,SCREENING,assumption
S0261,Absolute neutrophil count,1.29 10^9/L (grade 2),14,C1D14,assumption
S0261,Absolute neutrophil count,1.47 10^9/L (grade 2),67,C3D11,assumption
S0262,Absolute neutrophil count,within normal limits (value not simulated: no evidence),-7,SCREENING,assumption
S0262,Platelet count,within normal limits (value not simulated: no evidence),-7,SCREENING,assumption
S0262,Hemoglobin,within normal limits (value not simulated: no evidence),-7,SCREENING,assumption
S0262,ALT,within normal limits (value not simulated: no evidence),-7,SCREENING,assumption
S0262,Creatinine,within normal limits (value not simulated: no evidence),-7,SCREENING,assumption
S0263,Absolute neutrophil count,within normal limits (value not simulated: no evidence),-7,SCREENING,assumption
S0263,Platelet count,within normal limits (value not simulated: no evidence),-7,SCREENING,assumption
S0263,Hemoglobin,within normal limits (value not simulated: no evidence),-7,SCREENING,assumption
S0263,ALT,within normal limits (value not simulated: no evidence),-7,SCREENING,assumption
S0263,Creatinine,within normal limits (value not simulated: no evidence),-7,SCREENING,assumption
S0263,Absolute neutrophil count,1.48 10^9/L (grade 2),92,C4D8,assumption
S0264,Absolute neutrophil count,within normal limits (value not simulated: no evidence),-7,SCREENING,assumption
S0264,Platelet count,within normal limits (value not simulated: no evidence),-7,SCREENING,assumption
S0264,Hemoglobin,within normal limits (value not simulated: no evidence),-7,SCREENING,assumption
S0264,ALT,within normal limits (value not simulated: no evidence),-7,SCREENING,assumption
S0264,Creatinine,within normal limits (value not simulated: no evidence),-7,SCREENING,assumption
S0264,ALT,4.52 x ULN (grade 2),25,C1D25,assumption
S0264,Hemoglobin,10.01 g/dL (grade 1),62,C3D6,assumption
S0265,Absolute neutrophil count,within normal limits (value not simulated: no evidence),-7,SCREENING,assumption
S0265,Platelet count,within normal limits (value not simulated: no evidence),-7,SCREENING,assumption
S0265,Hemoglobin,within normal limits (value not simulated: no evidence),-7,SCREENING,assumption
S0265,ALT,within normal limits (value not simulated: no evidence),-7,SCREENING,assumption
S0265,Creatinine,within normal limits (value not simulated: no evidence),-7,SCREENING,assumption
S0265,ALT,2.05 x ULN (grade 1),92,C4D8,assumption
S0266,Absolute neutrophil count,within normal limits (value not simulated: no evidence),-7,SCREENING,assumption
S0266,Platelet count,within normal limits (value not simulated: no evidence),-7,SCREENING,assumption
S0266,Hemoglobin,within normal limits (value not simulated: no evidence),-7,SCREENING,assumption
S0266,ALT,within normal limits (value not simulated: no evidence),-7,SCREENING,assumption
S0266,Creatinine,within normal limits (value not simulated: no evidence),-7,SCREENING,assumption
S0266,Hemoglobin,11.82 g/dL (grade 1),41,C2D13,assumption
S0266,Absolute neutrophil count,1.68 10^9/L (grade 1),56,C2D28,assumption
S0266,ALT,2.89 x ULN (grade 1),121,C5D9,assumption
S0266,ALT,16.22 x ULN (grade 3),152,C6D12,assumption
S0267,Absolute neutrophil count,within normal limits (value not simulated: no evidence),-7,SCREENING,assumption
S0267,Platelet count,within normal limits (value not simulated: no evidence),-7,SCREENING,assumption
S0267,Hemoglobin,within normal limits (value not simulated: no evidence),-7,SCREENING,assumption
S0267,ALT,within normal limits (value not simulated: no evidence),-7,SCREENING,assumption
S0267,Creatinine,within normal limits (value not simulated: no evidence),-7,SCREENING,assumption
S0267,Hemoglobin,10.14 g/dL (grade 1),12,C1D12,assumption
S0268,Absolute neutrophil count,within normal limits (value not simulated: no evidence),-7,SCREENING,assumption
S0268,Platelet count,within normal limits (value not simulated: no evidence),-7,SCREENING,assumption
S0268,Hemoglobin,within normal limits (value not simulated: no evidence),-7,SCREENING,assumption
S0268,ALT,within normal limits (value not simulated: no evidence),-7,SCREENING,assumption
S0268,Creatinine,within normal limits (value not simulated: no evidence),-7,SCREENING,assumption
S0269,Absolute neutrophil count,within normal limits (value not simulated: no evidence),-7,SCREENING,assumption
S0269,Platelet count,within normal limits (value not simulated: no evidence),-7,SCREENING,assumption
S0269,Hemoglobin,within normal limits (value not simulated: no evidence),-7,SCREENING,assumption
S0269,ALT,within normal limits (value not simulated: no evidence),-7,SCREENING,assumption
S0269,Creatinine,within normal limits (value not simulated: no evidence),-7,SCREENING,assumption
S0270,Absolute neutrophil count,within normal limits (value not simulated: no evidence),-7,SCREENING,assumption
S0270,Platelet count,within normal limits (value not simulated: no evidence),-7,SCREENING,assumption
S0270,Hemoglobin,within normal limits (value not simulated: no evidence),-7,SCREENING,assumption
S0270,ALT,within normal limits (value not simulated: no evidence),-7,SCREENING,assumption
S0270,Creatinine,within normal limits (value not simulated: no evidence),-7,SCREENING,assumption
S0270,Hemoglobin,10.27 g/dL (grade 1),22,C1D22,assumption
S0270,Absolute neutrophil count,1.06 10^9/L (grade 2),113,C5D1,assumption
S0271,Absolute neutrophil count,within normal limits (value not simulated: no evidence),-7,SCREENING,assumption
S0271,Platelet count,within normal limits (value not simulated: no evidence),-7,SCREENING,assumption
S0271,Hemoglobin,within normal limits (value not simulated: no evidence),-7,SCREENING,assumption
S0271,ALT,within normal limits (value not simulated: no evidence),-7,SCREENING,assumption
S0271,Creatinine,within normal limits (value not simulated: no evidence),-7,SCREENING,assumption
S0271,Absolute neutrophil count,1.56 10^9/L (grade 1),32,C2D4,assumption
S0271,Absolute neutrophil count,1.72 10^9/L (grade 1),86,C4D2,assumption
S0272,Absolute neutrophil count,within normal limits (value not simulated: no evidence),-7,SCREENING,assumption
S0272,Platelet count,within normal limits (value not simulated: no evidence),-7,SCREENING,assumption
S0272,Hemoglobin,within normal limits (value not simulated: no evidence),-7,SCREENING,assumption
S0272,ALT,within normal limits (value not simulated: no evidence),-7,SCREENING,assumption
S0272,Creatinine,within normal limits (value not simulated: no evidence),-7,SCREENING,assumption
S0272,Absolute neutrophil count,1.21 10^9/L (grade 2),29,C2D1,assumption
S0272,Absolute neutrophil count,1.13 10^9/L (grade 2),44,C2D16,assumption
S0273,Absolute neutrophil count,within normal limits (value not simulated: no evidence),-7,SCREENING,assumption
S0273,Platelet count,within normal limits (value not simulated: no evidence),-7,SCREENING,assumption
S0273,Hemoglobin,within normal limits (value not simulated: no evidence),-7,SCREENING,assumption
S0273,ALT,within normal limits (value not simulated: no evidence),-7,SCREENING,assumption
S0273,Creatinine,within normal limits (value not simulated: no evidence),-7,SCREENING,assumption
S0274,Absolute neutrophil count,within normal limits (value not simulated: no evidence),-7,SCREENING,assumption
S0274,Platelet count,within normal limits (value not simulated: no evidence),-7,SCREENING,assumption
S0274,Hemoglobin,within normal limits (value not simulated: no evidence),-7,SCREENING,assumption
S0274,ALT,within normal limits (value not simulated: no evidence),-7,SCREENING,assumption
S0274,Creatinine,within normal limits (value not simulated: no evidence),-7,SCREENING,assumption
S0275,Absolute neutrophil count,within normal limits (value not simulated: no evidence),-7,SCREENING,assumption
S0275,Platelet count,within normal limits (value not simulated: no evidence),-7,SCREENING,assumption
S0275,Hemoglobin,within normal limits (value not simulated: no evidence),-7,SCREENING,assumption
S0275,ALT,within normal limits (value not simulated: no evidence),-7,SCREENING,assumption
S0275,Creatinine,within normal limits (value not simulated: no evidence),-7,SCREENING,assumption
S0276,Absolute neutrophil count,within normal limits (value not simulated: no evidence),-7,SCREENING,assumption
S0276,Platelet count,within normal limits (value not simulated: no evidence),-7,SCREENING,assumption
S0276,Hemoglobin,within normal limits (value not simulated: no evidence),-7,SCREENING,assumption
S0276,ALT,within normal limits (value not simulated: no evidence),-7,SCREENING,assumption
S0276,Creatinine,within normal limits (value not simulated: no evidence),-7,SCREENING,assumption
S0276,Absolute neutrophil count,1.31 10^9/L (grade 2),46,C2D18,assumption
S0277,Absolute neutrophil count,within normal limits (value not simulated: no evidence),-7,SCREENING,assumption
S0277,Platelet count,within normal limits (value not simulated: no evidence),-7,SCREENING,assumption
S0277,Hemoglobin,within normal limits (value not simulated: no evidence),-7,SCREENING,assumption
S0277,ALT,within normal limits (value not simulated: no evidence),-7,SCREENING,assumption
S0277,Creatinine,within normal limits (value not simulated: no evidence),-7,SCREENING,assumption
S0277,Platelet count,71.12 10^9/L (grade 2),74,C3D18,assumption
S0277,Absolute neutrophil count,1.36 10^9/L (grade 2),120,C5D8,assumption
S0278,Absolute neutrophil count,within normal limits (value not simulated: no evidence),-7,SCREENING,assumption
S0278,Platelet count,within normal limits (value not simulated: no evidence),-7,SCREENING,assumption
S0278,Hemoglobin,within normal limits (value not simulated: no evidence),-7,SCREENING,assumption
S0278,ALT,within normal limits (value not simulated: no evidence),-7,SCREENING,assumption
S0278,Creatinine,within normal limits (value not simulated: no evidence),-7,SCREENING,assumption
S0278,Platelet count,94.63 10^9/L (grade 1),16,C1D16,assumption
S0278,Absolute neutrophil count,1.56 10^9/L (grade 1),84,C3D28,assumption
S0278,Absolute neutrophil count,1.4 10^9/L (grade 2),114,C5D2,assumption
S0279,Absolute neutrophil count,within normal limits (value not simulated: no evidence),-7,SCREENING,assumption
S0279,Platelet count,within normal limits (value not simulated: no evidence),-7,SCREENING,assumption
S0279,Hemoglobin,within normal limits (value not simulated: no evidence),-7,SCREENING,assumption
S0279,ALT,within normal limits (value not simulated: no evidence),-7,SCREENING,assumption
S0279,Creatinine,within normal limits (value not simulated: no evidence),-7,SCREENING,assumption
S0279,Platelet count,50.83 10^9/L (grade 2),44,C2D16,assumption
S0279,Absolute neutrophil count,1.38 10^9/L (grade 2),168,C6D28,assumption
S0280,Absolute neutrophil count,within normal limits (value not simulated: no evidence),-7,SCREENING,assumption
S0280,Platelet count,within normal limits (value not simulated: no evidence),-7,SCREENING,assumption
S0280,Hemoglobin,within normal limits (value not simulated: no evidence),-7,SCREENING,assumption
S0280,ALT,within normal limits (value not simulated: no evidence),-7,SCREENING,assumption
S0280,Creatinine,within normal limits (value not simulated: no evidence),-7,SCREENING,assumption
S0280,Hemoglobin,10.26 g/dL (grade 1),21,C1D21,assumption
S0280,Absolute neutrophil count,1.42 10^9/L (grade 2),55,C2D27,assumption
S0281,Absolute neutrophil count,within normal limits (value not simulated: no evidence),-7,SCREENING,assumption
S0281,Platelet count,within normal limits (value not simulated: no evidence),-7,SCREENING,assumption
S0281,Hemoglobin,within normal limits (value not simulated: no evidence),-7,SCREENING,assumption
S0281,ALT,within normal limits (value not simulated: no evidence),-7,SCREENING,assumption
S0281,Creatinine,within normal limits (value not simulated: no evidence),-7,SCREENING,assumption
S0281,Hemoglobin,10.96 g/dL (grade 1),143,C6D3,assumption
S0282,Absolute neutrophil count,within normal limits (value not simulated: no evidence),-7,SCREENING,assumption
S0282,Platelet count,within normal limits (value not simulated: no evidence),-7,SCREENING,assumption
S0282,Hemoglobin,within normal limits (value not simulated: no evidence),-7,SCREENING,assumption
S0282,ALT,within normal limits (value not simulated: no evidence),-7,SCREENING,assumption
S0282,Creatinine,within normal limits (value not simulated: no evidence),-7,SCREENING,assumption
S0282,Absolute neutrophil count,1.02 10^9/L (grade 2),110,C4D26,assumption
S0282,Absolute neutrophil count,1.13 10^9/L (grade 2),145,C6D5,assumption
S0283,Absolute neutrophil count,within normal limits (value not simulated: no evidence),-7,SCREENING,assumption
S0283,Platelet count,within normal limits (value not simulated: no evidence),-7,SCREENING,assumption
S0283,Hemoglobin,within normal limits (value not simulated: no evidence),-7,SCREENING,assumption
S0283,ALT,within normal limits (value not simulated: no evidence),-7,SCREENING,assumption
S0283,Creatinine,within normal limits (value not simulated: no evidence),-7,SCREENING,assumption
S0283,Absolute neutrophil count,1.65 10^9/L (grade 1),70,C3D14,assumption
S0284,Absolute neutrophil count,within normal limits (value not simulated: no evidence),-7,SCREENING,assumption
S0284,Platelet count,within normal limits (value not simulated: no evidence),-7,SCREENING,assumption
S0284,Hemoglobin,within normal limits (value not simulated: no evidence),-7,SCREENING,assumption
S0284,ALT,within normal limits (value not simulated: no evidence),-7,SCREENING,assumption
S0284,Creatinine,within normal limits (value not simulated: no evidence),-7,SCREENING,assumption
S0285,Absolute neutrophil count,within normal limits (value not simulated: no evidence),-7,SCREENING,assumption
S0285,Platelet count,within normal limits (value not simulated: no evidence),-7,SCREENING,assumption
S0285,Hemoglobin,within normal limits (value not simulated: no evidence),-7,SCREENING,assumption
S0285,ALT,within normal limits (value not simulated: no evidence),-7,SCREENING,assumption
S0285,Creatinine,within normal limits (value not simulated: no evidence),-7,SCREENING,assumption
S0285,Absolute neutrophil count,1.78 10^9/L (grade 1),84,C3D28,assumption
S0286,Absolute neutrophil count,within normal limits (value not simulated: no evidence),-7,SCREENING,assumption
S0286,Platelet count,within normal limits (value not simulated: no evidence),-7,SCREENING,assumption
S0286,Hemoglobin,within normal limits (value not simulated: no evidence),-7,SCREENING,assumption
S0286,ALT,within normal limits (value not simulated: no evidence),-7,SCREENING,assumption
S0286,Creatinine,within normal limits (value not simulated: no evidence),-7,SCREENING,assumption
S0287,Absolute neutrophil count,within normal limits (value not simulated: no evidence),-7,SCREENING,assumption
S0287,Platelet count,within normal limits (value not simulated: no evidence),-7,SCREENING,assumption
S0287,Hemoglobin,within normal limits (value not simulated: no evidence),-7,SCREENING,assumption
S0287,ALT,within normal limits (value not simulated: no evidence),-7,SCREENING,assumption
S0287,Creatinine,within normal limits (value not simulated: no evidence),-7,SCREENING,assumption
S0287,Hemoglobin,11.81 g/dL (grade 1),60,C3D4,assumption
S0287,Platelet count,99.93 10^9/L (grade 1),123,C5D11,assumption
S0288,Absolute neutrophil count,within normal limits (value not simulated: no evidence),-7,SCREENING,assumption
S0288,Platelet count,within normal limits (value not simulated: no evidence),-7,SCREENING,assumption
S0288,Hemoglobin,within normal limits (value not simulated: no evidence),-7,SCREENING,assumption
S0288,ALT,within normal limits (value not simulated: no evidence),-7,SCREENING,assumption
S0288,Creatinine,within normal limits (value not simulated: no evidence),-7,SCREENING,assumption
S0288,Hemoglobin,10.66 g/dL (grade 1),10,C1D10,assumption
S0288,ALT,2.7 x ULN (grade 1),17,C1D17,assumption
S0288,Absolute neutrophil count,1.74 10^9/L (grade 1),22,C1D22,assumption
S0289,Absolute neutrophil count,within normal limits (value not simulated: no evidence),-7,SCREENING,assumption
S0289,Platelet count,within normal limits (value not simulated: no evidence),-7,SCREENING,assumption
S0289,Hemoglobin,within normal limits (value not simulated: no evidence),-7,SCREENING,assumption
S0289,ALT,within normal limits (value not simulated: no evidence),-7,SCREENING,assumption
S0289,Creatinine,within normal limits (value not simulated: no evidence),-7,SCREENING,assumption
S0290,Absolute neutrophil count,within normal limits (value not simulated: no evidence),-7,SCREENING,assumption
S0290,Platelet count,within normal limits (value not simulated: no evidence),-7,SCREENING,assumption
S0290,Hemoglobin,within normal limits (value not simulated: no evidence),-7,SCREENING,assumption
S0290,ALT,within normal limits (value not simulated: no evidence),-7,SCREENING,assumption
S0290,Creatinine,within normal limits (value not simulated: no evidence),-7,SCREENING,assumption
S0290,Absolute neutrophil count,1.69 10^9/L (grade 1),7,C1D7,assumption
S0290,Hemoglobin,10.21 g/dL (grade 1),24,C1D24,assumption
S0290,Absolute neutrophil count,1.07 10^9/L (grade 2),28,C1D28,assumption
S0291,Absolute neutrophil count,within normal limits (value not simulated: no evidence),-7,SCREENING,assumption
S0291,Platelet count,within normal limits (value not simulated: no evidence),-7,SCREENING,assumption
S0291,Hemoglobin,within normal limits (value not simulated: no evidence),-7,SCREENING,assumption
S0291,ALT,within normal limits (value not simulated: no evidence),-7,SCREENING,assumption
S0291,Creatinine,within normal limits (value not simulated: no evidence),-7,SCREENING,assumption
S0291,Absolute neutrophil count,1.93 10^9/L (grade 1),88,C4D4,assumption
S0291,Absolute neutrophil count,1.96 10^9/L (grade 1),93,C4D9,assumption
S0291,Platelet count,129.49 10^9/L (grade 1),150,C6D10,assumption
S0292,Absolute neutrophil count,within normal limits (value not simulated: no evidence),-7,SCREENING,assumption
S0292,Platelet count,within normal limits (value not simulated: no evidence),-7,SCREENING,assumption
S0292,Hemoglobin,within normal limits (value not simulated: no evidence),-7,SCREENING,assumption
S0292,ALT,within normal limits (value not simulated: no evidence),-7,SCREENING,assumption
S0292,Creatinine,within normal limits (value not simulated: no evidence),-7,SCREENING,assumption
S0292,Platelet count,147.84 10^9/L (grade 1),24,C1D24,assumption
S0292,Absolute neutrophil count,1.77 10^9/L (grade 1),85,C4D1,assumption
S0292,Absolute neutrophil count,1.64 10^9/L (grade 1),175,unscheduled,assumption
S0293,Absolute neutrophil count,within normal limits (value not simulated: no evidence),-7,SCREENING,assumption
S0293,Platelet count,within normal limits (value not simulated: no evidence),-7,SCREENING,assumption
S0293,Hemoglobin,within normal limits (value not simulated: no evidence),-7,SCREENING,assumption
S0293,ALT,within normal limits (value not simulated: no evidence),-7,SCREENING,assumption
S0293,Creatinine,within normal limits (value not simulated: no evidence),-7,SCREENING,assumption
S0293,Absolute neutrophil count,1.31 10^9/L (grade 2),66,C3D10,assumption
S0293,Platelet count,54.75 10^9/L (grade 2),100,C4D16,assumption
S0293,Absolute neutrophil count,1.16 10^9/L (grade 2),131,C5D19,assumption
S0294,Absolute neutrophil count,within normal limits (value not simulated: no evidence),-7,SCREENING,assumption
S0294,Platelet count,within normal limits (value not simulated: no evidence),-7,SCREENING,assumption
S0294,Hemoglobin,within normal limits (value not simulated: no evidence),-7,SCREENING,assumption
S0294,ALT,within normal limits (value not simulated: no evidence),-7,SCREENING,assumption
S0294,Creatinine,within normal limits (value not simulated: no evidence),-7,SCREENING,assumption
S0295,Absolute neutrophil count,within normal limits (value not simulated: no evidence),-7,SCREENING,assumption
S0295,Platelet count,within normal limits (value not simulated: no evidence),-7,SCREENING,assumption
S0295,Hemoglobin,within normal limits (value not simulated: no evidence),-7,SCREENING,assumption
S0295,ALT,within normal limits (value not simulated: no evidence),-7,SCREENING,assumption
S0295,Creatinine,within normal limits (value not simulated: no evidence),-7,SCREENING,assumption
S0296,Absolute neutrophil count,within normal limits (value not simulated: no evidence),-7,SCREENING,assumption
S0296,Platelet count,within normal limits (value not simulated: no evidence),-7,SCREENING,assumption
S0296,Hemoglobin,within normal limits (value not simulated: no evidence),-7,SCREENING,assumption
S0296,ALT,within normal limits (value not simulated: no evidence),-7,SCREENING,assumption
S0296,Creatinine,within normal limits (value not simulated: no evidence),-7,SCREENING,assumption
S0296,Absolute neutrophil count,1.47 10^9/L (grade 2),1,C1D1,assumption
S0296,Absolute neutrophil count,1.45 10^9/L (grade 2),87,C4D3,assumption
S0296,Hemoglobin,9.27 g/dL (grade 2),180,unscheduled,assumption
S0297,Absolute neutrophil count,within normal limits (value not simulated: no evidence),-7,SCREENING,assumption
S0297,Platelet count,within normal limits (value not simulated: no evidence),-7,SCREENING,assumption
S0297,Hemoglobin,within normal limits (value not simulated: no evidence),-7,SCREENING,assumption
S0297,ALT,within normal limits (value not simulated: no evidence),-7,SCREENING,assumption
S0297,Creatinine,within normal limits (value not simulated: no evidence),-7,SCREENING,assumption
S0297,Platelet count,61.53 10^9/L (grade 2),113,C5D1,assumption
S0297,Absolute neutrophil count,1.03 10^9/L (grade 2),160,C6D20,assumption
S0298,Absolute neutrophil count,within normal limits (value not simulated: no evidence),-7,SCREENING,assumption
S0298,Platelet count,within normal limits (value not simulated: no evidence),-7,SCREENING,assumption
S0298,Hemoglobin,within normal limits (value not simulated: no evidence),-7,SCREENING,assumption
S0298,ALT,within normal limits (value not simulated: no evidence),-7,SCREENING,assumption
S0298,Creatinine,within normal limits (value not simulated: no evidence),-7,SCREENING,assumption
S0298,ALT,2.02 x ULN (grade 1),120,C5D8,assumption
S0299,Absolute neutrophil count,within normal limits (value not simulated: no evidence),-7,SCREENING,assumption
S0299,Platelet count,within normal limits (value not simulated: no evidence),-7,SCREENING,assumption
S0299,Hemoglobin,within normal limits (value not simulated: no evidence),-7,SCREENING,assumption
S0299,ALT,within normal limits (value not simulated: no evidence),-7,SCREENING,assumption
S0299,Creatinine,within normal limits (value not simulated: no evidence),-7,SCREENING,assumption
S0299,Hemoglobin,9.28 g/dL (grade 2),2,C1D2,assumption
S0299,Absolute neutrophil count,1.88 10^9/L (grade 1),6,C1D6,assumption
S0299,Absolute neutrophil count,1.5 10^9/L (grade 1),44,C2D16,assumption
S0300,Absolute neutrophil count,within normal limits (value not simulated: no evidence),-7,SCREENING,assumption
S0300,Platelet count,within normal limits (value not simulated: no evidence),-7,SCREENING,assumption
S0300,Hemoglobin,within normal limits (value not simulated: no evidence),-7,SCREENING,assumption
S0300,ALT,within normal limits (value not simulated: no evidence),-7,SCREENING,assumption
S0300,Creatinine,within normal limits (value not simulated: no evidence),-7,SCREENING,assumption
S0300,Absolute neutrophil count,1.03 10^9/L (grade 2),62,C3D6,assumption
S0301,Absolute neutrophil count,within normal limits (value not simulated: no evidence),-7,SCREENING,assumption
S0301,Platelet count,within normal limits (value not simulated: no evidence),-7,SCREENING,assumption
S0301,Hemoglobin,within normal limits (value not simulated: no evidence),-7,SCREENING,assumption
S0301,ALT,within normal limits (value not simulated: no evidence),-7,SCREENING,assumption
S0301,Creatinine,within normal limits (value not simulated: no evidence),-7,SCREENING,assumption
S0301,Absolute neutrophil count,1.4 10^9/L (grade 2),8,C1D8,assumption
S0301,Absolute neutrophil count,1.04 10^9/L (grade 2),106,C4D22,assumption
S0301,Platelet count,148.77 10^9/L (grade 1),107,C4D23,assumption
S0302,Absolute neutrophil count,within normal limits (value not simulated: no evidence),-7,SCREENING,assumption
S0302,Platelet count,within normal limits (value not simulated: no evidence),-7,SCREENING,assumption
S0302,Hemoglobin,within normal limits (value not simulated: no evidence),-7,SCREENING,assumption
S0302,ALT,within normal limits (value not simulated: no evidence),-7,SCREENING,assumption
S0302,Creatinine,within normal limits (value not simulated: no evidence),-7,SCREENING,assumption
S0303,Absolute neutrophil count,within normal limits (value not simulated: no evidence),-7,SCREENING,assumption
S0303,Platelet count,within normal limits (value not simulated: no evidence),-7,SCREENING,assumption
S0303,Hemoglobin,within normal limits (value not simulated: no evidence),-7,SCREENING,assumption
S0303,ALT,within normal limits (value not simulated: no evidence),-7,SCREENING,assumption
S0303,Creatinine,within normal limits (value not simulated: no evidence),-7,SCREENING,assumption
S0303,Hemoglobin,10.71 g/dL (grade 1),29,C2D1,assumption
S0304,Absolute neutrophil count,within normal limits (value not simulated: no evidence),-7,SCREENING,assumption
S0304,Platelet count,within normal limits (value not simulated: no evidence),-7,SCREENING,assumption
S0304,Hemoglobin,within normal limits (value not simulated: no evidence),-7,SCREENING,assumption
S0304,ALT,within normal limits (value not simulated: no evidence),-7,SCREENING,assumption
S0304,Creatinine,within normal limits (value not simulated: no evidence),-7,SCREENING,assumption
S0304,Hemoglobin,9.77 g/dL (grade 2),59,C3D3,assumption
S0304,ALT,4.39 x ULN (grade 2),64,C3D8,assumption
S0305,Absolute neutrophil count,within normal limits (value not simulated: no evidence),-7,SCREENING,assumption
S0305,Platelet count,within normal limits (value not simulated: no evidence),-7,SCREENING,assumption
S0305,Hemoglobin,within normal limits (value not simulated: no evidence),-7,SCREENING,assumption
S0305,ALT,within normal limits (value not simulated: no evidence),-7,SCREENING,assumption
S0305,Creatinine,within normal limits (value not simulated: no evidence),-7,SCREENING,assumption
S0305,Hemoglobin,8.84 g/dL (grade 2),18,C1D18,assumption
S0305,Absolute neutrophil count,1.53 10^9/L (grade 1),24,C1D24,assumption
S0305,Absolute neutrophil count,1.81 10^9/L (grade 1),33,C2D5,assumption
S0306,Absolute neutrophil count,within normal limits (value not simulated: no evidence),-7,SCREENING,assumption
S0306,Platelet count,within normal limits (value not simulated: no evidence),-7,SCREENING,assumption
S0306,Hemoglobin,within normal limits (value not simulated: no evidence),-7,SCREENING,assumption
S0306,ALT,within normal limits (value not simulated: no evidence),-7,SCREENING,assumption
S0306,Creatinine,within normal limits (value not simulated: no evidence),-7,SCREENING,assumption
S0307,Absolute neutrophil count,within normal limits (value not simulated: no evidence),-7,SCREENING,assumption
S0307,Platelet count,within normal limits (value not simulated: no evidence),-7,SCREENING,assumption
S0307,Hemoglobin,within normal limits (value not simulated: no evidence),-7,SCREENING,assumption
S0307,ALT,within normal limits (value not simulated: no evidence),-7,SCREENING,assumption
S0307,Creatinine,within normal limits (value not simulated: no evidence),-7,SCREENING,assumption
S0307,Absolute neutrophil count,1.63 10^9/L (grade 1),10,C1D10,assumption
S0307,Absolute neutrophil count,1.22 10^9/L (grade 2),40,C2D12,assumption
S0308,Absolute neutrophil count,within normal limits (value not simulated: no evidence),-7,SCREENING,assumption
S0308,Platelet count,within normal limits (value not simulated: no evidence),-7,SCREENING,assumption
S0308,Hemoglobin,within normal limits (value not simulated: no evidence),-7,SCREENING,assumption
S0308,ALT,within normal limits (value not simulated: no evidence),-7,SCREENING,assumption
S0308,Creatinine,within normal limits (value not simulated: no evidence),-7,SCREENING,assumption
S0308,Absolute neutrophil count,1.42 10^9/L (grade 2),12,C1D12,assumption
S0308,Hemoglobin,10.06 g/dL (grade 1),43,C2D15,assumption
S0309,Absolute neutrophil count,within normal limits (value not simulated: no evidence),-7,SCREENING,assumption
S0309,Platelet count,within normal limits (value not simulated: no evidence),-7,SCREENING,assumption
S0309,Hemoglobin,within normal limits (value not simulated: no evidence),-7,SCREENING,assumption
S0309,ALT,within normal limits (value not simulated: no evidence),-7,SCREENING,assumption
S0309,Creatinine,within normal limits (value not simulated: no evidence),-7,SCREENING,assumption
S0309,Absolute neutrophil count,1.09 10^9/L (grade 2),32,C2D4,assumption
S0309,Absolute neutrophil count,1.85 10^9/L (grade 1),165,C6D25,assumption
S0310,Absolute neutrophil count,within normal limits (value not simulated: no evidence),-7,SCREENING,assumption
S0310,Platelet count,within normal limits (value not simulated: no evidence),-7,SCREENING,assumption
S0310,Hemoglobin,within normal limits (value not simulated: no evidence),-7,SCREENING,assumption
S0310,ALT,within normal limits (value not simulated: no evidence),-7,SCREENING,assumption
S0310,Creatinine,within normal limits (value not simulated: no evidence),-7,SCREENING,assumption
S0310,ALT,1.3 x ULN (grade 1),9,C1D9,assumption
S0310,Hemoglobin,11.32 g/dL (grade 1),50,C2D22,assumption
S0310,Absolute neutrophil count,1.13 10^9/L (grade 2),180,unscheduled,assumption
S0311,Absolute neutrophil count,within normal limits (value not simulated: no evidence),-7,SCREENING,assumption
S0311,Platelet count,within normal limits (value not simulated: no evidence),-7,SCREENING,assumption
S0311,Hemoglobin,within normal limits (value not simulated: no evidence),-7,SCREENING,assumption
S0311,ALT,within normal limits (value not simulated: no evidence),-7,SCREENING,assumption
S0311,Creatinine,within normal limits (value not simulated: no evidence),-7,SCREENING,assumption
S0311,Hemoglobin,8.88 g/dL (grade 2),117,C5D5,assumption
S0311,Absolute neutrophil count,1.59 10^9/L (grade 1),171,unscheduled,assumption
S0312,Absolute neutrophil count,within normal limits (value not simulated: no evidence),-7,SCREENING,assumption
S0312,Platelet count,within normal limits (value not simulated: no evidence),-7,SCREENING,assumption
S0312,Hemoglobin,within normal limits (value not simulated: no evidence),-7,SCREENING,assumption
S0312,ALT,within normal limits (value not simulated: no evidence),-7,SCREENING,assumption
S0312,Creatinine,within normal limits (value not simulated: no evidence),-7,SCREENING,assumption
S0312,Hemoglobin,8.35 g/dL (grade 2),12,C1D12,assumption
S0312,ALT,1.02 x ULN (grade 1),70,C3D14,assumption
S0312,Absolute neutrophil count,1.16 10^9/L (grade 2),115,C5D3,assumption
S0312,Absolute neutrophil count,1.88 10^9/L (grade 1),151,C6D11,assumption
S0313,Absolute neutrophil count,within normal limits (value not simulated: no evidence),-7,SCREENING,assumption
S0313,Platelet count,within normal limits (value not simulated: no evidence),-7,SCREENING,assumption
S0313,Hemoglobin,within normal limits (value not simulated: no evidence),-7,SCREENING,assumption
S0313,ALT,within normal limits (value not simulated: no evidence),-7,SCREENING,assumption
S0313,Creatinine,within normal limits (value not simulated: no evidence),-7,SCREENING,assumption
S0314,Absolute neutrophil count,within normal limits (value not simulated: no evidence),-7,SCREENING,assumption
S0314,Platelet count,within normal limits (value not simulated: no evidence),-7,SCREENING,assumption
S0314,Hemoglobin,within normal limits (value not simulated: no evidence),-7,SCREENING,assumption
S0314,ALT,within normal limits (value not simulated: no evidence),-7,SCREENING,assumption
S0314,Creatinine,within normal limits (value not simulated: no evidence),-7,SCREENING,assumption
S0314,ALT,4.3 x ULN (grade 2),12,C1D12,assumption
S0314,Hemoglobin,9.61 g/dL (grade 2),99,C4D15,assumption
S0314,Absolute neutrophil count,1.52 10^9/L (grade 1),164,C6D24,assumption
S0315,Absolute neutrophil count,within normal limits (value not simulated: no evidence),-7,SCREENING,assumption
S0315,Platelet count,within normal limits (value not simulated: no evidence),-7,SCREENING,assumption
S0315,Hemoglobin,within normal limits (value not simulated: no evidence),-7,SCREENING,assumption
S0315,ALT,within normal limits (value not simulated: no evidence),-7,SCREENING,assumption
S0315,Creatinine,within normal limits (value not simulated: no evidence),-7,SCREENING,assumption
S0315,Absolute neutrophil count,1.03 10^9/L (grade 2),87,C4D3,assumption
S0315,Absolute neutrophil count,1.67 10^9/L (grade 1),102,C4D18,assumption
S0316,Absolute neutrophil count,within normal limits (value not simulated: no evidence),-7,SCREENING,assumption
S0316,Platelet count,within normal limits (value not simulated: no evidence),-7,SCREENING,assumption
S0316,Hemoglobin,within normal limits (value not simulated: no evidence),-7,SCREENING,assumption
S0316,ALT,within normal limits (value not simulated: no evidence),-7,SCREENING,assumption
S0316,Creatinine,within normal limits (value not simulated: no evidence),-7,SCREENING,assumption
S0316,Absolute neutrophil count,1.62 10^9/L (grade 1),60,C3D4,assumption
S0316,Hemoglobin,8.27 g/dL (grade 2),99,C4D15,assumption
S0316,ALT,2.31 x ULN (grade 1),115,C5D3,assumption
S0317,Absolute neutrophil count,within normal limits (value not simulated: no evidence),-7,SCREENING,assumption
S0317,Platelet count,within normal limits (value not simulated: no evidence),-7,SCREENING,assumption
S0317,Hemoglobin,within normal limits (value not simulated: no evidence),-7,SCREENING,assumption
S0317,ALT,within normal limits (value not simulated: no evidence),-7,SCREENING,assumption
S0317,Creatinine,within normal limits (value not simulated: no evidence),-7,SCREENING,assumption
S0317,White blood cell count,1.71 10^9/L (grade 3),24,C1D24,assumption
S0317,Absolute neutrophil count,1.15 10^9/L (grade 2),148,C6D8,assumption
S0317,Absolute neutrophil count,1.29 10^9/L (grade 2),184,unscheduled,assumption
S0318,Absolute neutrophil count,within normal limits (value not simulated: no evidence),-7,SCREENING,assumption
S0318,Platelet count,within normal limits (value not simulated: no evidence),-7,SCREENING,assumption
S0318,Hemoglobin,within normal limits (value not simulated: no evidence),-7,SCREENING,assumption
S0318,ALT,within normal limits (value not simulated: no evidence),-7,SCREENING,assumption
S0318,Creatinine,within normal limits (value not simulated: no evidence),-7,SCREENING,assumption
S0319,Absolute neutrophil count,within normal limits (value not simulated: no evidence),-7,SCREENING,assumption
S0319,Platelet count,within normal limits (value not simulated: no evidence),-7,SCREENING,assumption
S0319,Hemoglobin,within normal limits (value not simulated: no evidence),-7,SCREENING,assumption
S0319,ALT,within normal limits (value not simulated: no evidence),-7,SCREENING,assumption
S0319,Creatinine,within normal limits (value not simulated: no evidence),-7,SCREENING,assumption
S0319,Absolute neutrophil count,1.66 10^9/L (grade 1),52,C2D24,assumption
S0319,Hemoglobin,9.84 g/dL (grade 2),84,C3D28,assumption
S0319,ALT,4.31 x ULN (grade 2),134,C5D22,assumption
S0320,Absolute neutrophil count,within normal limits (value not simulated: no evidence),-7,SCREENING,assumption
S0320,Platelet count,within normal limits (value not simulated: no evidence),-7,SCREENING,assumption
S0320,Hemoglobin,within normal limits (value not simulated: no evidence),-7,SCREENING,assumption
S0320,ALT,within normal limits (value not simulated: no evidence),-7,SCREENING,assumption
S0320,Creatinine,within normal limits (value not simulated: no evidence),-7,SCREENING,assumption
S0321,Absolute neutrophil count,within normal limits (value not simulated: no evidence),-7,SCREENING,assumption
S0321,Platelet count,within normal limits (value not simulated: no evidence),-7,SCREENING,assumption
S0321,Hemoglobin,within normal limits (value not simulated: no evidence),-7,SCREENING,assumption
S0321,ALT,within normal limits (value not simulated: no evidence),-7,SCREENING,assumption
S0321,Creatinine,within normal limits (value not simulated: no evidence),-7,SCREENING,assumption
S0321,Absolute neutrophil count,1.48 10^9/L (grade 2),52,C2D24,assumption
S0322,Absolute neutrophil count,within normal limits (value not simulated: no evidence),-7,SCREENING,assumption
S0322,Platelet count,within normal limits (value not simulated: no evidence),-7,SCREENING,assumption
S0322,Hemoglobin,within normal limits (value not simulated: no evidence),-7,SCREENING,assumption
S0322,ALT,within normal limits (value not simulated: no evidence),-7,SCREENING,assumption
S0322,Creatinine,within normal limits (value not simulated: no evidence),-7,SCREENING,assumption
S0323,Absolute neutrophil count,within normal limits (value not simulated: no evidence),-7,SCREENING,assumption
S0323,Platelet count,within normal limits (value not simulated: no evidence),-7,SCREENING,assumption
S0323,Hemoglobin,within normal limits (value not simulated: no evidence),-7,SCREENING,assumption
S0323,ALT,within normal limits (value not simulated: no evidence),-7,SCREENING,assumption
S0323,Creatinine,within normal limits (value not simulated: no evidence),-7,SCREENING,assumption
S0324,Absolute neutrophil count,within normal limits (value not simulated: no evidence),-7,SCREENING,assumption
S0324,Platelet count,within normal limits (value not simulated: no evidence),-7,SCREENING,assumption
S0324,Hemoglobin,within normal limits (value not simulated: no evidence),-7,SCREENING,assumption
S0324,ALT,within normal limits (value not simulated: no evidence),-7,SCREENING,assumption
S0324,Creatinine,within normal limits (value not simulated: no evidence),-7,SCREENING,assumption
S0324,Hemoglobin,8.9 g/dL (grade 2),84,C3D28,assumption
S0325,Absolute neutrophil count,within normal limits (value not simulated: no evidence),-7,SCREENING,assumption
S0325,Platelet count,within normal limits (value not simulated: no evidence),-7,SCREENING,assumption
S0325,Hemoglobin,within normal limits (value not simulated: no evidence),-7,SCREENING,assumption
S0325,ALT,within normal limits (value not simulated: no evidence),-7,SCREENING,assumption
S0325,Creatinine,within normal limits (value not simulated: no evidence),-7,SCREENING,assumption
S0325,Platelet count,73.9 10^9/L (grade 2),33,C2D5,assumption
S0325,Absolute neutrophil count,1.63 10^9/L (grade 1),77,C3D21,assumption
S0325,Absolute neutrophil count,1.36 10^9/L (grade 2),151,C6D11,assumption
S0326,Absolute neutrophil count,within normal limits (value not simulated: no evidence),-7,SCREENING,assumption
S0326,Platelet count,within normal limits (value not simulated: no evidence),-7,SCREENING,assumption
S0326,Hemoglobin,within normal limits (value not simulated: no evidence),-7,SCREENING,assumption
S0326,ALT,within normal limits (value not simulated: no evidence),-7,SCREENING,assumption
S0326,Creatinine,within normal limits (value not simulated: no evidence),-7,SCREENING,assumption
S0327,Absolute neutrophil count,within normal limits (value not simulated: no evidence),-7,SCREENING,assumption
S0327,Platelet count,within normal limits (value not simulated: no evidence),-7,SCREENING,assumption
S0327,Hemoglobin,within normal limits (value not simulated: no evidence),-7,SCREENING,assumption
S0327,ALT,within normal limits (value not simulated: no evidence),-7,SCREENING,assumption
S0327,Creatinine,within normal limits (value not simulated: no evidence),-7,SCREENING,assumption
S0328,Absolute neutrophil count,within normal limits (value not simulated: no evidence),-7,SCREENING,assumption
S0328,Platelet count,within normal limits (value not simulated: no evidence),-7,SCREENING,assumption
S0328,Hemoglobin,within normal limits (value not simulated: no evidence),-7,SCREENING,assumption
S0328,ALT,within normal limits (value not simulated: no evidence),-7,SCREENING,assumption
S0328,Creatinine,within normal limits (value not simulated: no evidence),-7,SCREENING,assumption
S0328,Absolute neutrophil count,1.9 10^9/L (grade 1),80,C3D24,assumption
S0328,Absolute neutrophil count,1.13 10^9/L (grade 2),129,C5D17,assumption
S0329,Absolute neutrophil count,within normal limits (value not simulated: no evidence),-7,SCREENING,assumption
S0329,Platelet count,within normal limits (value not simulated: no evidence),-7,SCREENING,assumption
S0329,Hemoglobin,within normal limits (value not simulated: no evidence),-7,SCREENING,assumption
S0329,ALT,within normal limits (value not simulated: no evidence),-7,SCREENING,assumption
S0329,Creatinine,within normal limits (value not simulated: no evidence),-7,SCREENING,assumption
S0329,Platelet count,108.75 10^9/L (grade 1),78,C3D22,assumption
S0329,Hemoglobin,10.54 g/dL (grade 1),136,C5D24,assumption
S0329,Absolute neutrophil count,1.2 10^9/L (grade 2),181,unscheduled,assumption
S0330,Absolute neutrophil count,within normal limits (value not simulated: no evidence),-7,SCREENING,assumption
S0330,Platelet count,within normal limits (value not simulated: no evidence),-7,SCREENING,assumption
S0330,Hemoglobin,within normal limits (value not simulated: no evidence),-7,SCREENING,assumption
S0330,ALT,within normal limits (value not simulated: no evidence),-7,SCREENING,assumption
S0330,Creatinine,within normal limits (value not simulated: no evidence),-7,SCREENING,assumption
S0330,White blood cell count,2.05 10^9/L (grade 2),2,C1D2,assumption
S0330,White blood cell count,1.06 10^9/L (grade 3),21,C1D21,assumption
S0330,ALT,4.38 x ULN (grade 2),30,C2D2,assumption
S0330,Absolute neutrophil count,1.46 10^9/L (grade 2),31,C2D3,assumption
S0330,Hemoglobin,9.28 g/dL (grade 2),32,C2D4,assumption
S0330,Absolute neutrophil count,0.59 10^9/L (grade 3),34,C2D6,assumption
S0330,Absolute neutrophil count,1.83 10^9/L (grade 1),48,C2D20,assumption
S0331,Absolute neutrophil count,within normal limits (value not simulated: no evidence),-7,SCREENING,assumption
S0331,Platelet count,within normal limits (value not simulated: no evidence),-7,SCREENING,assumption
S0331,Hemoglobin,within normal limits (value not simulated: no evidence),-7,SCREENING,assumption
S0331,ALT,within normal limits (value not simulated: no evidence),-7,SCREENING,assumption
S0331,Creatinine,within normal limits (value not simulated: no evidence),-7,SCREENING,assumption
S0331,ALT,4.7 x ULN (grade 2),1,C1D1,assumption
S0331,Hemoglobin,11.83 g/dL (grade 1),66,C3D10,assumption
S0331,Absolute neutrophil count,1.43 10^9/L (grade 2),71,C3D15,assumption
S0331,Absolute neutrophil count,1.42 10^9/L (grade 2),83,C3D27,assumption
S0332,Absolute neutrophil count,within normal limits (value not simulated: no evidence),-7,SCREENING,assumption
S0332,Platelet count,within normal limits (value not simulated: no evidence),-7,SCREENING,assumption
S0332,Hemoglobin,within normal limits (value not simulated: no evidence),-7,SCREENING,assumption
S0332,ALT,within normal limits (value not simulated: no evidence),-7,SCREENING,assumption
S0332,Creatinine,within normal limits (value not simulated: no evidence),-7,SCREENING,assumption
S0333,Absolute neutrophil count,within normal limits (value not simulated: no evidence),-7,SCREENING,assumption
S0333,Platelet count,within normal limits (value not simulated: no evidence),-7,SCREENING,assumption
S0333,Hemoglobin,within normal limits (value not simulated: no evidence),-7,SCREENING,assumption
S0333,ALT,within normal limits (value not simulated: no evidence),-7,SCREENING,assumption
S0333,Creatinine,within normal limits (value not simulated: no evidence),-7,SCREENING,assumption
S0333,Hemoglobin,9.18 g/dL (grade 2),45,C2D17,assumption
S0333,White blood cell count,1.3 10^9/L (grade 3),55,C2D27,assumption
S0333,Absolute neutrophil count,1.41 10^9/L (grade 2),56,C2D28,assumption
S0333,ALT,7.02 x ULN (grade 3),94,C4D10,assumption
S0333,Absolute neutrophil count,1.9 10^9/L (grade 1),109,C4D25,assumption
S0333,ALT,3.26 x ULN (grade 2),112,C4D28,assumption
S0333,White blood cell count,2.54 10^9/L (grade 2),174,unscheduled,assumption
S0334,Absolute neutrophil count,within normal limits (value not simulated: no evidence),-7,SCREENING,assumption
S0334,Platelet count,within normal limits (value not simulated: no evidence),-7,SCREENING,assumption
S0334,Hemoglobin,within normal limits (value not simulated: no evidence),-7,SCREENING,assumption
S0334,ALT,within normal limits (value not simulated: no evidence),-7,SCREENING,assumption
S0334,Creatinine,within normal limits (value not simulated: no evidence),-7,SCREENING,assumption
S0334,Absolute neutrophil count,1.24 10^9/L (grade 2),125,C5D13,assumption
S0334,Absolute neutrophil count,1.51 10^9/L (grade 1),130,C5D18,assumption
S0334,Hemoglobin,11.04 g/dL (grade 1),163,C6D23,assumption
S0335,Absolute neutrophil count,within normal limits (value not simulated: no evidence),-7,SCREENING,assumption
S0335,Platelet count,within normal limits (value not simulated: no evidence),-7,SCREENING,assumption
S0335,Hemoglobin,within normal limits (value not simulated: no evidence),-7,SCREENING,assumption
S0335,ALT,within normal limits (value not simulated: no evidence),-7,SCREENING,assumption
S0335,Creatinine,within normal limits (value not simulated: no evidence),-7,SCREENING,assumption
S0335,Absolute neutrophil count,1.99 10^9/L (grade 1),25,C1D25,assumption
S0335,Platelet count,84.39 10^9/L (grade 1),144,C6D4,assumption
S0336,Absolute neutrophil count,within normal limits (value not simulated: no evidence),-7,SCREENING,assumption
S0336,Platelet count,within normal limits (value not simulated: no evidence),-7,SCREENING,assumption
S0336,Hemoglobin,within normal limits (value not simulated: no evidence),-7,SCREENING,assumption
S0336,ALT,within normal limits (value not simulated: no evidence),-7,SCREENING,assumption
S0336,Creatinine,within normal limits (value not simulated: no evidence),-7,SCREENING,assumption
S0336,Absolute neutrophil count,1.35 10^9/L (grade 2),35,C2D7,assumption
S0336,Hemoglobin,11.9 g/dL (grade 1),147,C6D7,assumption
S0336,Platelet count,145.65 10^9/L (grade 1),189,unscheduled,assumption
S0337,Absolute neutrophil count,within normal limits (value not simulated: no evidence),-7,SCREENING,assumption
S0337,Platelet count,within normal limits (value not simulated: no evidence),-7,SCREENING,assumption
S0337,Hemoglobin,within normal limits (value not simulated: no evidence),-7,SCREENING,assumption
S0337,ALT,within normal limits (value not simulated: no evidence),-7,SCREENING,assumption
S0337,Creatinine,within normal limits (value not simulated: no evidence),-7,SCREENING,assumption
S0338,Absolute neutrophil count,within normal limits (value not simulated: no evidence),-7,SCREENING,assumption
S0338,Platelet count,within normal limits (value not simulated: no evidence),-7,SCREENING,assumption
S0338,Hemoglobin,within normal limits (value not simulated: no evidence),-7,SCREENING,assumption
S0338,ALT,within normal limits (value not simulated: no evidence),-7,SCREENING,assumption
S0338,Creatinine,within normal limits (value not simulated: no evidence),-7,SCREENING,assumption
S0338,ALT,4.54 x ULN (grade 2),32,C2D4,assumption
S0339,Absolute neutrophil count,within normal limits (value not simulated: no evidence),-7,SCREENING,assumption
S0339,Platelet count,within normal limits (value not simulated: no evidence),-7,SCREENING,assumption
S0339,Hemoglobin,within normal limits (value not simulated: no evidence),-7,SCREENING,assumption
S0339,ALT,within normal limits (value not simulated: no evidence),-7,SCREENING,assumption
S0339,Creatinine,within normal limits (value not simulated: no evidence),-7,SCREENING,assumption
S0339,Absolute neutrophil count,1.34 10^9/L (grade 2),82,C3D26,assumption
S0339,ALT,2.25 x ULN (grade 1),104,C4D20,assumption
S0339,Absolute neutrophil count,1.91 10^9/L (grade 1),145,C6D5,assumption
S0340,Absolute neutrophil count,within normal limits (value not simulated: no evidence),-7,SCREENING,assumption
S0340,Platelet count,within normal limits (value not simulated: no evidence),-7,SCREENING,assumption
S0340,Hemoglobin,within normal limits (value not simulated: no evidence),-7,SCREENING,assumption
S0340,ALT,within normal limits (value not simulated: no evidence),-7,SCREENING,assumption
S0340,Creatinine,within normal limits (value not simulated: no evidence),-7,SCREENING,assumption
S0341,Absolute neutrophil count,within normal limits (value not simulated: no evidence),-7,SCREENING,assumption
S0341,Platelet count,within normal limits (value not simulated: no evidence),-7,SCREENING,assumption
S0341,Hemoglobin,within normal limits (value not simulated: no evidence),-7,SCREENING,assumption
S0341,ALT,within normal limits (value not simulated: no evidence),-7,SCREENING,assumption
S0341,Creatinine,within normal limits (value not simulated: no evidence),-7,SCREENING,assumption
S0341,Absolute neutrophil count,1.41 10^9/L (grade 2),21,C1D21,assumption
S0341,Absolute neutrophil count,1.38 10^9/L (grade 2),124,C5D12,assumption
S0341,Platelet count,60.49 10^9/L (grade 2),148,C6D8,assumption
S0342,Absolute neutrophil count,within normal limits (value not simulated: no evidence),-7,SCREENING,assumption
S0342,Platelet count,within normal limits (value not simulated: no evidence),-7,SCREENING,assumption
S0342,Hemoglobin,within normal limits (value not simulated: no evidence),-7,SCREENING,assumption
S0342,ALT,within normal limits (value not simulated: no evidence),-7,SCREENING,assumption
S0342,Creatinine,within normal limits (value not simulated: no evidence),-7,SCREENING,assumption
S0343,Absolute neutrophil count,within normal limits (value not simulated: no evidence),-7,SCREENING,assumption
S0343,Platelet count,within normal limits (value not simulated: no evidence),-7,SCREENING,assumption
S0343,Hemoglobin,within normal limits (value not simulated: no evidence),-7,SCREENING,assumption
S0343,ALT,within normal limits (value not simulated: no evidence),-7,SCREENING,assumption
S0343,Creatinine,within normal limits (value not simulated: no evidence),-7,SCREENING,assumption
S0343,Hemoglobin,11.57 g/dL (grade 1),112,C4D28,assumption
S0343,Absolute neutrophil count,1.92 10^9/L (grade 1),140,C5D28,assumption
S0343,Absolute neutrophil count,1.23 10^9/L (grade 2),183,unscheduled,assumption
S0344,Absolute neutrophil count,within normal limits (value not simulated: no evidence),-7,SCREENING,assumption
S0344,Platelet count,within normal limits (value not simulated: no evidence),-7,SCREENING,assumption
S0344,Hemoglobin,within normal limits (value not simulated: no evidence),-7,SCREENING,assumption
S0344,ALT,within normal limits (value not simulated: no evidence),-7,SCREENING,assumption
S0344,Creatinine,within normal limits (value not simulated: no evidence),-7,SCREENING,assumption
S0345,Absolute neutrophil count,within normal limits (value not simulated: no evidence),-7,SCREENING,assumption
S0345,Platelet count,within normal limits (value not simulated: no evidence),-7,SCREENING,assumption
S0345,Hemoglobin,within normal limits (value not simulated: no evidence),-7,SCREENING,assumption
S0345,ALT,within normal limits (value not simulated: no evidence),-7,SCREENING,assumption
S0345,Creatinine,within normal limits (value not simulated: no evidence),-7,SCREENING,assumption
S0345,Absolute neutrophil count,1.47 10^9/L (grade 2),22,C1D22,assumption
S0345,Absolute neutrophil count,1.8 10^9/L (grade 1),96,C4D12,assumption
S0345,Platelet count,123.32 10^9/L (grade 1),116,C5D4,assumption
S0346,Absolute neutrophil count,within normal limits (value not simulated: no evidence),-7,SCREENING,assumption
S0346,Platelet count,within normal limits (value not simulated: no evidence),-7,SCREENING,assumption
S0346,Hemoglobin,within normal limits (value not simulated: no evidence),-7,SCREENING,assumption
S0346,ALT,within normal limits (value not simulated: no evidence),-7,SCREENING,assumption
S0346,Creatinine,within normal limits (value not simulated: no evidence),-7,SCREENING,assumption
S0346,Platelet count,65.14 10^9/L (grade 2),3,C1D3,assumption
S0346,Absolute neutrophil count,2 10^9/L (grade 1),97,C4D13,assumption
S0346,Absolute neutrophil count,1.19 10^9/L (grade 2),112,C4D28,assumption
S0346,ALT,1.17 x ULN (grade 1),129,C5D17,assumption
S0347,Absolute neutrophil count,within normal limits (value not simulated: no evidence),-7,SCREENING,assumption
S0347,Platelet count,within normal limits (value not simulated: no evidence),-7,SCREENING,assumption
S0347,Hemoglobin,within normal limits (value not simulated: no evidence),-7,SCREENING,assumption
S0347,ALT,within normal limits (value not simulated: no evidence),-7,SCREENING,assumption
S0347,Creatinine,within normal limits (value not simulated: no evidence),-7,SCREENING,assumption
S0348,Absolute neutrophil count,within normal limits (value not simulated: no evidence),-7,SCREENING,assumption
S0348,Platelet count,within normal limits (value not simulated: no evidence),-7,SCREENING,assumption
S0348,Hemoglobin,within normal limits (value not simulated: no evidence),-7,SCREENING,assumption
S0348,ALT,within normal limits (value not simulated: no evidence),-7,SCREENING,assumption
S0348,Creatinine,within normal limits (value not simulated: no evidence),-7,SCREENING,assumption
S0348,Absolute neutrophil count,1.81 10^9/L (grade 1),66,C3D10,assumption
S0348,Absolute neutrophil count,1.78 10^9/L (grade 1),69,C3D13,assumption
S0348,Hemoglobin,8.86 g/dL (grade 2),98,C4D14,assumption
S0348,Platelet count,147.18 10^9/L (grade 1),103,C4D19,assumption
S0349,Absolute neutrophil count,within normal limits (value not simulated: no evidence),-7,SCREENING,assumption
S0349,Platelet count,within normal limits (value not simulated: no evidence),-7,SCREENING,assumption
S0349,Hemoglobin,within normal limits (value not simulated: no evidence),-7,SCREENING,assumption
S0349,ALT,within normal limits (value not simulated: no evidence),-7,SCREENING,assumption
S0349,Creatinine,within normal limits (value not simulated: no evidence),-7,SCREENING,assumption
S0350,Absolute neutrophil count,within normal limits (value not simulated: no evidence),-7,SCREENING,assumption
S0350,Platelet count,within normal limits (value not simulated: no evidence),-7,SCREENING,assumption
S0350,Hemoglobin,within normal limits (value not simulated: no evidence),-7,SCREENING,assumption
S0350,ALT,within normal limits (value not simulated: no evidence),-7,SCREENING,assumption
S0350,Creatinine,within normal limits (value not simulated: no evidence),-7,SCREENING,assumption
S0350,Absolute neutrophil count,1.85 10^9/L (grade 1),82,C3D26,assumption
S0350,ALT,4.92 x ULN (grade 2),114,C5D2,assumption
S0350,Platelet count,55.33 10^9/L (grade 2),133,C5D21,assumption
S0350,Absolute neutrophil count,1.28 10^9/L (grade 2),135,C5D23,assumption
S0351,Absolute neutrophil count,within normal limits (value not simulated: no evidence),-7,SCREENING,assumption
S0351,Platelet count,within normal limits (value not simulated: no evidence),-7,SCREENING,assumption
S0351,Hemoglobin,within normal limits (value not simulated: no evidence),-7,SCREENING,assumption
S0351,ALT,within normal limits (value not simulated: no evidence),-7,SCREENING,assumption
S0351,Creatinine,within normal limits (value not simulated: no evidence),-7,SCREENING,assumption
S0351,Absolute neutrophil count,1.43 10^9/L (grade 2),9,C1D9,assumption
S0351,ALT,3.53 x ULN (grade 2),18,C1D18,assumption
S0352,Absolute neutrophil count,within normal limits (value not simulated: no evidence),-7,SCREENING,assumption
S0352,Platelet count,within normal limits (value not simulated: no evidence),-7,SCREENING,assumption
S0352,Hemoglobin,within normal limits (value not simulated: no evidence),-7,SCREENING,assumption
S0352,ALT,within normal limits (value not simulated: no evidence),-7,SCREENING,assumption
S0352,Creatinine,within normal limits (value not simulated: no evidence),-7,SCREENING,assumption
S0352,Absolute neutrophil count,1.09 10^9/L (grade 2),91,C4D7,assumption
S0352,Hemoglobin,11.53 g/dL (grade 1),101,C4D17,assumption
S0352,ALT,4.89 x ULN (grade 2),138,C5D26,assumption
S0353,Absolute neutrophil count,within normal limits (value not simulated: no evidence),-7,SCREENING,assumption
S0353,Platelet count,within normal limits (value not simulated: no evidence),-7,SCREENING,assumption
S0353,Hemoglobin,within normal limits (value not simulated: no evidence),-7,SCREENING,assumption
S0353,ALT,within normal limits (value not simulated: no evidence),-7,SCREENING,assumption
S0353,Creatinine,within normal limits (value not simulated: no evidence),-7,SCREENING,assumption
S0354,Absolute neutrophil count,within normal limits (value not simulated: no evidence),-7,SCREENING,assumption
S0354,Platelet count,within normal limits (value not simulated: no evidence),-7,SCREENING,assumption
S0354,Hemoglobin,within normal limits (value not simulated: no evidence),-7,SCREENING,assumption
S0354,ALT,within normal limits (value not simulated: no evidence),-7,SCREENING,assumption
S0354,Creatinine,within normal limits (value not simulated: no evidence),-7,SCREENING,assumption
S0354,Absolute neutrophil count,1.67 10^9/L (grade 1),112,C4D28,assumption
S0354,Hemoglobin,9.8 g/dL (grade 2),197,unscheduled,assumption
S0355,Absolute neutrophil count,within normal limits (value not simulated: no evidence),-7,SCREENING,assumption
S0355,Platelet count,within normal limits (value not simulated: no evidence),-7,SCREENING,assumption
S0355,Hemoglobin,within normal limits (value not simulated: no evidence),-7,SCREENING,assumption
S0355,ALT,within normal limits (value not simulated: no evidence),-7,SCREENING,assumption
S0355,Creatinine,within normal limits (value not simulated: no evidence),-7,SCREENING,assumption
S0356,Absolute neutrophil count,within normal limits (value not simulated: no evidence),-7,SCREENING,assumption
S0356,Platelet count,within normal limits (value not simulated: no evidence),-7,SCREENING,assumption
S0356,Hemoglobin,within normal limits (value not simulated: no evidence),-7,SCREENING,assumption
S0356,ALT,within normal limits (value not simulated: no evidence),-7,SCREENING,assumption
S0356,Creatinine,within normal limits (value not simulated: no evidence),-7,SCREENING,assumption
S0356,Hemoglobin,9.52 g/dL (grade 2),13,C1D13,assumption
S0356,ALT,18.64 x ULN (grade 3),25,C1D25,assumption
S0356,Absolute neutrophil count,1.46 10^9/L (grade 2),97,C4D13,assumption
S0356,Absolute neutrophil count,1.3 10^9/L (grade 2),128,C5D16,assumption
S0357,Absolute neutrophil count,within normal limits (value not simulated: no evidence),-7,SCREENING,assumption
S0357,Platelet count,within normal limits (value not simulated: no evidence),-7,SCREENING,assumption
S0357,Hemoglobin,within normal limits (value not simulated: no evidence),-7,SCREENING,assumption
S0357,ALT,within normal limits (value not simulated: no evidence),-7,SCREENING,assumption
S0357,Creatinine,within normal limits (value not simulated: no evidence),-7,SCREENING,assumption
S0357,Absolute neutrophil count,1.58 10^9/L (grade 1),17,C1D17,assumption
S0358,Absolute neutrophil count,within normal limits (value not simulated: no evidence),-7,SCREENING,assumption
S0358,Platelet count,within normal limits (value not simulated: no evidence),-7,SCREENING,assumption
S0358,Hemoglobin,within normal limits (value not simulated: no evidence),-7,SCREENING,assumption
S0358,ALT,within normal limits (value not simulated: no evidence),-7,SCREENING,assumption
S0358,Creatinine,within normal limits (value not simulated: no evidence),-7,SCREENING,assumption
S0358,Absolute neutrophil count,1.12 10^9/L (grade 2),180,unscheduled,assumption
S0358,Hemoglobin,11.38 g/dL (grade 1),196,unscheduled,assumption
S0359,Absolute neutrophil count,within normal limits (value not simulated: no evidence),-7,SCREENING,assumption
S0359,Platelet count,within normal limits (value not simulated: no evidence),-7,SCREENING,assumption
S0359,Hemoglobin,within normal limits (value not simulated: no evidence),-7,SCREENING,assumption
S0359,ALT,within normal limits (value not simulated: no evidence),-7,SCREENING,assumption
S0359,Creatinine,within normal limits (value not simulated: no evidence),-7,SCREENING,assumption
S0360,Absolute neutrophil count,within normal limits (value not simulated: no evidence),-7,SCREENING,assumption
S0360,Platelet count,within normal limits (value not simulated: no evidence),-7,SCREENING,assumption
S0360,Hemoglobin,within normal limits (value not simulated: no evidence),-7,SCREENING,assumption
S0360,ALT,within normal limits (value not simulated: no evidence),-7,SCREENING,assumption
S0360,Creatinine,within normal limits (value not simulated: no evidence),-7,SCREENING,assumption
S0361,Absolute neutrophil count,within normal limits (value not simulated: no evidence),-7,SCREENING,assumption
S0361,Platelet count,within normal limits (value not simulated: no evidence),-7,SCREENING,assumption
S0361,Hemoglobin,within normal limits (value not simulated: no evidence),-7,SCREENING,assumption
S0361,ALT,within normal limits (value not simulated: no evidence),-7,SCREENING,assumption
S0361,Creatinine,within normal limits (value not simulated: no evidence),-7,SCREENING,assumption
S0361,Absolute neutrophil count,1.75 10^9/L (grade 1),138,C5D26,assumption
S0362,Absolute neutrophil count,within normal limits (value not simulated: no evidence),-7,SCREENING,assumption
S0362,Platelet count,within normal limits (value not simulated: no evidence),-7,SCREENING,assumption
S0362,Hemoglobin,within normal limits (value not simulated: no evidence),-7,SCREENING,assumption
S0362,ALT,within normal limits (value not simulated: no evidence),-7,SCREENING,assumption
S0362,Creatinine,within normal limits (value not simulated: no evidence),-7,SCREENING,assumption
S0362,Absolute neutrophil count,1.16 10^9/L (grade 2),55,C2D27,assumption
S0363,Absolute neutrophil count,within normal limits (value not simulated: no evidence),-7,SCREENING,assumption
S0363,Platelet count,within normal limits (value not simulated: no evidence),-7,SCREENING,assumption
S0363,Hemoglobin,within normal limits (value not simulated: no evidence),-7,SCREENING,assumption
S0363,ALT,within normal limits (value not simulated: no evidence),-7,SCREENING,assumption
S0363,Creatinine,within normal limits (value not simulated: no evidence),-7,SCREENING,assumption
S0363,ALT,2.02 x ULN (grade 1),16,C1D16,assumption
S0363,Hemoglobin,10.46 g/dL (grade 1),18,C1D18,assumption
S0363,White blood cell count,1.91 10^9/L (grade 3),21,C1D21,assumption
S0364,Absolute neutrophil count,within normal limits (value not simulated: no evidence),-7,SCREENING,assumption
S0364,Platelet count,within normal limits (value not simulated: no evidence),-7,SCREENING,assumption
S0364,Hemoglobin,within normal limits (value not simulated: no evidence),-7,SCREENING,assumption
S0364,ALT,within normal limits (value not simulated: no evidence),-7,SCREENING,assumption
S0364,Creatinine,within normal limits (value not simulated: no evidence),-7,SCREENING,assumption
S0364,Hemoglobin,9.24 g/dL (grade 2),21,C1D21,assumption
S0365,Absolute neutrophil count,within normal limits (value not simulated: no evidence),-7,SCREENING,assumption
S0365,Platelet count,within normal limits (value not simulated: no evidence),-7,SCREENING,assumption
S0365,Hemoglobin,within normal limits (value not simulated: no evidence),-7,SCREENING,assumption
S0365,ALT,within normal limits (value not simulated: no evidence),-7,SCREENING,assumption
S0365,Creatinine,within normal limits (value not simulated: no evidence),-7,SCREENING,assumption
S0365,Absolute neutrophil count,1.27 10^9/L (grade 2),71,C3D15,assumption
S0365,Hemoglobin,9.97 g/dL (grade 2),138,C5D26,assumption
S0366,Absolute neutrophil count,within normal limits (value not simulated: no evidence),-7,SCREENING,assumption
S0366,Platelet count,within normal limits (value not simulated: no evidence),-7,SCREENING,assumption
S0366,Hemoglobin,within normal limits (value not simulated: no evidence),-7,SCREENING,assumption
S0366,ALT,within normal limits (value not simulated: no evidence),-7,SCREENING,assumption
S0366,Creatinine,within normal limits (value not simulated: no evidence),-7,SCREENING,assumption
S0367,Absolute neutrophil count,within normal limits (value not simulated: no evidence),-7,SCREENING,assumption
S0367,Platelet count,within normal limits (value not simulated: no evidence),-7,SCREENING,assumption
S0367,Hemoglobin,within normal limits (value not simulated: no evidence),-7,SCREENING,assumption
S0367,ALT,within normal limits (value not simulated: no evidence),-7,SCREENING,assumption
S0367,Creatinine,within normal limits (value not simulated: no evidence),-7,SCREENING,assumption
S0368,Absolute neutrophil count,within normal limits (value not simulated: no evidence),-7,SCREENING,assumption
S0368,Platelet count,within normal limits (value not simulated: no evidence),-7,SCREENING,assumption
S0368,Hemoglobin,within normal limits (value not simulated: no evidence),-7,SCREENING,assumption
S0368,ALT,within normal limits (value not simulated: no evidence),-7,SCREENING,assumption
S0368,Creatinine,within normal limits (value not simulated: no evidence),-7,SCREENING,assumption
S0368,Absolute neutrophil count,1.62 10^9/L (grade 1),25,C1D25,assumption
S0368,ALT,4.03 x ULN (grade 2),29,C2D1,assumption
S0368,Absolute neutrophil count,1.27 10^9/L (grade 2),63,C3D7,assumption
S0369,Absolute neutrophil count,within normal limits (value not simulated: no evidence),-7,SCREENING,assumption
S0369,Platelet count,within normal limits (value not simulated: no evidence),-7,SCREENING,assumption
S0369,Hemoglobin,within normal limits (value not simulated: no evidence),-7,SCREENING,assumption
S0369,ALT,within normal limits (value not simulated: no evidence),-7,SCREENING,assumption
S0369,Creatinine,within normal limits (value not simulated: no evidence),-7,SCREENING,assumption
S0369,Absolute neutrophil count,1.58 10^9/L (grade 1),4,C1D4,assumption
S0369,Platelet count,129.82 10^9/L (grade 1),22,C1D22,assumption
S0370,Absolute neutrophil count,within normal limits (value not simulated: no evidence),-7,SCREENING,assumption
S0370,Platelet count,within normal limits (value not simulated: no evidence),-7,SCREENING,assumption
S0370,Hemoglobin,within normal limits (value not simulated: no evidence),-7,SCREENING,assumption
S0370,ALT,within normal limits (value not simulated: no evidence),-7,SCREENING,assumption
S0370,Creatinine,within normal limits (value not simulated: no evidence),-7,SCREENING,assumption
S0370,Absolute neutrophil count,1.09 10^9/L (grade 2),21,C1D21,assumption
S0370,Hemoglobin,8.32 g/dL (grade 2),73,C3D17,assumption
S0371,Absolute neutrophil count,within normal limits (value not simulated: no evidence),-7,SCREENING,assumption
S0371,Platelet count,within normal limits (value not simulated: no evidence),-7,SCREENING,assumption
S0371,Hemoglobin,within normal limits (value not simulated: no evidence),-7,SCREENING,assumption
S0371,ALT,within normal limits (value not simulated: no evidence),-7,SCREENING,assumption
S0371,Creatinine,within normal limits (value not simulated: no evidence),-7,SCREENING,assumption
S0371,Absolute neutrophil count,1.35 10^9/L (grade 2),20,C1D20,assumption
S0371,ALT,2.65 x ULN (grade 1),104,C4D20,assumption
S0371,Absolute neutrophil count,1.97 10^9/L (grade 1),164,C6D24,assumption
S0372,Absolute neutrophil count,within normal limits (value not simulated: no evidence),-7,SCREENING,assumption
S0372,Platelet count,within normal limits (value not simulated: no evidence),-7,SCREENING,assumption
S0372,Hemoglobin,within normal limits (value not simulated: no evidence),-7,SCREENING,assumption
S0372,ALT,within normal limits (value not simulated: no evidence),-7,SCREENING,assumption
S0372,Creatinine,within normal limits (value not simulated: no evidence),-7,SCREENING,assumption
S0372,Hemoglobin,9.55 g/dL (grade 2),88,C4D4,assumption
S0372,Absolute neutrophil count,1.37 10^9/L (grade 2),121,C5D9,assumption
S0372,Absolute neutrophil count,1.9 10^9/L (grade 1),126,C5D14,assumption
S0373,Absolute neutrophil count,within normal limits (value not simulated: no evidence),-7,SCREENING,assumption
S0373,Platelet count,within normal limits (value not simulated: no evidence),-7,SCREENING,assumption
S0373,Hemoglobin,within normal limits (value not simulated: no evidence),-7,SCREENING,assumption
S0373,ALT,within normal limits (value not simulated: no evidence),-7,SCREENING,assumption
S0373,Creatinine,within normal limits (value not simulated: no evidence),-7,SCREENING,assumption
S0373,Absolute neutrophil count,1.18 10^9/L (grade 2),81,C3D25,assumption
S0373,ALT,2.69 x ULN (grade 1),104,C4D20,assumption
S0373,Hemoglobin,10.51 g/dL (grade 1),108,C4D24,assumption
S0373,White blood cell count,1.97 10^9/L (grade 3),120,C5D8,assumption
S0373,Absolute neutrophil count,1.12 10^9/L (grade 2),196,unscheduled,assumption
S0374,Absolute neutrophil count,within normal limits (value not simulated: no evidence),-7,SCREENING,assumption
S0374,Platelet count,within normal limits (value not simulated: no evidence),-7,SCREENING,assumption
S0374,Hemoglobin,within normal limits (value not simulated: no evidence),-7,SCREENING,assumption
S0374,ALT,within normal limits (value not simulated: no evidence),-7,SCREENING,assumption
S0374,Creatinine,within normal limits (value not simulated: no evidence),-7,SCREENING,assumption
S0374,Platelet count,61.25 10^9/L (grade 2),70,C3D14,assumption
S0374,Absolute neutrophil count,1.03 10^9/L (grade 2),88,C4D4,assumption
S0375,Absolute neutrophil count,within normal limits (value not simulated: no evidence),-7,SCREENING,assumption
S0375,Platelet count,within normal limits (value not simulated: no evidence),-7,SCREENING,assumption
S0375,Hemoglobin,within normal limits (value not simulated: no evidence),-7,SCREENING,assumption
S0375,ALT,within normal limits (value not simulated: no evidence),-7,SCREENING,assumption
S0375,Creatinine,within normal limits (value not simulated: no evidence),-7,SCREENING,assumption
S0375,Platelet count,130.14 10^9/L (grade 1),60,C3D4,assumption
S0375,Hemoglobin,11.39 g/dL (grade 1),61,C3D5,assumption
S0375,Absolute neutrophil count,1.06 10^9/L (grade 2),153,C6D13,assumption
S0375,Absolute neutrophil count,1.74 10^9/L (grade 1),189,unscheduled,assumption
S0376,Absolute neutrophil count,within normal limits (value not simulated: no evidence),-7,SCREENING,assumption
S0376,Platelet count,within normal limits (value not simulated: no evidence),-7,SCREENING,assumption
S0376,Hemoglobin,within normal limits (value not simulated: no evidence),-7,SCREENING,assumption
S0376,ALT,within normal limits (value not simulated: no evidence),-7,SCREENING,assumption
S0376,Creatinine,within normal limits (value not simulated: no evidence),-7,SCREENING,assumption
S0376,Platelet count,96.62 10^9/L (grade 1),4,C1D4,assumption
S0376,Absolute neutrophil count,1.47 10^9/L (grade 2),39,C2D11,assumption
S0376,Hemoglobin,8.44 g/dL (grade 2),63,C3D7,assumption
S0376,Absolute neutrophil count,1.01 10^9/L (grade 2),148,C6D8,assumption
S0377,Absolute neutrophil count,within normal limits (value not simulated: no evidence),-7,SCREENING,assumption
S0377,Platelet count,within normal limits (value not simulated: no evidence),-7,SCREENING,assumption
S0377,Hemoglobin,within normal limits (value not simulated: no evidence),-7,SCREENING,assumption
S0377,ALT,within normal limits (value not simulated: no evidence),-7,SCREENING,assumption
S0377,Creatinine,within normal limits (value not simulated: no evidence),-7,SCREENING,assumption
S0377,Absolute neutrophil count,1.47 10^9/L (grade 2),2,C1D2,assumption
S0377,Hemoglobin,10.71 g/dL (grade 1),25,C1D25,assumption
S0377,Platelet count,81.81 10^9/L (grade 1),113,C5D1,assumption
S0377,Absolute neutrophil count,1.86 10^9/L (grade 1),140,C5D28,assumption
S0378,Absolute neutrophil count,within normal limits (value not simulated: no evidence),-7,SCREENING,assumption
S0378,Platelet count,within normal limits (value not simulated: no evidence),-7,SCREENING,assumption
S0378,Hemoglobin,within normal limits (value not simulated: no evidence),-7,SCREENING,assumption
S0378,ALT,within normal limits (value not simulated: no evidence),-7,SCREENING,assumption
S0378,Creatinine,within normal limits (value not simulated: no evidence),-7,SCREENING,assumption
S0378,Platelet count,54.56 10^9/L (grade 2),39,C2D11,assumption
S0378,Absolute neutrophil count,1.49 10^9/L (grade 2),126,C5D14,assumption
S0378,Absolute neutrophil count,1.73 10^9/L (grade 1),170,unscheduled,assumption
S0379,Absolute neutrophil count,within normal limits (value not simulated: no evidence),-7,SCREENING,assumption
S0379,Platelet count,within normal limits (value not simulated: no evidence),-7,SCREENING,assumption
S0379,Hemoglobin,within normal limits (value not simulated: no evidence),-7,SCREENING,assumption
S0379,ALT,within normal limits (value not simulated: no evidence),-7,SCREENING,assumption
S0379,Creatinine,within normal limits (value not simulated: no evidence),-7,SCREENING,assumption
S0379,Absolute neutrophil count,1.01 10^9/L (grade 2),21,C1D21,assumption
S0379,ALT,4.06 x ULN (grade 2),77,C3D21,assumption
S0380,Absolute neutrophil count,within normal limits (value not simulated: no evidence),-7,SCREENING,assumption
S0380,Platelet count,within normal limits (value not simulated: no evidence),-7,SCREENING,assumption
S0380,Hemoglobin,within normal limits (value not simulated: no evidence),-7,SCREENING,assumption
S0380,ALT,within normal limits (value not simulated: no evidence),-7,SCREENING,assumption
S0380,Creatinine,within normal limits (value not simulated: no evidence),-7,SCREENING,assumption
S0381,Absolute neutrophil count,within normal limits (value not simulated: no evidence),-7,SCREENING,assumption
S0381,Platelet count,within normal limits (value not simulated: no evidence),-7,SCREENING,assumption
S0381,Hemoglobin,within normal limits (value not simulated: no evidence),-7,SCREENING,assumption
S0381,ALT,within normal limits (value not simulated: no evidence),-7,SCREENING,assumption
S0381,Creatinine,within normal limits (value not simulated: no evidence),-7,SCREENING,assumption
S0381,Absolute neutrophil count,1.88 10^9/L (grade 1),100,C4D16,assumption
S0381,Absolute neutrophil count,1.84 10^9/L (grade 1),114,C5D2,assumption
S0382,Absolute neutrophil count,within normal limits (value not simulated: no evidence),-7,SCREENING,assumption
S0382,Platelet count,within normal limits (value not simulated: no evidence),-7,SCREENING,assumption
S0382,Hemoglobin,within normal limits (value not simulated: no evidence),-7,SCREENING,assumption
S0382,ALT,within normal limits (value not simulated: no evidence),-7,SCREENING,assumption
S0382,Creatinine,within normal limits (value not simulated: no evidence),-7,SCREENING,assumption
S0383,Absolute neutrophil count,within normal limits (value not simulated: no evidence),-7,SCREENING,assumption
S0383,Platelet count,within normal limits (value not simulated: no evidence),-7,SCREENING,assumption
S0383,Hemoglobin,within normal limits (value not simulated: no evidence),-7,SCREENING,assumption
S0383,ALT,within normal limits (value not simulated: no evidence),-7,SCREENING,assumption
S0383,Creatinine,within normal limits (value not simulated: no evidence),-7,SCREENING,assumption
S0383,Absolute neutrophil count,1.32 10^9/L (grade 2),5,C1D5,assumption
S0383,Platelet count,59.69 10^9/L (grade 2),35,C2D7,assumption
S0384,Absolute neutrophil count,within normal limits (value not simulated: no evidence),-7,SCREENING,assumption
S0384,Platelet count,within normal limits (value not simulated: no evidence),-7,SCREENING,assumption
S0384,Hemoglobin,within normal limits (value not simulated: no evidence),-7,SCREENING,assumption
S0384,ALT,within normal limits (value not simulated: no evidence),-7,SCREENING,assumption
S0384,Creatinine,within normal limits (value not simulated: no evidence),-7,SCREENING,assumption
S0384,Absolute neutrophil count,1.98 10^9/L (grade 1),32,C2D4,assumption
S0384,Platelet count,60.94 10^9/L (grade 2),51,C2D23,assumption
S0384,Absolute neutrophil count,1.39 10^9/L (grade 2),85,C4D1,assumption
S0384,Hemoglobin,10.24 g/dL (grade 1),100,C4D16,assumption
S0385,Absolute neutrophil count,within normal limits (value not simulated: no evidence),-7,SCREENING,assumption
S0385,Platelet count,within normal limits (value not simulated: no evidence),-7,SCREENING,assumption
S0385,Hemoglobin,within normal limits (value not simulated: no evidence),-7,SCREENING,assumption
S0385,ALT,within normal limits (value not simulated: no evidence),-7,SCREENING,assumption
S0385,Creatinine,within normal limits (value not simulated: no evidence),-7,SCREENING,assumption
S0385,Platelet count,51.53 10^9/L (grade 2),166,C6D26,assumption
S0386,Absolute neutrophil count,within normal limits (value not simulated: no evidence),-7,SCREENING,assumption
S0386,Platelet count,within normal limits (value not simulated: no evidence),-7,SCREENING,assumption
S0386,Hemoglobin,within normal limits (value not simulated: no evidence),-7,SCREENING,assumption
S0386,ALT,within normal limits (value not simulated: no evidence),-7,SCREENING,assumption
S0386,Creatinine,within normal limits (value not simulated: no evidence),-7,SCREENING,assumption
S0387,Absolute neutrophil count,within normal limits (value not simulated: no evidence),-7,SCREENING,assumption
S0387,Platelet count,within normal limits (value not simulated: no evidence),-7,SCREENING,assumption
S0387,Hemoglobin,within normal limits (value not simulated: no evidence),-7,SCREENING,assumption
S0387,ALT,within normal limits (value not simulated: no evidence),-7,SCREENING,assumption
S0387,Creatinine,within normal limits (value not simulated: no evidence),-7,SCREENING,assumption
S0388,Absolute neutrophil count,within normal limits (value not simulated: no evidence),-7,SCREENING,assumption
S0388,Platelet count,within normal limits (value not simulated: no evidence),-7,SCREENING,assumption
S0388,Hemoglobin,within normal limits (value not simulated: no evidence),-7,SCREENING,assumption
S0388,ALT,within normal limits (value not simulated: no evidence),-7,SCREENING,assumption
S0388,Creatinine,within normal limits (value not simulated: no evidence),-7,SCREENING,assumption
S0388,Absolute neutrophil count,1.59 10^9/L (grade 1),60,C3D4,assumption
S0388,Absolute neutrophil count,1.78 10^9/L (grade 1),117,C5D5,assumption
S0389,Absolute neutrophil count,within normal limits (value not simulated: no evidence),-7,SCREENING,assumption
S0389,Platelet count,within normal limits (value not simulated: no evidence),-7,SCREENING,assumption
S0389,Hemoglobin,within normal limits (value not simulated: no evidence),-7,SCREENING,assumption
S0389,ALT,within normal limits (value not simulated: no evidence),-7,SCREENING,assumption
S0389,Creatinine,within normal limits (value not simulated: no evidence),-7,SCREENING,assumption
S0389,Absolute neutrophil count,1.85 10^9/L (grade 1),46,C2D18,assumption
S0389,ALT,2.52 x ULN (grade 1),153,C6D13,assumption
S0390,Absolute neutrophil count,within normal limits (value not simulated: no evidence),-7,SCREENING,assumption
S0390,Platelet count,within normal limits (value not simulated: no evidence),-7,SCREENING,assumption
S0390,Hemoglobin,within normal limits (value not simulated: no evidence),-7,SCREENING,assumption
S0390,ALT,within normal limits (value not simulated: no evidence),-7,SCREENING,assumption
S0390,Creatinine,within normal limits (value not simulated: no evidence),-7,SCREENING,assumption
S0390,Absolute neutrophil count,1.4 10^9/L (grade 2),161,C6D21,assumption
S0390,Hemoglobin,10.44 g/dL (grade 1),182,unscheduled,assumption
S0391,Absolute neutrophil count,within normal limits (value not simulated: no evidence),-7,SCREENING,assumption
S0391,Platelet count,within normal limits (value not simulated: no evidence),-7,SCREENING,assumption
S0391,Hemoglobin,within normal limits (value not simulated: no evidence),-7,SCREENING,assumption
S0391,ALT,within normal limits (value not simulated: no evidence),-7,SCREENING,assumption
S0391,Creatinine,within normal limits (value not simulated: no evidence),-7,SCREENING,assumption
S0391,Absolute neutrophil count,1.48 10^9/L (grade 2),26,C1D26,assumption
S0391,Hemoglobin,11.46 g/dL (grade 1),82,C3D26,assumption
S0392,Absolute neutrophil count,within normal limits (value not simulated: no evidence),-7,SCREENING,assumption
S0392,Platelet count,within normal limits (value not simulated: no evidence),-7,SCREENING,assumption
S0392,Hemoglobin,within normal limits (value not simulated: no evidence),-7,SCREENING,assumption
S0392,ALT,within normal limits (value not simulated: no evidence),-7,SCREENING,assumption
S0392,Creatinine,within normal limits (value not simulated: no evidence),-7,SCREENING,assumption
S0393,Absolute neutrophil count,within normal limits (value not simulated: no evidence),-7,SCREENING,assumption
S0393,Platelet count,within normal limits (value not simulated: no evidence),-7,SCREENING,assumption
S0393,Hemoglobin,within normal limits (value not simulated: no evidence),-7,SCREENING,assumption
S0393,ALT,within normal limits (value not simulated: no evidence),-7,SCREENING,assumption
S0393,Creatinine,within normal limits (value not simulated: no evidence),-7,SCREENING,assumption
S0393,Absolute neutrophil count,1.47 10^9/L (grade 2),96,C4D12,assumption
S0393,Hemoglobin,9.07 g/dL (grade 2),130,C5D18,assumption
S0394,Absolute neutrophil count,within normal limits (value not simulated: no evidence),-7,SCREENING,assumption
S0394,Platelet count,within normal limits (value not simulated: no evidence),-7,SCREENING,assumption
S0394,Hemoglobin,within normal limits (value not simulated: no evidence),-7,SCREENING,assumption
S0394,ALT,within normal limits (value not simulated: no evidence),-7,SCREENING,assumption
S0394,Creatinine,within normal limits (value not simulated: no evidence),-7,SCREENING,assumption
S0394,Absolute neutrophil count,1.94 10^9/L (grade 1),50,C2D22,assumption
S0394,Platelet count,103.79 10^9/L (grade 1),96,C4D12,assumption
S0394,Hemoglobin,8.65 g/dL (grade 2),178,unscheduled,assumption
S0395,Absolute neutrophil count,within normal limits (value not simulated: no evidence),-7,SCREENING,assumption
S0395,Platelet count,within normal limits (value not simulated: no evidence),-7,SCREENING,assumption
S0395,Hemoglobin,within normal limits (value not simulated: no evidence),-7,SCREENING,assumption
S0395,ALT,within normal limits (value not simulated: no evidence),-7,SCREENING,assumption
S0395,Creatinine,within normal limits (value not simulated: no evidence),-7,SCREENING,assumption
S0395,Hemoglobin,9.69 g/dL (grade 2),3,C1D3,assumption
S0395,Absolute neutrophil count,1.48 10^9/L (grade 2),35,C2D7,assumption
S0396,Absolute neutrophil count,within normal limits (value not simulated: no evidence),-7,SCREENING,assumption
S0396,Platelet count,within normal limits (value not simulated: no evidence),-7,SCREENING,assumption
S0396,Hemoglobin,within normal limits (value not simulated: no evidence),-7,SCREENING,assumption
S0396,ALT,within normal limits (value not simulated: no evidence),-7,SCREENING,assumption
S0396,Creatinine,within normal limits (value not simulated: no evidence),-7,SCREENING,assumption
S0397,Absolute neutrophil count,within normal limits (value not simulated: no evidence),-7,SCREENING,assumption
S0397,Platelet count,within normal limits (value not simulated: no evidence),-7,SCREENING,assumption
S0397,Hemoglobin,within normal limits (value not simulated: no evidence),-7,SCREENING,assumption
S0397,ALT,within normal limits (value not simulated: no evidence),-7,SCREENING,assumption
S0397,Creatinine,within normal limits (value not simulated: no evidence),-7,SCREENING,assumption
S0398,Absolute neutrophil count,within normal limits (value not simulated: no evidence),-7,SCREENING,assumption
S0398,Platelet count,within normal limits (value not simulated: no evidence),-7,SCREENING,assumption
S0398,Hemoglobin,within normal limits (value not simulated: no evidence),-7,SCREENING,assumption
S0398,ALT,within normal limits (value not simulated: no evidence),-7,SCREENING,assumption
S0398,Creatinine,within normal limits (value not simulated: no evidence),-7,SCREENING,assumption
S0398,Absolute neutrophil count,1.4 10^9/L (grade 2),30,C2D2,assumption
S0398,Hemoglobin,11.23 g/dL (grade 1),33,C2D5,assumption
S0399,Absolute neutrophil count,within normal limits (value not simulated: no evidence),-7,SCREENING,assumption
S0399,Platelet count,within normal limits (value not simulated: no evidence),-7,SCREENING,assumption
S0399,Hemoglobin,within normal limits (value not simulated: no evidence),-7,SCREENING,assumption
S0399,ALT,within normal limits (value not simulated: no evidence),-7,SCREENING,assumption
S0399,Creatinine,within normal limits (value not simulated: no evidence),-7,SCREENING,assumption
S0399,Absolute neutrophil count,1.32 10^9/L (grade 2),31,C2D3,assumption
S0399,Absolute neutrophil count,1.1 10^9/L (grade 2),182,unscheduled,assumption
S0400,Absolute neutrophil count,within normal limits (value not simulated: no evidence),-7,SCREENING,assumption
S0400,Platelet count,within normal limits (value not simulated: no evidence),-7,SCREENING,assumption
S0400,Hemoglobin,within normal limits (value not simulated: no evidence),-7,SCREENING,assumption
S0400,ALT,within normal limits (value not simulated: no evidence),-7,SCREENING,assumption
S0400,Creatinine,within normal limits (value not simulated: no evidence),-7,SCREENING,assumption
S0400,Absolute neutrophil count,1.25 10^9/L (grade 2),66,C3D10,assumption
S0400,Absolute neutrophil count,1.23 10^9/L (grade 2),136,C5D24,assumption
