USUBJID,VISIT,SVSTDY
S0001,SCREENING,-7
S0001,SCREENING,-7
S0001,SCREENING,-7
S0001,SCREENING,-7
S0001,SCREENING,-7
S0001,SCREENING,-7
S0001,SCREENING,-7
S0001,C1D1,1
S0001,C1D1,1
S0001,C1D2,2
S0001,C1D7,7
S0001,C1D21,21
S0001,C1D25,25
S0001,C2D16,44
S0001,C2D25,53
S0001,C2D27,55
S0001,C2D28,56
S0001,C3D1,57
S0001,C3D20,76
S0001,C4D3,87
S0001,C4D19,103
S0001,C4D26,110
S0001,C5D3,115
S0001,C5D8,120
S0001,C5D8,120
S0001,C5D16,128
S0001,C5D16,128
S0001,C5D17,129
S0001,C5D26,138
S0001,C6D14,154
S0001,C6D15,155
S0001,C6D15,155
S0001,EOT,168
S0001,unscheduled,178
S0001,unscheduled,178
S0001,unscheduled,187
S0001,unscheduled,196
S0002,SCREENING,-7
S0002,SCREENING,-7
S0002,SCREENING,-7
S0002,SCREENING,-7
S0002,SCREENING,-7
S0002,SCREENING,-7
S0002,SCREENING,-7
S0002,C1D1,1
S0002,C1D1,1
S0002,C1D1,1
S0002,C1D2,2
S0002,C1D18,18
S0002,C4D16,100
S0002,C5D24,136
S0002,EOT,168
S0002,follow-up,714
S0003,SCREENING,-7
S0003,SCREENING,-7
S0003,SCREENING,-7
S0003,SCREENING,-7
S0003,SCREENING,-7
S0003,SCREENING,-7
S0003,SCREENING,-7
S0003,C1D1,1
S0003,C1D1,1
S0003,C1D2,2
S0003,C1D8,8
S0003,C1D14,14
S0003,C1D19,19
S0003,C2D24,52
S0003,C2D26,54
S0003,C3D3,59
S0003,C3D23,79
S0003,C4D2,86
S0003,C5D18,130
S0003,C5D26,138
S0003,C6D14,154
S0003,C6D16,156
S0003,EOT,168
S0003,unscheduled,178
S0003,unscheduled,187
S0004,SCREENING,-7
S0004,SCREENING,-7
S0004,SCREENING,-7
S0004,SCREENING,-7
S0004,SCREENING,-7
S0004,SCREENING,-7
S0004,SCREENING,-7
S0004,C1D1,1
S0004,C1D1,1
S0004,C1D1,1
S0004,C1D2,2
S0004,C1D12,12
S0004,C1D21,21
S0004,C1D23,23
S0004,C2D11,39
S0004,C2D15,43
S0004,C2D22,50
S0004,C2D27,55
S0004,C3D4,60
S0004,C3D8,64
S0004,C3D14,70
S0004,C3D23,79
S0004,C3D26,82
S0004,C4D5,89
S0004,C4D16,100
S0004,C4D16,100
S0004,C5D3,115
S0004,C5D20,132
S0004,C6D2,142
S0004,C6D10,150
S0004,C6D20,160
S0004,EOT,168
S0004,unscheduled,183
S0004,unscheduled,197
S0005,SCREENING,-7
S0005,SCREENING,-7
S0005,SCREENING,-7
S0005,SCREENING,-7
S0005,SCREENING,-7
S0005,SCREENING,-7
S0005,SCREENING,-7
S0005,C1D1,1
S0005,C1D1,1
S0005,C1D2,2
S0005,C1D3,3
S0005,C1D11,11
S0005,C1D12,12
S0005,C1D17,17
S0005,C1D24,24
S0005,C1D25,25
S0005,C1D26,26
S0005,C1D26,26
S0005,C2D12,40
S0005,C2D17,45
S0005,C2D24,52
S0005,C2D27,55
S0005,C3D5,61
S0005,C3D12,68
S0005,C3D16,72
S0005,C3D16,72
S0005,C3D23,79
S0005,C3D24,80
S0005,C3D24,80
S0005,C3D25,81
S0005,C3D25,81
S0005,C4D10,94
S0005,C4D16,100
S0005,C4D17,101
S0005,C4D18,102
S0005,C5D3,115
S0005,C5D5,117
S0005,C5D8,120
S0005,C5D16,128
S0005,C5D26,138
S0005,C5D27,139
S0005,C6D4,144
S0005,C6D5,145
S0005,C6D5,145
S0005,C6D9,149
S0005,C6D26,166
S0005,EOT,168
S0005,unscheduled,169
S0005,unscheduled,172
S0005,unscheduled,180
S0005,unscheduled,182
S0005,unscheduled,188
S0005,unscheduled,189
S0006,SCREENING,-7
S0006,SCREENING,-7
S0006,SCREENING,-7
S0006,SCREENING,-7
S0006,SCREENING,-7
S0006,SCREENING,-7
S0006,SCREENING,-7
S0006,C1D1,1
S0006,C1D1,1
S0006,C1D2,2
S0006,C1D2,2
S0006,C1D4,4
S0006,C1D5,5
S0006,C2D12,40
S0006,C3D8,64
S0006,C3D9,65
S0006,C3D9,65
S0006,C4D6,90
S0006,C4D15,99
S0006,C5D4,116
S0006,C5D19,131
S0006,C5D21,133
S0006,C6D10,150
S0006,C6D11,151
S0006,C6D18,158
S0006,C6D18,158
S0006,EOT,168
S0006,unscheduled,169
S0006,unscheduled,178
S0006,unscheduled,179
S0006,unscheduled,181
S0007,SCREENING,-7
S0007,SCREENING,-7
S0007,SCREENING,-7
S0007,SCREENING,-7
S0007,SCREENING,-7
S0007,SCREENING,-7
S0007,SCREENING,-7
S0007,C1D1,1
S0007,C1D1,1
S0007,C1D1,1
S0007,C1D2,2
S0007,C1D10,10
S0007,C1D15,15
S0007,C3D3,59
S0007,C3D6,62
S0007,C3D10,66
S0007,C3D11,67
S0007,C3D16,72
S0007,C3D21,77
S0007,C3D21,77
S0007,C3D21,77
S0007,C3D24,80
S0007,C3D28,84
S0007,C4D10,94
S0007,C4D22,106
S0007,C4D22,106
S0007,C4D22,106
S0007,C4D27,111
S0007,C5D5,117
S0007,C5D16,128
S0007,C6D1,141
S0007,C6D1,141
S0007,C6D22,162
S0007,EOT,168
S0007,unscheduled,175
S0007,unscheduled,180
S0007,follow-up,639
S0008,SCREENING,-7
S0008,SCREENING,-7
S0008,SCREENING,-7
S0008,SCREENING,-7
S0008,SCREENING,-7
S0008,SCREENING,-7
S0008,SCREENING,-7
S0008,C1D1,1
S0008,C1D1,1
S0008,C1D2,2
S0008,C1D3,3
S0008,C1D15,15
S0008,C1D24,24
S0008,C1D24,24
S0008,C2D10,38
S0008,C2D26,54
S0008,C2D26,54
S0008,C3D20,76
S0008,C3D22,78
S0008,C3D26,82
S0008,C4D1,85
S0008,C4D1,85
S0008,C4D17,101
S0008,C5D5,117
S0008,C5D7,119
S0008,C5D11,123
S0008,C5D15,127
S0008,C6D1,141
S0008,C6D19,159
S0008,C6D22,162
S0008,C6D25,165
S0008,C6D25,165
S0008,EOT,168
S0008,unscheduled,178
S0008,unscheduled,196
S0008,follow-up,394
S0009,SCREENING,-7
S0009,SCREENING,-7
S0009,SCREENING,-7
S0009,SCREENING,-7
S0009,SCREENING,-7
S0009,SCREENING,-7
S0009,SCREENING,-7
S0009,C1D1,1
S0009,C1D1,1
S0009,C1D1,1
S0009,C1D2,2
S0009,C1D18,18
S0009,C1D18,18
S0009,C1D24,24
S0009,C2D17,45
S0009,C2D25,53
S0009,C2D25,53
S0009,C2D27,55
S0009,C3D25,81
S0009,C3D28,84
S0009,C4D7,91
S0009,C4D15,99
S0009,C5D10,122
S0009,C5D24,136
S0009,C5D28,140
S0009,C6D28,168
S0009,EOT,168
S0009,unscheduled,173
S0009,unscheduled,183
S0009,unscheduled,197
S0010,SCREENING,-7
S0010,SCREENING,-7
S0010,SCREENING,-7
S0010,SCREENING,-7
S0010,SCREENING,-7
S0010,SCREENING,-7
S0010,SCREENING,-7
S0010,C1D1,1
S0010,C1D1,1
S0010,C1D1,1
S0010,C1D2,2
S0010,C1D12,12
S0010,C1D19,19
S0010,C1D21,21
S0010,C1D27,27
S0010,C2D3,31
S0010,C2D13,41
S0010,C2D21,49
S0010,C2D26,54
S0010,C2D27,55
S0010,C3D4,60
S0010,C3D7,63
S0010,C3D14,70
S0010,C3D20,76
S0010,C3D21,77
S0010,C3D28,84
S0010,C4D10,94
S0010,C4D14,98
S0010,C4D18,102
S0010,C4D23,107
S0010,C5D6,118
S0010,C5D18,130
S0010,C5D20,132
S0010,C5D20,132
S0010,C5D22,134
S0010,C5D25,137
S0010,C6D2,142
S0010,C6D2,142
S0010,C6D7,147
S0010,C6D8,148
S0010,C6D9,149
S0010,C6D17,157
S0010,C6D24,164
S0010,C6D26,166
S0010,C6D28,168
S0010,EOT,168
S0010,unscheduled,183
S0010,unscheduled,183
S0010,unscheduled,186
S0011,SCREENING,-7
S0011,SCREENING,-7
S0011,SCREENING,-7
S0011,SCREENING,-7
S0011,SCREENING,-7
S0011,SCREENING,-7
S0011,SCREENING,-7
S0011,C1D1,1
S0011,C1D1,1
S0011,C1D1,1
S0011,C1D2,2
S0011,C1D10,10
S0011,C1D19,19
S0011,C2D4,32
S0011,C3D9,65
S0011,C4D11,95
S0011,C4D15,99
S0011,C4D21,105
S0011,C5D11,123
S0011,C5D16,128
S0011,C6D5,145
S0011,C6D28,168
S0011,EOT,168
S0011,unscheduled,184
S0011,unscheduled,197
S0012,SCREENING,-7
S0012,SCREENING,-7
S0012,SCREENING,-7
S0012,SCREENING,-7
S0012,SCREENING,-7
S0012,SCREENING,-7
S0012,SCREENING,-7
S0012,C1D1,1
S0012,C1D1,1
S0012,C1D2,2
S0012,C1D4,4
S0012,C1D13,13
S0012,C2D12,40
S0012,C2D27,55
S0012,C3D4,60
S0012,C3D16,72
S0012,C3D23,79
S0012,C3D24,80
S0012,C4D2,86
S0012,C5D28,140
S0012,C6D7,147
S0012,C6D19,159
S0012,EOT,168
S0012,unscheduled,175
S0012,unscheduled,184
S0012,unscheduled,192
S0013,SCREENING,-7
S0013,SCREENING,-7
S0013,SCREENING,-7
S0013,SCREENING,-7
S0013,SCREENING,-7
S0013,SCREENING,-7
S0013,SCREENING,-7
S0013,C1D1,1
S0013,C1D1,1
S0013,C1D1,1
S0013,C1D1,1
S0013,C1D2,2
S0013,C1D2,2
S0013,C1D15,15
S0013,C1D21,21
S0013,C1D25,25
S0013,C2D3,31
S0013,C2D7,35
S0013,C2D8,36
S0013,C2D14,42
S0013,C2D14,42
S0013,C3D2,58
S0013,C3D9,65
S0013,C3D11,67
S0013,C3D12,68
S0013,EOT,88
S0013,C4D27,111
S0013,C4D28,112
S0014,SCREENING,-7
S0014,SCREENING,-7
S0014,SCREENING,-7
S0014,SCREENING,-7
S0014,SCREENING,-7
S0014,SCREENING,-7
S0014,SCREENING,-7
S0014,C1D1,1
S0014,C1D1,1
S0014,C1D1,1
S0014,C1D1,1
S0014,C1D2,2
S0014,C1D2,2
S0014,C1D10,10
S0014,C1D10,10
S0014,C1D13,13
S0014,C1D18,18
S0014,C1D18,18
S0014,C1D18,18
S0014,C1D19,19
S0014,C1D21,21
S0014,C1D24,24
S0014,C1D25,25
S0014,C1D25,25
S0014,C2D1,29
S0014,C2D7,35
S0014,C2D8,36
S0014,C2D15,43
S0014,C2D15,43
S0014,C2D19,47
S0014,C2D22,50
S0014,C2D28,56
S0014,C2D28,56
S0014,C2D28,56
S0014,C3D1,57
S0014,C3D2,58
S0014,C3D3,59
S0014,C3D7,63
S0014,C3D14,70
S0014,C3D15,71
S0014,C3D16,72
S0014,C3D18,74
S0014,C3D18,74
S0014,C3D21,77
S0014,C3D25,81
S0014,C3D27,83
S0014,unscheduled,88
S0014,EOT,88
S0014,C4D5,89
S0014,C4D5,89
S0014,C4D7,91
S0014,C4D7,91
S0014,C4D8,92
S0014,C4D10,94
S0014,C4D10,94
S0014,C4D13,97
S0014,C4D14,98
S0014,C4D15,99
S0014,C4D19,103
S0014,C4D26,110
S0014,C4D26,110
S0014,C5D3,115
S0014,C5D3,115
S0014,C5D3,115
S0014,C5D4,116
S0014,C5D4,116
S0015,SCREENING,-7
S0015,SCREENING,-7
S0015,SCREENING,-7
S0015,SCREENING,-7
S0015,SCREENING,-7
S0015,SCREENING,-7
S0015,SCREENING,-7
S0015,C1D1,1
S0015,C1D1,1
S0015,C1D1,1
S0015,C1D2,2
S0015,C1D9,9
S0015,C1D20,20
S0015,C2D5,33
S0015,C2D5,33
S0015,C2D7,35
S0015,C2D17,45
S0015,C2D20,48
S0015,C2D20,48
S0015,C2D28,56
S0015,C3D6,62
S0015,C3D7,63
S0015,C4D8,92
S0015,C5D8,120
S0015,C5D18,130
S0015,C6D8,148
S0015,C6D26,166
S0015,EOT,168
S0015,unscheduled,176
S0016,SCREENING,-7
S0016,SCREENING,-7
S0016,SCREENING,-7
S0016,SCREENING,-7
S0016,SCREENING,-7
S0016,SCREENING,-7
S0016,SCREENING,-7
S0016,C1D1,1
S0016,C1D1,1
S0016,C1D2,2
S0016,C1D10,10
S0016,C2D1,29
S0016,C2D4,32
S0016,C2D12,40
S0016,C2D18,46
S0016,C3D11,67
S0016,C3D14,70
S0016,C3D27,83
S0016,C4D3,87
S0016,C4D6,90
S0016,C4D24,108
S0016,C5D3,115
S0016,C5D5,117
S0016,C6D15,155
S0016,EOT,168
S0016,unscheduled,170
S0016,unscheduled,170
S0016,unscheduled,173
S0016,unscheduled,187
S0016,unscheduled,192
S0016,unscheduled,195
S0016,unscheduled,196
S0017,SCREENING,-7
S0017,SCREENING,-7
S0017,SCREENING,-7
S0017,SCREENING,-7
S0017,SCREENING,-7
S0017,SCREENING,-7
S0017,SCREENING,-7
S0017,C1D1,1
S0017,C1D1,1
S0017,C1D2,2
S0017,C1D2,2
S0017,C1D23,23
S0017,C2D24,52
S0017,C4D12,96
S0017,C4D13,97
S0017,C4D13,97
S0017,C4D17,101
S0017,C4D19,103
S0017,C4D20,104
S0017,C5D10,122
S0017,C5D10,122
S0017,C5D13,125
S0017,C5D23,135
S0017,C6D3,143
S0017,C6D4,144
S0017,C6D17,157
S0017,C6D18,158
S0017,C6D25,165
S0017,C6D25,165
S0017,EOT,168
S0017,unscheduled,180
S0017,unscheduled,185
S0018,SCREENING,-7
S0018,SCREENING,-7
S0018,SCREENING,-7
S0018,SCREENING,-7
S0018,SCREENING,-7
S0018,SCREENING,-7
S0018,SCREENING,-7
S0018,C1D1,1
S0018,C1D1,1
S0018,C1D1,1
S0018,C1D2,2
S0018,C1D9,9
S0018,C3D3,59
S0018,C3D22,78
S0018,C4D7,91
S0018,C4D17,101
S0018,C4D24,108
S0018,C5D13,125
S0018,C5D13,125
S0018,C5D13,125
S0018,C5D18,130
S0018,C5D22,134
S0018,C6D2,142
S0018,unscheduled,145
S0018,EOT,145
S0018,C6D6,146
S0018,C6D6,146
S0018,C6D8,148
S0018,C6D8,148
S0018,C6D23,163
S0019,SCREENING,-7
S0019,SCREENING,-7
S0019,SCREENING,-7
S0019,SCREENING,-7
S0019,SCREENING,-7
S0019,SCREENING,-7
S0019,SCREENING,-7
S0019,C1D1,1
S0019,C1D1,1
S0019,C1D1,1
S0019,C1D2,2
S0019,C1D3,3
S0019,C1D7,7
S0019,C1D11,11
S0019,C1D12,12
S0019,C1D15,15
S0019,C1D18,18
S0019,C1D21,21
S0019,C1D23,23
S0019,C1D24,24
S0019,C1D27,27
S0019,C1D28,28
S0019,C2D11,39
S0019,C2D11,39
S0019,C2D13,41
S0019,C2D27,55
S0019,C2D27,55
S0019,C2D28,56
S0019,C2D28,56
S0019,C3D1,57
S0019,C3D9,65
S0019,EOT,78
S0019,C4D23,107
S0020,SCREENING,-7
S0020,SCREENING,-7
S0020,SCREENING,-7
S0020,SCREENING,-7
S0020,SCREENING,-7
S0020,SCREENING,-7
S0020,SCREENING,-7
S0020,C1D1,1
S0020,C1D1,1
S0020,C1D1,1
S0020,C1D2,2
S0020,C1D2,2
S0020,C1D16,16
S0020,C1D17,17
S0020,C1D21,21
S0020,C1D21,21
S0020,C1D26,26
S0020,C1D27,27
S0020,C2D8,36
S0020,C2D8,36
S0020,C2D19,47
S0020,C2D21,49
S0020,C4D5,89
S0020,C6D25,165
S0020,EOT,168
S0020,unscheduled,178
S0020,unscheduled,178
S0020,unscheduled,183
S0020,unscheduled,190
S0020,unscheduled,192
S0020,unscheduled,198
S0021,SCREENING,-7
S0021,SCREENING,-7
S0021,SCREENING,-7
S0021,SCREENING,-7
S0021,SCREENING,-7
S0021,SCREENING,-7
S0021,SCREENING,-7
S0021,C1D1,1
S0021,C1D1,1
S0021,C1D1,1
S0021,C1D2,2
S0021,C1D13,13
S0021,C1D28,28
S0021,C1D28,28
S0021,C2D4,32
S0021,C2D4,32
S0021,C2D12,40
S0021,C2D14,42
S0021,C3D20,76
S0021,C3D21,77
S0021,C3D28,84
S0021,C4D10,94
S0021,C4D10,94
S0021,C4D20,104
S0021,C4D20,104
S0021,C4D24,108
S0021,C5D2,114
S0021,C5D26,138
S0021,C6D1,141
S0021,C6D14,154
S0021,C6D20,160
S0021,EOT,168
S0021,unscheduled,188
S0022,SCREENING,-7
S0022,SCREENING,-7
S0022,SCREENING,-7
S0022,SCREENING,-7
S0022,SCREENING,-7
S0022,SCREENING,-7
S0022,SCREENING,-7
S0022,C1D1,1
S0022,C1D1,1
S0022,C1D1,1
S0022,C1D2,2
S0022,C1D2,2
S0022,C1D3,3
S0022,C1D16,16
S0022,C2D6,34
S0022,C2D21,49
S0022,C4D20,104
S0022,C4D24,108
S0022,C5D5,117
S0022,C5D5,117
S0022,C5D11,123
S0022,C5D22,134
S0022,C6D14,154
S0022,C6D27,167
S0022,EOT,168
S0023,SCREENING,-7
S0023,SCREENING,-7
S0023,SCREENING,-7
S0023,SCREENING,-7
S0023,SCREENING,-7
S0023,SCREENING,-7
S0023,SCREENING,-7
S0023,C1D1,1
S0023,C1D1,1
S0023,C1D1,1
S0023,C1D2,2
S0023,C1D7,7
S0023,C1D10,10
S0023,C1D16,16
S0023,C1D18,18
S0023,C1D26,26
S0023,C2D2,30
S0023,C2D2,30
S0023,C2D26,54
S0023,C3D13,69
S0023,C3D13,69
S0023,C4D14,98
S0023,C5D3,115
S0023,C6D3,143
S0023,C6D5,145
S0023,C6D10,150
S0023,C6D20,160
S0023,C6D24,164
S0023,C6D24,164
S0023,EOT,168
S0023,unscheduled,176
S0023,unscheduled,189
S0023,unscheduled,193
S0024,SCREENING,-7
S0024,SCREENING,-7
S0024,SCREENING,-7
S0024,SCREENING,-7
S0024,SCREENING,-7
S0024,SCREENING,-7
S0024,SCREENING,-7
S0024,C1D1,1
S0024,C1D1,1
S0024,C1D1,1
S0024,C1D2,2
S0024,C1D5,5
S0024,C1D5,5
S0024,C2D7,35
S0024,C2D9,37
S0024,C2D9,37
S0024,C2D16,44
S0024,C2D22,50
S0024,C2D22,50
S0024,C2D23,51
S0024,C3D1,57
S0024,C4D3,87
S0024,C4D3,87
S0024,C4D17,101
S0024,C5D4,116
S0024,C5D10,122
S0024,C5D13,125
S0024,C5D18,130
S0024,C5D18,130
S0024,C6D1,141
S0024,C6D23,163
S0024,EOT,168
S0024,unscheduled,171
S0024,unscheduled,175
S0024,unscheduled,176
S0024,unscheduled,182
S0024,unscheduled,188
S0024,unscheduled,197
S0025,SCREENING,-7
S0025,SCREENING,-7
S0025,SCREENING,-7
S0025,SCREENING,-7
S0025,SCREENING,-7
S0025,SCREENING,-7
S0025,SCREENING,-7
S0025,C1D1,1
S0025,C1D1,1
S0025,C1D1,1
S0025,C1D2,2
S0025,C1D2,2
S0025,C1D2,2
S0025,C2D8,36
S0025,C2D18,46
S0025,C2D23,51
S0025,C2D24,52
S0025,C3D26,82
S0025,C4D15,99
S0025,C4D16,100
S0025,C6D16,156
S0025,C6D20,160
S0025,EOT,168
S0025,unscheduled,170
S0026,SCREENING,-7
S0026,SCREENING,-7
S0026,SCREENING,-7
S0026,SCREENING,-7
S0026,SCREENING,-7
S0026,SCREENING,-7
S0026,SCREENING,-7
S0026,C1D1,1
S0026,C1D1,1
S0026,C1D2,2
S0026,C1D8,8
S0026,C1D9,9
S0026,C1D12,12
S0026,C4D3,87
S0026,C4D12,96
S0026,C4D17,101
S0026,C5D9,121
S0026,C5D9,121
S0026,C6D11,151
S0026,C6D11,151
S0026,EOT,168
S0026,unscheduled,171
S0026,unscheduled,181
S0026,unscheduled,191
S0026,unscheduled,194
S0026,unscheduled,194
S0026,follow-up,675
S0027,SCREENING,-7
S0027,SCREENING,-7
S0027,SCREENING,-7
S0027,SCREENING,-7
S0027,SCREENING,-7
S0027,SCREENING,-7
S0027,SCREENING,-7
S0027,C1D1,1
S0027,C1D1,1
S0027,C1D1,1
S0027,C1D2,2
S0027,C1D18,18
S0027,C2D20,48
S0027,C3D23,79
S0027,C3D26,82
S0027,C4D25,109
S0027,C5D9,121
S0027,C5D11,123
S0027,C5D16,128
S0027,C6D14,154
S0027,C6D14,154
S0027,C6D14,154
S0027,C6D28,168
S0027,EOT,168
S0027,unscheduled,173
S0027,unscheduled,185
S0027,unscheduled,189
S0027,unscheduled,191
S0027,unscheduled,191
S0027,unscheduled,194
S0027,unscheduled,194
S0027,unscheduled,196
S0028,SCREENING,-7
S0028,SCREENING,-7
S0028,SCREENING,-7
S0028,SCREENING,-7
S0028,SCREENING,-7
S0028,SCREENING,-7
S0028,SCREENING,-7
S0028,C1D1,1
S0028,C1D1,1
S0028,C1D1,1
S0028,C1D2,2
S0028,C2D11,39
S0028,C2D26,54
S0028,C3D16,72
S0028,C3D18,74
S0028,C3D18,74
S0028,C4D8,92
S0028,C4D9,93
S0028,C4D12,96
S0028,C5D9,121
S0028,C5D17,129
S0028,C5D26,138
S0028,C6D12,152
S0028,C6D14,154
S0028,C6D22,162
S0028,C6D27,167
S0028,EOT,168
S0028,unscheduled,171
S0028,unscheduled,195
S0028,follow-up,262
S0029,SCREENING,-7
S0029,SCREENING,-7
S0029,SCREENING,-7
S0029,SCREENING,-7
S0029,SCREENING,-7
S0029,SCREENING,-7
S0029,SCREENING,-7
S0029,C1D1,1
S0029,C1D1,1
S0029,C1D2,2
S0029,C1D6,6
S0029,C1D24,24
S0029,C2D8,36
S0029,C2D9,37
S0029,C2D9,37
S0029,C2D21,49
S0029,C3D19,75
S0029,C3D25,81
S0029,C4D16,100
S0029,EOT,100
S0029,C5D3,115
S0030,SCREENING,-7
S0030,SCREENING,-7
S0030,SCREENING,-7
S0030,SCREENING,-7
S0030,SCREENING,-7
S0030,SCREENING,-7
S0030,SCREENING,-7
S0030,C1D1,1
S0030,C1D1,1
S0030,C1D1,1
S0030,C1D2,2
S0030,C1D6,6
S0030,C1D15,15
S0030,C1D18,18
S0030,C1D20,20
S0030,C1D24,24
S0030,C2D7,35
S0030,C2D24,52
S0030,C2D24,52
S0030,C3D3,59
S0030,C3D13,69
S0030,C3D15,71
S0030,C3D15,71
S0030,C4D13,97
S0030,C4D17,101
S0030,C6D5,145
S0030,C6D11,151
S0030,C6D19,159
S0030,C6D26,166
S0030,C6D26,166
S0030,C6D27,167
S0030,C6D28,168
S0030,EOT,168
S0030,unscheduled,169
S0030,unscheduled,184
S0030,unscheduled,184
S0030,unscheduled,186
S0031,SCREENING,-7
S0031,SCREENING,-7
S0031,SCREENING,-7
S0031,SCREENING,-7
S0031,SCREENING,-7
S0031,SCREENING,-7
S0031,SCREENING,-7
S0031,C1D1,1
S0031,C1D1,1
S0031,C1D1,1
S0031,C1D2,2
S0031,C1D5,5
S0031,C1D11,11
S0031,C1D11,11
S0031,C1D14,14
S0031,C1D14,14
S0031,C1D16,16
S0031,C1D16,16
S0031,C1D25,25
S0031,C1D27,27
S0031,C1D28,28
S0031,C1D28,28
S0031,EOT,34
S0031,C2D9,37
S0031,C2D12,40
S0031,C2D13,41
S0031,C2D18,46
S0031,C2D22,50
S0031,C2D22,50
S0031,C2D23,51
S0031,C2D25,53
S0031,C2D26,54
S0031,C2D28,56
S0031,C2D28,56
S0031,C2D28,56
S0031,C3D2,58
S0032,SCREENING,-7
S0032,SCREENING,-7
S0032,SCREENING,-7
S0032,SCREENING,-7
S0032,SCREENING,-7
S0032,SCREENING,-7
S0032,SCREENING,-7
S0032,C1D1,1
S0032,C1D1,1
S0032,C1D2,2
S0032,C1D4,4
S0032,C1D21,21
S0032,C2D1,29
S0032,C2D1,29
S0032,C2D4,32
S0032,C2D18,46
S0032,C2D21,49
S0032,C3D1,57
S0032,C4D9,93
S0032,C4D11,95
S0032,C5D5,117
S0032,C6D1,141
S0032,C6D1,141
S0032,C6D7,147
S0032,EOT,168
S0032,unscheduled,178
S0033,SCREENING,-7
S0033,SCREENING,-7
S0033,SCREENING,-7
S0033,SCREENING,-7
S0033,SCREENING,-7
S0033,SCREENING,-7
S0033,SCREENING,-7
S0033,C1D1,1
S0033,C1D1,1
S0033,C1D2,2
S0033,C1D8,8
S0033,C1D8,8
S0033,C1D28,28
S0033,C4D5,89
S0033,C4D12,96
S0033,C4D23,107
S0033,C4D26,110
S0033,C5D2,114
S0033,C5D5,117
S0033,C5D15,127
S0033,C5D24,136
S0033,EOT,168
S0033,unscheduled,190
S0034,SCREENING,-7
S0034,SCREENING,-7
S0034,SCREENING,-7
S0034,SCREENING,-7
S0034,SCREENING,-7
S0034,SCREENING,-7
S0034,SCREENING,-7
S0034,C1D1,1
S0034,C1D1,1
S0034,C1D1,1
S0034,C1D2,2
S0034,C1D16,16
S0034,C1D26,26
S0034,C2D10,38
S0034,C3D2,58
S0034,C3D23,79
S0034,C4D3,87
S0034,C4D7,91
S0034,EOT,102
S0034,C4D26,110
S0035,SCREENING,-7
S0035,SCREENING,-7
S0035,SCREENING,-7
S0035,SCREENING,-7
S0035,SCREENING,-7
S0035,SCREENING,-7
S0035,SCREENING,-7
S0035,C1D1,1
S0035,C1D1,1
S0035,C1D1,1
S0035,C1D2,2
S0035,C1D3,3
S0035,C1D3,3
S0035,C1D3,3
S0035,C1D9,9
S0035,C1D10,10
S0035,C2D5,33
S0035,C2D8,36
S0035,C2D8,36
S0035,C2D8,36
S0035,C2D12,40
S0035,C3D10,66
S0035,C3D18,74
S0035,C3D19,75
S0035,C4D1,85
S0035,C4D3,87
S0035,C4D13,97
S0035,C5D7,119
S0035,C5D23,135
S0035,C5D23,135
S0035,C5D25,137
S0035,C5D27,139
S0035,C6D6,146
S0035,C6D15,155
S0035,C6D23,163
S0035,EOT,168
S0035,unscheduled,196
S0036,SCREENING,-7
S0036,SCREENING,-7
S0036,SCREENING,-7
S0036,SCREENING,-7
S0036,SCREENING,-7
S0036,SCREENING,-7
S0036,SCREENING,-7
S0036,C1D1,1
S0036,C1D1,1
S0036,C1D2,2
S0036,C1D4,4
S0036,C2D4,32
S0036,C2D4,32
S0036,C2D7,35
S0036,C2D15,43
S0036,C2D22,50
S0036,C3D2,58
S0036,C3D13,69
S0036,C3D22,78
S0036,C3D23,79
S0036,C4D3,87
S0036,C4D26,110
S0036,C5D7,119
S0036,C5D8,120
S0036,C5D12,124
S0036,C5D17,129
S0036,C5D22,134
S0036,C5D25,137
S0036,unscheduled,144
S0036,EOT,144
S0036,C6D7,147
S0036,C6D14,154
S0036,C6D20,160
S0036,C6D25,165
S0036,unscheduled,169
S0036,unscheduled,170
S0037,SCREENING,-7
S0037,SCREENING,-7
S0037,SCREENING,-7
S0037,SCREENING,-7
S0037,SCREENING,-7
S0037,SCREENING,-7
S0037,SCREENING,-7
S0037,C1D1,1
S0037,C1D1,1
S0037,C1D1,1
S0037,C1D2,2
S0037,C1D26,26
S0037,C4D9,93
S0037,C4D11,95
S0037,C5D14,126
S0037,C6D11,151
S0037,C6D21,161
S0037,EOT,168
S0037,unscheduled,186
S0037,unscheduled,188
S0037,unscheduled,194
S0038,SCREENING,-7
S0038,SCREENING,-7
S0038,SCREENING,-7
S0038,SCREENING,-7
S0038,SCREENING,-7
S0038,SCREENING,-7
S0038,SCREENING,-7
S0038,C1D1,1
S0038,C1D1,1
S0038,C1D2,2
S0038,C1D20,20
S0038,C1D25,25
S0038,C1D27,27
S0038,C2D7,35
S0038,C2D10,38
S0038,C2D10,38
S0038,C2D11,39
S0038,C3D8,64
S0038,C3D13,69
S0038,C3D13,69
S0038,C3D20,76
S0038,C4D4,88
S0038,C4D4,88
S0038,C4D13,97
S0038,C4D27,111
S0038,C5D9,121
S0038,C5D17,129
S0038,C5D18,130
S0038,C5D18,130
S0038,C5D26,138
S0038,C6D1,141
S0038,C6D4,144
S0038,C6D4,144
S0038,C6D9,149
S0038,C6D26,166
S0038,EOT,168
S0038,unscheduled,179
S0038,unscheduled,185
S0039,SCREENING,-7
S0039,SCREENING,-7
S0039,SCREENING,-7
S0039,SCREENING,-7
S0039,SCREENING,-7
S0039,SCREENING,-7
S0039,SCREENING,-7
S0039,C1D1,1
S0039,C1D1,1
S0039,C1D1,1
S0039,C1D2,2
S0039,C1D6,6
S0039,C1D13,13
S0039,C1D24,24
S0039,C2D1,29
S0039,C2D8,36
S0039,C2D12,40
S0039,C2D12,40
S0039,C2D13,41
S0039,C2D13,41
S0039,C2D13,41
S0039,C2D14,42
S0039,C2D17,45
S0039,C2D18,46
S0039,C2D24,52
S0039,C3D10,66
S0039,C3D10,66
S0039,C3D15,71
S0039,C3D23,79
S0039,C3D26,82
S0039,unscheduled,87
S0039,EOT,87
S0039,C4D6,90
S0039,C4D10,94
S0039,C4D12,96
S0039,C4D18,102
S0039,C4D24,108
S0039,C4D27,111
S0039,C5D4,116
S0039,C5D4,116
S0040,SCREENING,-7
S0040,SCREENING,-7
S0040,SCREENING,-7
S0040,SCREENING,-7
S0040,SCREENING,-7
S0040,SCREENING,-7
S0040,SCREENING,-7
S0040,C1D1,1
S0040,C1D1,1
S0040,C1D2,2
S0040,C1D12,12
S0040,C1D12,12
S0040,C1D13,13
S0040,C1D13,13
S0040,C1D18,18
S0040,C1D19,19
S0040,C1D24,24
S0040,C2D4,32
S0040,C2D17,45
S0040,C2D20,48
S0040,C2D24,52
S0040,C3D7,63
S0040,C3D11,67
S0040,C3D13,69
S0040,C3D21,77
S0040,C4D1,85
S0040,C4D3,87
S0040,C5D1,113
S0040,C5D2,114
S0040,C6D28,168
S0040,EOT,168
S0040,unscheduled,177
S0040,unscheduled,194
S0041,SCREENING,-7
S0041,SCREENING,-7
S0041,SCREENING,-7
S0041,SCREENING,-7
S0041,SCREENING,-7
S0041,SCREENING,-7
S0041,SCREENING,-7
S0041,C1D1,1
S0041,C1D1,1
S0041,C1D2,2
S0041,C1D8,8
S0041,C1D10,10
S0041,C1D12,12
S0041,C1D14,14
S0041,C1D21,21
S0041,C1D21,21
S0041,C1D21,21
S0041,C1D21,21
S0041,C1D24,24
S0041,C1D27,27
S0041,C1D27,27
S0041,C2D3,31
S0041,C2D9,37
S0041,C2D9,37
S0041,C2D17,45
S0041,C2D17,45
S0041,C2D24,52
S0041,C2D28,56
S0041,unscheduled,59
S0041,EOT,59
S0041,C3D5,61
S0041,C3D12,68
S0041,C3D12,68
S0041,C3D20,76
S0041,C3D22,78
S0041,C3D22,78
S0041,C4D2,86
S0041,C4D4,88
S0042,SCREENING,-7
S0042,SCREENING,-7
S0042,SCREENING,-7
S0042,SCREENING,-7
S0042,SCREENING,-7
S0042,SCREENING,-7
S0042,SCREENING,-7
S0042,C1D1,1
S0042,C1D1,1
S0042,C1D1,1
S0042,C1D2,2
S0042,C1D6,6
S0042,C2D1,29
S0042,C2D3,31
S0042,C2D14,42
S0042,C2D16,44
S0042,C2D19,47
S0042,C3D4,60
S0042,C3D15,71
S0042,C4D20,104
S0042,C6D1,141
S0042,C6D13,153
S0042,C6D14,154
S0042,C6D14,154
S0042,EOT,168
S0042,unscheduled,169
S0042,unscheduled,193
S0042,unscheduled,194
S0043,SCREENING,-7
S0043,SCREENING,-7
S0043,SCREENING,-7
S0043,SCREENING,-7
S0043,SCREENING,-7
S0043,SCREENING,-7
S0043,SCREENING,-7
S0043,C1D1,1
S0043,C1D1,1
S0043,C1D1,1
S0043,C1D2,2
S0043,C1D4,4
S0043,C1D5,5
S0043,C1D6,6
S0043,C1D7,7
S0043,C1D7,7
S0043,C1D8,8
S0043,C1D11,11
S0043,C1D11,11
S0043,C1D12,12
S0043,C1D14,14
S0043,C1D15,15
S0043,C1D18,18
S0043,C1D20,20
S0043,C1D21,21
S0043,C1D21,21
S0043,C1D24,24
S0043,C1D24,24
S0043,C1D26,26
S0043,C1D26,26
S0043,C1D26,26
S0043,EOT,26
S0043,C1D27,27
S0043,C2D1,29
S0043,C2D1,29
S0043,C2D2,30
S0043,C2D4,32
S0043,C2D6,34
S0043,C2D8,36
S0043,C2D8,36
S0043,C2D12,40
S0043,C2D12,40
S0043,C2D13,41
S0043,C2D14,42
S0043,C2D15,43
S0043,C2D16,44
S0043,C2D17,45
S0043,C2D18,46
S0043,C2D19,47
S0043,C2D21,49
S0043,C2D24,52
S0043,C2D26,54
S0043,C2D27,55
S0043,C2D27,55
S0043,C2D28,56
S0044,SCREENING,-7
S0044,SCREENING,-7
S0044,SCREENING,-7
S0044,SCREENING,-7
S0044,SCREENING,-7
S0044,SCREENING,-7
S0044,SCREENING,-7
S0044,C1D1,1
S0044,C1D1,1
S0044,C1D1,1
S0044,C1D2,2
S0044,C2D28,56
S0044,C3D14,70
S0044,C3D24,80
S0044,C3D24,80
S0044,C6D20,160
S0044,C6D27,167
S0044,EOT,168
S0045,SCREENING,-7
S0045,SCREENING,-7
S0045,SCREENING,-7
S0045,SCREENING,-7
S0045,SCREENING,-7
S0045,SCREENING,-7
S0045,SCREENING,-7
S0045,C1D1,1
S0045,C1D1,1
S0045,C1D1,1
S0045,C1D2,2
S0045,C1D3,3
S0045,C1D5,5
S0045,C1D5,5
S0045,C1D6,6
S0045,unscheduled,6
S0045,EOT,6
S0045,C1D7,7
S0045,C1D8,8
S0045,C1D10,10
S0045,C1D11,11
S0045,C1D12,12
S0045,C1D13,13
S0045,C1D13,13
S0045,C1D16,16
S0045,C1D16,16
S0045,C1D17,17
S0045,C1D19,19
S0045,C1D19,19
S0045,C1D19,19
S0045,C1D20,20
S0045,C1D21,21
S0045,C1D22,22
S0045,C1D22,22
S0045,C1D27,27
S0045,C1D27,27
S0045,C1D28,28
S0045,C1D28,28
S0045,C1D28,28
S0045,C1D28,28
S0045,C2D1,29
S0045,C2D2,30
S0045,C2D2,30
S0045,C2D3,31
S0045,C2D3,31
S0045,C2D5,33
S0045,C2D6,34
S0045,C2D7,35
S0045,C2D7,35
S0045,C2D8,36
S0046,SCREENING,-7
S0046,SCREENING,-7
S0046,SCREENING,-7
S0046,SCREENING,-7
S0046,SCREENING,-7
S0046,SCREENING,-7
S0046,SCREENING,-7
S0046,C1D1,1
S0046,C1D1,1
S0046,C1D2,2
S0046,C1D11,11
S0046,C1D20,20
S0046,C1D28,28
S0046,C2D2,30
S0046,C2D5,33
S0046,C2D15,43
S0046,C3D5,61
S0046,C4D4,88
S0046,C4D16,100
S0046,C4D19,103
S0046,C5D5,117
S0046,C5D6,118
S0046,C5D9,121
S0046,C5D9,121
S0046,C5D9,121
S0046,C5D17,129
S0046,C6D8,148
S0046,C6D18,158
S0046,C6D18,158
S0046,C6D22,162
S0046,EOT,168
S0046,unscheduled,190
S0047,SCREENING,-7
S0047,SCREENING,-7
S0047,SCREENING,-7
S0047,SCREENING,-7
S0047,SCREENING,-7
S0047,SCREENING,-7
S0047,SCREENING,-7
S0047,C1D1,1
S0047,C1D1,1
S0047,C1D1,1
S0047,C1D2,2
S0047,C1D24,24
S0047,C2D3,31
S0047,C2D10,38
S0047,C2D11,39
S0047,C2D13,41
S0047,C2D14,42
S0047,C2D15,43
S0047,C2D15,43
S0047,C2D19,47
S0047,C2D21,49
S0047,C2D24,52
S0047,C2D24,52
S0047,C3D2,58
S0047,C3D4,60
S0047,C3D9,65
S0047,C3D13,69
S0047,C3D15,71
S0047,C3D18,74
S0047,C3D20,76
S0047,C3D22,78
S0047,C4D5,89
S0047,C4D6,90
S0047,C4D7,91
S0047,C4D8,92
S0047,C4D10,94
S0047,C4D11,95
S0047,C4D15,99
S0047,C4D22,106
S0047,C4D22,106
S0047,C4D28,112
S0047,C5D13,125
S0047,C5D14,126
S0047,C5D16,128
S0047,C5D17,129
S0047,C5D20,132
S0047,C5D25,137
S0047,C6D15,155
S0047,EOT,168
S0047,unscheduled,170
S0047,unscheduled,171
S0047,unscheduled,171
S0047,unscheduled,175
S0047,unscheduled,188
S0048,SCREENING,-7
S0048,SCREENING,-7
S0048,SCREENING,-7
S0048,SCREENING,-7
S0048,SCREENING,-7
S0048,SCREENING,-7
S0048,SCREENING,-7
S0048,C1D1,1
S0048,C1D1,1
S0048,C1D1,1
S0048,C1D2,2
S0048,C1D5,5
S0048,C2D2,30
S0048,C2D2,30
S0048,C2D5,33
S0048,C2D6,34
S0048,C2D12,40
S0048,C3D3,59
S0048,C3D3,59
S0048,C3D5,61
S0048,C3D6,62
S0048,C3D15,71
S0048,C3D15,71
S0048,C3D20,76
S0048,C4D4,88
S0048,C5D2,114
S0048,C5D7,119
S0048,C5D25,137
S0048,C6D8,148
S0048,EOT,168
S0048,unscheduled,174
S0048,unscheduled,177
S0048,unscheduled,177
S0048,unscheduled,180
S0049,SCREENING,-7
S0049,SCREENING,-7
S0049,SCREENING,-7
S0049,SCREENING,-7
S0049,SCREENING,-7
S0049,SCREENING,-7
S0049,SCREENING,-7
S0049,C1D1,1
S0049,C1D1,1
S0049,C1D2,2
S0049,C1D3,3
S0049,C1D13,13
S0049,C1D20,20
S0049,C1D23,23
S0049,C1D27,27
S0049,C2D6,34
S0049,C2D13,41
S0049,C2D27,55
S0049,C3D8,64
S0049,C4D11,95
S0049,C4D12,96
S0049,C4D18,102
S0049,C4D18,102
S0049,C4D27,111
S0049,C5D1,113
S0049,C5D4,116
S0049,C5D7,119
S0049,C5D24,136
S0049,C6D2,142
S0049,C6D9,149
S0049,C6D14,154
S0049,EOT,168
S0049,unscheduled,170
S0049,unscheduled,170
S0049,unscheduled,177
S0049,unscheduled,188
S0050,SCREENING,-7
S0050,SCREENING,-7
S0050,SCREENING,-7
S0050,SCREENING,-7
S0050,SCREENING,-7
S0050,SCREENING,-7
S0050,SCREENING,-7
S0050,C1D1,1
S0050,C1D1,1
S0050,C1D2,2
S0050,C1D15,15
S0050,C1D21,21
S0050,C2D1,29
S0050,C2D9,37
S0050,C2D11,39
S0050,C3D2,58
S0050,C3D11,67
S0050,C3D13,69
S0050,C3D18,74
S0050,C3D18,74
S0050,C3D28,84
S0050,C4D15,99
S0050,C4D21,105
S0050,C4D21,105
S0050,C6D7,147
S0050,C6D13,153
S0050,C6D21,161
S0050,C6D23,163
S0050,C6D26,166
S0050,EOT,168
S0050,unscheduled,171
S0050,unscheduled,175
S0050,follow-up,178
S0051,SCREENING,-7
S0051,SCREENING,-7
S0051,SCREENING,-7
S0051,SCREENING,-7
S0051,SCREENING,-7
S0051,SCREENING,-7
S0051,SCREENING,-7
S0051,C1D1,1
S0051,C1D1,1
S0051,C1D1,1
S0051,C1D1,1
S0051,C1D2,2
S0051,C1D6,6
S0051,C1D7,7
S0051,C1D8,8
S0051,C1D8,8
S0051,C1D12,12
S0051,C1D13,13
S0051,C1D15,15
S0051,C1D15,15
S0051,C1D16,16
S0051,C1D18,18
S0051,unscheduled,21
S0051,EOT,21
S0051,C1D28,28
S0051,C2D3,31
S0051,C2D5,33
S0051,C2D8,36
S0051,C2D12,40
S0051,C2D16,44
S0051,C2D16,44
S0051,C2D16,44
S0051,C2D18,46
S0051,C2D19,47
S0051,C2D20,48
S0051,C2D21,49
S0052,SCREENING,-7
S0052,SCREENING,-7
S0052,SCREENING,-7
S0052,SCREENING,-7
S0052,SCREENING,-7
S0052,SCREENING,-7
S0052,SCREENING,-7
S0052,C1D1,1
S0052,C1D1,1
S0052,C1D2,2
S0052,C1D8,8
S0052,C1D20,20
S0052,C1D22,22
S0052,C2D9,37
S0052,C2D11,39
S0052,C3D2,58
S0052,C3D2,58
S0052,C3D16,72
S0052,C3D25,81
S0052,C4D2,86
S0052,C4D5,89
S0052,C4D6,90
S0052,C6D5,145
S0052,C6D5,145
S0052,C6D5,145
S0052,C6D7,147
S0052,C6D7,147
S0052,C6D12,152
S0052,C6D18,158
S0052,C6D20,160
S0052,C6D20,160
S0052,EOT,168
S0052,unscheduled,173
S0052,unscheduled,195
S0053,SCREENING,-7
S0053,SCREENING,-7
S0053,SCREENING,-7
S0053,SCREENING,-7
S0053,SCREENING,-7
S0053,SCREENING,-7
S0053,SCREENING,-7
S0053,C1D1,1
S0053,C1D1,1
S0053,C1D1,1
S0053,C1D2,2
S0053,C1D4,4
S0053,C1D4,4
S0053,C1D13,13
S0053,C1D16,16
S0053,C2D9,37
S0053,C2D10,38
S0053,C2D13,41
S0053,C2D14,42
S0053,C2D18,46
S0053,C2D25,53
S0053,C3D11,67
S0053,C4D17,101
S0053,C4D19,103
S0053,C4D21,105
S0053,C4D23,107
S0053,C4D24,108
S0053,C4D26,110
S0053,C4D26,110
S0053,C5D11,123
S0053,C5D12,124
S0053,C5D15,127
S0053,C5D21,133
S0053,C5D21,133
S0053,C5D23,135
S0053,C5D26,138
S0053,C6D1,141
S0053,C6D1,141
S0053,C6D10,150
S0053,C6D15,155
S0053,C6D18,158
S0053,C6D26,166
S0053,C6D27,167
S0053,C6D28,168
S0053,EOT,168
S0053,unscheduled,170
S0053,unscheduled,171
S0053,unscheduled,173
S0053,unscheduled,173
S0053,unscheduled,174
S0053,unscheduled,185
S0053,unscheduled,196
S0054,SCREENING,-7
S0054,SCREENING,-7
S0054,SCREENING,-7
S0054,SCREENING,-7
S0054,SCREENING,-7
S0054,SCREENING,-7
S0054,SCREENING,-7
S0054,C1D1,1
S0054,C1D1,1
S0054,C1D2,2
S0054,C1D3,3
S0054,C2D2,30
S0054,C2D12,40
S0054,C2D12,40
S0054,C3D3,59
S0054,C3D17,73
S0054,C3D21,77
S0054,C5D18,130
S0054,C5D18,130
S0054,C6D18,158
S0054,C6D19,159
S0054,C6D19,159
S0054,C6D21,161
S0054,C6D21,161
S0054,C6D22,162
S0054,C6D27,167
S0054,EOT,168
S0054,unscheduled,176
S0054,unscheduled,179
S0054,unscheduled,182
S0054,unscheduled,191
S0055,SCREENING,-7
S0055,SCREENING,-7
S0055,SCREENING,-7
S0055,SCREENING,-7
S0055,SCREENING,-7
S0055,SCREENING,-7
S0055,SCREENING,-7
S0055,C1D1,1
S0055,C1D1,1
S0055,C1D1,1
S0055,C1D2,2
S0055,C1D4,4
S0055,C1D4,4
S0055,C1D20,20
S0055,C2D2,30
S0055,C2D2,30
S0055,C2D3,31
S0055,C2D16,44
S0055,C3D5,61
S0055,C3D13,69
S0055,C3D22,78
S0055,C4D18,102
S0055,C5D6,118
S0055,C5D10,122
S0055,C5D13,125
S0055,C5D15,127
S0055,C6D1,141
S0055,C6D24,164
S0055,EOT,168
S0055,unscheduled,176
S0056,SCREENING,-7
S0056,SCREENING,-7
S0056,SCREENING,-7
S0056,SCREENING,-7
S0056,SCREENING,-7
S0056,SCREENING,-7
S0056,SCREENING,-7
S0056,C1D1,1
S0056,C1D1,1
S0056,C1D1,1
S0056,C1D2,2
S0056,C1D3,3
S0056,C1D6,6
S0056,C1D13,13
S0056,C1D14,14
S0056,C1D18,18
S0056,C1D27,27
S0056,C2D1,29
S0056,C2D8,36
S0056,C2D11,39
S0056,C2D17,45
S0056,C3D11,67
S0056,C3D22,78
S0056,C4D12,96
S0056,C5D3,115
S0056,C5D6,118
S0056,C5D9,121
S0056,C5D11,123
S0056,C5D19,131
S0056,C5D20,132
S0056,C5D27,139
S0056,C6D3,143
S0056,C6D28,168
S0056,EOT,168
S0056,unscheduled,173
S0056,unscheduled,179
S0056,unscheduled,181
S0056,unscheduled,181
S0056,unscheduled,188
S0056,unscheduled,190
S0056,unscheduled,195
S0057,SCREENING,-7
S0057,SCREENING,-7
S0057,SCREENING,-7
S0057,SCREENING,-7
S0057,SCREENING,-7
S0057,SCREENING,-7
S0057,SCREENING,-7
S0057,C1D1,1
S0057,C1D1,1
S0057,C1D2,2
S0057,C1D11,11
S0057,C2D8,36
S0057,C2D8,36
S0057,C3D4,60
S0057,C3D7,63
S0057,C3D9,65
S0057,C3D12,68
S0057,C3D17,73
S0057,C3D25,81
S0057,C3D25,81
S0057,C5D1,113
S0057,C5D24,136
S0057,C6D8,148
S0057,C6D12,152
S0057,C6D19,159
S0057,C6D19,159
S0057,C6D22,162
S0057,C6D22,162
S0057,EOT,168
S0057,unscheduled,176
S0057,unscheduled,181
S0057,unscheduled,190
S0058,SCREENING,-7
S0058,SCREENING,-7
S0058,SCREENING,-7
S0058,SCREENING,-7
S0058,SCREENING,-7
S0058,SCREENING,-7
S0058,SCREENING,-7
S0058,C1D1,1
S0058,C1D1,1
S0058,C1D1,1
S0058,C1D2,2
S0058,C1D24,24
S0058,C3D4,60
S0058,C3D8,64
S0058,C3D25,81
S0058,C4D7,91
S0058,C4D7,91
S0058,C4D7,91
S0058,EOT,168
S0058,unscheduled,172
S0058,unscheduled,177
S0058,unscheduled,181
S0059,SCREENING,-7
S0059,SCREENING,-7
S0059,SCREENING,-7
S0059,SCREENING,-7
S0059,SCREENING,-7
S0059,SCREENING,-7
S0059,SCREENING,-7
S0059,C1D1,1
S0059,C1D1,1
S0059,C1D2,2
S0059,C1D3,3
S0059,C1D4,4
S0059,C1D6,6
S0059,C1D9,9
S0059,C1D10,10
S0059,C1D12,12
S0059,C1D12,12
S0059,C1D13,13
S0059,C1D15,15
S0059,C1D16,16
S0059,C1D17,17
S0059,C1D18,18
S0059,C1D21,21
S0059,C1D25,25
S0059,EOT,34
S0059,C2D7,35
S0059,C2D14,42
S0059,C2D15,43
S0059,C2D20,48
S0059,C2D25,53
S0059,C3D4,60
S0059,C3D5,61
S0059,C3D5,61
S0059,C3D8,64
S0060,SCREENING,-7
S0060,SCREENING,-7
S0060,SCREENING,-7
S0060,SCREENING,-7
S0060,SCREENING,-7
S0060,SCREENING,-7
S0060,SCREENING,-7
S0060,C1D1,1
S0060,C1D1,1
S0060,C1D2,2
S0060,C1D18,18
S0060,C1D19,19
S0060,C1D26,26
S0060,C2D6,34
S0060,C2D15,43
S0060,C3D9,65
S0060,C3D9,65
S0060,C3D11,67
S0060,C3D11,67
S0060,C3D12,68
S0060,C3D18,74
S0060,C3D20,76
S0060,C3D21,77
S0060,C4D3,87
S0060,C4D19,103
S0060,C5D26,138
S0060,C5D26,138
S0060,C6D2,142
S0060,C6D2,142
S0060,C6D28,168
S0060,C6D28,168
S0060,EOT,168
S0060,unscheduled,176
S0060,unscheduled,183
S0061,SCREENING,-7
S0061,SCREENING,-7
S0061,SCREENING,-7
S0061,SCREENING,-7
S0061,SCREENING,-7
S0061,SCREENING,-7
S0061,SCREENING,-7
S0061,C1D1,1
S0061,C1D1,1
S0061,C1D1,1
S0061,C1D2,2
S0061,C1D13,13
S0061,C2D1,29
S0061,C2D4,32
S0061,C4D6,90
S0061,C4D22,106
S0061,C4D22,106
S0061,C4D27,111
S0061,C5D24,136
S0061,C6D3,143
S0061,C6D3,143
S0061,C6D7,147
S0061,EOT,168
S0061,unscheduled,182
S0062,SCREENING,-7
S0062,SCREENING,-7
S0062,SCREENING,-7
S0062,SCREENING,-7
S0062,SCREENING,-7
S0062,SCREENING,-7
S0062,SCREENING,-7
S0062,C1D1,1
S0062,C1D1,1
S0062,C1D1,1
S0062,C1D2,2
S0062,C1D7,7
S0062,C1D9,9
S0062,C1D9,9
S0062,C1D15,15
S0062,C1D16,16
S0062,C1D19,19
S0062,C1D27,27
S0062,C1D27,27
S0062,C2D1,29
S0062,C2D7,35
S0062,C2D16,44
S0062,C2D22,50
S0062,C3D6,62
S0062,C3D21,77
S0062,C3D25,81
S0062,C4D4,88
S0062,C4D6,90
S0062,C4D9,93
S0062,C4D9,93
S0062,C4D12,96
S0062,unscheduled,97
S0062,EOT,97
S0062,C4D18,102
S0062,C5D7,119
S0063,SCREENING,-7
S0063,SCREENING,-7
S0063,SCREENING,-7
S0063,SCREENING,-7
S0063,SCREENING,-7
S0063,SCREENING,-7
S0063,SCREENING,-7
S0063,C1D1,1
S0063,C1D1,1
S0063,C1D2,2
S0063,C1D3,3
S0063,C1D5,5
S0063,C1D7,7
S0063,C1D9,9
S0063,C1D10,10
S0063,C1D10,10
S0063,C1D14,14
S0063,C1D15,15
S0063,C1D16,16
S0063,C1D16,16
S0063,C1D18,18
S0063,C1D19,19
S0063,C1D19,19
S0063,unscheduled,25
S0063,EOT,25
S0063,C1D26,26
S0063,C2D2,30
S0063,C2D8,36
S0063,C2D18,46
S0063,C2D20,48
S0063,C2D21,49
S0063,C2D21,49
S0064,SCREENING,-7
S0064,SCREENING,-7
S0064,SCREENING,-7
S0064,SCREENING,-7
S0064,SCREENING,-7
S0064,SCREENING,-7
S0064,SCREENING,-7
S0064,C1D1,1
S0064,C1D1,1
S0064,C1D1,1
S0064,C1D2,2
S0064,C1D4,4
S0064,C1D6,6
S0064,C1D12,12
S0064,C1D16,16
S0064,C1D17,17
S0064,C1D21,21
S0064,C1D23,23
S0064,C2D1,29
S0064,C2D5,33
S0064,C2D11,39
S0064,C2D14,42
S0064,C2D17,45
S0064,C2D18,46
S0064,C2D21,49
S0064,C2D22,50
S0064,C3D4,60
S0064,C3D9,65
S0064,C3D11,67
S0064,C3D11,67
S0064,C3D21,77
S0064,C3D25,81
S0064,C3D28,84
S0064,C4D9,93
S0064,C4D17,101
S0064,C4D17,101
S0064,C4D17,101
S0064,C4D19,103
S0064,C4D19,103
S0064,C4D24,108
S0064,C4D24,108
S0064,EOT,108
S0065,SCREENING,-7
S0065,SCREENING,-7
S0065,SCREENING,-7
S0065,SCREENING,-7
S0065,SCREENING,-7
S0065,SCREENING,-7
S0065,SCREENING,-7
S0065,C1D1,1
S0065,C1D1,1
S0065,C1D1,1
S0065,C1D2,2
S0065,C1D23,23
S0065,C2D6,34
S0065,C2D10,38
S0065,C2D10,38
S0065,C2D21,49
S0065,C3D2,58
S0065,C3D6,62
S0065,C3D9,65
S0065,C3D12,68
S0065,C3D14,70
S0065,C3D19,75
S0065,C4D7,91
S0065,C4D15,99
S0065,C4D23,107
S0065,C5D5,117
S0065,C5D18,130
S0065,C5D24,136
S0065,C6D2,142
S0065,C6D12,152
S0065,C6D19,159
S0065,EOT,168
S0065,unscheduled,170
S0065,unscheduled,171
S0065,unscheduled,174
S0065,unscheduled,178
S0065,unscheduled,180
S0066,SCREENING,-7
S0066,SCREENING,-7
S0066,SCREENING,-7
S0066,SCREENING,-7
S0066,SCREENING,-7
S0066,SCREENING,-7
S0066,SCREENING,-7
S0066,C1D1,1
S0066,C1D1,1
S0066,C1D2,2
S0066,C2D19,47
S0066,C3D6,62
S0066,C3D18,74
S0066,C4D19,103
S0066,C5D19,131
S0066,C6D1,141
S0066,C6D4,144
S0066,EOT,168
S0067,SCREENING,-7
S0067,SCREENING,-7
S0067,SCREENING,-7
S0067,SCREENING,-7
S0067,SCREENING,-7
S0067,SCREENING,-7
S0067,SCREENING,-7
S0067,C1D1,1
S0067,C1D1,1
S0067,C1D1,1
S0067,C1D2,2
S0067,C1D21,21
S0067,C1D22,22
S0067,C1D25,25
S0067,C2D12,40
S0067,C2D15,43
S0067,C2D15,43
S0067,C2D17,45
S0067,C2D20,48
S0067,C3D3,59
S0067,C3D10,66
S0067,C4D3,87
S0067,C4D8,92
S0067,C4D8,92
S0067,C4D19,103
S0067,C5D7,119
S0067,C5D14,126
S0067,C5D17,129
S0067,C5D17,129
S0067,C5D28,140
S0067,C6D5,145
S0067,C6D16,156
S0067,EOT,168
S0067,unscheduled,174
S0067,unscheduled,174
S0067,unscheduled,182
S0068,SCREENING,-7
S0068,SCREENING,-7
S0068,SCREENING,-7
S0068,SCREENING,-7
S0068,SCREENING,-7
S0068,SCREENING,-7
S0068,SCREENING,-7
S0068,C1D1,1
S0068,C1D1,1
S0068,C1D1,1
S0068,C1D1,1
S0068,C1D1,1
S0068,C1D2,2
S0068,C1D2,2
S0068,C1D2,2
S0068,C1D6,6
S0068,C1D11,11
S0068,C1D16,16
S0068,C1D16,16
S0068,C1D25,25
S0068,C2D2,30
S0068,C2D5,33
S0068,unscheduled,41
S0068,EOT,41
S0068,C2D14,42
S0068,C2D27,55
S0068,C3D6,62
S0068,C3D10,66
S0068,C3D12,68
S0068,C3D14,70
S0069,SCREENING,-7
S0069,SCREENING,-7
S0069,SCREENING,-7
S0069,SCREENING,-7
S0069,SCREENING,-7
S0069,SCREENING,-7
S0069,SCREENING,-7
S0069,C1D1,1
S0069,C1D1,1
S0069,C1D2,2
S0069,C1D5,5
S0069,EOT,10
S0069,C1D11,11
S0069,C1D11,11
S0069,C1D14,14
S0069,C1D14,14
S0069,C1D15,15
S0069,C1D18,18
S0069,C1D18,18
S0069,C1D22,22
S0069,C1D23,23
S0069,C1D24,24
S0069,C1D27,27
S0069,C2D3,31
S0069,C2D4,32
S0069,C2D5,33
S0069,C2D5,33
S0069,C2D5,33
S0069,C2D8,36
S0069,C2D10,38
S0069,C2D10,38
S0070,SCREENING,-7
S0070,SCREENING,-7
S0070,SCREENING,-7
S0070,SCREENING,-7
S0070,SCREENING,-7
S0070,SCREENING,-7
S0070,SCREENING,-7
S0070,C1D1,1
S0070,C1D1,1
S0070,C1D1,1
S0070,C1D2,2
S0070,C1D28,28
S0070,C2D27,55
S0070,C3D12,68
S0070,C3D15,71
S0070,C3D17,73
S0070,C4D7,91
S0070,C4D7,91
S0070,C4D9,93
S0070,C4D19,103
S0070,C4D28,112
S0070,C5D8,120
S0070,C5D14,126
S0070,C5D28,140
S0070,C6D21,161
S0070,EOT,168
S0070,unscheduled,181
S0070,unscheduled,192
S0070,unscheduled,195
S0070,unscheduled,195
S0070,unscheduled,198
S0070,follow-up,712
S0071,SCREENING,-7
S0071,SCREENING,-7
S0071,SCREENING,-7
S0071,SCREENING,-7
S0071,SCREENING,-7
S0071,SCREENING,-7
S0071,SCREENING,-7
S0071,C1D1,1
S0071,C1D1,1
S0071,C1D1,1
S0071,C1D2,2
S0071,C1D5,5
S0071,C1D6,6
S0071,C1D12,12
S0071,C1D15,15
S0071,C1D19,19
S0071,C1D20,20
S0071,C1D22,22
S0071,C1D22,22
S0071,C1D24,24
S0071,C1D28,28
S0071,C1D28,28
S0071,C1D28,28
S0071,C2D4,32
S0071,C2D7,35
S0071,C2D17,45
S0071,C2D19,47
S0071,C2D24,52
S0071,C2D24,52
S0071,C2D24,52
S0071,C2D25,53
S0071,unscheduled,56
S0071,EOT,56
S0071,C3D2,58
S0071,C3D6,62
S0071,C3D6,62
S0071,C3D7,63
S0071,C3D9,65
S0071,C3D12,68
S0071,C3D13,69
S0071,C3D14,70
S0071,C3D17,73
S0071,C3D18,74
S0071,C3D22,78
S0071,C3D24,80
S0072,SCREENING,-7
S0072,SCREENING,-7
S0072,SCREENING,-7
S0072,SCREENING,-7
S0072,SCREENING,-7
S0072,SCREENING,-7
S0072,SCREENING,-7
S0072,C1D1,1
S0072,C1D1,1
S0072,C1D2,2
S0072,C1D20,20
S0072,C1D26,26
S0072,C2D18,46
S0072,C2D25,53
S0072,C2D25,53
S0072,C3D23,79
S0072,C4D3,87
S0072,C4D3,87
S0072,C4D13,97
S0072,C4D23,107
S0072,C5D18,130
S0072,C5D27,139
S0072,C6D5,145
S0072,EOT,168
S0072,unscheduled,175
S0072,unscheduled,177
S0072,unscheduled,177
S0072,unscheduled,178
S0072,unscheduled,178
S0073,SCREENING,-7
S0073,SCREENING,-7
S0073,SCREENING,-7
S0073,SCREENING,-7
S0073,SCREENING,-7
S0073,SCREENING,-7
S0073,SCREENING,-7
S0073,C1D1,1
S0073,C1D1,1
S0073,C1D2,2
S0073,C1D6,6
S0073,C1D6,6
S0073,C1D16,16
S0073,C1D19,19
S0073,C1D28,28
S0073,C2D3,31
S0073,C2D9,37
S0073,C2D9,37
S0073,C2D14,42
S0073,C2D14,42
S0073,C2D14,42
S0073,C2D24,52
S0073,C3D3,59
S0073,C3D4,60
S0073,C3D8,64
S0073,C3D8,64
S0073,C3D8,64
S0073,C3D16,72
S0073,C3D16,72
S0073,EOT,73
S0073,C3D26,82
S0073,C4D8,92
S0074,SCREENING,-7
S0074,SCREENING,-7
S0074,SCREENING,-7
S0074,SCREENING,-7
S0074,SCREENING,-7
S0074,SCREENING,-7
S0074,SCREENING,-7
S0074,C1D1,1
S0074,C1D1,1
S0074,C1D2,2
S0074,C1D4,4
S0074,C1D12,12
S0074,C1D23,23
S0074,C1D23,23
S0074,C2D1,29
S0074,C2D1,29
S0074,C2D1,29
S0074,C2D1,29
S0074,C2D1,29
S0074,C2D2,30
S0074,C2D2,30
S0074,C2D7,35
S0074,C2D7,35
S0074,C2D8,36
S0074,C2D9,37
S0074,C2D10,38
S0074,C2D10,38
S0074,C2D12,40
S0074,C2D13,41
S0074,C2D21,49
S0074,C2D21,49
S0074,C3D4,60
S0074,C3D10,66
S0074,C3D14,70
S0074,C3D14,70
S0074,unscheduled,73
S0074,EOT,73
S0074,C4D8,92
S0074,C4D9,93
S0074,C4D16,100
S0074,follow-up,594
S0075,SCREENING,-7
S0075,SCREENING,-7
S0075,SCREENING,-7
S0075,SCREENING,-7
S0075,SCREENING,-7
S0075,SCREENING,-7
S0075,SCREENING,-7
S0075,C1D1,1
S0075,C1D1,1
S0075,C1D1,1
S0075,C1D2,2
S0075,C1D9,9
S0075,C1D10,10
S0075,C1D12,12
S0075,C1D20,20
S0075,C1D23,23
S0075,C2D6,34
S0075,C2D19,47
S0075,C3D3,59
S0075,C3D5,61
S0075,C3D6,62
S0075,C3D11,67
S0075,C3D14,70
S0075,C3D15,71
S0075,C3D17,73
S0075,C3D22,78
S0075,C4D8,92
S0075,C4D9,93
S0075,C4D11,95
S0075,C4D20,104
S0075,C4D20,104
S0075,C4D25,109
S0075,C4D28,112
S0075,C5D10,122
S0075,C5D17,129
S0075,C5D20,132
S0075,C5D20,132
S0075,C6D1,141
S0075,C6D6,146
S0075,C6D6,146
S0075,C6D10,150
S0075,C6D12,152
S0075,C6D21,161
S0075,C6D22,162
S0075,C6D23,163
S0075,C6D26,166
S0075,EOT,168
S0075,unscheduled,174
S0075,unscheduled,175
S0075,unscheduled,177
S0075,unscheduled,179
S0075,unscheduled,183
S0075,unscheduled,184
S0075,unscheduled,186
S0075,unscheduled,186
S0075,unscheduled,197
S0076,SCREENING,-7
S0076,SCREENING,-7
S0076,SCREENING,-7
S0076,SCREENING,-7
S0076,SCREENING,-7
S0076,SCREENING,-7
S0076,SCREENING,-7
S0076,C1D1,1
S0076,C1D1,1
S0076,C1D1,1
S0076,C1D2,2
S0076,C1D3,3
S0076,C1D9,9
S0076,C1D9,9
S0076,C1D11,11
S0076,C1D23,23
S0076,C1D28,28
S0076,C2D1,29
S0076,C2D3,31
S0076,C2D19,47
S0076,C2D19,47
S0076,C2D23,51
S0076,C4D2,86
S0076,C4D4,88
S0076,C4D4,88
S0076,C4D14,98
S0076,C5D11,123
S0076,C5D20,132
S0076,C5D21,133
S0076,C6D7,147
S0076,C6D18,158
S0076,EOT,168
S0077,SCREENING,-7
S0077,SCREENING,-7
S0077,SCREENING,-7
S0077,SCREENING,-7
S0077,SCREENING,-7
S0077,SCREENING,-7
S0077,SCREENING,-7
S0077,C1D1,1
S0077,C1D1,1
S0077,C1D2,2
S0077,C1D6,6
S0077,C1D7,7
S0077,C1D19,19
S0077,C1D23,23
S0077,C2D17,45
S0077,C3D8,64
S0077,C3D26,82
S0077,EOT,109
S0077,C4D27,111
S0077,C5D22,134
S0077,C5D24,136
S0078,SCREENING,-7
S0078,SCREENING,-7
S0078,SCREENING,-7
S0078,SCREENING,-7
S0078,SCREENING,-7
S0078,SCREENING,-7
S0078,SCREENING,-7
S0078,C1D1,1
S0078,C1D1,1
S0078,C1D1,1
S0078,C1D2,2
S0078,C1D18,18
S0078,C1D22,22
S0078,C2D2,30
S0078,C2D10,38
S0078,C2D13,41
S0078,C2D18,46
S0078,C3D10,66
S0078,C3D21,77
S0078,C3D21,77
S0078,C3D27,83
S0078,C3D27,83
S0078,C4D12,96
S0078,C4D18,102
S0078,C5D15,127
S0078,C5D15,127
S0078,C5D20,132
S0078,EOT,168
S0078,unscheduled,171
S0078,unscheduled,173
S0078,unscheduled,175
S0078,unscheduled,187
S0079,SCREENING,-7
S0079,SCREENING,-7
S0079,SCREENING,-7
S0079,SCREENING,-7
S0079,SCREENING,-7
S0079,SCREENING,-7
S0079,SCREENING,-7
S0079,C1D1,1
S0079,C1D1,1
S0079,C1D1,1
S0079,C1D1,1
S0079,C1D2,2
S0079,C1D5,5
S0079,C2D10,38
S0079,C2D18,46
S0079,C2D24,52
S0079,C3D1,57
S0079,C3D5,61
S0079,C3D10,66
S0079,C4D3,87
S0079,C4D11,95
S0079,C4D20,104
S0079,C4D21,105
S0079,C5D2,114
S0079,C5D19,131
S0079,C6D16,156
S0079,C6D21,161
S0079,C6D28,168
S0079,EOT,168
S0079,unscheduled,185
S0079,unscheduled,195
S0080,SCREENING,-7
S0080,SCREENING,-7
S0080,SCREENING,-7
S0080,SCREENING,-7
S0080,SCREENING,-7
S0080,SCREENING,-7
S0080,SCREENING,-7
S0080,C1D1,1
S0080,C1D1,1
S0080,C1D1,1
S0080,C1D2,2
S0080,C1D11,11
S0080,C1D12,12
S0080,C1D14,14
S0080,C1D14,14
S0080,C1D27,27
S0080,C2D6,34
S0080,C2D15,43
S0080,C3D10,66
S0080,C3D13,69
S0080,C3D21,77
S0080,C3D22,78
S0080,C3D22,78
S0080,C4D1,85
S0080,C4D3,87
S0080,C4D6,90
S0080,C4D7,91
S0080,C4D16,100
S0080,C4D18,102
S0080,C4D19,103
S0080,C4D19,103
S0080,C4D24,108
S0080,C4D28,112
S0080,C4D28,112
S0080,C5D3,115
S0080,C5D5,117
S0080,C5D18,130
S0080,C5D18,130
S0080,C5D20,132
S0080,C5D24,136
S0080,C6D1,141
S0080,C6D3,143
S0080,C6D4,144
S0080,C6D6,146
S0080,C6D7,147
S0080,EOT,168
S0080,unscheduled,177
S0080,unscheduled,182
S0080,unscheduled,184
S0080,unscheduled,187
S0080,unscheduled,188
S0081,SCREENING,-7
S0081,SCREENING,-7
S0081,SCREENING,-7
S0081,SCREENING,-7
S0081,SCREENING,-7
S0081,SCREENING,-7
S0081,SCREENING,-7
S0081,C1D1,1
S0081,C1D1,1
S0081,C1D2,2
S0081,C1D2,2
S0081,C1D10,10
S0081,C1D12,12
S0081,C1D27,27
S0081,C2D1,29
S0081,C2D25,53
S0081,C2D27,55
S0081,C3D16,72
S0081,C3D24,80
S0081,C4D19,103
S0081,C4D26,110
S0081,C6D3,143
S0081,C6D5,145
S0081,C6D24,164
S0081,EOT,168
S0081,unscheduled,172
S0081,unscheduled,181
S0081,unscheduled,191
S0082,SCREENING,-7
S0082,SCREENING,-7
S0082,SCREENING,-7
S0082,SCREENING,-7
S0082,SCREENING,-7
S0082,SCREENING,-7
S0082,SCREENING,-7
S0082,C1D1,1
S0082,C1D1,1
S0082,C1D1,1
S0082,C1D1,1
S0082,C1D1,1
S0082,C1D2,2
S0082,C2D6,34
S0082,C2D11,39
S0082,C2D12,40
S0082,C3D25,81
S0082,C4D1,85
S0082,C4D4,88
S0082,C4D6,90
S0082,C4D11,95
S0082,C4D13,97
S0082,C6D2,142
S0082,C6D2,142
S0082,C6D13,153
S0082,C6D13,153
S0082,EOT,168
S0082,unscheduled,174
S0082,unscheduled,181
S0082,unscheduled,182
S0082,unscheduled,188
S0083,SCREENING,-7
S0083,SCREENING,-7
S0083,SCREENING,-7
S0083,SCREENING,-7
S0083,SCREENING,-7
S0083,SCREENING,-7
S0083,SCREENING,-7
S0083,C1D1,1
S0083,C1D1,1
S0083,C1D2,2
S0083,C1D4,4
S0083,C1D13,13
S0083,C2D1,29
S0083,C2D16,44
S0083,C2D21,49
S0083,C2D25,53
S0083,C2D27,55
S0083,C2D28,56
S0083,C3D9,65
S0083,C3D22,78
S0083,C4D12,96
S0083,C4D22,106
S0083,C5D14,126
S0083,C6D1,141
S0083,EOT,168
S0083,unscheduled,179
S0083,unscheduled,195
S0084,SCREENING,-7
S0084,SCREENING,-7
S0084,SCREENING,-7
S0084,SCREENING,-7
S0084,SCREENING,-7
S0084,SCREENING,-7
S0084,SCREENING,-7
S0084,C1D1,1
S0084,C1D1,1
S0084,C1D2,2
S0084,C1D12,12
S0084,C1D23,23
S0084,C1D28,28
S0084,C2D2,30
S0084,C2D15,43
S0084,C3D7,63
S0084,C3D7,63
S0084,C3D14,70
S0084,C4D26,110
S0084,C5D8,120
S0084,C5D12,124
S0084,C6D11,151
S0084,C6D14,154
S0084,C6D18,158
S0084,C6D18,158
S0084,EOT,168
S0084,unscheduled,177
S0084,unscheduled,177
S0084,unscheduled,180
S0085,SCREENING,-7
S0085,SCREENING,-7
S0085,SCREENING,-7
S0085,SCREENING,-7
S0085,SCREENING,-7
S0085,SCREENING,-7
S0085,SCREENING,-7
S0085,C1D1,1
S0085,C1D1,1
S0085,C1D2,2
S0085,C1D6,6
S0085,C1D15,15
S0085,C1D16,16
S0085,C1D26,26
S0085,C4D1,85
S0085,C4D8,92
S0085,C4D18,102
S0085,C5D12,124
S0085,EOT,168
S0086,SCREENING,-7
S0086,SCREENING,-7
S0086,SCREENING,-7
S0086,SCREENING,-7
S0086,SCREENING,-7
S0086,SCREENING,-7
S0086,SCREENING,-7
S0086,C1D1,1
S0086,C1D1,1
S0086,C1D1,1
S0086,C1D2,2
S0086,C1D2,2
S0086,C1D2,2
S0086,C1D8,8
S0086,C1D10,10
S0086,C1D15,15
S0086,C1D15,15
S0086,C1D24,24
S0086,C1D25,25
S0086,C1D26,26
S0086,C1D28,28
S0086,C2D1,29
S0086,C2D13,41
S0086,C2D16,44
S0086,C2D24,52
S0086,C3D4,60
S0086,C3D7,63
S0086,C3D8,64
S0086,C3D8,64
S0086,C3D9,65
S0086,C3D12,68
S0086,C3D22,78
S0086,C3D24,80
S0086,C4D5,89
S0086,C4D6,90
S0086,C4D11,95
S0086,C4D11,95
S0086,C4D11,95
S0086,C4D11,95
S0086,C4D15,99
S0086,C4D19,103
S0086,C4D20,104
S0086,C4D25,109
S0086,C5D2,114
S0086,C5D6,118
S0086,C5D7,119
S0086,C5D8,120
S0086,C5D9,121
S0086,C5D14,126
S0086,C5D14,126
S0086,C5D17,129
S0086,C5D17,129
S0086,C5D23,135
S0086,C5D28,140
S0086,C6D6,146
S0086,C6D6,146
S0086,C6D7,147
S0086,C6D10,150
S0086,C6D11,151
S0086,C6D17,157
S0086,EOT,168
S0086,unscheduled,170
S0086,unscheduled,175
S0086,unscheduled,179
S0086,unscheduled,179
S0086,unscheduled,180
S0086,unscheduled,181
S0086,unscheduled,184
S0086,unscheduled,190
S0086,unscheduled,192
S0086,unscheduled,197
S0086,unscheduled,197
S0086,unscheduled,198
S0087,SCREENING,-7
S0087,SCREENING,-7
S0087,SCREENING,-7
S0087,SCREENING,-7
S0087,SCREENING,-7
S0087,SCREENING,-7
S0087,SCREENING,-7
S0087,C1D1,1
S0087,C1D1,1
S0087,C1D1,1
S0087,C1D2,2
S0087,C1D10,10
S0087,C1D16,16
S0087,C1D21,21
S0087,C1D25,25
S0087,C2D7,35
S0087,C2D25,53
S0087,C2D26,54
S0087,C2D26,54
S0087,C4D3,87
S0087,C4D4,88
S0087,C5D1,113
S0087,C5D1,113
S0087,C5D11,123
S0087,C5D14,126
S0087,C5D20,132
S0087,C6D4,144
S0087,C6D4,144
S0087,C6D12,152
S0087,C6D17,157
S0087,EOT,168
S0087,unscheduled,172
S0088,SCREENING,-7
S0088,SCREENING,-7
S0088,SCREENING,-7
S0088,SCREENING,-7
S0088,SCREENING,-7
S0088,SCREENING,-7
S0088,SCREENING,-7
S0088,C1D1,1
S0088,C1D1,1
S0088,C1D1,1
S0088,C1D1,1
S0088,C1D2,2
S0088,C1D17,17
S0088,C1D24,24
S0088,C2D2,30
S0088,C2D13,41
S0088,C2D13,41
S0088,C2D28,56
S0088,C3D1,57
S0088,C3D2,58
S0088,C3D5,61
S0088,C3D7,63
S0088,C3D22,78
S0088,C4D9,93
S0088,C4D19,103
S0088,C4D19,103
S0088,unscheduled,143
S0088,EOT,143
S0088,C6D16,156
S0088,C6D17,157
S0088,C6D21,161
S0088,C6D25,165
S0089,SCREENING,-7
S0089,SCREENING,-7
S0089,SCREENING,-7
S0089,SCREENING,-7
S0089,SCREENING,-7
S0089,SCREENING,-7
S0089,SCREENING,-7
S0089,C1D1,1
S0089,C1D1,1
S0089,C1D1,1
S0089,C1D2,2
S0089,C1D12,12
S0089,C1D12,12
S0089,C1D19,19
S0089,C1D24,24
S0089,C2D1,29
S0089,C2D11,39
S0089,C2D14,42
S0089,C2D20,48
S0089,C2D20,48
S0089,C2D22,50
S0089,C2D22,50
S0089,C3D3,59
S0089,C3D9,65
S0089,C4D2,86
S0089,C4D8,92
S0089,C4D8,92
S0089,C4D16,100
S0089,C4D18,102
S0089,C4D22,106
S0089,C4D25,109
S0089,C5D20,132
S0089,unscheduled,139
S0089,EOT,139
S0089,C6D11,151
S0089,C6D22,162
S0090,SCREENING,-7
S0090,SCREENING,-7
S0090,SCREENING,-7
S0090,SCREENING,-7
S0090,SCREENING,-7
S0090,SCREENING,-7
S0090,SCREENING,-7
S0090,C1D1,1
S0090,C1D1,1
S0090,C1D2,2
S0090,C1D3,3
S0090,C1D28,28
S0090,C3D12,68
S0090,C3D25,81
S0090,C5D3,115
S0090,C5D6,118
S0090,C6D9,149
S0090,C6D23,163
S0090,EOT,168
S0090,unscheduled,197
S0091,SCREENING,-7
S0091,SCREENING,-7
S0091,SCREENING,-7
S0091,SCREENING,-7
S0091,SCREENING,-7
S0091,SCREENING,-7
S0091,SCREENING,-7
S0091,C1D1,1
S0091,C1D1,1
S0091,C1D1,1
S0091,C1D2,2
S0091,C2D21,49
S0091,C3D2,58
S0091,C3D2,58
S0091,C3D13,69
S0091,C3D27,83
S0091,C3D27,83
S0091,C4D13,97
S0091,C4D27,111
S0091,C5D21,133
S0091,C5D23,135
S0091,C6D2,142
S0091,C6D2,142
S0091,C6D5,145
S0091,C6D11,151
S0091,C6D20,160
S0091,C6D26,166
S0091,EOT,168
S0091,unscheduled,181
S0091,follow-up,662
S0092,SCREENING,-7
S0092,SCREENING,-7
S0092,SCREENING,-7
S0092,SCREENING,-7
S0092,SCREENING,-7
S0092,SCREENING,-7
S0092,SCREENING,-7
S0092,C1D1,1
S0092,C1D1,1
S0092,C1D2,2
S0092,C1D19,19
S0092,C1D27,27
S0092,C2D14,42
S0092,C2D21,49
S0092,C2D24,52
S0092,C3D1,57
S0092,C3D2,58
S0092,C3D2,58
S0092,C3D24,80
S0092,C4D27,111
S0092,C5D25,137
S0092,C5D25,137
S0092,C6D1,141
S0092,EOT,168
S0092,unscheduled,183
S0092,unscheduled,195
S0092,unscheduled,197
S0093,SCREENING,-7
S0093,SCREENING,-7
S0093,SCREENING,-7
S0093,SCREENING,-7
S0093,SCREENING,-7
S0093,SCREENING,-7
S0093,SCREENING,-7
S0093,C1D1,1
S0093,C1D1,1
S0093,C1D2,2
S0093,C1D25,25
S0093,C2D5,33
S0093,C3D11,67
S0093,C4D17,101
S0093,C4D24,108
S0093,C4D28,112
S0093,C5D13,125
S0093,C6D3,143
S0093,C6D18,158
S0093,EOT,168
S0093,unscheduled,172
S0093,unscheduled,182
S0094,SCREENING,-7
S0094,SCREENING,-7
S0094,SCREENING,-7
S0094,SCREENING,-7
S0094,SCREENING,-7
S0094,SCREENING,-7
S0094,SCREENING,-7
S0094,C1D1,1
S0094,C1D1,1
S0094,C1D1,1
S0094,C1D2,2
S0094,C1D15,15
S0094,C1D16,16
S0094,C1D25,25
S0094,C1D25,25
S0094,C2D1,29
S0094,C2D5,33
S0094,C2D8,36
S0094,C2D12,40
S0094,C2D18,46
S0094,C2D19,47
S0094,C2D26,54
S0094,C3D2,58
S0094,C3D4,60
S0094,C3D4,60
S0094,C3D7,63
S0094,C3D7,63
S0094,C3D18,74
S0094,C3D21,77
S0094,C3D24,80
S0094,C3D25,81
S0094,C3D27,83
S0094,C4D8,92
S0094,C4D13,97
S0094,C4D14,98
S0094,C4D27,111
S0094,C4D27,111
S0094,C5D18,130
S0094,C5D23,135
S0094,C5D23,135
S0094,C5D23,135
S0094,C5D28,140
S0094,C6D2,142
S0094,C6D3,143
S0094,C6D10,150
S0094,C6D12,152
S0094,C6D16,156
S0094,C6D17,157
S0094,C6D20,160
S0094,C6D22,162
S0094,C6D24,164
S0094,EOT,168
S0094,unscheduled,171
S0094,unscheduled,173
S0094,unscheduled,181
S0094,unscheduled,192
S0094,unscheduled,195
S0094,unscheduled,197
S0095,SCREENING,-7
S0095,SCREENING,-7
S0095,SCREENING,-7
S0095,SCREENING,-7
S0095,SCREENING,-7
S0095,SCREENING,-7
S0095,SCREENING,-7
S0095,C1D1,1
S0095,C1D1,1
S0095,C1D2,2
S0095,C1D7,7
S0095,C1D7,7
S0095,C2D20,48
S0095,C3D8,64
S0095,C3D18,74
S0095,C4D1,85
S0095,C4D5,89
S0095,C4D7,91
S0095,C4D12,96
S0095,C4D20,104
S0095,C4D21,105
S0095,C5D2,114
S0095,unscheduled,114
S0095,EOT,114
S0095,C5D5,117
S0095,C5D6,118
S0095,C5D12,124
S0095,C5D12,124
S0095,C5D21,133
S0096,SCREENING,-7
S0096,SCREENING,-7
S0096,SCREENING,-7
S0096,SCREENING,-7
S0096,SCREENING,-7
S0096,SCREENING,-7
S0096,SCREENING,-7
S0096,C1D1,1
S0096,C1D1,1
S0096,C1D1,1
S0096,C1D1,1
S0096,C1D2,2
S0096,C1D2,2
S0096,C3D7,63
S0096,C3D17,73
S0096,C3D18,74
S0096,C3D22,78
S0096,EOT,168
S0096,unscheduled,183
S0097,SCREENING,-7
S0097,SCREENING,-7
S0097,SCREENING,-7
S0097,SCREENING,-7
S0097,SCREENING,-7
S0097,SCREENING,-7
S0097,SCREENING,-7
S0097,C1D1,1
S0097,C1D1,1
S0097,C1D2,2
S0097,C1D9,9
S0097,C1D19,19
S0097,C1D19,19
S0097,C1D25,25
S0097,C2D6,34
S0097,C2D6,34
S0097,C2D12,40
S0097,C2D20,48
S0097,C2D20,48
S0097,C2D26,54
S0097,C2D28,56
S0097,C4D5,89
S0097,C4D25,109
S0097,C4D25,109
S0097,C4D25,109
S0097,C5D3,115
S0097,C6D5,145
S0097,C6D8,148
S0097,C6D9,149
S0097,EOT,168
S0097,unscheduled,177
S0097,unscheduled,183
S0098,SCREENING,-7
S0098,SCREENING,-7
S0098,SCREENING,-7
S0098,SCREENING,-7
S0098,SCREENING,-7
S0098,SCREENING,-7
S0098,SCREENING,-7
S0098,C1D1,1
S0098,C1D1,1
S0098,C1D1,1
S0098,C1D2,2
S0098,C1D21,21
S0098,C1D23,23
S0098,C2D6,34
S0098,C2D7,35
S0098,C2D8,36
S0098,C2D14,42
S0098,C2D16,44
S0098,C2D16,44
S0098,C2D16,44
S0098,C2D17,45
S0098,C2D17,45
S0098,C2D25,53
S0098,C3D3,59
S0098,unscheduled,59
S0098,EOT,59
S0098,C3D6,62
S0098,C3D10,66
S0098,C3D12,68
S0098,C4D1,85
S0098,C4D5,89
S0099,SCREENING,-7
S0099,SCREENING,-7
S0099,SCREENING,-7
S0099,SCREENING,-7
S0099,SCREENING,-7
S0099,SCREENING,-7
S0099,SCREENING,-7
S0099,C1D1,1
S0099,C1D1,1
S0099,C1D1,1
S0099,C1D2,2
S0099,C1D5,5
S0099,C1D6,6
S0099,C2D2,30
S0099,C2D13,41
S0099,C2D25,53
S0099,C2D28,56
S0099,C3D4,60
S0099,C3D8,64
S0099,C3D8,64
S0099,C4D2,86
S0099,C4D4,88
S0099,C4D6,90
S0099,C4D8,92
S0099,C4D13,97
S0099,C5D25,137
S0099,C6D12,152
S0099,C6D12,152
S0099,C6D19,159
S0099,C6D27,167
S0099,C6D27,167
S0099,EOT,168
S0099,unscheduled,171
S0099,unscheduled,173
S0099,unscheduled,185
S0099,unscheduled,193
S0100,SCREENING,-7
S0100,SCREENING,-7
S0100,SCREENING,-7
S0100,SCREENING,-7
S0100,SCREENING,-7
S0100,SCREENING,-7
S0100,SCREENING,-7
S0100,C1D1,1
S0100,C1D1,1
S0100,C1D2,2
S0100,C1D5,5
S0100,C1D24,24
S0100,C2D5,33
S0100,C2D5,33
S0100,C2D10,38
S0100,unscheduled,38
S0100,EOT,38
S0100,C2D11,39
S0100,C2D13,41
S0100,C2D27,55
S0100,C2D28,56
S0100,C2D28,56
S0100,C3D8,64
S0100,C3D9,65
S0101,SCREENING,-7
S0101,SCREENING,-7
S0101,SCREENING,-7
S0101,SCREENING,-7
S0101,SCREENING,-7
S0101,SCREENING,-7
S0101,SCREENING,-7
S0101,C1D1,1
S0101,C1D1,1
S0101,C1D2,2
S0101,C1D6,6
S0101,C1D6,6
S0101,C1D7,7
S0101,C1D7,7
S0101,C1D11,11
S0101,C1D12,12
S0101,C1D12,12
S0101,C2D1,29
S0101,C2D2,30
S0101,C2D7,35
S0101,C2D10,38
S0101,C2D17,45
S0101,C2D17,45
S0101,C3D1,57
S0101,C3D7,63
S0101,C3D8,64
S0101,C3D10,66
S0101,C3D18,74
S0101,C3D25,81
S0101,C3D27,83
S0101,C3D27,83
S0101,C4D1,85
S0101,C4D5,89
S0101,C4D7,91
S0101,C4D8,92
S0101,C4D20,104
S0101,C4D26,110
S0101,C5D4,116
S0101,C5D5,117
S0101,C5D5,117
S0101,C5D5,117
S0101,C5D6,118
S0101,C5D14,126
S0101,C5D27,139
S0101,C6D6,146
S0101,C6D7,147
S0101,C6D8,148
S0101,C6D11,151
S0101,C6D15,155
S0101,C6D18,158
S0101,C6D22,162
S0101,C6D24,164
S0101,C6D24,164
S0101,C6D26,166
S0101,EOT,168
S0101,unscheduled,169
S0101,unscheduled,178
S0101,unscheduled,179
S0101,unscheduled,181
S0101,unscheduled,187
S0101,unscheduled,190
S0101,unscheduled,191
S0101,unscheduled,195
S0102,SCREENING,-7
S0102,SCREENING,-7
S0102,SCREENING,-7
S0102,SCREENING,-7
S0102,SCREENING,-7
S0102,SCREENING,-7
S0102,SCREENING,-7
S0102,C1D1,1
S0102,C1D1,1
S0102,C1D2,2
S0102,C1D2,2
S0102,C1D7,7
S0102,C1D24,24
S0102,C1D25,25
S0102,C2D15,43
S0102,C2D17,45
S0102,C2D22,50
S0102,C2D22,50
S0102,C3D1,57
S0102,C3D9,65
S0102,C3D18,74
S0102,C4D10,94
S0102,C4D12,96
S0102,C4D14,98
S0102,C4D19,103
S0102,C5D4,116
S0102,C5D6,118
S0102,C5D7,119
S0102,C5D13,125
S0102,C5D14,126
S0102,C5D23,135
S0102,C5D24,136
S0102,C6D3,143
S0102,C6D11,151
S0102,C6D17,157
S0102,C6D23,163
S0102,C6D25,165
S0102,C6D25,165
S0102,C6D28,168
S0102,EOT,168
S0102,unscheduled,175
S0102,unscheduled,179
S0102,unscheduled,191
S0102,unscheduled,198
S0103,SCREENING,-7
S0103,SCREENING,-7
S0103,SCREENING,-7
S0103,SCREENING,-7
S0103,SCREENING,-7
S0103,SCREENING,-7
S0103,SCREENING,-7
S0103,C1D1,1
S0103,C1D1,1
S0103,C1D2,2
S0103,C3D8,64
S0103,EOT,168
S0104,SCREENING,-7
S0104,SCREENING,-7
S0104,SCREENING,-7
S0104,SCREENING,-7
S0104,SCREENING,-7
S0104,SCREENING,-7
S0104,SCREENING,-7
S0104,C1D1,1
S0104,C1D1,1
S0104,C1D2,2
S0104,C1D7,7
S0104,C1D12,12
S0104,C2D1,29
S0104,C2D2,30
S0104,C2D2,30
S0104,C2D5,33
S0104,C2D6,34
S0104,C2D7,35
S0104,C2D21,49
S0104,C2D25,53
S0104,C2D25,53
S0104,C3D1,57
S0104,unscheduled,61
S0104,EOT,61
S0104,C3D9,65
S0104,C3D9,65
S0104,C3D14,70
S0104,C3D17,73
S0104,C3D18,74
S0104,C3D26,82
S0104,C4D5,89
S0105,SCREENING,-7
S0105,SCREENING,-7
S0105,SCREENING,-7
S0105,SCREENING,-7
S0105,SCREENING,-7
S0105,SCREENING,-7
S0105,SCREENING,-7
S0105,C1D1,1
S0105,C1D1,1
S0105,C1D2,2
S0105,C1D3,3
S0105,C1D9,9
S0105,C1D16,16
S0105,C1D21,21
S0105,C1D22,22
S0105,C1D25,25
S0105,C2D2,30
S0105,C3D13,69
S0105,C3D20,76
S0105,C3D21,77
S0105,unscheduled,81
S0105,EOT,81
S0105,C4D11,95
S0105,C4D17,101
S0105,C4D18,102
S0105,C4D26,110
S0106,SCREENING,-7
S0106,SCREENING,-7
S0106,SCREENING,-7
S0106,SCREENING,-7
S0106,SCREENING,-7
S0106,SCREENING,-7
S0106,SCREENING,-7
S0106,C1D1,1
S0106,C1D1,1
S0106,C1D2,2
S0106,C1D5,5
S0106,C2D6,34
S0106,C2D10,38
S0106,C2D17,45
S0106,C2D17,45
S0106,C2D19,47
S0106,C2D22,50
S0106,C3D28,84
S0106,C4D4,88
S0106,C4D26,110
S0106,C4D26,110
S0106,C4D27,111
S0106,C5D5,117
S0106,C5D13,125
S0106,C5D23,135
S0106,C5D27,139
S0106,C5D27,139
S0106,EOT,168
S0106,unscheduled,181
S0106,unscheduled,188
S0106,unscheduled,192
S0106,unscheduled,197
S0107,SCREENING,-7
S0107,SCREENING,-7
S0107,SCREENING,-7
S0107,SCREENING,-7
S0107,SCREENING,-7
S0107,SCREENING,-7
S0107,SCREENING,-7
S0107,C1D1,1
S0107,C1D1,1
S0107,C1D1,1
S0107,C1D2,2
S0107,C1D5,5
S0107,C1D20,20
S0107,C2D6,34
S0107,C3D9,65
S0107,unscheduled,65
S0107,EOT,65
S0107,C3D22,78
S0107,C4D1,85
S0108,SCREENING,-7
S0108,SCREENING,-7
S0108,SCREENING,-7
S0108,SCREENING,-7
S0108,SCREENING,-7
S0108,SCREENING,-7
S0108,SCREENING,-7
S0108,C1D1,1
S0108,C1D1,1
S0108,C1D2,2
S0108,C1D14,14
S0108,C1D14,14
S0108,C1D23,23
S0108,C2D6,34
S0108,C2D8,36
S0108,C2D13,41
S0108,C3D6,62
S0108,C3D12,68
S0108,EOT,100
S0108,C4D25,109
S0108,C4D28,112
S0109,SCREENING,-7
S0109,SCREENING,-7
S0109,SCREENING,-7
S0109,SCREENING,-7
S0109,SCREENING,-7
S0109,SCREENING,-7
S0109,SCREENING,-7
S0109,C1D1,1
S0109,C1D1,1
S0109,C1D1,1
S0109,C1D1,1
S0109,C1D2,2
S0109,C2D8,36
S0109,C2D11,39
S0109,C3D6,62
S0109,C3D7,63
S0109,C3D7,63
S0109,C4D15,99
S0109,C4D19,103
S0109,C4D25,109
S0109,C4D25,109
S0109,C4D28,112
S0109,C5D10,122
S0109,C5D11,123
S0109,C5D15,127
S0109,C5D20,132
S0109,C5D23,135
S0109,C6D12,152
S0109,C6D14,154
S0109,EOT,168
S0109,unscheduled,172
S0109,unscheduled,189
S0109,unscheduled,191
S0109,unscheduled,196
S0109,unscheduled,198
S0110,SCREENING,-7
S0110,SCREENING,-7
S0110,SCREENING,-7
S0110,SCREENING,-7
S0110,SCREENING,-7
S0110,SCREENING,-7
S0110,SCREENING,-7
S0110,C1D1,1
S0110,C1D1,1
S0110,C1D2,2
S0110,C1D6,6
S0110,C1D19,19
S0110,C2D4,32
S0110,C3D15,71
S0110,C5D5,117
S0110,C5D16,128
S0110,EOT,168
S0111,SCREENING,-7
S0111,SCREENING,-7
S0111,SCREENING,-7
S0111,SCREENING,-7
S0111,SCREENING,-7
S0111,SCREENING,-7
S0111,SCREENING,-7
S0111,C1D1,1
S0111,C1D1,1
S0111,C1D2,2
S0111,C1D9,9
S0111,C1D10,10
S0111,C1D16,16
S0111,C1D16,16
S0111,C1D27,27
S0111,C2D5,33
S0111,C2D7,35
S0111,C2D8,36
S0111,C2D17,45
S0111,C2D19,47
S0111,C2D23,51
S0111,C3D2,58
S0111,C3D6,62
S0111,C3D25,81
S0111,C4D10,94
S0111,C4D10,94
S0111,C4D15,99
S0111,C4D15,99
S0111,C4D17,101
S0111,C4D17,101
S0111,C4D25,109
S0111,C5D15,127
S0111,C6D13,153
S0111,C6D13,153
S0111,EOT,168
S0111,unscheduled,174
S0112,SCREENING,-7
S0112,SCREENING,-7
S0112,SCREENING,-7
S0112,SCREENING,-7
S0112,SCREENING,-7
S0112,SCREENING,-7
S0112,SCREENING,-7
S0112,C1D1,1
S0112,C1D1,1
S0112,C1D1,1
S0112,C1D1,1
S0112,C1D2,2
S0112,C1D11,11
S0112,C1D16,16
S0112,C1D16,16
S0112,C1D17,17
S0112,C1D22,22
S0112,C2D12,40
S0112,C2D17,45
S0112,C2D26,54
S0112,C2D27,55
S0112,C3D1,57
S0112,C3D1,57
S0112,C3D5,61
S0112,unscheduled,61
S0112,EOT,61
S0112,C3D11,67
S0112,C3D24,80
S0112,C4D3,87
S0112,C4D6,90
S0113,SCREENING,-7
S0113,SCREENING,-7
S0113,SCREENING,-7
S0113,SCREENING,-7
S0113,SCREENING,-7
S0113,SCREENING,-7
S0113,SCREENING,-7
S0113,C1D1,1
S0113,C1D1,1
S0113,C1D1,1
S0113,C1D2,2
S0113,C1D15,15
S0113,C1D15,15
S0113,C1D16,16
S0113,C1D16,16
S0113,C1D16,16
S0113,C1D21,21
S0113,C2D21,49
S0113,C2D28,56
S0113,C3D2,58
S0113,C3D22,78
S0113,C4D4,88
S0113,C4D11,95
S0113,C4D11,95
S0113,C4D13,97
S0113,C4D20,104
S0113,C4D22,106
S0113,C4D27,111
S0113,C5D25,137
S0113,C6D17,157
S0113,C6D27,167
S0113,EOT,168
S0113,unscheduled,176
S0113,unscheduled,178
S0113,unscheduled,182
S0113,unscheduled,182
S0114,SCREENING,-7
S0114,SCREENING,-7
S0114,SCREENING,-7
S0114,SCREENING,-7
S0114,SCREENING,-7
S0114,SCREENING,-7
S0114,SCREENING,-7
S0114,C1D1,1
S0114,C1D1,1
S0114,C1D2,2
S0114,C1D5,5
S0114,C1D5,5
S0114,C1D19,19
S0114,C2D11,39
S0114,C2D12,40
S0114,C2D28,56
S0114,C3D7,63
S0114,C3D25,81
S0114,C3D25,81
S0114,C4D5,89
S0114,C4D22,106
S0114,C4D28,112
S0114,C5D2,114
S0114,C5D3,115
S0114,C5D22,134
S0114,C5D25,137
S0114,EOT,145
S0115,SCREENING,-7
S0115,SCREENING,-7
S0115,SCREENING,-7
S0115,SCREENING,-7
S0115,SCREENING,-7
S0115,SCREENING,-7
S0115,SCREENING,-7
S0115,C1D1,1
S0115,C1D1,1
S0115,C1D1,1
S0115,C1D2,2
S0115,C1D7,7
S0115,C1D19,19
S0115,C1D23,23
S0115,C1D26,26
S0115,C1D27,27
S0115,C1D27,27
S0115,C2D11,39
S0115,C2D11,39
S0115,C2D12,40
S0115,C2D12,40
S0115,C2D17,45
S0115,C2D19,47
S0115,C2D19,47
S0115,C2D21,49
S0115,C2D23,51
S0115,C3D1,57
S0115,unscheduled,61
S0115,EOT,61
S0115,C3D8,64
S0115,C3D12,68
S0115,C3D13,69
S0115,C3D20,76
S0115,C3D22,78
S0115,C4D6,90
S0115,C4D7,91
S0116,SCREENING,-7
S0116,SCREENING,-7
S0116,SCREENING,-7
S0116,SCREENING,-7
S0116,SCREENING,-7
S0116,SCREENING,-7
S0116,SCREENING,-7
S0116,C1D1,1
S0116,C1D1,1
S0116,C1D2,2
S0116,C1D4,4
S0116,C1D8,8
S0116,C3D3,59
S0116,C3D4,60
S0116,C3D4,60
S0116,C3D5,61
S0116,C4D1,85
S0116,C4D9,93
S0116,C4D20,104
S0116,C5D1,113
S0116,C5D7,119
S0116,EOT,122
S0116,C5D11,123
S0116,C5D28,140
S0117,SCREENING,-7
S0117,SCREENING,-7
S0117,SCREENING,-7
S0117,SCREENING,-7
S0117,SCREENING,-7
S0117,SCREENING,-7
S0117,SCREENING,-7
S0117,C1D1,1
S0117,C1D1,1
S0117,C1D2,2
S0117,C1D10,10
S0117,C1D18,18
S0117,C2D8,36
S0117,C2D15,43
S0117,C2D21,49
S0117,C5D24,136
S0117,C6D22,162
S0117,EOT,168
S0117,unscheduled,175
S0117,unscheduled,178
S0117,unscheduled,183
S0117,unscheduled,183
S0117,unscheduled,183
S0117,unscheduled,187
S0117,unscheduled,191
S0117,unscheduled,197
S0118,SCREENING,-7
S0118,SCREENING,-7
S0118,SCREENING,-7
S0118,SCREENING,-7
S0118,SCREENING,-7
S0118,SCREENING,-7
S0118,SCREENING,-7
S0118,C1D1,1
S0118,C1D1,1
S0118,C1D1,1
S0118,C1D2,2
S0118,C2D6,34
S0118,C2D12,40
S0118,C3D2,58
S0118,C3D6,62
S0118,C3D6,62
S0118,C3D12,68
S0118,C3D12,68
S0118,C4D11,95
S0118,C4D14,98
S0118,C4D14,98
S0118,C4D25,109
S0118,C4D28,112
S0118,C5D25,137
S0118,C6D1,141
S0118,C6D3,143
S0118,C6D4,144
S0118,C6D18,158
S0118,C6D18,158
S0118,C6D25,165
S0118,EOT,168
S0118,unscheduled,182
S0118,unscheduled,186
S0118,unscheduled,191
S0118,unscheduled,195
S0119,SCREENING,-7
S0119,SCREENING,-7
S0119,SCREENING,-7
S0119,SCREENING,-7
S0119,SCREENING,-7
S0119,SCREENING,-7
S0119,SCREENING,-7
S0119,C1D1,1
S0119,C1D1,1
S0119,C1D2,2
S0119,C1D9,9
S0119,C1D11,11
S0119,C1D21,21
S0119,C1D23,23
S0119,C2D9,37
S0119,C2D12,40
S0119,C3D18,74
S0119,C3D18,74
S0119,C3D20,76
S0119,C5D12,124
S0119,C5D14,126
S0119,EOT,168
S0119,unscheduled,169
S0119,unscheduled,178
S0119,unscheduled,190
S0120,SCREENING,-7
S0120,SCREENING,-7
S0120,SCREENING,-7
S0120,SCREENING,-7
S0120,SCREENING,-7
S0120,SCREENING,-7
S0120,SCREENING,-7
S0120,C1D1,1
S0120,C1D1,1
S0120,C1D1,1
S0120,C1D2,2
S0120,C1D10,10
S0120,C1D12,12
S0120,C1D12,12
S0120,C1D27,27
S0120,C2D23,51
S0120,C2D24,52
S0120,C2D26,54
S0120,C3D14,70
S0120,C3D16,72
S0120,C3D16,72
S0120,C3D23,79
S0120,C3D25,81
S0120,C3D25,81
S0120,C4D2,86
S0120,C4D9,93
S0120,C4D9,93
S0120,C4D16,100
S0120,C4D21,105
S0120,EOT,111
S0120,C4D28,112
S0120,C5D7,119
S0120,C5D26,138
S0120,C5D28,140
S0121,SCREENING,-7
S0121,SCREENING,-7
S0121,SCREENING,-7
S0121,SCREENING,-7
S0121,SCREENING,-7
S0121,SCREENING,-7
S0121,SCREENING,-7
S0121,C1D1,1
S0121,C1D1,1
S0121,C1D2,2
S0121,C1D6,6
S0121,C1D16,16
S0121,C2D3,31
S0121,C2D25,53
S0121,C2D27,55
S0121,C3D19,75
S0121,C4D3,87
S0121,C4D5,89
S0121,C4D23,107
S0121,C4D26,110
S0121,C5D2,114
S0121,C5D2,114
S0121,C6D7,147
S0121,C6D7,147
S0121,C6D15,155
S0121,C6D18,158
S0121,C6D18,158
S0121,EOT,168
S0121,unscheduled,182
S0121,unscheduled,187
S0121,unscheduled,192
S0121,unscheduled,192
S0121,unscheduled,198
S0122,SCREENING,-7
S0122,SCREENING,-7
S0122,SCREENING,-7
S0122,SCREENING,-7
S0122,SCREENING,-7
S0122,SCREENING,-7
S0122,SCREENING,-7
S0122,C1D1,1
S0122,C1D1,1
S0122,C1D2,2
S0122,C1D2,2
S0122,C1D4,4
S0122,C1D8,8
S0122,C1D19,19
S0122,C1D23,23
S0122,C1D23,23
S0122,C1D25,25
S0122,C1D25,25
S0122,C2D7,35
S0122,C2D12,40
S0122,C2D18,46
S0122,C2D22,50
S0122,C2D28,56
S0122,C3D4,60
S0122,C3D19,75
S0122,C3D26,82
S0122,C3D28,84
S0122,C4D3,87
S0122,C4D4,88
S0122,C4D6,90
S0122,C4D7,91
S0122,C4D8,92
S0122,C4D17,101
S0122,C4D21,105
S0122,C4D23,107
S0122,C4D26,110
S0122,C4D27,111
S0122,C5D1,113
S0122,C5D3,115
S0122,C5D9,121
S0122,C5D14,126
S0122,C6D2,142
S0122,C6D3,143
S0122,C6D7,147
S0122,C6D10,150
S0122,C6D19,159
S0122,C6D19,159
S0122,C6D19,159
S0122,EOT,168
S0122,unscheduled,178
S0122,unscheduled,181
S0122,unscheduled,182
S0122,unscheduled,185
S0122,unscheduled,189
S0122,unscheduled,189
S0122,unscheduled,190
S0122,unscheduled,192
S0122,unscheduled,193
S0122,unscheduled,193
S0123,SCREENING,-7
S0123,SCREENING,-7
S0123,SCREENING,-7
S0123,SCREENING,-7
S0123,SCREENING,-7
S0123,SCREENING,-7
S0123,SCREENING,-7
S0123,C1D1,1
S0123,C1D1,1
S0123,C1D1,1
S0123,C1D2,2
S0123,C1D11,11
S0123,C1D11,11
S0123,C1D17,17
S0123,C1D19,19
S0123,C2D23,51
S0123,C2D24,52
S0123,C2D24,52
S0123,C3D7,63
S0123,C3D8,64
S0123,C3D12,68
S0123,C3D15,71
S0123,C3D15,71
S0123,C3D21,77
S0123,C3D26,82
S0123,C4D16,100
S0123,C5D1,113
S0123,C5D7,119
S0123,C6D4,144
S0123,C6D4,144
S0123,C6D9,149
S0123,C6D14,154
S0123,C6D15,155
S0123,C6D18,158
S0123,C6D26,166
S0123,EOT,168
S0123,unscheduled,172
S0123,unscheduled,172
S0123,unscheduled,178
S0123,unscheduled,186
S0124,SCREENING,-7
S0124,SCREENING,-7
S0124,SCREENING,-7
S0124,SCREENING,-7
S0124,SCREENING,-7
S0124,SCREENING,-7
S0124,SCREENING,-7
S0124,C1D1,1
S0124,C1D1,1
S0124,C1D2,2
S0124,C1D6,6
S0124,C1D9,9
S0124,C1D12,12
S0124,C2D10,38
S0124,C2D15,43
S0124,C3D26,82
S0124,C6D6,146
S0124,C6D9,149
S0124,C6D18,158
S0124,C6D26,166
S0124,EOT,168
S0125,SCREENING,-7
S0125,SCREENING,-7
S0125,SCREENING,-7
S0125,SCREENING,-7
S0125,SCREENING,-7
S0125,SCREENING,-7
S0125,SCREENING,-7
S0125,C1D1,1
S0125,C1D1,1
S0125,C1D2,2
S0125,C1D7,7
S0125,C1D8,8
S0125,C1D25,25
S0125,C2D21,49
S0125,C2D23,51
S0125,C2D25,53
S0125,C2D27,55
S0125,C3D16,72
S0125,C4D3,87
S0125,C4D16,100
S0125,C4D16,100
S0125,C4D21,105
S0125,C4D25,109
S0125,C4D28,112
S0125,C5D1,113
S0125,C5D4,116
S0125,EOT,121
S0125,C5D18,130
S0125,C5D27,139
S0125,C6D3,143
S0125,C6D3,143
S0125,C6D6,146
S0126,SCREENING,-7
S0126,SCREENING,-7
S0126,SCREENING,-7
S0126,SCREENING,-7
S0126,SCREENING,-7
S0126,SCREENING,-7
S0126,SCREENING,-7
S0126,C1D1,1
S0126,C1D1,1
S0126,C1D2,2
S0126,C1D3,3
S0126,C1D9,9
S0126,C1D21,21
S0126,C1D25,25
S0126,C2D16,44
S0126,C2D20,48
S0126,C3D3,59
S0126,C3D3,59
S0126,C3D23,79
S0126,C4D2,86
S0126,C4D2,86
S0126,C4D4,88
S0126,C4D17,101
S0126,C4D24,108
S0126,C6D14,154
S0126,C6D28,168
S0126,C6D28,168
S0126,EOT,168
S0126,unscheduled,176
S0126,unscheduled,179
S0127,SCREENING,-7
S0127,SCREENING,-7
S0127,SCREENING,-7
S0127,SCREENING,-7
S0127,SCREENING,-7
S0127,SCREENING,-7
S0127,SCREENING,-7
S0127,C1D1,1
S0127,C1D1,1
S0127,C1D1,1
S0127,C1D2,2
S0127,C1D11,11
S0127,C1D14,14
S0127,C5D26,138
S0127,C6D20,160
S0127,EOT,168
S0127,unscheduled,181
S0128,SCREENING,-7
S0128,SCREENING,-7
S0128,SCREENING,-7
S0128,SCREENING,-7
S0128,SCREENING,-7
S0128,SCREENING,-7
S0128,SCREENING,-7
S0128,C1D1,1
S0128,C1D1,1
S0128,C1D2,2
S0128,C1D13,13
S0128,C1D20,20
S0128,C1D23,23
S0128,C1D26,26
S0128,C2D5,33
S0128,C2D13,41
S0128,C2D14,42
S0128,C2D19,47
S0128,C2D19,47
S0128,C3D15,71
S0128,C3D25,81
S0128,C3D28,84
S0128,C4D14,98
S0128,C4D25,109
S0128,C5D2,114
S0128,C5D13,125
S0128,C5D16,128
S0128,C5D24,136
S0128,C5D25,137
S0128,C6D11,151
S0128,C6D24,164
S0128,C6D26,166
S0128,C6D27,167
S0128,C6D28,168
S0128,EOT,168
S0129,SCREENING,-7
S0129,SCREENING,-7
S0129,SCREENING,-7
S0129,SCREENING,-7
S0129,SCREENING,-7
S0129,SCREENING,-7
S0129,SCREENING,-7
S0129,C1D1,1
S0129,C1D1,1
S0129,C1D2,2
S0129,C1D5,5
S0129,C1D17,17
S0129,C2D9,37
S0129,C3D6,62
S0129,C3D6,62
S0129,C3D9,65
S0129,C3D13,69
S0129,C3D17,73
S0129,C3D17,73
S0129,C4D2,86
S0129,C4D8,92
S0129,C4D8,92
S0129,C4D26,110
S0129,C5D17,129
S0129,C5D17,129
S0129,C6D7,147
S0129,C6D7,147
S0129,EOT,168
S0129,unscheduled,176
S0129,unscheduled,185
S0130,SCREENING,-7
S0130,SCREENING,-7
S0130,SCREENING,-7
S0130,SCREENING,-7
S0130,SCREENING,-7
S0130,SCREENING,-7
S0130,SCREENING,-7
S0130,C1D1,1
S0130,C1D1,1
S0130,C1D1,1
S0130,C1D2,2
S0130,C1D23,23
S0130,C2D8,36
S0130,C4D17,101
S0130,C4D20,104
S0130,EOT,168
S0131,SCREENING,-7
S0131,SCREENING,-7
S0131,SCREENING,-7
S0131,SCREENING,-7
S0131,SCREENING,-7
S0131,SCREENING,-7
S0131,SCREENING,-7
S0131,C1D1,1
S0131,C1D1,1
S0131,C1D2,2
S0131,C1D24,24
S0131,C1D26,26
S0131,C2D10,38
S0131,C2D24,52
S0131,C2D27,55
S0131,C2D28,56
S0131,C2D28,56
S0131,C3D9,65
S0131,C3D12,68
S0131,C4D12,96
S0131,C4D23,107
S0131,C5D27,139
S0131,C6D9,149
S0131,C6D10,150
S0131,C6D14,154
S0131,C6D17,157
S0131,C6D25,165
S0131,C6D27,167
S0131,C6D27,167
S0131,C6D27,167
S0131,EOT,168
S0131,unscheduled,178
S0131,unscheduled,182
S0131,unscheduled,188
S0131,unscheduled,188
S0131,unscheduled,190
S0132,SCREENING,-7
S0132,SCREENING,-7
S0132,SCREENING,-7
S0132,SCREENING,-7
S0132,SCREENING,-7
S0132,SCREENING,-7
S0132,SCREENING,-7
S0132,C1D1,1
S0132,C1D1,1
S0132,C1D1,1
S0132,C1D1,1
S0132,C1D2,2
S0132,C1D6,6
S0132,C1D7,7
S0132,C1D15,15
S0132,C1D16,16
S0132,C1D18,18
S0132,C1D19,19
S0132,C1D19,19
S0132,C1D19,19
S0132,C1D21,21
S0132,C1D24,24
S0132,C1D25,25
S0132,C1D28,28
S0132,C1D28,28
S0132,C1D28,28
S0132,C2D1,29
S0132,C2D1,29
S0132,C2D4,32
S0132,C2D4,32
S0132,C2D7,35
S0132,C2D14,42
S0132,C2D15,43
S0132,C2D15,43
S0132,unscheduled,46
S0132,EOT,46
S0132,C2D21,49
S0132,C2D22,50
S0132,C2D26,54
S0132,C2D26,54
S0132,C3D12,68
S0132,C3D12,68
S0132,C3D14,70
S0132,C3D15,71
S0133,SCREENING,-7
S0133,SCREENING,-7
S0133,SCREENING,-7
S0133,SCREENING,-7
S0133,SCREENING,-7
S0133,SCREENING,-7
S0133,SCREENING,-7
S0133,C1D1,1
S0133,C1D1,1
S0133,C1D1,1
S0133,C1D2,2
S0133,C2D1,29
S0133,C2D3,31
S0133,C2D3,31
S0133,C2D8,36
S0133,C2D8,36
S0133,C2D16,44
S0133,C2D18,46
S0133,C2D24,52
S0133,C3D2,58
S0133,C3D12,68
S0133,C4D6,90
S0133,C4D9,93
S0133,C4D15,99
S0133,C4D19,103
S0133,C5D7,119
S0133,C5D14,126
S0133,C5D22,134
S0133,C5D22,134
S0133,C6D4,144
S0133,C6D12,152
S0133,C6D21,161
S0133,EOT,168
S0133,unscheduled,172
S0133,unscheduled,187
S0134,SCREENING,-7
S0134,SCREENING,-7
S0134,SCREENING,-7
S0134,SCREENING,-7
S0134,SCREENING,-7
S0134,SCREENING,-7
S0134,SCREENING,-7
S0134,C1D1,1
S0134,C1D1,1
S0134,C1D1,1
S0134,C1D2,2
S0134,C1D5,5
S0134,C1D14,14
S0134,C1D27,27
S0134,C2D5,33
S0134,C2D10,38
S0134,C2D14,42
S0134,C2D16,44
S0134,C3D3,59
S0134,C3D9,65
S0134,C4D8,92
S0134,C4D8,92
S0134,C4D19,103
S0134,C5D18,130
S0134,C5D18,130
S0134,C5D26,138
S0134,C5D27,139
S0134,C6D12,152
S0134,EOT,168
S0134,unscheduled,171
S0135,SCREENING,-7
S0135,SCREENING,-7
S0135,SCREENING,-7
S0135,SCREENING,-7
S0135,SCREENING,-7
S0135,SCREENING,-7
S0135,SCREENING,-7
S0135,C1D1,1
S0135,C1D1,1
S0135,C1D1,1
S0135,C1D2,2
S0135,C1D3,3
S0135,C1D11,11
S0135,C1D16,16
S0135,C1D17,17
S0135,C1D17,17
S0135,C2D3,31
S0135,C2D10,38
S0135,C2D17,45
S0135,C2D19,47
S0135,C2D20,48
S0135,C2D24,52
S0135,C2D26,54
S0135,C3D4,60
S0135,C3D9,65
S0135,C3D17,73
S0135,C3D20,76
S0135,C3D27,83
S0135,unscheduled,83
S0135,EOT,83
S0135,C4D1,85
S0135,C4D12,96
S0135,C4D15,99
S0135,C4D25,109
S0136,SCREENING,-7
S0136,SCREENING,-7
S0136,SCREENING,-7
S0136,SCREENING,-7
S0136,SCREENING,-7
S0136,SCREENING,-7
S0136,SCREENING,-7
S0136,C1D1,1
S0136,C1D1,1
S0136,C1D1,1
S0136,C1D2,2
S0136,C1D15,15
S0136,C2D6,34
S0136,C2D6,34
S0136,C2D8,36
S0136,C2D12,40
S0136,C2D20,48
S0136,C3D13,69
S0136,C3D17,73
S0136,C3D20,76
S0136,C3D28,84
S0136,C4D2,86
S0136,C4D4,88
S0136,C4D23,107
S0136,C4D25,109
S0136,C4D25,109
S0136,C5D1,113
S0136,C5D3,115
S0136,C5D4,116
S0136,C5D4,116
S0136,C5D7,119
S0136,C5D13,125
S0136,C5D13,125
S0136,C5D17,129
S0136,C5D17,129
S0136,C6D6,146
S0136,C6D8,148
S0136,C6D11,151
S0136,C6D11,151
S0136,C6D19,159
S0136,EOT,168
S0136,unscheduled,177
S0136,unscheduled,182
S0136,unscheduled,190
S0136,unscheduled,190
S0137,SCREENING,-7
S0137,SCREENING,-7
S0137,SCREENING,-7
S0137,SCREENING,-7
S0137,SCREENING,-7
S0137,SCREENING,-7
S0137,SCREENING,-7
S0137,C1D1,1
S0137,C1D1,1
S0137,C1D2,2
S0137,C1D2,2
S0137,C1D3,3
S0137,C1D6,6
S0137,C1D7,7
S0137,C1D10,10
S0137,C1D11,11
S0137,C1D11,11
S0137,C1D11,11
S0137,C1D19,19
S0137,unscheduled,20
S0137,EOT,20
S0137,C1D21,21
S0137,C1D21,21
S0137,C1D22,22
S0137,C1D24,24
S0137,C1D27,27
S0137,C1D28,28
S0137,C2D1,29
S0137,C2D1,29
S0137,C2D2,30
S0137,C2D2,30
S0137,C2D6,34
S0137,C2D8,36
S0137,C2D11,39
S0137,C2D12,40
S0137,C2D14,42
S0137,C2D18,46
S0137,C2D19,47
S0138,SCREENING,-7
S0138,SCREENING,-7
S0138,SCREENING,-7
S0138,SCREENING,-7
S0138,SCREENING,-7
S0138,SCREENING,-7
S0138,SCREENING,-7
S0138,C1D1,1
S0138,C1D1,1
S0138,C1D1,1
S0138,C1D2,2
S0138,C2D16,44
S0138,C3D12,68
S0138,C4D19,103
S0138,C5D18,130
S0138,C6D1,141
S0138,EOT,168
S0138,unscheduled,184
S0138,unscheduled,198
S0139,SCREENING,-7
S0139,SCREENING,-7
S0139,SCREENING,-7
S0139,SCREENING,-7
S0139,SCREENING,-7
S0139,SCREENING,-7
S0139,SCREENING,-7
S0139,C1D1,1
S0139,C1D1,1
S0139,C1D2,2
S0139,C1D3,3
S0139,C1D6,6
S0139,C1D10,10
S0139,C1D12,12
S0139,C1D21,21
S0139,C1D27,27
S0139,C1D27,27
S0139,C2D4,32
S0139,C2D12,40
S0139,C2D27,55
S0139,C2D27,55
S0139,C3D12,68
S0139,C3D21,77
S0139,C3D26,82
S0139,C4D11,95
S0139,C4D28,112
S0139,C4D28,112
S0139,C5D8,120
S0139,C5D8,120
S0139,C5D17,129
S0139,C5D18,130
S0139,C5D19,131
S0139,C5D19,131
S0139,C5D20,132
S0139,C5D23,135
S0139,C5D28,140
S0139,C6D6,146
S0139,C6D7,147
S0139,C6D8,148
S0139,C6D11,151
S0139,C6D15,155
S0139,EOT,168
S0139,unscheduled,183
S0139,unscheduled,189
S0139,unscheduled,191
S0140,SCREENING,-7
S0140,SCREENING,-7
S0140,SCREENING,-7
S0140,SCREENING,-7
S0140,SCREENING,-7
S0140,SCREENING,-7
S0140,SCREENING,-7
S0140,C1D1,1
S0140,C1D1,1
S0140,C1D2,2
S0140,C1D3,3
S0140,C2D25,53
S0140,C3D21,77
S0140,C3D24,80
S0140,C3D28,84
S0140,C4D7,91
S0140,C4D26,110
S0140,C5D4,116
S0140,C5D10,122
S0140,C5D15,127
S0140,C6D6,146
S0140,C6D6,146
S0140,C6D22,162
S0140,C6D27,167
S0140,C6D28,168
S0140,EOT,168
S0140,unscheduled,172
S0140,unscheduled,175
S0140,unscheduled,176
S0140,unscheduled,176
S0140,unscheduled,177
S0140,unscheduled,179
S0140,unscheduled,196
S0141,SCREENING,-7
S0141,SCREENING,-7
S0141,SCREENING,-7
S0141,SCREENING,-7
S0141,SCREENING,-7
S0141,SCREENING,-7
S0141,SCREENING,-7
S0141,C1D1,1
S0141,C1D1,1
S0141,C1D1,1
S0141,C1D2,2
S0141,C1D14,14
S0141,C1D15,15
S0141,C1D25,25
S0141,C2D4,32
S0141,C2D9,37
S0141,C4D6,90
S0141,C4D13,97
S0141,C5D4,116
S0141,C5D10,122
S0141,C5D14,126
S0141,C5D14,126
S0141,C5D28,140
S0141,C6D15,155
S0141,C6D19,159
S0141,C6D26,166
S0141,C6D26,166
S0141,EOT,168
S0141,unscheduled,188
S0141,unscheduled,188
S0141,unscheduled,192
S0142,SCREENING,-7
S0142,SCREENING,-7
S0142,SCREENING,-7
S0142,SCREENING,-7
S0142,SCREENING,-7
S0142,SCREENING,-7
S0142,SCREENING,-7
S0142,C1D1,1
S0142,C1D1,1
S0142,C1D1,1
S0142,C1D2,2
S0142,C3D18,74
S0142,C3D19,75
S0142,C4D27,111
S0142,C5D9,121
S0142,C5D24,136
S0142,C6D16,156
S0142,EOT,168
S0142,unscheduled,190
S0143,SCREENING,-7
S0143,SCREENING,-7
S0143,SCREENING,-7
S0143,SCREENING,-7
S0143,SCREENING,-7
S0143,SCREENING,-7
S0143,SCREENING,-7
S0143,C1D1,1
S0143,C1D1,1
S0143,C1D1,1
S0143,C1D2,2
S0143,C1D4,4
S0143,C1D16,16
S0143,C2D12,40
S0143,C2D12,40
S0143,C3D8,64
S0143,C3D11,67
S0143,C3D11,67
S0143,C3D18,74
S0143,C3D24,80
S0143,C4D2,86
S0143,C4D8,92
S0143,C4D13,97
S0143,C5D13,125
S0143,C5D26,138
S0143,C6D6,146
S0143,C6D6,146
S0143,C6D8,148
S0143,EOT,168
S0143,unscheduled,182
S0143,unscheduled,183
S0143,unscheduled,184
S0143,unscheduled,190
S0143,unscheduled,194
S0144,SCREENING,-7
S0144,SCREENING,-7
S0144,SCREENING,-7
S0144,SCREENING,-7
S0144,SCREENING,-7
S0144,SCREENING,-7
S0144,SCREENING,-7
S0144,C1D1,1
S0144,C1D1,1
S0144,C1D1,1
S0144,C1D1,1
S0144,C1D2,2
S0144,C1D6,6
S0144,C1D9,9
S0144,C2D11,39
S0144,C2D11,39
S0144,C2D13,41
S0144,C2D16,44
S0144,C2D18,46
S0144,C2D23,51
S0144,C2D24,52
S0144,C2D28,56
S0144,C3D19,75
S0144,C3D23,79
S0144,C3D28,84
S0144,C4D16,100
S0144,C4D25,109
S0144,C5D2,114
S0144,C5D10,122
S0144,C5D16,128
S0144,C5D25,137
S0144,C5D27,139
S0144,C6D15,155
S0144,C6D15,155
S0144,EOT,168
S0144,unscheduled,178
S0144,unscheduled,179
S0144,unscheduled,179
S0145,SCREENING,-7
S0145,SCREENING,-7
S0145,SCREENING,-7
S0145,SCREENING,-7
S0145,SCREENING,-7
S0145,SCREENING,-7
S0145,SCREENING,-7
S0145,C1D1,1
S0145,C1D1,1
S0145,C1D1,1
S0145,C1D2,2
S0145,C1D19,19
S0145,C1D20,20
S0145,C1D23,23
S0145,C1D23,23
S0145,C2D14,42
S0145,C2D17,45
S0145,C3D8,64
S0145,C4D6,90
S0145,C5D7,119
S0145,C5D15,127
S0145,C5D21,133
S0145,C5D22,134
S0145,C6D2,142
S0145,C6D22,162
S0145,EOT,168
S0145,unscheduled,173
S0145,unscheduled,195
S0146,SCREENING,-7
S0146,SCREENING,-7
S0146,SCREENING,-7
S0146,SCREENING,-7
S0146,SCREENING,-7
S0146,SCREENING,-7
S0146,SCREENING,-7
S0146,C1D1,1
S0146,C1D1,1
S0146,C1D1,1
S0146,C1D2,2
S0146,C1D17,17
S0146,C1D26,26
S0146,C2D26,54
S0146,C3D5,61
S0146,C3D13,69
S0146,C5D4,116
S0146,C5D9,121
S0146,C5D14,126
S0146,C5D21,133
S0146,C5D25,137
S0146,C6D4,144
S0146,C6D15,155
S0146,C6D16,156
S0146,C6D19,159
S0146,C6D25,165
S0146,EOT,168
S0146,unscheduled,178
S0146,unscheduled,188
S0146,follow-up,656
S0147,SCREENING,-7
S0147,SCREENING,-7
S0147,SCREENING,-7
S0147,SCREENING,-7
S0147,SCREENING,-7
S0147,SCREENING,-7
S0147,SCREENING,-7
S0147,C1D1,1
S0147,C1D1,1
S0147,C1D1,1
S0147,C1D2,2
S0147,C1D23,23
S0147,C3D7,63
S0147,C3D14,70
S0147,C4D7,91
S0147,C4D12,96
S0147,C4D16,100
S0147,C4D26,110
S0147,C4D26,110
S0147,C5D3,115
S0147,C6D4,144
S0147,C6D11,151
S0147,C6D20,160
S0147,EOT,168
S0147,unscheduled,169
S0147,unscheduled,173
S0147,unscheduled,174
S0147,unscheduled,178
S0147,unscheduled,192
S0148,SCREENING,-7
S0148,SCREENING,-7
S0148,SCREENING,-7
S0148,SCREENING,-7
S0148,SCREENING,-7
S0148,SCREENING,-7
S0148,SCREENING,-7
S0148,C1D1,1
S0148,C1D1,1
S0148,C1D1,1
S0148,C1D1,1
S0148,C1D1,1
S0148,C1D2,2
S0148,C1D5,5
S0148,C1D5,5
S0148,C1D7,7
S0148,C1D10,10
S0148,C1D20,20
S0148,C1D20,20
S0148,C1D20,20
S0148,C1D22,22
S0148,C1D22,22
S0148,C1D22,22
S0148,C1D22,22
S0148,C1D26,26
S0148,EOT,26
S0148,C2D2,30
S0148,C2D8,36
S0148,C2D12,40
S0148,C2D16,44
S0148,C2D17,45
S0148,C2D17,45
S0148,C2D20,48
S0148,C2D21,49
S0148,C2D21,49
S0148,C2D28,56
S0149,SCREENING,-7
S0149,SCREENING,-7
S0149,SCREENING,-7
S0149,SCREENING,-7
S0149,SCREENING,-7
S0149,SCREENING,-7
S0149,SCREENING,-7
S0149,C1D1,1
S0149,C1D1,1
S0149,C1D2,2
S0149,C1D12,12
S0149,C1D24,24
S0149,C1D27,27
S0149,C2D6,34
S0149,C2D11,39
S0149,C2D23,51
S0149,C2D24,52
S0149,C3D5,61
S0149,C3D8,64
S0149,C3D18,74
S0149,C3D22,78
S0149,C3D24,80
S0149,C3D27,83
S0149,C3D28,84
S0149,C4D7,91
S0149,C4D15,99
S0149,C4D20,104
S0149,C4D22,106
S0149,C4D26,110
S0149,C5D1,113
S0149,C5D2,114
S0149,C5D7,119
S0149,unscheduled,120
S0149,EOT,120
S0149,C5D11,123
S0149,C5D11,123
S0149,C5D18,130
S0149,C6D10,150
S0149,C6D10,150
S0150,SCREENING,-7
S0150,SCREENING,-7
S0150,SCREENING,-7
S0150,SCREENING,-7
S0150,SCREENING,-7
S0150,SCREENING,-7
S0150,SCREENING,-7
S0150,C1D1,1
S0150,C1D1,1
S0150,C1D1,1
S0150,C1D2,2
S0150,C1D15,15
S0150,C1D28,28
S0150,C2D14,42
S0150,C2D23,51
S0150,C2D23,51
S0150,C2D25,53
S0150,C3D8,64
S0150,C3D8,64
S0150,C3D17,73
S0150,C4D8,92
S0150,C4D9,93
S0150,C4D12,96
S0150,C4D19,103
S0150,C4D21,105
S0150,C5D7,119
S0150,C5D7,119
S0150,C6D18,158
S0150,EOT,168
S0150,unscheduled,176
S0150,unscheduled,176
S0150,unscheduled,177
S0150,unscheduled,177
S0151,SCREENING,-7
S0151,SCREENING,-7
S0151,SCREENING,-7
S0151,SCREENING,-7
S0151,SCREENING,-7
S0151,SCREENING,-7
S0151,SCREENING,-7
S0151,C1D1,1
S0151,C1D1,1
S0151,C1D1,1
S0151,C1D2,2
S0151,C1D2,2
S0151,C1D18,18
S0151,C1D28,28
S0151,C2D2,30
S0151,C2D4,32
S0151,C2D16,44
S0151,C2D22,50
S0151,C3D2,58
S0151,C3D23,79
S0151,C4D2,86
S0151,C4D15,99
S0151,C4D17,101
S0151,C5D5,117
S0151,C5D6,118
S0151,C5D16,128
S0151,C6D26,166
S0151,EOT,168
S0151,unscheduled,188
S0151,unscheduled,193
S0151,unscheduled,198
S0151,unscheduled,198
S0152,SCREENING,-7
S0152,SCREENING,-7
S0152,SCREENING,-7
S0152,SCREENING,-7
S0152,SCREENING,-7
S0152,SCREENING,-7
S0152,SCREENING,-7
S0152,C1D1,1
S0152,C1D1,1
S0152,C1D2,2
S0152,C1D15,15
S0152,C1D27,27
S0152,C2D1,29
S0152,C2D9,37
S0152,C2D21,49
S0152,C3D16,72
S0152,C3D24,80
S0152,C4D18,102
S0152,C4D27,111
S0152,C5D4,116
S0152,C5D12,124
S0152,C5D16,128
S0152,C6D18,158
S0152,EOT,168
S0153,SCREENING,-7
S0153,SCREENING,-7
S0153,SCREENING,-7
S0153,SCREENING,-7
S0153,SCREENING,-7
S0153,SCREENING,-7
S0153,SCREENING,-7
S0153,C1D1,1
S0153,C1D1,1
S0153,C1D1,1
S0153,C1D2,2
S0153,C1D3,3
S0153,C1D3,3
S0153,C1D4,4
S0153,C1D7,7
S0153,C1D8,8
S0153,C1D9,9
S0153,C1D10,10
S0153,C1D11,11
S0153,C1D11,11
S0153,C1D22,22
S0153,C1D25,25
S0153,C1D27,27
S0153,C1D27,27
S0153,EOT,33
S0153,C2D10,38
S0153,C2D17,45
S0153,C2D18,46
S0153,C2D21,49
S0153,C2D21,49
S0153,C2D22,50
S0153,C2D24,52
S0153,C3D5,61
S0154,SCREENING,-7
S0154,SCREENING,-7
S0154,SCREENING,-7
S0154,SCREENING,-7
S0154,SCREENING,-7
S0154,SCREENING,-7
S0154,SCREENING,-7
S0154,C1D1,1
S0154,C1D1,1
S0154,C1D1,1
S0154,C1D2,2
S0154,C1D15,15
S0154,C1D16,16
S0154,C1D19,19
S0154,C1D19,19
S0154,C2D5,33
S0154,C2D12,40
S0154,C2D12,40
S0154,C2D20,48
S0154,C3D14,70
S0154,C4D1,85
S0154,C4D6,90
S0154,C4D9,93
S0154,C4D10,94
S0154,C4D14,98
S0154,C4D23,107
S0154,C4D23,107
S0154,C5D9,121
S0154,C5D27,139
S0154,C5D27,139
S0154,C6D2,142
S0154,C6D8,148
S0154,C6D10,150
S0154,EOT,168
S0154,unscheduled,175
S0155,SCREENING,-7
S0155,SCREENING,-7
S0155,SCREENING,-7
S0155,SCREENING,-7
S0155,SCREENING,-7
S0155,SCREENING,-7
S0155,SCREENING,-7
S0155,C1D1,1
S0155,C1D1,1
S0155,C1D1,1
S0155,C1D1,1
S0155,C1D2,2
S0155,C1D7,7
S0155,C1D13,13
S0155,C1D18,18
S0155,unscheduled,19
S0155,EOT,19
S0155,C1D21,21
S0155,C1D26,26
S0155,C1D26,26
S0155,C1D28,28
S0155,C2D9,37
S0155,C2D11,39
S0155,C2D11,39
S0155,C2D12,40
S0155,C2D13,41
S0155,C2D15,43
S0155,C2D16,44
S0155,C2D17,45
S0155,C2D19,47
S0155,C2D20,48
S0155,C2D21,49
S0156,SCREENING,-7
S0156,SCREENING,-7
S0156,SCREENING,-7
S0156,SCREENING,-7
S0156,SCREENING,-7
S0156,SCREENING,-7
S0156,SCREENING,-7
S0156,C1D1,1
S0156,C1D1,1
S0156,C1D2,2
S0156,C1D27,27
S0156,C2D18,46
S0156,C2D19,47
S0156,C3D3,59
S0156,C4D1,85
S0156,C4D6,90
S0156,C4D12,96
S0156,C5D11,123
S0156,C5D20,132
S0156,C5D25,137
S0156,C6D4,144
S0156,C6D11,151
S0156,C6D13,153
S0156,EOT,168
S0156,unscheduled,174
S0156,unscheduled,174
S0156,unscheduled,175
S0156,unscheduled,180
S0156,unscheduled,183
S0156,unscheduled,193
S0157,SCREENING,-7
S0157,SCREENING,-7
S0157,SCREENING,-7
S0157,SCREENING,-7
S0157,SCREENING,-7
S0157,SCREENING,-7
S0157,SCREENING,-7
S0157,C1D1,1
S0157,C1D1,1
S0157,C1D1,1
S0157,C1D2,2
S0157,C1D6,6
S0157,C1D8,8
S0157,C1D12,12
S0157,C1D13,13
S0157,C1D14,14
S0157,C1D16,16
S0157,C1D19,19
S0157,C1D21,21
S0157,C1D21,21
S0157,C1D24,24
S0157,C1D27,27
S0157,C2D2,30
S0157,C2D2,30
S0157,C2D4,32
S0157,C2D7,35
S0157,C2D13,41
S0157,C2D21,49
S0157,C2D25,53
S0157,C2D28,56
S0157,C3D1,57
S0157,C3D7,63
S0157,C3D8,64
S0157,C3D10,66
S0157,C3D11,67
S0157,C3D12,68
S0157,C3D14,70
S0157,C3D15,71
S0157,C3D16,72
S0157,C3D17,73
S0157,EOT,73
S0158,SCREENING,-7
S0158,SCREENING,-7
S0158,SCREENING,-7
S0158,SCREENING,-7
S0158,SCREENING,-7
S0158,SCREENING,-7
S0158,SCREENING,-7
S0158,C1D1,1
S0158,C1D1,1
S0158,C1D1,1
S0158,C1D2,2
S0158,C1D27,27
S0158,C2D5,33
S0158,C2D7,35
S0158,C2D16,44
S0158,C2D23,51
S0158,C2D24,52
S0158,C2D25,53
S0158,C2D25,53
S0158,C2D27,55
S0158,C3D1,57
S0158,C3D9,65
S0158,C3D28,84
S0158,C4D2,86
S0158,C4D4,88
S0158,C4D7,91
S0158,C4D15,99
S0158,C4D17,101
S0158,C4D24,108
S0158,C4D26,110
S0158,C5D7,119
S0158,C5D9,121
S0158,C5D10,122
S0158,C5D21,133
S0158,C5D24,136
S0158,C6D1,141
S0158,C6D7,147
S0158,C6D14,154
S0158,C6D14,154
S0158,C6D17,157
S0158,C6D17,157
S0158,unscheduled,163
S0158,EOT,163
S0158,C6D25,165
S0158,C6D25,165
S0158,C6D27,167
S0158,unscheduled,169
S0158,unscheduled,171
S0158,unscheduled,175
S0158,unscheduled,183
S0158,unscheduled,183
S0158,unscheduled,185
S0158,unscheduled,192
S0159,SCREENING,-7
S0159,SCREENING,-7
S0159,SCREENING,-7
S0159,SCREENING,-7
S0159,SCREENING,-7
S0159,SCREENING,-7
S0159,SCREENING,-7
S0159,C1D1,1
S0159,C1D1,1
S0159,C1D1,1
S0159,C1D2,2
S0159,C1D19,19
S0159,C1D22,22
S0159,C3D18,74
S0159,C3D19,75
S0159,C4D11,95
S0159,EOT,168
S0160,SCREENING,-7
S0160,SCREENING,-7
S0160,SCREENING,-7
S0160,SCREENING,-7
S0160,SCREENING,-7
S0160,SCREENING,-7
S0160,SCREENING,-7
S0160,C1D1,1
S0160,C1D1,1
S0160,C1D2,2
S0160,C1D5,5
S0160,C1D5,5
S0160,C1D5,5
S0160,C1D6,6
S0160,C1D6,6
S0160,C1D6,6
S0160,C1D18,18
S0160,C1D19,19
S0160,C1D23,23
S0160,C1D26,26
S0160,C1D27,27
S0160,C2D7,35
S0160,C2D16,44
S0160,C2D17,45
S0160,C2D25,53
S0160,C2D26,54
S0160,C3D1,57
S0160,C3D1,57
S0160,C3D5,61
S0160,C3D7,63
S0160,C3D15,71
S0160,C3D20,76
S0160,C3D21,77
S0160,C4D2,86
S0160,C4D7,91
S0160,C4D7,91
S0160,C4D10,94
S0160,C4D10,94
S0160,C4D11,95
S0160,C4D20,104
S0160,C4D26,110
S0160,C4D26,110
S0160,C4D28,112
S0160,C4D28,112
S0160,C5D15,127
S0160,C5D18,130
S0160,C5D19,131
S0160,C5D23,135
S0160,C5D24,136
S0160,C5D25,137
S0160,C5D27,139
S0160,C5D27,139
S0160,C5D27,139
S0160,C6D5,145
S0160,C6D6,146
S0160,C6D7,147
S0160,C6D12,152
S0160,C6D17,157
S0160,C6D26,166
S0160,EOT,168
S0160,unscheduled,179
S0160,unscheduled,191
S0160,unscheduled,191
S0160,unscheduled,192
S0161,SCREENING,-7
S0161,SCREENING,-7
S0161,SCREENING,-7
S0161,SCREENING,-7
S0161,SCREENING,-7
S0161,SCREENING,-7
S0161,SCREENING,-7
S0161,C1D1,1
S0161,C1D1,1
S0161,C1D1,1
S0161,C1D2,2
S0161,C1D20,20
S0161,C2D4,32
S0161,C2D11,39
S0161,C2D28,56
S0161,C3D17,73
S0161,C5D11,123
S0161,C5D13,125
S0161,C6D4,144
S0161,C6D5,145
S0161,C6D10,150
S0161,C6D15,155
S0161,C6D23,163
S0161,EOT,168
S0161,unscheduled,188
S0161,unscheduled,189
S0162,SCREENING,-7
S0162,SCREENING,-7
S0162,SCREENING,-7
S0162,SCREENING,-7
S0162,SCREENING,-7
S0162,SCREENING,-7
S0162,SCREENING,-7
S0162,C1D1,1
S0162,C1D1,1
S0162,C1D1,1
S0162,C1D2,2
S0162,C1D10,10
S0162,C1D19,19
S0162,C1D20,20
S0162,C1D25,25
S0162,C2D9,37
S0162,C2D13,41
S0162,C3D13,69
S0162,C3D22,78
S0162,C4D9,93
S0162,C4D12,96
S0162,C4D12,96
S0162,C4D13,97
S0162,C4D13,97
S0162,C4D21,105
S0162,C4D27,111
S0162,C5D15,127
S0162,C5D18,130
S0162,C5D28,140
S0162,C6D6,146
S0162,C6D11,151
S0162,C6D23,163
S0162,C6D23,163
S0162,EOT,168
S0162,unscheduled,183
S0162,unscheduled,183
S0163,SCREENING,-7
S0163,SCREENING,-7
S0163,SCREENING,-7
S0163,SCREENING,-7
S0163,SCREENING,-7
S0163,SCREENING,-7
S0163,SCREENING,-7
S0163,C1D1,1
S0163,C1D1,1
S0163,C1D2,2
S0163,C2D5,33
S0163,C2D11,39
S0163,C3D26,82
S0163,C3D26,82
S0163,C5D3,115
S0163,C5D11,123
S0163,C5D20,132
S0163,C5D24,136
S0163,C6D10,150
S0163,C6D10,150
S0163,C6D10,150
S0163,C6D10,150
S0163,C6D12,152
S0163,C6D13,153
S0163,C6D27,167
S0163,EOT,168
S0163,unscheduled,171
S0163,unscheduled,175
S0163,unscheduled,175
S0163,unscheduled,196
S0164,SCREENING,-7
S0164,SCREENING,-7
S0164,SCREENING,-7
S0164,SCREENING,-7
S0164,SCREENING,-7
S0164,SCREENING,-7
S0164,SCREENING,-7
S0164,C1D1,1
S0164,C1D1,1
S0164,C1D1,1
S0164,C1D2,2
S0164,C1D4,4
S0164,C1D4,4
S0164,C1D17,17
S0164,C1D21,21
S0164,C1D22,22
S0164,C1D26,26
S0164,C1D28,28
S0164,C2D3,31
S0164,C2D8,36
S0164,C2D8,36
S0164,C2D10,38
S0164,C2D27,55
S0164,C3D1,57
S0164,C3D8,64
S0164,C3D27,83
S0164,C3D27,83
S0164,C4D11,95
S0164,C4D13,97
S0164,C5D12,124
S0164,C5D17,129
S0164,C5D27,139
S0164,C6D7,147
S0164,C6D11,151
S0164,C6D22,162
S0164,EOT,168
S0164,unscheduled,185
S0164,unscheduled,185
S0165,SCREENING,-7
S0165,SCREENING,-7
S0165,SCREENING,-7
S0165,SCREENING,-7
S0165,SCREENING,-7
S0165,SCREENING,-7
S0165,SCREENING,-7
S0165,C1D1,1
S0165,C1D1,1
S0165,C1D1,1
S0165,C1D2,2
S0165,C1D7,7
S0165,C1D13,13
S0165,C2D6,34
S0165,C2D6,34
S0165,C2D10,38
S0165,C2D11,39
S0165,C2D22,50
S0165,C2D27,55
S0165,C2D27,55
S0165,C3D13,69
S0165,C3D20,76
S0165,C3D20,76
S0165,C4D16,100
S0165,C4D22,106
S0165,C4D28,112
S0165,C5D12,124
S0165,C5D15,127
S0165,C5D20,132
S0165,EOT,168
S0165,unscheduled,170
S0165,unscheduled,188
S0165,unscheduled,197
S0166,SCREENING,-7
S0166,SCREENING,-7
S0166,SCREENING,-7
S0166,SCREENING,-7
S0166,SCREENING,-7
S0166,SCREENING,-7
S0166,SCREENING,-7
S0166,C1D1,1
S0166,C1D1,1
S0166,C1D2,2
S0166,C1D5,5
S0166,C1D16,16
S0166,C1D18,18
S0166,C2D5,33
S0166,C2D5,33
S0166,C2D16,44
S0166,C2D16,44
S0166,C2D16,44
S0166,C3D1,57
S0166,C3D6,62
S0166,C3D6,62
S0166,C3D8,64
S0166,C3D9,65
S0166,C3D17,73
S0166,C3D17,73
S0166,C5D27,139
S0166,C6D13,153
S0166,C6D13,153
S0166,C6D22,162
S0166,C6D24,164
S0166,EOT,168
S0166,unscheduled,171
S0166,unscheduled,185
S0167,SCREENING,-7
S0167,SCREENING,-7
S0167,SCREENING,-7
S0167,SCREENING,-7
S0167,SCREENING,-7
S0167,SCREENING,-7
S0167,SCREENING,-7
S0167,C1D1,1
S0167,C1D1,1
S0167,C1D2,2
S0167,C1D6,6
S0167,C1D7,7
S0167,C1D9,9
S0167,C1D14,14
S0167,C1D14,14
S0167,C2D3,31
S0167,C2D18,46
S0167,C2D21,49
S0167,C2D21,49
S0167,C3D6,62
S0167,C3D9,65
S0167,C3D11,67
S0167,C4D27,111
S0167,C4D28,112
S0167,C4D28,112
S0167,C5D3,115
S0167,C5D25,137
S0167,C6D3,143
S0167,C6D19,159
S0167,EOT,159
S0167,C6D20,160
S0167,follow-up,350
S0168,SCREENING,-7
S0168,SCREENING,-7
S0168,SCREENING,-7
S0168,SCREENING,-7
S0168,SCREENING,-7
S0168,SCREENING,-7
S0168,SCREENING,-7
S0168,C1D1,1
S0168,C1D1,1
S0168,C1D1,1
S0168,C1D2,2
S0168,C1D8,8
S0168,C1D11,11
S0168,C1D12,12
S0168,C1D28,28
S0168,C2D17,45
S0168,C2D22,50
S0168,C2D22,50
S0168,C3D5,61
S0168,C3D7,63
S0168,C3D15,71
S0168,C3D21,77
S0168,C3D28,84
S0168,C5D8,120
S0168,C6D11,151
S0168,C6D21,161
S0168,EOT,168
S0168,unscheduled,174
S0168,unscheduled,185
S0168,unscheduled,192
S0169,SCREENING,-7
S0169,SCREENING,-7
S0169,SCREENING,-7
S0169,SCREENING,-7
S0169,SCREENING,-7
S0169,SCREENING,-7
S0169,SCREENING,-7
S0169,C1D1,1
S0169,C1D1,1
S0169,C1D1,1
S0169,C1D1,1
S0169,C1D2,2
S0169,C1D7,7
S0169,C1D18,18
S0169,C1D21,21
S0169,C2D22,50
S0169,C2D26,54
S0169,C2D28,56
S0169,C3D8,64
S0169,C3D13,69
S0169,C3D25,81
S0169,C3D28,84
S0169,C4D11,95
S0169,C5D2,114
S0169,C5D8,120
S0169,EOT,168
S0169,unscheduled,170
S0169,unscheduled,190
S0170,SCREENING,-7
S0170,SCREENING,-7
S0170,SCREENING,-7
S0170,SCREENING,-7
S0170,SCREENING,-7
S0170,SCREENING,-7
S0170,SCREENING,-7
S0170,C1D1,1
S0170,C1D1,1
S0170,C1D1,1
S0170,C1D2,2
S0170,C1D22,22
S0170,C2D12,40
S0170,C2D22,50
S0170,C3D9,65
S0170,C3D10,66
S0170,C3D24,80
S0170,C4D23,107
S0170,C5D3,115
S0170,C5D27,139
S0170,C6D1,141
S0170,C6D10,150
S0170,C6D12,152
S0170,C6D14,154
S0170,C6D14,154
S0170,EOT,168
S0170,unscheduled,175
S0170,unscheduled,176
S0170,unscheduled,182
S0170,follow-up,488
S0171,SCREENING,-7
S0171,SCREENING,-7
S0171,SCREENING,-7
S0171,SCREENING,-7
S0171,SCREENING,-7
S0171,SCREENING,-7
S0171,SCREENING,-7
S0171,C1D1,1
S0171,C1D1,1
S0171,C1D2,2
S0171,C1D15,15
S0171,C1D21,21
S0171,C1D24,24
S0171,C1D26,26
S0171,C2D4,32
S0171,C2D13,41
S0171,C3D2,58
S0171,C3D4,60
S0171,C3D16,72
S0171,C3D22,78
S0171,C3D23,79
S0171,C3D24,80
S0171,C3D25,81
S0171,C4D3,87
S0171,C4D18,102
S0171,C4D20,104
S0171,C4D22,106
S0171,C4D22,106
S0171,C5D3,115
S0171,C5D3,115
S0171,C5D9,121
S0171,C5D14,126
S0171,C5D18,130
S0171,C5D20,132
S0171,C5D26,138
S0171,C6D1,141
S0171,C6D2,142
S0171,C6D3,143
S0171,C6D5,145
S0171,C6D19,159
S0171,C6D19,159
S0171,C6D21,161
S0171,C6D22,162
S0171,C6D25,165
S0171,C6D25,165
S0171,EOT,168
S0171,unscheduled,171
S0171,unscheduled,174
S0171,unscheduled,183
S0171,unscheduled,184
S0171,unscheduled,195
S0171,unscheduled,198
S0171,unscheduled,198
S0172,SCREENING,-7
S0172,SCREENING,-7
S0172,SCREENING,-7
S0172,SCREENING,-7
S0172,SCREENING,-7
S0172,SCREENING,-7
S0172,SCREENING,-7
S0172,C1D1,1
S0172,C1D1,1
S0172,C1D2,2
S0172,C1D3,3
S0172,C1D7,7
S0172,C2D13,41
S0172,C2D15,43
S0172,C2D20,48
S0172,C3D28,84
S0172,C4D10,94
S0172,C5D24,136
S0172,C6D18,158
S0172,C6D18,158
S0172,C6D24,164
S0172,EOT,168
S0173,SCREENING,-7
S0173,SCREENING,-7
S0173,SCREENING,-7
S0173,SCREENING,-7
S0173,SCREENING,-7
S0173,SCREENING,-7
S0173,SCREENING,-7
S0173,C1D1,1
S0173,C1D1,1
S0173,C1D2,2
S0173,C1D25,25
S0173,C2D4,32
S0173,C2D23,51
S0173,C2D25,53
S0173,C3D6,62
S0173,C5D7,119
S0173,C5D28,140
S0173,C6D2,142
S0173,EOT,168
S0173,unscheduled,182
S0173,unscheduled,186
S0173,unscheduled,186
S0174,SCREENING,-7
S0174,SCREENING,-7
S0174,SCREENING,-7
S0174,SCREENING,-7
S0174,SCREENING,-7
S0174,SCREENING,-7
S0174,SCREENING,-7
S0174,C1D1,1
S0174,C1D1,1
S0174,C1D2,2
S0174,C1D17,17
S0174,C2D3,31
S0174,C2D5,33
S0174,C2D6,34
S0174,C2D6,34
S0174,C2D7,35
S0174,C2D8,36
S0174,C2D10,38
S0174,C3D3,59
S0174,C3D9,65
S0174,C3D14,70
S0174,unscheduled,73
S0174,EOT,73
S0174,C4D3,87
S0174,C4D7,91
S0174,C4D12,96
S0175,SCREENING,-7
S0175,SCREENING,-7
S0175,SCREENING,-7
S0175,SCREENING,-7
S0175,SCREENING,-7
S0175,SCREENING,-7
S0175,SCREENING,-7
S0175,C1D1,1
S0175,C1D1,1
S0175,C1D1,1
S0175,C1D1,1
S0175,C1D2,2
S0175,C2D12,40
S0175,C2D19,47
S0175,C2D26,54
S0175,C3D9,65
S0175,C3D24,80
S0175,C3D24,80
S0175,C3D28,84
S0175,C3D28,84
S0175,C4D11,95
S0175,C5D8,120
S0175,C5D10,122
S0175,C6D14,154
S0175,C6D14,154
S0175,C6D16,156
S0175,EOT,168
S0175,unscheduled,173
S0175,unscheduled,173
S0175,unscheduled,183
S0175,unscheduled,183
S0176,SCREENING,-7
S0176,SCREENING,-7
S0176,SCREENING,-7
S0176,SCREENING,-7
S0176,SCREENING,-7
S0176,SCREENING,-7
S0176,SCREENING,-7
S0176,C1D1,1
S0176,C1D1,1
S0176,C1D1,1
S0176,C1D2,2
S0176,C1D6,6
S0176,C1D21,21
S0176,C1D26,26
S0176,C1D26,26
S0176,C2D4,32
S0176,C2D18,46
S0176,C2D27,55
S0176,C3D14,70
S0176,C3D18,74
S0176,C3D20,76
S0176,C3D26,82
S0176,C3D26,82
S0176,C4D3,87
S0176,C4D3,87
S0176,C4D7,91
S0176,C4D19,103
S0176,C4D23,107
S0176,C5D19,131
S0176,C5D23,135
S0176,C5D23,135
S0176,C6D16,156
S0176,C6D20,160
S0176,EOT,168
S0176,unscheduled,171
S0176,unscheduled,174
S0176,unscheduled,176
S0176,unscheduled,188
S0177,SCREENING,-7
S0177,SCREENING,-7
S0177,SCREENING,-7
S0177,SCREENING,-7
S0177,SCREENING,-7
S0177,SCREENING,-7
S0177,SCREENING,-7
S0177,C1D1,1
S0177,C1D1,1
S0177,C1D1,1
S0177,C1D2,2
S0177,C1D2,2
S0177,C1D15,15
S0177,C2D11,39
S0177,C2D19,47
S0177,C2D25,53
S0177,C3D15,71
S0177,C3D18,74
S0177,C4D16,100
S0177,C4D17,101
S0177,C4D26,110
S0177,C5D26,138
S0177,C6D3,143
S0177,C6D4,144
S0177,C6D23,163
S0177,C6D25,165
S0177,C6D25,165
S0177,C6D27,167
S0177,EOT,168
S0177,unscheduled,193
S0177,unscheduled,196
S0177,unscheduled,196
S0178,SCREENING,-7
S0178,SCREENING,-7
S0178,SCREENING,-7
S0178,SCREENING,-7
S0178,SCREENING,-7
S0178,SCREENING,-7
S0178,SCREENING,-7
S0178,C1D1,1
S0178,C1D1,1
S0178,C1D2,2
S0178,C1D26,26
S0178,C2D28,56
S0178,C3D2,58
S0178,C3D8,64
S0178,C3D12,68
S0178,C3D13,69
S0178,C3D23,79
S0178,C3D23,79
S0178,C3D27,83
S0178,C3D27,83
S0178,C4D14,98
S0178,C4D19,103
S0178,C4D22,106
S0178,C4D24,108
S0178,C5D1,113
S0178,C5D4,116
S0178,C5D18,130
S0178,C5D27,139
S0178,C6D4,144
S0178,C6D5,145
S0178,C6D5,145
S0178,C6D10,150
S0178,C6D16,156
S0178,C6D18,158
S0178,EOT,168
S0178,unscheduled,185
S0178,unscheduled,189
S0179,SCREENING,-7
S0179,SCREENING,-7
S0179,SCREENING,-7
S0179,SCREENING,-7
S0179,SCREENING,-7
S0179,SCREENING,-7
S0179,SCREENING,-7
S0179,C1D1,1
S0179,C1D1,1
S0179,C1D1,1
S0179,C1D1,1
S0179,C1D2,2
S0179,C1D5,5
S0179,C1D11,11
S0179,C1D12,12
S0179,C1D17,17
S0179,C2D3,31
S0179,C2D15,43
S0179,C3D5,61
S0179,C3D9,65
S0179,C3D12,68
S0179,C3D13,69
S0179,C3D20,76
S0179,C3D27,83
S0179,C4D6,90
S0179,C4D6,90
S0179,C4D6,90
S0179,C4D8,92
S0179,C4D9,93
S0179,C4D18,102
S0179,C4D22,106
S0179,C4D28,112
S0179,C5D3,115
S0179,C5D13,125
S0179,C5D16,128
S0179,C5D17,129
S0179,C5D20,132
S0179,C6D1,141
S0179,C6D3,143
S0179,C6D15,155
S0179,C6D18,158
S0179,C6D27,167
S0179,EOT,168
S0179,unscheduled,171
S0179,unscheduled,182
S0179,unscheduled,182
S0179,unscheduled,187
S0179,unscheduled,190
S0179,unscheduled,196
S0179,unscheduled,196
S0180,SCREENING,-7
S0180,SCREENING,-7
S0180,SCREENING,-7
S0180,SCREENING,-7
S0180,SCREENING,-7
S0180,SCREENING,-7
S0180,SCREENING,-7
S0180,C1D1,1
S0180,C1D1,1
S0180,C1D2,2
S0180,C1D16,16
S0180,C1D18,18
S0180,C1D22,22
S0180,C1D25,25
S0180,C1D27,27
S0180,C2D2,30
S0180,C2D3,31
S0180,C2D10,38
S0180,C2D11,39
S0180,C2D13,41
S0180,C2D13,41
S0180,C2D14,42
S0180,C2D15,43
S0180,C2D20,48
S0180,C2D23,51
S0180,C2D26,54
S0180,C3D8,64
S0180,C3D12,68
S0180,C3D13,69
S0180,C3D18,74
S0180,C3D20,76
S0180,C3D21,77
S0180,C3D22,78
S0180,C3D28,84
S0180,C4D1,85
S0180,C4D2,86
S0180,C4D2,86
S0180,C4D2,86
S0180,C4D2,86
S0180,C4D5,89
S0180,C4D7,91
S0180,C4D20,104
S0180,C4D21,105
S0180,C4D21,105
S0180,C5D4,116
S0180,C5D6,118
S0180,C5D12,124
S0180,C5D14,126
S0180,C5D15,127
S0180,C5D19,131
S0180,C5D20,132
S0180,C5D20,132
S0180,C5D27,139
S0180,C6D4,144
S0180,C6D12,152
S0180,C6D16,156
S0180,C6D17,157
S0180,C6D20,160
S0180,EOT,168
S0180,unscheduled,170
S0180,unscheduled,172
S0180,unscheduled,173
S0180,unscheduled,173
S0180,unscheduled,178
S0180,unscheduled,182
S0180,unscheduled,191
S0180,unscheduled,197
S0180,unscheduled,198
S0181,SCREENING,-7
S0181,SCREENING,-7
S0181,SCREENING,-7
S0181,SCREENING,-7
S0181,SCREENING,-7
S0181,SCREENING,-7
S0181,SCREENING,-7
S0181,C1D1,1
S0181,C1D1,1
S0181,C1D2,2
S0181,C1D5,5
S0181,C1D7,7
S0181,C1D13,13
S0181,C1D20,20
S0181,C1D26,26
S0181,C2D16,44
S0181,C3D9,65
S0181,C3D22,78
S0181,C4D3,87
S0181,C4D5,89
S0181,C4D12,96
S0181,C4D16,100
S0181,C4D19,103
S0181,C5D1,113
S0181,C5D5,117
S0181,C5D7,119
S0181,C5D10,122
S0181,C5D10,122
S0181,C5D13,125
S0181,C5D19,131
S0181,C5D24,136
S0181,C6D4,144
S0181,C6D12,152
S0181,C6D17,157
S0181,C6D17,157
S0181,C6D24,164
S0181,C6D24,164
S0181,EOT,168
S0181,unscheduled,173
S0181,unscheduled,175
S0181,unscheduled,176
S0181,unscheduled,182
S0182,SCREENING,-7
S0182,SCREENING,-7
S0182,SCREENING,-7
S0182,SCREENING,-7
S0182,SCREENING,-7
S0182,SCREENING,-7
S0182,SCREENING,-7
S0182,C1D1,1
S0182,C1D1,1
S0182,C1D1,1
S0182,C1D2,2
S0182,C1D18,18
S0182,C2D9,37
S0182,C2D9,37
S0182,C2D23,51
S0182,C2D24,52
S0182,C3D13,69
S0182,C3D14,70
S0182,C3D22,78
S0182,C4D16,100
S0182,C5D3,115
S0182,C5D10,122
S0182,C5D20,132
S0182,C5D27,139
S0182,C6D2,142
S0182,C6D10,150
S0182,C6D19,159
S0182,C6D21,161
S0182,EOT,168
S0182,unscheduled,189
S0182,unscheduled,196
S0183,SCREENING,-7
S0183,SCREENING,-7
S0183,SCREENING,-7
S0183,SCREENING,-7
S0183,SCREENING,-7
S0183,SCREENING,-7
S0183,SCREENING,-7
S0183,C1D1,1
S0183,C1D1,1
S0183,C1D2,2
S0183,C1D11,11
S0183,C1D11,11
S0183,C1D20,20
S0183,C1D20,20
S0183,C1D20,20
S0183,C2D11,39
S0183,C2D24,52
S0183,C3D1,57
S0183,C3D1,57
S0183,C3D21,77
S0183,C3D21,77
S0183,C4D21,105
S0183,C5D3,115
S0183,C5D17,129
S0183,C5D20,132
S0183,C5D23,135
S0183,C6D1,141
S0183,C6D2,142
S0183,C6D21,161
S0183,C6D24,164
S0183,EOT,168
S0183,unscheduled,185
S0183,unscheduled,193
S0183,unscheduled,195
S0184,SCREENING,-7
S0184,SCREENING,-7
S0184,SCREENING,-7
S0184,SCREENING,-7
S0184,SCREENING,-7
S0184,SCREENING,-7
S0184,SCREENING,-7
S0184,C1D1,1
S0184,C1D1,1
S0184,C1D1,1
S0184,C1D2,2
S0184,C1D24,24
S0184,C2D18,46
S0184,C2D18,46
S0184,C2D27,55
S0184,C3D7,63
S0184,C4D3,87
S0184,C5D5,117
S0184,C5D11,123
S0184,C5D11,123
S0184,C5D16,128
S0184,C6D25,165
S0184,C6D25,165
S0184,EOT,168
S0184,unscheduled,169
S0184,unscheduled,171
S0184,unscheduled,173
S0184,unscheduled,174
S0184,unscheduled,181
S0184,unscheduled,185
S0184,unscheduled,187
S0185,SCREENING,-7
S0185,SCREENING,-7
S0185,SCREENING,-7
S0185,SCREENING,-7
S0185,SCREENING,-7
S0185,SCREENING,-7
S0185,SCREENING,-7
S0185,C1D1,1
S0185,C1D1,1
S0185,C1D1,1
S0185,C1D2,2
S0185,C1D18,18
S0185,C2D2,30
S0185,C3D4,60
S0185,C3D9,65
S0185,C3D14,70
S0185,C3D16,72
S0185,C3D23,79
S0185,C3D26,82
S0185,C4D28,112
S0185,C5D2,114
S0185,C6D1,141
S0185,C6D5,145
S0185,C6D12,152
S0185,C6D15,155
S0185,C6D15,155
S0185,EOT,168
S0185,unscheduled,171
S0185,unscheduled,172
S0185,unscheduled,178
S0185,unscheduled,192
S0185,unscheduled,195
S0186,SCREENING,-7
S0186,SCREENING,-7
S0186,SCREENING,-7
S0186,SCREENING,-7
S0186,SCREENING,-7
S0186,SCREENING,-7
S0186,SCREENING,-7
S0186,C1D1,1
S0186,C1D1,1
S0186,C1D2,2
S0186,C1D8,8
S0186,C1D12,12
S0186,C1D27,27
S0186,C2D19,47
S0186,C2D27,55
S0186,C3D4,60
S0186,C3D5,61
S0186,C3D15,71
S0186,C3D18,74
S0186,C3D22,78
S0186,C3D22,78
S0186,C4D2,86
S0186,C4D4,88
S0186,C4D14,98
S0186,C4D15,99
S0186,C4D18,102
S0186,C4D18,102
S0186,C4D20,104
S0186,C4D23,107
S0186,C5D9,121
S0186,C5D13,125
S0186,C5D14,126
S0186,C5D22,134
S0186,C6D2,142
S0186,C6D6,146
S0186,C6D10,150
S0186,C6D16,156
S0186,C6D17,157
S0186,EOT,168
S0186,unscheduled,171
S0186,unscheduled,184
S0186,unscheduled,185
S0186,unscheduled,192
S0187,SCREENING,-7
S0187,SCREENING,-7
S0187,SCREENING,-7
S0187,SCREENING,-7
S0187,SCREENING,-7
S0187,SCREENING,-7
S0187,SCREENING,-7
S0187,C1D1,1
S0187,C1D1,1
S0187,C1D2,2
S0187,C1D19,19
S0187,C1D27,27
S0187,C3D3,59
S0187,C3D13,69
S0187,C4D1,85
S0187,C4D26,110
S0187,C4D26,110
S0187,C5D28,140
S0187,C6D18,158
S0187,C6D22,162
S0187,C6D23,163
S0187,EOT,168
S0187,unscheduled,192
S0187,unscheduled,192
S0187,unscheduled,198
S0188,SCREENING,-7
S0188,SCREENING,-7
S0188,SCREENING,-7
S0188,SCREENING,-7
S0188,SCREENING,-7
S0188,SCREENING,-7
S0188,SCREENING,-7
S0188,C1D1,1
S0188,C1D1,1
S0188,C1D1,1
S0188,C1D2,2
S0188,C1D2,2
S0188,C1D2,2
S0188,C1D15,15
S0188,C1D23,23
S0188,C2D3,31
S0188,C2D19,47
S0188,C3D7,63
S0188,C3D12,68
S0188,C3D17,73
S0188,C3D28,84
S0188,C3D28,84
S0188,C4D4,88
S0188,C4D27,111
S0188,C5D3,115
S0188,C5D10,122
S0188,C5D12,124
S0188,C6D2,142
S0188,C6D4,144
S0188,C6D11,151
S0188,C6D20,160
S0188,C6D28,168
S0188,EOT,168
S0188,unscheduled,169
S0188,unscheduled,186
S0189,SCREENING,-7
S0189,SCREENING,-7
S0189,SCREENING,-7
S0189,SCREENING,-7
S0189,SCREENING,-7
S0189,SCREENING,-7
S0189,SCREENING,-7
S0189,C1D1,1
S0189,C1D1,1
S0189,C1D1,1
S0189,C1D2,2
S0189,C1D8,8
S0189,C2D3,31
S0189,C2D14,42
S0189,C3D21,77
S0189,C3D26,82
S0189,C4D23,107
S0189,C6D7,147
S0189,C6D7,147
S0189,C6D7,147
S0189,C6D7,147
S0189,EOT,168
S0189,unscheduled,183
S0189,unscheduled,183
S0189,unscheduled,187
S0189,unscheduled,187
S0189,unscheduled,189
S0190,SCREENING,-7
S0190,SCREENING,-7
S0190,SCREENING,-7
S0190,SCREENING,-7
S0190,SCREENING,-7
S0190,SCREENING,-7
S0190,SCREENING,-7
S0190,C1D1,1
S0190,C1D1,1
S0190,C1D2,2
S0190,C1D2,2
S0190,C1D21,21
S0190,C1D21,21
S0190,C2D1,29
S0190,C2D1,29
S0190,C2D8,36
S0190,C2D8,36
S0190,C2D24,52
S0190,C2D25,53
S0190,C2D26,54
S0190,C3D10,66
S0190,C3D12,68
S0190,C4D4,88
S0190,C4D17,101
S0190,C4D18,102
S0190,C5D3,115
S0190,C5D16,128
S0190,C5D27,139
S0190,C6D5,145
S0190,C6D21,161
S0190,C6D23,163
S0190,EOT,168
S0190,unscheduled,177
S0190,unscheduled,177
S0190,unscheduled,177
S0190,unscheduled,186
S0190,unscheduled,191
S0190,unscheduled,192
S0190,unscheduled,195
S0191,SCREENING,-7
S0191,SCREENING,-7
S0191,SCREENING,-7
S0191,SCREENING,-7
S0191,SCREENING,-7
S0191,SCREENING,-7
S0191,SCREENING,-7
S0191,C1D1,1
S0191,C1D1,1
S0191,C1D2,2
S0191,C1D19,19
S0191,C3D22,78
S0191,C3D23,79
S0191,C4D9,93
S0191,C4D9,93
S0191,C4D16,100
S0191,C5D8,120
S0191,C5D10,122
S0191,C5D17,129
S0191,C5D17,129
S0191,C6D12,152
S0191,C6D28,168
S0191,EOT,168
S0191,unscheduled,183
S0191,unscheduled,187
S0191,unscheduled,187
S0191,unscheduled,190
S0192,SCREENING,-7
S0192,SCREENING,-7
S0192,SCREENING,-7
S0192,SCREENING,-7
S0192,SCREENING,-7
S0192,SCREENING,-7
S0192,SCREENING,-7
S0192,C1D1,1
S0192,C1D1,1
S0192,C1D2,2
S0192,C1D10,10
S0192,C3D1,57
S0192,C3D17,73
S0192,C3D20,76
S0192,C4D7,91
S0192,C4D14,98
S0192,C4D17,101
S0192,C4D18,102
S0192,C4D25,109
S0192,C4D28,112
S0192,C5D17,129
S0192,C6D2,142
S0192,C6D3,143
S0192,C6D23,163
S0192,C6D24,164
S0192,C6D24,164
S0192,C6D25,165
S0192,EOT,168
S0192,unscheduled,180
S0192,unscheduled,180
S0192,unscheduled,188
S0192,unscheduled,188
S0192,unscheduled,193
S0192,unscheduled,198
S0193,SCREENING,-7
S0193,SCREENING,-7
S0193,SCREENING,-7
S0193,SCREENING,-7
S0193,SCREENING,-7
S0193,SCREENING,-7
S0193,SCREENING,-7
S0193,C1D1,1
S0193,C1D1,1
S0193,C1D1,1
S0193,C1D2,2
S0193,C1D12,12
S0193,C1D13,13
S0193,C1D15,15
S0193,C1D20,20
S0193,C1D20,20
S0193,C1D20,20
S0193,C3D15,71
S0193,C3D16,72
S0193,C3D20,76
S0193,C3D22,78
S0193,C3D26,82
S0193,C3D27,83
S0193,C4D13,97
S0193,C4D19,103
S0193,C5D1,113
S0193,C5D15,127
S0193,C5D16,128
S0193,C6D7,147
S0193,C6D12,152
S0193,EOT,168
S0193,unscheduled,176
S0193,unscheduled,176
S0193,unscheduled,177
S0194,SCREENING,-7
S0194,SCREENING,-7
S0194,SCREENING,-7
S0194,SCREENING,-7
S0194,SCREENING,-7
S0194,SCREENING,-7
S0194,SCREENING,-7
S0194,C1D1,1
S0194,C1D1,1
S0194,C1D2,2
S0194,C2D7,35
S0194,C2D11,39
S0194,C2D13,41
S0194,C2D17,45
S0194,C2D19,47
S0194,C3D27,83
S0194,C4D1,85
S0194,C4D6,90
S0194,C4D20,104
S0194,C4D24,108
S0194,C4D26,110
S0194,C5D1,113
S0194,C5D2,114
S0194,C5D24,136
S0194,C6D1,141
S0194,C6D7,147
S0194,C6D13,153
S0194,unscheduled,160
S0194,EOT,160
S0194,unscheduled,170
S0194,unscheduled,185
S0194,unscheduled,190
S0195,SCREENING,-7
S0195,SCREENING,-7
S0195,SCREENING,-7
S0195,SCREENING,-7
S0195,SCREENING,-7
S0195,SCREENING,-7
S0195,SCREENING,-7
S0195,C1D1,1
S0195,C1D1,1
S0195,C1D2,2
S0195,C1D2,2
S0195,C1D25,25
S0195,C2D9,37
S0195,C2D10,38
S0195,C2D22,50
S0195,C2D26,54
S0195,C2D28,56
S0195,C3D6,62
S0195,C3D6,62
S0195,C3D25,81
S0195,C4D1,85
S0195,C4D4,88
S0195,C4D5,89
S0195,C4D5,89
S0195,C4D24,108
S0195,C4D24,108
S0195,C5D3,115
S0195,C5D12,124
S0195,C5D21,133
S0195,C5D21,133
S0195,C6D3,143
S0195,C6D14,154
S0195,EOT,168
S0195,unscheduled,183
S0195,unscheduled,186
S0195,unscheduled,195
S0195,follow-up,443
S0196,SCREENING,-7
S0196,SCREENING,-7
S0196,SCREENING,-7
S0196,SCREENING,-7
S0196,SCREENING,-7
S0196,SCREENING,-7
S0196,SCREENING,-7
S0196,C1D1,1
S0196,C1D1,1
S0196,C1D1,1
S0196,C1D2,2
S0196,C1D4,4
S0196,C1D8,8
S0196,C1D10,10
S0196,C1D11,11
S0196,C1D27,27
S0196,C1D27,27
S0196,C2D1,29
S0196,C2D9,37
S0196,C2D19,47
S0196,C2D19,47
S0196,C2D21,49
S0196,EOT,58
S0196,C3D8,64
S0196,C3D21,77
S0196,C3D23,79
S0196,C3D26,82
S0196,C4D1,85
S0197,SCREENING,-7
S0197,SCREENING,-7
S0197,SCREENING,-7
S0197,SCREENING,-7
S0197,SCREENING,-7
S0197,SCREENING,-7
S0197,SCREENING,-7
S0197,C1D1,1
S0197,C1D1,1
S0197,C1D1,1
S0197,C1D2,2
S0197,C1D14,14
S0197,C1D20,20
S0197,C3D5,61
S0197,C4D10,94
S0197,C4D20,104
S0197,C4D28,112
S0197,C5D13,125
S0197,C5D27,139
S0197,C6D5,145
S0197,EOT,168
S0197,unscheduled,179
S0197,unscheduled,196
S0198,SCREENING,-7
S0198,SCREENING,-7
S0198,SCREENING,-7
S0198,SCREENING,-7
S0198,SCREENING,-7
S0198,SCREENING,-7
S0198,SCREENING,-7
S0198,C1D1,1
S0198,C1D1,1
S0198,C1D1,1
S0198,C1D1,1
S0198,C1D2,2
S0198,C1D4,4
S0198,C2D3,31
S0198,C2D4,32
S0198,C2D8,36
S0198,C2D8,36
S0198,C3D3,59
S0198,C3D3,59
S0198,C3D11,67
S0198,C3D11,67
S0198,C4D5,89
S0198,C4D13,97
S0198,C4D15,99
S0198,C4D19,103
S0198,C5D11,123
S0198,unscheduled,152
S0198,EOT,152
S0198,C6D20,160
S0198,C6D20,160
S0198,C6D27,167
S0199,SCREENING,-7
S0199,SCREENING,-7
S0199,SCREENING,-7
S0199,SCREENING,-7
S0199,SCREENING,-7
S0199,SCREENING,-7
S0199,SCREENING,-7
S0199,C1D1,1
S0199,C1D1,1
S0199,C1D1,1
S0199,C1D2,2
S0199,C1D2,2
S0199,C1D7,7
S0199,C1D9,9
S0199,C1D11,11
S0199,C1D13,13
S0199,C1D14,14
S0199,C1D16,16
S0199,EOT,30
S0199,C2D8,36
S0199,C2D15,43
S0199,C2D19,47
S0199,C2D20,48
S0199,C2D21,49
S0199,C2D21,49
S0199,C3D2,58
S0200,SCREENING,-7
S0200,SCREENING,-7
S0200,SCREENING,-7
S0200,SCREENING,-7
S0200,SCREENING,-7
S0200,SCREENING,-7
S0200,SCREENING,-7
S0200,C1D1,1
S0200,C1D1,1
S0200,C1D1,1
S0200,C1D2,2
S0200,C1D3,3
S0200,C1D6,6
S0200,C1D15,15
S0200,C1D19,19
S0200,C1D21,21
S0200,C1D24,24
S0200,C1D24,24
S0200,C1D26,26
S0200,C1D27,27
S0200,C2D12,40
S0200,C2D12,40
S0200,C2D18,46
S0200,C2D21,49
S0200,C2D23,51
S0200,C2D25,53
S0200,C2D28,56
S0200,C2D28,56
S0200,C3D1,57
S0200,C3D20,76
S0200,C3D24,80
S0200,C4D1,85
S0200,C4D8,92
S0200,C4D9,93
S0200,C4D9,93
S0200,C4D9,93
S0200,C4D16,100
S0200,C5D7,119
S0200,C5D9,121
S0200,C5D21,133
S0200,C5D22,134
S0200,C5D22,134
S0200,C5D25,137
S0200,C5D25,137
S0200,C5D27,139
S0200,C6D3,143
S0200,C6D7,147
S0200,C6D14,154
S0200,C6D16,156
S0200,EOT,168
S0200,unscheduled,179
S0200,unscheduled,183
S0200,unscheduled,190
S0200,unscheduled,192
S0200,unscheduled,195
S0201,SCREENING,-7
S0201,SCREENING,-7
S0201,SCREENING,-7
S0201,SCREENING,-7
S0201,SCREENING,-7
S0201,SCREENING,-7
S0201,SCREENING,-7
S0201,C1D1,1
S0201,C1D1,1
S0201,C1D2,2
S0201,C1D3,3
S0201,C1D3,3
S0201,C2D12,40
S0201,C2D14,42
S0201,C3D1,57
S0201,C3D9,65
S0201,C3D20,76
S0201,C3D21,77
S0201,C3D21,77
S0201,C3D25,81
S0201,C4D5,89
S0201,C4D16,100
S0201,C4D17,101
S0201,C4D17,101
S0201,C4D24,108
S0201,C4D24,108
S0201,C6D1,141
S0201,C6D1,141
S0201,C6D14,154
S0201,C6D24,164
S0201,EOT,168
S0201,unscheduled,170
S0201,unscheduled,190
S0201,unscheduled,190
S0202,SCREENING,-7
S0202,SCREENING,-7
S0202,SCREENING,-7
S0202,SCREENING,-7
S0202,SCREENING,-7
S0202,SCREENING,-7
S0202,SCREENING,-7
S0202,C1D1,1
S0202,C1D1,1
S0202,C1D1,1
S0202,C1D2,2
S0202,C1D2,2
S0202,C1D7,7
S0202,C2D3,31
S0202,C2D8,36
S0202,C4D6,90
S0202,C4D10,94
S0202,C4D15,99
S0202,C4D18,102
S0202,C4D21,105
S0202,C5D2,114
S0202,C6D11,151
S0202,C6D11,151
S0202,EOT,168
S0202,unscheduled,187
S0202,unscheduled,198
S0203,SCREENING,-7
S0203,SCREENING,-7
S0203,SCREENING,-7
S0203,SCREENING,-7
S0203,SCREENING,-7
S0203,SCREENING,-7
S0203,SCREENING,-7
S0203,C1D1,1
S0203,C1D1,1
S0203,C1D1,1
S0203,C1D2,2
S0203,C1D19,19
S0203,C2D6,34
S0203,C2D6,34
S0203,C2D8,36
S0203,C2D19,47
S0203,C3D12,68
S0203,C4D2,86
S0203,C4D5,89
S0203,C4D6,90
S0203,C4D10,94
S0203,C4D17,101
S0203,C4D26,110
S0203,C4D26,110
S0203,C5D2,114
S0203,C5D5,117
S0203,C5D7,119
S0203,C5D7,119
S0203,C5D8,120
S0203,C5D17,129
S0203,C6D2,142
S0203,C6D7,147
S0203,C6D19,159
S0203,C6D20,160
S0203,C6D20,160
S0203,C6D21,161
S0203,EOT,168
S0203,unscheduled,191
S0203,unscheduled,191
S0203,follow-up,315
S0204,SCREENING,-7
S0204,SCREENING,-7
S0204,SCREENING,-7
S0204,SCREENING,-7
S0204,SCREENING,-7
S0204,SCREENING,-7
S0204,SCREENING,-7
S0204,C1D1,1
S0204,C1D1,1
S0204,C1D2,2
S0204,C1D9,9
S0204,C1D23,23
S0204,C2D19,47
S0204,C2D19,47
S0204,C2D24,52
S0204,C3D15,71
S0204,C4D3,87
S0204,C4D4,88
S0204,C4D11,95
S0204,C4D17,101
S0204,C4D23,107
S0204,C5D8,120
S0204,C5D13,125
S0204,C5D13,125
S0204,C6D18,158
S0204,C6D25,165
S0204,EOT,168
S0204,unscheduled,171
S0204,unscheduled,184
S0205,SCREENING,-7
S0205,SCREENING,-7
S0205,SCREENING,-7
S0205,SCREENING,-7
S0205,SCREENING,-7
S0205,SCREENING,-7
S0205,SCREENING,-7
S0205,C1D1,1
S0205,C1D1,1
S0205,C1D1,1
S0205,C1D1,1
S0205,C1D1,1
S0205,C1D2,2
S0205,C1D11,11
S0205,C1D11,11
S0205,C1D12,12
S0205,C1D14,14
S0205,C1D18,18
S0205,C1D19,19
S0205,C1D21,21
S0205,C1D24,24
S0205,C1D24,24
S0205,unscheduled,24
S0205,EOT,24
S0205,C2D1,29
S0205,C2D4,32
S0205,C2D8,36
S0205,C2D8,36
S0205,C2D15,43
S0205,C2D24,52
S0206,SCREENING,-7
S0206,SCREENING,-7
S0206,SCREENING,-7
S0206,SCREENING,-7
S0206,SCREENING,-7
S0206,SCREENING,-7
S0206,SCREENING,-7
S0206,C1D1,1
S0206,C1D1,1
S0206,C1D1,1
S0206,C1D2,2
S0206,C1D13,13
S0206,C1D17,17
S0206,C2D3,31
S0206,C2D9,37
S0206,C2D15,43
S0206,C3D24,80
S0206,C4D4,88
S0206,C4D22,106
S0206,C4D22,106
S0206,C4D23,107
S0206,C5D9,121
S0206,C5D10,122
S0206,C5D11,123
S0206,C5D22,134
S0206,C6D3,143
S0206,C6D12,152
S0206,C6D13,153
S0206,C6D15,155
S0206,C6D20,160
S0206,C6D20,160
S0206,EOT,168
S0206,unscheduled,179
S0206,unscheduled,179
S0206,unscheduled,193
S0206,unscheduled,198
S0207,SCREENING,-7
S0207,SCREENING,-7
S0207,SCREENING,-7
S0207,SCREENING,-7
S0207,SCREENING,-7
S0207,SCREENING,-7
S0207,SCREENING,-7
S0207,C1D1,1
S0207,C1D1,1
S0207,C1D1,1
S0207,C1D2,2
S0207,C1D2,2
S0207,C1D3,3
S0207,C1D4,4
S0207,C1D9,9
S0207,C1D13,13
S0207,C1D13,13
S0207,C1D15,15
S0207,EOT,17
S0207,C1D23,23
S0207,C1D28,28
S0207,C1D28,28
S0207,C2D3,31
S0207,C2D5,33
S0207,C2D9,37
S0207,C2D9,37
S0207,C2D11,39
S0207,C2D11,39
S0207,C2D15,43
S0207,C2D15,43
S0207,C2D15,43
S0207,C2D16,44
S0207,C2D17,45
S0207,C2D17,45
S0207,C2D19,47
S0208,SCREENING,-7
S0208,SCREENING,-7
S0208,SCREENING,-7
S0208,SCREENING,-7
S0208,SCREENING,-7
S0208,SCREENING,-7
S0208,SCREENING,-7
S0208,C1D1,1
S0208,C1D1,1
S0208,C1D2,2
S0208,C1D2,2
S0208,C1D16,16
S0208,C1D17,17
S0208,C2D7,35
S0208,C2D12,40
S0208,C2D16,44
S0208,C2D27,55
S0208,C3D6,62
S0208,C3D8,64
S0208,C3D18,74
S0208,C4D1,85
S0208,C4D4,88
S0208,C4D5,89
S0208,C4D12,96
S0208,C4D16,100
S0208,C4D16,100
S0208,C4D16,100
S0208,C4D25,109
S0208,C5D5,117
S0208,C5D6,118
S0208,C5D11,123
S0208,C5D28,140
S0208,C6D12,152
S0208,C6D19,159
S0208,EOT,168
S0208,unscheduled,177
S0209,SCREENING,-7
S0209,SCREENING,-7
S0209,SCREENING,-7
S0209,SCREENING,-7
S0209,SCREENING,-7
S0209,SCREENING,-7
S0209,SCREENING,-7
S0209,C1D1,1
S0209,C1D1,1
S0209,C1D2,2
S0209,C1D2,2
S0209,C1D5,5
S0209,C1D7,7
S0209,C1D11,11
S0209,C1D12,12
S0209,C1D14,14
S0209,C2D3,31
S0209,C2D4,32
S0209,C2D7,35
S0209,C2D10,38
S0209,C2D16,44
S0209,C2D17,45
S0209,C2D18,46
S0209,C2D23,51
S0209,C2D23,51
S0209,C2D23,51
S0209,C2D26,54
S0209,C3D2,58
S0209,C3D3,59
S0209,C3D3,59
S0209,C3D5,61
S0209,C3D6,62
S0209,C3D6,62
S0209,C3D7,63
S0209,C3D11,67
S0209,C3D12,68
S0209,C3D14,70
S0209,C3D14,70
S0209,C3D14,70
S0209,C3D17,73
S0209,C3D20,76
S0209,C3D24,80
S0209,C3D24,80
S0209,C3D26,82
S0209,C4D2,86
S0209,C4D2,86
S0209,C4D5,89
S0209,C4D23,107
S0209,C5D1,113
S0209,C5D1,113
S0209,C5D3,115
S0209,C5D7,119
S0209,C5D15,127
S0209,C5D15,127
S0209,C5D15,127
S0209,C5D17,129
S0209,C5D18,130
S0209,C5D24,136
S0209,C6D5,145
S0209,C6D9,149
S0209,C6D12,152
S0209,C6D14,154
S0209,C6D18,158
S0209,C6D19,159
S0209,C6D19,159
S0209,C6D19,159
S0209,C6D21,161
S0209,C6D22,162
S0209,C6D23,163
S0209,C6D24,164
S0209,C6D24,164
S0209,C6D25,165
S0209,C6D25,165
S0209,EOT,168
S0209,unscheduled,173
S0209,unscheduled,173
S0209,unscheduled,177
S0209,unscheduled,178
S0209,unscheduled,179
S0209,unscheduled,182
S0209,unscheduled,188
S0209,unscheduled,192
S0209,unscheduled,192
S0209,unscheduled,193
S0209,unscheduled,194
S0209,unscheduled,194
S0209,unscheduled,195
S0209,unscheduled,198
S0210,SCREENING,-7
S0210,SCREENING,-7
S0210,SCREENING,-7
S0210,SCREENING,-7
S0210,SCREENING,-7
S0210,SCREENING,-7
S0210,SCREENING,-7
S0210,C1D1,1
S0210,C1D1,1
S0210,C1D1,1
S0210,C1D2,2
S0210,C1D10,10
S0210,C1D15,15
S0210,C1D16,16
S0210,C1D25,25
S0210,C1D26,26
S0210,C3D13,69
S0210,C3D20,76
S0210,C3D24,80
S0210,C4D3,87
S0210,C4D4,88
S0210,C4D5,89
S0210,C4D27,111
S0210,C5D3,115
S0210,C5D6,118
S0210,C5D9,121
S0210,C5D13,125
S0210,C5D25,137
S0210,C5D25,137
S0210,C5D28,140
S0210,C6D14,154
S0210,C6D14,154
S0210,C6D15,155
S0210,EOT,168
S0210,unscheduled,171
S0210,unscheduled,175
S0210,unscheduled,176
S0210,unscheduled,181
S0210,unscheduled,188
S0211,SCREENING,-7
S0211,SCREENING,-7
S0211,SCREENING,-7
S0211,SCREENING,-7
S0211,SCREENING,-7
S0211,SCREENING,-7
S0211,SCREENING,-7
S0211,C1D1,1
S0211,C1D1,1
S0211,C1D1,1
S0211,C1D2,2
S0211,C2D6,34
S0211,C2D7,35
S0211,C2D9,37
S0211,C2D21,49
S0211,C3D8,64
S0211,C3D15,71
S0211,C3D15,71
S0211,C3D20,76
S0211,C4D17,101
S0211,C4D23,107
S0211,C4D25,109
S0211,C5D18,130
S0211,C5D19,131
S0211,C6D2,142
S0211,C6D2,142
S0211,C6D15,155
S0211,EOT,168
S0211,unscheduled,178
S0211,unscheduled,178
S0211,unscheduled,182
S0211,unscheduled,197
S0211,unscheduled,197
S0212,SCREENING,-7
S0212,SCREENING,-7
S0212,SCREENING,-7
S0212,SCREENING,-7
S0212,SCREENING,-7
S0212,SCREENING,-7
S0212,SCREENING,-7
S0212,C1D1,1
S0212,C1D1,1
S0212,C1D2,2
S0212,C1D12,12
S0212,C1D14,14
S0212,C1D15,15
S0212,C1D16,16
S0212,C2D23,51
S0212,C2D23,51
S0212,C3D25,81
S0212,C3D26,82
S0212,C4D2,86
S0212,C4D7,91
S0212,C5D14,126
S0212,C6D6,146
S0212,C6D9,149
S0212,C6D20,160
S0212,EOT,168
S0212,unscheduled,175
S0212,unscheduled,179
S0212,unscheduled,180
S0212,unscheduled,182
S0212,unscheduled,182
S0212,unscheduled,189
S0213,SCREENING,-7
S0213,SCREENING,-7
S0213,SCREENING,-7
S0213,SCREENING,-7
S0213,SCREENING,-7
S0213,SCREENING,-7
S0213,SCREENING,-7
S0213,C1D1,1
S0213,C1D1,1
S0213,C1D2,2
S0213,C1D8,8
S0213,C1D17,17
S0213,C1D26,26
S0213,C2D2,30
S0213,C3D1,57
S0213,C3D12,68
S0213,C3D15,71
S0213,C3D18,74
S0213,C3D25,81
S0213,C3D27,83
S0213,C6D7,147
S0213,C6D7,147
S0213,C6D12,152
S0213,C6D15,155
S0213,C6D19,159
S0213,C6D19,159
S0213,C6D20,160
S0213,C6D22,162
S0213,C6D24,164
S0213,C6D27,167
S0213,EOT,168
S0213,unscheduled,185
S0214,SCREENING,-7
S0214,SCREENING,-7
S0214,SCREENING,-7
S0214,SCREENING,-7
S0214,SCREENING,-7
S0214,SCREENING,-7
S0214,SCREENING,-7
S0214,C1D1,1
S0214,C1D1,1
S0214,C1D1,1
S0214,C1D2,2
S0214,C1D4,4
S0214,C1D7,7
S0214,C1D18,18
S0214,C1D24,24
S0214,C1D26,26
S0214,C2D21,49
S0214,C3D13,69
S0214,C3D17,73
S0214,C3D19,75
S0214,C3D20,76
S0214,C4D1,85
S0214,C4D5,89
S0214,C4D5,89
S0214,C4D11,95
S0214,C4D14,98
S0214,C4D22,106
S0214,C5D4,116
S0214,C5D8,120
S0214,EOT,120
S0214,C5D21,133
S0214,C6D6,146
S0215,SCREENING,-7
S0215,SCREENING,-7
S0215,SCREENING,-7
S0215,SCREENING,-7
S0215,SCREENING,-7
S0215,SCREENING,-7
S0215,SCREENING,-7
S0215,C1D1,1
S0215,C1D1,1
S0215,C1D1,1
S0215,C1D2,2
S0215,C2D10,38
S0215,C2D12,40
S0215,C2D13,41
S0215,C2D15,43
S0215,C2D15,43
S0215,C2D17,45
S0215,C3D16,72
S0215,C4D19,103
S0215,C4D25,109
S0215,C5D8,120
S0215,C5D9,121
S0215,C5D12,124
S0215,C5D12,124
S0215,unscheduled,138
S0215,EOT,138
S0215,C5D28,140
S0215,C6D3,143
S0215,C6D10,150
S0215,C6D11,151
S0215,C6D14,154
S0215,C6D23,163
S0216,SCREENING,-7
S0216,SCREENING,-7
S0216,SCREENING,-7
S0216,SCREENING,-7
S0216,SCREENING,-7
S0216,SCREENING,-7
S0216,SCREENING,-7
S0216,C1D1,1
S0216,C1D1,1
S0216,C1D1,1
S0216,C1D2,2
S0216,C1D3,3
S0216,C1D4,4
S0216,C1D17,17
S0216,C2D16,44
S0216,C2D26,54
S0216,C3D1,57
S0216,unscheduled,104
S0216,EOT,104
S0216,C4D23,107
S0216,C4D24,108
S0216,C4D28,112
S0216,C5D6,118
S0216,C5D13,125
S0216,C5D22,134
S0217,SCREENING,-7
S0217,SCREENING,-7
S0217,SCREENING,-7
S0217,SCREENING,-7
S0217,SCREENING,-7
S0217,SCREENING,-7
S0217,SCREENING,-7
S0217,C1D1,1
S0217,C1D1,1
S0217,C1D1,1
S0217,C1D2,2
S0217,C1D4,4
S0217,C1D9,9
S0217,C1D17,17
S0217,C1D17,17
S0217,C1D19,19
S0217,C1D22,22
S0217,C1D23,23
S0217,C1D23,23
S0217,C2D1,29
S0217,C2D15,43
S0217,C2D27,55
S0217,C3D1,57
S0217,C3D3,59
S0217,C3D8,64
S0217,C3D10,66
S0217,C3D16,72
S0217,C3D16,72
S0217,C4D1,85
S0217,C4D1,85
S0217,C4D16,100
S0217,C4D16,100
S0217,C5D4,116
S0217,C5D6,118
S0217,C6D1,141
S0217,C6D1,141
S0217,unscheduled,144
S0217,EOT,144
S0217,C6D17,157
S0217,unscheduled,171
S0217,unscheduled,173
S0218,SCREENING,-7
S0218,SCREENING,-7
S0218,SCREENING,-7
S0218,SCREENING,-7
S0218,SCREENING,-7
S0218,SCREENING,-7
S0218,SCREENING,-7
S0218,C1D1,1
S0218,C1D1,1
S0218,C1D1,1
S0218,C1D2,2
S0218,C1D5,5
S0218,C1D6,6
S0218,C1D7,7
S0218,C1D7,7
S0218,C1D9,9
S0218,C1D10,10
S0218,C1D12,12
S0218,C1D14,14
S0218,C1D15,15
S0218,C1D15,15
S0218,C1D22,22
S0218,C1D25,25
S0218,C1D27,27
S0218,C2D1,29
S0218,C2D9,37
S0218,EOT,39
S0218,C2D12,40
S0218,C2D12,40
S0218,C2D13,41
S0218,C2D18,46
S0218,C2D20,48
S0218,C3D1,57
S0219,SCREENING,-7
S0219,SCREENING,-7
S0219,SCREENING,-7
S0219,SCREENING,-7
S0219,SCREENING,-7
S0219,SCREENING,-7
S0219,SCREENING,-7
S0219,C1D1,1
S0219,C1D1,1
S0219,C1D2,2
S0219,C1D4,4
S0219,C3D23,79
S0219,C4D6,90
S0219,C4D9,93
S0219,C5D18,130
S0219,C5D21,133
S0219,C6D17,157
S0219,EOT,168
S0220,SCREENING,-7
S0220,SCREENING,-7
S0220,SCREENING,-7
S0220,SCREENING,-7
S0220,SCREENING,-7
S0220,SCREENING,-7
S0220,SCREENING,-7
S0220,C1D1,1
S0220,C1D1,1
S0220,C1D1,1
S0220,C1D2,2
S0220,C1D19,19
S0220,C2D27,55
S0220,C3D10,66
S0220,C3D16,72
S0220,C3D20,76
S0220,C4D20,104
S0220,C4D28,112
S0220,C5D3,115
S0220,C6D10,150
S0220,EOT,168
S0220,unscheduled,184
S0220,unscheduled,190
S0220,unscheduled,192
S0221,SCREENING,-7
S0221,SCREENING,-7
S0221,SCREENING,-7
S0221,SCREENING,-7
S0221,SCREENING,-7
S0221,SCREENING,-7
S0221,SCREENING,-7
S0221,C1D1,1
S0221,C1D1,1
S0221,C1D1,1
S0221,C1D1,1
S0221,C1D2,2
S0221,C1D3,3
S0221,C1D6,6
S0221,C1D6,6
S0221,C1D10,10
S0221,C1D13,13
S0221,C1D13,13
S0221,C1D13,13
S0221,unscheduled,13
S0221,EOT,13
S0221,C1D14,14
S0221,C1D15,15
S0221,C1D15,15
S0221,C1D16,16
S0221,C1D23,23
S0221,C1D23,23
S0221,C1D23,23
S0221,C1D24,24
S0221,C1D25,25
S0221,C1D26,26
S0221,C1D26,26
S0221,C2D1,29
S0221,C2D3,31
S0221,C2D9,37
S0221,C2D9,37
S0221,C2D9,37
S0221,C2D10,38
S0221,C2D12,40
S0221,C2D15,43
S0222,SCREENING,-7
S0222,SCREENING,-7
S0222,SCREENING,-7
S0222,SCREENING,-7
S0222,SCREENING,-7
S0222,SCREENING,-7
S0222,SCREENING,-7
S0222,C1D1,1
S0222,C1D1,1
S0222,C1D2,2
S0222,C1D4,4
S0222,C1D5,5
S0222,C1D15,15
S0222,C1D17,17
S0222,C1D17,17
S0222,C2D5,33
S0222,EOT,34
S0222,C2D7,35
S0222,C2D8,36
S0222,C2D8,36
S0222,C2D14,42
S0222,C2D16,44
S0222,C2D16,44
S0222,C2D25,53
S0222,C2D25,53
S0222,C2D25,53
S0222,C2D26,54
S0222,C2D27,55
S0222,C3D3,59
S0222,C3D3,59
S0222,C3D8,64
S0223,SCREENING,-7
S0223,SCREENING,-7
S0223,SCREENING,-7
S0223,SCREENING,-7
S0223,SCREENING,-7
S0223,SCREENING,-7
S0223,SCREENING,-7
S0223,C1D1,1
S0223,C1D1,1
S0223,C1D2,2
S0223,C1D3,3
S0223,C1D3,3
S0223,C1D27,27
S0223,C2D18,46
S0223,C2D21,49
S0223,C3D5,61
S0223,C3D17,73
S0223,C3D17,73
S0223,C4D9,93
S0223,C4D13,97
S0223,C4D25,109
S0223,C5D1,113
S0223,C5D22,134
S0223,C6D5,145
S0223,C6D5,145
S0223,C6D24,164
S0223,C6D28,168
S0223,EOT,168
S0223,unscheduled,198
S0223,unscheduled,198
S0224,SCREENING,-7
S0224,SCREENING,-7
S0224,SCREENING,-7
S0224,SCREENING,-7
S0224,SCREENING,-7
S0224,SCREENING,-7
S0224,SCREENING,-7
S0224,C1D1,1
S0224,C1D1,1
S0224,C1D2,2
S0224,C1D2,2
S0224,C1D7,7
S0224,C1D20,20
S0224,C2D9,37
S0224,C2D25,53
S0224,C3D8,64
S0224,C4D19,103
S0224,C5D15,127
S0224,C6D1,141
S0224,C6D21,161
S0224,C6D22,162
S0224,EOT,168
S0224,unscheduled,175
S0225,SCREENING,-7
S0225,SCREENING,-7
S0225,SCREENING,-7
S0225,SCREENING,-7
S0225,SCREENING,-7
S0225,SCREENING,-7
S0225,SCREENING,-7
S0225,C1D1,1
S0225,C1D1,1
S0225,C1D2,2
S0225,C1D27,27
S0225,C2D17,45
S0225,C2D20,48
S0225,C2D24,52
S0225,C2D26,54
S0225,C3D3,59
S0225,C3D17,73
S0225,C4D6,90
S0225,C4D11,95
S0225,C4D11,95
S0225,C5D4,116
S0225,C5D21,133
S0225,C6D16,156
S0225,C6D16,156
S0225,C6D28,168
S0225,C6D28,168
S0225,EOT,168
S0225,unscheduled,198
S0226,SCREENING,-7
S0226,SCREENING,-7
S0226,SCREENING,-7
S0226,SCREENING,-7
S0226,SCREENING,-7
S0226,SCREENING,-7
S0226,SCREENING,-7
S0226,C1D1,1
S0226,C1D1,1
S0226,C1D2,2
S0226,C1D2,2
S0226,C1D4,4
S0226,C1D14,14
S0226,C1D22,22
S0226,C1D22,22
S0226,C1D25,25
S0226,C2D5,33
S0226,C2D7,35
S0226,C2D10,38
S0226,C2D23,51
S0226,C3D9,65
S0226,C3D10,66
S0226,C3D10,66
S0226,C3D28,84
S0226,C4D10,94
S0226,C5D9,121
S0226,C5D9,121
S0226,C5D11,123
S0226,C6D14,154
S0226,EOT,168
S0226,unscheduled,171
S0226,unscheduled,186
S0226,unscheduled,192
S0227,SCREENING,-7
S0227,SCREENING,-7
S0227,SCREENING,-7
S0227,SCREENING,-7
S0227,SCREENING,-7
S0227,SCREENING,-7
S0227,SCREENING,-7
S0227,C1D1,1
S0227,C1D1,1
S0227,C1D2,2
S0227,C2D18,46
S0227,C3D1,57
S0227,C3D1,57
S0227,C3D1,57
S0227,C3D5,61
S0227,C3D18,74
S0227,C3D18,74
S0227,C4D5,89
S0227,C4D15,99
S0227,C4D26,110
S0227,C5D4,116
S0227,C5D4,116
S0227,C5D14,126
S0227,C5D20,132
S0227,C5D20,132
S0227,C6D10,150
S0227,C6D10,150
S0227,C6D23,163
S0227,EOT,168
S0227,unscheduled,173
S0227,unscheduled,174
S0227,unscheduled,185
S0228,SCREENING,-7
S0228,SCREENING,-7
S0228,SCREENING,-7
S0228,SCREENING,-7
S0228,SCREENING,-7
S0228,SCREENING,-7
S0228,SCREENING,-7
S0228,C1D1,1
S0228,C1D1,1
S0228,C1D1,1
S0228,C1D2,2
S0228,C1D6,6
S0228,C1D8,8
S0228,C1D12,12
S0228,C1D21,21
S0228,C1D23,23
S0228,C1D27,27
S0228,C2D1,29
S0228,C2D5,33
S0228,C2D5,33
S0228,C2D7,35
S0228,C2D7,35
S0228,C2D13,41
S0228,C2D17,45
S0228,unscheduled,48
S0228,EOT,48
S0228,C2D26,54
S0228,C2D26,54
S0228,C2D26,54
S0228,C3D1,57
S0228,C3D4,60
S0228,C3D19,75
S0228,C3D19,75
S0229,SCREENING,-7
S0229,SCREENING,-7
S0229,SCREENING,-7
S0229,SCREENING,-7
S0229,SCREENING,-7
S0229,SCREENING,-7
S0229,SCREENING,-7
S0229,C1D1,1
S0229,C1D1,1
S0229,C1D1,1
S0229,C1D2,2
S0229,C1D5,5
S0229,C1D18,18
S0229,C1D25,25
S0229,C2D9,37
S0229,C2D10,38
S0229,C3D3,59
S0229,C4D16,100
S0229,C4D21,105
S0229,C4D21,105
S0229,C4D21,105
S0229,C4D24,108
S0229,C4D26,110
S0229,C6D1,141
S0229,C6D8,148
S0229,C6D12,152
S0229,C6D23,163
S0229,EOT,168
S0229,unscheduled,185
S0230,SCREENING,-7
S0230,SCREENING,-7
S0230,SCREENING,-7
S0230,SCREENING,-7
S0230,SCREENING,-7
S0230,SCREENING,-7
S0230,SCREENING,-7
S0230,C1D1,1
S0230,C1D1,1
S0230,C1D1,1
S0230,C1D2,2
S0230,C1D4,4
S0230,C1D15,15
S0230,C1D23,23
S0230,C1D28,28
S0230,C1D28,28
S0230,C2D1,29
S0230,C2D17,45
S0230,C2D26,54
S0230,C2D26,54
S0230,C3D16,72
S0230,C3D26,82
S0230,C4D14,98
S0230,C4D14,98
S0230,C5D20,132
S0230,C6D1,141
S0230,C6D8,148
S0230,C6D17,157
S0230,EOT,168
S0230,unscheduled,187
S0230,unscheduled,189
S0231,SCREENING,-7
S0231,SCREENING,-7
S0231,SCREENING,-7
S0231,SCREENING,-7
S0231,SCREENING,-7
S0231,SCREENING,-7
S0231,SCREENING,-7
S0231,C1D1,1
S0231,C1D1,1
S0231,C1D2,2
S0231,C1D9,9
S0231,C1D21,21
S0231,C1D24,24
S0231,C4D7,91
S0231,EOT,168
S0231,unscheduled,176
S0231,unscheduled,188
S0232,SCREENING,-7
S0232,SCREENING,-7
S0232,SCREENING,-7
S0232,SCREENING,-7
S0232,SCREENING,-7
S0232,SCREENING,-7
S0232,SCREENING,-7
S0232,C1D1,1
S0232,C1D1,1
S0232,C1D2,2
S0232,C1D25,25
S0232,C3D2,58
S0232,C3D11,67
S0232,C3D16,72
S0232,C4D13,97
S0232,C4D16,100
S0232,C4D19,103
S0232,C5D12,124
S0232,C5D23,135
S0232,C6D17,157
S0232,C6D28,168
S0232,EOT,168
S0232,unscheduled,189
S0232,unscheduled,198
S0233,SCREENING,-7
S0233,SCREENING,-7
S0233,SCREENING,-7
S0233,SCREENING,-7
S0233,SCREENING,-7
S0233,SCREENING,-7
S0233,SCREENING,-7
S0233,C1D1,1
S0233,C1D1,1
S0233,C1D1,1
S0233,C1D2,2
S0233,C1D3,3
S0233,C1D7,7
S0233,C1D17,17
S0233,C1D17,17
S0233,C1D21,21
S0233,C1D23,23
S0233,C2D25,53
S0233,C3D23,79
S0233,C4D1,85
S0233,C5D5,117
S0233,C5D14,126
S0233,C5D16,128
S0233,C5D28,140
S0233,C6D1,141
S0233,C6D1,141
S0233,C6D7,147
S0233,C6D19,159
S0233,EOT,168
S0233,unscheduled,169
S0233,unscheduled,194
S0233,unscheduled,194
S0234,SCREENING,-7
S0234,SCREENING,-7
S0234,SCREENING,-7
S0234,SCREENING,-7
S0234,SCREENING,-7
S0234,SCREENING,-7
S0234,SCREENING,-7
S0234,C1D1,1
S0234,C1D1,1
S0234,C1D2,2
S0234,C1D13,13
S0234,C1D19,19
S0234,C1D21,21
S0234,C1D24,24
S0234,C2D4,32
S0234,C2D8,36
S0234,C2D19,47
S0234,C2D27,55
S0234,C3D7,63
S0234,C3D7,63
S0234,C3D10,66
S0234,C3D10,66
S0234,C3D12,68
S0234,C3D12,68
S0234,C3D14,70
S0234,C3D19,75
S0234,C3D23,79
S0234,C3D23,79
S0234,EOT,83
S0234,C4D4,88
S0234,C4D12,96
S0234,C4D20,104
S0234,C4D24,108
S0235,SCREENING,-7
S0235,SCREENING,-7
S0235,SCREENING,-7
S0235,SCREENING,-7
S0235,SCREENING,-7
S0235,SCREENING,-7
S0235,SCREENING,-7
S0235,C1D1,1
S0235,C1D1,1
S0235,C1D2,2
S0235,C1D10,10
S0235,C1D13,13
S0235,C1D27,27
S0235,C2D2,30
S0235,C2D7,35
S0235,C2D23,51
S0235,C2D23,51
S0235,C2D26,54
S0235,C3D14,70
S0235,C3D18,74
S0235,C3D20,76
S0235,C4D14,98
S0235,C4D14,98
S0235,C4D23,107
S0235,C5D6,118
S0235,C5D12,124
S0235,EOT,168
S0235,unscheduled,170
S0235,unscheduled,177
S0236,SCREENING,-7
S0236,SCREENING,-7
S0236,SCREENING,-7
S0236,SCREENING,-7
S0236,SCREENING,-7
S0236,SCREENING,-7
S0236,SCREENING,-7
S0236,C1D1,1
S0236,C1D1,1
S0236,C1D1,1
S0236,C1D2,2
S0236,C1D12,12
S0236,C1D18,18
S0236,C2D2,30
S0236,C2D2,30
S0236,C2D5,33
S0236,C2D12,40
S0236,C3D13,69
S0236,C3D13,69
S0236,C3D16,72
S0236,C4D4,88
S0236,C4D17,101
S0236,C5D1,113
S0236,C5D6,118
S0236,C5D7,119
S0236,C5D13,125
S0236,C5D13,125
S0236,C5D14,126
S0236,C6D5,145
S0236,C6D10,150
S0236,C6D10,150
S0236,C6D21,161
S0236,C6D25,165
S0236,C6D25,165
S0236,EOT,168
S0236,unscheduled,181
S0237,SCREENING,-7
S0237,SCREENING,-7
S0237,SCREENING,-7
S0237,SCREENING,-7
S0237,SCREENING,-7
S0237,SCREENING,-7
S0237,SCREENING,-7
S0237,C1D1,1
S0237,C1D1,1
S0237,C1D1,1
S0237,C1D2,2
S0237,C1D7,7
S0237,C1D7,7
S0237,C1D9,9
S0237,C1D17,17
S0237,C1D20,20
S0237,C1D23,23
S0237,C2D2,30
S0237,C2D17,45
S0237,C2D26,54
S0237,C3D19,75
S0237,C3D25,81
S0237,C4D24,108
S0237,C4D28,112
S0237,C5D7,119
S0237,EOT,122
S0237,C5D15,127
S0237,C5D15,127
S0237,C5D15,127
S0237,C6D10,150
S0238,SCREENING,-7
S0238,SCREENING,-7
S0238,SCREENING,-7
S0238,SCREENING,-7
S0238,SCREENING,-7
S0238,SCREENING,-7
S0238,SCREENING,-7
S0238,C1D1,1
S0238,C1D1,1
S0238,C1D2,2
S0238,C1D8,8
S0238,C1D14,14
S0238,C1D14,14
S0238,C1D18,18
S0238,C1D18,18
S0238,C2D10,38
S0238,C2D10,38
S0238,C2D23,51
S0238,C3D2,58
S0238,C3D17,73
S0238,C3D26,82
S0238,C3D26,82
S0238,C5D17,129
S0238,C6D22,162
S0238,EOT,168
S0238,unscheduled,176
S0238,unscheduled,179
S0238,unscheduled,184
S0239,SCREENING,-7
S0239,SCREENING,-7
S0239,SCREENING,-7
S0239,SCREENING,-7
S0239,SCREENING,-7
S0239,SCREENING,-7
S0239,SCREENING,-7
S0239,C1D1,1
S0239,C1D1,1
S0239,C1D2,2
S0239,C1D3,3
S0239,C1D3,3
S0239,C1D5,5
S0239,C1D11,11
S0239,C1D12,12
S0239,C1D14,14
S0239,C1D17,17
S0239,C1D23,23
S0239,C1D23,23
S0239,C1D25,25
S0239,C2D4,32
S0239,C2D9,37
S0239,C2D20,48
S0239,C2D23,51
S0239,C2D23,51
S0239,C2D23,51
S0239,C2D23,51
S0239,C2D25,53
S0239,C2D27,55
S0239,C2D27,55
S0239,C3D3,59
S0239,C3D5,61
S0239,C3D6,62
S0239,C3D6,62
S0239,C3D9,65
S0239,C3D9,65
S0239,C3D14,70
S0239,C3D17,73
S0239,C3D23,79
S0239,C3D25,81
S0239,C3D28,84
S0239,C4D6,90
S0239,C4D16,100
S0239,C4D20,104
S0239,C5D2,114
S0239,C5D17,129
S0239,C5D24,136
S0239,C6D3,143
S0239,C6D24,164
S0239,C6D28,168
S0239,EOT,168
S0239,unscheduled,172
S0239,unscheduled,174
S0239,unscheduled,187
S0239,unscheduled,191
S0239,unscheduled,198
S0240,SCREENING,-7
S0240,SCREENING,-7
S0240,SCREENING,-7
S0240,SCREENING,-7
S0240,SCREENING,-7
S0240,SCREENING,-7
S0240,SCREENING,-7
S0240,C1D1,1
S0240,C1D1,1
S0240,C1D1,1
S0240,C1D2,2
S0240,C1D14,14
S0240,C1D14,14
S0240,C2D7,35
S0240,C2D15,43
S0240,C3D1,57
S0240,C3D15,71
S0240,C5D12,124
S0240,C5D24,136
S0240,C6D15,155
S0240,EOT,168
S0240,unscheduled,175
S0240,unscheduled,182
S0240,unscheduled,195
S0241,SCREENING,-7
S0241,SCREENING,-7
S0241,SCREENING,-7
S0241,SCREENING,-7
S0241,SCREENING,-7
S0241,SCREENING,-7
S0241,SCREENING,-7
S0241,C1D1,1
S0241,C1D1,1
S0241,C1D1,1
S0241,C1D2,2
S0241,C1D24,24
S0241,C3D26,82
S0241,C4D4,88
S0241,C5D10,122
S0241,EOT,168
S0241,unscheduled,179
S0242,SCREENING,-7
S0242,SCREENING,-7
S0242,SCREENING,-7
S0242,SCREENING,-7
S0242,SCREENING,-7
S0242,SCREENING,-7
S0242,SCREENING,-7
S0242,C1D1,1
S0242,C1D1,1
S0242,C1D2,2
S0242,C1D2,2
S0242,C1D3,3
S0242,C1D7,7
S0242,C1D13,13
S0242,C1D13,13
S0242,C1D17,17
S0242,C1D19,19
S0242,C1D20,20
S0242,C1D22,22
S0242,C1D22,22
S0242,C1D24,24
S0242,unscheduled,25
S0242,EOT,25
S0242,C1D28,28
S0242,C2D5,33
S0242,C2D6,34
S0242,C2D7,35
S0242,C2D8,36
S0242,C2D18,46
S0242,C2D19,47
S0242,C2D19,47
S0242,C2D24,52
S0242,C2D25,53
S0243,SCREENING,-7
S0243,SCREENING,-7
S0243,SCREENING,-7
S0243,SCREENING,-7
S0243,SCREENING,-7
S0243,SCREENING,-7
S0243,SCREENING,-7
S0243,C1D1,1
S0243,C1D1,1
S0243,C1D1,1
S0243,C1D2,2
S0243,C1D10,10
S0243,C2D27,55
S0243,C4D4,88
S0243,C5D26,138
S0243,EOT,168
S0243,unscheduled,187
S0244,SCREENING,-7
S0244,SCREENING,-7
S0244,SCREENING,-7
S0244,SCREENING,-7
S0244,SCREENING,-7
S0244,SCREENING,-7
S0244,SCREENING,-7
S0244,C1D1,1
S0244,C1D1,1
S0244,C1D2,2
S0244,C1D7,7
S0244,C1D8,8
S0244,C2D10,38
S0244,C3D13,69
S0244,C3D17,73
S0244,C3D21,77
S0244,C3D22,78
S0244,C3D24,80
S0244,C3D24,80
S0244,C3D24,80
S0244,C3D28,84
S0244,C3D28,84
S0244,C4D7,91
S0244,C4D22,106
S0244,C4D24,108
S0244,C5D7,119
S0244,C5D12,124
S0244,C5D13,125
S0244,C5D14,126
S0244,C6D4,144
S0244,C6D8,148
S0244,C6D12,152
S0244,EOT,168
S0244,unscheduled,174
S0244,unscheduled,181
S0244,unscheduled,188
S0244,unscheduled,195
S0244,unscheduled,197
S0244,unscheduled,197
S0244,follow-up,567
S0245,SCREENING,-7
S0245,SCREENING,-7
S0245,SCREENING,-7
S0245,SCREENING,-7
S0245,SCREENING,-7
S0245,SCREENING,-7
S0245,SCREENING,-7
S0245,C1D1,1
S0245,C1D1,1
S0245,C1D2,2
S0245,C1D11,11
S0245,C1D27,27
S0245,C2D1,29
S0245,C2D2,30
S0245,C2D7,35
S0245,C2D10,38
S0245,C2D17,45
S0245,C2D19,47
S0245,C2D26,54
S0245,C3D6,62
S0245,C3D6,62
S0245,C3D8,64
S0245,C3D17,73
S0245,C3D17,73
S0245,C3D24,80
S0245,C3D26,82
S0245,C3D26,82
S0245,C4D4,88
S0245,C4D4,88
S0245,C4D12,96
S0245,C4D18,102
S0245,C4D18,102
S0245,C4D20,104
S0245,C4D24,108
S0245,C5D9,121
S0245,C5D13,125
S0245,C5D21,133
S0245,C5D21,133
S0245,C5D23,135
S0245,C5D28,140
S0245,C5D28,140
S0245,C6D2,142
S0245,C6D2,142
S0245,C6D3,143
S0245,C6D14,154
S0245,C6D16,156
S0245,C6D24,164
S0245,C6D26,166
S0245,EOT,168
S0245,unscheduled,172
S0245,unscheduled,173
S0245,unscheduled,186
S0245,unscheduled,190
S0245,unscheduled,193
S0245,unscheduled,195
S0245,unscheduled,195
S0246,SCREENING,-7
S0246,SCREENING,-7
S0246,SCREENING,-7
S0246,SCREENING,-7
S0246,SCREENING,-7
S0246,SCREENING,-7
S0246,SCREENING,-7
S0246,C1D1,1
S0246,C1D1,1
S0246,C1D1,1
S0246,C1D2,2
S0246,C1D3,3
S0246,C1D3,3
S0246,C1D3,3
S0246,C1D4,4
S0246,C1D6,6
S0246,C2D5,33
S0246,C2D6,34
S0246,C2D14,42
S0246,C2D23,51
S0246,C2D25,53
S0246,C2D27,55
S0246,C3D9,65
S0246,C3D19,75
S0246,C3D28,84
S0246,C4D1,85
S0246,C4D1,85
S0246,C4D20,104
S0246,C4D20,104
S0246,C5D11,123
S0246,C6D5,145
S0246,EOT,168
S0246,unscheduled,174
S0247,SCREENING,-7
S0247,SCREENING,-7
S0247,SCREENING,-7
S0247,SCREENING,-7
S0247,SCREENING,-7
S0247,SCREENING,-7
S0247,SCREENING,-7
S0247,C1D1,1
S0247,C1D1,1
S0247,C1D1,1
S0247,C1D1,1
S0247,C1D2,2
S0247,C1D7,7
S0247,C1D17,17
S0247,C1D22,22
S0247,C1D28,28
S0247,C2D1,29
S0247,C2D13,41
S0247,C2D13,41
S0247,C3D4,60
S0247,C3D7,63
S0247,C3D11,67
S0247,C3D12,68
S0247,C3D16,72
S0247,C3D20,76
S0247,C3D26,82
S0247,C4D5,89
S0247,C4D7,91
S0247,C4D12,96
S0247,C5D13,125
S0247,C5D18,130
S0247,C5D23,135
S0247,C6D1,141
S0247,C6D8,148
S0247,C6D19,159
S0247,C6D22,162
S0247,EOT,168
S0247,unscheduled,170
S0247,unscheduled,176
S0247,unscheduled,176
S0247,unscheduled,177
S0247,unscheduled,189
S0247,unscheduled,197
S0247,unscheduled,197
S0248,SCREENING,-7
S0248,SCREENING,-7
S0248,SCREENING,-7
S0248,SCREENING,-7
S0248,SCREENING,-7
S0248,SCREENING,-7
S0248,SCREENING,-7
S0248,C1D1,1
S0248,C1D1,1
S0248,C1D2,2
S0248,C1D2,2
S0248,C1D2,2
S0248,C1D11,11
S0248,C1D14,14
S0248,C1D16,16
S0248,C2D1,29
S0248,C2D2,30
S0248,C2D4,32
S0248,C2D13,41
S0248,C3D18,74
S0248,C3D20,76
S0248,C3D21,77
S0248,C3D22,78
S0248,C4D2,86
S0248,C4D11,95
S0248,C4D11,95
S0248,C4D15,99
S0248,C4D18,102
S0248,C5D9,121
S0248,C5D11,123
S0248,C5D16,128
S0248,C5D18,130
S0248,C5D22,134
S0248,C5D25,137
S0248,C5D27,139
S0248,C6D7,147
S0248,C6D25,165
S0248,C6D28,168
S0248,EOT,168
S0248,unscheduled,171
S0248,unscheduled,172
S0248,unscheduled,176
S0248,unscheduled,177
S0248,unscheduled,177
S0248,unscheduled,186
S0248,unscheduled,190
S0248,unscheduled,193
S0249,SCREENING,-7
S0249,SCREENING,-7
S0249,SCREENING,-7
S0249,SCREENING,-7
S0249,SCREENING,-7
S0249,SCREENING,-7
S0249,SCREENING,-7
S0249,C1D1,1
S0249,C1D1,1
S0249,C1D1,1
S0249,C1D2,2
S0249,C2D4,32
S0249,C2D11,39
S0249,C2D13,41
S0249,C2D27,55
S0249,C3D8,64
S0249,C3D19,75
S0249,C3D19,75
S0249,C3D25,81
S0249,C3D26,82
S0249,C4D17,101
S0249,C4D17,101
S0249,C4D22,106
S0249,C4D22,106
S0249,C4D22,106
S0249,C5D5,117
S0249,C6D9,149
S0249,C6D9,149
S0249,C6D28,168
S0249,EOT,168
S0249,unscheduled,178
S0249,unscheduled,181
S0249,unscheduled,191
S0249,unscheduled,196
S0249,unscheduled,196
S0249,follow-up,269
S0250,SCREENING,-7
S0250,SCREENING,-7
S0250,SCREENING,-7
S0250,SCREENING,-7
S0250,SCREENING,-7
S0250,SCREENING,-7
S0250,SCREENING,-7
S0250,C1D1,1
S0250,C1D1,1
S0250,C1D2,2
S0250,C1D2,2
S0250,C1D11,11
S0250,C1D11,11
S0250,C1D12,12
S0250,C1D14,14
S0250,C1D17,17
S0250,C1D22,22
S0250,C1D24,24
S0250,EOT,24
S0250,C2D2,30
S0250,C2D2,30
S0250,C2D3,31
S0250,C2D11,39
S0250,C2D12,40
S0250,C2D19,47
S0250,C2D20,48
S0250,C2D21,49
S0250,C2D25,53
S0251,SCREENING,-7
S0251,SCREENING,-7
S0251,SCREENING,-7
S0251,SCREENING,-7
S0251,SCREENING,-7
S0251,SCREENING,-7
S0251,SCREENING,-7
S0251,C1D1,1
S0251,C1D1,1
S0251,C1D2,2
S0251,C1D2,2
S0251,C1D8,8
S0251,C1D8,8
S0251,C1D10,10
S0251,C1D12,12
S0251,C1D15,15
S0251,C1D26,26
S0251,C1D27,27
S0251,C2D13,41
S0251,C2D21,49
S0251,C3D10,66
S0251,C3D11,67
S0251,C3D26,82
S0251,C4D18,102
S0251,C4D26,110
S0251,C5D6,118
S0251,C5D8,120
S0251,C5D15,127
S0251,C5D16,128
S0251,C5D19,131
S0251,C5D26,138
S0251,C6D6,146
S0251,C6D8,148
S0251,C6D14,154
S0251,C6D28,168
S0251,EOT,168
S0251,unscheduled,173
S0251,unscheduled,173
S0251,unscheduled,175
S0251,unscheduled,189
S0251,unscheduled,198
S0252,SCREENING,-7
S0252,SCREENING,-7
S0252,SCREENING,-7
S0252,SCREENING,-7
S0252,SCREENING,-7
S0252,SCREENING,-7
S0252,SCREENING,-7
S0252,C1D1,1
S0252,C1D1,1
S0252,C1D2,2
S0252,C1D3,3
S0252,C1D3,3
S0252,C1D13,13
S0252,C2D8,36
S0252,C2D11,39
S0252,C2D12,40
S0252,C2D15,43
S0252,C2D18,46
S0252,C2D27,55
S0252,C3D1,57
S0252,C3D7,63
S0252,EOT,63
S0252,C3D8,64
S0252,C3D10,66
S0252,C3D12,68
S0252,C3D26,82
S0252,C3D26,82
S0252,C4D1,85
S0252,C4D7,91
S0252,C4D7,91
S0252,C4D9,93
S0253,SCREENING,-7
S0253,SCREENING,-7
S0253,SCREENING,-7
S0253,SCREENING,-7
S0253,SCREENING,-7
S0253,SCREENING,-7
S0253,SCREENING,-7
S0253,C1D1,1
S0253,C1D1,1
S0253,C1D1,1
S0253,C1D2,2
S0253,C1D23,23
S0253,C2D16,44
S0253,C3D4,60
S0253,C3D28,84
S0253,C4D11,95
S0253,C4D11,95
S0253,C5D26,138
S0253,C6D17,157
S0253,C6D23,163
S0253,EOT,168
S0253,unscheduled,170
S0253,unscheduled,179
S0254,SCREENING,-7
S0254,SCREENING,-7
S0254,SCREENING,-7
S0254,SCREENING,-7
S0254,SCREENING,-7
S0254,SCREENING,-7
S0254,SCREENING,-7
S0254,C1D1,1
S0254,C1D1,1
S0254,C1D1,1
S0254,C1D2,2
S0254,C1D2,2
S0254,C1D12,12
S0254,C2D9,37
S0254,C2D22,50
S0254,C2D27,55
S0254,C2D27,55
S0254,C3D7,63
S0254,C3D27,83
S0254,C3D27,83
S0254,C4D14,98
S0254,C4D14,98
S0254,C6D1,141
S0254,C6D1,141
S0254,C6D22,162
S0254,C6D24,164
S0254,EOT,168
S0254,unscheduled,179
S0254,unscheduled,179
S0254,unscheduled,192
S0255,SCREENING,-7
S0255,SCREENING,-7
S0255,SCREENING,-7
S0255,SCREENING,-7
S0255,SCREENING,-7
S0255,SCREENING,-7
S0255,SCREENING,-7
S0255,C1D1,1
S0255,C1D1,1
S0255,C1D1,1
S0255,C1D2,2
S0255,C1D5,5
S0255,C2D4,32
S0255,C3D1,57
S0255,C4D11,95
S0255,C5D7,119
S0255,EOT,168
S0255,unscheduled,174
S0255,unscheduled,190
S0256,SCREENING,-7
S0256,SCREENING,-7
S0256,SCREENING,-7
S0256,SCREENING,-7
S0256,SCREENING,-7
S0256,SCREENING,-7
S0256,SCREENING,-7
S0256,C1D1,1
S0256,C1D1,1
S0256,C1D2,2
S0256,C1D25,25
S0256,C2D16,44
S0256,C2D26,54
S0256,C2D27,55
S0256,C3D23,79
S0256,C3D24,80
S0256,C4D25,109
S0256,C4D26,110
S0256,C5D8,120
S0256,C5D13,125
S0256,C5D13,125
S0256,C6D17,157
S0256,C6D25,165
S0256,C6D28,168
S0256,EOT,168
S0256,unscheduled,169
S0256,unscheduled,176
S0256,unscheduled,185
S0257,SCREENING,-7
S0257,SCREENING,-7
S0257,SCREENING,-7
S0257,SCREENING,-7
S0257,SCREENING,-7
S0257,SCREENING,-7
S0257,SCREENING,-7
S0257,C1D1,1
S0257,C1D1,1
S0257,C1D1,1
S0257,C1D2,2
S0257,C1D3,3
S0257,C1D4,4
S0257,C1D23,23
S0257,C2D19,47
S0257,C3D11,67
S0257,C3D15,71
S0257,C3D17,73
S0257,C4D9,93
S0257,C4D17,101
S0257,C4D26,110
S0257,C5D2,114
S0257,C5D13,125
S0257,C5D18,130
S0257,C5D22,134
S0257,C5D22,134
S0257,EOT,168
S0257,unscheduled,169
S0257,unscheduled,171
S0257,unscheduled,171
S0257,unscheduled,183
S0257,unscheduled,189
S0258,SCREENING,-7
S0258,SCREENING,-7
S0258,SCREENING,-7
S0258,SCREENING,-7
S0258,SCREENING,-7
S0258,SCREENING,-7
S0258,SCREENING,-7
S0258,C1D1,1
S0258,C1D1,1
S0258,C1D1,1
S0258,C1D1,1
S0258,C1D2,2
S0258,C1D3,3
S0258,C1D5,5
S0258,C1D7,7
S0258,C1D10,10
S0258,C1D17,17
S0258,C1D21,21
S0258,C2D3,31
S0258,C2D4,32
S0258,C2D10,38
S0258,C2D10,38
S0258,C2D21,49
S0258,C2D22,50
S0258,C3D2,58
S0258,C3D11,67
S0258,unscheduled,69
S0258,EOT,69
S0258,C3D26,82
S0258,C3D27,83
S0258,C4D6,90
S0259,SCREENING,-7
S0259,SCREENING,-7
S0259,SCREENING,-7
S0259,SCREENING,-7
S0259,SCREENING,-7
S0259,SCREENING,-7
S0259,SCREENING,-7
S0259,C1D1,1
S0259,C1D1,1
S0259,C1D1,1
S0259,C1D2,2
S0259,C1D2,2
S0259,C1D12,12
S0259,C1D12,12
S0259,C1D12,12
S0259,C1D14,14
S0259,C1D17,17
S0259,C1D18,18
S0259,unscheduled,20
S0259,EOT,20
S0259,C2D1,29
S0259,C2D1,29
S0259,C2D5,33
S0259,C2D9,37
S0259,C2D10,38
S0259,C2D12,40
S0259,C2D13,41
S0259,C2D14,42
S0259,C2D16,44
S0259,C2D19,47
S0259,C2D19,47
S0259,C2D21,49
S0259,C2D21,49
S0260,SCREENING,-7
S0260,SCREENING,-7
S0260,SCREENING,-7
S0260,SCREENING,-7
S0260,SCREENING,-7
S0260,SCREENING,-7
S0260,SCREENING,-7
S0260,C1D1,1
S0260,C1D1,1
S0260,C1D2,2
S0260,C1D21,21
S0260,C1D27,27
S0260,C1D28,28
S0260,C2D1,29
S0260,C2D2,30
S0260,C2D18,46
S0260,C3D7,63
S0260,C3D17,73
S0260,C4D14,98
S0260,C5D1,113
S0260,C5D20,132
S0260,C6D14,154
S0260,C6D20,160
S0260,C6D26,166
S0260,EOT,168
S0260,unscheduled,176
S0260,unscheduled,189
S0260,unscheduled,196
S0261,SCREENING,-7
S0261,SCREENING,-7
S0261,SCREENING,-7
S0261,SCREENING,-7
S0261,SCREENING,-7
S0261,SCREENING,-7
S0261,SCREENING,-7
S0261,C1D1,1
S0261,C1D1,1
S0261,C1D1,1
S0261,C1D2,2
S0261,C1D2,2
S0261,C1D7,7
S0261,C1D12,12
S0261,C1D14,14
S0261,C1D14,14
S0261,C1D17,17
S0261,C2D2,30
S0261,C2D3,31
S0261,C2D6,34
S0261,C2D6,34
S0261,C2D9,37
S0261,C2D20,48
S0261,C2D23,51
S0261,C2D23,51
S0261,C2D25,53
S0261,C3D11,67
S0261,C3D11,67
S0261,EOT,70
S0261,C3D25,81
S0261,C4D2,86
S0261,C4D11,95
S0261,C4D13,97
S0262,SCREENING,-7
S0262,SCREENING,-7
S0262,SCREENING,-7
S0262,SCREENING,-7
S0262,SCREENING,-7
S0262,SCREENING,-7
S0262,SCREENING,-7
S0262,C1D1,1
S0262,C1D1,1
S0262,C1D1,1
S0262,C1D2,2
S0262,C1D2,2
S0262,C1D3,3
S0262,C2D5,33
S0262,C2D11,39
S0262,C2D14,42
S0262,C2D20,48
S0262,C2D24,52
S0262,C2D25,53
S0262,unscheduled,64
S0262,EOT,64
S0262,C3D11,67
S0262,C3D24,80
S0262,C4D2,86
S0262,C4D4,88
S0262,C4D5,89
S0262,C4D9,93
S0263,SCREENING,-7
S0263,SCREENING,-7
S0263,SCREENING,-7
S0263,SCREENING,-7
S0263,SCREENING,-7
S0263,SCREENING,-7
S0263,SCREENING,-7
S0263,C1D1,1
S0263,C1D1,1
S0263,C1D2,2
S0263,C1D3,3
S0263,C1D6,6
S0263,C1D13,13
S0263,C1D14,14
S0263,C1D18,18
S0263,C2D2,30
S0263,C2D17,45
S0263,C2D19,47
S0263,C3D6,62
S0263,C3D7,63
S0263,C3D18,74
S0263,C3D28,84
S0263,C4D2,86
S0263,C4D8,92
S0263,C4D8,92
S0263,C4D17,101
S0263,C5D1,113
S0263,C5D4,116
S0263,C5D6,118
S0263,C5D7,119
S0263,C5D12,124
S0263,C5D18,130
S0263,C5D19,131
S0263,C5D23,135
S0263,EOT,135
S0264,SCREENING,-7
S0264,SCREENING,-7
S0264,SCREENING,-7
S0264,SCREENING,-7
S0264,SCREENING,-7
S0264,SCREENING,-7
S0264,SCREENING,-7
S0264,C1D1,1
S0264,C1D1,1
S0264,C1D2,2
S0264,C1D13,13
S0264,C1D25,25
S0264,C1D25,25
S0264,C1D27,27
S0264,C2D1,29
S0264,C2D23,51
S0264,C2D26,54
S0264,C2D26,54
S0264,C3D1,57
S0264,C3D3,59
S0264,C3D5,61
S0264,C3D6,62
S0264,C3D6,62
S0264,C3D6,62
S0264,C3D23,79
S0264,C4D2,86
S0264,C4D3,87
S0264,C4D5,89
S0264,C4D12,96
S0264,C4D13,97
S0264,C5D19,131
S0264,C5D19,131
S0264,C6D1,141
S0264,C6D9,149
S0264,C6D26,166
S0264,C6D26,166
S0264,EOT,168
S0264,unscheduled,170
S0264,unscheduled,171
S0264,unscheduled,172
S0264,unscheduled,173
S0264,unscheduled,176
S0264,unscheduled,179
S0264,unscheduled,189
S0264,unscheduled,189
S0264,unscheduled,193
S0265,SCREENING,-7
S0265,SCREENING,-7
S0265,SCREENING,-7
S0265,SCREENING,-7
S0265,SCREENING,-7
S0265,SCREENING,-7
S0265,SCREENING,-7
S0265,C1D1,1
S0265,C1D1,1
S0265,C1D2,2
S0265,C1D8,8
S0265,C1D9,9
S0265,C1D11,11
S0265,C1D27,27
S0265,C2D2,30
S0265,C2D9,37
S0265,C2D9,37
S0265,C2D24,52
S0265,C3D7,63
S0265,C3D21,77
S0265,C3D22,78
S0265,C3D24,80
S0265,C4D1,85
S0265,C4D8,92
S0265,C4D8,92
S0265,C4D22,106
S0265,C4D24,108
S0265,C5D3,115
S0265,C5D9,121
S0265,C5D18,130
S0265,C5D22,134
S0265,C5D23,135
S0265,C5D28,140
S0265,C6D3,143
S0265,C6D7,147
S0265,C6D8,148
S0265,C6D8,148
S0265,C6D9,149
S0265,C6D12,152
S0265,C6D17,157
S0265,C6D20,160
S0265,EOT,168
S0265,unscheduled,172
S0265,unscheduled,175
S0265,unscheduled,178
S0266,SCREENING,-7
S0266,SCREENING,-7
S0266,SCREENING,-7
S0266,SCREENING,-7
S0266,SCREENING,-7
S0266,SCREENING,-7
S0266,SCREENING,-7
S0266,C1D1,1
S0266,C1D1,1
S0266,C1D2,2
S0266,C1D22,22
S0266,C1D26,26
S0266,C2D7,35
S0266,C2D8,36
S0266,C2D9,37
S0266,C2D9,37
S0266,C2D13,41
S0266,C2D13,41
S0266,C2D14,42
S0266,C2D18,46
S0266,C2D26,54
S0266,C2D28,56
S0266,C2D28,56
S0266,C3D10,66
S0266,C3D22,78
S0266,C4D1,85
S0266,C4D9,93
S0266,C4D11,95
S0266,C4D12,96
S0266,C4D21,105
S0266,C4D22,106
S0266,C5D9,121
S0266,C5D9,121
S0266,C5D17,129
S0266,C5D22,134
S0266,C5D23,135
S0266,C6D2,142
S0266,C6D3,143
S0266,C6D12,152
S0266,C6D12,152
S0266,C6D23,163
S0266,C6D26,166
S0266,EOT,168
S0266,unscheduled,182
S0266,unscheduled,183
S0266,unscheduled,184
S0266,unscheduled,187
S0266,unscheduled,189
S0266,unscheduled,197
S0266,unscheduled,198
S0267,SCREENING,-7
S0267,SCREENING,-7
S0267,SCREENING,-7
S0267,SCREENING,-7
S0267,SCREENING,-7
S0267,SCREENING,-7
S0267,SCREENING,-7
S0267,C1D1,1
S0267,C1D1,1
S0267,C1D1,1
S0267,C1D2,2
S0267,C1D9,9
S0267,C1D12,12
S0267,C1D12,12
S0267,C1D22,22
S0267,C1D28,28
S0267,C2D2,30
S0267,C2D3,31
S0267,C2D4,32
S0267,C2D8,36
S0267,C2D18,46
S0267,C2D21,49
S0267,C3D20,76
S0267,C3D25,81
S0267,EOT,82
S0267,C4D5,89
S0267,C4D20,104
S0267,follow-up,363
S0268,SCREENING,-7
S0268,SCREENING,-7
S0268,SCREENING,-7
S0268,SCREENING,-7
S0268,SCREENING,-7
S0268,SCREENING,-7
S0268,SCREENING,-7
S0268,C1D1,1
S0268,C1D1,1
S0268,C1D1,1
S0268,C1D2,2
S0268,C2D3,31
S0268,C2D28,56
S0268,C3D9,65
S0268,C5D8,120
S0268,C5D23,135
S0268,C6D2,142
S0268,C6D24,164
S0268,C6D26,166
S0268,EOT,168
S0268,unscheduled,192
S0268,unscheduled,193
S0268,unscheduled,198
S0269,SCREENING,-7
S0269,SCREENING,-7
S0269,SCREENING,-7
S0269,SCREENING,-7
S0269,SCREENING,-7
S0269,SCREENING,-7
S0269,SCREENING,-7
S0269,C1D1,1
S0269,C1D1,1
S0269,C1D1,1
S0269,C1D2,2
S0269,C1D5,5
S0269,C1D6,6
S0269,C1D8,8
S0269,C1D8,8
S0269,C1D11,11
S0269,C1D18,18
S0269,C2D9,37
S0269,C2D10,38
S0269,C2D16,44
S0269,C2D17,45
S0269,C3D18,74
S0269,C3D22,78
S0269,C4D4,88
S0269,C4D9,93
S0269,C4D26,110
S0269,C5D2,114
S0269,C5D8,120
S0269,C5D17,129
S0269,C5D28,140
S0269,C5D28,140
S0269,unscheduled,143
S0269,EOT,143
S0269,C6D7,147
S0269,C6D12,152
S0269,C6D27,167
S0269,unscheduled,172
S0270,SCREENING,-7
S0270,SCREENING,-7
S0270,SCREENING,-7
S0270,SCREENING,-7
S0270,SCREENING,-7
S0270,SCREENING,-7
S0270,SCREENING,-7
S0270,C1D1,1
S0270,C1D1,1
S0270,C1D1,1
S0270,C1D2,2
S0270,C1D5,5
S0270,C1D22,22
S0270,C1D22,22
S0270,C2D3,31
S0270,C3D2,58
S0270,C3D7,63
S0270,C3D20,76
S0270,C4D12,96
S0270,C4D13,97
S0270,C4D19,103
S0270,C5D1,113
S0270,C5D1,113
S0270,C5D22,134
S0270,C5D25,137
S0270,C5D28,140
S0270,C6D16,156
S0270,EOT,168
S0270,unscheduled,173
S0270,unscheduled,182
S0270,unscheduled,195
S0271,SCREENING,-7
S0271,SCREENING,-7
S0271,SCREENING,-7
S0271,SCREENING,-7
S0271,SCREENING,-7
S0271,SCREENING,-7
S0271,SCREENING,-7
S0271,C1D1,1
S0271,C1D1,1
S0271,C1D1,1
S0271,C1D2,2
S0271,C1D16,16
S0271,C1D20,20
S0271,C2D4,32
S0271,C2D4,32
S0271,C2D27,55
S0271,C3D16,72
S0271,C3D17,73
S0271,C3D25,81
S0271,C4D2,86
S0271,C4D2,86
S0271,C4D20,104
S0271,C4D26,110
S0271,C5D1,113
S0271,C5D13,125
S0271,C5D17,129
S0271,C5D24,136
S0271,C6D4,144
S0271,EOT,168
S0271,unscheduled,180
S0271,unscheduled,180
S0271,unscheduled,184
S0271,unscheduled,186
S0272,SCREENING,-7
S0272,SCREENING,-7
S0272,SCREENING,-7
S0272,SCREENING,-7
S0272,SCREENING,-7
S0272,SCREENING,-7
S0272,SCREENING,-7
S0272,C1D1,1
S0272,C1D1,1
S0272,C1D2,2
S0272,C1D20,20
S0272,C2D1,29
S0272,C2D1,29
S0272,C2D5,33
S0272,C2D6,34
S0272,C2D16,44
S0272,C2D16,44
S0272,C3D1,57
S0272,C3D1,57
S0272,C3D7,63
S0272,C3D17,73
S0272,C4D3,87
S0272,C4D9,93
S0272,C4D17,101
S0272,C4D18,102
S0272,C4D20,104
S0272,C5D1,113
S0272,C5D14,126
S0272,C5D21,133
S0272,C5D28,140
S0272,C6D11,151
S0272,unscheduled,151
S0272,EOT,151
S0272,unscheduled,181
S0273,SCREENING,-7
S0273,SCREENING,-7
S0273,SCREENING,-7
S0273,SCREENING,-7
S0273,SCREENING,-7
S0273,SCREENING,-7
S0273,SCREENING,-7
S0273,C1D1,1
S0273,C1D1,1
S0273,C1D1,1
S0273,C1D1,1
S0273,C1D2,2
S0273,C1D5,5
S0273,C1D18,18
S0273,C1D20,20
S0273,C1D25,25
S0273,C2D26,54
S0273,C2D26,54
S0273,C2D27,55
S0273,C3D20,76
S0273,C4D4,88
S0273,C5D11,123
S0273,C5D13,125
S0273,C5D15,127
S0273,C6D17,157
S0273,unscheduled,164
S0273,EOT,164
S0273,C6D25,165
S0273,unscheduled,190
S0274,SCREENING,-7
S0274,SCREENING,-7
S0274,SCREENING,-7
S0274,SCREENING,-7
S0274,SCREENING,-7
S0274,SCREENING,-7
S0274,SCREENING,-7
S0274,C1D1,1
S0274,C1D1,1
S0274,C1D2,2
S0274,C1D13,13
S0274,C1D14,14
S0274,C1D27,27
S0274,C2D12,40
S0274,C3D7,63
S0274,C4D27,111
S0274,C4D28,112
S0274,C5D19,131
S0274,C6D14,154
S0274,EOT,168
S0274,unscheduled,174
S0274,unscheduled,186
S0274,unscheduled,191
S0274,unscheduled,195
S0275,SCREENING,-7
S0275,SCREENING,-7
S0275,SCREENING,-7
S0275,SCREENING,-7
S0275,SCREENING,-7
S0275,SCREENING,-7
S0275,SCREENING,-7
S0275,C1D1,1
S0275,C1D1,1
S0275,C1D2,2
S0275,C1D14,14
S0275,C1D25,25
S0275,C3D4,60
S0275,EOT,73
S0275,C3D27,83
S0276,SCREENING,-7
S0276,SCREENING,-7
S0276,SCREENING,-7
S0276,SCREENING,-7
S0276,SCREENING,-7
S0276,SCREENING,-7
S0276,SCREENING,-7
S0276,C1D1,1
S0276,C1D1,1
S0276,C1D1,1
S0276,C1D2,2
S0276,C1D2,2
S0276,C2D7,35
S0276,C2D18,46
S0276,C2D18,46
S0276,C2D18,46
S0276,C3D15,71
S0276,C3D21,77
S0276,C3D24,80
S0276,C4D17,101
S0276,C4D22,106
S0276,C5D2,114
S0276,C5D13,125
S0276,C5D13,125
S0276,C5D24,136
S0276,C6D11,151
S0276,C6D28,168
S0276,EOT,168
S0277,SCREENING,-7
S0277,SCREENING,-7
S0277,SCREENING,-7
S0277,SCREENING,-7
S0277,SCREENING,-7
S0277,SCREENING,-7
S0277,SCREENING,-7
S0277,C1D1,1
S0277,C1D1,1
S0277,C1D2,2
S0277,C1D10,10
S0277,C1D12,12
S0277,C1D14,14
S0277,C1D14,14
S0277,C1D15,15
S0277,C2D16,44
S0277,C2D21,49
S0277,C3D17,73
S0277,C3D18,74
S0277,C3D18,74
S0277,C3D21,77
S0277,C3D26,82
S0277,C3D28,84
S0277,C4D6,90
S0277,C4D13,97
S0277,EOT,111
S0277,C5D6,118
S0277,C5D8,120
S0277,C5D8,120
S0278,SCREENING,-7
S0278,SCREENING,-7
S0278,SCREENING,-7
S0278,SCREENING,-7
S0278,SCREENING,-7
S0278,SCREENING,-7
S0278,SCREENING,-7
S0278,C1D1,1
S0278,C1D1,1
S0278,C1D1,1
S0278,C1D1,1
S0278,C1D2,2
S0278,C1D13,13
S0278,C1D16,16
S0278,C1D16,16
S0278,C2D1,29
S0278,C2D4,32
S0278,C2D9,37
S0278,C3D5,61
S0278,C3D9,65
S0278,C3D15,71
S0278,C3D24,80
S0278,C3D28,84
S0278,C3D28,84
S0278,C4D13,97
S0278,EOT,104
S0278,C4D24,108
S0278,C5D2,114
S0278,C5D2,114
S0278,C5D7,119
S0278,C5D14,126
S0278,C5D19,131
S0279,SCREENING,-7
S0279,SCREENING,-7
S0279,SCREENING,-7
S0279,SCREENING,-7
S0279,SCREENING,-7
S0279,SCREENING,-7
S0279,SCREENING,-7
S0279,C1D1,1
S0279,C1D1,1
S0279,C1D2,2
S0279,C1D7,7
S0279,C1D17,17
S0279,C1D18,18
S0279,C1D24,24
S0279,C2D16,44
S0279,C2D16,44
S0279,C3D16,72
S0279,C4D6,90
S0279,C4D22,106
S0279,C4D27,111
S0279,C5D5,117
S0279,C5D9,121
S0279,C6D4,144
S0279,C6D8,148
S0279,C6D9,149
S0279,C6D11,151
S0279,C6D28,168
S0279,C6D28,168
S0279,EOT,168
S0279,unscheduled,177
S0279,unscheduled,179
S0279,unscheduled,185
S0280,SCREENING,-7
S0280,SCREENING,-7
S0280,SCREENING,-7
S0280,SCREENING,-7
S0280,SCREENING,-7
S0280,SCREENING,-7
S0280,SCREENING,-7
S0280,C1D1,1
S0280,C1D1,1
S0280,C1D2,2
S0280,C1D4,4
S0280,C1D14,14
S0280,C1D17,17
S0280,C1D20,20
S0280,C1D21,21
S0280,C1D21,21
S0280,C1D22,22
S0280,C1D24,24
S0280,C1D28,28
S0280,C2D1,29
S0280,C2D4,32
S0280,C2D11,39
S0280,C2D19,47
S0280,C2D24,52
S0280,C2D24,52
S0280,C2D25,53
S0280,C2D27,55
S0280,C2D27,55
S0280,C3D3,59
S0280,unscheduled,63
S0280,EOT,63
S0280,C3D8,64
S0280,C3D10,66
S0280,C3D14,70
S0280,C3D15,71
S0280,C3D16,72
S0280,C3D24,80
S0280,C4D3,87
S0281,SCREENING,-7
S0281,SCREENING,-7
S0281,SCREENING,-7
S0281,SCREENING,-7
S0281,SCREENING,-7
S0281,SCREENING,-7
S0281,SCREENING,-7
S0281,C1D1,1
S0281,C1D1,1
S0281,C1D2,2
S0281,C1D3,3
S0281,C2D3,31
S0281,C2D6,34
S0281,C2D21,49
S0281,C2D26,54
S0281,C3D24,80
S0281,C4D5,89
S0281,C4D7,91
S0281,C4D21,105
S0281,C4D23,107
S0281,C5D2,114
S0281,C5D9,121
S0281,C5D12,124
S0281,C5D16,128
S0281,C6D3,143
S0281,C6D3,143
S0281,C6D3,143
S0281,C6D10,150
S0281,C6D14,154
S0281,EOT,168
S0281,unscheduled,177
S0281,unscheduled,186
S0282,SCREENING,-7
S0282,SCREENING,-7
S0282,SCREENING,-7
S0282,SCREENING,-7
S0282,SCREENING,-7
S0282,SCREENING,-7
S0282,SCREENING,-7
S0282,C1D1,1
S0282,C1D1,1
S0282,C1D1,1
S0282,C1D2,2
S0282,C1D17,17
S0282,C1D20,20
S0282,C2D12,40
S0282,C2D12,40
S0282,C2D17,45
S0282,C2D20,48
S0282,C3D1,57
S0282,C3D12,68
S0282,C4D2,86
S0282,C4D14,98
S0282,C4D26,110
S0282,C4D26,110
S0282,C5D4,116
S0282,C5D5,117
S0282,C5D8,120
S0282,C5D25,137
S0282,C6D5,145
S0282,C6D5,145
S0282,C6D8,148
S0282,C6D22,162
S0282,EOT,168
S0282,unscheduled,177
S0282,follow-up,606
S0283,SCREENING,-7
S0283,SCREENING,-7
S0283,SCREENING,-7
S0283,SCREENING,-7
S0283,SCREENING,-7
S0283,SCREENING,-7
S0283,SCREENING,-7
S0283,C1D1,1
S0283,C1D1,1
S0283,C1D1,1
S0283,C1D2,2
S0283,C1D5,5
S0283,C1D8,8
S0283,C1D11,11
S0283,C2D7,35
S0283,C2D9,37
S0283,C2D10,38
S0283,C2D14,42
S0283,C2D15,43
S0283,C2D23,51
S0283,C3D9,65
S0283,C3D12,68
S0283,C3D14,70
S0283,C3D14,70
S0283,C4D1,85
S0283,C4D24,108
S0283,C5D3,115
S0283,C5D14,126
S0283,C5D14,126
S0283,C5D23,135
S0283,C5D26,138
S0283,C5D26,138
S0283,C5D28,140
S0283,C6D1,141
S0283,C6D4,144
S0283,C6D12,152
S0283,C6D15,155
S0283,C6D19,159
S0283,C6D23,163
S0283,EOT,168
S0283,unscheduled,185
S0283,unscheduled,192
S0283,unscheduled,194
S0283,unscheduled,196
S0284,SCREENING,-7
S0284,SCREENING,-7
S0284,SCREENING,-7
S0284,SCREENING,-7
S0284,SCREENING,-7
S0284,SCREENING,-7
S0284,SCREENING,-7
S0284,C1D1,1
S0284,C1D1,1
S0284,C1D1,1
S0284,C1D2,2
S0284,C1D9,9
S0284,C1D12,12
S0284,C2D14,42
S0284,C2D19,47
S0284,C2D20,48
S0284,C3D3,59
S0284,C3D3,59
S0284,C3D7,63
S0284,C3D8,64
S0284,unscheduled,64
S0284,EOT,64
S0284,C3D17,73
S0284,C4D9,93
S0285,SCREENING,-7
S0285,SCREENING,-7
S0285,SCREENING,-7
S0285,SCREENING,-7
S0285,SCREENING,-7
S0285,SCREENING,-7
S0285,SCREENING,-7
S0285,C1D1,1
S0285,C1D1,1
S0285,C1D1,1
S0285,C1D2,2
S0285,C1D7,7
S0285,C1D18,18
S0285,C2D8,36
S0285,C2D14,42
S0285,C2D16,44
S0285,C3D7,63
S0285,C3D23,79
S0285,C3D25,81
S0285,C3D26,82
S0285,C3D28,84
S0285,C3D28,84
S0285,C3D28,84
S0285,C4D8,92
S0285,C4D13,97
S0285,C4D14,98
S0285,C4D17,101
S0285,C4D18,102
S0285,C4D19,103
S0285,C5D2,114
S0285,C5D13,125
S0285,C5D17,129
S0285,C5D21,133
S0285,C5D21,133
S0285,C5D21,133
S0285,C5D24,136
S0285,C5D26,138
S0285,C6D6,146
S0285,EOT,168
S0285,unscheduled,183
S0286,SCREENING,-7
S0286,SCREENING,-7
S0286,SCREENING,-7
S0286,SCREENING,-7
S0286,SCREENING,-7
S0286,SCREENING,-7
S0286,SCREENING,-7
S0286,C1D1,1
S0286,C1D1,1
S0286,C1D1,1
S0286,C1D2,2
S0286,C1D17,17
S0286,C4D7,91
S0286,C4D11,95
S0286,C5D1,113
S0286,C5D2,114
S0286,EOT,168
S0287,SCREENING,-7
S0287,SCREENING,-7
S0287,SCREENING,-7
S0287,SCREENING,-7
S0287,SCREENING,-7
S0287,SCREENING,-7
S0287,SCREENING,-7
S0287,C1D1,1
S0287,C1D1,1
S0287,C1D2,2
S0287,C1D13,13
S0287,C1D16,16
S0287,C2D8,36
S0287,C2D22,50
S0287,C3D4,60
S0287,C3D4,60
S0287,C3D5,61
S0287,C3D9,65
S0287,C3D12,68
S0287,C3D20,76
S0287,C3D24,80
S0287,C3D26,82
S0287,C3D27,83
S0287,C4D1,85
S0287,unscheduled,98
S0287,EOT,98
S0287,C4D22,106
S0287,C5D10,122
S0287,C5D11,123
S0287,C5D11,123
S0288,SCREENING,-7
S0288,SCREENING,-7
S0288,SCREENING,-7
S0288,SCREENING,-7
S0288,SCREENING,-7
S0288,SCREENING,-7
S0288,SCREENING,-7
S0288,C1D1,1
S0288,C1D1,1
S0288,C1D2,2
S0288,C1D3,3
S0288,C1D5,5
S0288,C1D6,6
S0288,C1D7,7
S0288,C1D10,10
S0288,C1D10,10
S0288,C1D11,11
S0288,EOT,11
S0288,C1D15,15
S0288,C1D17,17
S0288,C1D17,17
S0288,C1D17,17
S0288,C1D17,17
S0288,C1D18,18
S0288,C1D19,19
S0288,C1D20,20
S0288,C1D22,22
S0288,C1D22,22
S0288,C1D22,22
S0288,C1D23,23
S0288,C1D24,24
S0288,C1D24,24
S0288,C1D26,26
S0288,C1D27,27
S0288,C2D3,31
S0288,C2D6,34
S0288,C2D6,34
S0288,C2D6,34
S0288,C2D7,35
S0288,C2D8,36
S0288,C2D8,36
S0288,C2D11,39
S0288,C2D12,40
S0288,C2D12,40
S0289,SCREENING,-7
S0289,SCREENING,-7
S0289,SCREENING,-7
S0289,SCREENING,-7
S0289,SCREENING,-7
S0289,SCREENING,-7
S0289,SCREENING,-7
S0289,C1D1,1
S0289,C1D1,1
S0289,C1D2,2
S0289,C1D2,2
S0289,C1D11,11
S0289,C1D15,15
S0289,C1D16,16
S0289,C2D3,31
S0289,C2D4,32
S0289,C2D13,41
S0289,C2D23,51
S0289,C3D19,75
S0289,C4D8,92
S0289,C4D19,103
S0289,C4D20,104
S0289,C5D2,114
S0289,C5D7,119
S0289,C5D13,125
S0289,C6D4,144
S0289,EOT,168
S0289,unscheduled,177
S0289,unscheduled,186
S0289,unscheduled,188
S0289,unscheduled,195
S0289,unscheduled,198
S0290,SCREENING,-7
S0290,SCREENING,-7
S0290,SCREENING,-7
S0290,SCREENING,-7
S0290,SCREENING,-7
S0290,SCREENING,-7
S0290,SCREENING,-7
S0290,C1D1,1
S0290,C1D1,1
S0290,C1D1,1
S0290,C1D2,2
S0290,C1D3,3
S0290,C1D4,4
S0290,C1D7,7
S0290,C1D7,7
S0290,C1D11,11
S0290,C1D11,11
S0290,EOT,13
S0290,C1D16,16
S0290,C1D16,16
S0290,C1D20,20
S0290,C1D20,20
S0290,C1D23,23
S0290,C1D24,24
S0290,C1D24,24
S0290,C1D26,26
S0290,C1D27,27
S0290,C1D27,27
S0290,C1D28,28
S0290,C1D28,28
S0290,C2D2,30
S0290,C2D5,33
S0290,C2D6,34
S0290,C2D7,35
S0290,C2D13,41
S0290,C2D13,41
S0290,C2D14,42
S0291,SCREENING,-7
S0291,SCREENING,-7
S0291,SCREENING,-7
S0291,SCREENING,-7
S0291,SCREENING,-7
S0291,SCREENING,-7
S0291,SCREENING,-7
S0291,C1D1,1
S0291,C1D1,1
S0291,C1D1,1
S0291,C1D2,2
S0291,C2D14,42
S0291,C3D5,61
S0291,C3D5,61
S0291,C3D12,68
S0291,C3D15,71
S0291,C3D21,77
S0291,C3D24,80
S0291,C4D4,88
S0291,C4D4,88
S0291,C4D9,93
S0291,C4D9,93
S0291,C4D23,107
S0291,C4D24,108
S0291,C5D25,137
S0291,C5D25,137
S0291,C6D10,150
S0291,C6D10,150
S0291,C6D13,153
S0291,C6D23,163
S0291,EOT,168
S0291,unscheduled,179
S0291,unscheduled,189
S0291,unscheduled,194
S0292,SCREENING,-7
S0292,SCREENING,-7
S0292,SCREENING,-7
S0292,SCREENING,-7
S0292,SCREENING,-7
S0292,SCREENING,-7
S0292,SCREENING,-7
S0292,C1D1,1
S0292,C1D1,1
S0292,C1D1,1
S0292,C1D2,2
S0292,C1D7,7
S0292,C1D16,16
S0292,C1D24,24
S0292,C1D24,24
S0292,C1D28,28
S0292,C1D28,28
S0292,C2D10,38
S0292,C3D7,63
S0292,C3D14,70
S0292,C4D1,85
S0292,C4D1,85
S0292,C4D12,96
S0292,C5D2,114
S0292,C5D3,115
S0292,C5D17,129
S0292,C5D17,129
S0292,C6D6,146
S0292,C6D8,148
S0292,unscheduled,162
S0292,EOT,162
S0292,unscheduled,175
S0292,unscheduled,175
S0292,unscheduled,182
S0293,SCREENING,-7
S0293,SCREENING,-7
S0293,SCREENING,-7
S0293,SCREENING,-7
S0293,SCREENING,-7
S0293,SCREENING,-7
S0293,SCREENING,-7
S0293,C1D1,1
S0293,C1D1,1
S0293,C1D2,2
S0293,C1D6,6
S0293,C1D16,16
S0293,C1D21,21
S0293,C1D23,23
S0293,C1D27,27
S0293,C2D22,50
S0293,C3D2,58
S0293,C3D10,66
S0293,C3D10,66
S0293,C4D1,85
S0293,C4D16,100
S0293,C4D16,100
S0293,C4D18,102
S0293,C4D27,111
S0293,C5D10,122
S0293,C5D16,128
S0293,C5D19,131
S0293,C5D19,131
S0293,C6D3,143
S0293,EOT,168
S0293,unscheduled,174
S0293,unscheduled,181
S0293,unscheduled,189
S0293,unscheduled,193
S0293,unscheduled,198
S0294,SCREENING,-7
S0294,SCREENING,-7
S0294,SCREENING,-7
S0294,SCREENING,-7
S0294,SCREENING,-7
S0294,SCREENING,-7
S0294,SCREENING,-7
S0294,C1D1,1
S0294,C1D1,1
S0294,C1D2,2
S0294,C1D12,12
S0294,C2D20,48
S0294,C4D2,86
S0294,C4D26,110
S0294,C6D17,157
S0294,C6D27,167
S0294,EOT,168
S0294,follow-up,723
S0295,SCREENING,-7
S0295,SCREENING,-7
S0295,SCREENING,-7
S0295,SCREENING,-7
S0295,SCREENING,-7
S0295,SCREENING,-7
S0295,SCREENING,-7
S0295,C1D1,1
S0295,C1D1,1
S0295,C1D1,1
S0295,C1D2,2
S0295,C1D4,4
S0295,C1D18,18
S0295,C2D3,31
S0295,C2D5,33
S0295,C2D9,37
S0295,C2D9,37
S0295,C2D16,44
S0295,C2D21,49
S0295,C3D3,59
S0295,C3D9,65
S0295,C3D19,75
S0295,C4D24,108
S0295,C5D9,121
S0295,C5D20,132
S0295,C6D4,144
S0295,C6D7,147
S0295,C6D11,151
S0295,C6D22,162
S0295,C6D23,163
S0295,EOT,168
S0296,SCREENING,-7
S0296,SCREENING,-7
S0296,SCREENING,-7
S0296,SCREENING,-7
S0296,SCREENING,-7
S0296,SCREENING,-7
S0296,SCREENING,-7
S0296,C1D1,1
S0296,C1D1,1
S0296,C1D1,1
S0296,C1D1,1
S0296,C1D1,1
S0296,C1D2,2
S0296,C1D12,12
S0296,C1D15,15
S0296,C1D25,25
S0296,C2D1,29
S0296,C2D10,38
S0296,C3D2,58
S0296,C3D2,58
S0296,C3D3,59
S0296,C3D3,59
S0296,C3D10,66
S0296,C3D15,71
S0296,C3D27,83
S0296,C4D3,87
S0296,C4D3,87
S0296,C6D11,151
S0296,EOT,168
S0296,unscheduled,180
S0296,unscheduled,180
S0296,unscheduled,196
S0297,SCREENING,-7
S0297,SCREENING,-7
S0297,SCREENING,-7
S0297,SCREENING,-7
S0297,SCREENING,-7
S0297,SCREENING,-7
S0297,SCREENING,-7
S0297,C1D1,1
S0297,C1D1,1
S0297,C1D1,1
S0297,C1D2,2
S0297,C1D23,23
S0297,C2D5,33
S0297,C2D9,37
S0297,C2D9,37
S0297,C2D26,54
S0297,C3D18,74
S0297,C3D27,83
S0297,C4D3,87
S0297,C4D28,112
S0297,C5D1,113
S0297,C5D1,113
S0297,C5D19,131
S0297,C6D11,151
S0297,C6D16,156
S0297,C6D20,160
S0297,C6D20,160
S0297,C6D20,160
S0297,EOT,168
S0297,unscheduled,193
S0297,unscheduled,197
S0298,SCREENING,-7
S0298,SCREENING,-7
S0298,SCREENING,-7
S0298,SCREENING,-7
S0298,SCREENING,-7
S0298,SCREENING,-7
S0298,SCREENING,-7
S0298,C1D1,1
S0298,C1D1,1
S0298,C1D1,1
S0298,C1D2,2
S0298,C1D5,5
S0298,C1D10,10
S0298,C1D15,15
S0298,C2D5,33
S0298,C2D6,34
S0298,C2D11,39
S0298,C3D4,60
S0298,C3D12,68
S0298,C3D19,75
S0298,C3D19,75
S0298,C3D25,81
S0298,C3D25,81
S0298,C4D20,104
S0298,C4D21,105
S0298,C4D25,109
S0298,C5D8,120
S0298,C5D8,120
S0298,C5D28,140
S0298,C6D1,141
S0298,C6D1,141
S0298,C6D13,153
S0298,C6D17,157
S0298,C6D23,163
S0298,EOT,168
S0298,unscheduled,172
S0298,unscheduled,182
S0298,unscheduled,183
S0298,unscheduled,193
S0299,SCREENING,-7
S0299,SCREENING,-7
S0299,SCREENING,-7
S0299,SCREENING,-7
S0299,SCREENING,-7
S0299,SCREENING,-7
S0299,SCREENING,-7
S0299,C1D1,1
S0299,C1D1,1
S0299,C1D2,2
S0299,C1D2,2
S0299,C1D2,2
S0299,C1D3,3
S0299,C1D5,5
S0299,C1D6,6
S0299,C1D6,6
S0299,C1D9,9
S0299,C1D12,12
S0299,C1D14,14
S0299,unscheduled,14
S0299,EOT,14
S0299,C1D16,16
S0299,C1D27,27
S0299,C2D6,34
S0299,C2D7,35
S0299,C2D8,36
S0299,C2D11,39
S0299,C2D16,44
S0299,C2D16,44
S0300,SCREENING,-7
S0300,SCREENING,-7
S0300,SCREENING,-7
S0300,SCREENING,-7
S0300,SCREENING,-7
S0300,SCREENING,-7
S0300,SCREENING,-7
S0300,C1D1,1
S0300,C1D1,1
S0300,C1D1,1
S0300,C1D2,2
S0300,C1D2,2
S0300,C1D19,19
S0300,C2D2,30
S0300,C2D14,42
S0300,C2D15,43
S0300,C2D15,43
S0300,C2D16,44
S0300,C2D17,45
S0300,C2D24,52
S0300,C2D27,55
S0300,C3D2,58
S0300,C3D6,62
S0300,C3D6,62
S0300,C3D16,72
S0300,C3D22,78
S0300,C4D4,88
S0300,C4D5,89
S0300,C4D15,99
S0300,C4D18,102
S0300,unscheduled,112
S0300,EOT,112
S0300,C5D16,128
S0301,SCREENING,-7
S0301,SCREENING,-7
S0301,SCREENING,-7
S0301,SCREENING,-7
S0301,SCREENING,-7
S0301,SCREENING,-7
S0301,SCREENING,-7
S0301,C1D1,1
S0301,C1D1,1
S0301,C1D1,1
S0301,C1D2,2
S0301,C1D8,8
S0301,C1D8,8
S0301,C1D19,19
S0301,C2D6,34
S0301,C2D28,56
S0301,C3D19,75
S0301,C3D20,76
S0301,C3D20,76
S0301,C3D21,77
S0301,C3D26,82
S0301,C4D2,86
S0301,C4D2,86
S0301,C4D7,91
S0301,C4D11,95
S0301,C4D11,95
S0301,C4D22,106
S0301,C4D22,106
S0301,C4D23,107
S0301,C4D23,107
S0301,C5D1,113
S0301,C5D3,115
S0301,C5D24,136
S0301,EOT,139
S0301,C6D10,150
S0301,C6D27,167
S0302,SCREENING,-7
S0302,SCREENING,-7
S0302,SCREENING,-7
S0302,SCREENING,-7
S0302,SCREENING,-7
S0302,SCREENING,-7
S0302,SCREENING,-7
S0302,C1D1,1
S0302,C1D1,1
S0302,C1D2,2
S0302,C1D12,12
S0302,C1D26,26
S0302,C2D11,39
S0302,C3D9,65
S0302,C4D24,108
S0302,C5D10,122
S0302,C5D12,124
S0302,C5D23,135
S0302,C6D6,146
S0302,C6D7,147
S0302,EOT,168
S0302,unscheduled,169
S0302,unscheduled,176
S0303,SCREENING,-7
S0303,SCREENING,-7
S0303,SCREENING,-7
S0303,SCREENING,-7
S0303,SCREENING,-7
S0303,SCREENING,-7
S0303,SCREENING,-7
S0303,C1D1,1
S0303,C1D1,1
S0303,C1D2,2
S0303,C1D2,2
S0303,C1D2,2
S0303,C1D6,6
S0303,C1D8,8
S0303,C1D12,12
S0303,C1D15,15
S0303,C1D15,15
S0303,C1D20,20
S0303,unscheduled,24
S0303,EOT,24
S0303,C2D1,29
S0303,C2D1,29
S0303,C2D2,30
S0303,C2D8,36
S0303,C2D9,37
S0303,C2D9,37
S0303,C2D11,39
S0303,C2D11,39
S0303,C2D12,40
S0303,C2D13,41
S0303,C2D20,48
S0303,C2D22,50
S0303,C2D23,51
S0303,C2D24,52
S0303,C2D25,53
S0303,C2D26,54
S0304,SCREENING,-7
S0304,SCREENING,-7
S0304,SCREENING,-7
S0304,SCREENING,-7
S0304,SCREENING,-7
S0304,SCREENING,-7
S0304,SCREENING,-7
S0304,C1D1,1
S0304,C1D1,1
S0304,C1D1,1
S0304,C1D2,2
S0304,C1D2,2
S0304,C1D2,2
S0304,C1D2,2
S0304,C1D7,7
S0304,C1D9,9
S0304,C1D9,9
S0304,C1D11,11
S0304,C1D13,13
S0304,C1D18,18
S0304,C1D19,19
S0304,C1D20,20
S0304,C1D20,20
S0304,C1D20,20
S0304,C1D21,21
S0304,C1D22,22
S0304,C1D24,24
S0304,C1D25,25
S0304,C1D27,27
S0304,C1D28,28
S0304,C2D8,36
S0304,C2D9,37
S0304,C2D11,39
S0304,C2D15,43
S0304,EOT,43
S0304,C2D17,45
S0304,C2D17,45
S0304,C2D27,55
S0304,C3D1,57
S0304,C3D2,58
S0304,C3D3,59
S0304,C3D3,59
S0304,C3D6,62
S0304,C3D7,63
S0304,C3D8,64
S0304,C3D8,64
S0304,C3D10,66
S0304,C3D12,68
S0304,C3D14,70
S0304,C3D16,72
S0304,C3D16,72
S0305,SCREENING,-7
S0305,SCREENING,-7
S0305,SCREENING,-7
S0305,SCREENING,-7
S0305,SCREENING,-7
S0305,SCREENING,-7
S0305,SCREENING,-7
S0305,C1D1,1
S0305,C1D1,1
S0305,C1D2,2
S0305,C1D3,3
S0305,C1D4,4
S0305,C1D8,8
S0305,C1D10,10
S0305,C1D10,10
S0305,unscheduled,12
S0305,EOT,12
S0305,C1D17,17
S0305,C1D18,18
S0305,C1D18,18
S0305,C1D18,18
S0305,C1D18,18
S0305,C1D18,18
S0305,C1D23,23
S0305,C1D24,24
S0305,C1D24,24
S0305,C1D24,24
S0305,C1D24,24
S0305,C2D4,32
S0305,C2D5,33
S0305,C2D5,33
S0305,C2D8,36
S0305,C2D9,37
S0305,C2D14,42
S0306,SCREENING,-7
S0306,SCREENING,-7
S0306,SCREENING,-7
S0306,SCREENING,-7
S0306,SCREENING,-7
S0306,SCREENING,-7
S0306,SCREENING,-7
S0306,C1D1,1
S0306,C1D1,1
S0306,C1D1,1
S0306,C1D2,2
S0306,C1D6,6
S0306,C1D6,6
S0306,C1D11,11
S0306,C1D28,28
S0306,C2D2,30
S0306,C2D4,32
S0306,C2D5,33
S0306,C2D6,34
S0306,C2D7,35
S0306,C2D10,38
S0306,C2D10,38
S0306,C2D12,40
S0306,C2D13,41
S0306,C2D14,42
S0306,C2D21,49
S0306,C3D1,57
S0306,C3D9,65
S0306,EOT,69
S0306,C3D15,71
S0306,C3D19,75
S0306,C3D25,81
S0306,C4D1,85
S0306,C4D2,86
S0307,SCREENING,-7
S0307,SCREENING,-7
S0307,SCREENING,-7
S0307,SCREENING,-7
S0307,SCREENING,-7
S0307,SCREENING,-7
S0307,SCREENING,-7
S0307,C1D1,1
S0307,C1D1,1
S0307,C1D2,2
S0307,C1D10,10
S0307,C1D10,10
S0307,C1D15,15
S0307,C2D1,29
S0307,C2D4,32
S0307,C2D5,33
S0307,C2D12,40
S0307,C2D12,40
S0307,C2D23,51
S0307,C2D24,52
S0307,C2D24,52
S0307,C3D2,58
S0307,C3D18,74
S0307,C4D16,100
S0307,C4D17,101
S0307,C4D18,102
S0307,C5D3,115
S0307,C5D8,120
S0307,C5D21,133
S0307,C6D7,147
S0307,C6D15,155
S0307,EOT,168
S0307,unscheduled,179
S0307,unscheduled,185
S0307,unscheduled,192
S0308,SCREENING,-7
S0308,SCREENING,-7
S0308,SCREENING,-7
S0308,SCREENING,-7
S0308,SCREENING,-7
S0308,SCREENING,-7
S0308,SCREENING,-7
S0308,C1D1,1
S0308,C1D1,1
S0308,C1D2,2
S0308,C1D6,6
S0308,C1D8,8
S0308,C1D10,10
S0308,C1D12,12
S0308,C1D12,12
S0308,C1D12,12
S0308,C1D13,13
S0308,C1D13,13
S0308,C1D14,14
S0308,C1D18,18
S0308,EOT,20
S0308,C1D22,22
S0308,C1D26,26
S0308,C2D2,30
S0308,C2D2,30
S0308,C2D3,31
S0308,C2D6,34
S0308,C2D6,34
S0308,C2D12,40
S0308,C2D15,43
S0308,C2D15,43
S0308,C2D16,44
S0308,C2D17,45
S0308,C2D20,48
S0308,C2D22,50
S0309,SCREENING,-7
S0309,SCREENING,-7
S0309,SCREENING,-7
S0309,SCREENING,-7
S0309,SCREENING,-7
S0309,SCREENING,-7
S0309,SCREENING,-7
S0309,C1D1,1
S0309,C1D1,1
S0309,C1D1,1
S0309,C1D2,2
S0309,C1D8,8
S0309,C1D12,12
S0309,C1D14,14
S0309,C2D4,32
S0309,C2D4,32
S0309,C2D5,33
S0309,C2D11,39
S0309,C3D19,75
S0309,C3D25,81
S0309,C4D6,90
S0309,C4D13,97
S0309,C5D13,125
S0309,C6D11,151
S0309,C6D24,164
S0309,C6D25,165
S0309,C6D25,165
S0309,EOT,168
S0309,unscheduled,182
S0309,unscheduled,198
S0310,SCREENING,-7
S0310,SCREENING,-7
S0310,SCREENING,-7
S0310,SCREENING,-7
S0310,SCREENING,-7
S0310,SCREENING,-7
S0310,SCREENING,-7
S0310,C1D1,1
S0310,C1D1,1
S0310,C1D1,1
S0310,C1D2,2
S0310,C1D3,3
S0310,C1D7,7
S0310,C1D9,9
S0310,C1D9,9
S0310,C1D10,10
S0310,C1D22,22
S0310,C1D22,22
S0310,C1D24,24
S0310,C2D1,29
S0310,C2D6,34
S0310,C2D12,40
S0310,C2D22,50
S0310,C2D22,50
S0310,C2D28,56
S0310,C3D11,67
S0310,C3D11,67
S0310,C3D13,69
S0310,C3D14,70
S0310,C3D15,71
S0310,C4D2,86
S0310,C4D3,87
S0310,C4D4,88
S0310,C4D14,98
S0310,C5D2,114
S0310,C5D12,124
S0310,C5D27,139
S0310,C6D5,145
S0310,C6D7,147
S0310,C6D11,151
S0310,C6D16,156
S0310,C6D26,166
S0310,EOT,168
S0310,unscheduled,171
S0310,unscheduled,179
S0310,unscheduled,180
S0310,unscheduled,180
S0310,unscheduled,189
S0310,unscheduled,189
S0310,unscheduled,197
S0311,SCREENING,-7
S0311,SCREENING,-7
S0311,SCREENING,-7
S0311,SCREENING,-7
S0311,SCREENING,-7
S0311,SCREENING,-7
S0311,SCREENING,-7
S0311,C1D1,1
S0311,C1D1,1
S0311,C1D2,2
S0311,C1D4,4
S0311,C1D11,11
S0311,C1D11,11
S0311,C1D13,13
S0311,C1D15,15
S0311,C1D26,26
S0311,C2D4,32
S0311,C2D9,37
S0311,C2D10,38
S0311,C2D11,39
S0311,C2D19,47
S0311,C2D22,50
S0311,C3D6,62
S0311,C3D9,65
S0311,C3D12,68
S0311,C3D16,72
S0311,C3D16,72
S0311,C4D2,86
S0311,C4D9,93
S0311,C4D9,93
S0311,C4D15,99
S0311,C4D15,99
S0311,C4D20,104
S0311,C4D22,106
S0311,C4D26,110
S0311,C5D4,116
S0311,C5D5,117
S0311,C5D5,117
S0311,C5D6,118
S0311,C5D7,119
S0311,C6D3,143
S0311,C6D9,149
S0311,C6D9,149
S0311,C6D16,156
S0311,EOT,168
S0311,unscheduled,170
S0311,unscheduled,171
S0311,unscheduled,171
S0311,unscheduled,173
S0311,unscheduled,174
S0311,unscheduled,178
S0311,unscheduled,183
S0311,unscheduled,190
S0311,unscheduled,191
S0312,SCREENING,-7
S0312,SCREENING,-7
S0312,SCREENING,-7
S0312,SCREENING,-7
S0312,SCREENING,-7
S0312,SCREENING,-7
S0312,SCREENING,-7
S0312,C1D1,1
S0312,C1D1,1
S0312,C1D1,1
S0312,C1D2,2
S0312,C1D12,12
S0312,C1D12,12
S0312,C2D6,34
S0312,C2D8,36
S0312,C2D24,52
S0312,C3D14,70
S0312,C3D14,70
S0312,C3D20,76
S0312,C4D18,102
S0312,C4D25,109
S0312,C5D2,114
S0312,C5D3,115
S0312,C5D3,115
S0312,C5D5,117
S0312,C5D9,121
S0312,C6D11,151
S0312,C6D11,151
S0312,EOT,168
S0312,unscheduled,175
S0312,unscheduled,177
S0312,unscheduled,193
S0312,unscheduled,195
S0313,SCREENING,-7
S0313,SCREENING,-7
S0313,SCREENING,-7
S0313,SCREENING,-7
S0313,SCREENING,-7
S0313,SCREENING,-7
S0313,SCREENING,-7
S0313,C1D1,1
S0313,C1D1,1
S0313,C1D1,1
S0313,C1D2,2
S0313,C1D2,2
S0313,C1D2,2
S0313,C1D3,3
S0313,C1D7,7
S0313,C1D8,8
S0313,C1D25,25
S0313,C2D5,33
S0313,C2D13,41
S0313,C2D14,42
S0313,C3D13,69
S0313,C3D26,82
S0313,C4D22,106
S0313,C4D22,106
S0313,C4D24,108
S0313,C5D12,124
S0313,C5D22,134
S0313,C5D25,137
S0313,C6D19,159
S0313,EOT,168
S0313,unscheduled,197
S0314,SCREENING,-7
S0314,SCREENING,-7
S0314,SCREENING,-7
S0314,SCREENING,-7
S0314,SCREENING,-7
S0314,SCREENING,-7
S0314,SCREENING,-7
S0314,C1D1,1
S0314,C1D1,1
S0314,C1D1,1
S0314,C1D2,2
S0314,C1D7,7
S0314,C1D8,8
S0314,C1D12,12
S0314,C1D12,12
S0314,C1D18,18
S0314,C1D24,24
S0314,C1D27,27
S0314,C2D5,33
S0314,C2D10,38
S0314,C2D12,40
S0314,C2D18,46
S0314,C2D19,47
S0314,C2D19,47
S0314,C2D20,48
S0314,C2D22,50
S0314,C3D5,61
S0314,C3D7,63
S0314,C3D7,63
S0314,C3D9,65
S0314,C3D11,67
S0314,C3D11,67
S0314,C3D21,77
S0314,C3D25,81
S0314,C4D9,93
S0314,C4D11,95
S0314,C4D14,98
S0314,C4D15,99
S0314,C4D15,99
S0314,C5D4,116
S0314,C5D7,119
S0314,C5D11,123
S0314,C5D28,140
S0314,C6D8,148
S0314,C6D12,152
S0314,C6D24,164
S0314,C6D24,164
S0314,C6D24,164
S0314,EOT,168
S0314,unscheduled,174
S0314,unscheduled,179
S0314,unscheduled,181
S0314,unscheduled,187
S0314,unscheduled,193
S0314,unscheduled,196
S0314,unscheduled,198
S0315,SCREENING,-7
S0315,SCREENING,-7
S0315,SCREENING,-7
S0315,SCREENING,-7
S0315,SCREENING,-7
S0315,SCREENING,-7
S0315,SCREENING,-7
S0315,C1D1,1
S0315,C1D1,1
S0315,C1D2,2
S0315,C1D4,4
S0315,C1D23,23
S0315,C1D24,24
S0315,C2D6,34
S0315,C2D22,50
S0315,C3D13,69
S0315,C4D3,87
S0315,C4D3,87
S0315,C4D18,102
S0315,C4D18,102
S0315,C5D22,134
S0315,C6D3,143
S0315,C6D3,143
S0315,C6D15,155
S0315,C6D15,155
S0315,EOT,168
S0315,unscheduled,176
S0315,unscheduled,187
S0315,unscheduled,197
S0316,SCREENING,-7
S0316,SCREENING,-7
S0316,SCREENING,-7
S0316,SCREENING,-7
S0316,SCREENING,-7
S0316,SCREENING,-7
S0316,SCREENING,-7
S0316,C1D1,1
S0316,C1D1,1
S0316,C1D1,1
S0316,C1D2,2
S0316,C1D5,5
S0316,C1D8,8
S0316,C1D10,10
S0316,C1D19,19
S0316,C1D25,25
S0316,C1D26,26
S0316,C1D27,27
S0316,C1D27,27
S0316,C2D2,30
S0316,C2D6,34
S0316,C2D7,35
S0316,C2D22,50
S0316,C2D23,51
S0316,C3D2,58
S0316,C3D2,58
S0316,C3D4,60
S0316,C3D4,60
S0316,C3D8,64
S0316,C3D15,71
S0316,C3D17,73
S0316,C3D22,78
S0316,C4D1,85
S0316,C4D2,86
S0316,C4D5,89
S0316,C4D5,89
S0316,C4D7,91
S0316,C4D14,98
S0316,C4D15,99
S0316,C4D15,99
S0316,C4D22,106
S0316,C4D27,111
S0316,C5D3,115
S0316,C5D3,115
S0316,C5D12,124
S0316,C5D12,124
S0316,C5D14,126
S0316,C5D16,128
S0316,C5D18,130
S0316,C5D28,140
S0316,C6D7,147
S0316,C6D12,152
S0316,C6D21,161
S0316,unscheduled,162
S0316,EOT,162
S0316,C6D24,164
S0316,C6D27,167
S0316,unscheduled,169
S0316,unscheduled,170
S0316,unscheduled,183
S0316,unscheduled,186
S0316,unscheduled,191
S0317,SCREENING,-7
S0317,SCREENING,-7
S0317,SCREENING,-7
S0317,SCREENING,-7
S0317,SCREENING,-7
S0317,SCREENING,-7
S0317,SCREENING,-7
S0317,C1D1,1
S0317,C1D1,1
S0317,C1D1,1
S0317,C1D2,2
S0317,C1D3,3
S0317,C1D5,5
S0317,C1D16,16
S0317,C1D19,19
S0317,C1D24,24
S0317,C1D24,24
S0317,C2D4,32
S0317,C2D23,51
S0317,C3D4,60
S0317,C3D24,80
S0317,C4D15,99
S0317,C5D23,135
S0317,C5D26,138
S0317,C6D1,141
S0317,C6D2,142
S0317,C6D8,148
S0317,C6D8,148
S0317,EOT,168
S0317,unscheduled,172
S0317,unscheduled,176
S0317,unscheduled,184
S0317,unscheduled,184
S0317,unscheduled,196
S0318,SCREENING,-7
S0318,SCREENING,-7
S0318,SCREENING,-7
S0318,SCREENING,-7
S0318,SCREENING,-7
S0318,SCREENING,-7
S0318,SCREENING,-7
S0318,C1D1,1
S0318,C1D1,1
S0318,C1D1,1
S0318,C1D2,2
S0318,C1D15,15
S0318,C1D18,18
S0318,C1D27,27
S0318,C2D11,39
S0318,C2D13,41
S0318,C2D14,42
S0318,C2D15,43
S0318,C2D23,51
S0318,C4D8,92
S0318,C4D15,99
S0318,C4D17,101
S0318,C5D2,114
S0318,C5D11,123
S0318,C5D20,132
S0318,C5D26,138
S0318,C5D27,139
S0318,C6D5,145
S0318,C6D13,153
S0318,C6D18,158
S0318,EOT,168
S0318,unscheduled,176
S0318,unscheduled,187
S0318,unscheduled,188
S0318,unscheduled,190
S0319,SCREENING,-7
S0319,SCREENING,-7
S0319,SCREENING,-7
S0319,SCREENING,-7
S0319,SCREENING,-7
S0319,SCREENING,-7
S0319,SCREENING,-7
S0319,C1D1,1
S0319,C1D1,1
S0319,C1D2,2
S0319,C1D3,3
S0319,C1D16,16
S0319,C2D4,32
S0319,C2D5,33
S0319,C2D24,52
S0319,C2D24,52
S0319,C3D14,70
S0319,C3D28,84
S0319,C3D28,84
S0319,C4D17,101
S0319,C4D17,101
S0319,C4D19,103
S0319,C4D21,105
S0319,C4D25,109
S0319,C5D5,117
S0319,C5D22,134
S0319,C5D22,134
S0319,C5D23,135
S0319,EOT,168
S0319,unscheduled,177
S0319,unscheduled,185
S0319,unscheduled,187
S0320,SCREENING,-7
S0320,SCREENING,-7
S0320,SCREENING,-7
S0320,SCREENING,-7
S0320,SCREENING,-7
S0320,SCREENING,-7
S0320,SCREENING,-7
S0320,C1D1,1
S0320,C1D1,1
S0320,C1D2,2
S0320,C1D10,10
S0320,C2D20,48
S0320,C2D28,56
S0320,C3D4,60
S0320,C3D20,76
S0320,C4D2,86
S0320,C4D3,87
S0320,C4D28,112
S0320,C6D26,166
S0320,EOT,168
S0321,SCREENING,-7
S0321,SCREENING,-7
S0321,SCREENING,-7
S0321,SCREENING,-7
S0321,SCREENING,-7
S0321,SCREENING,-7
S0321,SCREENING,-7
S0321,C1D1,1
S0321,C1D1,1
S0321,C1D2,2
S0321,C1D8,8
S0321,C1D24,24
S0321,C1D25,25
S0321,C2D4,32
S0321,C2D13,41
S0321,C2D24,52
S0321,C2D24,52
S0321,C2D24,52
S0321,C4D1,85
S0321,C4D6,90
S0321,C4D13,97
S0321,C4D23,107
S0321,C5D19,131
S0321,C5D24,136
S0321,EOT,168
S0321,unscheduled,190
S0321,unscheduled,193
S0322,SCREENING,-7
S0322,SCREENING,-7
S0322,SCREENING,-7
S0322,SCREENING,-7
S0322,SCREENING,-7
S0322,SCREENING,-7
S0322,SCREENING,-7
S0322,C1D1,1
S0322,C1D1,1
S0322,C1D2,2
S0322,C1D10,10
S0322,C1D20,20
S0322,C1D20,20
S0322,C2D1,29
S0322,C2D8,36
S0322,C2D9,37
S0322,C2D10,38
S0322,C3D5,61
S0322,C3D14,70
S0322,C4D12,96
S0322,EOT,98
S0322,C4D15,99
S0323,SCREENING,-7
S0323,SCREENING,-7
S0323,SCREENING,-7
S0323,SCREENING,-7
S0323,SCREENING,-7
S0323,SCREENING,-7
S0323,SCREENING,-7
S0323,C1D1,1
S0323,C1D1,1
S0323,C1D2,2
S0323,C1D6,6
S0323,C1D25,25
S0323,C2D7,35
S0323,C2D15,43
S0323,C2D17,45
S0323,C2D18,46
S0323,C2D22,50
S0323,C2D27,55
S0323,C3D1,57
S0323,C3D2,58
S0323,C3D5,61
S0323,C3D5,61
S0323,C3D16,72
S0323,C3D24,80
S0323,C3D25,81
S0323,C4D4,88
S0323,C4D11,95
S0323,unscheduled,100
S0323,EOT,100
S0323,C4D21,105
S0323,C4D22,106
S0323,C4D25,109
S0323,C4D26,110
S0323,C4D28,112
S0323,C5D13,125
S0324,SCREENING,-7
S0324,SCREENING,-7
S0324,SCREENING,-7
S0324,SCREENING,-7
S0324,SCREENING,-7
S0324,SCREENING,-7
S0324,SCREENING,-7
S0324,C1D1,1
S0324,C1D1,1
S0324,C1D1,1
S0324,C1D2,2
S0324,C1D3,3
S0324,C1D4,4
S0324,C1D5,5
S0324,C1D8,8
S0324,C1D9,9
S0324,C1D10,10
S0324,C1D11,11
S0324,C2D4,32
S0324,C2D6,34
S0324,C2D7,35
S0324,C2D17,45
S0324,C2D18,46
S0324,C2D23,51
S0324,C2D26,54
S0324,C3D3,59
S0324,C3D19,75
S0324,C3D20,76
S0324,C3D25,81
S0324,C3D26,82
S0324,C3D27,83
S0324,C3D28,84
S0324,C3D28,84
S0324,C4D7,91
S0324,unscheduled,92
S0324,EOT,92
S0324,C4D20,104
S0324,C5D3,115
S0324,C5D6,118
S0324,C5D9,121
S0325,SCREENING,-7
S0325,SCREENING,-7
S0325,SCREENING,-7
S0325,SCREENING,-7
S0325,SCREENING,-7
S0325,SCREENING,-7
S0325,SCREENING,-7
S0325,C1D1,1
S0325,C1D1,1
S0325,C1D1,1
S0325,C1D2,2
S0325,C1D6,6
S0325,C1D9,9
S0325,C1D24,24
S0325,C2D2,30
S0325,C2D5,33
S0325,C2D5,33
S0325,C3D15,71
S0325,C3D21,77
S0325,C3D21,77
S0325,C3D24,80
S0325,C4D21,105
S0325,C4D22,106
S0325,C4D26,110
S0325,C4D27,111
S0325,C5D8,120
S0325,C5D19,131
S0325,C6D11,151
S0325,C6D11,151
S0325,C6D19,159
S0325,EOT,168
S0325,unscheduled,170
S0325,unscheduled,186
S0326,SCREENING,-7
S0326,SCREENING,-7
S0326,SCREENING,-7
S0326,SCREENING,-7
S0326,SCREENING,-7
S0326,SCREENING,-7
S0326,SCREENING,-7
S0326,C1D1,1
S0326,C1D1,1
S0326,C1D2,2
S0326,C2D11,39
S0326,C4D1,85
S0326,C4D15,99
S0326,C5D18,130
S0326,C6D3,143
S0326,C6D28,168
S0326,EOT,168
S0326,unscheduled,173
S0327,SCREENING,-7
S0327,SCREENING,-7
S0327,SCREENING,-7
S0327,SCREENING,-7
S0327,SCREENING,-7
S0327,SCREENING,-7
S0327,SCREENING,-7
S0327,C1D1,1
S0327,C1D1,1
S0327,C1D2,2
S0327,C1D14,14
S0327,C2D28,56
S0327,C3D11,67
S0327,C4D22,106
S0327,unscheduled,130
S0327,EOT,130
S0327,C5D21,133
S0327,C6D4,144
S0328,SCREENING,-7
S0328,SCREENING,-7
S0328,SCREENING,-7
S0328,SCREENING,-7
S0328,SCREENING,-7
S0328,SCREENING,-7
S0328,SCREENING,-7
S0328,C1D1,1
S0328,C1D1,1
S0328,C1D2,2
S0328,C1D10,10
S0328,C2D6,34
S0328,C2D22,50
S0328,C3D17,73
S0328,C3D21,77
S0328,C3D21,77
S0328,C3D24,80
S0328,C3D24,80
S0328,C4D20,104
S0328,C5D8,120
S0328,C5D17,129
S0328,C5D17,129
S0328,C5D20,132
S0328,C6D4,144
S0328,C6D5,145
S0328,C6D10,150
S0328,C6D28,168
S0328,EOT,168
S0328,unscheduled,186
S0328,unscheduled,191
S0329,SCREENING,-7
S0329,SCREENING,-7
S0329,SCREENING,-7
S0329,SCREENING,-7
S0329,SCREENING,-7
S0329,SCREENING,-7
S0329,SCREENING,-7
S0329,C1D1,1
S0329,C1D1,1
S0329,C1D1,1
S0329,C1D2,2
S0329,C1D14,14
S0329,C1D28,28
S0329,C1D28,28
S0329,C2D11,39
S0329,C2D28,56
S0329,C3D22,78
S0329,C3D22,78
S0329,C4D4,88
S0329,C4D10,94
S0329,C4D19,103
S0329,C4D27,111
S0329,C5D12,124
S0329,C5D17,129
S0329,C5D24,136
S0329,C5D24,136
S0329,C5D25,137
S0329,C6D3,143
S0329,C6D5,145
S0329,C6D8,148
S0329,C6D15,155
S0329,EOT,168
S0329,unscheduled,181
S0329,unscheduled,181
S0329,unscheduled,182
S0329,unscheduled,183
S0329,unscheduled,195
S0330,SCREENING,-7
S0330,SCREENING,-7
S0330,SCREENING,-7
S0330,SCREENING,-7
S0330,SCREENING,-7
S0330,SCREENING,-7
S0330,SCREENING,-7
S0330,C1D1,1
S0330,C1D1,1
S0330,C1D1,1
S0330,C1D1,1
S0330,C1D2,2
S0330,C1D2,2
S0330,C1D2,2
S0330,C1D3,3
S0330,C1D3,3
S0330,C1D4,4
S0330,C1D5,5
S0330,C1D5,5
S0330,C1D5,5
S0330,C1D5,5
S0330,C1D7,7
S0330,C1D8,8
S0330,C1D8,8
S0330,C1D8,8
S0330,C1D8,8
S0330,C1D9,9
S0330,C1D10,10
S0330,C1D11,11
S0330,C1D11,11
S0330,C1D11,11
S0330,C1D12,12
S0330,C1D12,12
S0330,C1D12,12
S0330,C1D13,13
S0330,C1D13,13
S0330,C1D14,14
S0330,C1D15,15
S0330,C1D16,16
S0330,C1D17,17
S0330,EOT,19
S0330,C1D20,20
S0330,C1D21,21
S0330,C1D21,21
S0330,C1D21,21
S0330,C1D22,22
S0330,C1D23,23
S0330,C1D23,23
S0330,C1D23,23
S0330,C1D23,23
S0330,C1D26,26
S0330,C1D27,27
S0330,C1D27,27
S0330,C1D28,28
S0330,C1D28,28
S0330,C1D28,28
S0330,C2D2,30
S0330,C2D2,30
S0330,C2D2,30
S0330,C2D3,31
S0330,C2D3,31
S0330,C2D4,32
S0330,C2D4,32
S0330,C2D4,32
S0330,C2D5,33
S0330,C2D6,34
S0330,C2D6,34
S0330,C2D7,35
S0330,C2D7,35
S0330,C2D9,37
S0330,C2D9,37
S0330,C2D10,38
S0330,C2D10,38
S0330,C2D11,39
S0330,C2D11,39
S0330,C2D13,41
S0330,C2D14,42
S0330,C2D14,42
S0330,C2D15,43
S0330,C2D16,44
S0330,C2D17,45
S0330,C2D17,45
S0330,C2D18,46
S0330,C2D18,46
S0330,C2D19,47
S0330,C2D20,48
S0330,C2D20,48
S0330,C2D20,48
S0330,C2D21,49
S0331,SCREENING,-7
S0331,SCREENING,-7
S0331,SCREENING,-7
S0331,SCREENING,-7
S0331,SCREENING,-7
S0331,SCREENING,-7
S0331,SCREENING,-7
S0331,C1D1,1
S0331,C1D1,1
S0331,C1D1,1
S0331,C1D1,1
S0331,C1D1,1
S0331,C1D2,2
S0331,C1D18,18
S0331,C2D3,31
S0331,C2D19,47
S0331,C2D23,51
S0331,C3D5,61
S0331,C3D10,66
S0331,C3D10,66
S0331,C3D15,71
S0331,C3D15,71
S0331,C3D27,83
S0331,C3D27,83
S0331,C4D13,97
S0331,C4D27,111
S0331,C5D1,113
S0331,C5D13,125
S0331,C6D23,163
S0331,C6D24,164
S0331,EOT,168
S0331,unscheduled,172
S0331,unscheduled,188
S0331,unscheduled,193
S0331,unscheduled,193
S0332,SCREENING,-7
S0332,SCREENING,-7
S0332,SCREENING,-7
S0332,SCREENING,-7
S0332,SCREENING,-7
S0332,SCREENING,-7
S0332,SCREENING,-7
S0332,C1D1,1
S0332,C1D1,1
S0332,C1D2,2
S0332,C1D5,5
S0332,C1D21,21
S0332,C1D25,25
S0332,C3D3,59
S0332,C3D8,64
S0332,C5D18,130
S0332,EOT,168
S0332,unscheduled,182
S0332,unscheduled,182
S0333,SCREENING,-7
S0333,SCREENING,-7
S0333,SCREENING,-7
S0333,SCREENING,-7
S0333,SCREENING,-7
S0333,SCREENING,-7
S0333,SCREENING,-7
S0333,C1D1,1
S0333,C1D1,1
S0333,C1D1,1
S0333,C1D2,2
S0333,C1D7,7
S0333,C1D9,9
S0333,C1D10,10
S0333,C1D12,12
S0333,C1D13,13
S0333,C1D13,13
S0333,C1D15,15
S0333,C1D17,17
S0333,C1D19,19
S0333,C1D20,20
S0333,C1D21,21
S0333,C2D9,37
S0333,C2D12,40
S0333,C2D13,41
S0333,C2D13,41
S0333,C2D17,45
S0333,C2D17,45
S0333,C2D20,48
S0333,C2D20,48
S0333,C2D24,52
S0333,C2D27,55
S0333,C2D27,55
S0333,C2D28,56
S0333,C2D28,56
S0333,C3D2,58
S0333,C3D4,60
S0333,C3D4,60
S0333,C3D4,60
S0333,C3D5,61
S0333,C3D14,70
S0333,C3D14,70
S0333,C3D19,75
S0333,C3D20,76
S0333,C3D22,78
S0333,C3D23,79
S0333,C3D23,79
S0333,C3D25,81
S0333,C4D2,86
S0333,C4D3,87
S0333,C4D6,90
S0333,C4D10,94
S0333,C4D10,94
S0333,C4D12,96
S0333,C4D14,98
S0333,C4D16,100
S0333,C4D23,107
S0333,C4D25,109
S0333,C4D25,109
S0333,C4D28,112
S0333,C4D28,112
S0333,C5D4,116
S0333,C5D6,118
S0333,C5D10,122
S0333,C5D14,126
S0333,C5D16,128
S0333,C5D28,140
S0333,C6D3,143
S0333,C6D4,144
S0333,C6D9,149
S0333,C6D14,154
S0333,C6D14,154
S0333,C6D15,155
S0333,C6D17,157
S0333,C6D19,159
S0333,C6D22,162
S0333,C6D28,168
S0333,EOT,168
S0333,unscheduled,171
S0333,unscheduled,172
S0333,unscheduled,174
S0333,unscheduled,174
S0333,unscheduled,177
S0333,unscheduled,179
S0333,unscheduled,179
S0333,unscheduled,181
S0333,unscheduled,183
S0333,unscheduled,184
S0333,unscheduled,185
S0333,unscheduled,185
S0333,unscheduled,187
S0333,unscheduled,190
S0333,unscheduled,195
S0334,SCREENING,-7
S0334,SCREENING,-7
S0334,SCREENING,-7
S0334,SCREENING,-7
S0334,SCREENING,-7
S0334,SCREENING,-7
S0334,SCREENING,-7
S0334,C1D1,1
S0334,C1D1,1
S0334,C1D2,2
S0334,C1D24,24
S0334,C2D3,31
S0334,C2D14,42
S0334,C3D2,58
S0334,C3D6,62
S0334,C4D18,102
S0334,C5D10,122
S0334,C5D12,124
S0334,C5D13,125
S0334,C5D13,125
S0334,C5D14,126
S0334,C5D16,128
S0334,C5D18,130
S0334,C5D18,130
S0334,C5D18,130
S0334,C5D21,133
S0334,C6D6,146
S0334,C6D23,163
S0334,C6D23,163
S0334,EOT,168
S0334,unscheduled,180
S0334,unscheduled,194
S0334,follow-up,656
S0335,SCREENING,-7
S0335,SCREENING,-7
S0335,SCREENING,-7
S0335,SCREENING,-7
S0335,SCREENING,-7
S0335,SCREENING,-7
S0335,SCREENING,-7
S0335,C1D1,1
S0335,C1D1,1
S0335,C1D1,1
S0335,C1D2,2
S0335,C1D13,13
S0335,C1D25,25
S0335,C1D25,25
S0335,C2D4,32
S0335,C2D15,43
S0335,C2D18,46
S0335,C3D12,68
S0335,C4D17,101
S0335,C4D27,111
S0335,C5D10,122
S0335,C5D24,136
S0335,C6D4,144
S0335,C6D4,144
S0335,C6D13,153
S0335,C6D15,155
S0335,C6D21,161
S0335,C6D21,161
S0335,C6D24,164
S0335,EOT,168
S0335,unscheduled,198
S0336,SCREENING,-7
S0336,SCREENING,-7
S0336,SCREENING,-7
S0336,SCREENING,-7
S0336,SCREENING,-7
S0336,SCREENING,-7
S0336,SCREENING,-7
S0336,C1D1,1
S0336,C1D1,1
S0336,C1D2,2
S0336,C2D2,30
S0336,C2D7,35
S0336,C2D7,35
S0336,C2D22,50
S0336,C2D27,55
S0336,C3D5,61
S0336,C3D24,80
S0336,C3D25,81
S0336,C4D4,88
S0336,C4D5,89
S0336,C4D19,103
S0336,C5D1,113
S0336,C5D19,131
S0336,C6D7,147
S0336,C6D7,147
S0336,C6D12,152
S0336,C6D25,165
S0336,C6D26,166
S0336,EOT,168
S0336,unscheduled,169
S0336,unscheduled,175
S0336,unscheduled,185
S0336,unscheduled,189
S0336,unscheduled,189
S0336,unscheduled,193
S0336,unscheduled,194
S0337,SCREENING,-7
S0337,SCREENING,-7
S0337,SCREENING,-7
S0337,SCREENING,-7
S0337,SCREENING,-7
S0337,SCREENING,-7
S0337,SCREENING,-7
S0337,C1D1,1
S0337,C1D1,1
S0337,C1D1,1
S0337,C1D1,1
S0337,C1D2,2
S0337,C1D2,2
S0337,C1D4,4
S0337,unscheduled,5
S0337,EOT,5
S0337,C1D6,6
S0337,C1D6,6
S0337,C1D7,7
S0337,C1D8,8
S0337,C1D9,9
S0337,C1D11,11
S0337,C1D12,12
S0337,C1D13,13
S0337,C1D15,15
S0337,C1D18,18
S0337,C1D22,22
S0337,C1D22,22
S0337,C1D22,22
S0337,C1D24,24
S0337,C2D5,33
S0338,SCREENING,-7
S0338,SCREENING,-7
S0338,SCREENING,-7
S0338,SCREENING,-7
S0338,SCREENING,-7
S0338,SCREENING,-7
S0338,SCREENING,-7
S0338,C1D1,1
S0338,C1D1,1
S0338,C1D1,1
S0338,C1D2,2
S0338,C1D8,8
S0338,C1D20,20
S0338,C2D4,32
S0338,C2D4,32
S0338,C2D5,33
S0338,C2D7,35
S0338,C2D14,42
S0338,C2D23,51
S0338,C3D2,58
S0338,C3D6,62
S0338,C3D16,72
S0338,C3D16,72
S0338,C3D22,78
S0338,C4D2,86
S0338,C4D2,86
S0338,C4D6,90
S0338,C4D12,96
S0338,C4D14,98
S0338,C4D15,99
S0338,C4D23,107
S0338,C5D18,130
S0338,C6D3,143
S0338,C6D8,148
S0338,C6D19,159
S0338,EOT,168
S0338,unscheduled,174
S0338,unscheduled,181
S0338,unscheduled,191
S0338,unscheduled,191
S0339,SCREENING,-7
S0339,SCREENING,-7
S0339,SCREENING,-7
S0339,SCREENING,-7
S0339,SCREENING,-7
S0339,SCREENING,-7
S0339,SCREENING,-7
S0339,C1D1,1
S0339,C1D1,1
S0339,C1D1,1
S0339,C1D2,2
S0339,C1D2,2
S0339,C1D19,19
S0339,C1D20,20
S0339,C1D23,23
S0339,C2D4,32
S0339,C2D6,34
S0339,C3D10,66
S0339,C3D26,82
S0339,C3D26,82
S0339,C4D13,97
S0339,C4D20,104
S0339,C4D20,104
S0339,C4D28,112
S0339,C5D5,117
S0339,C5D14,126
S0339,C5D17,129
S0339,C5D26,138
S0339,C6D5,145
S0339,C6D5,145
S0339,C6D10,150
S0339,EOT,168
S0339,unscheduled,175
S0339,unscheduled,194
S0340,SCREENING,-7
S0340,SCREENING,-7
S0340,SCREENING,-7
S0340,SCREENING,-7
S0340,SCREENING,-7
S0340,SCREENING,-7
S0340,SCREENING,-7
S0340,C1D1,1
S0340,C1D1,1
S0340,C1D1,1
S0340,C1D2,2
S0340,C1D26,26
S0340,C2D6,34
S0340,C2D18,46
S0340,C2D20,48
S0340,C3D5,61
S0340,C3D13,69
S0340,C3D26,82
S0340,C4D17,101
S0340,C4D20,104
S0340,C4D22,106
S0340,C4D26,110
S0340,C4D28,112
S0340,C5D7,119
S0340,C5D11,123
S0340,C5D21,133
S0340,C5D22,134
S0340,C6D15,155
S0340,C6D19,159
S0340,C6D25,165
S0340,EOT,168
S0341,SCREENING,-7
S0341,SCREENING,-7
S0341,SCREENING,-7
S0341,SCREENING,-7
S0341,SCREENING,-7
S0341,SCREENING,-7
S0341,SCREENING,-7
S0341,C1D1,1
S0341,C1D1,1
S0341,C1D1,1
S0341,C1D2,2
S0341,C1D4,4
S0341,C1D9,9
S0341,C1D21,21
S0341,C1D21,21
S0341,C1D24,24
S0341,C1D26,26
S0341,C1D27,27
S0341,C2D23,51
S0341,C4D5,89
S0341,C4D7,91
S0341,C5D12,124
S0341,C5D12,124
S0341,C5D19,131
S0341,C6D8,148
S0341,C6D8,148
S0341,C6D10,150
S0341,C6D20,160
S0341,C6D21,161
S0341,EOT,168
S0341,unscheduled,169
S0341,unscheduled,173
S0342,SCREENING,-7
S0342,SCREENING,-7
S0342,SCREENING,-7
S0342,SCREENING,-7
S0342,SCREENING,-7
S0342,SCREENING,-7
S0342,SCREENING,-7
S0342,C1D1,1
S0342,C1D1,1
S0342,C1D1,1
S0342,C1D2,2
S0342,C1D19,19
S0342,C1D27,27
S0342,C2D8,36
S0342,C2D15,43
S0342,C3D7,63
S0342,C3D17,73
S0342,C5D10,122
S0342,C5D20,132
S0342,C6D9,149
S0342,EOT,168
S0342,unscheduled,170
S0342,unscheduled,174
S0342,unscheduled,183
S0342,unscheduled,183
S0342,unscheduled,197
S0343,SCREENING,-7
S0343,SCREENING,-7
S0343,SCREENING,-7
S0343,SCREENING,-7
S0343,SCREENING,-7
S0343,SCREENING,-7
S0343,SCREENING,-7
S0343,C1D1,1
S0343,C1D1,1
S0343,C1D1,1
S0343,C1D1,1
S0343,C1D2,2
S0343,C1D2,2
S0343,C1D8,8
S0343,C1D26,26
S0343,C2D8,36
S0343,C2D9,37
S0343,C2D18,46
S0343,C2D20,48
S0343,C2D24,52
S0343,C3D13,69
S0343,C3D27,83
S0343,C4D28,112
S0343,C4D28,112
S0343,C5D2,114
S0343,C5D2,114
S0343,C5D28,140
S0343,C5D28,140
S0343,C6D8,148
S0343,C6D21,161
S0343,C6D22,162
S0343,EOT,168
S0343,unscheduled,181
S0343,unscheduled,183
S0343,unscheduled,183
S0343,unscheduled,189
S0344,SCREENING,-7
S0344,SCREENING,-7
S0344,SCREENING,-7
S0344,SCREENING,-7
S0344,SCREENING,-7
S0344,SCREENING,-7
S0344,SCREENING,-7
S0344,C1D1,1
S0344,C1D1,1
S0344,C1D1,1
S0344,C1D2,2
S0344,C1D20,20
S0344,C1D23,23
S0344,C4D1,85
S0344,C4D25,109
S0344,C4D26,110
S0344,C5D13,125
S0344,C6D24,164
S0344,EOT,168
S0344,unscheduled,187
S0345,SCREENING,-7
S0345,SCREENING,-7
S0345,SCREENING,-7
S0345,SCREENING,-7
S0345,SCREENING,-7
S0345,SCREENING,-7
S0345,SCREENING,-7
S0345,C1D1,1
S0345,C1D1,1
S0345,C1D2,2
S0345,C1D16,16
S0345,C1D22,22
S0345,C1D22,22
S0345,C1D23,23
S0345,C2D2,30
S0345,C3D3,59
S0345,C3D9,65
S0345,C3D23,79
S0345,C4D7,91
S0345,C4D12,96
S0345,C4D12,96
S0345,C4D12,96
S0345,C5D4,116
S0345,C5D4,116
S0345,C5D9,121
S0345,C5D15,127
S0345,C5D26,138
S0345,C6D6,146
S0345,EOT,168
S0345,unscheduled,171
S0345,unscheduled,174
S0345,unscheduled,193
S0345,unscheduled,196
S0345,unscheduled,197
S0346,SCREENING,-7
S0346,SCREENING,-7
S0346,SCREENING,-7
S0346,SCREENING,-7
S0346,SCREENING,-7
S0346,SCREENING,-7
S0346,SCREENING,-7
S0346,C1D1,1
S0346,C1D1,1
S0346,C1D1,1
S0346,C1D2,2
S0346,C1D3,3
S0346,C1D3,3
S0346,C1D9,9
S0346,C1D13,13
S0346,C1D13,13
S0346,C2D14,42
S0346,C2D19,47
S0346,C2D20,48
S0346,C2D20,48
S0346,C3D12,68
S0346,C3D14,70
S0346,C3D25,81
S0346,C3D27,83
S0346,C4D2,86
S0346,C4D11,95
S0346,C4D13,97
S0346,C4D13,97
S0346,C4D24,108
S0346,unscheduled,111
S0346,EOT,111
S0346,C4D28,112
S0346,C4D28,112
S0346,C5D5,117
S0346,C5D12,124
S0346,C5D17,129
S0346,C5D17,129
S0347,SCREENING,-7
S0347,SCREENING,-7
S0347,SCREENING,-7
S0347,SCREENING,-7
S0347,SCREENING,-7
S0347,SCREENING,-7
S0347,SCREENING,-7
S0347,C1D1,1
S0347,C1D1,1
S0347,C1D1,1
S0347,C1D2,2
S0347,C1D6,6
S0347,C1D21,21
S0347,C1D27,27
S0347,C2D4,32
S0347,C2D9,37
S0347,C2D13,41
S0347,C2D14,42
S0347,C2D15,43
S0347,C2D16,44
S0347,C2D20,48
S0347,C2D22,50
S0347,C2D28,56
S0347,EOT,62
S0348,SCREENING,-7
S0348,SCREENING,-7
S0348,SCREENING,-7
S0348,SCREENING,-7
S0348,SCREENING,-7
S0348,SCREENING,-7
S0348,SCREENING,-7
S0348,C1D1,1
S0348,C1D1,1
S0348,C1D1,1
S0348,C1D2,2
S0348,C1D3,3
S0348,C1D13,13
S0348,C2D18,46
S0348,C2D21,49
S0348,C2D23,51
S0348,C2D25,53
S0348,C2D25,53
S0348,C3D4,60
S0348,C3D5,61
S0348,C3D10,66
S0348,C3D10,66
S0348,C3D13,69
S0348,C3D13,69
S0348,C4D2,86
S0348,C4D14,98
S0348,C4D14,98
S0348,C4D19,103
S0348,C4D19,103
S0348,C4D26,110
S0348,EOT,136
S0349,SCREENING,-7
S0349,SCREENING,-7
S0349,SCREENING,-7
S0349,SCREENING,-7
S0349,SCREENING,-7
S0349,SCREENING,-7
S0349,SCREENING,-7
S0349,C1D1,1
S0349,C1D1,1
S0349,C1D2,2
S0349,C1D2,2
S0349,C2D8,36
S0349,C3D1,57
S0349,C5D19,131
S0349,C5D25,137
S0349,C6D21,161
S0349,EOT,168
S0349,unscheduled,176
S0349,unscheduled,183
S0349,unscheduled,195
S0350,SCREENING,-7
S0350,SCREENING,-7
S0350,SCREENING,-7
S0350,SCREENING,-7
S0350,SCREENING,-7
S0350,SCREENING,-7
S0350,SCREENING,-7
S0350,C1D1,1
S0350,C1D1,1
S0350,C1D2,2
S0350,C1D2,2
S0350,C1D8,8
S0350,C1D22,22
S0350,C2D10,38
S0350,C3D2,58
S0350,C3D5,61
S0350,C3D10,66
S0350,C3D20,76
S0350,C3D26,82
S0350,C3D26,82
S0350,C4D4,88
S0350,C4D11,95
S0350,C4D15,99
S0350,C4D17,101
S0350,C4D27,111
S0350,C5D2,114
S0350,C5D2,114
S0350,C5D4,116
S0350,C5D21,133
S0350,C5D21,133
S0350,C5D23,135
S0350,C5D23,135
S0350,C6D20,160
S0350,EOT,168
S0350,unscheduled,180
S0351,SCREENING,-7
S0351,SCREENING,-7
S0351,SCREENING,-7
S0351,SCREENING,-7
S0351,SCREENING,-7
S0351,SCREENING,-7
S0351,SCREENING,-7
S0351,C1D1,1
S0351,C1D1,1
S0351,C1D1,1
S0351,C1D2,2
S0351,C1D2,2
S0351,C1D4,4
S0351,C1D6,6
S0351,EOT,7
S0351,C1D9,9
S0351,C1D9,9
S0351,C1D11,11
S0351,C1D14,14
S0351,C1D14,14
S0351,C1D16,16
S0351,C1D17,17
S0351,C1D18,18
S0351,C1D18,18
S0351,C1D18,18
S0351,C1D19,19
S0351,C1D20,20
S0351,C1D20,20
S0351,C1D24,24
S0351,C1D26,26
S0351,C1D28,28
S0351,C2D1,29
S0351,C2D2,30
S0351,C2D4,32
S0351,C2D7,35
S0351,C2D8,36
S0351,C2D9,37
S0352,SCREENING,-7
S0352,SCREENING,-7
S0352,SCREENING,-7
S0352,SCREENING,-7
S0352,SCREENING,-7
S0352,SCREENING,-7
S0352,SCREENING,-7
S0352,C1D1,1
S0352,C1D1,1
S0352,C1D2,2
S0352,C1D11,11
S0352,C1D11,11
S0352,C1D11,11
S0352,C1D12,12
S0352,C1D13,13
S0352,C1D19,19
S0352,C1D25,25
S0352,C1D28,28
S0352,C2D6,34
S0352,C2D9,37
S0352,C2D15,43
S0352,C2D19,47
S0352,C2D20,48
S0352,C2D26,54
S0352,C3D4,60
S0352,C3D7,63
S0352,C3D15,71
S0352,C3D21,77
S0352,C3D24,80
S0352,C3D26,82
S0352,C4D1,85
S0352,C4D1,85
S0352,C4D7,91
S0352,C4D7,91
S0352,C4D17,101
S0352,C4D17,101
S0352,C4D28,112
S0352,C5D1,113
S0352,C5D2,114
S0352,C5D3,115
S0352,C5D14,126
S0352,C5D14,126
S0352,C5D26,138
S0352,C5D26,138
S0352,C6D12,152
S0352,C6D18,158
S0352,C6D23,163
S0352,C6D23,163
S0352,EOT,168
S0352,unscheduled,181
S0352,unscheduled,196
S0352,unscheduled,197
S0353,SCREENING,-7
S0353,SCREENING,-7
S0353,SCREENING,-7
S0353,SCREENING,-7
S0353,SCREENING,-7
S0353,SCREENING,-7
S0353,SCREENING,-7
S0353,C1D1,1
S0353,C1D1,1
S0353,C1D1,1
S0353,C1D2,2
S0353,C1D21,21
S0353,C2D1,29
S0353,C3D5,61
S0353,C4D5,89
S0353,EOT,167
S0354,SCREENING,-7
S0354,SCREENING,-7
S0354,SCREENING,-7
S0354,SCREENING,-7
S0354,SCREENING,-7
S0354,SCREENING,-7
S0354,SCREENING,-7
S0354,C1D1,1
S0354,C1D1,1
S0354,C1D2,2
S0354,C1D6,6
S0354,C1D13,13
S0354,C1D19,19
S0354,C2D3,31
S0354,C2D5,33
S0354,C2D20,48
S0354,C2D27,55
S0354,C3D4,60
S0354,C4D28,112
S0354,C4D28,112
S0354,C5D5,117
S0354,C5D7,119
S0354,C5D15,127
S0354,C6D20,160
S0354,EOT,168
S0354,unscheduled,175
S0354,unscheduled,182
S0354,unscheduled,197
S0354,unscheduled,197
S0355,SCREENING,-7
S0355,SCREENING,-7
S0355,SCREENING,-7
S0355,SCREENING,-7
S0355,SCREENING,-7
S0355,SCREENING,-7
S0355,SCREENING,-7
S0355,C1D1,1
S0355,C1D1,1
S0355,C1D2,2
S0355,C1D26,26
S0355,C3D6,62
S0355,C3D8,64
S0355,EOT,168
S0355,unscheduled,196
S0356,SCREENING,-7
S0356,SCREENING,-7
S0356,SCREENING,-7
S0356,SCREENING,-7
S0356,SCREENING,-7
S0356,SCREENING,-7
S0356,SCREENING,-7
S0356,C1D1,1
S0356,C1D1,1
S0356,C1D2,2
S0356,C1D4,4
S0356,C1D4,4
S0356,C1D7,7
S0356,C1D9,9
S0356,C1D13,13
S0356,C1D13,13
S0356,C1D16,16
S0356,C1D22,22
S0356,C1D25,25
S0356,C1D25,25
S0356,C1D28,28
S0356,C2D9,37
S0356,C2D11,39
S0356,C2D12,40
S0356,C2D17,45
S0356,C2D19,47
S0356,C2D19,47
S0356,C2D22,50
S0356,C2D23,51
S0356,C2D23,51
S0356,C3D1,57
S0356,C3D15,71
S0356,C3D18,74
S0356,C3D28,84
S0356,C4D7,91
S0356,C4D12,96
S0356,C4D13,97
S0356,C4D13,97
S0356,C4D14,98
S0356,C4D26,110
S0356,C4D26,110
S0356,C4D27,111
S0356,C4D28,112
S0356,C5D11,123
S0356,C5D12,124
S0356,C5D12,124
S0356,C5D16,128
S0356,C5D16,128
S0356,C5D27,139
S0356,C6D11,151
S0356,C6D14,154
S0356,C6D15,155
S0356,C6D18,158
S0356,C6D19,159
S0356,C6D28,168
S0356,C6D28,168
S0356,EOT,168
S0356,unscheduled,170
S0356,unscheduled,174
S0356,unscheduled,185
S0356,unscheduled,189
S0356,unscheduled,190
S0357,SCREENING,-7
S0357,SCREENING,-7
S0357,SCREENING,-7
S0357,SCREENING,-7
S0357,SCREENING,-7
S0357,SCREENING,-7
S0357,SCREENING,-7
S0357,C1D1,1
S0357,C1D1,1
S0357,C1D1,1
S0357,C1D2,2
S0357,C1D17,17
S0357,C1D17,17
S0357,C1D19,19
S0357,C1D23,23
S0357,C1D24,24
S0357,C1D25,25
S0357,C2D1,29
S0357,C2D2,30
S0357,C2D7,35
S0357,C2D10,38
S0357,C2D16,44
S0357,C2D24,52
S0357,C2D28,56
S0357,C2D28,56
S0357,C3D7,63
S0357,C3D12,68
S0357,C3D20,76
S0357,C3D25,81
S0357,EOT,84
S0357,C4D14,98
S0357,C4D27,111
S0358,SCREENING,-7
S0358,SCREENING,-7
S0358,SCREENING,-7
S0358,SCREENING,-7
S0358,SCREENING,-7
S0358,SCREENING,-7
S0358,SCREENING,-7
S0358,C1D1,1
S0358,C1D1,1
S0358,C1D1,1
S0358,C1D2,2
S0358,C1D25,25
S0358,C2D2,30
S0358,C2D3,31
S0358,C2D14,42
S0358,C3D7,63
S0358,C3D12,68
S0358,C3D20,76
S0358,C4D14,98
S0358,C4D16,100
S0358,C4D18,102
S0358,C4D18,102
S0358,C5D22,134
S0358,C6D7,147
S0358,EOT,168
S0358,unscheduled,179
S0358,unscheduled,180
S0358,unscheduled,180
S0358,unscheduled,181
S0358,unscheduled,188
S0358,unscheduled,194
S0358,unscheduled,196
S0358,unscheduled,196
S0358,unscheduled,198
S0359,SCREENING,-7
S0359,SCREENING,-7
S0359,SCREENING,-7
S0359,SCREENING,-7
S0359,SCREENING,-7
S0359,SCREENING,-7
S0359,SCREENING,-7
S0359,C1D1,1
S0359,C1D1,1
S0359,C1D1,1
S0359,C1D2,2
S0359,C1D3,3
S0359,C1D19,19
S0359,C1D21,21
S0359,C2D9,37
S0359,C2D22,50
S0359,C2D23,51
S0359,C3D3,59
S0359,C3D3,59
S0359,C4D3,87
S0359,C4D19,103
S0359,C4D20,104
S0359,C4D25,109
S0359,C6D9,149
S0359,C6D15,155
S0359,C6D23,163
S0359,EOT,168
S0359,unscheduled,181
S0359,unscheduled,192
S0360,SCREENING,-7
S0360,SCREENING,-7
S0360,SCREENING,-7
S0360,SCREENING,-7
S0360,SCREENING,-7
S0360,SCREENING,-7
S0360,SCREENING,-7
S0360,C1D1,1
S0360,C1D1,1
S0360,C1D1,1
S0360,C1D1,1
S0360,C1D2,2
S0360,C1D13,13
S0360,C1D19,19
S0360,EOT,21
S0360,C2D23,51
S0361,SCREENING,-7
S0361,SCREENING,-7
S0361,SCREENING,-7
S0361,SCREENING,-7
S0361,SCREENING,-7
S0361,SCREENING,-7
S0361,SCREENING,-7
S0361,C1D1,1
S0361,C1D1,1
S0361,C1D2,2
S0361,C1D14,14
S0361,C1D19,19
S0361,C1D25,25
S0361,C4D2,86
S0361,C4D4,88
S0361,C4D4,88
S0361,C5D13,125
S0361,C5D19,131
S0361,C5D26,138
S0361,C5D26,138
S0361,C6D1,141
S0361,C6D2,142
S0361,C6D4,144
S0361,C6D23,163
S0361,EOT,168
S0361,unscheduled,172
S0361,unscheduled,172
S0361,unscheduled,180
S0361,unscheduled,186
S0362,SCREENING,-7
S0362,SCREENING,-7
S0362,SCREENING,-7
S0362,SCREENING,-7
S0362,SCREENING,-7
S0362,SCREENING,-7
S0362,SCREENING,-7
S0362,C1D1,1
S0362,C1D1,1
S0362,C1D1,1
S0362,C1D1,1
S0362,C1D2,2
S0362,C1D2,2
S0362,C1D7,7
S0362,C1D21,21
S0362,C1D24,24
S0362,C2D2,30
S0362,C2D6,34
S0362,C2D7,35
S0362,C2D9,37
S0362,C2D25,53
S0362,C2D27,55
S0362,C2D27,55
S0362,C3D4,60
S0362,C3D18,74
S0362,C4D1,85
S0362,C4D7,91
S0362,C4D9,93
S0362,C5D13,125
S0362,C5D25,137
S0362,EOT,168
S0362,unscheduled,178
S0362,unscheduled,180
S0362,unscheduled,182
S0362,unscheduled,187
S0362,unscheduled,191
S0362,unscheduled,192
S0362,unscheduled,198
S0363,SCREENING,-7
S0363,SCREENING,-7
S0363,SCREENING,-7
S0363,SCREENING,-7
S0363,SCREENING,-7
S0363,SCREENING,-7
S0363,SCREENING,-7
S0363,C1D1,1
S0363,C1D1,1
S0363,C1D1,1
S0363,C1D2,2
S0363,C1D6,6
S0363,C1D9,9
S0363,C1D11,11
S0363,C1D12,12
S0363,C1D16,16
S0363,C1D16,16
S0363,C1D16,16
S0363,C1D18,18
S0363,C1D18,18
S0363,C1D21,21
S0363,C1D21,21
S0363,C1D28,28
S0363,C2D1,29
S0363,C2D1,29
S0363,C2D10,38
S0363,C2D11,39
S0363,C2D13,41
S0363,C2D18,46
S0363,C2D22,50
S0363,C2D27,55
S0363,C3D2,58
S0363,C3D3,59
S0363,C3D4,60
S0363,C3D5,61
S0363,C3D8,64
S0363,C3D10,66
S0363,C3D12,68
S0363,C3D13,69
S0363,C3D19,75
S0363,C3D20,76
S0363,C3D23,79
S0363,C3D25,81
S0363,C3D27,83
S0363,EOT,85
S0363,C4D4,88
S0363,C4D14,98
S0363,C4D18,102
S0363,C4D19,103
S0363,C4D20,104
S0363,C4D21,105
S0363,C4D27,111
S0363,C4D28,112
S0363,C5D1,113
S0363,C5D1,113
S0364,SCREENING,-7
S0364,SCREENING,-7
S0364,SCREENING,-7
S0364,SCREENING,-7
S0364,SCREENING,-7
S0364,SCREENING,-7
S0364,SCREENING,-7
S0364,C1D1,1
S0364,C1D1,1
S0364,C1D1,1
S0364,C1D2,2
S0364,C1D19,19
S0364,C1D21,21
S0364,C1D21,21
S0364,C2D8,36
S0364,C3D7,63
S0364,C3D17,73
S0364,C5D13,125
S0364,C6D17,157
S0364,C6D22,162
S0364,EOT,168
S0364,unscheduled,171
S0364,unscheduled,189
S0364,unscheduled,197
S0365,SCREENING,-7
S0365,SCREENING,-7
S0365,SCREENING,-7
S0365,SCREENING,-7
S0365,SCREENING,-7
S0365,SCREENING,-7
S0365,SCREENING,-7
S0365,C1D1,1
S0365,C1D1,1
S0365,C1D2,2
S0365,C1D9,9
S0365,C1D10,10
S0365,C1D21,21
S0365,C1D22,22
S0365,C2D3,31
S0365,C2D4,32
S0365,C2D17,45
S0365,C2D21,49
S0365,C3D5,61
S0365,C3D7,63
S0365,C3D10,66
S0365,C3D15,71
S0365,C3D15,71
S0365,C4D15,99
S0365,C5D15,127
S0365,C5D18,130
S0365,C5D21,133
S0365,C5D24,136
S0365,C5D26,138
S0365,C5D26,138
S0365,C6D15,155
S0365,C6D22,162
S0365,C6D23,163
S0365,C6D24,164
S0365,C6D25,165
S0365,EOT,168
S0365,unscheduled,172
S0365,unscheduled,179
S0365,unscheduled,180
S0365,unscheduled,183
S0365,unscheduled,187
S0365,unscheduled,194
S0365,unscheduled,198
S0366,SCREENING,-7
S0366,SCREENING,-7
S0366,SCREENING,-7
S0366,SCREENING,-7
S0366,SCREENING,-7
S0366,SCREENING,-7
S0366,SCREENING,-7
S0366,C1D1,1
S0366,C1D1,1
S0366,C1D2,2
S0366,C2D4,32
S0366,C4D3,87
S0366,C5D17,129
S0366,C6D20,160
S0366,C6D22,162
S0366,EOT,168
S0367,SCREENING,-7
S0367,SCREENING,-7
S0367,SCREENING,-7
S0367,SCREENING,-7
S0367,SCREENING,-7
S0367,SCREENING,-7
S0367,SCREENING,-7
S0367,C1D1,1
S0367,C1D1,1
S0367,C1D1,1
S0367,C1D2,2
S0367,C1D8,8
S0367,C1D9,9
S0367,C1D13,13
S0367,C2D27,55
S0367,C4D16,100
S0367,C6D17,157
S0367,EOT,168
S0368,SCREENING,-7
S0368,SCREENING,-7
S0368,SCREENING,-7
S0368,SCREENING,-7
S0368,SCREENING,-7
S0368,SCREENING,-7
S0368,SCREENING,-7
S0368,C1D1,1
S0368,C1D1,1
S0368,C1D2,2
S0368,C1D4,4
S0368,C1D5,5
S0368,C1D12,12
S0368,C1D14,14
S0368,C1D16,16
S0368,C1D21,21
S0368,C1D25,25
S0368,C1D25,25
S0368,C1D25,25
S0368,C2D1,29
S0368,C2D1,29
S0368,C2D1,29
S0368,C2D5,33
S0368,C2D5,33
S0368,EOT,36
S0368,C2D10,38
S0368,C2D10,38
S0368,C2D13,41
S0368,C2D15,43
S0368,C2D22,50
S0368,C3D7,63
S0368,C3D7,63
S0368,C3D7,63
S0368,C3D9,65
S0369,SCREENING,-7
S0369,SCREENING,-7
S0369,SCREENING,-7
S0369,SCREENING,-7
S0369,SCREENING,-7
S0369,SCREENING,-7
S0369,SCREENING,-7
S0369,C1D1,1
S0369,C1D1,1
S0369,C1D2,2
S0369,C1D4,4
S0369,C1D4,4
S0369,C1D20,20
S0369,C1D22,22
S0369,C1D22,22
S0369,C1D28,28
S0369,C2D6,34
S0369,C2D13,41
S0369,C3D27,83
S0369,C3D27,83
S0369,C4D12,96
S0369,C4D13,97
S0369,C5D2,114
S0369,C5D17,129
S0369,C6D1,141
S0369,C6D21,161
S0369,EOT,168
S0369,unscheduled,176
S0369,unscheduled,186
S0369,unscheduled,193
S0369,unscheduled,194
S0369,unscheduled,196
S0370,SCREENING,-7
S0370,SCREENING,-7
S0370,SCREENING,-7
S0370,SCREENING,-7
S0370,SCREENING,-7
S0370,SCREENING,-7
S0370,SCREENING,-7
S0370,C1D1,1
S0370,C1D1,1
S0370,C1D1,1
S0370,C1D2,2
S0370,C1D2,2
S0370,C1D3,3
S0370,C1D5,5
S0370,C1D8,8
S0370,C1D17,17
S0370,C1D20,20
S0370,C1D21,21
S0370,C1D21,21
S0370,C1D21,21
S0370,C1D23,23
S0370,C2D5,33
S0370,C2D17,45
S0370,C2D18,46
S0370,C2D28,56
S0370,C3D5,61
S0370,C3D7,63
S0370,C3D17,73
S0370,C3D17,73
S0370,C4D9,93
S0370,C4D12,96
S0370,C4D21,105
S0370,C4D26,110
S0370,C5D1,113
S0370,C5D14,126
S0370,C5D16,128
S0370,C6D3,143
S0370,C6D9,149
S0370,C6D27,167
S0370,EOT,168
S0370,unscheduled,178
S0370,unscheduled,192
S0371,SCREENING,-7
S0371,SCREENING,-7
S0371,SCREENING,-7
S0371,SCREENING,-7
S0371,SCREENING,-7
S0371,SCREENING,-7
S0371,SCREENING,-7
S0371,C1D1,1
S0371,C1D1,1
S0371,C1D1,1
S0371,C1D1,1
S0371,C1D2,2
S0371,C1D3,3
S0371,C1D7,7
S0371,C1D14,14
S0371,C1D17,17
S0371,C1D20,20
S0371,C1D20,20
S0371,C1D23,23
S0371,C2D15,43
S0371,C3D3,59
S0371,C3D8,64
S0371,C3D9,65
S0371,C3D25,81
S0371,C3D28,84
S0371,C4D8,92
S0371,C4D20,104
S0371,C4D20,104
S0371,C5D15,127
S0371,C6D1,141
S0371,C6D2,142
S0371,C6D24,164
S0371,C6D24,164
S0371,EOT,168
S0371,unscheduled,189
S0371,unscheduled,198
S0372,SCREENING,-7
S0372,SCREENING,-7
S0372,SCREENING,-7
S0372,SCREENING,-7
S0372,SCREENING,-7
S0372,SCREENING,-7
S0372,SCREENING,-7
S0372,C1D1,1
S0372,C1D1,1
S0372,C1D2,2
S0372,C1D18,18
S0372,C2D17,45
S0372,C3D1,57
S0372,C3D3,59
S0372,C3D9,65
S0372,C3D13,69
S0372,C4D4,88
S0372,C4D4,88
S0372,C4D18,102
S0372,C5D9,121
S0372,C5D9,121
S0372,C5D14,126
S0372,C5D14,126
S0372,C5D14,126
S0372,C6D10,150
S0372,EOT,168
S0372,unscheduled,170
S0372,unscheduled,171
S0372,unscheduled,178
S0372,unscheduled,182
S0372,unscheduled,184
S0372,unscheduled,185
S0372,unscheduled,185
S0372,unscheduled,189
S0372,unscheduled,198
S0373,SCREENING,-7
S0373,SCREENING,-7
S0373,SCREENING,-7
S0373,SCREENING,-7
S0373,SCREENING,-7
S0373,SCREENING,-7
S0373,SCREENING,-7
S0373,C1D1,1
S0373,C1D1,1
S0373,C1D1,1
S0373,C1D2,2
S0373,C1D14,14
S0373,C1D18,18
S0373,C2D13,41
S0373,C2D26,54
S0373,C3D25,81
S0373,C3D25,81
S0373,C3D26,82
S0373,C3D27,83
S0373,C4D1,85
S0373,C4D10,94
S0373,C4D20,104
S0373,C4D20,104
S0373,C4D24,108
S0373,C4D24,108
S0373,C4D28,112
S0373,C5D8,120
S0373,C5D8,120
S0373,C5D10,122
S0373,C5D14,126
S0373,C5D18,130
S0373,C6D9,149
S0373,C6D10,150
S0373,C6D24,164
S0373,EOT,168
S0373,unscheduled,183
S0373,unscheduled,192
S0373,unscheduled,196
S0373,unscheduled,196
S0374,SCREENING,-7
S0374,SCREENING,-7
S0374,SCREENING,-7
S0374,SCREENING,-7
S0374,SCREENING,-7
S0374,SCREENING,-7
S0374,SCREENING,-7
S0374,C1D1,1
S0374,C1D1,1
S0374,C1D2,2
S0374,C1D3,3
S0374,C2D3,31
S0374,C2D6,34
S0374,C2D9,37
S0374,C2D10,38
S0374,C2D18,46
S0374,C2D22,50
S0374,C3D3,59
S0374,C3D13,69
S0374,C3D14,70
S0374,C3D14,70
S0374,C3D14,70
S0374,C3D17,73
S0374,unscheduled,73
S0374,EOT,73
S0374,C3D26,82
S0374,C3D28,84
S0374,C4D4,88
S0374,C4D4,88
S0374,C4D8,92
S0374,C4D11,95
S0374,C4D16,100
S0375,SCREENING,-7
S0375,SCREENING,-7
S0375,SCREENING,-7
S0375,SCREENING,-7
S0375,SCREENING,-7
S0375,SCREENING,-7
S0375,SCREENING,-7
S0375,C1D1,1
S0375,C1D1,1
S0375,C1D1,1
S0375,C1D2,2
S0375,C2D6,34
S0375,C3D4,60
S0375,C3D4,60
S0375,C3D5,61
S0375,C3D5,61
S0375,C3D13,69
S0375,C3D13,69
S0375,C3D13,69
S0375,C4D4,88
S0375,C4D21,105
S0375,C5D1,113
S0375,C5D10,122
S0375,C5D15,127
S0375,C6D5,145
S0375,C6D7,147
S0375,C6D13,153
S0375,C6D13,153
S0375,C6D23,163
S0375,C6D28,168
S0375,EOT,168
S0375,unscheduled,188
S0375,unscheduled,189
S0375,unscheduled,189
S0375,unscheduled,190
S0376,SCREENING,-7
S0376,SCREENING,-7
S0376,SCREENING,-7
S0376,SCREENING,-7
S0376,SCREENING,-7
S0376,SCREENING,-7
S0376,SCREENING,-7
S0376,C1D1,1
S0376,C1D1,1
S0376,C1D2,2
S0376,C1D4,4
S0376,C1D4,4
S0376,C1D7,7
S0376,C1D12,12
S0376,C1D18,18
S0376,C1D20,20
S0376,C2D7,35
S0376,C2D11,39
S0376,C2D11,39
S0376,C3D7,63
S0376,C3D7,63
S0376,C3D23,79
S0376,C3D24,80
S0376,C5D4,116
S0376,C5D17,129
S0376,C6D3,143
S0376,C6D4,144
S0376,C6D8,148
S0376,C6D8,148
S0376,C6D22,162
S0376,EOT,168
S0376,unscheduled,176
S0376,unscheduled,177
S0376,unscheduled,196
S0377,SCREENING,-7
S0377,SCREENING,-7
S0377,SCREENING,-7
S0377,SCREENING,-7
S0377,SCREENING,-7
S0377,SCREENING,-7
S0377,SCREENING,-7
S0377,C1D1,1
S0377,C1D1,1
S0377,C1D1,1
S0377,C1D2,2
S0377,C1D2,2
S0377,C1D2,2
S0377,C1D8,8
S0377,C1D17,17
S0377,C1D22,22
S0377,C1D25,25
S0377,C1D25,25
S0377,C2D6,34
S0377,C2D18,46
S0377,C3D13,69
S0377,C5D1,113
S0377,C5D1,113
S0377,C5D8,120
S0377,C5D19,131
S0377,C5D28,140
S0377,C5D28,140
S0377,C6D10,150
S0377,C6D21,161
S0377,EOT,168
S0377,unscheduled,175
S0377,unscheduled,191
S0378,SCREENING,-7
S0378,SCREENING,-7
S0378,SCREENING,-7
S0378,SCREENING,-7
S0378,SCREENING,-7
S0378,SCREENING,-7
S0378,SCREENING,-7
S0378,C1D1,1
S0378,C1D1,1
S0378,C1D2,2
S0378,C1D26,26
S0378,C1D28,28
S0378,C2D11,39
S0378,C2D11,39
S0378,C3D1,57
S0378,C3D10,66
S0378,C3D11,67
S0378,C3D16,72
S0378,C4D14,98
S0378,C4D17,101
S0378,C4D23,107
S0378,C5D9,121
S0378,C5D10,122
S0378,C5D14,126
S0378,C5D14,126
S0378,C5D17,129
S0378,C5D21,133
S0378,C5D23,135
S0378,C6D23,163
S0378,EOT,168
S0378,unscheduled,170
S0378,unscheduled,170
S0378,unscheduled,170
S0378,unscheduled,173
S0378,unscheduled,188
S0378,unscheduled,198
S0379,SCREENING,-7
S0379,SCREENING,-7
S0379,SCREENING,-7
S0379,SCREENING,-7
S0379,SCREENING,-7
S0379,SCREENING,-7
S0379,SCREENING,-7
S0379,C1D1,1
S0379,C1D1,1
S0379,C1D1,1
S0379,C1D1,1
S0379,C1D2,2
S0379,C1D6,6
S0379,C1D7,7
S0379,C1D9,9
S0379,C1D10,10
S0379,C1D18,18
S0379,C1D21,21
S0379,C1D21,21
S0379,C1D21,21
S0379,C1D25,25
S0379,C2D4,32
S0379,C2D6,34
S0379,C2D23,51
S0379,C2D25,53
S0379,C2D27,55
S0379,C3D3,59
S0379,C3D11,67
S0379,C3D21,77
S0379,C3D21,77
S0379,C3D24,80
S0379,C4D11,95
S0379,C4D22,106
S0379,C4D24,108
S0379,C4D26,110
S0379,C4D28,112
S0379,C5D4,116
S0379,C5D9,121
S0379,C5D17,129
S0379,C5D27,139
S0379,C6D4,144
S0379,C6D5,145
S0379,C6D25,165
S0379,EOT,168
S0379,unscheduled,169
S0379,unscheduled,179
S0379,unscheduled,184
S0379,unscheduled,185
S0379,unscheduled,192
S0379,unscheduled,195
S0379,unscheduled,196
S0380,SCREENING,-7
S0380,SCREENING,-7
S0380,SCREENING,-7
S0380,SCREENING,-7
S0380,SCREENING,-7
S0380,SCREENING,-7
S0380,SCREENING,-7
S0380,C1D1,1
S0380,C1D1,1
S0380,C1D2,2
S0380,C1D22,22
S0380,C1D23,23
S0380,C2D1,29
S0380,C2D12,40
S0380,C2D17,45
S0380,C2D17,45
S0380,C2D24,52
S0380,unscheduled,58
S0380,EOT,58
S0380,C3D6,62
S0380,C3D14,70
S0380,C3D20,76
S0380,C3D27,83
S0381,SCREENING,-7
S0381,SCREENING,-7
S0381,SCREENING,-7
S0381,SCREENING,-7
S0381,SCREENING,-7
S0381,SCREENING,-7
S0381,SCREENING,-7
S0381,C1D1,1
S0381,C1D1,1
S0381,C1D2,2
S0381,C1D14,14
S0381,C2D12,40
S0381,C2D18,46
S0381,C2D19,47
S0381,C2D25,53
S0381,C4D1,85
S0381,C4D4,88
S0381,C4D15,99
S0381,C4D15,99
S0381,C4D16,100
S0381,C4D16,100
S0381,C5D2,114
S0381,C5D2,114
S0381,C5D2,114
S0381,C5D7,119
S0381,C5D13,125
S0381,C5D26,138
S0381,EOT,142
S0381,C6D9,149
S0381,C6D17,157
S0381,C6D24,164
S0381,unscheduled,169
S0382,SCREENING,-7
S0382,SCREENING,-7
S0382,SCREENING,-7
S0382,SCREENING,-7
S0382,SCREENING,-7
S0382,SCREENING,-7
S0382,SCREENING,-7
S0382,C1D1,1
S0382,C1D1,1
S0382,C1D1,1
S0382,C1D2,2
S0382,C1D4,4
S0382,C1D6,6
S0382,C1D27,27
S0382,C2D5,33
S0382,C2D11,39
S0382,C2D12,40
S0382,C2D14,42
S0382,C2D28,56
S0382,C3D8,64
S0382,C3D18,74
S0382,C3D25,81
S0382,C3D25,81
S0382,C6D3,143
S0382,C6D7,147
S0382,C6D18,158
S0382,C6D23,163
S0382,C6D24,164
S0382,EOT,168
S0382,unscheduled,190
S0383,SCREENING,-7
S0383,SCREENING,-7
S0383,SCREENING,-7
S0383,SCREENING,-7
S0383,SCREENING,-7
S0383,SCREENING,-7
S0383,SCREENING,-7
S0383,C1D1,1
S0383,C1D1,1
S0383,C1D1,1
S0383,C1D2,2
S0383,C1D5,5
S0383,C1D5,5
S0383,C1D10,10
S0383,C1D13,13
S0383,C1D14,14
S0383,C1D28,28
S0383,C2D5,33
S0383,C2D6,34
S0383,C2D7,35
S0383,C2D7,35
S0383,C2D11,39
S0383,unscheduled,41
S0383,EOT,41
S0383,C2D17,45
S0383,C2D19,47
S0383,C2D21,49
S0383,C2D21,49
S0383,C2D22,50
S0383,C2D25,53
S0383,C3D6,62
S0383,C3D6,62
S0383,C3D11,67
S0383,C3D15,71
S0384,SCREENING,-7
S0384,SCREENING,-7
S0384,SCREENING,-7
S0384,SCREENING,-7
S0384,SCREENING,-7
S0384,SCREENING,-7
S0384,SCREENING,-7
S0384,C1D1,1
S0384,C1D1,1
S0384,C1D1,1
S0384,C1D2,2
S0384,C2D3,31
S0384,C2D4,32
S0384,C2D4,32
S0384,C2D12,40
S0384,C2D23,51
S0384,C2D23,51
S0384,C3D23,79
S0384,C3D26,82
S0384,C3D27,83
S0384,C4D1,85
S0384,C4D1,85
S0384,C4D16,100
S0384,C4D16,100
S0384,C4D21,105
S0384,C4D24,108
S0384,C4D28,112
S0384,C5D10,122
S0384,C5D17,129
S0384,EOT,168
S0384,unscheduled,175
S0384,unscheduled,179
S0385,SCREENING,-7
S0385,SCREENING,-7
S0385,SCREENING,-7
S0385,SCREENING,-7
S0385,SCREENING,-7
S0385,SCREENING,-7
S0385,SCREENING,-7
S0385,C1D1,1
S0385,C1D1,1
S0385,C1D2,2
S0385,C1D4,4
S0385,C1D8,8
S0385,C1D13,13
S0385,C1D18,18
S0385,C2D28,56
S0385,C3D16,72
S0385,C3D27,83
S0385,C4D13,97
S0385,C4D26,110
S0385,C5D11,123
S0385,C5D18,130
S0385,C6D13,153
S0385,C6D26,166
S0385,C6D26,166
S0385,C6D26,166
S0385,EOT,168
S0385,unscheduled,171
S0385,unscheduled,174
S0385,unscheduled,178
S0385,unscheduled,180
S0385,unscheduled,181
S0385,unscheduled,192
S0385,unscheduled,196
S0386,SCREENING,-7
S0386,SCREENING,-7
S0386,SCREENING,-7
S0386,SCREENING,-7
S0386,SCREENING,-7
S0386,SCREENING,-7
S0386,SCREENING,-7
S0386,C1D1,1
S0386,C1D1,1
S0386,C1D1,1
S0386,C1D2,2
S0386,C1D9,9
S0386,C2D14,42
S0386,C2D15,43
S0386,C2D24,52
S0386,C3D25,81
S0386,C3D27,83
S0386,C4D11,95
S0386,C5D1,113
S0386,C5D19,131
S0386,C5D21,133
S0386,C6D13,153
S0386,EOT,168
S0386,unscheduled,179
S0386,unscheduled,180
S0386,unscheduled,185
S0387,SCREENING,-7
S0387,SCREENING,-7
S0387,SCREENING,-7
S0387,SCREENING,-7
S0387,SCREENING,-7
S0387,SCREENING,-7
S0387,SCREENING,-7
S0387,C1D1,1
S0387,C1D1,1
S0387,C1D1,1
S0387,C1D2,2
S0387,C1D26,26
S0387,C1D28,28
S0387,C2D2,30
S0387,C2D17,45
S0387,C2D24,52
S0387,C3D1,57
S0387,C3D4,60
S0387,C3D5,61
S0387,C3D8,64
S0387,C4D9,93
S0387,C4D10,94
S0387,C4D11,95
S0387,C4D13,97
S0387,unscheduled,105
S0387,EOT,105
S0387,C4D25,109
S0387,C5D3,115
S0387,C5D11,123
S0387,C5D12,124
S0388,SCREENING,-7
S0388,SCREENING,-7
S0388,SCREENING,-7
S0388,SCREENING,-7
S0388,SCREENING,-7
S0388,SCREENING,-7
S0388,SCREENING,-7
S0388,C1D1,1
S0388,C1D1,1
S0388,C1D2,2
S0388,C1D6,6
S0388,C1D15,15
S0388,C1D18,18
S0388,C2D18,46
S0388,C2D20,48
S0388,C2D22,50
S0388,C2D23,51
S0388,C3D4,60
S0388,C3D4,60
S0388,C3D4,60
S0388,C3D7,63
S0388,C3D11,67
S0388,C3D15,71
S0388,C3D26,82
S0388,C3D27,83
S0388,C5D5,117
S0388,C5D5,117
S0388,C5D10,122
S0388,C6D12,152
S0388,C6D14,154
S0388,EOT,168
S0388,unscheduled,176
S0388,unscheduled,183
S0389,SCREENING,-7
S0389,SCREENING,-7
S0389,SCREENING,-7
S0389,SCREENING,-7
S0389,SCREENING,-7
S0389,SCREENING,-7
S0389,SCREENING,-7
S0389,C1D1,1
S0389,C1D1,1
S0389,C1D1,1
S0389,C1D2,2
S0389,C1D16,16
S0389,C1D25,25
S0389,C2D3,31
S0389,C2D4,32
S0389,C2D18,46
S0389,C2D18,46
S0389,C2D20,48
S0389,C3D3,59
S0389,C3D24,80
S0389,C5D3,115
S0389,C5D4,116
S0389,C5D6,118
S0389,C6D3,143
S0389,C6D13,153
S0389,C6D13,153
S0389,C6D13,153
S0389,C6D19,159
S0389,C6D27,167
S0389,EOT,168
S0389,unscheduled,169
S0389,unscheduled,194
S0390,SCREENING,-7
S0390,SCREENING,-7
S0390,SCREENING,-7
S0390,SCREENING,-7
S0390,SCREENING,-7
S0390,SCREENING,-7
S0390,SCREENING,-7
S0390,C1D1,1
S0390,C1D1,1
S0390,C1D2,2
S0390,C1D7,7
S0390,C2D10,38
S0390,C2D17,45
S0390,C2D21,49
S0390,C2D22,50
S0390,C3D6,62
S0390,C3D21,77
S0390,C5D7,119
S0390,C5D27,139
S0390,C6D3,143
S0390,C6D21,161
S0390,C6D21,161
S0390,EOT,168
S0390,unscheduled,179
S0390,unscheduled,182
S0390,unscheduled,182
S0390,unscheduled,193
S0390,unscheduled,193
S0390,unscheduled,196
S0390,unscheduled,198
S0391,SCREENING,-7
S0391,SCREENING,-7
S0391,SCREENING,-7
S0391,SCREENING,-7
S0391,SCREENING,-7
S0391,SCREENING,-7
S0391,SCREENING,-7
S0391,C1D1,1
S0391,C1D1,1
S0391,C1D1,1
S0391,C1D2,2
S0391,C1D5,5
S0391,C1D20,20
S0391,C1D20,20
S0391,C1D26,26
S0391,C1D26,26
S0391,C2D1,29
S0391,C2D6,34
S0391,C2D12,40
S0391,C2D13,41
S0391,C3D8,64
S0391,C3D12,68
S0391,C3D13,69
S0391,C3D13,69
S0391,C3D23,79
S0391,C3D26,82
S0391,C3D26,82
S0391,C3D28,84
S0391,C4D10,94
S0391,C4D14,98
S0391,C4D17,101
S0391,C4D19,103
S0391,C4D24,108
S0391,C4D26,110
S0391,C5D9,121
S0391,C5D10,122
S0391,C5D14,126
S0391,C5D21,133
S0391,C5D24,136
S0391,C5D26,138
S0391,C6D26,166
S0391,C6D27,167
S0391,EOT,168
S0391,unscheduled,175
S0391,unscheduled,175
S0391,unscheduled,181
S0391,unscheduled,184
S0391,unscheduled,186
S0392,SCREENING,-7
S0392,SCREENING,-7
S0392,SCREENING,-7
S0392,SCREENING,-7
S0392,SCREENING,-7
S0392,SCREENING,-7
S0392,SCREENING,-7
S0392,C1D1,1
S0392,C1D1,1
S0392,C1D2,2
S0392,C1D8,8
S0392,C1D16,16
S0392,C1D19,19
S0392,C1D23,23
S0392,C3D26,82
S0392,C4D1,85
S0392,C4D24,108
S0392,C5D1,113
S0392,C5D23,135
S0392,EOT,168
S0392,unscheduled,169
S0392,unscheduled,173
S0392,unscheduled,185
S0392,unscheduled,195
S0393,SCREENING,-7
S0393,SCREENING,-7
S0393,SCREENING,-7
S0393,SCREENING,-7
S0393,SCREENING,-7
S0393,SCREENING,-7
S0393,SCREENING,-7
S0393,C1D1,1
S0393,C1D1,1
S0393,C1D2,2
S0393,C1D10,10
S0393,C1D21,21
S0393,C1D22,22
S0393,C2D2,30
S0393,C3D9,65
S0393,C4D4,88
S0393,C4D8,92
S0393,C4D8,92
S0393,C4D12,96
S0393,C4D12,96
S0393,C4D16,100
S0393,C5D11,123
S0393,C5D14,126
S0393,C5D18,130
S0393,C5D18,130
S0393,C5D19,131
S0393,C5D20,132
S0393,C6D13,153
S0393,C6D17,157
S0393,EOT,168
S0393,unscheduled,174
S0393,unscheduled,182
S0393,unscheduled,187
S0393,unscheduled,193
S0394,SCREENING,-7
S0394,SCREENING,-7
S0394,SCREENING,-7
S0394,SCREENING,-7
S0394,SCREENING,-7
S0394,SCREENING,-7
S0394,SCREENING,-7
S0394,C1D1,1
S0394,C1D1,1
S0394,C1D1,1
S0394,C1D1,1
S0394,C1D1,1
S0394,C1D2,2
S0394,C1D16,16
S0394,C2D1,29
S0394,C2D17,45
S0394,C2D22,50
S0394,C2D22,50
S0394,C2D23,51
S0394,C3D19,75
S0394,C3D23,79
S0394,C4D12,96
S0394,C4D12,96
S0394,C4D16,100
S0394,C4D16,100
S0394,C5D5,117
S0394,C5D7,119
S0394,C5D8,120
S0394,C5D27,139
S0394,C6D22,162
S0394,EOT,168
S0394,unscheduled,173
S0394,unscheduled,178
S0394,unscheduled,178
S0394,unscheduled,193
S0394,unscheduled,194
S0395,SCREENING,-7
S0395,SCREENING,-7
S0395,SCREENING,-7
S0395,SCREENING,-7
S0395,SCREENING,-7
S0395,SCREENING,-7
S0395,SCREENING,-7
S0395,C1D1,1
S0395,C1D1,1
S0395,C1D1,1
S0395,C1D2,2
S0395,C1D2,2
S0395,C1D3,3
S0395,C1D3,3
S0395,C1D16,16
S0395,C1D18,18
S0395,C1D20,20
S0395,C1D24,24
S0395,C2D7,35
S0395,C2D7,35
S0395,C2D7,35
S0395,C2D23,51
S0395,C2D23,51
S0395,C2D26,54
S0395,C3D1,57
S0395,C3D7,63
S0395,C3D8,64
S0395,C3D15,71
S0395,C3D22,78
S0395,C3D26,82
S0395,C3D28,84
S0395,C4D11,95
S0395,C4D24,108
S0395,C4D25,109
S0395,C4D26,110
S0395,C5D6,118
S0395,C5D8,120
S0395,C5D16,128
S0395,C5D28,140
S0395,C6D4,144
S0395,C6D10,150
S0395,C6D17,157
S0395,C6D18,158
S0395,C6D20,160
S0395,C6D28,168
S0395,EOT,168
S0395,unscheduled,169
S0395,unscheduled,176
S0395,unscheduled,176
S0395,unscheduled,182
S0395,unscheduled,185
S0395,unscheduled,193
S0396,SCREENING,-7
S0396,SCREENING,-7
S0396,SCREENING,-7
S0396,SCREENING,-7
S0396,SCREENING,-7
S0396,SCREENING,-7
S0396,SCREENING,-7
S0396,C1D1,1
S0396,C1D1,1
S0396,C1D1,1
S0396,C1D2,2
S0396,C1D5,5
S0396,C1D19,19
S0396,C2D9,37
S0396,C3D1,57
S0396,C3D15,71
S0396,C3D15,71
S0396,C4D12,96
S0396,C5D11,123
S0396,C5D16,128
S0396,C6D21,161
S0396,EOT,168
S0396,unscheduled,169
S0396,unscheduled,171
S0396,unscheduled,176
S0396,unscheduled,187
S0397,SCREENING,-7
S0397,SCREENING,-7
S0397,SCREENING,-7
S0397,SCREENING,-7
S0397,SCREENING,-7
S0397,SCREENING,-7
S0397,SCREENING,-7
S0397,C1D1,1
S0397,C1D1,1
S0397,C1D2,2
S0397,C1D3,3
S0397,C1D22,22
S0397,C2D26,54
S0397,C3D10,66
S0397,C4D26,110
S0397,C6D15,155
S0397,EOT,168
S0397,unscheduled,192
S0398,SCREENING,-7
S0398,SCREENING,-7
S0398,SCREENING,-7
S0398,SCREENING,-7
S0398,SCREENING,-7
S0398,SCREENING,-7
S0398,SCREENING,-7
S0398,C1D1,1
S0398,C1D1,1
S0398,C1D1,1
S0398,C1D2,2
S0398,C1D2,2
S0398,C1D2,2
S0398,C1D3,3
S0398,C1D4,4
S0398,C1D8,8
S0398,C1D8,8
S0398,C1D11,11
S0398,C1D12,12
S0398,C1D15,15
S0398,C1D16,16
S0398,C1D16,16
S0398,C1D18,18
S0398,EOT,21
S0398,C1D25,25
S0398,C1D25,25
S0398,C2D2,30
S0398,C2D2,30
S0398,C2D2,30
S0398,C2D5,33
S0398,C2D5,33
S0398,C2D5,33
S0398,C2D12,40
S0398,C2D12,40
S0398,C2D14,42
S0398,C2D15,43
S0398,C2D16,44
S0398,C2D16,44
S0398,C2D17,45
S0398,C2D17,45
S0398,C2D17,45
S0398,C2D17,45
S0398,C2D18,46
S0398,C2D19,47
S0398,C2D21,49
S0398,C2D22,50
S0398,C2D23,51
S0399,SCREENING,-7
S0399,SCREENING,-7
S0399,SCREENING,-7
S0399,SCREENING,-7
S0399,SCREENING,-7
S0399,SCREENING,-7
S0399,SCREENING,-7
S0399,C1D1,1
S0399,C1D1,1
S0399,C1D1,1
S0399,C1D2,2
S0399,C1D21,21
S0399,C1D24,24
S0399,C2D3,31
S0399,C2D3,31
S0399,C2D19,47
S0399,C4D1,85
S0399,C5D7,119
S0399,C5D7,119
S0399,C5D13,125
S0399,C6D7,147
S0399,C6D18,158
S0399,C6D22,162
S0399,EOT,168
S0399,unscheduled,173
S0399,unscheduled,182
S0399,unscheduled,182
S0399,unscheduled,185
S0399,unscheduled,187
S0399,unscheduled,188
S0400,SCREENING,-7
S0400,SCREENING,-7
S0400,SCREENING,-7
S0400,SCREENING,-7
S0400,SCREENING,-7
S0400,SCREENING,-7
S0400,SCREENING,-7
S0400,C1D1,1
S0400,C1D1,1
S0400,C1D1,1
S0400,C1D2,2
S0400,C1D5,5
S0400,C1D16,16
S0400,C1D25,25
S0400,C2D25,53
S0400,C3D10,66
S0400,C3D10,66
S0400,C3D19,75
S0400,C4D6,90
S0400,C5D4,116
S0400,C5D24,136
S0400,C5D24,136
S0400,C5D28,140
S0400,EOT,168
S0400,unscheduled,186
