USUBJID,ARM,AETERM,AESER,SOURCE
S0001,ARM1,diarrhea,N,safety_v3:RESOLVED
S0001,ARM1,nausea,N,safety_v3:RESOLVED
S0001,ARM1,arthralgia,N,safety_v3:RESOLVED
S0001,ARM1,hypertension_variable,N,safety_v3:RESOLVED
S0001,ARM1,fever,N,safety_v3:RESOLVED
S0001,ARM1,hypomagnesemia,N,safety_v3:RESOLVED
S0001,ARM1,dyspnea,N,safety_v3:RESOLVED
S0001,ARM1,hypoalbuminemia,N,safety_v3:RESOLVED
S0001,ARM1,rash_erythematous_macules_or_papules,N,safety_v3:RESOLVED
S0001,ARM1,anorexia,N,safety_v3:RESOLVED
S0001,ARM1,dysuria,N,safety_v3:RESOLVED
S0001,ARM1,hypocalcemia,N,safety_v3:RESOLVED
S0001,ARM1,dyspepsia,N,safety_v3:RESOLVED
S0001,ARM1,increased_frequency_of_micturition,N,safety_v3:RESOLVED
S0001,ARM1,nasal_congestion_finding,N,safety_v3:RESOLVED
S0001,ARM1,blood_creatinine_increased,N,safety_v3:RESOLVED
S0001,ARM1,upper_respiratory_infections,N,safety_v3:RESOLVED
S0001,ARM1,urinary_tract_infection,Y,safety_v3:RESOLVED
S0001,ARM1,hyperphosphatemia,N,protocol:F051
S0001,ARM1,other serious adverse events (not individually predicted),Y,residual to the any-serious prior (subgroup: trials with overlapping drug classes)
S0006,ARM1,nausea,N,safety_v3:RESOLVED
S0006,ARM1,constipation,N,safety_v3:RESOLVED
S0006,ARM1,arthralgia,N,safety_v3:RESOLVED
S0006,ARM1,hypertension_variable,N,safety_v3:RESOLVED
S0006,ARM1,hyponatremia,N,safety_v3:RESOLVED
S0006,ARM1,dyspnea,N,safety_v3:RESOLVED
S0006,ARM1,weight_loss,N,safety_v3:RESOLVED
S0006,ARM1,decrease_in_appetite,N,safety_v3:RESOLVED
S0006,ARM1,hypoalbuminemia,N,safety_v3:RESOLVED
S0006,ARM1,vomiting,N,safety_v3:RESOLVED
S0006,ARM1,rash_erythematous_macules_or_papules,N,safety_v3:RESOLVED
S0006,ARM1,creatinine_increased,N,safety_v3:RESOLVED
S0006,ARM1,gastroesophageal_reflux_disease,N,safety_v3:RESOLVED
S0006,ARM1,increased_frequency_of_micturition,N,safety_v3:RESOLVED
S0006,ARM1,hyperkalemia,N,safety_v3:RESOLVED
S0006,ARM1,nasal_congestion_finding,N,safety_v3:RESOLVED
S0006,ARM1,death_finding,Y,safety_v3:RESOLVED
S0006,ARM1,hyperphosphatemia,N,protocol:F051
S0010,ARM1,nausea,N,safety_v3:RESOLVED
S0010,ARM1,pruritus,N,safety_v3:RESOLVED
S0010,ARM1,hypertension_variable,N,safety_v3:RESOLVED
S0010,ARM1,fever,N,safety_v3:RESOLVED
S0010,ARM1,dyspnea,N,safety_v3:RESOLVED
S0010,ARM1,weight_loss,N,safety_v3:RESOLVED
S0010,ARM1,decrease_in_appetite,N,safety_v3:RESOLVED
S0010,ARM1,proteinuria,N,safety_v3:RESOLVED
S0010,ARM1,hyperglycemia,N,safety_v3:RESOLVED
S0010,ARM1,hypoalbuminemia,N,safety_v3:RESOLVED
S0010,ARM1,pain_in_limb,N,safety_v3:RESOLVED
S0010,ARM1,creatinine_increased,N,safety_v3:RESOLVED
S0010,ARM1,hypocalcemia,N,safety_v3:RESOLVED
S0010,ARM1,nasal_congestion_finding,N,safety_v3:RESOLVED
S0010,ARM1,blood_creatinine_increased,N,safety_v3:RESOLVED
S0010,ARM1,hyperphosphatemia,N,protocol:F051
S0017,ARM1,anemia,N,safety_v3:RESOLVED
S0017,ARM1,nausea,N,safety_v3:RESOLVED
S0017,ARM1,sleeplessness,N,safety_v3:RESOLVED
S0017,ARM1,arthralgia,N,safety_v3:RESOLVED
S0017,ARM1,hypertension_variable,N,safety_v3:RESOLVED
S0017,ARM1,fever,N,safety_v3:RESOLVED
S0017,ARM1,dyspnea,N,safety_v3:RESOLVED
S0017,ARM1,decrease_in_appetite,N,safety_v3:RESOLVED
S0017,ARM1,hypoalbuminemia,N,safety_v3:RESOLVED
S0017,ARM1,rash_erythematous_macules_or_papules,N,safety_v3:RESOLVED
S0017,ARM1,pain_in_limb,N,safety_v3:RESOLVED
S0017,ARM1,dysuria,N,safety_v3:RESOLVED
S0017,ARM1,hypocalcemia,N,safety_v3:RESOLVED
S0017,ARM1,dyspepsia,N,safety_v3:RESOLVED
S0017,ARM1,nasal_congestion_finding,N,safety_v3:RESOLVED
S0017,ARM1,death_finding,Y,safety_v3:RESOLVED
S0017,ARM1,hyperphosphatemia,N,protocol:F051
S0020,ARM1,nausea,N,safety_v3:RESOLVED
S0020,ARM1,constipation,N,safety_v3:RESOLVED
S0020,ARM1,arthralgia,N,safety_v3:RESOLVED
S0020,ARM1,pruritus,N,safety_v3:RESOLVED
S0020,ARM1,hypertension_variable,N,safety_v3:RESOLVED
S0020,ARM1,dyspnea,N,safety_v3:RESOLVED
S0020,ARM1,hypoalbuminemia,N,safety_v3:RESOLVED
S0020,ARM1,creatinine_increased,N,safety_v3:RESOLVED
S0020,ARM1,increased_frequency_of_micturition,N,safety_v3:RESOLVED
S0020,ARM1,nasal_congestion_finding,N,safety_v3:RESOLVED
S0020,ARM1,event,N,protocol:F053
S0020,ARM1,other serious adverse events (not individually predicted),Y,residual to the any-serious prior (subgroup: trials with overlapping drug classes)
S0022,ARM1,nausea,N,safety_v3:RESOLVED
S0022,ARM1,constipation,N,safety_v3:RESOLVED
S0022,ARM1,sleeplessness,N,safety_v3:RESOLVED
S0022,ARM1,hematuria,N,safety_v3:RESOLVED
S0022,ARM1,arthralgia,N,safety_v3:RESOLVED
S0022,ARM1,pruritus,N,safety_v3:RESOLVED
S0022,ARM1,hypertension_variable,N,safety_v3:RESOLVED
S0022,ARM1,aspartate_aminotransferase_increased,N,safety_v3:RESOLVED
S0022,ARM1,dyspnea,N,safety_v3:RESOLVED
S0022,ARM1,abdominal_pain,N,safety_v3:RESOLVED
S0022,ARM1,hyperglycemia,N,safety_v3:RESOLVED
S0022,ARM1,hypoalbuminemia,N,safety_v3:RESOLVED
S0022,ARM1,coughing,N,safety_v3:RESOLVED
S0022,ARM1,dysuria,N,safety_v3:RESOLVED
S0022,ARM1,nasal_congestion_finding,N,safety_v3:RESOLVED
S0022,ARM1,urinary_tract_infection,Y,safety_v3:RESOLVED
S0022,ARM1,hyperphosphatemia,N,protocol:F051
S0022,ARM1,other serious adverse events (not individually predicted),Y,residual to the any-serious prior (subgroup: trials with overlapping drug classes)
S0024,ARM1,nausea,N,safety_v3:RESOLVED
S0024,ARM1,sleeplessness,N,safety_v3:RESOLVED
S0024,ARM1,arthralgia,N,safety_v3:RESOLVED
S0024,ARM1,hypertension_variable,N,safety_v3:RESOLVED
S0024,ARM1,aspartate_aminotransferase_increased,N,safety_v3:RESOLVED
S0024,ARM1,hypomagnesemia,N,safety_v3:RESOLVED
S0024,ARM1,dyspnea,N,safety_v3:RESOLVED
S0024,ARM1,decrease_in_appetite,N,safety_v3:RESOLVED
S0024,ARM1,proteinuria,N,safety_v3:RESOLVED
S0024,ARM1,hypoalbuminemia,N,safety_v3:RESOLVED
S0024,ARM1,coughing,N,safety_v3:RESOLVED
S0024,ARM1,dysgeusia,N,safety_v3:RESOLVED
S0024,ARM1,dysuria,N,safety_v3:RESOLVED
S0024,ARM1,hypocalcemia,N,safety_v3:RESOLVED
S0024,ARM1,hyperkalemia,N,safety_v3:RESOLVED
S0024,ARM1,nasal_congestion_finding,N,safety_v3:RESOLVED
S0024,ARM1,death_finding,Y,safety_v3:RESOLVED
S0024,ARM1,event,N,protocol:F053
S0024,ARM1,other serious adverse events (not individually predicted),Y,residual to the any-serious prior (subgroup: trials with overlapping drug classes)
S0025,ARM1,anemia,N,safety_v3:RESOLVED
S0025,ARM1,nausea,N,safety_v3:RESOLVED
S0025,ARM1,urinary_tract_infection,N,safety_v3:RESOLVED
S0025,ARM1,hematuria,N,safety_v3:RESOLVED
S0025,ARM1,arthralgia,N,safety_v3:RESOLVED
S0025,ARM1,headache,N,safety_v3:RESOLVED
S0025,ARM1,hypertension_variable,N,safety_v3:RESOLVED
S0025,ARM1,hyponatremia,N,safety_v3:RESOLVED
S0025,ARM1,fever,N,safety_v3:RESOLVED
S0025,ARM1,dyspnea,N,safety_v3:RESOLVED
S0025,ARM1,hypoalbuminemia,N,safety_v3:RESOLVED
S0025,ARM1,dizziness,N,safety_v3:RESOLVED
S0025,ARM1,hypocalcemia,N,safety_v3:RESOLVED
S0025,ARM1,myalgia,N,safety_v3:RESOLVED
S0025,ARM1,nasal_congestion_finding,N,safety_v3:RESOLVED
S0025,ARM1,hyperphosphatemia,N,protocol:F051
S0026,ARM1,anemia,N,safety_v3:RESOLVED
S0026,ARM1,arthralgia,N,safety_v3:RESOLVED
S0026,ARM1,hypertension_variable,N,safety_v3:RESOLVED
S0026,ARM1,hyponatremia,N,safety_v3:RESOLVED
S0026,ARM1,dyspnea,N,safety_v3:RESOLVED
S0026,ARM1,decrease_in_appetite,N,safety_v3:RESOLVED
S0026,ARM1,proteinuria,N,safety_v3:RESOLVED
S0026,ARM1,hyperglycemia,N,safety_v3:RESOLVED
S0026,ARM1,hypoalbuminemia,N,safety_v3:RESOLVED
S0026,ARM1,dysgeusia,N,safety_v3:RESOLVED
S0026,ARM1,maculopapular_lesion,N,safety_v3:RESOLVED
S0026,ARM1,creatinine_increased,N,safety_v3:RESOLVED
S0026,ARM1,anorexia,N,safety_v3:RESOLVED
S0026,ARM1,dysuria,N,safety_v3:RESOLVED
S0026,ARM1,hypocalcemia,N,safety_v3:RESOLVED
S0026,ARM1,dyspepsia,N,safety_v3:RESOLVED
S0026,ARM1,nasal_congestion_finding,N,safety_v3:RESOLVED
S0026,ARM1,blood_creatinine_increased,N,safety_v3:RESOLVED
S0026,ARM1,hyperphosphatemia,N,protocol:F051
S0026,ARM1,other serious adverse events (not individually predicted),Y,residual to the any-serious prior (subgroup: trials with overlapping drug classes)
S0038,ARM1,nausea,N,safety_v3:RESOLVED
S0038,ARM1,sleeplessness,N,safety_v3:RESOLVED
S0038,ARM1,arthralgia,N,safety_v3:RESOLVED
S0038,ARM1,hypertension_variable,N,safety_v3:RESOLVED
S0038,ARM1,hyponatremia,N,safety_v3:RESOLVED
S0038,ARM1,hypomagnesemia,N,safety_v3:RESOLVED
S0038,ARM1,dyspnea,N,safety_v3:RESOLVED
S0038,ARM1,abdominal_pain,N,safety_v3:RESOLVED
S0038,ARM1,decrease_in_appetite,N,safety_v3:RESOLVED
S0038,ARM1,rash_erythematous_macules_or_papules,N,safety_v3:RESOLVED
S0038,ARM1,pain_in_limb,N,safety_v3:RESOLVED
S0038,ARM1,dysuria,N,safety_v3:RESOLVED
S0038,ARM1,hypocalcemia,N,safety_v3:RESOLVED
S0038,ARM1,hyperkalemia,N,safety_v3:RESOLVED
S0038,ARM1,nasal_congestion_finding,N,safety_v3:RESOLVED
S0038,ARM1,pneumonia,Y,safety_v3:RESOLVED
S0038,ARM1,hyperphosphatemia,N,protocol:F051
S0038,ARM1,other serious adverse events (not individually predicted),Y,residual to the any-serious prior (subgroup: trials with overlapping drug classes)
S0039,ARM1,diarrhea,N,safety_v3:RESOLVED
S0039,ARM1,nausea,N,safety_v3:RESOLVED
S0039,ARM1,sleeplessness,N,safety_v3:RESOLVED
S0039,ARM1,arthralgia,N,safety_v3:RESOLVED
S0039,ARM1,pruritus,N,safety_v3:RESOLVED
S0039,ARM1,hypertension_variable,N,safety_v3:RESOLVED
S0039,ARM1,dyspnea,N,safety_v3:RESOLVED
S0039,ARM1,decrease_in_appetite,N,safety_v3:RESOLVED
S0039,ARM1,proteinuria,N,safety_v3:RESOLVED
S0039,ARM1,hypoalbuminemia,N,safety_v3:RESOLVED
S0039,ARM1,pain_in_limb,N,safety_v3:RESOLVED
S0039,ARM1,dysgeusia,N,safety_v3:RESOLVED
S0039,ARM1,dysuria,N,safety_v3:RESOLVED
S0039,ARM1,dyspepsia,N,safety_v3:RESOLVED
S0039,ARM1,nasal_congestion_finding,N,safety_v3:RESOLVED
S0039,ARM1,blood_creatinine_increased,N,safety_v3:RESOLVED
S0045,ARM1,sleeplessness,N,safety_v3:RESOLVED
S0045,ARM1,arthralgia,N,safety_v3:RESOLVED
S0045,ARM1,hypertension_variable,N,safety_v3:RESOLVED
S0045,ARM1,dyspnea,N,safety_v3:RESOLVED
S0045,ARM1,decrease_in_appetite,N,safety_v3:RESOLVED
S0045,ARM1,hypoalbuminemia,N,safety_v3:RESOLVED
S0045,ARM1,rash_erythematous_macules_or_papules,N,safety_v3:RESOLVED
S0045,ARM1,anorexia,N,safety_v3:RESOLVED
S0045,ARM1,dysuria,N,safety_v3:RESOLVED
S0045,ARM1,hypocalcemia,N,safety_v3:RESOLVED
S0045,ARM1,dyspepsia,N,safety_v3:RESOLVED
S0045,ARM1,sensory_neuropathy,N,safety_v3:RESOLVED
S0045,ARM1,blood_creatinine_increased,N,safety_v3:RESOLVED
S0045,ARM1,hyperphosphatemia,N,protocol:F051
S0045,ARM1,event,N,protocol:F053
S0046,ARM1,diarrhea,N,safety_v3:RESOLVED
S0046,ARM1,nausea,N,safety_v3:RESOLVED
S0046,ARM1,sleeplessness,N,safety_v3:RESOLVED
S0046,ARM1,hematuria,N,safety_v3:RESOLVED
S0046,ARM1,arthralgia,N,safety_v3:RESOLVED
S0046,ARM1,pruritus,N,safety_v3:RESOLVED
S0046,ARM1,hypertension_variable,N,safety_v3:RESOLVED
S0046,ARM1,hypomagnesemia,N,safety_v3:RESOLVED
S0046,ARM1,dyspnea,N,safety_v3:RESOLVED
S0046,ARM1,abdominal_pain,N,safety_v3:RESOLVED
S0046,ARM1,decrease_in_appetite,N,safety_v3:RESOLVED
S0046,ARM1,hypoalbuminemia,N,safety_v3:RESOLVED
S0046,ARM1,coughing,N,safety_v3:RESOLVED
S0046,ARM1,dizziness,N,safety_v3:RESOLVED
S0046,ARM1,dysuria,N,safety_v3:RESOLVED
S0046,ARM1,hypocalcemia,N,safety_v3:RESOLVED
S0046,ARM1,nasal_congestion_finding,N,safety_v3:RESOLVED
S0050,ARM1,arthralgia,N,safety_v3:RESOLVED
S0050,ARM1,pruritus,N,safety_v3:RESOLVED
S0050,ARM1,hypertension_variable,N,safety_v3:RESOLVED
S0050,ARM1,dyspnea,N,safety_v3:RESOLVED
S0050,ARM1,decrease_in_appetite,N,safety_v3:RESOLVED
S0050,ARM1,hypoalbuminemia,N,safety_v3:RESOLVED
S0050,ARM1,coughing,N,safety_v3:RESOLVED
S0050,ARM1,rash_erythematous_macules_or_papules,N,safety_v3:RESOLVED
S0050,ARM1,dizziness,N,safety_v3:RESOLVED
S0050,ARM1,pain_in_limb,N,safety_v3:RESOLVED
S0050,ARM1,creatinine_increased,N,safety_v3:RESOLVED
S0050,ARM1,dysuria,N,safety_v3:RESOLVED
S0050,ARM1,hypocalcemia,N,safety_v3:RESOLVED
S0050,ARM1,alkaline_phosphatase_raised,N,safety_v3:RESOLVED
S0050,ARM1,nasal_congestion_finding,N,safety_v3:RESOLVED
S0050,ARM1,event,N,protocol:F053
S0052,ARM1,arthralgia,N,safety_v3:RESOLVED
S0052,ARM1,hypertension_variable,N,safety_v3:RESOLVED
S0052,ARM1,dyspnea,N,safety_v3:RESOLVED
S0052,ARM1,decrease_in_appetite,N,safety_v3:RESOLVED
S0052,ARM1,hypoalbuminemia,N,safety_v3:RESOLVED
S0052,ARM1,rash_erythematous_macules_or_papules,N,safety_v3:RESOLVED
S0052,ARM1,hypocalcemia,N,safety_v3:RESOLVED
S0052,ARM1,myalgia,N,safety_v3:RESOLVED
S0052,ARM1,nasal_congestion_finding,N,safety_v3:RESOLVED
S0052,ARM1,other serious adverse events (not individually predicted),Y,residual to the any-serious prior (subgroup: trials with overlapping drug classes)
S0053,ARM1,constipation,N,safety_v3:RESOLVED
S0053,ARM1,arthralgia,N,safety_v3:RESOLVED
S0053,ARM1,hypertension_variable,N,safety_v3:RESOLVED
S0053,ARM1,hyponatremia,N,safety_v3:RESOLVED
S0053,ARM1,abdominal_pain,N,safety_v3:RESOLVED
S0053,ARM1,decrease_in_appetite,N,safety_v3:RESOLVED
S0053,ARM1,hypoalbuminemia,N,safety_v3:RESOLVED
S0053,ARM1,coughing,N,safety_v3:RESOLVED
S0053,ARM1,rash_erythematous_macules_or_papules,N,safety_v3:RESOLVED
S0053,ARM1,pain_in_limb,N,safety_v3:RESOLVED
S0053,ARM1,dysuria,N,safety_v3:RESOLVED
S0053,ARM1,hypocalcemia,N,safety_v3:RESOLVED
S0053,ARM1,nasal_congestion_finding,N,safety_v3:RESOLVED
S0053,ARM1,other serious adverse events (not individually predicted),Y,residual to the any-serious prior (subgroup: trials with overlapping drug classes)
S0060,ARM1,diarrhea,N,safety_v3:RESOLVED
S0060,ARM1,arthralgia,N,safety_v3:RESOLVED
S0060,ARM1,hypertension_variable,N,safety_v3:RESOLVED
S0060,ARM1,dyspnea,N,safety_v3:RESOLVED
S0060,ARM1,abdominal_pain,N,safety_v3:RESOLVED
S0060,ARM1,hyperglycemia,N,safety_v3:RESOLVED
S0060,ARM1,hypoalbuminemia,N,safety_v3:RESOLVED
S0060,ARM1,dysuria,N,safety_v3:RESOLVED
S0060,ARM1,dyspepsia,N,safety_v3:RESOLVED
S0060,ARM1,nasal_congestion_finding,N,safety_v3:RESOLVED
S0060,ARM1,pneumonia,Y,safety_v3:RESOLVED
S0060,ARM1,event,N,protocol:F053
S0072,ARM1,arthralgia,N,safety_v3:RESOLVED
S0072,ARM1,hypertension_variable,N,safety_v3:RESOLVED
S0072,ARM1,aspartate_aminotransferase_increased,N,safety_v3:RESOLVED
S0072,ARM1,hyponatremia,N,safety_v3:RESOLVED
S0072,ARM1,fever,N,safety_v3:RESOLVED
S0072,ARM1,hyperglycemia,N,safety_v3:RESOLVED
S0072,ARM1,hypoalbuminemia,N,safety_v3:RESOLVED
S0072,ARM1,coughing,N,safety_v3:RESOLVED
S0072,ARM1,dizziness,N,safety_v3:RESOLVED
S0072,ARM1,dysuria,N,safety_v3:RESOLVED
S0072,ARM1,hypocalcemia,N,safety_v3:RESOLVED
S0072,ARM1,nasal_congestion_finding,N,safety_v3:RESOLVED
S0072,ARM1,dehydration,N,safety_v3:RESOLVED
S0072,ARM1,hyperphosphatemia,N,protocol:F051
S0072,ARM1,event,N,protocol:F053
S0072,ARM1,other serious adverse events (not individually predicted),Y,residual to the any-serious prior (subgroup: trials with overlapping drug classes)
S0073,ARM1,nausea,N,safety_v3:RESOLVED
S0073,ARM1,arthralgia,N,safety_v3:RESOLVED
S0073,ARM1,hypertension_variable,N,safety_v3:RESOLVED
S0073,ARM1,decrease_in_appetite,N,safety_v3:RESOLVED
S0073,ARM1,proteinuria,N,safety_v3:RESOLVED
S0073,ARM1,hypoalbuminemia,N,safety_v3:RESOLVED
S0073,ARM1,creatinine_increased,N,safety_v3:RESOLVED
S0073,ARM1,dry_skin,N,safety_v3:RESOLVED
S0073,ARM1,dysuria,N,safety_v3:RESOLVED
S0073,ARM1,dyspepsia,N,safety_v3:RESOLVED
S0073,ARM1,nasal_congestion_finding,N,safety_v3:RESOLVED
S0073,ARM1,event,N,protocol:F053
S0074,ARM1,arthralgia,N,safety_v3:RESOLVED
S0074,ARM1,pruritus,N,safety_v3:RESOLVED
S0074,ARM1,hypertension_variable,N,safety_v3:RESOLVED
S0074,ARM1,hypoalbuminemia,N,safety_v3:RESOLVED
S0074,ARM1,pain_in_limb,N,safety_v3:RESOLVED
S0074,ARM1,dysuria,N,safety_v3:RESOLVED
S0074,ARM1,pain,N,safety_v3:RESOLVED
S0074,ARM1,nasal_congestion_finding,N,safety_v3:RESOLVED
S0074,ARM1,neutrophil_count_decreased,N,safety_v3:RESOLVED
S0074,ARM1,hyperphosphatemia,N,protocol:F051
S0074,ARM1,event,N,protocol:F053
S0081,ARM1,anemia,N,safety_v3:RESOLVED
S0081,ARM1,sleeplessness,N,safety_v3:RESOLVED
S0081,ARM1,arthralgia,N,safety_v3:RESOLVED
S0081,ARM1,hypertension_variable,N,safety_v3:RESOLVED
S0081,ARM1,dyspnea,N,safety_v3:RESOLVED
S0081,ARM1,decrease_in_appetite,N,safety_v3:RESOLVED
S0081,ARM1,proteinuria,N,safety_v3:RESOLVED
S0081,ARM1,hypoalbuminemia,N,safety_v3:RESOLVED
S0081,ARM1,dry_skin,N,safety_v3:RESOLVED
S0081,ARM1,dysuria,N,safety_v3:RESOLVED
S0081,ARM1,dyspepsia,N,safety_v3:RESOLVED
S0081,ARM1,nasal_congestion_finding,N,safety_v3:RESOLVED
S0081,ARM1,hyperphosphatemia,N,protocol:F051
S0081,ARM1,event,N,protocol:F053
S0088,ARM1,arthralgia,N,safety_v3:RESOLVED
S0088,ARM1,hypertension_variable,N,safety_v3:RESOLVED
S0088,ARM1,hyponatremia,N,safety_v3:RESOLVED
S0088,ARM1,dyspnea,N,safety_v3:RESOLVED
S0088,ARM1,hypoalbuminemia,N,safety_v3:RESOLVED
S0088,ARM1,dysuria,N,safety_v3:RESOLVED
S0088,ARM1,hypocalcemia,N,safety_v3:RESOLVED
S0088,ARM1,hyperkalemia,N,safety_v3:RESOLVED
S0088,ARM1,nasal_congestion_finding,N,safety_v3:RESOLVED
S0088,ARM1,event,N,protocol:F053
S0091,ARM1,fatigue,N,safety_v3:RESOLVED
S0091,ARM1,anemia,N,safety_v3:RESOLVED
S0091,ARM1,hypertension_variable,N,safety_v3:RESOLVED
S0091,ARM1,dyspnea,N,safety_v3:RESOLVED
S0091,ARM1,decrease_in_appetite,N,safety_v3:RESOLVED
S0091,ARM1,hyperglycemia,N,safety_v3:RESOLVED
S0091,ARM1,hypoalbuminemia,N,safety_v3:RESOLVED
S0091,ARM1,coughing,N,safety_v3:RESOLVED
S0091,ARM1,dizziness,N,safety_v3:RESOLVED
S0091,ARM1,dysuria,N,safety_v3:RESOLVED
S0091,ARM1,hypokalemia,N,safety_v3:RESOLVED
S0091,ARM1,nasal_congestion_finding,N,safety_v3:RESOLVED
S0091,ARM1,event,N,protocol:F053
S0093,ARM1,nausea,N,safety_v3:RESOLVED
S0093,ARM1,constipation,N,safety_v3:RESOLVED
S0093,ARM1,arthralgia,N,safety_v3:RESOLVED
S0093,ARM1,pruritus,N,safety_v3:RESOLVED
S0093,ARM1,hypertension_variable,N,safety_v3:RESOLVED
S0093,ARM1,hypomagnesemia,N,safety_v3:RESOLVED
S0093,ARM1,dyspnea,N,safety_v3:RESOLVED
S0093,ARM1,decrease_in_appetite,N,safety_v3:RESOLVED
S0093,ARM1,hypoalbuminemia,N,safety_v3:RESOLVED
S0093,ARM1,rash_erythematous_macules_or_papules,N,safety_v3:RESOLVED
S0093,ARM1,maculopapular_lesion,N,safety_v3:RESOLVED
S0093,ARM1,hypocalcemia,N,safety_v3:RESOLVED
S0093,ARM1,increased_frequency_of_micturition,N,safety_v3:RESOLVED
S0093,ARM1,nasal_congestion_finding,N,safety_v3:RESOLVED
S0093,ARM1,death_finding,Y,safety_v3:RESOLVED
S0095,ARM1,anemia,N,safety_v3:RESOLVED
S0095,ARM1,constipation,N,safety_v3:RESOLVED
S0095,ARM1,pruritus,N,safety_v3:RESOLVED
S0095,ARM1,hypertension_variable,N,safety_v3:RESOLVED
S0095,ARM1,hyponatremia,N,safety_v3:RESOLVED
S0095,ARM1,back_pain,N,safety_v3:RESOLVED
S0095,ARM1,dyspnea,N,safety_v3:RESOLVED
S0095,ARM1,decrease_in_appetite,N,safety_v3:RESOLVED
S0095,ARM1,hypoalbuminemia,N,safety_v3:RESOLVED
S0095,ARM1,dysuria,N,safety_v3:RESOLVED
S0095,ARM1,increased_frequency_of_micturition,N,safety_v3:RESOLVED
S0095,ARM1,nasal_congestion_finding,N,safety_v3:RESOLVED
S0095,ARM1,blood_creatinine_increased,N,safety_v3:RESOLVED
S0095,ARM1,event,N,protocol:F053
S0095,ARM1,other serious adverse events (not individually predicted),Y,residual to the any-serious prior (subgroup: trials with overlapping drug classes)
S0102,ARM1,hypomagnesemia,N,safety_v3:RESOLVED
S0102,ARM1,decrease_in_appetite,N,safety_v3:RESOLVED
S0102,ARM1,hypoalbuminemia,N,safety_v3:RESOLVED
S0102,ARM1,vomiting,N,safety_v3:RESOLVED
S0102,ARM1,dysgeusia,N,safety_v3:RESOLVED
S0102,ARM1,anorexia,N,safety_v3:RESOLVED
S0102,ARM1,dysuria,N,safety_v3:RESOLVED
S0102,ARM1,nasal_congestion_finding,N,safety_v3:RESOLVED
S0102,ARM1,dehydration,N,safety_v3:RESOLVED
S0102,ARM1,event,N,protocol:F053
S0102,ARM1,other serious adverse events (not individually predicted),Y,residual to the any-serious prior (subgroup: trials with overlapping drug classes)
S0106,ARM1,urinary_tract_infection,N,safety_v3:RESOLVED
S0106,ARM1,hypertension_variable,N,safety_v3:RESOLVED
S0106,ARM1,alanine_aminotransferase_increased,N,safety_v3:RESOLVED
S0106,ARM1,hypomagnesemia,N,safety_v3:RESOLVED
S0106,ARM1,dyspnea,N,safety_v3:RESOLVED
S0106,ARM1,decrease_in_appetite,N,safety_v3:RESOLVED
S0106,ARM1,hypoalbuminemia,N,safety_v3:RESOLVED
S0106,ARM1,vomiting,N,safety_v3:RESOLVED
S0106,ARM1,coughing,N,safety_v3:RESOLVED
S0106,ARM1,rash_erythematous_macules_or_papules,N,safety_v3:RESOLVED
S0106,ARM1,dysgeusia,N,safety_v3:RESOLVED
S0106,ARM1,dysuria,N,safety_v3:RESOLVED
S0106,ARM1,hypocalcemia,N,safety_v3:RESOLVED
S0106,ARM1,dyspepsia,N,safety_v3:RESOLVED
S0106,ARM1,nasal_congestion_finding,N,safety_v3:RESOLVED
S0106,ARM1,blood_creatinine_increased,N,safety_v3:RESOLVED
S0110,ARM1,hypertension_variable,N,safety_v3:RESOLVED
S0110,ARM1,dyspnea,N,safety_v3:RESOLVED
S0110,ARM1,decrease_in_appetite,N,safety_v3:RESOLVED
S0110,ARM1,hypoalbuminemia,N,safety_v3:RESOLVED
S0110,ARM1,creatinine_increased,N,safety_v3:RESOLVED
S0110,ARM1,anorexia,N,safety_v3:RESOLVED
S0110,ARM1,dysuria,N,safety_v3:RESOLVED
S0110,ARM1,hypocalcemia,N,safety_v3:RESOLVED
S0110,ARM1,hyperkalemia,N,safety_v3:RESOLVED
S0110,ARM1,nasal_congestion_finding,N,safety_v3:RESOLVED
S0110,ARM1,blood_creatinine_increased,N,safety_v3:RESOLVED
S0110,ARM1,hyperphosphatemia,N,protocol:F051
S0110,ARM1,other serious adverse events (not individually predicted),Y,residual to the any-serious prior (subgroup: trials with overlapping drug classes)
S0118,ARM1,arthralgia,N,safety_v3:RESOLVED
S0118,ARM1,pruritus,N,safety_v3:RESOLVED
S0118,ARM1,hypertension_variable,N,safety_v3:RESOLVED
S0118,ARM1,dyspnea,N,safety_v3:RESOLVED
S0118,ARM1,abdominal_pain,N,safety_v3:RESOLVED
S0118,ARM1,decrease_in_appetite,N,safety_v3:RESOLVED
S0118,ARM1,hyperglycemia,N,safety_v3:RESOLVED
S0118,ARM1,hypoalbuminemia,N,safety_v3:RESOLVED
S0118,ARM1,rash_erythematous_macules_or_papules,N,safety_v3:RESOLVED
S0118,ARM1,dysuria,N,safety_v3:RESOLVED
S0118,ARM1,hypocalcemia,N,safety_v3:RESOLVED
S0118,ARM1,dehydration,N,safety_v3:RESOLVED
S0118,ARM1,hyperphosphatemia,N,protocol:F051
S0118,ARM1,event,N,protocol:F053
S0118,ARM1,other serious adverse events (not individually predicted),Y,residual to the any-serious prior (subgroup: trials with overlapping drug classes)
S0123,ARM1,constipation,N,safety_v3:RESOLVED
S0123,ARM1,pruritus,N,safety_v3:RESOLVED
S0123,ARM1,hypomagnesemia,N,safety_v3:RESOLVED
S0123,ARM1,dyspnea,N,safety_v3:RESOLVED
S0123,ARM1,abdominal_pain,N,safety_v3:RESOLVED
S0123,ARM1,decrease_in_appetite,N,safety_v3:RESOLVED
S0123,ARM1,hypoalbuminemia,N,safety_v3:RESOLVED
S0123,ARM1,coughing,N,safety_v3:RESOLVED
S0123,ARM1,pain_in_limb,N,safety_v3:RESOLVED
S0123,ARM1,dysgeusia,N,safety_v3:RESOLVED
S0123,ARM1,pain,N,safety_v3:RESOLVED
S0123,ARM1,nasal_congestion_finding,N,safety_v3:RESOLVED
S0123,ARM1,sensory_neuropathy,N,safety_v3:RESOLVED
S0123,ARM1,acute_kidney_injury,Y,safety_v3:RESOLVED
S0123,ARM1,event,N,protocol:F053
S0129,ARM1,sleeplessness,N,safety_v3:RESOLVED
S0129,ARM1,arthralgia,N,safety_v3:RESOLVED
S0129,ARM1,hypertension_variable,N,safety_v3:RESOLVED
S0129,ARM1,back_pain,N,safety_v3:RESOLVED
S0129,ARM1,fever,N,safety_v3:RESOLVED
S0129,ARM1,dyspnea,N,safety_v3:RESOLVED
S0129,ARM1,decrease_in_appetite,N,safety_v3:RESOLVED
S0129,ARM1,hypoalbuminemia,N,safety_v3:RESOLVED
S0129,ARM1,pain_in_limb,N,safety_v3:RESOLVED
S0129,ARM1,creatinine_increased,N,safety_v3:RESOLVED
S0129,ARM1,dysuria,N,safety_v3:RESOLVED
S0129,ARM1,hypocalcemia,N,safety_v3:RESOLVED
S0129,ARM1,nasal_congestion_finding,N,safety_v3:RESOLVED
S0129,ARM1,blood_creatinine_increased,N,safety_v3:RESOLVED
S0129,ARM1,hyperphosphatemia,N,protocol:F051
S0129,ARM1,other serious adverse events (not individually predicted),Y,residual to the any-serious prior (subgroup: trials with overlapping drug classes)
S0134,ARM1,constipation,N,safety_v3:RESOLVED
S0134,ARM1,arthralgia,N,safety_v3:RESOLVED
S0134,ARM1,pruritus,N,safety_v3:RESOLVED
S0134,ARM1,hypertension_variable,N,safety_v3:RESOLVED
S0134,ARM1,hyponatremia,N,safety_v3:RESOLVED
S0134,ARM1,fever,N,safety_v3:RESOLVED
S0134,ARM1,hypoalbuminemia,N,safety_v3:RESOLVED
S0134,ARM1,dysuria,N,safety_v3:RESOLVED
S0134,ARM1,hypocalcemia,N,safety_v3:RESOLVED
S0134,ARM1,dyspepsia,N,safety_v3:RESOLVED
S0134,ARM1,hyperkalemia,N,safety_v3:RESOLVED
S0134,ARM1,nasal_congestion_finding,N,safety_v3:RESOLVED
S0134,ARM1,event,N,protocol:F053
S0134,ARM1,TEAE with a fatal outcome,N,protocol:F055
S0137,ARM1,nausea,N,safety_v3:RESOLVED
S0137,ARM1,arthralgia,N,safety_v3:RESOLVED
S0137,ARM1,pruritus,N,safety_v3:RESOLVED
S0137,ARM1,hypertension_variable,N,safety_v3:RESOLVED
S0137,ARM1,dyspnea,N,safety_v3:RESOLVED
S0137,ARM1,abdominal_pain,N,safety_v3:RESOLVED
S0137,ARM1,decrease_in_appetite,N,safety_v3:RESOLVED
S0137,ARM1,proteinuria,N,safety_v3:RESOLVED
S0137,ARM1,hypoalbuminemia,N,safety_v3:RESOLVED
S0137,ARM1,rash_erythematous_macules_or_papules,N,safety_v3:RESOLVED
S0137,ARM1,dysgeusia,N,safety_v3:RESOLVED
S0137,ARM1,gastroesophageal_reflux_disease,N,safety_v3:RESOLVED
S0137,ARM1,dysuria,N,safety_v3:RESOLVED
S0137,ARM1,hypocalcemia,N,safety_v3:RESOLVED
S0137,ARM1,nasal_congestion_finding,N,safety_v3:RESOLVED
S0137,ARM1,depression_dominant,N,safety_v3:RESOLVED
S0137,ARM1,death_finding,Y,safety_v3:RESOLVED
S0137,ARM1,event,N,protocol:F053
S0140,ARM1,diarrhea,N,safety_v3:RESOLVED
S0140,ARM1,hematuria,N,safety_v3:RESOLVED
S0140,ARM1,hypertension_variable,N,safety_v3:RESOLVED
S0140,ARM1,back_pain,N,safety_v3:RESOLVED
S0140,ARM1,dyspnea,N,safety_v3:RESOLVED
S0140,ARM1,decrease_in_appetite,N,safety_v3:RESOLVED
S0140,ARM1,proteinuria,N,safety_v3:RESOLVED
S0140,ARM1,hypoalbuminemia,N,safety_v3:RESOLVED
S0140,ARM1,coughing,N,safety_v3:RESOLVED
S0140,ARM1,rash_erythematous_macules_or_papules,N,safety_v3:RESOLVED
S0140,ARM1,dizziness,N,safety_v3:RESOLVED
S0140,ARM1,dysuria,N,safety_v3:RESOLVED
S0140,ARM1,hypocalcemia,N,safety_v3:RESOLVED
S0140,ARM1,nasal_congestion_finding,N,safety_v3:RESOLVED
S0140,ARM1,blood_creatinine_increased,N,safety_v3:RESOLVED
S0140,ARM1,anemia,Y,safety_v3:RESOLVED
S0142,ARM1,anemia,N,safety_v3:RESOLVED
S0142,ARM1,nausea,N,safety_v3:RESOLVED
S0142,ARM1,constipation,N,safety_v3:RESOLVED
S0142,ARM1,sleeplessness,N,safety_v3:RESOLVED
S0142,ARM1,arthralgia,N,safety_v3:RESOLVED
S0142,ARM1,pruritus,N,safety_v3:RESOLVED
S0142,ARM1,hypertension_variable,N,safety_v3:RESOLVED
S0142,ARM1,dyspnea,N,safety_v3:RESOLVED
S0142,ARM1,decrease_in_appetite,N,safety_v3:RESOLVED
S0142,ARM1,hypoalbuminemia,N,safety_v3:RESOLVED
S0142,ARM1,dysgeusia,N,safety_v3:RESOLVED
S0142,ARM1,creatinine_increased,N,safety_v3:RESOLVED
S0142,ARM1,anorexia,N,safety_v3:RESOLVED
S0142,ARM1,hypocalcemia,N,safety_v3:RESOLVED
S0142,ARM1,increased_frequency_of_micturition,N,safety_v3:RESOLVED
S0142,ARM1,nasal_congestion_finding,N,safety_v3:RESOLVED
S0142,ARM1,blood_creatinine_increased,N,safety_v3:RESOLVED
S0142,ARM1,anemia,Y,safety_v3:RESOLVED
S0144,ARM1,nausea,N,safety_v3:RESOLVED
S0144,ARM1,sleeplessness,N,safety_v3:RESOLVED
S0144,ARM1,hypertension_variable,N,safety_v3:RESOLVED
S0144,ARM1,back_pain,N,safety_v3:RESOLVED
S0144,ARM1,dyspnea,N,safety_v3:RESOLVED
S0144,ARM1,decrease_in_appetite,N,safety_v3:RESOLVED
S0144,ARM1,hypoalbuminemia,N,safety_v3:RESOLVED
S0144,ARM1,maculopapular_lesion,N,safety_v3:RESOLVED
S0144,ARM1,creatinine_increased,N,safety_v3:RESOLVED
S0144,ARM1,dysuria,N,safety_v3:RESOLVED
S0144,ARM1,hypocalcemia,N,safety_v3:RESOLVED
S0144,ARM1,nasal_congestion_finding,N,safety_v3:RESOLVED
S0144,ARM1,blood_creatinine_increased,N,safety_v3:RESOLVED
S0144,ARM1,hyperphosphatemia,N,protocol:F051
S0144,ARM1,event,N,protocol:F053
S0144,ARM1,other serious adverse events (not individually predicted),Y,residual to the any-serious prior (subgroup: trials with overlapping drug classes)
S0145,ARM1,hematuria,N,safety_v3:RESOLVED
S0145,ARM1,arthralgia,N,safety_v3:RESOLVED
S0145,ARM1,pruritus,N,safety_v3:RESOLVED
S0145,ARM1,hypertension_variable,N,safety_v3:RESOLVED
S0145,ARM1,hyponatremia,N,safety_v3:RESOLVED
S0145,ARM1,back_pain,N,safety_v3:RESOLVED
S0145,ARM1,hypomagnesemia,N,safety_v3:RESOLVED
S0145,ARM1,hyperglycemia,N,safety_v3:RESOLVED
S0145,ARM1,hypoalbuminemia,N,safety_v3:RESOLVED
S0145,ARM1,dizziness,N,safety_v3:RESOLVED
S0145,ARM1,maculopapular_lesion,N,safety_v3:RESOLVED
S0145,ARM1,dysuria,N,safety_v3:RESOLVED
S0145,ARM1,hypocalcemia,N,safety_v3:RESOLVED
S0145,ARM1,dyspepsia,N,safety_v3:RESOLVED
S0145,ARM1,nasal_congestion_finding,N,safety_v3:RESOLVED
S0145,ARM1,blood_creatinine_increased,N,safety_v3:RESOLVED
S0145,ARM1,hyperphosphatemia,N,protocol:F051
S0145,ARM1,event,N,protocol:F053
S0153,ARM1,anemia,N,safety_v3:RESOLVED
S0153,ARM1,arthralgia,N,safety_v3:RESOLVED
S0153,ARM1,pruritus,N,safety_v3:RESOLVED
S0153,ARM1,hypertension_variable,N,safety_v3:RESOLVED
S0153,ARM1,back_pain,N,safety_v3:RESOLVED
S0153,ARM1,fever,N,safety_v3:RESOLVED
S0153,ARM1,hypoalbuminemia,N,safety_v3:RESOLVED
S0153,ARM1,pain_in_limb,N,safety_v3:RESOLVED
S0153,ARM1,dysuria,N,safety_v3:RESOLVED
S0153,ARM1,hypocalcemia,N,safety_v3:RESOLVED
S0153,ARM1,nasal_congestion_finding,N,safety_v3:RESOLVED
S0153,ARM1,hyperphosphatemia,N,protocol:F051
S0153,ARM1,event,N,protocol:F053
S0156,ARM1,nausea,N,safety_v3:RESOLVED
S0156,ARM1,arthralgia,N,safety_v3:RESOLVED
S0156,ARM1,pruritus,N,safety_v3:RESOLVED
S0156,ARM1,hypertension_variable,N,safety_v3:RESOLVED
S0156,ARM1,hypomagnesemia,N,safety_v3:RESOLVED
S0156,ARM1,dyspnea,N,safety_v3:RESOLVED
S0156,ARM1,decrease_in_appetite,N,safety_v3:RESOLVED
S0156,ARM1,hypoalbuminemia,N,safety_v3:RESOLVED
S0156,ARM1,pain_in_limb,N,safety_v3:RESOLVED
S0156,ARM1,dysuria,N,safety_v3:RESOLVED
S0156,ARM1,hypocalcemia,N,safety_v3:RESOLVED
S0156,ARM1,nasal_congestion_finding,N,safety_v3:RESOLVED
S0156,ARM1,event,N,protocol:F053
S0156,ARM1,other serious adverse events (not individually predicted),Y,residual to the any-serious prior (subgroup: trials with overlapping drug classes)
S0159,ARM1,constipation,N,safety_v3:RESOLVED
S0159,ARM1,sleeplessness,N,safety_v3:RESOLVED
S0159,ARM1,arthralgia,N,safety_v3:RESOLVED
S0159,ARM1,hypertension_variable,N,safety_v3:RESOLVED
S0159,ARM1,back_pain,N,safety_v3:RESOLVED
S0159,ARM1,hypomagnesemia,N,safety_v3:RESOLVED
S0159,ARM1,dyspnea,N,safety_v3:RESOLVED
S0159,ARM1,decrease_in_appetite,N,safety_v3:RESOLVED
S0159,ARM1,hypoalbuminemia,N,safety_v3:RESOLVED
S0159,ARM1,dysuria,N,safety_v3:RESOLVED
S0159,ARM1,hypocalcemia,N,safety_v3:RESOLVED
S0159,ARM1,nasal_congestion_finding,N,safety_v3:RESOLVED
S0159,ARM1,dehydration,N,safety_v3:RESOLVED
S0159,ARM1,death_finding,Y,safety_v3:RESOLVED
S0159,ARM1,event,N,protocol:F053
S0159,ARM1,other serious adverse events (not individually predicted),Y,residual to the any-serious prior (subgroup: trials with overlapping drug classes)
S0162,ARM1,arthralgia,N,safety_v3:RESOLVED
S0162,ARM1,pruritus,N,safety_v3:RESOLVED
S0162,ARM1,hypertension_variable,N,safety_v3:RESOLVED
S0162,ARM1,hypomagnesemia,N,safety_v3:RESOLVED
S0162,ARM1,dyspnea,N,safety_v3:RESOLVED
S0162,ARM1,decrease_in_appetite,N,safety_v3:RESOLVED
S0162,ARM1,hypoalbuminemia,N,safety_v3:RESOLVED
S0162,ARM1,dry_skin,N,safety_v3:RESOLVED
S0162,ARM1,hypocalcemia,N,safety_v3:RESOLVED
S0162,ARM1,oral_pain,N,safety_v3:RESOLVED
S0162,ARM1,nasal_congestion_finding,N,safety_v3:RESOLVED
S0162,ARM1,paresthesia,N,safety_v3:RESOLVED
S0162,ARM1,other serious adverse events (not individually predicted),Y,residual to the any-serious prior (subgroup: trials with overlapping drug classes)
S0170,ARM1,nausea,N,safety_v3:RESOLVED
S0170,ARM1,hypertension_variable,N,safety_v3:RESOLVED
S0170,ARM1,hyponatremia,N,safety_v3:RESOLVED
S0170,ARM1,back_pain,N,safety_v3:RESOLVED
S0170,ARM1,dyspnea,N,safety_v3:RESOLVED
S0170,ARM1,decrease_in_appetite,N,safety_v3:RESOLVED
S0170,ARM1,hypoalbuminemia,N,safety_v3:RESOLVED
S0170,ARM1,coughing,N,safety_v3:RESOLVED
S0170,ARM1,creatinine_increased,N,safety_v3:RESOLVED
S0170,ARM1,dysuria,N,safety_v3:RESOLVED
S0170,ARM1,pain,N,safety_v3:RESOLVED
S0170,ARM1,hypokalemia,N,safety_v3:RESOLVED
S0170,ARM1,blood_creatinine_increased,N,safety_v3:RESOLVED
S0170,ARM1,hypercalcemia,N,safety_v3:RESOLVED
S0170,ARM1,pneumonia,Y,safety_v3:RESOLVED
S0170,ARM1,event,N,protocol:F053
S0172,ARM1,diarrhea,N,safety_v3:RESOLVED
S0172,ARM1,nausea,N,safety_v3:RESOLVED
S0172,ARM1,pruritus,N,safety_v3:RESOLVED
S0172,ARM1,hypertension_variable,N,safety_v3:RESOLVED
S0172,ARM1,hyponatremia,N,safety_v3:RESOLVED
S0172,ARM1,back_pain,N,safety_v3:RESOLVED
S0172,ARM1,dyspnea,N,safety_v3:RESOLVED
S0172,ARM1,decrease_in_appetite,N,safety_v3:RESOLVED
S0172,ARM1,hypoalbuminemia,N,safety_v3:RESOLVED
S0172,ARM1,rash_erythematous_macules_or_papules,N,safety_v3:RESOLVED
S0172,ARM1,maculopapular_lesion,N,safety_v3:RESOLVED
S0172,ARM1,dysuria,N,safety_v3:RESOLVED
S0172,ARM1,hypocalcemia,N,safety_v3:RESOLVED
S0172,ARM1,nasal_congestion_finding,N,safety_v3:RESOLVED
S0172,ARM1,hyperphosphatemia,N,protocol:F051
S0172,ARM1,event,N,protocol:F053
S0172,ARM1,other serious adverse events (not individually predicted),Y,residual to the any-serious prior (subgroup: trials with overlapping drug classes)
S0175,ARM1,nausea,N,safety_v3:RESOLVED
S0175,ARM1,arthralgia,N,safety_v3:RESOLVED
S0175,ARM1,hypertension_variable,N,safety_v3:RESOLVED
S0175,ARM1,dyspnea,N,safety_v3:RESOLVED
S0175,ARM1,abdominal_pain,N,safety_v3:RESOLVED
S0175,ARM1,hypoalbuminemia,N,safety_v3:RESOLVED
S0175,ARM1,vomiting,N,safety_v3:RESOLVED
S0175,ARM1,rash_erythematous_macules_or_papules,N,safety_v3:RESOLVED
S0175,ARM1,dizziness,N,safety_v3:RESOLVED
S0175,ARM1,dysgeusia,N,safety_v3:RESOLVED
S0175,ARM1,maculopapular_lesion,N,safety_v3:RESOLVED
S0175,ARM1,dysuria,N,safety_v3:RESOLVED
S0175,ARM1,pain,N,safety_v3:RESOLVED
S0175,ARM1,nasal_congestion_finding,N,safety_v3:RESOLVED
S0175,ARM1,blood_creatinine_increased,N,safety_v3:RESOLVED
S0175,ARM1,depression_dominant,N,safety_v3:RESOLVED
S0175,ARM1,hyperphosphatemia,N,protocol:F051
S0178,ARM1,nausea,N,safety_v3:RESOLVED
S0178,ARM1,arthralgia,N,safety_v3:RESOLVED
S0178,ARM1,hypertension_variable,N,safety_v3:RESOLVED
S0178,ARM1,dyspnea,N,safety_v3:RESOLVED
S0178,ARM1,hypoalbuminemia,N,safety_v3:RESOLVED
S0178,ARM1,vomiting,N,safety_v3:RESOLVED
S0178,ARM1,creatinine_increased,N,safety_v3:RESOLVED
S0178,ARM1,dysuria,N,safety_v3:RESOLVED
S0178,ARM1,hypocalcemia,N,safety_v3:RESOLVED
S0178,ARM1,dyspepsia,N,safety_v3:RESOLVED
S0178,ARM1,increased_frequency_of_micturition,N,safety_v3:RESOLVED
S0178,ARM1,sepsis,Y,safety_v3:RESOLVED
S0178,ARM1,hyperphosphatemia,N,protocol:F051
S0178,ARM1,event,N,protocol:F053
S0179,ARM1,anemia,N,safety_v3:RESOLVED
S0179,ARM1,hematuria,N,safety_v3:RESOLVED
S0179,ARM1,arthralgia,N,safety_v3:RESOLVED
S0179,ARM1,hypertension_variable,N,safety_v3:RESOLVED
S0179,ARM1,fever,N,safety_v3:RESOLVED
S0179,ARM1,dyspnea,N,safety_v3:RESOLVED
S0179,ARM1,hypoalbuminemia,N,safety_v3:RESOLVED
S0179,ARM1,pain_in_limb,N,safety_v3:RESOLVED
S0179,ARM1,anorexia,N,safety_v3:RESOLVED
S0179,ARM1,dysuria,N,safety_v3:RESOLVED
S0179,ARM1,hypocalcemia,N,safety_v3:RESOLVED
S0179,ARM1,dyspepsia,N,safety_v3:RESOLVED
S0179,ARM1,hyperkalemia,N,safety_v3:RESOLVED
S0179,ARM1,nasal_congestion_finding,N,safety_v3:RESOLVED
S0179,ARM1,depression_dominant,N,safety_v3:RESOLVED
S0179,ARM1,hyperphosphatemia,N,protocol:F051
S0185,ARM1,diarrhea,N,safety_v3:RESOLVED
S0185,ARM1,sleeplessness,N,safety_v3:RESOLVED
S0185,ARM1,arthralgia,N,safety_v3:RESOLVED
S0185,ARM1,headache,N,safety_v3:RESOLVED
S0185,ARM1,pruritus,N,safety_v3:RESOLVED
S0185,ARM1,hypomagnesemia,N,safety_v3:RESOLVED
S0185,ARM1,abdominal_pain,N,safety_v3:RESOLVED
S0185,ARM1,decrease_in_appetite,N,safety_v3:RESOLVED
S0185,ARM1,hypoalbuminemia,N,safety_v3:RESOLVED
S0185,ARM1,coughing,N,safety_v3:RESOLVED
S0185,ARM1,pain_in_limb,N,safety_v3:RESOLVED
S0185,ARM1,dry_skin,N,safety_v3:RESOLVED
S0185,ARM1,dysuria,N,safety_v3:RESOLVED
S0185,ARM1,myalgia,N,safety_v3:RESOLVED
S0185,ARM1,dyspepsia,N,safety_v3:RESOLVED
S0185,ARM1,pain,N,safety_v3:RESOLVED
S0185,ARM1,increased_frequency_of_micturition,N,safety_v3:RESOLVED
S0185,ARM1,nasal_congestion_finding,N,safety_v3:RESOLVED
S0185,ARM1,dehydration,N,safety_v3:RESOLVED
S0185,ARM1,event,N,protocol:F053
S0185,ARM1,other serious adverse events (not individually predicted),Y,residual to the any-serious prior (subgroup: trials with overlapping drug classes)
S0190,ARM1,constipation,N,safety_v3:RESOLVED
S0190,ARM1,hematuria,N,safety_v3:RESOLVED
S0190,ARM1,arthralgia,N,safety_v3:RESOLVED
S0190,ARM1,pruritus,N,safety_v3:RESOLVED
S0190,ARM1,hypertension_variable,N,safety_v3:RESOLVED
S0190,ARM1,back_pain,N,safety_v3:RESOLVED
S0190,ARM1,fever,N,safety_v3:RESOLVED
S0190,ARM1,hypomagnesemia,N,safety_v3:RESOLVED
S0190,ARM1,dyspnea,N,safety_v3:RESOLVED
S0190,ARM1,decrease_in_appetite,N,safety_v3:RESOLVED
S0190,ARM1,hypoalbuminemia,N,safety_v3:RESOLVED
S0190,ARM1,dizziness,N,safety_v3:RESOLVED
S0190,ARM1,pain_in_limb,N,safety_v3:RESOLVED
S0190,ARM1,anorexia,N,safety_v3:RESOLVED
S0190,ARM1,hypocalcemia,N,safety_v3:RESOLVED
S0190,ARM1,myalgia,N,safety_v3:RESOLVED
S0190,ARM1,dyspepsia,N,safety_v3:RESOLVED
S0190,ARM1,hypokalemia,N,safety_v3:RESOLVED
S0190,ARM1,nasal_congestion_finding,N,safety_v3:RESOLVED
S0190,ARM1,hypothyroidism,N,safety_v3:RESOLVED
S0190,ARM1,hyperphosphatemia,N,protocol:F051
S0190,ARM1,other serious adverse events (not individually predicted),Y,residual to the any-serious prior (subgroup: trials with overlapping drug classes)
S0192,ARM1,anemia,N,safety_v3:RESOLVED
S0192,ARM1,hematuria,N,safety_v3:RESOLVED
S0192,ARM1,hypertension_variable,N,safety_v3:RESOLVED
S0192,ARM1,hypomagnesemia,N,safety_v3:RESOLVED
S0192,ARM1,decrease_in_appetite,N,safety_v3:RESOLVED
S0192,ARM1,hypoalbuminemia,N,safety_v3:RESOLVED
S0192,ARM1,dizziness,N,safety_v3:RESOLVED
S0192,ARM1,maculopapular_lesion,N,safety_v3:RESOLVED
S0192,ARM1,creatinine_increased,N,safety_v3:RESOLVED
S0192,ARM1,dysuria,N,safety_v3:RESOLVED
S0192,ARM1,hypocalcemia,N,safety_v3:RESOLVED
S0192,ARM1,nasal_congestion_finding,N,safety_v3:RESOLVED
S0192,ARM1,hypothyroidism,N,safety_v3:RESOLVED
S0192,ARM1,hyperphosphatemia,N,protocol:F051
S0192,ARM1,event,N,protocol:F053
S0192,ARM1,other serious adverse events (not individually predicted),Y,residual to the any-serious prior (subgroup: trials with overlapping drug classes)
S0196,ARM1,nausea,N,safety_v3:RESOLVED
S0196,ARM1,arthralgia,N,safety_v3:RESOLVED
S0196,ARM1,dyspnea,N,safety_v3:RESOLVED
S0196,ARM1,abdominal_pain,N,safety_v3:RESOLVED
S0196,ARM1,hypoalbuminemia,N,safety_v3:RESOLVED
S0196,ARM1,rash_erythematous_macules_or_papules,N,safety_v3:RESOLVED
S0196,ARM1,hypocalcemia,N,safety_v3:RESOLVED
S0196,ARM1,hypokalemia,N,safety_v3:RESOLVED
S0196,ARM1,hyperkalemia,N,safety_v3:RESOLVED
S0196,ARM1,nasal_congestion_finding,N,safety_v3:RESOLVED
S0196,ARM1,blood_creatinine_increased,N,safety_v3:RESOLVED
S0196,ARM1,hematuria,Y,safety_v3:RESOLVED
S0196,ARM1,hyperphosphatemia,N,protocol:F051
S0196,ARM1,event,N,protocol:F053
S0198,ARM1,nausea,N,safety_v3:RESOLVED
S0198,ARM1,hematuria,N,safety_v3:RESOLVED
S0198,ARM1,arthralgia,N,safety_v3:RESOLVED
S0198,ARM1,hypertension_variable,N,safety_v3:RESOLVED
S0198,ARM1,back_pain,N,safety_v3:RESOLVED
S0198,ARM1,fever,N,safety_v3:RESOLVED
S0198,ARM1,dyspnea,N,safety_v3:RESOLVED
S0198,ARM1,hypoalbuminemia,N,safety_v3:RESOLVED
S0198,ARM1,rash_erythematous_macules_or_papules,N,safety_v3:RESOLVED
S0198,ARM1,maculopapular_lesion,N,safety_v3:RESOLVED
S0198,ARM1,anorexia,N,safety_v3:RESOLVED
S0198,ARM1,hypocalcemia,N,safety_v3:RESOLVED
S0198,ARM1,dyspepsia,N,safety_v3:RESOLVED
S0198,ARM1,stomatitis,N,safety_v3:RESOLVED
S0199,ARM1,anemia,N,safety_v3:RESOLVED
S0199,ARM1,nausea,N,safety_v3:RESOLVED
S0199,ARM1,constipation,N,safety_v3:RESOLVED
S0199,ARM1,arthralgia,N,safety_v3:RESOLVED
S0199,ARM1,headache,N,safety_v3:RESOLVED
S0199,ARM1,hypertension_variable,N,safety_v3:RESOLVED
S0199,ARM1,alanine_aminotransferase_increased,N,safety_v3:RESOLVED
S0199,ARM1,dyspnea,N,safety_v3:RESOLVED
S0199,ARM1,decrease_in_appetite,N,safety_v3:RESOLVED
S0199,ARM1,proteinuria,N,safety_v3:RESOLVED
S0199,ARM1,hypoalbuminemia,N,safety_v3:RESOLVED
S0199,ARM1,creatinine_increased,N,safety_v3:RESOLVED
S0199,ARM1,hypocalcemia,N,safety_v3:RESOLVED
S0199,ARM1,nasal_congestion_finding,N,safety_v3:RESOLVED
S0199,ARM1,sensory_neuropathy,N,safety_v3:RESOLVED
S0199,ARM1,blood_creatinine_increased,N,safety_v3:RESOLVED
S0199,ARM1,neutrophil_count_decreased,N,safety_v3:RESOLVED
S0201,ARM1,anemia,N,safety_v3:RESOLVED
S0201,ARM1,constipation,N,safety_v3:RESOLVED
S0201,ARM1,arthralgia,N,safety_v3:RESOLVED
S0201,ARM1,hypertension_variable,N,safety_v3:RESOLVED
S0201,ARM1,back_pain,N,safety_v3:RESOLVED
S0201,ARM1,fever,N,safety_v3:RESOLVED
S0201,ARM1,dyspnea,N,safety_v3:RESOLVED
S0201,ARM1,proteinuria,N,safety_v3:RESOLVED
S0201,ARM1,hypoalbuminemia,N,safety_v3:RESOLVED
S0201,ARM1,gastroesophageal_reflux_disease,N,safety_v3:RESOLVED
S0201,ARM1,hypocalcemia,N,safety_v3:RESOLVED
S0201,ARM1,nasal_congestion_finding,N,safety_v3:RESOLVED
S0201,ARM1,blood_creatinine_increased,N,safety_v3:RESOLVED
S0201,ARM1,anemia,Y,safety_v3:RESOLVED
S0201,ARM1,hyperphosphatemia,N,protocol:F051
S0201,ARM1,TEAE with a fatal outcome,N,protocol:F055
S0205,ARM1,nausea,N,safety_v3:RESOLVED
S0205,ARM1,arthralgia,N,safety_v3:RESOLVED
S0205,ARM1,headache,N,safety_v3:RESOLVED
S0205,ARM1,hypertension_variable,N,safety_v3:RESOLVED
S0205,ARM1,hyponatremia,N,safety_v3:RESOLVED
S0205,ARM1,hypomagnesemia,N,safety_v3:RESOLVED
S0205,ARM1,abdominal_pain,N,safety_v3:RESOLVED
S0205,ARM1,decrease_in_appetite,N,safety_v3:RESOLVED
S0205,ARM1,hypoalbuminemia,N,safety_v3:RESOLVED
S0205,ARM1,rash_erythematous_macules_or_papules,N,safety_v3:RESOLVED
S0205,ARM1,creatinine_increased,N,safety_v3:RESOLVED
S0205,ARM1,dysuria,N,safety_v3:RESOLVED
S0205,ARM1,hypocalcemia,N,safety_v3:RESOLVED
S0205,ARM1,nasal_congestion_finding,N,safety_v3:RESOLVED
S0205,ARM1,blood_creatinine_increased,N,safety_v3:RESOLVED
S0205,ARM1,hyperphosphatemia,N,protocol:F051
S0205,ARM1,other serious adverse events (not individually predicted),Y,residual to the any-serious prior (subgroup: trials with overlapping drug classes)
S0206,ARM1,anemia,N,safety_v3:RESOLVED
S0206,ARM1,nausea,N,safety_v3:RESOLVED
S0206,ARM1,urinary_tract_infection,N,safety_v3:RESOLVED
S0206,ARM1,arthralgia,N,safety_v3:RESOLVED
S0206,ARM1,pruritus,N,safety_v3:RESOLVED
S0206,ARM1,hypertension_variable,N,safety_v3:RESOLVED
S0206,ARM1,hyponatremia,N,safety_v3:RESOLVED
S0206,ARM1,hypomagnesemia,N,safety_v3:RESOLVED
S0206,ARM1,decrease_in_appetite,N,safety_v3:RESOLVED
S0206,ARM1,hypoalbuminemia,N,safety_v3:RESOLVED
S0206,ARM1,pain_in_limb,N,safety_v3:RESOLVED
S0206,ARM1,creatinine_increased,N,safety_v3:RESOLVED
S0206,ARM1,anorexia,N,safety_v3:RESOLVED
S0206,ARM1,dysuria,N,safety_v3:RESOLVED
S0206,ARM1,hypocalcemia,N,safety_v3:RESOLVED
S0206,ARM1,hyperkalemia,N,safety_v3:RESOLVED
S0206,ARM1,fever,Y,safety_v3:RESOLVED
S0206,ARM1,hyperphosphatemia,N,protocol:F051
S0206,ARM1,event,N,protocol:F053
S0209,ARM1,sleeplessness,N,safety_v3:RESOLVED
S0209,ARM1,arthralgia,N,safety_v3:RESOLVED
S0209,ARM1,hypertension_variable,N,safety_v3:RESOLVED
S0209,ARM1,hyponatremia,N,safety_v3:RESOLVED
S0209,ARM1,fever,N,safety_v3:RESOLVED
S0209,ARM1,dyspnea,N,safety_v3:RESOLVED
S0209,ARM1,decrease_in_appetite,N,safety_v3:RESOLVED
S0209,ARM1,hypoalbuminemia,N,safety_v3:RESOLVED
S0209,ARM1,dry_skin,N,safety_v3:RESOLVED
S0209,ARM1,dysuria,N,safety_v3:RESOLVED
S0209,ARM1,hypocalcemia,N,safety_v3:RESOLVED
S0209,ARM1,dyspepsia,N,safety_v3:RESOLVED
S0209,ARM1,hypokalemia,N,safety_v3:RESOLVED
S0209,ARM1,nasal_congestion_finding,N,safety_v3:RESOLVED
S0209,ARM1,neutrophil_count_decreased,N,safety_v3:RESOLVED
S0209,ARM1,upper_respiratory_infections,N,safety_v3:RESOLVED
S0209,ARM1,hyperphosphatemia,N,protocol:F051
S0209,ARM1,event,N,protocol:F053
S0209,ARM1,other serious adverse events (not individually predicted),Y,residual to the any-serious prior (subgroup: trials with overlapping drug classes)
S0213,ARM1,constipation,N,safety_v3:RESOLVED
S0213,ARM1,arthralgia,N,safety_v3:RESOLVED
S0213,ARM1,pruritus,N,safety_v3:RESOLVED
S0213,ARM1,fever,N,safety_v3:RESOLVED
S0213,ARM1,hypomagnesemia,N,safety_v3:RESOLVED
S0213,ARM1,dyspnea,N,safety_v3:RESOLVED
S0213,ARM1,abdominal_pain,N,safety_v3:RESOLVED
S0213,ARM1,decrease_in_appetite,N,safety_v3:RESOLVED
S0213,ARM1,proteinuria,N,safety_v3:RESOLVED
S0213,ARM1,hypoalbuminemia,N,safety_v3:RESOLVED
S0213,ARM1,hypocalcemia,N,safety_v3:RESOLVED
S0213,ARM1,oral_pain,N,safety_v3:RESOLVED
S0213,ARM1,nasal_congestion_finding,N,safety_v3:RESOLVED
S0213,ARM1,sensory_neuropathy,N,safety_v3:RESOLVED
S0213,ARM1,blood_creatinine_increased,N,safety_v3:RESOLVED
S0213,ARM1,depression_dominant,N,safety_v3:RESOLVED
S0213,ARM1,dehydration,N,safety_v3:RESOLVED
S0213,ARM1,event,N,protocol:F053
S0216,ARM1,diarrhea,N,safety_v3:RESOLVED
S0216,ARM1,nausea,N,safety_v3:RESOLVED
S0216,ARM1,sleeplessness,N,safety_v3:RESOLVED
S0216,ARM1,hematuria,N,safety_v3:RESOLVED
S0216,ARM1,arthralgia,N,safety_v3:RESOLVED
S0216,ARM1,hypertension_variable,N,safety_v3:RESOLVED
S0216,ARM1,back_pain,N,safety_v3:RESOLVED
S0216,ARM1,dyspnea,N,safety_v3:RESOLVED
S0216,ARM1,decrease_in_appetite,N,safety_v3:RESOLVED
S0216,ARM1,hypoalbuminemia,N,safety_v3:RESOLVED
S0216,ARM1,coughing,N,safety_v3:RESOLVED
S0216,ARM1,peripheral_edema,N,safety_v3:RESOLVED
S0216,ARM1,anorexia,N,safety_v3:RESOLVED
S0216,ARM1,dysuria,N,safety_v3:RESOLVED
S0216,ARM1,nasal_congestion_finding,N,safety_v3:RESOLVED
S0216,ARM1,blood_creatinine_increased,N,safety_v3:RESOLVED
S0216,ARM1,hyperphosphatemia,N,protocol:F051
S0217,ARM1,nausea,N,safety_v3:RESOLVED
S0217,ARM1,arthralgia,N,safety_v3:RESOLVED
S0217,ARM1,pruritus,N,safety_v3:RESOLVED
S0217,ARM1,hyponatremia,N,safety_v3:RESOLVED
S0217,ARM1,hypomagnesemia,N,safety_v3:RESOLVED
S0217,ARM1,dyspnea,N,safety_v3:RESOLVED
S0217,ARM1,decrease_in_appetite,N,safety_v3:RESOLVED
S0217,ARM1,vomiting,N,safety_v3:RESOLVED
S0217,ARM1,creatinine_increased,N,safety_v3:RESOLVED
S0217,ARM1,anorexia,N,safety_v3:RESOLVED
S0217,ARM1,dysuria,N,safety_v3:RESOLVED
S0217,ARM1,hypocalcemia,N,safety_v3:RESOLVED
S0217,ARM1,increased_frequency_of_micturition,N,safety_v3:RESOLVED
S0217,ARM1,hyperkalemia,N,safety_v3:RESOLVED
S0217,ARM1,nasal_congestion_finding,N,safety_v3:RESOLVED
S0217,ARM1,blood_creatinine_increased,N,safety_v3:RESOLVED
S0217,ARM1,hyperphosphatemia,N,protocol:F051
S0217,ARM1,other serious adverse events (not individually predicted),Y,residual to the any-serious prior (subgroup: trials with overlapping drug classes)
S0220,ARM1,anemia,N,safety_v3:RESOLVED
S0220,ARM1,hematuria,N,safety_v3:RESOLVED
S0220,ARM1,arthralgia,N,safety_v3:RESOLVED
S0220,ARM1,hyponatremia,N,safety_v3:RESOLVED
S0220,ARM1,hypomagnesemia,N,safety_v3:RESOLVED
S0220,ARM1,decrease_in_appetite,N,safety_v3:RESOLVED
S0220,ARM1,hypoalbuminemia,N,safety_v3:RESOLVED
S0220,ARM1,dizziness,N,safety_v3:RESOLVED
S0220,ARM1,maculopapular_lesion,N,safety_v3:RESOLVED
S0220,ARM1,gastroesophageal_reflux_disease,N,safety_v3:RESOLVED
S0220,ARM1,pain,N,safety_v3:RESOLVED
S0220,ARM1,nasal_congestion_finding,N,safety_v3:RESOLVED
S0220,ARM1,hypercalcemia,N,safety_v3:RESOLVED
S0220,ARM1,event,N,protocol:F053
S0222,ARM1,anemia,N,safety_v3:RESOLVED
S0222,ARM1,arthralgia,N,safety_v3:RESOLVED
S0222,ARM1,pruritus,N,safety_v3:RESOLVED
S0222,ARM1,hypertension_variable,N,safety_v3:RESOLVED
S0222,ARM1,hyponatremia,N,safety_v3:RESOLVED
S0222,ARM1,back_pain,N,safety_v3:RESOLVED
S0222,ARM1,hypomagnesemia,N,safety_v3:RESOLVED
S0222,ARM1,dyspnea,N,safety_v3:RESOLVED
S0222,ARM1,decrease_in_appetite,N,safety_v3:RESOLVED
S0222,ARM1,proteinuria,N,safety_v3:RESOLVED
S0222,ARM1,hypoalbuminemia,N,safety_v3:RESOLVED
S0222,ARM1,pain_in_limb,N,safety_v3:RESOLVED
S0222,ARM1,creatinine_increased,N,safety_v3:RESOLVED
S0222,ARM1,dysuria,N,safety_v3:RESOLVED
S0222,ARM1,hypocalcemia,N,safety_v3:RESOLVED
S0222,ARM1,hyperkalemia,N,safety_v3:RESOLVED
S0222,ARM1,nasal_congestion_finding,N,safety_v3:RESOLVED
S0222,ARM1,depression_dominant,N,safety_v3:RESOLVED
S0222,ARM1,TEAE with a fatal outcome,N,protocol:F055
S0224,ARM1,nausea,N,safety_v3:RESOLVED
S0224,ARM1,sleeplessness,N,safety_v3:RESOLVED
S0224,ARM1,arthralgia,N,safety_v3:RESOLVED
S0224,ARM1,pruritus,N,safety_v3:RESOLVED
S0224,ARM1,hypertension_variable,N,safety_v3:RESOLVED
S0224,ARM1,fever,N,safety_v3:RESOLVED
S0224,ARM1,dyspnea,N,safety_v3:RESOLVED
S0224,ARM1,abdominal_pain,N,safety_v3:RESOLVED
S0224,ARM1,hypoalbuminemia,N,safety_v3:RESOLVED
S0224,ARM1,rash_erythematous_macules_or_papules,N,safety_v3:RESOLVED
S0224,ARM1,dysuria,N,safety_v3:RESOLVED
S0224,ARM1,hypocalcemia,N,safety_v3:RESOLVED
S0224,ARM1,dyspepsia,N,safety_v3:RESOLVED
S0224,ARM1,pain,N,safety_v3:RESOLVED
S0224,ARM1,nasal_congestion_finding,N,safety_v3:RESOLVED
S0224,ARM1,dehydration,N,safety_v3:RESOLVED
S0224,ARM1,pneumonia,Y,safety_v3:RESOLVED
S0224,ARM1,hyperphosphatemia,N,protocol:F051
S0230,ARM1,anemia,N,safety_v3:RESOLVED
S0230,ARM1,diarrhea,N,safety_v3:RESOLVED
S0230,ARM1,nausea,N,safety_v3:RESOLVED
S0230,ARM1,arthralgia,N,safety_v3:RESOLVED
S0230,ARM1,hypertension_variable,N,safety_v3:RESOLVED
S0230,ARM1,hypomagnesemia,N,safety_v3:RESOLVED
S0230,ARM1,dyspnea,N,safety_v3:RESOLVED
S0230,ARM1,abdominal_pain,N,safety_v3:RESOLVED
S0230,ARM1,decrease_in_appetite,N,safety_v3:RESOLVED
S0230,ARM1,hypoalbuminemia,N,safety_v3:RESOLVED
S0230,ARM1,rash_erythematous_macules_or_papules,N,safety_v3:RESOLVED
S0230,ARM1,creatinine_increased,N,safety_v3:RESOLVED
S0230,ARM1,anorexia,N,safety_v3:RESOLVED
S0230,ARM1,dysuria,N,safety_v3:RESOLVED
S0230,ARM1,hypocalcemia,N,safety_v3:RESOLVED
S0230,ARM1,blood_creatinine_increased,N,safety_v3:RESOLVED
S0230,ARM1,hyperphosphatemia,N,protocol:F051
S0230,ARM1,event,N,protocol:F053
S0230,ARM1,other serious adverse events (not individually predicted),Y,residual to the any-serious prior (subgroup: trials with overlapping drug classes)
S0237,ARM1,sleeplessness,N,safety_v3:RESOLVED
S0237,ARM1,hypertension_variable,N,safety_v3:RESOLVED
S0237,ARM1,dyspnea,N,safety_v3:RESOLVED
S0237,ARM1,proteinuria,N,safety_v3:RESOLVED
S0237,ARM1,hypoalbuminemia,N,safety_v3:RESOLVED
S0237,ARM1,dysgeusia,N,safety_v3:RESOLVED
S0237,ARM1,creatinine_increased,N,safety_v3:RESOLVED
S0237,ARM1,dysuria,N,safety_v3:RESOLVED
S0237,ARM1,hypocalcemia,N,safety_v3:RESOLVED
S0237,ARM1,pain,N,safety_v3:RESOLVED
S0237,ARM1,nasal_congestion_finding,N,safety_v3:RESOLVED
S0237,ARM1,blood_creatinine_increased,N,safety_v3:RESOLVED
S0237,ARM1,dehydration,N,safety_v3:RESOLVED
S0243,ARM1,nausea,N,safety_v3:RESOLVED
S0243,ARM1,arthralgia,N,safety_v3:RESOLVED
S0243,ARM1,pruritus,N,safety_v3:RESOLVED
S0243,ARM1,hypertension_variable,N,safety_v3:RESOLVED
S0243,ARM1,back_pain,N,safety_v3:RESOLVED
S0243,ARM1,dyspnea,N,safety_v3:RESOLVED
S0243,ARM1,decrease_in_appetite,N,safety_v3:RESOLVED
S0243,ARM1,hypoalbuminemia,N,safety_v3:RESOLVED
S0243,ARM1,dizziness,N,safety_v3:RESOLVED
S0243,ARM1,dry_skin,N,safety_v3:RESOLVED
S0243,ARM1,hypocalcemia,N,safety_v3:RESOLVED
S0243,ARM1,nasal_congestion_finding,N,safety_v3:RESOLVED
S0243,ARM1,hyperphosphatemia,N,protocol:F051
S0244,ARM1,nausea,N,safety_v3:RESOLVED
S0244,ARM1,arthralgia,N,safety_v3:RESOLVED
S0244,ARM1,pruritus,N,safety_v3:RESOLVED
S0244,ARM1,hypertension_variable,N,safety_v3:RESOLVED
S0244,ARM1,aspartate_aminotransferase_increased,N,safety_v3:RESOLVED
S0244,ARM1,hypomagnesemia,N,safety_v3:RESOLVED
S0244,ARM1,dyspnea,N,safety_v3:RESOLVED
S0244,ARM1,decrease_in_appetite,N,safety_v3:RESOLVED
S0244,ARM1,hyperglycemia,N,safety_v3:RESOLVED
S0244,ARM1,hypoalbuminemia,N,safety_v3:RESOLVED
S0244,ARM1,pain_in_limb,N,safety_v3:RESOLVED
S0244,ARM1,hypocalcemia,N,safety_v3:RESOLVED
S0244,ARM1,nasal_congestion_finding,N,safety_v3:RESOLVED
S0244,ARM1,urinary_tract_infection,Y,safety_v3:RESOLVED
S0244,ARM1,other serious adverse events (not individually predicted),Y,residual to the any-serious prior (subgroup: trials with overlapping drug classes)
S0251,ARM1,nausea,N,safety_v3:RESOLVED
S0251,ARM1,sleeplessness,N,safety_v3:RESOLVED
S0251,ARM1,arthralgia,N,safety_v3:RESOLVED
S0251,ARM1,hypertension_variable,N,safety_v3:RESOLVED
S0251,ARM1,dyspnea,N,safety_v3:RESOLVED
S0251,ARM1,hypoalbuminemia,N,safety_v3:RESOLVED
S0251,ARM1,rash_erythematous_macules_or_papules,N,safety_v3:RESOLVED
S0251,ARM1,dysuria,N,safety_v3:RESOLVED
S0251,ARM1,hypocalcemia,N,safety_v3:RESOLVED
S0251,ARM1,nasal_congestion_finding,N,safety_v3:RESOLVED
S0251,ARM1,event,N,protocol:F053
S0251,ARM1,other serious adverse events (not individually predicted),Y,residual to the any-serious prior (subgroup: trials with overlapping drug classes)
S0256,ARM1,fatigue,N,safety_v3:RESOLVED
S0256,ARM1,sleeplessness,N,safety_v3:RESOLVED
S0256,ARM1,pruritus,N,safety_v3:RESOLVED
S0256,ARM1,hypertension_variable,N,safety_v3:RESOLVED
S0256,ARM1,hyponatremia,N,safety_v3:RESOLVED
S0256,ARM1,back_pain,N,safety_v3:RESOLVED
S0256,ARM1,hypomagnesemia,N,safety_v3:RESOLVED
S0256,ARM1,decrease_in_appetite,N,safety_v3:RESOLVED
S0256,ARM1,proteinuria,N,safety_v3:RESOLVED
S0256,ARM1,hypoalbuminemia,N,safety_v3:RESOLVED
S0256,ARM1,rash_erythematous_macules_or_papules,N,safety_v3:RESOLVED
S0256,ARM1,anorexia,N,safety_v3:RESOLVED
S0256,ARM1,dysuria,N,safety_v3:RESOLVED
S0256,ARM1,hypocalcemia,N,safety_v3:RESOLVED
S0256,ARM1,hypokalemia,N,safety_v3:RESOLVED
S0256,ARM1,hyperkalemia,N,safety_v3:RESOLVED
S0256,ARM1,nasal_congestion_finding,N,safety_v3:RESOLVED
S0256,ARM1,anemia,Y,safety_v3:RESOLVED
S0256,ARM1,death_finding,Y,safety_v3:RESOLVED
S0256,ARM1,hyperphosphatemia,N,protocol:F051
S0259,ARM1,anemia,N,safety_v3:RESOLVED
S0259,ARM1,diarrhea,N,safety_v3:RESOLVED
S0259,ARM1,nausea,N,safety_v3:RESOLVED
S0259,ARM1,arthralgia,N,safety_v3:RESOLVED
S0259,ARM1,hypertension_variable,N,safety_v3:RESOLVED
S0259,ARM1,hyponatremia,N,safety_v3:RESOLVED
S0259,ARM1,back_pain,N,safety_v3:RESOLVED
S0259,ARM1,fever,N,safety_v3:RESOLVED
S0259,ARM1,hypomagnesemia,N,safety_v3:RESOLVED
S0259,ARM1,dyspnea,N,safety_v3:RESOLVED
S0259,ARM1,weight_loss,N,safety_v3:RESOLVED
S0259,ARM1,decrease_in_appetite,N,safety_v3:RESOLVED
S0259,ARM1,hypoalbuminemia,N,safety_v3:RESOLVED
S0259,ARM1,creatinine_increased,N,safety_v3:RESOLVED
S0259,ARM1,anorexia,N,safety_v3:RESOLVED
S0259,ARM1,hypocalcemia,N,safety_v3:RESOLVED
S0259,ARM1,hyperkalemia,N,safety_v3:RESOLVED
S0259,ARM1,nasal_congestion_finding,N,safety_v3:RESOLVED
S0259,ARM1,hyperphosphatemia,N,protocol:F051
S0259,ARM1,event,N,protocol:F053
S0259,ARM1,other serious adverse events (not individually predicted),Y,residual to the any-serious prior (subgroup: trials with overlapping drug classes)
S0261,ARM1,anemia,N,safety_v3:RESOLVED
S0261,ARM1,constipation,N,safety_v3:RESOLVED
S0261,ARM1,sleeplessness,N,safety_v3:RESOLVED
S0261,ARM1,arthralgia,N,safety_v3:RESOLVED
S0261,ARM1,hypertension_variable,N,safety_v3:RESOLVED
S0261,ARM1,dyspnea,N,safety_v3:RESOLVED
S0261,ARM1,decrease_in_appetite,N,safety_v3:RESOLVED
S0261,ARM1,proteinuria,N,safety_v3:RESOLVED
S0261,ARM1,hypoalbuminemia,N,safety_v3:RESOLVED
S0261,ARM1,maculopapular_lesion,N,safety_v3:RESOLVED
S0261,ARM1,creatinine_increased,N,safety_v3:RESOLVED
S0261,ARM1,hypocalcemia,N,safety_v3:RESOLVED
S0261,ARM1,dehydration,N,safety_v3:RESOLVED
S0261,ARM1,event,N,protocol:F053
S0261,ARM1,other serious adverse events (not individually predicted),Y,residual to the any-serious prior (subgroup: trials with overlapping drug classes)
S0263,ARM1,nausea,N,safety_v3:RESOLVED
S0263,ARM1,sleeplessness,N,safety_v3:RESOLVED
S0263,ARM1,arthralgia,N,safety_v3:RESOLVED
S0263,ARM1,pruritus,N,safety_v3:RESOLVED
S0263,ARM1,hypertension_variable,N,safety_v3:RESOLVED
S0263,ARM1,dyspnea,N,safety_v3:RESOLVED
S0263,ARM1,hypoalbuminemia,N,safety_v3:RESOLVED
S0263,ARM1,coughing,N,safety_v3:RESOLVED
S0263,ARM1,pain_in_limb,N,safety_v3:RESOLVED
S0263,ARM1,maculopapular_lesion,N,safety_v3:RESOLVED
S0263,ARM1,creatinine_increased,N,safety_v3:RESOLVED
S0263,ARM1,dysuria,N,safety_v3:RESOLVED
S0263,ARM1,hypocalcemia,N,safety_v3:RESOLVED
S0263,ARM1,nasal_congestion_finding,N,safety_v3:RESOLVED
S0263,ARM1,blood_creatinine_increased,N,safety_v3:RESOLVED
S0263,ARM1,upper_respiratory_infections,N,safety_v3:RESOLVED
S0265,ARM1,fatigue,N,safety_v3:RESOLVED
S0265,ARM1,nausea,N,safety_v3:RESOLVED
S0265,ARM1,urinary_tract_infection,N,safety_v3:RESOLVED
S0265,ARM1,hematuria,N,safety_v3:RESOLVED
S0265,ARM1,arthralgia,N,safety_v3:RESOLVED
S0265,ARM1,hypertension_variable,N,safety_v3:RESOLVED
S0265,ARM1,hyponatremia,N,safety_v3:RESOLVED
S0265,ARM1,dyspnea,N,safety_v3:RESOLVED
S0265,ARM1,abdominal_pain,N,safety_v3:RESOLVED
S0265,ARM1,hypoalbuminemia,N,safety_v3:RESOLVED
S0265,ARM1,gastroesophageal_reflux_disease,N,safety_v3:RESOLVED
S0265,ARM1,pain,N,safety_v3:RESOLVED
S0265,ARM1,nasal_congestion_finding,N,safety_v3:RESOLVED
S0265,ARM1,hyperphosphatemia,N,protocol:F051
S0273,ARM1,diarrhea,N,safety_v3:RESOLVED
S0273,ARM1,urinary_tract_infection,N,safety_v3:RESOLVED
S0273,ARM1,arthralgia,N,safety_v3:RESOLVED
S0273,ARM1,hypertension_variable,N,safety_v3:RESOLVED
S0273,ARM1,hyponatremia,N,safety_v3:RESOLVED
S0273,ARM1,dyspnea,N,safety_v3:RESOLVED
S0273,ARM1,decrease_in_appetite,N,safety_v3:RESOLVED
S0273,ARM1,hypoalbuminemia,N,safety_v3:RESOLVED
S0273,ARM1,maculopapular_lesion,N,safety_v3:RESOLVED
S0273,ARM1,gastroesophageal_reflux_disease,N,safety_v3:RESOLVED
S0273,ARM1,dyspepsia,N,safety_v3:RESOLVED
S0273,ARM1,nasal_congestion_finding,N,safety_v3:RESOLVED
S0273,ARM1,hyperphosphatemia,N,protocol:F051
S0273,ARM1,other serious adverse events (not individually predicted),Y,residual to the any-serious prior (subgroup: trials with overlapping drug classes)
S0274,ARM1,sleeplessness,N,safety_v3:RESOLVED
S0274,ARM1,hypertension_variable,N,safety_v3:RESOLVED
S0274,ARM1,alanine_aminotransferase_increased,N,safety_v3:RESOLVED
S0274,ARM1,dyspnea,N,safety_v3:RESOLVED
S0274,ARM1,abdominal_pain,N,safety_v3:RESOLVED
S0274,ARM1,hypoalbuminemia,N,safety_v3:RESOLVED
S0274,ARM1,hypocalcemia,N,safety_v3:RESOLVED
S0274,ARM1,dyspepsia,N,safety_v3:RESOLVED
S0274,ARM1,pain,N,safety_v3:RESOLVED
S0274,ARM1,hyperkalemia,N,safety_v3:RESOLVED
S0274,ARM1,nasal_congestion_finding,N,safety_v3:RESOLVED
S0274,ARM1,hypothyroidism,N,safety_v3:RESOLVED
S0275,ARM1,nausea,N,safety_v3:RESOLVED
S0275,ARM1,sleeplessness,N,safety_v3:RESOLVED
S0275,ARM1,arthralgia,N,safety_v3:RESOLVED
S0275,ARM1,pruritus,N,safety_v3:RESOLVED
S0275,ARM1,hypertension_variable,N,safety_v3:RESOLVED
S0275,ARM1,hypomagnesemia,N,safety_v3:RESOLVED
S0275,ARM1,dyspnea,N,safety_v3:RESOLVED
S0275,ARM1,proteinuria,N,safety_v3:RESOLVED
S0275,ARM1,hypoalbuminemia,N,safety_v3:RESOLVED
S0275,ARM1,hypocalcemia,N,safety_v3:RESOLVED
S0275,ARM1,hypokalemia,N,safety_v3:RESOLVED
S0275,ARM1,nasal_congestion_finding,N,safety_v3:RESOLVED
S0275,ARM1,blood_creatinine_increased,N,safety_v3:RESOLVED
S0275,ARM1,hyperphosphatemia,N,protocol:F051
S0275,ARM1,other serious adverse events (not individually predicted),Y,residual to the any-serious prior (subgroup: trials with overlapping drug classes)
S0279,ARM1,anemia,N,safety_v3:RESOLVED
S0279,ARM1,diarrhea,N,safety_v3:RESOLVED
S0279,ARM1,nausea,N,safety_v3:RESOLVED
S0279,ARM1,hematuria,N,safety_v3:RESOLVED
S0279,ARM1,arthralgia,N,safety_v3:RESOLVED
S0279,ARM1,headache,N,safety_v3:RESOLVED
S0279,ARM1,pruritus,N,safety_v3:RESOLVED
S0279,ARM1,hypertension_variable,N,safety_v3:RESOLVED
S0279,ARM1,hyponatremia,N,safety_v3:RESOLVED
S0279,ARM1,fever,N,safety_v3:RESOLVED
S0279,ARM1,dyspnea,N,safety_v3:RESOLVED
S0279,ARM1,decrease_in_appetite,N,safety_v3:RESOLVED
S0279,ARM1,hypoalbuminemia,N,safety_v3:RESOLVED
S0279,ARM1,pain_in_limb,N,safety_v3:RESOLVED
S0279,ARM1,dysuria,N,safety_v3:RESOLVED
S0279,ARM1,hypocalcemia,N,safety_v3:RESOLVED
S0279,ARM1,hyperkalemia,N,safety_v3:RESOLVED
S0279,ARM1,nasal_congestion_finding,N,safety_v3:RESOLVED
S0279,ARM1,hyperphosphatemia,N,protocol:F051
S0280,ARM1,diarrhea,N,safety_v3:RESOLVED
S0280,ARM1,nausea,N,safety_v3:RESOLVED
S0280,ARM1,dyspnea,N,safety_v3:RESOLVED
S0280,ARM1,decrease_in_appetite,N,safety_v3:RESOLVED
S0280,ARM1,hypoalbuminemia,N,safety_v3:RESOLVED
S0280,ARM1,rash_erythematous_macules_or_papules,N,safety_v3:RESOLVED
S0280,ARM1,maculopapular_lesion,N,safety_v3:RESOLVED
S0280,ARM1,dysuria,N,safety_v3:RESOLVED
S0280,ARM1,hypocalcemia,N,safety_v3:RESOLVED
S0280,ARM1,nasal_congestion_finding,N,safety_v3:RESOLVED
S0282,ARM1,nausea,N,safety_v3:RESOLVED
S0282,ARM1,arthralgia,N,safety_v3:RESOLVED
S0282,ARM1,hypertension_variable,N,safety_v3:RESOLVED
S0282,ARM1,dyspnea,N,safety_v3:RESOLVED
S0282,ARM1,decrease_in_appetite,N,safety_v3:RESOLVED
S0282,ARM1,hypoalbuminemia,N,safety_v3:RESOLVED
S0282,ARM1,anorexia,N,safety_v3:RESOLVED
S0282,ARM1,dysuria,N,safety_v3:RESOLVED
S0282,ARM1,hypocalcemia,N,safety_v3:RESOLVED
S0282,ARM1,dyspepsia,N,safety_v3:RESOLVED
S0282,ARM1,nasal_congestion_finding,N,safety_v3:RESOLVED
S0282,ARM1,blood_creatinine_increased,N,safety_v3:RESOLVED
S0282,ARM1,hyperphosphatemia,N,protocol:F051
S0282,ARM1,TEAE with a fatal outcome,N,protocol:F055
S0288,ARM1,anemia,N,safety_v3:RESOLVED
S0288,ARM1,constipation,N,safety_v3:RESOLVED
S0288,ARM1,hypertension_variable,N,safety_v3:RESOLVED
S0288,ARM1,fever,N,safety_v3:RESOLVED
S0288,ARM1,dyspnea,N,safety_v3:RESOLVED
S0288,ARM1,decrease_in_appetite,N,safety_v3:RESOLVED
S0288,ARM1,coughing,N,safety_v3:RESOLVED
S0288,ARM1,rash_erythematous_macules_or_papules,N,safety_v3:RESOLVED
S0288,ARM1,maculopapular_lesion,N,safety_v3:RESOLVED
S0288,ARM1,gastroesophageal_reflux_disease,N,safety_v3:RESOLVED
S0288,ARM1,anorexia,N,safety_v3:RESOLVED
S0288,ARM1,dysuria,N,safety_v3:RESOLVED
S0288,ARM1,hypocalcemia,N,safety_v3:RESOLVED
S0288,ARM1,nasal_congestion_finding,N,safety_v3:RESOLVED
S0288,ARM1,anemia,Y,safety_v3:RESOLVED
S0288,ARM1,hyperphosphatemia,N,protocol:F051
S0288,ARM1,event,N,protocol:F053
S0289,ARM1,anemia,N,safety_v3:RESOLVED
S0289,ARM1,nausea,N,safety_v3:RESOLVED
S0289,ARM1,arthralgia,N,safety_v3:RESOLVED
S0289,ARM1,hypertension_variable,N,safety_v3:RESOLVED
S0289,ARM1,dyspnea,N,safety_v3:RESOLVED
S0289,ARM1,hypoalbuminemia,N,safety_v3:RESOLVED
S0289,ARM1,vomiting,N,safety_v3:RESOLVED
S0289,ARM1,pain_in_limb,N,safety_v3:RESOLVED
S0289,ARM1,dysuria,N,safety_v3:RESOLVED
S0289,ARM1,hypocalcemia,N,safety_v3:RESOLVED
S0289,ARM1,dyspepsia,N,safety_v3:RESOLVED
S0289,ARM1,nasal_congestion_finding,N,safety_v3:RESOLVED
S0289,ARM1,hypercalcemia,N,safety_v3:RESOLVED
S0289,ARM1,hyperphosphatemia,N,protocol:F051
S0289,ARM1,event,N,protocol:F053
S0290,ARM1,hypertension_variable,N,safety_v3:RESOLVED
S0290,ARM1,fever,N,safety_v3:RESOLVED
S0290,ARM1,hypomagnesemia,N,safety_v3:RESOLVED
S0290,ARM1,dyspnea,N,safety_v3:RESOLVED
S0290,ARM1,abdominal_pain,N,safety_v3:RESOLVED
S0290,ARM1,decrease_in_appetite,N,safety_v3:RESOLVED
S0290,ARM1,proteinuria,N,safety_v3:RESOLVED
S0290,ARM1,hypoalbuminemia,N,safety_v3:RESOLVED
S0290,ARM1,rash_erythematous_macules_or_papules,N,safety_v3:RESOLVED
S0290,ARM1,pain_in_limb,N,safety_v3:RESOLVED
S0290,ARM1,creatinine_increased,N,safety_v3:RESOLVED
S0290,ARM1,dysuria,N,safety_v3:RESOLVED
S0290,ARM1,hypocalcemia,N,safety_v3:RESOLVED
S0290,ARM1,increased_frequency_of_micturition,N,safety_v3:RESOLVED
S0290,ARM1,nasal_congestion_finding,N,safety_v3:RESOLVED
S0290,ARM1,urinary_tract_infection,Y,safety_v3:RESOLVED
S0290,ARM1,event,N,protocol:F053
S0292,ARM1,diarrhea,N,safety_v3:RESOLVED
S0292,ARM1,arthralgia,N,safety_v3:RESOLVED
S0292,ARM1,hypertension_variable,N,safety_v3:RESOLVED
S0292,ARM1,hyponatremia,N,safety_v3:RESOLVED
S0292,ARM1,hypomagnesemia,N,safety_v3:RESOLVED
S0292,ARM1,dyspnea,N,safety_v3:RESOLVED
S0292,ARM1,hypoalbuminemia,N,safety_v3:RESOLVED
S0292,ARM1,dysuria,N,safety_v3:RESOLVED
S0292,ARM1,hypocalcemia,N,safety_v3:RESOLVED
S0292,ARM1,dyspepsia,N,safety_v3:RESOLVED
S0292,ARM1,nasal_congestion_finding,N,safety_v3:RESOLVED
S0292,ARM1,sensory_neuropathy,N,safety_v3:RESOLVED
S0292,ARM1,event,N,protocol:F053
S0292,ARM1,other serious adverse events (not individually predicted),Y,residual to the any-serious prior (subgroup: trials with overlapping drug classes)
S0294,ARM1,constipation,N,safety_v3:RESOLVED
S0294,ARM1,pruritus,N,safety_v3:RESOLVED
S0294,ARM1,hypertension_variable,N,safety_v3:RESOLVED
S0294,ARM1,hyponatremia,N,safety_v3:RESOLVED
S0294,ARM1,hypomagnesemia,N,safety_v3:RESOLVED
S0294,ARM1,dyspnea,N,safety_v3:RESOLVED
S0294,ARM1,decrease_in_appetite,N,safety_v3:RESOLVED
S0294,ARM1,proteinuria,N,safety_v3:RESOLVED
S0294,ARM1,hypoalbuminemia,N,safety_v3:RESOLVED
S0294,ARM1,creatinine_increased,N,safety_v3:RESOLVED
S0294,ARM1,dysuria,N,safety_v3:RESOLVED
S0294,ARM1,hypocalcemia,N,safety_v3:RESOLVED
S0294,ARM1,nasal_congestion_finding,N,safety_v3:RESOLVED
S0294,ARM1,blood_creatinine_increased,N,safety_v3:RESOLVED
S0294,ARM1,event,N,protocol:F053
S0299,ARM1,nausea,N,safety_v3:RESOLVED
S0299,ARM1,hypertension_variable,N,safety_v3:RESOLVED
S0299,ARM1,back_pain,N,safety_v3:RESOLVED
S0299,ARM1,dyspnea,N,safety_v3:RESOLVED
S0299,ARM1,decrease_in_appetite,N,safety_v3:RESOLVED
S0299,ARM1,hypoalbuminemia,N,safety_v3:RESOLVED
S0299,ARM1,vomiting,N,safety_v3:RESOLVED
S0299,ARM1,rash_erythematous_macules_or_papules,N,safety_v3:RESOLVED
S0299,ARM1,creatinine_increased,N,safety_v3:RESOLVED
S0299,ARM1,hypocalcemia,N,safety_v3:RESOLVED
S0299,ARM1,nasal_congestion_finding,N,safety_v3:RESOLVED
S0299,ARM1,hyperphosphatemia,N,protocol:F051
S0301,ARM1,diarrhea,N,safety_v3:RESOLVED
S0301,ARM1,constipation,N,safety_v3:RESOLVED
S0301,ARM1,arthralgia,N,safety_v3:RESOLVED
S0301,ARM1,hypertension_variable,N,safety_v3:RESOLVED
S0301,ARM1,back_pain,N,safety_v3:RESOLVED
S0301,ARM1,fever,N,safety_v3:RESOLVED
S0301,ARM1,proteinuria,N,safety_v3:RESOLVED
S0301,ARM1,hypoalbuminemia,N,safety_v3:RESOLVED
S0301,ARM1,maculopapular_lesion,N,safety_v3:RESOLVED
S0301,ARM1,creatinine_increased,N,safety_v3:RESOLVED
S0301,ARM1,pain,N,safety_v3:RESOLVED
S0301,ARM1,hyperkalemia,N,safety_v3:RESOLVED
S0301,ARM1,nasal_congestion_finding,N,safety_v3:RESOLVED
S0301,ARM1,event,N,protocol:F053
S0304,ARM1,constipation,N,safety_v3:RESOLVED
S0304,ARM1,arthralgia,N,safety_v3:RESOLVED
S0304,ARM1,hypertension_variable,N,safety_v3:RESOLVED
S0304,ARM1,back_pain,N,safety_v3:RESOLVED
S0304,ARM1,fever,N,safety_v3:RESOLVED
S0304,ARM1,hypomagnesemia,N,safety_v3:RESOLVED
S0304,ARM1,dyspnea,N,safety_v3:RESOLVED
S0304,ARM1,abdominal_pain,N,safety_v3:RESOLVED
S0304,ARM1,decrease_in_appetite,N,safety_v3:RESOLVED
S0304,ARM1,dysuria,N,safety_v3:RESOLVED
S0304,ARM1,hypocalcemia,N,safety_v3:RESOLVED
S0304,ARM1,dyspepsia,N,safety_v3:RESOLVED
S0304,ARM1,hyperkalemia,N,safety_v3:RESOLVED
S0304,ARM1,nasal_congestion_finding,N,safety_v3:RESOLVED
S0304,ARM1,paresthesia,N,safety_v3:RESOLVED
S0304,ARM1,hyperphosphatemia,N,protocol:F051
S0304,ARM1,event,N,protocol:F053
S0305,ARM1,nausea,N,safety_v3:RESOLVED
S0305,ARM1,arthralgia,N,safety_v3:RESOLVED
S0305,ARM1,hypertension_variable,N,safety_v3:RESOLVED
S0305,ARM1,back_pain,N,safety_v3:RESOLVED
S0305,ARM1,proteinuria,N,safety_v3:RESOLVED
S0305,ARM1,hypoalbuminemia,N,safety_v3:RESOLVED
S0305,ARM1,hypocalcemia,N,safety_v3:RESOLVED
S0305,ARM1,nasal_congestion_finding,N,safety_v3:RESOLVED
S0312,ARM1,diarrhea,N,safety_v3:RESOLVED
S0312,ARM1,nausea,N,safety_v3:RESOLVED
S0312,ARM1,hematuria,N,safety_v3:RESOLVED
S0312,ARM1,arthralgia,N,safety_v3:RESOLVED
S0312,ARM1,pruritus,N,safety_v3:RESOLVED
S0312,ARM1,hypertension_variable,N,safety_v3:RESOLVED
S0312,ARM1,hyponatremia,N,safety_v3:RESOLVED
S0312,ARM1,back_pain,N,safety_v3:RESOLVED
S0312,ARM1,hypomagnesemia,N,safety_v3:RESOLVED
S0312,ARM1,dyspnea,N,safety_v3:RESOLVED
S0312,ARM1,hyperglycemia,N,safety_v3:RESOLVED
S0312,ARM1,pain_in_limb,N,safety_v3:RESOLVED
S0312,ARM1,creatinine_increased,N,safety_v3:RESOLVED
S0312,ARM1,dysuria,N,safety_v3:RESOLVED
S0312,ARM1,nasal_congestion_finding,N,safety_v3:RESOLVED
S0312,ARM1,event,N,protocol:F053
S0312,ARM1,TEAE with a fatal outcome,N,protocol:F055
S0320,ARM1,fatigue,N,safety_v3:RESOLVED
S0320,ARM1,sleeplessness,N,safety_v3:RESOLVED
S0320,ARM1,arthralgia,N,safety_v3:RESOLVED
S0320,ARM1,hypertension_variable,N,safety_v3:RESOLVED
S0320,ARM1,back_pain,N,safety_v3:RESOLVED
S0320,ARM1,dyspnea,N,safety_v3:RESOLVED
S0320,ARM1,abdominal_pain,N,safety_v3:RESOLVED
S0320,ARM1,decrease_in_appetite,N,safety_v3:RESOLVED
S0320,ARM1,hypoalbuminemia,N,safety_v3:RESOLVED
S0320,ARM1,rash_erythematous_macules_or_papules,N,safety_v3:RESOLVED
S0320,ARM1,chills,N,safety_v3:RESOLVED
S0320,ARM1,dysuria,N,safety_v3:RESOLVED
S0320,ARM1,hypocalcemia,N,safety_v3:RESOLVED
S0320,ARM1,dyspepsia,N,safety_v3:RESOLVED
S0320,ARM1,nasal_congestion_finding,N,safety_v3:RESOLVED
S0320,ARM1,blood_creatinine_increased,N,safety_v3:RESOLVED
S0320,ARM1,death_finding,Y,safety_v3:RESOLVED
S0320,ARM1,hyperphosphatemia,N,protocol:F051
S0320,ARM1,event,N,protocol:F053
S0320,ARM1,other serious adverse events (not individually predicted),Y,residual to the any-serious prior (subgroup: trials with overlapping drug classes)
S0322,ARM1,nausea,N,safety_v3:RESOLVED
S0322,ARM1,urinary_tract_infection,N,safety_v3:RESOLVED
S0322,ARM1,arthralgia,N,safety_v3:RESOLVED
S0322,ARM1,pruritus,N,safety_v3:RESOLVED
S0322,ARM1,hypertension_variable,N,safety_v3:RESOLVED
S0322,ARM1,fever,N,safety_v3:RESOLVED
S0322,ARM1,hypomagnesemia,N,safety_v3:RESOLVED
S0322,ARM1,dyspnea,N,safety_v3:RESOLVED
S0322,ARM1,decrease_in_appetite,N,safety_v3:RESOLVED
S0322,ARM1,hypoalbuminemia,N,safety_v3:RESOLVED
S0322,ARM1,dysuria,N,safety_v3:RESOLVED
S0322,ARM1,hypocalcemia,N,safety_v3:RESOLVED
S0322,ARM1,dyspepsia,N,safety_v3:RESOLVED
S0322,ARM1,nasal_congestion_finding,N,safety_v3:RESOLVED
S0322,ARM1,neutrophil_count_decreased,N,safety_v3:RESOLVED
S0322,ARM1,pneumonia,Y,safety_v3:RESOLVED
S0322,ARM1,hyperphosphatemia,N,protocol:F051
S0322,ARM1,other serious adverse events (not individually predicted),Y,residual to the any-serious prior (subgroup: trials with overlapping drug classes)
S0325,ARM1,anemia,N,safety_v3:RESOLVED
S0325,ARM1,hematuria,N,safety_v3:RESOLVED
S0325,ARM1,arthralgia,N,safety_v3:RESOLVED
S0325,ARM1,pruritus,N,safety_v3:RESOLVED
S0325,ARM1,hyponatremia,N,safety_v3:RESOLVED
S0325,ARM1,dyspnea,N,safety_v3:RESOLVED
S0325,ARM1,abdominal_pain,N,safety_v3:RESOLVED
S0325,ARM1,proteinuria,N,safety_v3:RESOLVED
S0325,ARM1,myalgia,N,safety_v3:RESOLVED
S0325,ARM1,nasal_congestion_finding,N,safety_v3:RESOLVED
S0325,ARM1,blood_creatinine_increased,N,safety_v3:RESOLVED
S0325,ARM1,dehydration,N,safety_v3:RESOLVED
S0325,ARM1,paresthesia,N,safety_v3:RESOLVED
S0325,ARM1,event,N,protocol:F053
S0336,ARM1,nausea,N,safety_v3:RESOLVED
S0336,ARM1,arthralgia,N,safety_v3:RESOLVED
S0336,ARM1,hypertension_variable,N,safety_v3:RESOLVED
S0336,ARM1,fever,N,safety_v3:RESOLVED
S0336,ARM1,dyspnea,N,safety_v3:RESOLVED
S0336,ARM1,decrease_in_appetite,N,safety_v3:RESOLVED
S0336,ARM1,rash_erythematous_macules_or_papules,N,safety_v3:RESOLVED
S0336,ARM1,dysuria,N,safety_v3:RESOLVED
S0336,ARM1,hypocalcemia,N,safety_v3:RESOLVED
S0336,ARM1,nasal_congestion_finding,N,safety_v3:RESOLVED
S0336,ARM1,event,N,protocol:F053
S0338,ARM1,hematuria,N,safety_v3:RESOLVED
S0338,ARM1,arthralgia,N,safety_v3:RESOLVED
S0338,ARM1,pruritus,N,safety_v3:RESOLVED
S0338,ARM1,back_pain,N,safety_v3:RESOLVED
S0338,ARM1,dyspnea,N,safety_v3:RESOLVED
S0338,ARM1,decrease_in_appetite,N,safety_v3:RESOLVED
S0338,ARM1,hypoalbuminemia,N,safety_v3:RESOLVED
S0338,ARM1,pain_in_limb,N,safety_v3:RESOLVED
S0338,ARM1,dysgeusia,N,safety_v3:RESOLVED
S0338,ARM1,dry_skin,N,safety_v3:RESOLVED
S0338,ARM1,anorexia,N,safety_v3:RESOLVED
S0338,ARM1,dysuria,N,safety_v3:RESOLVED
S0338,ARM1,hypocalcemia,N,safety_v3:RESOLVED
S0338,ARM1,dyspepsia,N,safety_v3:RESOLVED
S0338,ARM1,pain,N,safety_v3:RESOLVED
S0338,ARM1,hyperkalemia,N,safety_v3:RESOLVED
S0338,ARM1,nasal_congestion_finding,N,safety_v3:RESOLVED
S0338,ARM1,blood_creatinine_increased,N,safety_v3:RESOLVED
S0338,ARM1,neutrophil_count_decreased,N,safety_v3:RESOLVED
S0338,ARM1,event,N,protocol:F053
S0342,ARM1,hematuria,N,safety_v3:RESOLVED
S0342,ARM1,arthralgia,N,safety_v3:RESOLVED
S0342,ARM1,pruritus,N,safety_v3:RESOLVED
S0342,ARM1,hypertension_variable,N,safety_v3:RESOLVED
S0342,ARM1,dyspnea,N,safety_v3:RESOLVED
S0342,ARM1,decrease_in_appetite,N,safety_v3:RESOLVED
S0342,ARM1,hypoalbuminemia,N,safety_v3:RESOLVED
S0342,ARM1,rash_erythematous_macules_or_papules,N,safety_v3:RESOLVED
S0342,ARM1,dizziness,N,safety_v3:RESOLVED
S0342,ARM1,dysgeusia,N,safety_v3:RESOLVED
S0342,ARM1,dysuria,N,safety_v3:RESOLVED
S0342,ARM1,hypocalcemia,N,safety_v3:RESOLVED
S0342,ARM1,nasal_congestion_finding,N,safety_v3:RESOLVED
S0342,ARM1,event,N,protocol:F053
S0342,ARM1,other serious adverse events (not individually predicted),Y,residual to the any-serious prior (subgroup: trials with overlapping drug classes)
S0346,ARM1,nausea,N,safety_v3:RESOLVED
S0346,ARM1,sleeplessness,N,safety_v3:RESOLVED
S0346,ARM1,hypertension_variable,N,safety_v3:RESOLVED
S0346,ARM1,hyponatremia,N,safety_v3:RESOLVED
S0346,ARM1,alanine_aminotransferase_increased,N,safety_v3:RESOLVED
S0346,ARM1,dyspnea,N,safety_v3:RESOLVED
S0346,ARM1,decrease_in_appetite,N,safety_v3:RESOLVED
S0346,ARM1,hypoalbuminemia,N,safety_v3:RESOLVED
S0346,ARM1,dysuria,N,safety_v3:RESOLVED
S0346,ARM1,hypocalcemia,N,safety_v3:RESOLVED
S0346,ARM1,dyspepsia,N,safety_v3:RESOLVED
S0346,ARM1,nasal_congestion_finding,N,safety_v3:RESOLVED
S0346,ARM1,dehydration,N,safety_v3:RESOLVED
S0346,ARM1,hyperphosphatemia,N,protocol:F051
S0346,ARM1,TEAE with a fatal outcome,N,protocol:F055
S0348,ARM1,arthralgia,N,safety_v3:RESOLVED
S0348,ARM1,pruritus,N,safety_v3:RESOLVED
S0348,ARM1,hypertension_variable,N,safety_v3:RESOLVED
S0348,ARM1,hyponatremia,N,safety_v3:RESOLVED
S0348,ARM1,dyspnea,N,safety_v3:RESOLVED
S0348,ARM1,abdominal_pain,N,safety_v3:RESOLVED
S0348,ARM1,decrease_in_appetite,N,safety_v3:RESOLVED
S0348,ARM1,pain_in_limb,N,safety_v3:RESOLVED
S0348,ARM1,dysgeusia,N,safety_v3:RESOLVED
S0348,ARM1,maculopapular_lesion,N,safety_v3:RESOLVED
S0348,ARM1,creatinine_increased,N,safety_v3:RESOLVED
S0348,ARM1,dyspepsia,N,safety_v3:RESOLVED
S0348,ARM1,increased_frequency_of_micturition,N,safety_v3:RESOLVED
S0348,ARM1,hyperkalemia,N,safety_v3:RESOLVED
S0348,ARM1,nasal_congestion_finding,N,safety_v3:RESOLVED
S0348,ARM1,hyperphosphatemia,N,protocol:F051
S0348,ARM1,other serious adverse events (not individually predicted),Y,residual to the any-serious prior (subgroup: trials with overlapping drug classes)
S0350,ARM1,nausea,N,safety_v3:RESOLVED
S0350,ARM1,arthralgia,N,safety_v3:RESOLVED
S0350,ARM1,hypertension_variable,N,safety_v3:RESOLVED
S0350,ARM1,alanine_aminotransferase_increased,N,safety_v3:RESOLVED
S0350,ARM1,dyspnea,N,safety_v3:RESOLVED
S0350,ARM1,abdominal_pain,N,safety_v3:RESOLVED
S0350,ARM1,hypoalbuminemia,N,safety_v3:RESOLVED
S0350,ARM1,peripheral_edema,N,safety_v3:RESOLVED
S0350,ARM1,creatinine_increased,N,safety_v3:RESOLVED
S0350,ARM1,gastroesophageal_reflux_disease,N,safety_v3:RESOLVED
S0350,ARM1,anorexia,N,safety_v3:RESOLVED
S0350,ARM1,dysuria,N,safety_v3:RESOLVED
S0350,ARM1,hypocalcemia,N,safety_v3:RESOLVED
S0350,ARM1,dyspepsia,N,safety_v3:RESOLVED
S0350,ARM1,nasal_congestion_finding,N,safety_v3:RESOLVED
S0350,ARM1,stomatitis,N,safety_v3:RESOLVED
S0350,ARM1,neutrophil_count_decreased,N,safety_v3:RESOLVED
S0352,ARM1,nausea,N,safety_v3:RESOLVED
S0352,ARM1,arthralgia,N,safety_v3:RESOLVED
S0352,ARM1,hypertension_variable,N,safety_v3:RESOLVED
S0352,ARM1,dyspnea,N,safety_v3:RESOLVED
S0352,ARM1,weight_loss,N,safety_v3:RESOLVED
S0352,ARM1,abdominal_pain,N,safety_v3:RESOLVED
S0352,ARM1,decrease_in_appetite,N,safety_v3:RESOLVED
S0352,ARM1,hypoalbuminemia,N,safety_v3:RESOLVED
S0352,ARM1,creatinine_increased,N,safety_v3:RESOLVED
S0352,ARM1,dysuria,N,safety_v3:RESOLVED
S0352,ARM1,hypocalcemia,N,safety_v3:RESOLVED
S0352,ARM1,dyspepsia,N,safety_v3:RESOLVED
S0352,ARM1,hyperkalemia,N,safety_v3:RESOLVED
S0352,ARM1,nasal_congestion_finding,N,safety_v3:RESOLVED
S0352,ARM1,blood_creatinine_increased,N,safety_v3:RESOLVED
S0352,ARM1,death_finding,Y,safety_v3:RESOLVED
S0352,ARM1,event,N,protocol:F053
S0353,ARM1,anemia,N,safety_v3:RESOLVED
S0353,ARM1,constipation,N,safety_v3:RESOLVED
S0353,ARM1,urinary_tract_infection,N,safety_v3:RESOLVED
S0353,ARM1,arthralgia,N,safety_v3:RESOLVED
S0353,ARM1,hypertension_variable,N,safety_v3:RESOLVED
S0353,ARM1,hypomagnesemia,N,safety_v3:RESOLVED
S0353,ARM1,decrease_in_appetite,N,safety_v3:RESOLVED
S0353,ARM1,hypoalbuminemia,N,safety_v3:RESOLVED
S0353,ARM1,coughing,N,safety_v3:RESOLVED
S0353,ARM1,pain_in_limb,N,safety_v3:RESOLVED
S0353,ARM1,maculopapular_lesion,N,safety_v3:RESOLVED
S0353,ARM1,dysuria,N,safety_v3:RESOLVED
S0353,ARM1,dyspepsia,N,safety_v3:RESOLVED
S0353,ARM1,nasal_congestion_finding,N,safety_v3:RESOLVED
S0353,ARM1,anemia,Y,safety_v3:RESOLVED
S0353,ARM1,hyperphosphatemia,N,protocol:F051
S0353,ARM1,event,N,protocol:F053
S0361,ARM1,nausea,N,safety_v3:RESOLVED
S0361,ARM1,urinary_tract_infection,N,safety_v3:RESOLVED
S0361,ARM1,arthralgia,N,safety_v3:RESOLVED
S0361,ARM1,hypertension_variable,N,safety_v3:RESOLVED
S0361,ARM1,dyspnea,N,safety_v3:RESOLVED
S0361,ARM1,abdominal_pain,N,safety_v3:RESOLVED
S0361,ARM1,decrease_in_appetite,N,safety_v3:RESOLVED
S0361,ARM1,hyperglycemia,N,safety_v3:RESOLVED
S0361,ARM1,hypoalbuminemia,N,safety_v3:RESOLVED
S0361,ARM1,pain_in_limb,N,safety_v3:RESOLVED
S0361,ARM1,dysuria,N,safety_v3:RESOLVED
S0361,ARM1,nasal_congestion_finding,N,safety_v3:RESOLVED
S0361,ARM1,blood_creatinine_increased,N,safety_v3:RESOLVED
S0361,ARM1,event,N,protocol:F053
S0361,ARM1,other serious adverse events (not individually predicted),Y,residual to the any-serious prior (subgroup: trials with overlapping drug classes)
S0363,ARM1,constipation,N,safety_v3:RESOLVED
S0363,ARM1,arthralgia,N,safety_v3:RESOLVED
S0363,ARM1,pruritus,N,safety_v3:RESOLVED
S0363,ARM1,hypertension_variable,N,safety_v3:RESOLVED
S0363,ARM1,fever,N,safety_v3:RESOLVED
S0363,ARM1,dyspnea,N,safety_v3:RESOLVED
S0363,ARM1,proteinuria,N,safety_v3:RESOLVED
S0363,ARM1,hypoalbuminemia,N,safety_v3:RESOLVED
S0363,ARM1,rash_erythematous_macules_or_papules,N,safety_v3:RESOLVED
S0363,ARM1,thrombocytopenia,N,safety_v3:RESOLVED
S0363,ARM1,pain_in_limb,N,safety_v3:RESOLVED
S0363,ARM1,dysgeusia,N,safety_v3:RESOLVED
S0363,ARM1,gastroesophageal_reflux_disease,N,safety_v3:RESOLVED
S0363,ARM1,anorexia,N,safety_v3:RESOLVED
S0363,ARM1,hypocalcemia,N,safety_v3:RESOLVED
S0363,ARM1,dyspepsia,N,safety_v3:RESOLVED
S0363,ARM1,increased_frequency_of_micturition,N,safety_v3:RESOLVED
S0363,ARM1,nasal_congestion_finding,N,safety_v3:RESOLVED
S0363,ARM1,hyperphosphatemia,N,protocol:F051
S0367,ARM1,diarrhea,N,safety_v3:RESOLVED
S0367,ARM1,arthralgia,N,safety_v3:RESOLVED
S0367,ARM1,pruritus,N,safety_v3:RESOLVED
S0367,ARM1,hypertension_variable,N,safety_v3:RESOLVED
S0367,ARM1,hypomagnesemia,N,safety_v3:RESOLVED
S0367,ARM1,dyspnea,N,safety_v3:RESOLVED
S0367,ARM1,decrease_in_appetite,N,safety_v3:RESOLVED
S0367,ARM1,proteinuria,N,safety_v3:RESOLVED
S0367,ARM1,pain_in_limb,N,safety_v3:RESOLVED
S0367,ARM1,hypocalcemia,N,safety_v3:RESOLVED
S0367,ARM1,pain,N,safety_v3:RESOLVED
S0367,ARM1,nasal_congestion_finding,N,safety_v3:RESOLVED
S0367,ARM1,event,N,protocol:F053
S0370,ARM1,diarrhea,N,safety_v3:RESOLVED
S0370,ARM1,urinary_tract_infection,N,safety_v3:RESOLVED
S0370,ARM1,sleeplessness,N,safety_v3:RESOLVED
S0370,ARM1,arthralgia,N,safety_v3:RESOLVED
S0370,ARM1,headache,N,safety_v3:RESOLVED
S0370,ARM1,pruritus,N,safety_v3:RESOLVED
S0370,ARM1,hypertension_variable,N,safety_v3:RESOLVED
S0370,ARM1,alanine_aminotransferase_increased,N,safety_v3:RESOLVED
S0370,ARM1,fever,N,safety_v3:RESOLVED
S0370,ARM1,dyspnea,N,safety_v3:RESOLVED
S0370,ARM1,decrease_in_appetite,N,safety_v3:RESOLVED
S0370,ARM1,hypoalbuminemia,N,safety_v3:RESOLVED
S0370,ARM1,dysuria,N,safety_v3:RESOLVED
S0370,ARM1,hypocalcemia,N,safety_v3:RESOLVED
S0370,ARM1,increased_frequency_of_micturition,N,safety_v3:RESOLVED
S0370,ARM1,nasal_congestion_finding,N,safety_v3:RESOLVED
S0370,ARM1,blood_creatinine_increased,N,safety_v3:RESOLVED
S0370,ARM1,other serious adverse events (not individually predicted),Y,residual to the any-serious prior (subgroup: trials with overlapping drug classes)
S0372,ARM1,constipation,N,safety_v3:RESOLVED
S0372,ARM1,arthralgia,N,safety_v3:RESOLVED
S0372,ARM1,pruritus,N,safety_v3:RESOLVED
S0372,ARM1,hypertension_variable,N,safety_v3:RESOLVED
S0372,ARM1,back_pain,N,safety_v3:RESOLVED
S0372,ARM1,alanine_aminotransferase_increased,N,safety_v3:RESOLVED
S0372,ARM1,hypomagnesemia,N,safety_v3:RESOLVED
S0372,ARM1,dyspnea,N,safety_v3:RESOLVED
S0372,ARM1,proteinuria,N,safety_v3:RESOLVED
S0372,ARM1,hypoalbuminemia,N,safety_v3:RESOLVED
S0372,ARM1,creatinine_increased,N,safety_v3:RESOLVED
S0372,ARM1,anorexia,N,safety_v3:RESOLVED
S0372,ARM1,dysuria,N,safety_v3:RESOLVED
S0372,ARM1,alkaline_phosphatase_raised,N,safety_v3:RESOLVED
S0372,ARM1,nasal_congestion_finding,N,safety_v3:RESOLVED
S0372,ARM1,blood_creatinine_increased,N,safety_v3:RESOLVED
S0372,ARM1,hyperphosphatemia,N,protocol:F051
S0372,ARM1,event,N,protocol:F053
S0003,ARM2,fatigue,N,safety_v3:RESOLVED
S0003,ARM2,diarrhea,N,safety_v3:RESOLVED
S0003,ARM2,anemia,N,safety_v3:RESOLVED
S0003,ARM2,constipation,N,safety_v3:RESOLVED
S0003,ARM2,palmar_plantar_erythrodysesthesia_syndrome,N,safety_v3:RESOLVED
S0003,ARM2,pain,N,safety_v3:RESOLVED
S0003,ARM2,hemoglobin_normal_12_16_gm,N,safety_v3:RESOLVED
S0003,ARM2,leukopenia,N,safety_v3:RESOLVED
S0003,ARM2,hematuria,N,safety_v3:RESOLVED
S0003,ARM2,dry_skin,N,safety_v3:RESOLVED
S0003,ARM2,depression_dominant,N,safety_v3:RESOLVED
S0003,ARM2,alanine_aminotransferase_increased,N,safety_v3:RESOLVED
S0003,ARM2,pneumonia,Y,safety_v3:RESOLVED
S0003,ARM2,other serious adverse events (not individually predicted),Y,residual to the any-serious prior (subgroup: PHASE2 trials)
S0016,ARM2,diarrhea,N,safety_v3:RESOLVED
S0016,ARM2,anemia,N,safety_v3:RESOLVED
S0016,ARM2,creatinine_increased,N,safety_v3:RESOLVED
S0016,ARM2,pain,N,safety_v3:RESOLVED
S0016,ARM2,hemoglobin_normal_12_16_gm,N,safety_v3:RESOLVED
S0016,ARM2,headache,N,safety_v3:RESOLVED
S0016,ARM2,aspartate_aminotransferase_increased,N,safety_v3:RESOLVED
S0018,ARM2,diarrhea,N,safety_v3:RESOLVED
S0018,ARM2,anorexia,N,safety_v3:RESOLVED
S0018,ARM2,palmar_plantar_erythrodysesthesia_syndrome,N,safety_v3:RESOLVED
S0018,ARM2,pain,N,safety_v3:RESOLVED
S0018,ARM2,hemoglobin_normal_12_16_gm,N,safety_v3:RESOLVED
S0018,ARM2,vomiting,N,safety_v3:RESOLVED
S0018,ARM2,dry_skin,N,safety_v3:RESOLVED
S0018,ARM2,neuropathy:_sensory,N,safety_v3:RESOLVED
S0018,ARM2,creatinine,N,safety_v3:RESOLVED
S0018,ARM2,hypoalbuminemia,N,safety_v3:RESOLVED
S0018,ARM2,chills,N,safety_v3:RESOLVED
S0018,ARM2,maculopapular_lesion,N,safety_v3:RESOLVED
S0018,ARM2,rash_erythematous_macules_or_papules,N,safety_v3:RESOLVED
S0018,ARM2,diarrhea,N,protocol:F049
S0018,ARM2,other serious adverse events (not individually predicted),Y,residual to the any-serious prior (subgroup: PHASE2 trials)
S0019,ARM2,diarrhea,N,safety_v3:RESOLVED
S0019,ARM2,nausea,N,safety_v3:RESOLVED
S0019,ARM2,anemia,N,safety_v3:RESOLVED
S0019,ARM2,constipation,N,safety_v3:RESOLVED
S0019,ARM2,palmar_plantar_erythrodysesthesia_syndrome,N,safety_v3:RESOLVED
S0019,ARM2,pain,N,safety_v3:RESOLVED
S0019,ARM2,dyspnea,N,safety_v3:RESOLVED
S0019,ARM2,thrombocytopenia,N,safety_v3:RESOLVED
S0019,ARM2,hematuria,N,safety_v3:RESOLVED
S0019,ARM2,dry_skin,N,safety_v3:RESOLVED
S0027,ARM2,diarrhea,N,safety_v3:RESOLVED
S0027,ARM2,nausea,N,safety_v3:RESOLVED
S0027,ARM2,anorexia,N,safety_v3:RESOLVED
S0027,ARM2,constipation,N,safety_v3:RESOLVED
S0027,ARM2,palmar_plantar_erythrodysesthesia_syndrome,N,safety_v3:RESOLVED
S0027,ARM2,pain,N,safety_v3:RESOLVED
S0027,ARM2,thrombocytopenia,N,safety_v3:RESOLVED
S0027,ARM2,weight_loss,N,safety_v3:RESOLVED
S0027,ARM2,chills,N,safety_v3:RESOLVED
S0027,ARM2,dehydration,N,safety_v3:RESOLVED
S0027,ARM2,dyspepsia,N,safety_v3:RESOLVED
S0027,ARM2,anemia,Y,safety_v3:RESOLVED
S0027,ARM2,diarrhea,N,protocol:F049
S0029,ARM2,diarrhea,N,safety_v3:RESOLVED
S0029,ARM2,anorexia,N,safety_v3:RESOLVED
S0029,ARM2,anemia,N,safety_v3:RESOLVED
S0029,ARM2,palmar_plantar_erythrodysesthesia_syndrome,N,safety_v3:RESOLVED
S0029,ARM2,pain,N,safety_v3:RESOLVED
S0029,ARM2,coughing,N,safety_v3:RESOLVED
S0029,ARM2,dyspepsia,N,safety_v3:RESOLVED
S0029,ARM2,alanine_aminotransferase_increased,N,safety_v3:RESOLVED
S0029,ARM2,"neoplasms_benign,_malignant_and_unspecified_(incl_cysts_and_polyps)_-_other,_specify",Y,safety_v3:RESOLVED
S0030,ARM2,nausea,N,safety_v3:RESOLVED
S0030,ARM2,anemia,N,safety_v3:RESOLVED
S0030,ARM2,palmar_plantar_erythrodysesthesia_syndrome,N,safety_v3:RESOLVED
S0030,ARM2,pain,N,safety_v3:RESOLVED
S0030,ARM2,hemoglobin_normal_12_16_gm,N,safety_v3:RESOLVED
S0030,ARM2,headache,N,safety_v3:RESOLVED
S0030,ARM2,hematuria,N,safety_v3:RESOLVED
S0030,ARM2,hypoalbuminemia,N,safety_v3:RESOLVED
S0030,ARM2,chills,N,safety_v3:RESOLVED
S0030,ARM2,"neoplasms_benign,_malignant_and_unspecified_(incl_cysts_and_polyps)_-_other,_specify",Y,safety_v3:RESOLVED
S0036,ARM2,diarrhea,N,safety_v3:RESOLVED
S0036,ARM2,constipation,N,safety_v3:RESOLVED
S0036,ARM2,creatinine_increased,N,safety_v3:RESOLVED
S0036,ARM2,pain,N,safety_v3:RESOLVED
S0036,ARM2,coughing,N,safety_v3:RESOLVED
S0036,ARM2,diarrhea,N,protocol:F049
S0055,ARM2,nausea,N,safety_v3:RESOLVED
S0055,ARM2,anemia,N,safety_v3:RESOLVED
S0055,ARM2,constipation,N,safety_v3:RESOLVED
S0055,ARM2,palmar_plantar_erythrodysesthesia_syndrome,N,safety_v3:RESOLVED
S0055,ARM2,pain,N,safety_v3:RESOLVED
S0055,ARM2,thrombocytopenia,N,safety_v3:RESOLVED
S0055,ARM2,headache,N,safety_v3:RESOLVED
S0055,ARM2,hyponatremia,N,safety_v3:RESOLVED
S0055,ARM2,creatinine,N,safety_v3:RESOLVED
S0055,ARM2,chills,N,safety_v3:RESOLVED
S0055,ARM2,dyspepsia,N,safety_v3:RESOLVED
S0055,ARM2,diarrhea,N,protocol:F049
S0059,ARM2,diarrhea,N,safety_v3:RESOLVED
S0059,ARM2,anorexia,N,safety_v3:RESOLVED
S0059,ARM2,creatinine_increased,N,safety_v3:RESOLVED
S0059,ARM2,pain,N,safety_v3:RESOLVED
S0059,ARM2,hypophosphatemia,N,safety_v3:RESOLVED
S0059,ARM2,hemoglobin_normal_12_16_gm,N,safety_v3:RESOLVED
S0059,ARM2,headache,N,safety_v3:RESOLVED
S0059,ARM2,dysgeusia,N,safety_v3:RESOLVED
S0059,ARM2,chills,N,safety_v3:RESOLVED
S0059,ARM2,arthralgia,N,safety_v3:RESOLVED
S0059,ARM2,sensory_neuropathy,N,safety_v3:RESOLVED
S0059,ARM2,anemia,Y,safety_v3:RESOLVED
S0062,ARM2,nausea,N,safety_v3:RESOLVED
S0062,ARM2,anemia,N,safety_v3:RESOLVED
S0062,ARM2,constipation,N,safety_v3:RESOLVED
S0062,ARM2,palmar_plantar_erythrodysesthesia_syndrome,N,safety_v3:RESOLVED
S0062,ARM2,creatinine_increased,N,safety_v3:RESOLVED
S0062,ARM2,pain,N,safety_v3:RESOLVED
S0062,ARM2,hypophosphatemia,N,safety_v3:RESOLVED
S0062,ARM2,hemoglobin_normal_12_16_gm,N,safety_v3:RESOLVED
S0062,ARM2,hair_loss/alopecia_(scalp_or_body),N,safety_v3:RESOLVED
S0062,ARM2,dizziness,N,safety_v3:RESOLVED
S0062,ARM2,hypertension_variable,N,safety_v3:RESOLVED
S0062,ARM2,fever,N,safety_v3:RESOLVED
S0062,ARM2,coughing,N,safety_v3:RESOLVED
S0062,ARM2,neuropathy:_sensory,N,safety_v3:RESOLVED
S0062,ARM2,chills,N,safety_v3:RESOLVED
S0062,ARM2,aspartate_aminotransferase_increased,N,safety_v3:RESOLVED
S0062,ARM2,anemia,Y,safety_v3:RESOLVED
S0065,ARM2,diarrhea,N,safety_v3:RESOLVED
S0065,ARM2,nausea,N,safety_v3:RESOLVED
S0065,ARM2,anemia,N,safety_v3:RESOLVED
S0065,ARM2,constipation,N,safety_v3:RESOLVED
S0065,ARM2,palmar_plantar_erythrodysesthesia_syndrome,N,safety_v3:RESOLVED
S0065,ARM2,creatinine_increased,N,safety_v3:RESOLVED
S0065,ARM2,pain,N,safety_v3:RESOLVED
S0065,ARM2,alkaline_phosphatase_raised,N,safety_v3:RESOLVED
S0065,ARM2,hemoglobin_normal_12_16_gm,N,safety_v3:RESOLVED
S0065,ARM2,dysgeusia,N,safety_v3:RESOLVED
S0065,ARM2,coughing,N,safety_v3:RESOLVED
S0065,ARM2,hypoalbuminemia,N,safety_v3:RESOLVED
S0065,ARM2,dyspepsia,N,safety_v3:RESOLVED
S0068,ARM2,fatigue,N,safety_v3:RESOLVED
S0068,ARM2,anemia,N,safety_v3:RESOLVED
S0068,ARM2,constipation,N,safety_v3:RESOLVED
S0068,ARM2,palmar_plantar_erythrodysesthesia_syndrome,N,safety_v3:RESOLVED
S0068,ARM2,pain,N,safety_v3:RESOLVED
S0068,ARM2,hemoglobin_normal_12_16_gm,N,safety_v3:RESOLVED
S0068,ARM2,thrombocytopenia,N,safety_v3:RESOLVED
S0068,ARM2,dizziness,N,safety_v3:RESOLVED
S0068,ARM2,hyperglycemia,N,safety_v3:RESOLVED
S0068,ARM2,leukopenia,N,safety_v3:RESOLVED
S0068,ARM2,chills,N,safety_v3:RESOLVED
S0070,ARM2,diarrhea,N,safety_v3:RESOLVED
S0070,ARM2,anemia,N,safety_v3:RESOLVED
S0070,ARM2,palmar_plantar_erythrodysesthesia_syndrome,N,safety_v3:RESOLVED
S0070,ARM2,pain,N,safety_v3:RESOLVED
S0070,ARM2,thrombocytopenia,N,safety_v3:RESOLVED
S0070,ARM2,urinary_tract_infection,N,safety_v3:RESOLVED
S0070,ARM2,dizziness,N,safety_v3:RESOLVED
S0070,ARM2,dry_skin,N,safety_v3:RESOLVED
S0070,ARM2,chills,N,safety_v3:RESOLVED
S0070,ARM2,"neoplasms_benign,_malignant_and_unspecified_(incl_cysts_and_polyps)_-_other,_specify",Y,safety_v3:RESOLVED
S0071,ARM2,diarrhea,N,safety_v3:RESOLVED
S0071,ARM2,anemia,N,safety_v3:RESOLVED
S0071,ARM2,constipation,N,safety_v3:RESOLVED
S0071,ARM2,palmar_plantar_erythrodysesthesia_syndrome,N,safety_v3:RESOLVED
S0071,ARM2,creatinine_increased,N,safety_v3:RESOLVED
S0071,ARM2,pain,N,safety_v3:RESOLVED
S0071,ARM2,headache,N,safety_v3:RESOLVED
S0071,ARM2,chills,N,safety_v3:RESOLVED
S0071,ARM2,alanine_aminotransferase_increased,N,safety_v3:RESOLVED
S0071,ARM2,"neoplasms_benign,_malignant_and_unspecified_(incl_cysts_and_polyps)_-_other,_specify",Y,safety_v3:RESOLVED
S0071,ARM2,other serious adverse events (not individually predicted),Y,residual to the any-serious prior (subgroup: PHASE2 trials)
S0077,ARM2,constipation,N,safety_v3:RESOLVED
S0077,ARM2,palmar_plantar_erythrodysesthesia_syndrome,N,safety_v3:RESOLVED
S0077,ARM2,pain,N,safety_v3:RESOLVED
S0077,ARM2,hemoglobin_normal_12_16_gm,N,safety_v3:RESOLVED
S0077,ARM2,thrombocytopenia,N,safety_v3:RESOLVED
S0077,ARM2,dizziness,N,safety_v3:RESOLVED
S0077,ARM2,hyperglycemia,N,safety_v3:RESOLVED
S0077,ARM2,hematuria,N,safety_v3:RESOLVED
S0077,ARM2,depression_dominant,N,safety_v3:RESOLVED
S0077,ARM2,aspartate_aminotransferase_increased,N,safety_v3:RESOLVED
S0078,ARM2,diarrhea,N,safety_v3:RESOLVED
S0078,ARM2,anemia,N,safety_v3:RESOLVED
S0078,ARM2,pain,N,safety_v3:RESOLVED
S0078,ARM2,sleeplessness,N,safety_v3:RESOLVED
S0078,ARM2,hypophosphatemia,N,safety_v3:RESOLVED
S0078,ARM2,hemoglobin_normal_12_16_gm,N,safety_v3:RESOLVED
S0078,ARM2,back_pain,N,safety_v3:RESOLVED
S0078,ARM2,hypertension_variable,N,safety_v3:RESOLVED
S0078,ARM2,coughing,N,safety_v3:RESOLVED
S0078,ARM2,chills,N,safety_v3:RESOLVED
S0078,ARM2,aspartate_aminotransferase_increased,N,safety_v3:RESOLVED
S0078,ARM2,anemia,Y,safety_v3:RESOLVED
S0078,ARM2,diarrhea,N,protocol:F049
S0082,ARM2,anemia,N,safety_v3:RESOLVED
S0082,ARM2,constipation,N,safety_v3:RESOLVED
S0082,ARM2,creatinine_increased,N,safety_v3:RESOLVED
S0082,ARM2,pain,N,safety_v3:RESOLVED
S0082,ARM2,thrombocytopenia,N,safety_v3:RESOLVED
S0082,ARM2,hypertension_variable,N,safety_v3:RESOLVED
S0082,ARM2,dry_skin,N,safety_v3:RESOLVED
S0082,ARM2,dehydration,N,safety_v3:RESOLVED
S0082,ARM2,"neoplasms_benign,_malignant_and_unspecified_(incl_cysts_and_polyps)_-_other,_specify",Y,safety_v3:RESOLVED
S0082,ARM2,other serious adverse events (not individually predicted),Y,residual to the any-serious prior (subgroup: PHASE2 trials)
S0084,ARM2,diarrhea,N,safety_v3:RESOLVED
S0084,ARM2,anemia,N,safety_v3:RESOLVED
S0084,ARM2,palmar_plantar_erythrodysesthesia_syndrome,N,safety_v3:RESOLVED
S0084,ARM2,pain,N,safety_v3:RESOLVED
S0084,ARM2,thrombocytopenia,N,safety_v3:RESOLVED
S0084,ARM2,hypertension_variable,N,safety_v3:RESOLVED
S0084,ARM2,hematuria,N,safety_v3:RESOLVED
S0084,ARM2,coughing,N,safety_v3:RESOLVED
S0084,ARM2,dry_skin,N,safety_v3:RESOLVED
S0084,ARM2,chills,N,safety_v3:RESOLVED
S0085,ARM2,diarrhea,N,safety_v3:RESOLVED
S0085,ARM2,nausea,N,safety_v3:RESOLVED
S0085,ARM2,constipation,N,safety_v3:RESOLVED
S0085,ARM2,creatinine_increased,N,safety_v3:RESOLVED
S0085,ARM2,pain,N,safety_v3:RESOLVED
S0085,ARM2,hemoglobin_normal_12_16_gm,N,safety_v3:RESOLVED
S0085,ARM2,thrombocytopenia,N,safety_v3:RESOLVED
S0085,ARM2,headache,N,safety_v3:RESOLVED
S0085,ARM2,dysgeusia,N,safety_v3:RESOLVED
S0085,ARM2,hypertension_variable,N,safety_v3:RESOLVED
S0085,ARM2,coughing,N,safety_v3:RESOLVED
S0085,ARM2,chills,N,safety_v3:RESOLVED
S0085,ARM2,pruritus,N,safety_v3:RESOLVED
S0089,ARM2,diarrhea,N,safety_v3:RESOLVED
S0089,ARM2,anemia,N,safety_v3:RESOLVED
S0089,ARM2,palmar_plantar_erythrodysesthesia_syndrome,N,safety_v3:RESOLVED
S0089,ARM2,creatinine_increased,N,safety_v3:RESOLVED
S0089,ARM2,pain,N,safety_v3:RESOLVED
S0089,ARM2,hemoglobin_normal_12_16_gm,N,safety_v3:RESOLVED
S0089,ARM2,thrombocytopenia,N,safety_v3:RESOLVED
S0089,ARM2,dizziness,N,safety_v3:RESOLVED
S0089,ARM2,hypertension_variable,N,safety_v3:RESOLVED
S0089,ARM2,hyperglycemia,N,safety_v3:RESOLVED
S0089,ARM2,dehydration,N,safety_v3:RESOLVED
S0094,ARM2,diarrhea,N,safety_v3:RESOLVED
S0094,ARM2,palmar_plantar_erythrodysesthesia_syndrome,N,safety_v3:RESOLVED
S0094,ARM2,creatinine_increased,N,safety_v3:RESOLVED
S0094,ARM2,pain,N,safety_v3:RESOLVED
S0094,ARM2,hemoglobin_normal_12_16_gm,N,safety_v3:RESOLVED
S0094,ARM2,dizziness,N,safety_v3:RESOLVED
S0094,ARM2,dry_skin,N,safety_v3:RESOLVED
S0094,ARM2,chills,N,safety_v3:RESOLVED
S0094,ARM2,dyspepsia,N,safety_v3:RESOLVED
S0094,ARM2,"neoplasms_benign,_malignant_and_unspecified_(incl_cysts_and_polyps)_-_other,_specify",Y,safety_v3:RESOLVED
S0098,ARM2,diarrhea,N,safety_v3:RESOLVED
S0098,ARM2,anemia,N,safety_v3:RESOLVED
S0098,ARM2,palmar_plantar_erythrodysesthesia_syndrome,N,safety_v3:RESOLVED
S0098,ARM2,creatinine_increased,N,safety_v3:RESOLVED
S0098,ARM2,pain,N,safety_v3:RESOLVED
S0098,ARM2,hypomagnesemia,N,safety_v3:RESOLVED
S0098,ARM2,hemoglobin_normal_12_16_gm,N,safety_v3:RESOLVED
S0098,ARM2,hyperglycemia,N,safety_v3:RESOLVED
S0098,ARM2,depression_dominant,N,safety_v3:RESOLVED
S0098,ARM2,dyspepsia,N,safety_v3:RESOLVED
S0099,ARM2,diarrhea,N,safety_v3:RESOLVED
S0099,ARM2,anorexia,N,safety_v3:RESOLVED
S0099,ARM2,anemia,N,safety_v3:RESOLVED
S0099,ARM2,constipation,N,safety_v3:RESOLVED
S0099,ARM2,palmar_plantar_erythrodysesthesia_syndrome,N,safety_v3:RESOLVED
S0099,ARM2,creatinine_increased,N,safety_v3:RESOLVED
S0099,ARM2,hemoglobin_normal_12_16_gm,N,safety_v3:RESOLVED
S0099,ARM2,vomiting,N,safety_v3:RESOLVED
S0099,ARM2,thrombocytopenia,N,safety_v3:RESOLVED
S0099,ARM2,hematuria,N,safety_v3:RESOLVED
S0099,ARM2,creatinine,N,safety_v3:RESOLVED
S0099,ARM2,dyspepsia,N,safety_v3:RESOLVED
S0099,ARM2,alanine_aminotransferase_increased,N,safety_v3:RESOLVED
S0099,ARM2,diarrhea,N,protocol:F049
S0100,ARM2,diarrhea,N,safety_v3:RESOLVED
S0100,ARM2,anemia,N,safety_v3:RESOLVED
S0100,ARM2,constipation,N,safety_v3:RESOLVED
S0100,ARM2,palmar_plantar_erythrodysesthesia_syndrome,N,safety_v3:RESOLVED
S0100,ARM2,pain,N,safety_v3:RESOLVED
S0100,ARM2,alkaline_phosphatase_raised,N,safety_v3:RESOLVED
S0100,ARM2,thrombocytopenia,N,safety_v3:RESOLVED
S0100,ARM2,dysgeusia,N,safety_v3:RESOLVED
S0100,ARM2,dizziness,N,safety_v3:RESOLVED
S0100,ARM2,aspartate_aminotransferase_increased,N,safety_v3:RESOLVED
S0100,ARM2,diarrhea,N,protocol:F049
S0104,ARM2,nausea,N,safety_v3:RESOLVED
S0104,ARM2,anemia,N,safety_v3:RESOLVED
S0104,ARM2,constipation,N,safety_v3:RESOLVED
S0104,ARM2,palmar_plantar_erythrodysesthesia_syndrome,N,safety_v3:RESOLVED
S0104,ARM2,pain,N,safety_v3:RESOLVED
S0104,ARM2,thrombocytopenia,N,safety_v3:RESOLVED
S0104,ARM2,dizziness,N,safety_v3:RESOLVED
S0104,ARM2,maculopapular_lesion,N,safety_v3:RESOLVED
S0104,ARM2,"neoplasms_benign,_malignant_and_unspecified_(incl_cysts_and_polyps)_-_other,_specify",Y,safety_v3:RESOLVED
S0104,ARM2,anemia,Y,safety_v3:RESOLVED
S0104,ARM2,diarrhea,N,protocol:F049
S0114,ARM2,diarrhea,N,safety_v3:RESOLVED
S0114,ARM2,nausea,N,safety_v3:RESOLVED
S0114,ARM2,anemia,N,safety_v3:RESOLVED
S0114,ARM2,palmar_plantar_erythrodysesthesia_syndrome,N,safety_v3:RESOLVED
S0114,ARM2,pain,N,safety_v3:RESOLVED
S0114,ARM2,hypomagnesemia,N,safety_v3:RESOLVED
S0114,ARM2,hemoglobin_normal_12_16_gm,N,safety_v3:RESOLVED
S0114,ARM2,thrombocytopenia,N,safety_v3:RESOLVED
S0114,ARM2,neuropathy:_sensory,N,safety_v3:RESOLVED
S0114,ARM2,chills,N,safety_v3:RESOLVED
S0115,ARM2,anemia,N,safety_v3:RESOLVED
S0115,ARM2,constipation,N,safety_v3:RESOLVED
S0115,ARM2,palmar_plantar_erythrodysesthesia_syndrome,N,safety_v3:RESOLVED
S0115,ARM2,creatinine_increased,N,safety_v3:RESOLVED
S0115,ARM2,pain,N,safety_v3:RESOLVED
S0115,ARM2,hemoglobin_normal_12_16_gm,N,safety_v3:RESOLVED
S0115,ARM2,thrombocytopenia,N,safety_v3:RESOLVED
S0115,ARM2,headache,N,safety_v3:RESOLVED
S0115,ARM2,back_pain,N,safety_v3:RESOLVED
S0115,ARM2,hypertension_variable,N,safety_v3:RESOLVED
S0115,ARM2,dry_skin,N,safety_v3:RESOLVED
S0115,ARM2,arthralgia,N,safety_v3:RESOLVED
S0117,ARM2,nausea,N,safety_v3:RESOLVED
S0117,ARM2,anorexia,N,safety_v3:RESOLVED
S0117,ARM2,anemia,N,safety_v3:RESOLVED
S0117,ARM2,constipation,N,safety_v3:RESOLVED
S0117,ARM2,palmar_plantar_erythrodysesthesia_syndrome,N,safety_v3:RESOLVED
S0117,ARM2,pain,N,safety_v3:RESOLVED
S0117,ARM2,hemoglobin_normal_12_16_gm,N,safety_v3:RESOLVED
S0117,ARM2,thrombocytopenia,N,safety_v3:RESOLVED
S0117,ARM2,abdominal_pain,N,safety_v3:RESOLVED
S0117,ARM2,hyperglycemia,N,safety_v3:RESOLVED
S0117,ARM2,hematuria,N,safety_v3:RESOLVED
S0117,ARM2,coughing,N,safety_v3:RESOLVED
S0117,ARM2,dry_skin,N,safety_v3:RESOLVED
S0117,ARM2,pain_in_limb,N,safety_v3:RESOLVED
S0117,ARM2,arthralgia,N,safety_v3:RESOLVED
S0120,ARM2,nausea,N,safety_v3:RESOLVED
S0120,ARM2,anemia,N,safety_v3:RESOLVED
S0120,ARM2,constipation,N,safety_v3:RESOLVED
S0120,ARM2,palmar_plantar_erythrodysesthesia_syndrome,N,safety_v3:RESOLVED
S0120,ARM2,pain,N,safety_v3:RESOLVED
S0120,ARM2,thrombocytopenia,N,safety_v3:RESOLVED
S0120,ARM2,hematuria,N,safety_v3:RESOLVED
S0120,ARM2,coughing,N,safety_v3:RESOLVED
S0120,ARM2,dry_skin,N,safety_v3:RESOLVED
S0120,ARM2,creatinine,N,safety_v3:RESOLVED
S0120,ARM2,chills,N,safety_v3:RESOLVED
S0120,ARM2,dyspepsia,N,safety_v3:RESOLVED
S0120,ARM2,diarrhea,N,protocol:F049
S0124,ARM2,anemia,N,safety_v3:RESOLVED
S0124,ARM2,constipation,N,safety_v3:RESOLVED
S0124,ARM2,palmar_plantar_erythrodysesthesia_syndrome,N,safety_v3:RESOLVED
S0124,ARM2,pain,N,safety_v3:RESOLVED
S0124,ARM2,headache,N,safety_v3:RESOLVED
S0124,ARM2,dizziness,N,safety_v3:RESOLVED
S0124,ARM2,hypertension_variable,N,safety_v3:RESOLVED
S0124,ARM2,dry_skin,N,safety_v3:RESOLVED
S0124,ARM2,neuropathy:_sensory,N,safety_v3:RESOLVED
S0124,ARM2,chills,N,safety_v3:RESOLVED
S0125,ARM2,diarrhea,N,safety_v3:RESOLVED
S0125,ARM2,anemia,N,safety_v3:RESOLVED
S0125,ARM2,constipation,N,safety_v3:RESOLVED
S0125,ARM2,palmar_plantar_erythrodysesthesia_syndrome,N,safety_v3:RESOLVED
S0125,ARM2,pain,N,safety_v3:RESOLVED
S0125,ARM2,hemoglobin_normal_12_16_gm,N,safety_v3:RESOLVED
S0125,ARM2,thrombocytopenia,N,safety_v3:RESOLVED
S0125,ARM2,hematuria,N,safety_v3:RESOLVED
S0125,ARM2,alanine_aminotransferase_increased,N,safety_v3:RESOLVED
S0133,ARM2,diarrhea,N,safety_v3:RESOLVED
S0133,ARM2,nausea,N,safety_v3:RESOLVED
S0133,ARM2,anemia,N,safety_v3:RESOLVED
S0133,ARM2,palmar_plantar_erythrodysesthesia_syndrome,N,safety_v3:RESOLVED
S0133,ARM2,creatinine_increased,N,safety_v3:RESOLVED
S0133,ARM2,pain,N,safety_v3:RESOLVED
S0133,ARM2,hemoglobin_normal_12_16_gm,N,safety_v3:RESOLVED
S0133,ARM2,dizziness,N,safety_v3:RESOLVED
S0133,ARM2,chills,N,safety_v3:RESOLVED
S0133,ARM2,anemia,Y,safety_v3:RESOLVED
S0141,ARM2,fatigue,N,safety_v3:RESOLVED
S0141,ARM2,diarrhea,N,safety_v3:RESOLVED
S0141,ARM2,anemia,N,safety_v3:RESOLVED
S0141,ARM2,constipation,N,safety_v3:RESOLVED
S0141,ARM2,palmar_plantar_erythrodysesthesia_syndrome,N,safety_v3:RESOLVED
S0141,ARM2,pain,N,safety_v3:RESOLVED
S0141,ARM2,dyspnea,N,safety_v3:RESOLVED
S0141,ARM2,hemoglobin_normal_12_16_gm,N,safety_v3:RESOLVED
S0141,ARM2,thrombocytopenia,N,safety_v3:RESOLVED
S0141,ARM2,headache,N,safety_v3:RESOLVED
S0141,ARM2,back_pain,N,safety_v3:RESOLVED
S0141,ARM2,dizziness,N,safety_v3:RESOLVED
S0141,ARM2,hyperglycemia,N,safety_v3:RESOLVED
S0141,ARM2,coughing,N,safety_v3:RESOLVED
S0141,ARM2,chills,N,safety_v3:RESOLVED
S0141,ARM2,pneumonia,Y,safety_v3:RESOLVED
S0151,ARM2,nausea,N,safety_v3:RESOLVED
S0151,ARM2,anorexia,N,safety_v3:RESOLVED
S0151,ARM2,constipation,N,safety_v3:RESOLVED
S0151,ARM2,palmar_plantar_erythrodysesthesia_syndrome,N,safety_v3:RESOLVED
S0151,ARM2,creatinine_increased,N,safety_v3:RESOLVED
S0151,ARM2,pain,N,safety_v3:RESOLVED
S0151,ARM2,hypomagnesemia,N,safety_v3:RESOLVED
S0151,ARM2,hemoglobin_normal_12_16_gm,N,safety_v3:RESOLVED
S0151,ARM2,vomiting,N,safety_v3:RESOLVED
S0151,ARM2,thrombocytopenia,N,safety_v3:RESOLVED
S0151,ARM2,headache,N,safety_v3:RESOLVED
S0151,ARM2,hypertension_variable,N,safety_v3:RESOLVED
S0151,ARM2,hematuria,N,safety_v3:RESOLVED
S0151,ARM2,coughing,N,safety_v3:RESOLVED
S0151,ARM2,chills,N,safety_v3:RESOLVED
S0155,ARM2,constipation,N,safety_v3:RESOLVED
S0155,ARM2,palmar_plantar_erythrodysesthesia_syndrome,N,safety_v3:RESOLVED
S0155,ARM2,creatinine_increased,N,safety_v3:RESOLVED
S0155,ARM2,pain,N,safety_v3:RESOLVED
S0155,ARM2,dyspnea,N,safety_v3:RESOLVED
S0155,ARM2,hemoglobin_normal_12_16_gm,N,safety_v3:RESOLVED
S0155,ARM2,vomiting,N,safety_v3:RESOLVED
S0155,ARM2,dizziness,N,safety_v3:RESOLVED
S0155,ARM2,hematuria,N,safety_v3:RESOLVED
S0155,ARM2,chills,N,safety_v3:RESOLVED
S0155,ARM2,alanine_aminotransferase_increased,N,safety_v3:RESOLVED
S0160,ARM2,diarrhea,N,safety_v3:RESOLVED
S0160,ARM2,anemia,N,safety_v3:RESOLVED
S0160,ARM2,constipation,N,safety_v3:RESOLVED
S0160,ARM2,palmar_plantar_erythrodysesthesia_syndrome,N,safety_v3:RESOLVED
S0160,ARM2,alkaline_phosphatase_raised,N,safety_v3:RESOLVED
S0160,ARM2,hypertension_variable,N,safety_v3:RESOLVED
S0160,ARM2,hematuria,N,safety_v3:RESOLVED
S0160,ARM2,chills,N,safety_v3:RESOLVED
S0164,ARM2,fatigue,N,safety_v3:RESOLVED
S0164,ARM2,constipation,N,safety_v3:RESOLVED
S0164,ARM2,palmar_plantar_erythrodysesthesia_syndrome,N,safety_v3:RESOLVED
S0164,ARM2,pain,N,safety_v3:RESOLVED
S0164,ARM2,hemoglobin_normal_12_16_gm,N,safety_v3:RESOLVED
S0164,ARM2,vomiting,N,safety_v3:RESOLVED
S0164,ARM2,thrombocytopenia,N,safety_v3:RESOLVED
S0164,ARM2,headache,N,safety_v3:RESOLVED
S0164,ARM2,dizziness,N,safety_v3:RESOLVED
S0164,ARM2,anemia,Y,safety_v3:RESOLVED
S0173,ARM2,diarrhea,N,safety_v3:RESOLVED
S0173,ARM2,anemia,N,safety_v3:RESOLVED
S0173,ARM2,creatinine_increased,N,safety_v3:RESOLVED
S0173,ARM2,pain,N,safety_v3:RESOLVED
S0173,ARM2,hemoglobin_normal_12_16_gm,N,safety_v3:RESOLVED
S0173,ARM2,hyperglycemia,N,safety_v3:RESOLVED
S0173,ARM2,neuropathy:_sensory,N,safety_v3:RESOLVED
S0173,ARM2,chills,N,safety_v3:RESOLVED
S0173,ARM2,aspartate_aminotransferase_increased,N,safety_v3:RESOLVED
S0173,ARM2,alanine_aminotransferase_increased,N,safety_v3:RESOLVED
S0173,ARM2,lipase_increased,N,safety_v3:RESOLVED
S0173,ARM2,sensory_neuropathy,N,safety_v3:RESOLVED
S0173,ARM2,acute_kidney_injury,Y,safety_v3:RESOLVED
S0176,ARM2,diarrhea,N,safety_v3:RESOLVED
S0176,ARM2,nausea,N,safety_v3:RESOLVED
S0176,ARM2,anemia,N,safety_v3:RESOLVED
S0176,ARM2,palmar_plantar_erythrodysesthesia_syndrome,N,safety_v3:RESOLVED
S0176,ARM2,creatinine_increased,N,safety_v3:RESOLVED
S0176,ARM2,pain,N,safety_v3:RESOLVED
S0176,ARM2,thrombocytopenia,N,safety_v3:RESOLVED
S0176,ARM2,dry_skin,N,safety_v3:RESOLVED
S0176,ARM2,peripheral_edema,N,safety_v3:RESOLVED
S0176,ARM2,"neoplasms_benign,_malignant_and_unspecified_(incl_cysts_and_polyps)_-_other,_specify",Y,safety_v3:RESOLVED
S0177,ARM2,diarrhea,N,safety_v3:RESOLVED
S0177,ARM2,nausea,N,safety_v3:RESOLVED
S0177,ARM2,anemia,N,safety_v3:RESOLVED
S0177,ARM2,palmar_plantar_erythrodysesthesia_syndrome,N,safety_v3:RESOLVED
S0177,ARM2,creatinine_increased,N,safety_v3:RESOLVED
S0177,ARM2,pain,N,safety_v3:RESOLVED
S0177,ARM2,hemoglobin_normal_12_16_gm,N,safety_v3:RESOLVED
S0177,ARM2,thrombocytopenia,N,safety_v3:RESOLVED
S0177,ARM2,dizziness,N,safety_v3:RESOLVED
S0177,ARM2,hypertension_variable,N,safety_v3:RESOLVED
S0177,ARM2,dry_skin,N,safety_v3:RESOLVED
S0177,ARM2,myalgia,N,safety_v3:RESOLVED
S0177,ARM2,sensory_neuropathy,N,safety_v3:RESOLVED
S0183,ARM2,fatigue,N,safety_v3:RESOLVED
S0183,ARM2,anemia,N,safety_v3:RESOLVED
S0183,ARM2,pain,N,safety_v3:RESOLVED
S0183,ARM2,thrombocytopenia,N,safety_v3:RESOLVED
S0183,ARM2,back_pain,N,safety_v3:RESOLVED
S0183,ARM2,hypertension_variable,N,safety_v3:RESOLVED
S0183,ARM2,dry_skin,N,safety_v3:RESOLVED
S0183,ARM2,neuropathy:_sensory,N,safety_v3:RESOLVED
S0183,ARM2,anemia,Y,safety_v3:RESOLVED
S0183,ARM2,fatigue,Y,safety_v3:RESOLVED
S0184,ARM2,diarrhea,N,safety_v3:RESOLVED
S0184,ARM2,anorexia,N,safety_v3:RESOLVED
S0184,ARM2,anemia,N,safety_v3:RESOLVED
S0184,ARM2,palmar_plantar_erythrodysesthesia_syndrome,N,safety_v3:RESOLVED
S0184,ARM2,pain,N,safety_v3:RESOLVED
S0184,ARM2,dyspnea,N,safety_v3:RESOLVED
S0184,ARM2,hemoglobin_normal_12_16_gm,N,safety_v3:RESOLVED
S0184,ARM2,dizziness,N,safety_v3:RESOLVED
S0184,ARM2,hypertension_variable,N,safety_v3:RESOLVED
S0184,ARM2,hypocalcemia,N,safety_v3:RESOLVED
S0184,ARM2,coughing,N,safety_v3:RESOLVED
S0184,ARM2,aspartate_aminotransferase_increased,N,safety_v3:RESOLVED
S0184,ARM2,diarrhea,N,protocol:F049
S0186,ARM2,anemia,N,safety_v3:RESOLVED
S0186,ARM2,constipation,N,safety_v3:RESOLVED
S0186,ARM2,palmar_plantar_erythrodysesthesia_syndrome,N,safety_v3:RESOLVED
S0186,ARM2,creatinine_increased,N,safety_v3:RESOLVED
S0186,ARM2,pain,N,safety_v3:RESOLVED
S0186,ARM2,hypomagnesemia,N,safety_v3:RESOLVED
S0186,ARM2,hemoglobin_normal_12_16_gm,N,safety_v3:RESOLVED
S0186,ARM2,thrombocytopenia,N,safety_v3:RESOLVED
S0186,ARM2,hypertension_variable,N,safety_v3:RESOLVED
S0186,ARM2,peripheral_edema,N,safety_v3:RESOLVED
S0186,ARM2,chills,N,safety_v3:RESOLVED
S0186,ARM2,aspartate_aminotransferase_increased,N,safety_v3:RESOLVED
S0186,ARM2,alanine_aminotransferase_increased,N,safety_v3:RESOLVED
S0186,ARM2,anemia,Y,safety_v3:RESOLVED
S0186,ARM2,diarrhea,N,protocol:F049
S0191,ARM2,anemia,N,safety_v3:RESOLVED
S0191,ARM2,constipation,N,safety_v3:RESOLVED
S0191,ARM2,palmar_plantar_erythrodysesthesia_syndrome,N,safety_v3:RESOLVED
S0191,ARM2,pain,N,safety_v3:RESOLVED
S0191,ARM2,hypophosphatemia,N,safety_v3:RESOLVED
S0191,ARM2,hemoglobin_normal_12_16_gm,N,safety_v3:RESOLVED
S0191,ARM2,thrombocytopenia,N,safety_v3:RESOLVED
S0191,ARM2,headache,N,safety_v3:RESOLVED
S0191,ARM2,dizziness,N,safety_v3:RESOLVED
S0191,ARM2,hyperglycemia,N,safety_v3:RESOLVED
S0191,ARM2,neuropathy:_sensory,N,safety_v3:RESOLVED
S0191,ARM2,chills,N,safety_v3:RESOLVED
S0191,ARM2,sensory_neuropathy,N,safety_v3:RESOLVED
S0191,ARM2,anemia,Y,safety_v3:RESOLVED
S0191,ARM2,diarrhea,N,protocol:F049
S0193,ARM2,anorexia,N,safety_v3:RESOLVED
S0193,ARM2,anemia,N,safety_v3:RESOLVED
S0193,ARM2,constipation,N,safety_v3:RESOLVED
S0193,ARM2,pain,N,safety_v3:RESOLVED
S0193,ARM2,sleeplessness,N,safety_v3:RESOLVED
S0193,ARM2,hemoglobin_normal_12_16_gm,N,safety_v3:RESOLVED
S0193,ARM2,headache,N,safety_v3:RESOLVED
S0193,ARM2,dysgeusia,N,safety_v3:RESOLVED
S0193,ARM2,hypertension_variable,N,safety_v3:RESOLVED
S0193,ARM2,dry_skin,N,safety_v3:RESOLVED
S0193,ARM2,chills,N,safety_v3:RESOLVED
S0193,ARM2,dyspepsia,N,safety_v3:RESOLVED
S0193,ARM2,diarrhea,N,protocol:F049
S0197,ARM2,anemia,N,safety_v3:RESOLVED
S0197,ARM2,creatinine_increased,N,safety_v3:RESOLVED
S0197,ARM2,pain,N,safety_v3:RESOLVED
S0197,ARM2,hypertension_variable,N,safety_v3:RESOLVED
S0197,ARM2,chills,N,safety_v3:RESOLVED
S0197,ARM2,aspartate_aminotransferase_increased,N,safety_v3:RESOLVED
S0197,ARM2,sensory_neuropathy,N,safety_v3:RESOLVED
S0204,ARM2,nausea,N,safety_v3:RESOLVED
S0204,ARM2,anemia,N,safety_v3:RESOLVED
S0204,ARM2,constipation,N,safety_v3:RESOLVED
S0204,ARM2,palmar_plantar_erythrodysesthesia_syndrome,N,safety_v3:RESOLVED
S0204,ARM2,creatinine_increased,N,safety_v3:RESOLVED
S0204,ARM2,pain,N,safety_v3:RESOLVED
S0204,ARM2,hypertension_variable,N,safety_v3:RESOLVED
S0204,ARM2,hyperglycemia,N,safety_v3:RESOLVED
S0204,ARM2,leukopenia,N,safety_v3:RESOLVED
S0204,ARM2,coughing,N,safety_v3:RESOLVED
S0204,ARM2,dry_skin,N,safety_v3:RESOLVED
S0204,ARM2,depression_dominant,N,safety_v3:RESOLVED
S0204,ARM2,arthralgia,N,safety_v3:RESOLVED
S0208,ARM2,anemia,N,safety_v3:RESOLVED
S0208,ARM2,palmar_plantar_erythrodysesthesia_syndrome,N,safety_v3:RESOLVED
S0208,ARM2,creatinine_increased,N,safety_v3:RESOLVED
S0208,ARM2,pain,N,safety_v3:RESOLVED
S0208,ARM2,thrombocytopenia,N,safety_v3:RESOLVED
S0208,ARM2,headache,N,safety_v3:RESOLVED
S0208,ARM2,abdominal_pain,N,safety_v3:RESOLVED
S0208,ARM2,hypertension_variable,N,safety_v3:RESOLVED
S0208,ARM2,hyperglycemia,N,safety_v3:RESOLVED
S0208,ARM2,hematuria,N,safety_v3:RESOLVED
S0208,ARM2,peripheral_edema,N,safety_v3:RESOLVED
S0208,ARM2,sensory_neuropathy,N,safety_v3:RESOLVED
S0208,ARM2,"neoplasms_benign,_malignant_and_unspecified_(incl_cysts_and_polyps)_-_other,_specify",Y,safety_v3:RESOLVED
S0208,ARM2,diarrhea,N,protocol:F049
S0210,ARM2,diarrhea,N,safety_v3:RESOLVED
S0210,ARM2,anemia,N,safety_v3:RESOLVED
S0210,ARM2,constipation,N,safety_v3:RESOLVED
S0210,ARM2,palmar_plantar_erythrodysesthesia_syndrome,N,safety_v3:RESOLVED
S0210,ARM2,pain,N,safety_v3:RESOLVED
S0210,ARM2,headache,N,safety_v3:RESOLVED
S0210,ARM2,back_pain,N,safety_v3:RESOLVED
S0210,ARM2,pain_in_limb,N,safety_v3:RESOLVED
S0210,ARM2,chills,N,safety_v3:RESOLVED
S0210,ARM2,sensory_neuropathy,N,safety_v3:RESOLVED
S0210,ARM2,anemia,Y,safety_v3:RESOLVED
S0212,ARM2,diarrhea,N,safety_v3:RESOLVED
S0212,ARM2,nausea,N,safety_v3:RESOLVED
S0212,ARM2,anorexia,N,safety_v3:RESOLVED
S0212,ARM2,anemia,N,safety_v3:RESOLVED
S0212,ARM2,palmar_plantar_erythrodysesthesia_syndrome,N,safety_v3:RESOLVED
S0212,ARM2,creatinine_increased,N,safety_v3:RESOLVED
S0212,ARM2,pain,N,safety_v3:RESOLVED
S0212,ARM2,hemoglobin_normal_12_16_gm,N,safety_v3:RESOLVED
S0212,ARM2,dizziness,N,safety_v3:RESOLVED
S0212,ARM2,chills,N,safety_v3:RESOLVED
S0212,ARM2,alanine_aminotransferase_increased,N,safety_v3:RESOLVED
S0212,ARM2,diarrhea,N,protocol:F049
S0215,ARM2,diarrhea,N,safety_v3:RESOLVED
S0215,ARM2,nausea,N,safety_v3:RESOLVED
S0215,ARM2,anemia,N,safety_v3:RESOLVED
S0215,ARM2,palmar_plantar_erythrodysesthesia_syndrome,N,safety_v3:RESOLVED
S0215,ARM2,pain,N,safety_v3:RESOLVED
S0215,ARM2,hypomagnesemia,N,safety_v3:RESOLVED
S0215,ARM2,hemoglobin_normal_12_16_gm,N,safety_v3:RESOLVED
S0215,ARM2,headache,N,safety_v3:RESOLVED
S0215,ARM2,dizziness,N,safety_v3:RESOLVED
S0215,ARM2,hypertension_variable,N,safety_v3:RESOLVED
S0215,ARM2,hematuria,N,safety_v3:RESOLVED
S0215,ARM2,chills,N,safety_v3:RESOLVED
S0218,ARM2,fatigue,N,safety_v3:RESOLVED
S0218,ARM2,diarrhea,N,safety_v3:RESOLVED
S0218,ARM2,anorexia,N,safety_v3:RESOLVED
S0218,ARM2,anemia,N,safety_v3:RESOLVED
S0218,ARM2,constipation,N,safety_v3:RESOLVED
S0218,ARM2,palmar_plantar_erythrodysesthesia_syndrome,N,safety_v3:RESOLVED
S0218,ARM2,pain,N,safety_v3:RESOLVED
S0218,ARM2,hemoglobin_normal_12_16_gm,N,safety_v3:RESOLVED
S0218,ARM2,dysgeusia,N,safety_v3:RESOLVED
S0218,ARM2,dizziness,N,safety_v3:RESOLVED
S0218,ARM2,neuropathy:_sensory,N,safety_v3:RESOLVED
S0218,ARM2,creatinine,N,safety_v3:RESOLVED
S0218,ARM2,hypoalbuminemia,N,safety_v3:RESOLVED
S0218,ARM2,chills,N,safety_v3:RESOLVED
S0218,ARM2,anemia,Y,safety_v3:RESOLVED
S0219,ARM2,diarrhea,N,safety_v3:RESOLVED
S0219,ARM2,anorexia,N,safety_v3:RESOLVED
S0219,ARM2,constipation,N,safety_v3:RESOLVED
S0219,ARM2,palmar_plantar_erythrodysesthesia_syndrome,N,safety_v3:RESOLVED
S0219,ARM2,pain,N,safety_v3:RESOLVED
S0219,ARM2,vomiting,N,safety_v3:RESOLVED
S0219,ARM2,thrombocytopenia,N,safety_v3:RESOLVED
S0219,ARM2,dizziness,N,safety_v3:RESOLVED
S0219,ARM2,hypertension_variable,N,safety_v3:RESOLVED
S0219,ARM2,anemia,Y,safety_v3:RESOLVED
S0221,ARM2,diarrhea,N,safety_v3:RESOLVED
S0221,ARM2,anemia,N,safety_v3:RESOLVED
S0221,ARM2,constipation,N,safety_v3:RESOLVED
S0221,ARM2,creatinine_increased,N,safety_v3:RESOLVED
S0221,ARM2,pain,N,safety_v3:RESOLVED
S0221,ARM2,hemoglobin_normal_12_16_gm,N,safety_v3:RESOLVED
S0221,ARM2,vomiting,N,safety_v3:RESOLVED
S0221,ARM2,headache,N,safety_v3:RESOLVED
S0221,ARM2,dizziness,N,safety_v3:RESOLVED
S0221,ARM2,hypertension_variable,N,safety_v3:RESOLVED
S0221,ARM2,chills,N,safety_v3:RESOLVED
S0227,ARM2,diarrhea,N,safety_v3:RESOLVED
S0227,ARM2,nausea,N,safety_v3:RESOLVED
S0227,ARM2,anorexia,N,safety_v3:RESOLVED
S0227,ARM2,anemia,N,safety_v3:RESOLVED
S0227,ARM2,constipation,N,safety_v3:RESOLVED
S0227,ARM2,palmar_plantar_erythrodysesthesia_syndrome,N,safety_v3:RESOLVED
S0227,ARM2,pain,N,safety_v3:RESOLVED
S0227,ARM2,hypomagnesemia,N,safety_v3:RESOLVED
S0227,ARM2,hemoglobin_normal_12_16_gm,N,safety_v3:RESOLVED
S0227,ARM2,thrombocytopenia,N,safety_v3:RESOLVED
S0227,ARM2,dizziness,N,safety_v3:RESOLVED
S0227,ARM2,hyperglycemia,N,safety_v3:RESOLVED
S0227,ARM2,chills,N,safety_v3:RESOLVED
S0227,ARM2,sensory_neuropathy,N,safety_v3:RESOLVED
S0227,ARM2,"neoplasms_benign,_malignant_and_unspecified_(incl_cysts_and_polyps)_-_other,_specify",Y,safety_v3:RESOLVED
S0227,ARM2,anemia,Y,safety_v3:RESOLVED
S0227,ARM2,diarrhea,N,protocol:F049
S0228,ARM2,diarrhea,N,safety_v3:RESOLVED
S0228,ARM2,anemia,N,safety_v3:RESOLVED
S0228,ARM2,creatinine_increased,N,safety_v3:RESOLVED
S0228,ARM2,pain,N,safety_v3:RESOLVED
S0228,ARM2,hemoglobin_normal_12_16_gm,N,safety_v3:RESOLVED
S0228,ARM2,thrombocytopenia,N,safety_v3:RESOLVED
S0228,ARM2,dry_skin,N,safety_v3:RESOLVED
S0228,ARM2,chills,N,safety_v3:RESOLVED
S0228,ARM2,diarrhea,N,protocol:F049
S0231,ARM2,fatigue,N,safety_v3:RESOLVED
S0231,ARM2,diarrhea,N,safety_v3:RESOLVED
S0231,ARM2,anorexia,N,safety_v3:RESOLVED
S0231,ARM2,anemia,N,safety_v3:RESOLVED
S0231,ARM2,constipation,N,safety_v3:RESOLVED
S0231,ARM2,palmar_plantar_erythrodysesthesia_syndrome,N,safety_v3:RESOLVED
S0231,ARM2,thrombocytopenia,N,safety_v3:RESOLVED
S0231,ARM2,headache,N,safety_v3:RESOLVED
S0231,ARM2,dizziness,N,safety_v3:RESOLVED
S0231,ARM2,hypertension_variable,N,safety_v3:RESOLVED
S0231,ARM2,weight_loss,N,safety_v3:RESOLVED
S0231,ARM2,hematuria,N,safety_v3:RESOLVED
S0231,ARM2,myalgia,N,safety_v3:RESOLVED
S0231,ARM2,thrombocytopenia,Y,safety_v3:RESOLVED
S0234,ARM2,nausea,N,safety_v3:RESOLVED
S0234,ARM2,anemia,N,safety_v3:RESOLVED
S0234,ARM2,creatinine_increased,N,safety_v3:RESOLVED
S0234,ARM2,pain,N,safety_v3:RESOLVED
S0234,ARM2,dyspnea,N,safety_v3:RESOLVED
S0234,ARM2,thrombocytopenia,N,safety_v3:RESOLVED
S0234,ARM2,hypoalbuminemia,N,safety_v3:RESOLVED
S0234,ARM2,chills,N,safety_v3:RESOLVED
S0234,ARM2,sensory_neuropathy,N,safety_v3:RESOLVED
S0234,ARM2,decrease_in_appetite,N,safety_v3:RESOLVED
S0235,ARM2,nausea,N,safety_v3:RESOLVED
S0235,ARM2,constipation,N,safety_v3:RESOLVED
S0235,ARM2,palmar_plantar_erythrodysesthesia_syndrome,N,safety_v3:RESOLVED
S0235,ARM2,creatinine_increased,N,safety_v3:RESOLVED
S0235,ARM2,pain,N,safety_v3:RESOLVED
S0235,ARM2,hypomagnesemia,N,safety_v3:RESOLVED
S0235,ARM2,hemoglobin_normal_12_16_gm,N,safety_v3:RESOLVED
S0235,ARM2,thrombocytopenia,N,safety_v3:RESOLVED
S0235,ARM2,back_pain,N,safety_v3:RESOLVED
S0235,ARM2,fever,N,safety_v3:RESOLVED
S0235,ARM2,hematuria,N,safety_v3:RESOLVED
S0235,ARM2,chills,N,safety_v3:RESOLVED
S0235,ARM2,dehydration,N,safety_v3:RESOLVED
S0241,ARM2,diarrhea,N,safety_v3:RESOLVED
S0241,ARM2,anemia,N,safety_v3:RESOLVED
S0241,ARM2,constipation,N,safety_v3:RESOLVED
S0241,ARM2,palmar_plantar_erythrodysesthesia_syndrome,N,safety_v3:RESOLVED
S0241,ARM2,pain,N,safety_v3:RESOLVED
S0241,ARM2,hemoglobin_normal_12_16_gm,N,safety_v3:RESOLVED
S0241,ARM2,thrombocytopenia,N,safety_v3:RESOLVED
S0241,ARM2,hematuria,N,safety_v3:RESOLVED
S0241,ARM2,coughing,N,safety_v3:RESOLVED
S0241,ARM2,chills,N,safety_v3:RESOLVED
S0241,ARM2,"neoplasms_benign,_malignant_and_unspecified_(incl_cysts_and_polyps)_-_other,_specify",Y,safety_v3:RESOLVED
S0242,ARM2,diarrhea,N,safety_v3:RESOLVED
S0242,ARM2,anemia,N,safety_v3:RESOLVED
S0242,ARM2,constipation,N,safety_v3:RESOLVED
S0242,ARM2,pain,N,safety_v3:RESOLVED
S0242,ARM2,hemoglobin_normal_12_16_gm,N,safety_v3:RESOLVED
S0242,ARM2,dysgeusia,N,safety_v3:RESOLVED
S0242,ARM2,dizziness,N,safety_v3:RESOLVED
S0242,ARM2,hyperglycemia,N,safety_v3:RESOLVED
S0242,ARM2,chills,N,safety_v3:RESOLVED
S0242,ARM2,sensory_neuropathy,N,safety_v3:RESOLVED
S0242,ARM2,"neoplasms_benign,_malignant_and_unspecified_(incl_cysts_and_polyps)_-_other,_specify",Y,safety_v3:RESOLVED
S0245,ARM2,anemia,N,safety_v3:RESOLVED
S0245,ARM2,constipation,N,safety_v3:RESOLVED
S0245,ARM2,palmar_plantar_erythrodysesthesia_syndrome,N,safety_v3:RESOLVED
S0245,ARM2,pain,N,safety_v3:RESOLVED
S0245,ARM2,hemoglobin_normal_12_16_gm,N,safety_v3:RESOLVED
S0245,ARM2,vomiting,N,safety_v3:RESOLVED
S0245,ARM2,thrombocytopenia,N,safety_v3:RESOLVED
S0245,ARM2,headache,N,safety_v3:RESOLVED
S0245,ARM2,hypertension_variable,N,safety_v3:RESOLVED
S0245,ARM2,chills,N,safety_v3:RESOLVED
S0245,ARM2,diarrhea,N,protocol:F049
S0248,ARM2,diarrhea,N,safety_v3:RESOLVED
S0248,ARM2,anemia,N,safety_v3:RESOLVED
S0248,ARM2,palmar_plantar_erythrodysesthesia_syndrome,N,safety_v3:RESOLVED
S0248,ARM2,pain,N,safety_v3:RESOLVED
S0248,ARM2,dizziness,N,safety_v3:RESOLVED
S0248,ARM2,coughing,N,safety_v3:RESOLVED
S0248,ARM2,dry_skin,N,safety_v3:RESOLVED
S0248,ARM2,neuropathy:_sensory,N,safety_v3:RESOLVED
S0248,ARM2,chills,N,safety_v3:RESOLVED
S0248,ARM2,dyspepsia,N,safety_v3:RESOLVED
S0248,ARM2,sensory_neuropathy,N,safety_v3:RESOLVED
S0266,ARM2,anorexia,N,safety_v3:RESOLVED
S0266,ARM2,constipation,N,safety_v3:RESOLVED
S0266,ARM2,palmar_plantar_erythrodysesthesia_syndrome,N,safety_v3:RESOLVED
S0266,ARM2,creatinine_increased,N,safety_v3:RESOLVED
S0266,ARM2,pain,N,safety_v3:RESOLVED
S0266,ARM2,hemoglobin_normal_12_16_gm,N,safety_v3:RESOLVED
S0266,ARM2,hair_loss/alopecia_(scalp_or_body),N,safety_v3:RESOLVED
S0266,ARM2,headache,N,safety_v3:RESOLVED
S0266,ARM2,hypertension_variable,N,safety_v3:RESOLVED
S0266,ARM2,neuropathy:_sensory,N,safety_v3:RESOLVED
S0266,ARM2,chills,N,safety_v3:RESOLVED
S0266,ARM2,arthralgia,N,safety_v3:RESOLVED
S0266,ARM2,dehydration,Y,safety_v3:RESOLVED
S0277,ARM2,anemia,N,safety_v3:RESOLVED
S0277,ARM2,palmar_plantar_erythrodysesthesia_syndrome,N,safety_v3:RESOLVED
S0277,ARM2,creatinine_increased,N,safety_v3:RESOLVED
S0277,ARM2,pain,N,safety_v3:RESOLVED
S0277,ARM2,hemoglobin_normal_12_16_gm,N,safety_v3:RESOLVED
S0277,ARM2,thrombocytopenia,N,safety_v3:RESOLVED
S0277,ARM2,headache,N,safety_v3:RESOLVED
S0277,ARM2,back_pain,N,safety_v3:RESOLVED
S0277,ARM2,coughing,N,safety_v3:RESOLVED
S0277,ARM2,chills,N,safety_v3:RESOLVED
S0277,ARM2,sensory_neuropathy,N,safety_v3:RESOLVED
S0277,ARM2,anemia,Y,safety_v3:RESOLVED
S0285,ARM2,diarrhea,N,safety_v3:RESOLVED
S0285,ARM2,anemia,N,safety_v3:RESOLVED
S0285,ARM2,constipation,N,safety_v3:RESOLVED
S0285,ARM2,palmar_plantar_erythrodysesthesia_syndrome,N,safety_v3:RESOLVED
S0285,ARM2,pain,N,safety_v3:RESOLVED
S0285,ARM2,dyspnea,N,safety_v3:RESOLVED
S0285,ARM2,hemoglobin_normal_12_16_gm,N,safety_v3:RESOLVED
S0285,ARM2,headache,N,safety_v3:RESOLVED
S0285,ARM2,dysgeusia,N,safety_v3:RESOLVED
S0285,ARM2,abdominal_pain,N,safety_v3:RESOLVED
S0285,ARM2,dry_skin,N,safety_v3:RESOLVED
S0285,ARM2,dyspepsia,N,safety_v3:RESOLVED
S0285,ARM2,alanine_aminotransferase_increased,N,safety_v3:RESOLVED
S0285,ARM2,sensory_neuropathy,N,safety_v3:RESOLVED
S0287,ARM2,fatigue,N,safety_v3:RESOLVED
S0287,ARM2,diarrhea,N,safety_v3:RESOLVED
S0287,ARM2,anemia,N,safety_v3:RESOLVED
S0287,ARM2,palmar_plantar_erythrodysesthesia_syndrome,N,safety_v3:RESOLVED
S0287,ARM2,pain,N,safety_v3:RESOLVED
S0287,ARM2,hemoglobin_normal_12_16_gm,N,safety_v3:RESOLVED
S0287,ARM2,abdominal_pain,N,safety_v3:RESOLVED
S0287,ARM2,dry_skin,N,safety_v3:RESOLVED
S0287,ARM2,chills,N,safety_v3:RESOLVED
S0287,ARM2,dehydration,N,safety_v3:RESOLVED
S0287,ARM2,alanine_aminotransferase_increased,N,safety_v3:RESOLVED
S0287,ARM2,"neoplasms_benign,_malignant_and_unspecified_(incl_cysts_and_polyps)_-_other,_specify",Y,safety_v3:RESOLVED
S0287,ARM2,diarrhea,N,protocol:F049
S0295,ARM2,anemia,N,safety_v3:RESOLVED
S0295,ARM2,constipation,N,safety_v3:RESOLVED
S0295,ARM2,palmar_plantar_erythrodysesthesia_syndrome,N,safety_v3:RESOLVED
S0295,ARM2,creatinine_increased,N,safety_v3:RESOLVED
S0295,ARM2,pain,N,safety_v3:RESOLVED
S0295,ARM2,thrombocytopenia,N,safety_v3:RESOLVED
S0295,ARM2,hematuria,N,safety_v3:RESOLVED
S0295,ARM2,coughing,N,safety_v3:RESOLVED
S0295,ARM2,dry_skin,N,safety_v3:RESOLVED
S0295,ARM2,hypoalbuminemia,N,safety_v3:RESOLVED
S0295,ARM2,dyspepsia,N,safety_v3:RESOLVED
S0311,ARM2,fatigue,N,safety_v3:RESOLVED
S0311,ARM2,diarrhea,N,safety_v3:RESOLVED
S0311,ARM2,anemia,N,safety_v3:RESOLVED
S0311,ARM2,palmar_plantar_erythrodysesthesia_syndrome,N,safety_v3:RESOLVED
S0311,ARM2,pain,N,safety_v3:RESOLVED
S0311,ARM2,dry_skin,N,safety_v3:RESOLVED
S0311,ARM2,neuropathy:_sensory,N,safety_v3:RESOLVED
S0311,ARM2,"neoplasms_benign,_malignant_and_unspecified_(incl_cysts_and_polyps)_-_other,_specify",Y,safety_v3:RESOLVED
S0313,ARM2,anorexia,N,safety_v3:RESOLVED
S0313,ARM2,anemia,N,safety_v3:RESOLVED
S0313,ARM2,palmar_plantar_erythrodysesthesia_syndrome,N,safety_v3:RESOLVED
S0313,ARM2,creatinine_increased,N,safety_v3:RESOLVED
S0313,ARM2,pain,N,safety_v3:RESOLVED
S0313,ARM2,thrombocytopenia,N,safety_v3:RESOLVED
S0313,ARM2,hematuria,N,safety_v3:RESOLVED
S0313,ARM2,depression_dominant,N,safety_v3:RESOLVED
S0313,ARM2,diarrhea,N,protocol:F049
S0321,ARM2,anemia,N,safety_v3:RESOLVED
S0321,ARM2,creatinine_increased,N,safety_v3:RESOLVED
S0321,ARM2,pain,N,safety_v3:RESOLVED
S0321,ARM2,alkaline_phosphatase_raised,N,safety_v3:RESOLVED
S0321,ARM2,vomiting,N,safety_v3:RESOLVED
S0321,ARM2,headache,N,safety_v3:RESOLVED
S0321,ARM2,dizziness,N,safety_v3:RESOLVED
S0321,ARM2,chills,N,safety_v3:RESOLVED
S0321,ARM2,"neoplasms_benign,_malignant_and_unspecified_(incl_cysts_and_polyps)_-_other,_specify",Y,safety_v3:RESOLVED
S0324,ARM2,anorexia,N,safety_v3:RESOLVED
S0324,ARM2,constipation,N,safety_v3:RESOLVED
S0324,ARM2,creatinine_increased,N,safety_v3:RESOLVED
S0324,ARM2,pain,N,safety_v3:RESOLVED
S0324,ARM2,hemoglobin_normal_12_16_gm,N,safety_v3:RESOLVED
S0324,ARM2,thrombocytopenia,N,safety_v3:RESOLVED
S0324,ARM2,headache,N,safety_v3:RESOLVED
S0324,ARM2,back_pain,N,safety_v3:RESOLVED
S0324,ARM2,dry_skin,N,safety_v3:RESOLVED
S0324,ARM2,chills,N,safety_v3:RESOLVED
S0324,ARM2,alanine_aminotransferase_increased,N,safety_v3:RESOLVED
S0326,ARM2,pain,N,safety_v3:RESOLVED
S0326,ARM2,hemoglobin_normal_12_16_gm,N,safety_v3:RESOLVED
S0326,ARM2,thrombocytopenia,N,safety_v3:RESOLVED
S0326,ARM2,hypertension_variable,N,safety_v3:RESOLVED
S0326,ARM2,hyperglycemia,N,safety_v3:RESOLVED
S0326,ARM2,leukopenia,N,safety_v3:RESOLVED
S0326,ARM2,hematuria,N,safety_v3:RESOLVED
S0326,ARM2,dry_skin,N,safety_v3:RESOLVED
S0326,ARM2,chills,N,safety_v3:RESOLVED
S0326,ARM2,aspartate_aminotransferase_increased,N,safety_v3:RESOLVED
S0327,ARM2,diarrhea,N,safety_v3:RESOLVED
S0327,ARM2,anemia,N,safety_v3:RESOLVED
S0327,ARM2,constipation,N,safety_v3:RESOLVED
S0327,ARM2,palmar_plantar_erythrodysesthesia_syndrome,N,safety_v3:RESOLVED
S0327,ARM2,pain,N,safety_v3:RESOLVED
S0327,ARM2,thrombocytopenia,N,safety_v3:RESOLVED
S0327,ARM2,hypertension_variable,N,safety_v3:RESOLVED
S0327,ARM2,neuropathy:_sensory,N,safety_v3:RESOLVED
S0327,ARM2,dehydration,N,safety_v3:RESOLVED
S0327,ARM2,anemia,Y,safety_v3:RESOLVED
S0327,ARM2,diarrhea,N,protocol:F049
S0328,ARM2,diarrhea,N,safety_v3:RESOLVED
S0328,ARM2,constipation,N,safety_v3:RESOLVED
S0328,ARM2,palmar_plantar_erythrodysesthesia_syndrome,N,safety_v3:RESOLVED
S0328,ARM2,creatinine_increased,N,safety_v3:RESOLVED
S0328,ARM2,pain,N,safety_v3:RESOLVED
S0328,ARM2,thrombocytopenia,N,safety_v3:RESOLVED
S0328,ARM2,abdominal_pain,N,safety_v3:RESOLVED
S0328,ARM2,hypertension_variable,N,safety_v3:RESOLVED
S0328,ARM2,hyperglycemia,N,safety_v3:RESOLVED
S0328,ARM2,hypoalbuminemia,N,safety_v3:RESOLVED
S0328,ARM2,chills,N,safety_v3:RESOLVED
S0328,ARM2,diarrhea,N,protocol:F049
S0329,ARM2,fatigue,N,safety_v3:RESOLVED
S0329,ARM2,anemia,N,safety_v3:RESOLVED
S0329,ARM2,constipation,N,safety_v3:RESOLVED
S0329,ARM2,palmar_plantar_erythrodysesthesia_syndrome,N,safety_v3:RESOLVED
S0329,ARM2,pain,N,safety_v3:RESOLVED
S0329,ARM2,dyspnea,N,safety_v3:RESOLVED
S0329,ARM2,hemoglobin_normal_12_16_gm,N,safety_v3:RESOLVED
S0329,ARM2,fever,N,safety_v3:RESOLVED
S0329,ARM2,coughing,N,safety_v3:RESOLVED
S0329,ARM2,chills,N,safety_v3:RESOLVED
S0329,ARM2,anemia,Y,safety_v3:RESOLVED
S0329,ARM2,diarrhea,N,protocol:F049
S0333,ARM2,palmar_plantar_erythrodysesthesia_syndrome,N,safety_v3:RESOLVED
S0333,ARM2,pain,N,safety_v3:RESOLVED
S0333,ARM2,hypertension_variable,N,safety_v3:RESOLVED
S0333,ARM2,chills,N,safety_v3:RESOLVED
S0334,ARM2,fatigue,N,safety_v3:RESOLVED
S0334,ARM2,anemia,N,safety_v3:RESOLVED
S0334,ARM2,constipation,N,safety_v3:RESOLVED
S0334,ARM2,pain,N,safety_v3:RESOLVED
S0334,ARM2,hemoglobin_normal_12_16_gm,N,safety_v3:RESOLVED
S0334,ARM2,thrombocytopenia,N,safety_v3:RESOLVED
S0334,ARM2,headache,N,safety_v3:RESOLVED
S0334,ARM2,neuropathy:_sensory,N,safety_v3:RESOLVED
S0334,ARM2,chills,N,safety_v3:RESOLVED
S0334,ARM2,alanine_aminotransferase_increased,N,safety_v3:RESOLVED
S0337,ARM2,diarrhea,N,safety_v3:RESOLVED
S0337,ARM2,nausea,N,safety_v3:RESOLVED
S0337,ARM2,anemia,N,safety_v3:RESOLVED
S0337,ARM2,palmar_plantar_erythrodysesthesia_syndrome,N,safety_v3:RESOLVED
S0337,ARM2,creatinine_increased,N,safety_v3:RESOLVED
S0337,ARM2,pain,N,safety_v3:RESOLVED
S0337,ARM2,hemoglobin_normal_12_16_gm,N,safety_v3:RESOLVED
S0337,ARM2,headache,N,safety_v3:RESOLVED
S0337,ARM2,dizziness,N,safety_v3:RESOLVED
S0337,ARM2,hypertension_variable,N,safety_v3:RESOLVED
S0337,ARM2,hyperglycemia,N,safety_v3:RESOLVED
S0337,ARM2,hematuria,N,safety_v3:RESOLVED
S0337,ARM2,hypoalbuminemia,N,safety_v3:RESOLVED
S0337,ARM2,chills,N,safety_v3:RESOLVED
S0337,ARM2,aspartate_aminotransferase_increased,N,safety_v3:RESOLVED
S0337,ARM2,pneumonia,Y,safety_v3:RESOLVED
S0340,ARM2,diarrhea,N,safety_v3:RESOLVED
S0340,ARM2,nausea,N,safety_v3:RESOLVED
S0340,ARM2,anemia,N,safety_v3:RESOLVED
S0340,ARM2,palmar_plantar_erythrodysesthesia_syndrome,N,safety_v3:RESOLVED
S0340,ARM2,creatinine_increased,N,safety_v3:RESOLVED
S0340,ARM2,pain,N,safety_v3:RESOLVED
S0340,ARM2,hypophosphatemia,N,safety_v3:RESOLVED
S0340,ARM2,hypertension_variable,N,safety_v3:RESOLVED
S0340,ARM2,creatinine,N,safety_v3:RESOLVED
S0340,ARM2,dyspepsia,N,safety_v3:RESOLVED
S0340,ARM2,sensory_neuropathy,N,safety_v3:RESOLVED
S0354,ARM2,diarrhea,N,safety_v3:RESOLVED
S0354,ARM2,anemia,N,safety_v3:RESOLVED
S0354,ARM2,palmar_plantar_erythrodysesthesia_syndrome,N,safety_v3:RESOLVED
S0354,ARM2,creatinine_increased,N,safety_v3:RESOLVED
S0354,ARM2,pain,N,safety_v3:RESOLVED
S0354,ARM2,hemoglobin_normal_12_16_gm,N,safety_v3:RESOLVED
S0354,ARM2,thrombocytopenia,N,safety_v3:RESOLVED
S0354,ARM2,headache,N,safety_v3:RESOLVED
S0354,ARM2,hyperglycemia,N,safety_v3:RESOLVED
S0354,ARM2,chills,N,safety_v3:RESOLVED
S0354,ARM2,dyspepsia,N,safety_v3:RESOLVED
S0354,ARM2,sensory_neuropathy,N,safety_v3:RESOLVED
S0355,ARM2,anemia,N,safety_v3:RESOLVED
S0355,ARM2,constipation,N,safety_v3:RESOLVED
S0355,ARM2,pain,N,safety_v3:RESOLVED
S0355,ARM2,dyspnea,N,safety_v3:RESOLVED
S0355,ARM2,hemoglobin_normal_12_16_gm,N,safety_v3:RESOLVED
S0355,ARM2,thrombocytopenia,N,safety_v3:RESOLVED
S0355,ARM2,hypertension_variable,N,safety_v3:RESOLVED
S0355,ARM2,dry_skin,N,safety_v3:RESOLVED
S0355,ARM2,chills,N,safety_v3:RESOLVED
S0355,ARM2,sensory_neuropathy,N,safety_v3:RESOLVED
S0355,ARM2,urinary_tract_infection,Y,safety_v3:RESOLVED
S0356,ARM2,diarrhea,N,safety_v3:RESOLVED
S0356,ARM2,nausea,N,safety_v3:RESOLVED
S0356,ARM2,anorexia,N,safety_v3:RESOLVED
S0356,ARM2,constipation,N,safety_v3:RESOLVED
S0356,ARM2,palmar_plantar_erythrodysesthesia_syndrome,N,safety_v3:RESOLVED
S0356,ARM2,pain,N,safety_v3:RESOLVED
S0356,ARM2,hemoglobin_normal_12_16_gm,N,safety_v3:RESOLVED
S0356,ARM2,neuropathy:_sensory,N,safety_v3:RESOLVED
S0356,ARM2,chills,N,safety_v3:RESOLVED
S0356,ARM2,maculopapular_lesion,N,safety_v3:RESOLVED
S0356,ARM2,"neoplasms_benign,_malignant_and_unspecified_(incl_cysts_and_polyps)_-_other,_specify",Y,safety_v3:RESOLVED
S0356,ARM2,diarrhea,N,protocol:F049
S0357,ARM2,diarrhea,N,safety_v3:RESOLVED
S0357,ARM2,anemia,N,safety_v3:RESOLVED
S0357,ARM2,palmar_plantar_erythrodysesthesia_syndrome,N,safety_v3:RESOLVED
S0357,ARM2,creatinine_increased,N,safety_v3:RESOLVED
S0357,ARM2,pain,N,safety_v3:RESOLVED
S0357,ARM2,thrombocytopenia,N,safety_v3:RESOLVED
S0357,ARM2,urinary_tract_infection,N,safety_v3:RESOLVED
S0357,ARM2,back_pain,N,safety_v3:RESOLVED
S0357,ARM2,hypertension_variable,N,safety_v3:RESOLVED
S0357,ARM2,coughing,N,safety_v3:RESOLVED
S0357,ARM2,chills,N,safety_v3:RESOLVED
S0357,ARM2,pruritus,N,safety_v3:RESOLVED
S0357,ARM2,sensory_neuropathy,N,safety_v3:RESOLVED
S0359,ARM2,diarrhea,N,safety_v3:RESOLVED
S0359,ARM2,nausea,N,safety_v3:RESOLVED
S0359,ARM2,palmar_plantar_erythrodysesthesia_syndrome,N,safety_v3:RESOLVED
S0359,ARM2,pain,N,safety_v3:RESOLVED
S0359,ARM2,dyspnea,N,safety_v3:RESOLVED
S0359,ARM2,hemoglobin_normal_12_16_gm,N,safety_v3:RESOLVED
S0359,ARM2,headache,N,safety_v3:RESOLVED
S0359,ARM2,neuropathy:_sensory,N,safety_v3:RESOLVED
S0359,ARM2,creatinine,N,safety_v3:RESOLVED
S0359,ARM2,chills,N,safety_v3:RESOLVED
S0359,ARM2,alanine_aminotransferase_increased,N,safety_v3:RESOLVED
S0365,ARM2,nausea,N,safety_v3:RESOLVED
S0365,ARM2,anemia,N,safety_v3:RESOLVED
S0365,ARM2,constipation,N,safety_v3:RESOLVED
S0365,ARM2,palmar_plantar_erythrodysesthesia_syndrome,N,safety_v3:RESOLVED
S0365,ARM2,creatinine_increased,N,safety_v3:RESOLVED
S0365,ARM2,pain,N,safety_v3:RESOLVED
S0365,ARM2,hemoglobin_normal_12_16_gm,N,safety_v3:RESOLVED
S0365,ARM2,abdominal_pain,N,safety_v3:RESOLVED
S0365,ARM2,hematuria,N,safety_v3:RESOLVED
S0365,ARM2,dry_skin,N,safety_v3:RESOLVED
S0365,ARM2,chills,N,safety_v3:RESOLVED
S0002,ARM3,anemia,N,safety_v3:RESOLVED
S0002,ARM3,decreased_platelet_count,N,safety_v3:RESOLVED
S0002,ARM3,vomiting,N,safety_v3:RESOLVED
S0002,ARM3,asthenia,N,safety_v3:RESOLVED
S0002,ARM3,arthralgia,N,safety_v3:RESOLVED
S0002,ARM3,hypocalcemia,N,safety_v3:RESOLVED
S0004,ARM3,anemia,N,safety_v3:RESOLVED
S0004,ARM3,constipation,N,safety_v3:RESOLVED
S0004,ARM3,vomiting,N,safety_v3:RESOLVED
S0004,ARM3,decrease_in_appetite,N,safety_v3:RESOLVED
S0004,ARM3,hypoalbuminemia,N,safety_v3:RESOLVED
S0004,ARM3,hypertension_variable,N,safety_v3:RESOLVED
S0007,ARM3,nausea,N,safety_v3:RESOLVED
S0007,ARM3,anemia,N,safety_v3:RESOLVED
S0007,ARM3,decreased_platelet_count,N,safety_v3:RESOLVED
S0007,ARM3,fever,N,safety_v3:RESOLVED
S0007,ARM3,vomiting,N,safety_v3:RESOLVED
S0007,ARM3,abdominal_pain,N,safety_v3:RESOLVED
S0007,ARM3,back_pain,N,safety_v3:RESOLVED
S0007,ARM3,weight_loss,N,safety_v3:RESOLVED
S0007,ARM3,rash_erythematous_macules_or_papules,N,safety_v3:RESOLVED
S0007,ARM3,other serious adverse events (not individually predicted),Y,residual to the any-serious prior (subgroup: trials with overlapping drug classes)
S0008,ARM3,anemia,N,safety_v3:RESOLVED
S0008,ARM3,constipation,N,safety_v3:RESOLVED
S0008,ARM3,decreased_platelet_count,N,safety_v3:RESOLVED
S0008,ARM3,vomiting,N,safety_v3:RESOLVED
S0008,ARM3,thrombocytopenia,N,safety_v3:RESOLVED
S0008,ARM3,hiccough,N,safety_v3:RESOLVED
S0021,ARM3,nausea,N,safety_v3:RESOLVED
S0021,ARM3,decreased_platelet_count,N,safety_v3:RESOLVED
S0021,ARM3,vomiting,N,safety_v3:RESOLVED
S0021,ARM3,asthenia,N,safety_v3:RESOLVED
S0021,ARM3,abdominal_pain,N,safety_v3:RESOLVED
S0021,ARM3,coughing,N,safety_v3:RESOLVED
S0021,ARM3,anorexia,N,safety_v3:RESOLVED
S0021,ARM3,pneumonitis,Y,safety_v3:RESOLVED
S0034,ARM3,nausea,N,safety_v3:RESOLVED
S0034,ARM3,anemia,N,safety_v3:RESOLVED
S0034,ARM3,decrease_in_appetite,N,safety_v3:RESOLVED
S0034,ARM3,asthenia,N,safety_v3:RESOLVED
S0034,ARM3,abdominal_pain,N,safety_v3:RESOLVED
S0034,ARM3,coughing,N,safety_v3:RESOLVED
S0034,ARM3,hiccough,N,safety_v3:RESOLVED
S0035,ARM3,nausea,N,safety_v3:RESOLVED
S0035,ARM3,anemia,N,safety_v3:RESOLVED
S0035,ARM3,decreased_platelet_count,N,safety_v3:RESOLVED
S0035,ARM3,fever,N,safety_v3:RESOLVED
S0035,ARM3,vomiting,N,safety_v3:RESOLVED
S0035,ARM3,thrombocytopenia,N,safety_v3:RESOLVED
S0035,ARM3,headache,N,safety_v3:RESOLVED
S0035,ARM3,coughing,N,safety_v3:RESOLVED
S0035,ARM3,hypokalemia,N,safety_v3:RESOLVED
S0035,ARM3,anorexia,N,safety_v3:RESOLVED
S0035,ARM3,fever,Y,safety_v3:RESOLVED
S0047,ARM3,nausea,N,safety_v3:RESOLVED
S0047,ARM3,anemia,N,safety_v3:RESOLVED
S0047,ARM3,constipation,N,safety_v3:RESOLVED
S0047,ARM3,decreased_platelet_count,N,safety_v3:RESOLVED
S0047,ARM3,vomiting,N,safety_v3:RESOLVED
S0047,ARM3,hyponatremia,N,safety_v3:RESOLVED
S0047,ARM3,asthenia,N,safety_v3:RESOLVED
S0047,ARM3,rash_erythematous_macules_or_papules,N,safety_v3:RESOLVED
S0047,ARM3,anorexia,N,safety_v3:RESOLVED
S0047,ARM3,hiccough,N,safety_v3:RESOLVED
S0047,ARM3,dysgeusia,N,safety_v3:RESOLVED
S0048,ARM3,nausea,N,safety_v3:RESOLVED
S0048,ARM3,constipation,N,safety_v3:RESOLVED
S0048,ARM3,decreased_platelet_count,N,safety_v3:RESOLVED
S0048,ARM3,vomiting,N,safety_v3:RESOLVED
S0048,ARM3,decrease_in_appetite,N,safety_v3:RESOLVED
S0048,ARM3,aspartate_aminotransferase_increased,N,safety_v3:RESOLVED
S0048,ARM3,asthenia,N,safety_v3:RESOLVED
S0056,ARM3,nausea,N,safety_v3:RESOLVED
S0056,ARM3,anemia,N,safety_v3:RESOLVED
S0056,ARM3,vomiting,N,safety_v3:RESOLVED
S0056,ARM3,dizziness,N,safety_v3:RESOLVED
S0056,ARM3,abdominal_pain,N,safety_v3:RESOLVED
S0056,ARM3,rash_erythematous_macules_or_papules,N,safety_v3:RESOLVED
S0056,ARM3,hiccough,N,safety_v3:RESOLVED
S0058,ARM3,nausea,N,safety_v3:RESOLVED
S0058,ARM3,anemia,N,safety_v3:RESOLVED
S0058,ARM3,fever,N,safety_v3:RESOLVED
S0058,ARM3,vomiting,N,safety_v3:RESOLVED
S0058,ARM3,hematuria,N,safety_v3:RESOLVED
S0058,ARM3,headache,N,safety_v3:RESOLVED
S0058,ARM3,rash_erythematous_macules_or_papules,N,safety_v3:RESOLVED
S0058,ARM3,coughing,N,safety_v3:RESOLVED
S0058,ARM3,increased_frequency_of_micturition,N,safety_v3:RESOLVED
S0058,ARM3,other serious adverse events (not individually predicted),Y,residual to the any-serious prior (subgroup: trials with overlapping drug classes)
S0061,ARM3,nausea,N,safety_v3:RESOLVED
S0061,ARM3,decreased_platelet_count,N,safety_v3:RESOLVED
S0061,ARM3,fever,N,safety_v3:RESOLVED
S0061,ARM3,vomiting,N,safety_v3:RESOLVED
S0061,ARM3,decrease_in_appetite,N,safety_v3:RESOLVED
S0061,ARM3,dyspnea,N,safety_v3:RESOLVED
S0061,ARM3,sleeplessness,N,safety_v3:RESOLVED
S0061,ARM3,rash_erythematous_macules_or_papules,N,safety_v3:RESOLVED
S0061,ARM3,other serious adverse events (not individually predicted),Y,residual to the any-serious prior (subgroup: trials with overlapping drug classes)
S0066,ARM3,nausea,N,safety_v3:RESOLVED
S0066,ARM3,anemia,N,safety_v3:RESOLVED
S0066,ARM3,decreased_platelet_count,N,safety_v3:RESOLVED
S0066,ARM3,fever,N,safety_v3:RESOLVED
S0066,ARM3,neutrophil_count_decreased,N,safety_v3:RESOLVED
S0066,ARM3,hypothyroidism,N,safety_v3:RESOLVED
S0066,ARM3,headache,N,safety_v3:RESOLVED
S0066,ARM3,dyspnea,N,safety_v3:RESOLVED
S0066,ARM3,dizziness,N,safety_v3:RESOLVED
S0066,ARM3,rash_erythematous_macules_or_papules,N,safety_v3:RESOLVED
S0066,ARM3,hypokalemia,N,safety_v3:RESOLVED
S0066,ARM3,anorexia,N,safety_v3:RESOLVED
S0066,ARM3,lipase_increased,N,safety_v3:RESOLVED
S0066,ARM3,hiccough,N,safety_v3:RESOLVED
S0067,ARM3,nausea,N,safety_v3:RESOLVED
S0067,ARM3,decreased_platelet_count,N,safety_v3:RESOLVED
S0067,ARM3,fever,N,safety_v3:RESOLVED
S0067,ARM3,aspartate_aminotransferase_increased,N,safety_v3:RESOLVED
S0067,ARM3,urinary_tract_infection,N,safety_v3:RESOLVED
S0067,ARM3,hyperglycemia,N,safety_v3:RESOLVED
S0067,ARM3,hypomagnesemia,N,safety_v3:RESOLVED
S0067,ARM3,rash_erythematous_macules_or_papules,N,safety_v3:RESOLVED
S0067,ARM3,anorexia,N,safety_v3:RESOLVED
S0069,ARM3,anemia,N,safety_v3:RESOLVED
S0069,ARM3,decreased_platelet_count,N,safety_v3:RESOLVED
S0069,ARM3,thrombocytopenia,N,safety_v3:RESOLVED
S0069,ARM3,headache,N,safety_v3:RESOLVED
S0069,ARM3,dizziness,N,safety_v3:RESOLVED
S0069,ARM3,coughing,N,safety_v3:RESOLVED
S0069,ARM3,arthralgia,N,safety_v3:RESOLVED
S0075,ARM3,nausea,N,safety_v3:RESOLVED
S0075,ARM3,anemia,N,safety_v3:RESOLVED
S0075,ARM3,decreased_platelet_count,N,safety_v3:RESOLVED
S0075,ARM3,aspartate_aminotransferase_increased,N,safety_v3:RESOLVED
S0075,ARM3,hyperglycemia,N,safety_v3:RESOLVED
S0075,ARM3,hypomagnesemia,N,safety_v3:RESOLVED
S0075,ARM3,leukopenia,N,safety_v3:RESOLVED
S0075,ARM3,anorexia,N,safety_v3:RESOLVED
S0075,ARM3,other serious adverse events (not individually predicted),Y,residual to the any-serious prior (subgroup: trials with overlapping drug classes)
S0080,ARM3,nausea,N,safety_v3:RESOLVED
S0080,ARM3,decreased_platelet_count,N,safety_v3:RESOLVED
S0080,ARM3,vomiting,N,safety_v3:RESOLVED
S0080,ARM3,dyspnea,N,safety_v3:RESOLVED
S0080,ARM3,asthenia,N,safety_v3:RESOLVED
S0080,ARM3,abdominal_pain,N,safety_v3:RESOLVED
S0080,ARM3,coughing,N,safety_v3:RESOLVED
S0080,ARM3,acute_kidney_injury,Y,safety_v3:RESOLVED
S0080,ARM3,other serious adverse events (not individually predicted),Y,residual to the any-serious prior (subgroup: trials with overlapping drug classes)
S0087,ARM3,nausea,N,safety_v3:RESOLVED
S0087,ARM3,anemia,N,safety_v3:RESOLVED
S0087,ARM3,decreased_platelet_count,N,safety_v3:RESOLVED
S0087,ARM3,fever,N,safety_v3:RESOLVED
S0087,ARM3,vomiting,N,safety_v3:RESOLVED
S0087,ARM3,hematuria,N,safety_v3:RESOLVED
S0087,ARM3,thrombocytopenia,N,safety_v3:RESOLVED
S0087,ARM3,rash_erythematous_macules_or_papules,N,safety_v3:RESOLVED
S0087,ARM3,hypokalemia,N,safety_v3:RESOLVED
S0087,ARM3,hiccough,N,safety_v3:RESOLVED
S0087,ARM3,other serious adverse events (not individually predicted),Y,residual to the any-serious prior (subgroup: trials with overlapping drug classes)
S0096,ARM3,nausea,N,safety_v3:RESOLVED
S0096,ARM3,anemia,N,safety_v3:RESOLVED
S0096,ARM3,decreased_platelet_count,N,safety_v3:RESOLVED
S0096,ARM3,hypomagnesemia,N,safety_v3:RESOLVED
S0096,ARM3,hypothyroidism,N,safety_v3:RESOLVED
S0096,ARM3,thrombocytopenia,N,safety_v3:RESOLVED
S0096,ARM3,asthenia,N,safety_v3:RESOLVED
S0096,ARM3,abdominal_pain,N,safety_v3:RESOLVED
S0096,ARM3,hypokalemia,N,safety_v3:RESOLVED
S0105,ARM3,nausea,N,safety_v3:RESOLVED
S0105,ARM3,anemia,N,safety_v3:RESOLVED
S0105,ARM3,decreased_platelet_count,N,safety_v3:RESOLVED
S0105,ARM3,fever,N,safety_v3:RESOLVED
S0105,ARM3,neutrophil_count_decreased,N,safety_v3:RESOLVED
S0105,ARM3,abdominal_pain,N,safety_v3:RESOLVED
S0105,ARM3,coughing,N,safety_v3:RESOLVED
S0105,ARM3,arthralgia,N,safety_v3:RESOLVED
S0108,ARM3,anemia,N,safety_v3:RESOLVED
S0108,ARM3,constipation,N,safety_v3:RESOLVED
S0108,ARM3,fever,N,safety_v3:RESOLVED
S0108,ARM3,dizziness,N,safety_v3:RESOLVED
S0108,ARM3,asthenia,N,safety_v3:RESOLVED
S0109,ARM3,nausea,N,safety_v3:RESOLVED
S0109,ARM3,anemia,N,safety_v3:RESOLVED
S0109,ARM3,decreased_platelet_count,N,safety_v3:RESOLVED
S0109,ARM3,vomiting,N,safety_v3:RESOLVED
S0109,ARM3,aspartate_aminotransferase_increased,N,safety_v3:RESOLVED
S0109,ARM3,hypothyroidism,N,safety_v3:RESOLVED
S0109,ARM3,headache,N,safety_v3:RESOLVED
S0109,ARM3,coughing,N,safety_v3:RESOLVED
S0109,ARM3,leukopenia,N,safety_v3:RESOLVED
S0109,ARM3,pneumonia,Y,safety_v3:RESOLVED
S0112,ARM3,anemia,N,safety_v3:RESOLVED
S0112,ARM3,constipation,N,safety_v3:RESOLVED
S0112,ARM3,aspartate_aminotransferase_increased,N,safety_v3:RESOLVED
S0112,ARM3,hyperglycemia,N,safety_v3:RESOLVED
S0112,ARM3,headache,N,safety_v3:RESOLVED
S0119,ARM3,nausea,N,safety_v3:RESOLVED
S0119,ARM3,decreased_platelet_count,N,safety_v3:RESOLVED
S0119,ARM3,fever,N,safety_v3:RESOLVED
S0119,ARM3,hypomagnesemia,N,safety_v3:RESOLVED
S0119,ARM3,hypothyroidism,N,safety_v3:RESOLVED
S0119,ARM3,abdominal_pain,N,safety_v3:RESOLVED
S0119,ARM3,rash_erythematous_macules_or_papules,N,safety_v3:RESOLVED
S0119,ARM3,other serious adverse events (not individually predicted),Y,residual to the any-serious prior (subgroup: trials with overlapping drug classes)
S0121,ARM3,anemia,N,safety_v3:RESOLVED
S0121,ARM3,decreased_platelet_count,N,safety_v3:RESOLVED
S0121,ARM3,neutrophil_count_decreased,N,safety_v3:RESOLVED
S0121,ARM3,abdominal_pain,N,safety_v3:RESOLVED
S0121,ARM3,coughing,N,safety_v3:RESOLVED
S0121,ARM3,other serious adverse events (not individually predicted),Y,residual to the any-serious prior (subgroup: trials with overlapping drug classes)
S0128,ARM3,nausea,N,safety_v3:RESOLVED
S0128,ARM3,anemia,N,safety_v3:RESOLVED
S0128,ARM3,decreased_platelet_count,N,safety_v3:RESOLVED
S0128,ARM3,vomiting,N,safety_v3:RESOLVED
S0128,ARM3,dizziness,N,safety_v3:RESOLVED
S0128,ARM3,asthenia,N,safety_v3:RESOLVED
S0128,ARM3,rash_erythematous_macules_or_papules,N,safety_v3:RESOLVED
S0128,ARM3,coughing,N,safety_v3:RESOLVED
S0136,ARM3,anemia,N,safety_v3:RESOLVED
S0136,ARM3,hematuria,N,safety_v3:RESOLVED
S0136,ARM3,abdominal_pain,N,safety_v3:RESOLVED
S0139,ARM3,anemia,N,safety_v3:RESOLVED
S0139,ARM3,decreased_platelet_count,N,safety_v3:RESOLVED
S0139,ARM3,fever,N,safety_v3:RESOLVED
S0139,ARM3,vomiting,N,safety_v3:RESOLVED
S0139,ARM3,sleeplessness,N,safety_v3:RESOLVED
S0148,ARM3,nausea,N,safety_v3:RESOLVED
S0148,ARM3,anemia,N,safety_v3:RESOLVED
S0148,ARM3,constipation,N,safety_v3:RESOLVED
S0148,ARM3,decreased_platelet_count,N,safety_v3:RESOLVED
S0148,ARM3,fever,N,safety_v3:RESOLVED
S0148,ARM3,vomiting,N,safety_v3:RESOLVED
S0148,ARM3,neutrophil_count_decreased,N,safety_v3:RESOLVED
S0148,ARM3,hypomagnesemia,N,safety_v3:RESOLVED
S0148,ARM3,thrombocytopenia,N,safety_v3:RESOLVED
S0148,ARM3,headache,N,safety_v3:RESOLVED
S0148,ARM3,dizziness,N,safety_v3:RESOLVED
S0148,ARM3,coughing,N,safety_v3:RESOLVED
S0148,ARM3,hypokalemia,N,safety_v3:RESOLVED
S0148,ARM3,hiccough,N,safety_v3:RESOLVED
S0152,ARM3,nausea,N,safety_v3:RESOLVED
S0152,ARM3,anemia,N,safety_v3:RESOLVED
S0152,ARM3,decreased_platelet_count,N,safety_v3:RESOLVED
S0152,ARM3,vomiting,N,safety_v3:RESOLVED
S0152,ARM3,hyperglycemia,N,safety_v3:RESOLVED
S0152,ARM3,hypomagnesemia,N,safety_v3:RESOLVED
S0152,ARM3,hypertension_variable,N,safety_v3:RESOLVED
S0152,ARM3,abdominal_pain,N,safety_v3:RESOLVED
S0152,ARM3,rash_erythematous_macules_or_papules,N,safety_v3:RESOLVED
S0152,ARM3,coughing,N,safety_v3:RESOLVED
S0152,ARM3,peripheral_edema,N,safety_v3:RESOLVED
S0152,ARM3,anorexia,N,safety_v3:RESOLVED
S0152,ARM3,proteinuria,N,safety_v3:RESOLVED
S0157,ARM3,nausea,N,safety_v3:RESOLVED
S0157,ARM3,decreased_platelet_count,N,safety_v3:RESOLVED
S0157,ARM3,fever,N,safety_v3:RESOLVED
S0157,ARM3,vomiting,N,safety_v3:RESOLVED
S0157,ARM3,hyperglycemia,N,safety_v3:RESOLVED
S0157,ARM3,asthenia,N,safety_v3:RESOLVED
S0157,ARM3,abdominal_pain,N,safety_v3:RESOLVED
S0157,ARM3,rash_erythematous_macules_or_papules,N,safety_v3:RESOLVED
S0157,ARM3,anorexia,N,safety_v3:RESOLVED
S0157,ARM3,proteinuria,N,safety_v3:RESOLVED
S0163,ARM3,nausea,N,safety_v3:RESOLVED
S0163,ARM3,anemia,N,safety_v3:RESOLVED
S0163,ARM3,decreased_platelet_count,N,safety_v3:RESOLVED
S0163,ARM3,vomiting,N,safety_v3:RESOLVED
S0163,ARM3,hyponatremia,N,safety_v3:RESOLVED
S0163,ARM3,headache,N,safety_v3:RESOLVED
S0163,ARM3,dizziness,N,safety_v3:RESOLVED
S0163,ARM3,abdominal_pain,N,safety_v3:RESOLVED
S0163,ARM3,proteinuria,N,safety_v3:RESOLVED
S0163,ARM3,fever,Y,safety_v3:RESOLVED
S0163,ARM3,other serious adverse events (not individually predicted),Y,residual to the any-serious prior (subgroup: trials with overlapping drug classes)
S0168,ARM3,nausea,N,safety_v3:RESOLVED
S0168,ARM3,anemia,N,safety_v3:RESOLVED
S0168,ARM3,decrease_in_appetite,N,safety_v3:RESOLVED
S0168,ARM3,thrombocytopenia,N,safety_v3:RESOLVED
S0168,ARM3,dizziness,N,safety_v3:RESOLVED
S0171,ARM3,nausea,N,safety_v3:RESOLVED
S0171,ARM3,anemia,N,safety_v3:RESOLVED
S0171,ARM3,decreased_platelet_count,N,safety_v3:RESOLVED
S0171,ARM3,fever,N,safety_v3:RESOLVED
S0171,ARM3,vomiting,N,safety_v3:RESOLVED
S0171,ARM3,coughing,N,safety_v3:RESOLVED
S0171,ARM3,lipase_increased,N,safety_v3:RESOLVED
S0171,ARM3,other serious adverse events (not individually predicted),Y,residual to the any-serious prior (subgroup: trials with overlapping drug classes)
S0181,ARM3,nausea,N,safety_v3:RESOLVED
S0181,ARM3,constipation,N,safety_v3:RESOLVED
S0181,ARM3,decreased_platelet_count,N,safety_v3:RESOLVED
S0181,ARM3,vomiting,N,safety_v3:RESOLVED
S0181,ARM3,aspartate_aminotransferase_increased,N,safety_v3:RESOLVED
S0181,ARM3,back_pain,N,safety_v3:RESOLVED
S0181,ARM3,rash_erythematous_macules_or_papules,N,safety_v3:RESOLVED
S0181,ARM3,fever,Y,safety_v3:RESOLVED
S0182,ARM3,anemia,N,safety_v3:RESOLVED
S0182,ARM3,constipation,N,safety_v3:RESOLVED
S0182,ARM3,decreased_platelet_count,N,safety_v3:RESOLVED
S0182,ARM3,vomiting,N,safety_v3:RESOLVED
S0182,ARM3,sleeplessness,N,safety_v3:RESOLVED
S0182,ARM3,dizziness,N,safety_v3:RESOLVED
S0182,ARM3,asthenia,N,safety_v3:RESOLVED
S0182,ARM3,rash_erythematous_macules_or_papules,N,safety_v3:RESOLVED
S0194,ARM3,nausea,N,safety_v3:RESOLVED
S0194,ARM3,anemia,N,safety_v3:RESOLVED
S0194,ARM3,decreased_platelet_count,N,safety_v3:RESOLVED
S0194,ARM3,fever,N,safety_v3:RESOLVED
S0194,ARM3,dizziness,N,safety_v3:RESOLVED
S0194,ARM3,hypertension_variable,N,safety_v3:RESOLVED
S0194,ARM3,abdominal_pain,N,safety_v3:RESOLVED
S0194,ARM3,hypokalemia,N,safety_v3:RESOLVED
S0194,ARM3,hiccough,N,safety_v3:RESOLVED
S0194,ARM3,proteinuria,N,safety_v3:RESOLVED
S0194,ARM3,fever,Y,safety_v3:RESOLVED
S0195,ARM3,nausea,N,safety_v3:RESOLVED
S0195,ARM3,anemia,N,safety_v3:RESOLVED
S0195,ARM3,decreased_platelet_count,N,safety_v3:RESOLVED
S0195,ARM3,vomiting,N,safety_v3:RESOLVED
S0195,ARM3,neutrophil_count_decreased,N,safety_v3:RESOLVED
S0200,ARM3,nausea,N,safety_v3:RESOLVED
S0200,ARM3,constipation,N,safety_v3:RESOLVED
S0200,ARM3,decreased_platelet_count,N,safety_v3:RESOLVED
S0200,ARM3,hypomagnesemia,N,safety_v3:RESOLVED
S0200,ARM3,hypothyroidism,N,safety_v3:RESOLVED
S0200,ARM3,coughing,N,safety_v3:RESOLVED
S0200,ARM3,arthralgia,N,safety_v3:RESOLVED
S0202,ARM3,nausea,N,safety_v3:RESOLVED
S0202,ARM3,anemia,N,safety_v3:RESOLVED
S0202,ARM3,decreased_platelet_count,N,safety_v3:RESOLVED
S0202,ARM3,thrombocytopenia,N,safety_v3:RESOLVED
S0202,ARM3,headache,N,safety_v3:RESOLVED
S0211,ARM3,nausea,N,safety_v3:RESOLVED
S0211,ARM3,decreased_platelet_count,N,safety_v3:RESOLVED
S0211,ARM3,vomiting,N,safety_v3:RESOLVED
S0211,ARM3,aspartate_aminotransferase_increased,N,safety_v3:RESOLVED
S0211,ARM3,headache,N,safety_v3:RESOLVED
S0211,ARM3,abdominal_pain,N,safety_v3:RESOLVED
S0211,ARM3,peripheral_edema,N,safety_v3:RESOLVED
S0211,ARM3,hiccough,N,safety_v3:RESOLVED
S0214,ARM3,nausea,N,safety_v3:RESOLVED
S0214,ARM3,anemia,N,safety_v3:RESOLVED
S0214,ARM3,decreased_platelet_count,N,safety_v3:RESOLVED
S0214,ARM3,vomiting,N,safety_v3:RESOLVED
S0214,ARM3,abdominal_pain,N,safety_v3:RESOLVED
S0214,ARM3,hyperkalemia,N,safety_v3:RESOLVED
S0214,ARM3,pneumonitis,Y,safety_v3:RESOLVED
S0225,ARM3,anemia,N,safety_v3:RESOLVED
S0225,ARM3,decreased_platelet_count,N,safety_v3:RESOLVED
S0225,ARM3,hyperglycemia,N,safety_v3:RESOLVED
S0225,ARM3,hypoalbuminemia,N,safety_v3:RESOLVED
S0225,ARM3,thrombocytopenia,N,safety_v3:RESOLVED
S0233,ARM3,nausea,N,safety_v3:RESOLVED
S0233,ARM3,anemia,N,safety_v3:RESOLVED
S0233,ARM3,constipation,N,safety_v3:RESOLVED
S0233,ARM3,decreased_platelet_count,N,safety_v3:RESOLVED
S0233,ARM3,fever,N,safety_v3:RESOLVED
S0233,ARM3,vomiting,N,safety_v3:RESOLVED
S0233,ARM3,thrombocytopenia,N,safety_v3:RESOLVED
S0233,ARM3,sleeplessness,N,safety_v3:RESOLVED
S0233,ARM3,abdominal_pain,N,safety_v3:RESOLVED
S0233,ARM3,anorexia,N,safety_v3:RESOLVED
S0236,ARM3,nausea,N,safety_v3:RESOLVED
S0236,ARM3,decreased_platelet_count,N,safety_v3:RESOLVED
S0236,ARM3,vomiting,N,safety_v3:RESOLVED
S0236,ARM3,aspartate_aminotransferase_increased,N,safety_v3:RESOLVED
S0236,ARM3,hypothyroidism,N,safety_v3:RESOLVED
S0236,ARM3,headache,N,safety_v3:RESOLVED
S0236,ARM3,blood_creatinine_increased,N,safety_v3:RESOLVED
S0239,ARM3,anemia,N,safety_v3:RESOLVED
S0239,ARM3,decreased_platelet_count,N,safety_v3:RESOLVED
S0239,ARM3,vomiting,N,safety_v3:RESOLVED
S0239,ARM3,hypothyroidism,N,safety_v3:RESOLVED
S0239,ARM3,headache,N,safety_v3:RESOLVED
S0239,ARM3,asthenia,N,safety_v3:RESOLVED
S0239,ARM3,hiccough,N,safety_v3:RESOLVED
S0246,ARM3,nausea,N,safety_v3:RESOLVED
S0246,ARM3,decreased_platelet_count,N,safety_v3:RESOLVED
S0246,ARM3,neutrophil_count_decreased,N,safety_v3:RESOLVED
S0246,ARM3,hypomagnesemia,N,safety_v3:RESOLVED
S0246,ARM3,hypothyroidism,N,safety_v3:RESOLVED
S0246,ARM3,sleeplessness,N,safety_v3:RESOLVED
S0246,ARM3,coughing,N,safety_v3:RESOLVED
S0246,ARM3,hypokalemia,N,safety_v3:RESOLVED
S0249,ARM3,nausea,N,safety_v3:RESOLVED
S0249,ARM3,anemia,N,safety_v3:RESOLVED
S0249,ARM3,vomiting,N,safety_v3:RESOLVED
S0249,ARM3,decrease_in_appetite,N,safety_v3:RESOLVED
S0249,ARM3,hematuria,N,safety_v3:RESOLVED
S0249,ARM3,abdominal_pain,N,safety_v3:RESOLVED
S0249,ARM3,rash_erythematous_macules_or_papules,N,safety_v3:RESOLVED
S0249,ARM3,coughing,N,safety_v3:RESOLVED
S0249,ARM3,anorexia,N,safety_v3:RESOLVED
S0254,ARM3,nausea,N,safety_v3:RESOLVED
S0254,ARM3,anemia,N,safety_v3:RESOLVED
S0254,ARM3,decreased_platelet_count,N,safety_v3:RESOLVED
S0254,ARM3,vomiting,N,safety_v3:RESOLVED
S0254,ARM3,neutrophil_count_decreased,N,safety_v3:RESOLVED
S0254,ARM3,hyperglycemia,N,safety_v3:RESOLVED
S0254,ARM3,hematuria,N,safety_v3:RESOLVED
S0254,ARM3,hypothyroidism,N,safety_v3:RESOLVED
S0254,ARM3,dizziness,N,safety_v3:RESOLVED
S0254,ARM3,abdominal_pain,N,safety_v3:RESOLVED
S0254,ARM3,coughing,N,safety_v3:RESOLVED
S0254,ARM3,peripheral_edema,N,safety_v3:RESOLVED
S0257,ARM3,anemia,N,safety_v3:RESOLVED
S0257,ARM3,constipation,N,safety_v3:RESOLVED
S0257,ARM3,decreased_platelet_count,N,safety_v3:RESOLVED
S0257,ARM3,fever,N,safety_v3:RESOLVED
S0257,ARM3,anorexia,N,safety_v3:RESOLVED
S0257,ARM3,other serious adverse events (not individually predicted),Y,residual to the any-serious prior (subgroup: trials with overlapping drug classes)
S0258,ARM3,nausea,N,safety_v3:RESOLVED
S0258,ARM3,anemia,N,safety_v3:RESOLVED
S0258,ARM3,vomiting,N,safety_v3:RESOLVED
S0258,ARM3,anorexia,N,safety_v3:RESOLVED
S0260,ARM3,nausea,N,safety_v3:RESOLVED
S0260,ARM3,anemia,N,safety_v3:RESOLVED
S0260,ARM3,decreased_platelet_count,N,safety_v3:RESOLVED
S0260,ARM3,vomiting,N,safety_v3:RESOLVED
S0260,ARM3,neutrophil_count_decreased,N,safety_v3:RESOLVED
S0260,ARM3,thrombocytopenia,N,safety_v3:RESOLVED
S0260,ARM3,coughing,N,safety_v3:RESOLVED
S0260,ARM3,anorexia,N,safety_v3:RESOLVED
S0260,ARM3,lipase_increased,N,safety_v3:RESOLVED
S0260,ARM3,alanine_aminotransferase_increased,Y,safety_v3:RESOLVED
S0262,ARM3,nausea,N,safety_v3:RESOLVED
S0262,ARM3,anemia,N,safety_v3:RESOLVED
S0262,ARM3,decreased_platelet_count,N,safety_v3:RESOLVED
S0262,ARM3,vomiting,N,safety_v3:RESOLVED
S0262,ARM3,hypothyroidism,N,safety_v3:RESOLVED
S0262,ARM3,rash_erythematous_macules_or_papules,N,safety_v3:RESOLVED
S0262,ARM3,anorexia,N,safety_v3:RESOLVED
S0262,ARM3,other serious adverse events (not individually predicted),Y,residual to the any-serious prior (subgroup: trials with overlapping drug classes)
S0268,ARM3,nausea,N,safety_v3:RESOLVED
S0268,ARM3,vomiting,N,safety_v3:RESOLVED
S0268,ARM3,hypomagnesemia,N,safety_v3:RESOLVED
S0268,ARM3,hypothyroidism,N,safety_v3:RESOLVED
S0268,ARM3,abdominal_pain,N,safety_v3:RESOLVED
S0268,ARM3,coughing,N,safety_v3:RESOLVED
S0268,ARM3,hiccough,N,safety_v3:RESOLVED
S0269,ARM3,anemia,N,safety_v3:RESOLVED
S0269,ARM3,decreased_platelet_count,N,safety_v3:RESOLVED
S0269,ARM3,asthenia,N,safety_v3:RESOLVED
S0269,ARM3,rash_erythematous_macules_or_papules,N,safety_v3:RESOLVED
S0269,ARM3,arthralgia,N,safety_v3:RESOLVED
S0269,ARM3,hiccough,N,safety_v3:RESOLVED
S0269,ARM3,other serious adverse events (not individually predicted),Y,residual to the any-serious prior (subgroup: trials with overlapping drug classes)
S0270,ARM3,nausea,N,safety_v3:RESOLVED
S0270,ARM3,anemia,N,safety_v3:RESOLVED
S0270,ARM3,decreased_platelet_count,N,safety_v3:RESOLVED
S0270,ARM3,vomiting,N,safety_v3:RESOLVED
S0270,ARM3,decrease_in_appetite,N,safety_v3:RESOLVED
S0270,ARM3,rash_erythematous_macules_or_papules,N,safety_v3:RESOLVED
S0270,ARM3,decreased_platelet_count,Y,safety_v3:RESOLVED
S0272,ARM3,nausea,N,safety_v3:RESOLVED
S0272,ARM3,anemia,N,safety_v3:RESOLVED
S0272,ARM3,decreased_platelet_count,N,safety_v3:RESOLVED
S0272,ARM3,vomiting,N,safety_v3:RESOLVED
S0272,ARM3,abdominal_pain,N,safety_v3:RESOLVED
S0272,ARM3,rash_erythematous_macules_or_papules,N,safety_v3:RESOLVED
S0272,ARM3,hiccough,N,safety_v3:RESOLVED
S0276,ARM3,nausea,N,safety_v3:RESOLVED
S0276,ARM3,anemia,N,safety_v3:RESOLVED
S0276,ARM3,vomiting,N,safety_v3:RESOLVED
S0276,ARM3,hypomagnesemia,N,safety_v3:RESOLVED
S0276,ARM3,hypothyroidism,N,safety_v3:RESOLVED
S0276,ARM3,asthenia,N,safety_v3:RESOLVED
S0276,ARM3,rash_erythematous_macules_or_papules,N,safety_v3:RESOLVED
S0276,ARM3,coughing,N,safety_v3:RESOLVED
S0276,ARM3,lipase_increased,N,safety_v3:RESOLVED
S0276,ARM3,proteinuria,N,safety_v3:RESOLVED
S0276,ARM3,other serious adverse events (not individually predicted),Y,residual to the any-serious prior (subgroup: trials with overlapping drug classes)
S0281,ARM3,anemia,N,safety_v3:RESOLVED
S0281,ARM3,decreased_platelet_count,N,safety_v3:RESOLVED
S0281,ARM3,vomiting,N,safety_v3:RESOLVED
S0281,ARM3,headache,N,safety_v3:RESOLVED
S0281,ARM3,asthenia,N,safety_v3:RESOLVED
S0281,ARM3,coughing,N,safety_v3:RESOLVED
S0281,ARM3,anorexia,N,safety_v3:RESOLVED
S0281,ARM3,hiccough,N,safety_v3:RESOLVED
S0281,ARM3,other serious adverse events (not individually predicted),Y,residual to the any-serious prior (subgroup: trials with overlapping drug classes)
S0283,ARM3,anemia,N,safety_v3:RESOLVED
S0283,ARM3,constipation,N,safety_v3:RESOLVED
S0283,ARM3,decreased_platelet_count,N,safety_v3:RESOLVED
S0283,ARM3,vomiting,N,safety_v3:RESOLVED
S0283,ARM3,hyperglycemia,N,safety_v3:RESOLVED
S0283,ARM3,dyspnea,N,safety_v3:RESOLVED
S0283,ARM3,abdominal_pain,N,safety_v3:RESOLVED
S0283,ARM3,coughing,N,safety_v3:RESOLVED
S0286,ARM3,nausea,N,safety_v3:RESOLVED
S0286,ARM3,anemia,N,safety_v3:RESOLVED
S0286,ARM3,decreased_platelet_count,N,safety_v3:RESOLVED
S0286,ARM3,vomiting,N,safety_v3:RESOLVED
S0286,ARM3,neutrophil_count_decreased,N,safety_v3:RESOLVED
S0286,ARM3,hypothyroidism,N,safety_v3:RESOLVED
S0286,ARM3,headache,N,safety_v3:RESOLVED
S0286,ARM3,asthenia,N,safety_v3:RESOLVED
S0286,ARM3,abdominal_pain,N,safety_v3:RESOLVED
S0286,ARM3,rash_erythematous_macules_or_papules,N,safety_v3:RESOLVED
S0286,ARM3,arthralgia,N,safety_v3:RESOLVED
S0286,ARM3,hiccough,N,safety_v3:RESOLVED
S0293,ARM3,anemia,N,safety_v3:RESOLVED
S0293,ARM3,decreased_platelet_count,N,safety_v3:RESOLVED
S0293,ARM3,abdominal_pain,N,safety_v3:RESOLVED
S0293,ARM3,other serious adverse events (not individually predicted),Y,residual to the any-serious prior (subgroup: trials with overlapping drug classes)
S0296,ARM3,nausea,N,safety_v3:RESOLVED
S0296,ARM3,decreased_platelet_count,N,safety_v3:RESOLVED
S0296,ARM3,aspartate_aminotransferase_increased,N,safety_v3:RESOLVED
S0296,ARM3,hematuria,N,safety_v3:RESOLVED
S0296,ARM3,thrombocytopenia,N,safety_v3:RESOLVED
S0296,ARM3,headache,N,safety_v3:RESOLVED
S0296,ARM3,sleeplessness,N,safety_v3:RESOLVED
S0296,ARM3,dizziness,N,safety_v3:RESOLVED
S0296,ARM3,back_pain,N,safety_v3:RESOLVED
S0296,ARM3,coughing,N,safety_v3:RESOLVED
S0296,ARM3,dysgeusia,N,safety_v3:RESOLVED
S0297,ARM3,nausea,N,safety_v3:RESOLVED
S0297,ARM3,anemia,N,safety_v3:RESOLVED
S0297,ARM3,decreased_platelet_count,N,safety_v3:RESOLVED
S0297,ARM3,vomiting,N,safety_v3:RESOLVED
S0297,ARM3,neutrophil_count_decreased,N,safety_v3:RESOLVED
S0297,ARM3,hyperglycemia,N,safety_v3:RESOLVED
S0297,ARM3,hematuria,N,safety_v3:RESOLVED
S0297,ARM3,anorexia,N,safety_v3:RESOLVED
S0297,ARM3,other serious adverse events (not individually predicted),Y,residual to the any-serious prior (subgroup: trials with overlapping drug classes)
S0298,ARM3,nausea,N,safety_v3:RESOLVED
S0298,ARM3,decreased_platelet_count,N,safety_v3:RESOLVED
S0298,ARM3,urinary_tract_infection,N,safety_v3:RESOLVED
S0298,ARM3,hyperglycemia,N,safety_v3:RESOLVED
S0298,ARM3,weight_loss,N,safety_v3:RESOLVED
S0298,ARM3,coughing,N,safety_v3:RESOLVED
S0300,ARM3,nausea,N,safety_v3:RESOLVED
S0300,ARM3,fever,N,safety_v3:RESOLVED
S0300,ARM3,neutrophil_count_decreased,N,safety_v3:RESOLVED
S0300,ARM3,aspartate_aminotransferase_increased,N,safety_v3:RESOLVED
S0300,ARM3,hyperglycemia,N,safety_v3:RESOLVED
S0300,ARM3,hypomagnesemia,N,safety_v3:RESOLVED
S0300,ARM3,headache,N,safety_v3:RESOLVED
S0300,ARM3,dysgeusia,N,safety_v3:RESOLVED
S0302,ARM3,nausea,N,safety_v3:RESOLVED
S0302,ARM3,decreased_platelet_count,N,safety_v3:RESOLVED
S0302,ARM3,vomiting,N,safety_v3:RESOLVED
S0302,ARM3,abdominal_pain,N,safety_v3:RESOLVED
S0302,ARM3,coughing,N,safety_v3:RESOLVED
S0303,ARM3,nausea,N,safety_v3:RESOLVED
S0303,ARM3,anemia,N,safety_v3:RESOLVED
S0303,ARM3,fever,N,safety_v3:RESOLVED
S0303,ARM3,hematuria,N,safety_v3:RESOLVED
S0303,ARM3,thrombocytopenia,N,safety_v3:RESOLVED
S0303,ARM3,dizziness,N,safety_v3:RESOLVED
S0303,ARM3,coughing,N,safety_v3:RESOLVED
S0303,ARM3,hypocalcemia,N,safety_v3:RESOLVED
S0303,ARM3,paresthesia,N,safety_v3:RESOLVED
S0303,ARM3,other serious adverse events (not individually predicted),Y,residual to the any-serious prior (subgroup: trials with overlapping drug classes)
S0306,ARM3,nausea,N,safety_v3:RESOLVED
S0306,ARM3,anemia,N,safety_v3:RESOLVED
S0306,ARM3,decreased_platelet_count,N,safety_v3:RESOLVED
S0306,ARM3,hyperglycemia,N,safety_v3:RESOLVED
S0306,ARM3,hypomagnesemia,N,safety_v3:RESOLVED
S0306,ARM3,thrombocytopenia,N,safety_v3:RESOLVED
S0306,ARM3,coughing,N,safety_v3:RESOLVED
S0306,ARM3,proteinuria,N,safety_v3:RESOLVED
S0307,ARM3,nausea,N,safety_v3:RESOLVED
S0307,ARM3,anemia,N,safety_v3:RESOLVED
S0307,ARM3,decreased_platelet_count,N,safety_v3:RESOLVED
S0307,ARM3,asthenia,N,safety_v3:RESOLVED
S0307,ARM3,other serious adverse events (not individually predicted),Y,residual to the any-serious prior (subgroup: trials with overlapping drug classes)
S0308,ARM3,nausea,N,safety_v3:RESOLVED
S0308,ARM3,anemia,N,safety_v3:RESOLVED
S0308,ARM3,decreased_platelet_count,N,safety_v3:RESOLVED
S0308,ARM3,fever,N,safety_v3:RESOLVED
S0308,ARM3,vomiting,N,safety_v3:RESOLVED
S0308,ARM3,asthenia,N,safety_v3:RESOLVED
S0308,ARM3,coughing,N,safety_v3:RESOLVED
S0309,ARM3,nausea,N,safety_v3:RESOLVED
S0309,ARM3,headache,N,safety_v3:RESOLVED
S0309,ARM3,dizziness,N,safety_v3:RESOLVED
S0309,ARM3,asthenia,N,safety_v3:RESOLVED
S0309,ARM3,abdominal_pain,N,safety_v3:RESOLVED
S0309,ARM3,coughing,N,safety_v3:RESOLVED
S0309,ARM3,anorexia,N,safety_v3:RESOLVED
S0309,ARM3,other serious adverse events (not individually predicted),Y,residual to the any-serious prior (subgroup: trials with overlapping drug classes)
S0310,ARM3,nausea,N,safety_v3:RESOLVED
S0310,ARM3,anemia,N,safety_v3:RESOLVED
S0310,ARM3,decreased_platelet_count,N,safety_v3:RESOLVED
S0310,ARM3,vomiting,N,safety_v3:RESOLVED
S0310,ARM3,aspartate_aminotransferase_increased,N,safety_v3:RESOLVED
S0310,ARM3,hypomagnesemia,N,safety_v3:RESOLVED
S0310,ARM3,headache,N,safety_v3:RESOLVED
S0310,ARM3,abdominal_pain,N,safety_v3:RESOLVED
S0310,ARM3,rash_erythematous_macules_or_papules,N,safety_v3:RESOLVED
S0310,ARM3,coughing,N,safety_v3:RESOLVED
S0314,ARM3,nausea,N,safety_v3:RESOLVED
S0314,ARM3,anemia,N,safety_v3:RESOLVED
S0314,ARM3,vomiting,N,safety_v3:RESOLVED
S0314,ARM3,coughing,N,safety_v3:RESOLVED
S0315,ARM3,anemia,N,safety_v3:RESOLVED
S0315,ARM3,decreased_platelet_count,N,safety_v3:RESOLVED
S0315,ARM3,vomiting,N,safety_v3:RESOLVED
S0315,ARM3,hypomagnesemia,N,safety_v3:RESOLVED
S0315,ARM3,coughing,N,safety_v3:RESOLVED
S0315,ARM3,hypokalemia,N,safety_v3:RESOLVED
S0315,ARM3,other serious adverse events (not individually predicted),Y,residual to the any-serious prior (subgroup: trials with overlapping drug classes)
S0318,ARM3,nausea,N,safety_v3:RESOLVED
S0318,ARM3,anemia,N,safety_v3:RESOLVED
S0318,ARM3,decreased_platelet_count,N,safety_v3:RESOLVED
S0318,ARM3,rash_erythematous_macules_or_papules,N,safety_v3:RESOLVED
S0318,ARM3,coughing,N,safety_v3:RESOLVED
S0318,ARM3,anorexia,N,safety_v3:RESOLVED
S0319,ARM3,nausea,N,safety_v3:RESOLVED
S0319,ARM3,anemia,N,safety_v3:RESOLVED
S0319,ARM3,decreased_platelet_count,N,safety_v3:RESOLVED
S0319,ARM3,fever,N,safety_v3:RESOLVED
S0319,ARM3,vomiting,N,safety_v3:RESOLVED
S0319,ARM3,hypothyroidism,N,safety_v3:RESOLVED
S0319,ARM3,headache,N,safety_v3:RESOLVED
S0319,ARM3,asthenia,N,safety_v3:RESOLVED
S0319,ARM3,anorexia,N,safety_v3:RESOLVED
S0319,ARM3,hiccough,N,safety_v3:RESOLVED
S0319,ARM3,proteinuria,N,safety_v3:RESOLVED
S0323,ARM3,nausea,N,safety_v3:RESOLVED
S0323,ARM3,anemia,N,safety_v3:RESOLVED
S0323,ARM3,decreased_platelet_count,N,safety_v3:RESOLVED
S0323,ARM3,vomiting,N,safety_v3:RESOLVED
S0323,ARM3,hypothyroidism,N,safety_v3:RESOLVED
S0323,ARM3,headache,N,safety_v3:RESOLVED
S0323,ARM3,dizziness,N,safety_v3:RESOLVED
S0323,ARM3,hypertension_variable,N,safety_v3:RESOLVED
S0323,ARM3,asthenia,N,safety_v3:RESOLVED
S0323,ARM3,coughing,N,safety_v3:RESOLVED
S0323,ARM3,lipase_increased,N,safety_v3:RESOLVED
S0323,ARM3,other serious adverse events (not individually predicted),Y,residual to the any-serious prior (subgroup: trials with overlapping drug classes)
S0331,ARM3,nausea,N,safety_v3:RESOLVED
S0331,ARM3,anemia,N,safety_v3:RESOLVED
S0331,ARM3,decreased_platelet_count,N,safety_v3:RESOLVED
S0331,ARM3,vomiting,N,safety_v3:RESOLVED
S0331,ARM3,aspartate_aminotransferase_increased,N,safety_v3:RESOLVED
S0331,ARM3,hypothyroidism,N,safety_v3:RESOLVED
S0331,ARM3,sleeplessness,N,safety_v3:RESOLVED
S0331,ARM3,coughing,N,safety_v3:RESOLVED
S0331,ARM3,lipase_increased,N,safety_v3:RESOLVED
S0331,ARM3,hiccough,N,safety_v3:RESOLVED
S0331,ARM3,other serious adverse events (not individually predicted),Y,residual to the any-serious prior (subgroup: trials with overlapping drug classes)
S0335,ARM3,anemia,N,safety_v3:RESOLVED
S0335,ARM3,decreased_platelet_count,N,safety_v3:RESOLVED
S0335,ARM3,fever,N,safety_v3:RESOLVED
S0335,ARM3,hyperglycemia,N,safety_v3:RESOLVED
S0335,ARM3,hypertension_variable,N,safety_v3:RESOLVED
S0335,ARM3,rash_erythematous_macules_or_papules,N,safety_v3:RESOLVED
S0341,ARM3,nausea,N,safety_v3:RESOLVED
S0341,ARM3,anemia,N,safety_v3:RESOLVED
S0341,ARM3,decreased_platelet_count,N,safety_v3:RESOLVED
S0341,ARM3,vomiting,N,safety_v3:RESOLVED
S0341,ARM3,hematuria,N,safety_v3:RESOLVED
S0341,ARM3,hypertension_variable,N,safety_v3:RESOLVED
S0341,ARM3,asthenia,N,safety_v3:RESOLVED
S0341,ARM3,abdominal_pain,N,safety_v3:RESOLVED
S0341,ARM3,coughing,N,safety_v3:RESOLVED
S0341,ARM3,arthralgia,N,safety_v3:RESOLVED
S0341,ARM3,hiccough,N,safety_v3:RESOLVED
S0343,ARM3,vomiting,N,safety_v3:RESOLVED
S0343,ARM3,hematuria,N,safety_v3:RESOLVED
S0343,ARM3,hypothyroidism,N,safety_v3:RESOLVED
S0343,ARM3,dizziness,N,safety_v3:RESOLVED
S0343,ARM3,hypertension_variable,N,safety_v3:RESOLVED
S0343,ARM3,asthenia,N,safety_v3:RESOLVED
S0343,ARM3,weight_loss,N,safety_v3:RESOLVED
S0343,ARM3,rash_erythematous_macules_or_papules,N,safety_v3:RESOLVED
S0344,ARM3,anemia,N,safety_v3:RESOLVED
S0344,ARM3,vomiting,N,safety_v3:RESOLVED
S0344,ARM3,aspartate_aminotransferase_increased,N,safety_v3:RESOLVED
S0344,ARM3,hyperglycemia,N,safety_v3:RESOLVED
S0344,ARM3,hematuria,N,safety_v3:RESOLVED
S0344,ARM3,hypertension_variable,N,safety_v3:RESOLVED
S0344,ARM3,other serious adverse events (not individually predicted),Y,residual to the any-serious prior (subgroup: trials with overlapping drug classes)
S0345,ARM3,nausea,N,safety_v3:RESOLVED
S0345,ARM3,decreased_platelet_count,N,safety_v3:RESOLVED
S0345,ARM3,headache,N,safety_v3:RESOLVED
S0345,ARM3,back_pain,N,safety_v3:RESOLVED
S0345,ARM3,coughing,N,safety_v3:RESOLVED
S0345,ARM3,arthralgia,N,safety_v3:RESOLVED
S0345,ARM3,anorexia,N,safety_v3:RESOLVED
S0345,ARM3,hiccough,N,safety_v3:RESOLVED
S0345,ARM3,urinary_tract_infection,Y,safety_v3:RESOLVED
S0345,ARM3,other serious adverse events (not individually predicted),Y,residual to the any-serious prior (subgroup: trials with overlapping drug classes)
S0360,ARM3,decreased_platelet_count,N,safety_v3:RESOLVED
S0360,ARM3,vomiting,N,safety_v3:RESOLVED
S0360,ARM3,abdominal_pain,N,safety_v3:RESOLVED
S0360,ARM3,rash_erythematous_macules_or_papules,N,safety_v3:RESOLVED
S0360,ARM3,arthralgia,N,safety_v3:RESOLVED
S0360,ARM3,fever,Y,safety_v3:RESOLVED
S0360,ARM3,other serious adverse events (not individually predicted),Y,residual to the any-serious prior (subgroup: trials with overlapping drug classes)
S0368,ARM3,fatigue,N,safety_v3:RESOLVED
S0368,ARM3,anemia,N,safety_v3:RESOLVED
S0368,ARM3,decreased_platelet_count,N,safety_v3:RESOLVED
S0368,ARM3,fever,N,safety_v3:RESOLVED
S0368,ARM3,vomiting,N,safety_v3:RESOLVED
S0368,ARM3,hyperglycemia,N,safety_v3:RESOLVED
S0368,ARM3,hypothyroidism,N,safety_v3:RESOLVED
S0368,ARM3,headache,N,safety_v3:RESOLVED
S0368,ARM3,dizziness,N,safety_v3:RESOLVED
S0368,ARM3,coughing,N,safety_v3:RESOLVED
S0371,ARM3,anemia,N,safety_v3:RESOLVED
S0371,ARM3,vomiting,N,safety_v3:RESOLVED
S0371,ARM3,aspartate_aminotransferase_increased,N,safety_v3:RESOLVED
S0371,ARM3,hyperglycemia,N,safety_v3:RESOLVED
S0371,ARM3,abdominal_pain,N,safety_v3:RESOLVED
S0371,ARM3,rash_erythematous_macules_or_papules,N,safety_v3:RESOLVED
S0371,ARM3,coughing,N,safety_v3:RESOLVED
S0005,ARM4,nausea,N,safety_v3:RESOLVED
S0005,ARM4,hematuria,N,safety_v3:RESOLVED
S0009,ARM4,anemia,N,safety_v3:RESOLVED
S0011,ARM4,nausea,N,safety_v3:RESOLVED
S0011,ARM4,anorexia,N,safety_v3:RESOLVED
S0012,ARM4,fatigue,N,safety_v3:RESOLVED
S0012,ARM4,anemia,N,safety_v3:RESOLVED
S0012,ARM4,decrease_in_appetite,N,safety_v3:RESOLVED
S0012,ARM4,hematuria,N,safety_v3:RESOLVED
S0012,ARM4,coughing,N,safety_v3:RESOLVED
S0012,ARM4,decreased_platelet_count,Y,safety_v3:RESOLVED
S0013,ARM4,nausea,N,safety_v3:RESOLVED
S0013,ARM4,anemia,N,safety_v3:RESOLVED
S0013,ARM4,fever,N,safety_v3:RESOLVED
S0013,ARM4,urinary_tract_infection,N,safety_v3:RESOLVED
S0013,ARM4,hypomagnesemia,N,safety_v3:RESOLVED
S0013,ARM4,hematuria,N,safety_v3:RESOLVED
S0013,ARM4,dizziness,N,safety_v3:RESOLVED
S0013,ARM4,hyperkalemia,N,safety_v3:RESOLVED
S0013,ARM4,anorexia,N,safety_v3:RESOLVED
S0013,ARM4,increased_frequency_of_micturition,N,safety_v3:RESOLVED
S0014,ARM4,nausea,N,safety_v3:RESOLVED
S0014,ARM4,anemia,N,safety_v3:RESOLVED
S0014,ARM4,fever,N,safety_v3:RESOLVED
S0014,ARM4,hyperkalemia,N,safety_v3:RESOLVED
S0014,ARM4,hiccough,N,safety_v3:RESOLVED
S0028,ARM4,anemia,N,safety_v3:RESOLVED
S0031,ARM4,nausea,N,safety_v3:RESOLVED
S0032,ARM4,nausea,N,safety_v3:RESOLVED
S0032,ARM4,anemia,N,safety_v3:RESOLVED
S0032,ARM4,alanine_aminotransferase_increased,N,safety_v3:RESOLVED
S0032,ARM4,urinary_tract_infection,N,safety_v3:RESOLVED
S0032,ARM4,hematuria,N,safety_v3:RESOLVED
S0032,ARM4,hypertension_variable,N,safety_v3:RESOLVED
S0033,ARM4,hematuria,N,safety_v3:RESOLVED
S0037,ARM4,anemia,N,safety_v3:RESOLVED
S0037,ARM4,alanine_aminotransferase_increased,N,safety_v3:RESOLVED
S0037,ARM4,hematuria,N,safety_v3:RESOLVED
S0037,ARM4,anorexia,N,safety_v3:RESOLVED
S0037,ARM4,dysgeusia,N,safety_v3:RESOLVED
S0037,ARM4,increased_frequency_of_micturition,N,safety_v3:RESOLVED
S0041,ARM4,nausea,N,safety_v3:RESOLVED
S0041,ARM4,fatigue,N,safety_v3:RESOLVED
S0041,ARM4,anemia,N,safety_v3:RESOLVED
S0041,ARM4,constipation,N,safety_v3:RESOLVED
S0041,ARM4,diarrhea,N,safety_v3:RESOLVED
S0041,ARM4,alanine_aminotransferase_increased,N,safety_v3:RESOLVED
S0041,ARM4,decreased_platelet_count,N,safety_v3:RESOLVED
S0041,ARM4,fever,N,safety_v3:RESOLVED
S0041,ARM4,vomiting,N,safety_v3:RESOLVED
S0041,ARM4,decrease_in_appetite,N,safety_v3:RESOLVED
S0041,ARM4,neutrophil_count_decreased,N,safety_v3:RESOLVED
S0041,ARM4,aspartate_aminotransferase_increased,N,safety_v3:RESOLVED
S0041,ARM4,urinary_tract_infection,N,safety_v3:RESOLVED
S0041,ARM4,hyponatremia,N,safety_v3:RESOLVED
S0041,ARM4,hypomagnesemia,N,safety_v3:RESOLVED
S0041,ARM4,hypoalbuminemia,N,safety_v3:RESOLVED
S0041,ARM4,hematuria,N,safety_v3:RESOLVED
S0041,ARM4,hypothyroidism,N,safety_v3:RESOLVED
S0041,ARM4,thrombocytopenia,N,safety_v3:RESOLVED
S0041,ARM4,headache,N,safety_v3:RESOLVED
S0041,ARM4,dyspnea,N,safety_v3:RESOLVED
S0041,ARM4,pruritus,N,safety_v3:RESOLVED
S0041,ARM4,sleeplessness,N,safety_v3:RESOLVED
S0041,ARM4,dizziness,N,safety_v3:RESOLVED
S0041,ARM4,hypertension_variable,N,safety_v3:RESOLVED
S0041,ARM4,asthenia,N,safety_v3:RESOLVED
S0041,ARM4,abdominal_pain,N,safety_v3:RESOLVED
S0041,ARM4,back_pain,N,safety_v3:RESOLVED
S0041,ARM4,weight_loss,N,safety_v3:RESOLVED
S0041,ARM4,rash_erythematous_macules_or_papules,N,safety_v3:RESOLVED
S0041,ARM4,hyperkalemia,N,safety_v3:RESOLVED
S0041,ARM4,coughing,N,safety_v3:RESOLVED
S0041,ARM4,blood_creatinine_increased,N,safety_v3:RESOLVED
S0041,ARM4,hypokalemia,N,safety_v3:RESOLVED
S0041,ARM4,peripheral_edema,N,safety_v3:RESOLVED
S0041,ARM4,anorexia,N,safety_v3:RESOLVED
S0041,ARM4,lipase_increased,N,safety_v3:RESOLVED
S0041,ARM4,hiccough,N,safety_v3:RESOLVED
S0041,ARM4,dysgeusia,N,safety_v3:RESOLVED
S0041,ARM4,paresthesia,N,safety_v3:RESOLVED
S0041,ARM4,proteinuria,N,safety_v3:RESOLVED
S0041,ARM4,increased_frequency_of_micturition,N,safety_v3:RESOLVED
S0041,ARM4,acute_kidney_injury,Y,safety_v3:RESOLVED
S0041,ARM4,urinary_tract_infection,Y,safety_v3:RESOLVED
S0041,ARM4,fever,Y,safety_v3:RESOLVED
S0041,ARM4,pneumonia,Y,safety_v3:RESOLVED
S0041,ARM4,sepsis,Y,safety_v3:RESOLVED
S0041,ARM4,pneumonitis,Y,safety_v3:RESOLVED
S0041,ARM4,hematuria,Y,safety_v3:RESOLVED
S0041,ARM4,alanine_aminotransferase_increased,Y,safety_v3:RESOLVED
S0041,ARM4,decreased_platelet_count,Y,safety_v3:RESOLVED
S0042,ARM4,nausea,N,safety_v3:RESOLVED
S0042,ARM4,anemia,N,safety_v3:RESOLVED
S0042,ARM4,fever,N,safety_v3:RESOLVED
S0042,ARM4,hypoalbuminemia,N,safety_v3:RESOLVED
S0042,ARM4,sleeplessness,N,safety_v3:RESOLVED
S0042,ARM4,coughing,N,safety_v3:RESOLVED
S0042,ARM4,hiccough,N,safety_v3:RESOLVED
S0043,ARM4,fever,N,safety_v3:RESOLVED
S0044,ARM4,nausea,N,safety_v3:RESOLVED
S0044,ARM4,fatigue,N,safety_v3:RESOLVED
S0044,ARM4,anemia,N,safety_v3:RESOLVED
S0044,ARM4,alanine_aminotransferase_increased,N,safety_v3:RESOLVED
S0044,ARM4,fever,N,safety_v3:RESOLVED
S0044,ARM4,urinary_tract_infection,N,safety_v3:RESOLVED
S0044,ARM4,hypoalbuminemia,N,safety_v3:RESOLVED
S0044,ARM4,hematuria,N,safety_v3:RESOLVED
S0044,ARM4,headache,N,safety_v3:RESOLVED
S0044,ARM4,pruritus,N,safety_v3:RESOLVED
S0044,ARM4,dizziness,N,safety_v3:RESOLVED
S0044,ARM4,hypertension_variable,N,safety_v3:RESOLVED
S0044,ARM4,hyperkalemia,N,safety_v3:RESOLVED
S0044,ARM4,anorexia,N,safety_v3:RESOLVED
S0044,ARM4,lipase_increased,N,safety_v3:RESOLVED
S0044,ARM4,hiccough,N,safety_v3:RESOLVED
S0044,ARM4,dysgeusia,N,safety_v3:RESOLVED
S0044,ARM4,increased_frequency_of_micturition,N,safety_v3:RESOLVED
S0044,ARM4,hematuria,Y,safety_v3:RESOLVED
S0044,ARM4,decreased_platelet_count,Y,safety_v3:RESOLVED
S0049,ARM4,nausea,N,safety_v3:RESOLVED
S0049,ARM4,fatigue,N,safety_v3:RESOLVED
S0049,ARM4,anemia,N,safety_v3:RESOLVED
S0049,ARM4,fever,N,safety_v3:RESOLVED
S0051,ARM4,anemia,N,safety_v3:RESOLVED
S0054,ARM4,nausea,N,safety_v3:RESOLVED
S0054,ARM4,anemia,N,safety_v3:RESOLVED
S0054,ARM4,alanine_aminotransferase_increased,N,safety_v3:RESOLVED
S0054,ARM4,fever,N,safety_v3:RESOLVED
S0054,ARM4,decrease_in_appetite,N,safety_v3:RESOLVED
S0054,ARM4,urinary_tract_infection,N,safety_v3:RESOLVED
S0054,ARM4,hypoalbuminemia,N,safety_v3:RESOLVED
S0054,ARM4,hematuria,N,safety_v3:RESOLVED
S0054,ARM4,dyspnea,N,safety_v3:RESOLVED
S0054,ARM4,dizziness,N,safety_v3:RESOLVED
S0054,ARM4,abdominal_pain,N,safety_v3:RESOLVED
S0054,ARM4,coughing,N,safety_v3:RESOLVED
S0054,ARM4,blood_creatinine_increased,N,safety_v3:RESOLVED
S0054,ARM4,anorexia,N,safety_v3:RESOLVED
S0054,ARM4,hiccough,N,safety_v3:RESOLVED
S0054,ARM4,dysgeusia,N,safety_v3:RESOLVED
S0054,ARM4,increased_frequency_of_micturition,N,safety_v3:RESOLVED
S0054,ARM4,fever,Y,safety_v3:RESOLVED
S0057,ARM4,anemia,N,safety_v3:RESOLVED
S0063,ARM4,nausea,N,safety_v3:RESOLVED
S0063,ARM4,anemia,N,safety_v3:RESOLVED
S0063,ARM4,constipation,N,safety_v3:RESOLVED
S0063,ARM4,diarrhea,N,safety_v3:RESOLVED
S0063,ARM4,alanine_aminotransferase_increased,N,safety_v3:RESOLVED
S0063,ARM4,decreased_platelet_count,N,safety_v3:RESOLVED
S0063,ARM4,fever,N,safety_v3:RESOLVED
S0063,ARM4,vomiting,N,safety_v3:RESOLVED
S0063,ARM4,decrease_in_appetite,N,safety_v3:RESOLVED
S0063,ARM4,urinary_tract_infection,N,safety_v3:RESOLVED
S0063,ARM4,hypoalbuminemia,N,safety_v3:RESOLVED
S0063,ARM4,hematuria,N,safety_v3:RESOLVED
S0063,ARM4,headache,N,safety_v3:RESOLVED
S0063,ARM4,dyspnea,N,safety_v3:RESOLVED
S0063,ARM4,sleeplessness,N,safety_v3:RESOLVED
S0063,ARM4,dizziness,N,safety_v3:RESOLVED
S0063,ARM4,hypertension_variable,N,safety_v3:RESOLVED
S0063,ARM4,back_pain,N,safety_v3:RESOLVED
S0063,ARM4,hyperkalemia,N,safety_v3:RESOLVED
S0063,ARM4,coughing,N,safety_v3:RESOLVED
S0063,ARM4,hypokalemia,N,safety_v3:RESOLVED
S0063,ARM4,leukopenia,N,safety_v3:RESOLVED
S0063,ARM4,anorexia,N,safety_v3:RESOLVED
S0063,ARM4,lipase_increased,N,safety_v3:RESOLVED
S0063,ARM4,hiccough,N,safety_v3:RESOLVED
S0063,ARM4,dysgeusia,N,safety_v3:RESOLVED
S0063,ARM4,urinary_tract_infection,Y,safety_v3:RESOLVED
S0063,ARM4,pneumonia,Y,safety_v3:RESOLVED
S0063,ARM4,sepsis,Y,safety_v3:RESOLVED
S0063,ARM4,hematuria,Y,safety_v3:RESOLVED
S0063,ARM4,decreased_platelet_count,Y,safety_v3:RESOLVED
S0064,ARM4,nausea,N,safety_v3:RESOLVED
S0064,ARM4,fatigue,N,safety_v3:RESOLVED
S0064,ARM4,anemia,N,safety_v3:RESOLVED
S0064,ARM4,alanine_aminotransferase_increased,N,safety_v3:RESOLVED
S0064,ARM4,fever,N,safety_v3:RESOLVED
S0064,ARM4,vomiting,N,safety_v3:RESOLVED
S0064,ARM4,urinary_tract_infection,N,safety_v3:RESOLVED
S0064,ARM4,hematuria,N,safety_v3:RESOLVED
S0064,ARM4,weight_loss,N,safety_v3:RESOLVED
S0064,ARM4,hypokalemia,N,safety_v3:RESOLVED
S0064,ARM4,hiccough,N,safety_v3:RESOLVED
S0064,ARM4,increased_frequency_of_micturition,N,safety_v3:RESOLVED
S0076,ARM4,nausea,N,safety_v3:RESOLVED
S0076,ARM4,hyperkalemia,N,safety_v3:RESOLVED
S0079,ARM4,anemia,N,safety_v3:RESOLVED
S0079,ARM4,hypoalbuminemia,N,safety_v3:RESOLVED
S0083,ARM4,nausea,N,safety_v3:RESOLVED
S0083,ARM4,fatigue,N,safety_v3:RESOLVED
S0083,ARM4,anemia,N,safety_v3:RESOLVED
S0083,ARM4,diarrhea,N,safety_v3:RESOLVED
S0083,ARM4,decreased_platelet_count,N,safety_v3:RESOLVED
S0083,ARM4,fever,N,safety_v3:RESOLVED
S0083,ARM4,urinary_tract_infection,N,safety_v3:RESOLVED
S0083,ARM4,hypoalbuminemia,N,safety_v3:RESOLVED
S0083,ARM4,hematuria,N,safety_v3:RESOLVED
S0083,ARM4,dizziness,N,safety_v3:RESOLVED
S0083,ARM4,back_pain,N,safety_v3:RESOLVED
S0083,ARM4,hiccough,N,safety_v3:RESOLVED
S0083,ARM4,paresthesia,N,safety_v3:RESOLVED
S0083,ARM4,increased_frequency_of_micturition,N,safety_v3:RESOLVED
S0083,ARM4,fever,Y,safety_v3:RESOLVED
S0083,ARM4,sepsis,Y,safety_v3:RESOLVED
S0086,ARM4,nausea,N,safety_v3:RESOLVED
S0086,ARM4,fatigue,N,safety_v3:RESOLVED
S0086,ARM4,anemia,N,safety_v3:RESOLVED
S0086,ARM4,fever,N,safety_v3:RESOLVED
S0086,ARM4,hypoalbuminemia,N,safety_v3:RESOLVED
S0086,ARM4,hematuria,N,safety_v3:RESOLVED
S0086,ARM4,hypertension_variable,N,safety_v3:RESOLVED
S0086,ARM4,anorexia,N,safety_v3:RESOLVED
S0086,ARM4,lipase_increased,N,safety_v3:RESOLVED
S0086,ARM4,hiccough,N,safety_v3:RESOLVED
S0086,ARM4,urinary_tract_infection,Y,safety_v3:RESOLVED
S0086,ARM4,decreased_platelet_count,Y,safety_v3:RESOLVED
S0090,ARM4,nausea,N,safety_v3:RESOLVED
S0090,ARM4,anemia,N,safety_v3:RESOLVED
S0090,ARM4,vomiting,N,safety_v3:RESOLVED
S0090,ARM4,hematuria,N,safety_v3:RESOLVED
S0090,ARM4,hypertension_variable,N,safety_v3:RESOLVED
S0090,ARM4,hyperkalemia,N,safety_v3:RESOLVED
S0090,ARM4,hiccough,N,safety_v3:RESOLVED
S0090,ARM4,dysgeusia,N,safety_v3:RESOLVED
S0090,ARM4,fever,Y,safety_v3:RESOLVED
S0090,ARM4,pneumonia,Y,safety_v3:RESOLVED
S0092,ARM4,nausea,N,safety_v3:RESOLVED
S0092,ARM4,fatigue,N,safety_v3:RESOLVED
S0092,ARM4,anemia,N,safety_v3:RESOLVED
S0092,ARM4,alanine_aminotransferase_increased,N,safety_v3:RESOLVED
S0092,ARM4,decreased_platelet_count,N,safety_v3:RESOLVED
S0092,ARM4,vomiting,N,safety_v3:RESOLVED
S0092,ARM4,decrease_in_appetite,N,safety_v3:RESOLVED
S0092,ARM4,urinary_tract_infection,N,safety_v3:RESOLVED
S0092,ARM4,hematuria,N,safety_v3:RESOLVED
S0092,ARM4,hypothyroidism,N,safety_v3:RESOLVED
S0092,ARM4,dyspnea,N,safety_v3:RESOLVED
S0092,ARM4,pruritus,N,safety_v3:RESOLVED
S0092,ARM4,sleeplessness,N,safety_v3:RESOLVED
S0092,ARM4,dizziness,N,safety_v3:RESOLVED
S0092,ARM4,hypertension_variable,N,safety_v3:RESOLVED
S0092,ARM4,hyperkalemia,N,safety_v3:RESOLVED
S0092,ARM4,anorexia,N,safety_v3:RESOLVED
S0092,ARM4,dysgeusia,N,safety_v3:RESOLVED
S0092,ARM4,increased_frequency_of_micturition,N,safety_v3:RESOLVED
S0092,ARM4,fever,Y,safety_v3:RESOLVED
S0092,ARM4,pneumonia,Y,safety_v3:RESOLVED
S0092,ARM4,sepsis,Y,safety_v3:RESOLVED
S0092,ARM4,hematuria,Y,safety_v3:RESOLVED
S0092,ARM4,alanine_aminotransferase_increased,Y,safety_v3:RESOLVED
S0092,ARM4,decreased_platelet_count,Y,safety_v3:RESOLVED
S0097,ARM4,nausea,N,safety_v3:RESOLVED
S0097,ARM4,fatigue,N,safety_v3:RESOLVED
S0097,ARM4,anemia,N,safety_v3:RESOLVED
S0097,ARM4,constipation,N,safety_v3:RESOLVED
S0097,ARM4,alanine_aminotransferase_increased,N,safety_v3:RESOLVED
S0097,ARM4,decreased_platelet_count,N,safety_v3:RESOLVED
S0097,ARM4,hematuria,N,safety_v3:RESOLVED
S0097,ARM4,dyspnea,N,safety_v3:RESOLVED
S0097,ARM4,hypertension_variable,N,safety_v3:RESOLVED
S0097,ARM4,anorexia,N,safety_v3:RESOLVED
S0097,ARM4,increased_frequency_of_micturition,N,safety_v3:RESOLVED
S0097,ARM4,sepsis,Y,safety_v3:RESOLVED
S0097,ARM4,decreased_platelet_count,Y,safety_v3:RESOLVED
S0101,ARM4,nausea,N,safety_v3:RESOLVED
S0101,ARM4,fatigue,N,safety_v3:RESOLVED
S0101,ARM4,anemia,N,safety_v3:RESOLVED
S0101,ARM4,constipation,N,safety_v3:RESOLVED
S0101,ARM4,alanine_aminotransferase_increased,N,safety_v3:RESOLVED
S0101,ARM4,decreased_platelet_count,N,safety_v3:RESOLVED
S0101,ARM4,fever,N,safety_v3:RESOLVED
S0101,ARM4,vomiting,N,safety_v3:RESOLVED
S0101,ARM4,decrease_in_appetite,N,safety_v3:RESOLVED
S0101,ARM4,aspartate_aminotransferase_increased,N,safety_v3:RESOLVED
S0101,ARM4,urinary_tract_infection,N,safety_v3:RESOLVED
S0101,ARM4,hyponatremia,N,safety_v3:RESOLVED
S0101,ARM4,hypomagnesemia,N,safety_v3:RESOLVED
S0101,ARM4,hypoalbuminemia,N,safety_v3:RESOLVED
S0101,ARM4,hematuria,N,safety_v3:RESOLVED
S0101,ARM4,hypothyroidism,N,safety_v3:RESOLVED
S0101,ARM4,headache,N,safety_v3:RESOLVED
S0101,ARM4,dyspnea,N,safety_v3:RESOLVED
S0101,ARM4,pruritus,N,safety_v3:RESOLVED
S0101,ARM4,sleeplessness,N,safety_v3:RESOLVED
S0101,ARM4,dizziness,N,safety_v3:RESOLVED
S0101,ARM4,hypertension_variable,N,safety_v3:RESOLVED
S0101,ARM4,asthenia,N,safety_v3:RESOLVED
S0101,ARM4,abdominal_pain,N,safety_v3:RESOLVED
S0101,ARM4,back_pain,N,safety_v3:RESOLVED
S0101,ARM4,rash_erythematous_macules_or_papules,N,safety_v3:RESOLVED
S0101,ARM4,hyperkalemia,N,safety_v3:RESOLVED
S0101,ARM4,coughing,N,safety_v3:RESOLVED
S0101,ARM4,blood_creatinine_increased,N,safety_v3:RESOLVED
S0101,ARM4,peripheral_edema,N,safety_v3:RESOLVED
S0101,ARM4,anorexia,N,safety_v3:RESOLVED
S0101,ARM4,hiccough,N,safety_v3:RESOLVED
S0101,ARM4,dysgeusia,N,safety_v3:RESOLVED
S0101,ARM4,paresthesia,N,safety_v3:RESOLVED
S0101,ARM4,proteinuria,N,safety_v3:RESOLVED
S0101,ARM4,increased_frequency_of_micturition,N,safety_v3:RESOLVED
S0101,ARM4,acute_kidney_injury,Y,safety_v3:RESOLVED
S0101,ARM4,fever,Y,safety_v3:RESOLVED
S0101,ARM4,pneumonia,Y,safety_v3:RESOLVED
S0101,ARM4,sepsis,Y,safety_v3:RESOLVED
S0101,ARM4,hematuria,Y,safety_v3:RESOLVED
S0101,ARM4,decreased_platelet_count,Y,safety_v3:RESOLVED
S0103,ARM4,nausea,N,safety_v3:RESOLVED
S0103,ARM4,fever,N,safety_v3:RESOLVED
S0103,ARM4,decrease_in_appetite,N,safety_v3:RESOLVED
S0103,ARM4,hematuria,N,safety_v3:RESOLVED
S0103,ARM4,hyperkalemia,N,safety_v3:RESOLVED
S0107,ARM4,anemia,N,safety_v3:RESOLVED
S0107,ARM4,urinary_tract_infection,N,safety_v3:RESOLVED
S0107,ARM4,hypoalbuminemia,N,safety_v3:RESOLVED
S0107,ARM4,hypertension_variable,N,safety_v3:RESOLVED
S0107,ARM4,increased_frequency_of_micturition,N,safety_v3:RESOLVED
S0113,ARM4,nausea,N,safety_v3:RESOLVED
S0113,ARM4,anemia,N,safety_v3:RESOLVED
S0113,ARM4,decrease_in_appetite,N,safety_v3:RESOLVED
S0113,ARM4,hematuria,N,safety_v3:RESOLVED
S0113,ARM4,pruritus,N,safety_v3:RESOLVED
S0113,ARM4,blood_creatinine_increased,N,safety_v3:RESOLVED
S0113,ARM4,increased_frequency_of_micturition,N,safety_v3:RESOLVED
S0116,ARM4,nausea,N,safety_v3:RESOLVED
S0116,ARM4,fatigue,N,safety_v3:RESOLVED
S0116,ARM4,anemia,N,safety_v3:RESOLVED
S0116,ARM4,alanine_aminotransferase_increased,N,safety_v3:RESOLVED
S0116,ARM4,decreased_platelet_count,N,safety_v3:RESOLVED
S0116,ARM4,fever,N,safety_v3:RESOLVED
S0116,ARM4,vomiting,N,safety_v3:RESOLVED
S0116,ARM4,decrease_in_appetite,N,safety_v3:RESOLVED
S0116,ARM4,aspartate_aminotransferase_increased,N,safety_v3:RESOLVED
S0116,ARM4,urinary_tract_infection,N,safety_v3:RESOLVED
S0116,ARM4,hyponatremia,N,safety_v3:RESOLVED
S0116,ARM4,hypoalbuminemia,N,safety_v3:RESOLVED
S0116,ARM4,hematuria,N,safety_v3:RESOLVED
S0116,ARM4,hypothyroidism,N,safety_v3:RESOLVED
S0116,ARM4,thrombocytopenia,N,safety_v3:RESOLVED
S0116,ARM4,sleeplessness,N,safety_v3:RESOLVED
S0116,ARM4,dizziness,N,safety_v3:RESOLVED
S0116,ARM4,hypertension_variable,N,safety_v3:RESOLVED
S0116,ARM4,abdominal_pain,N,safety_v3:RESOLVED
S0116,ARM4,back_pain,N,safety_v3:RESOLVED
S0116,ARM4,weight_loss,N,safety_v3:RESOLVED
S0116,ARM4,hyperkalemia,N,safety_v3:RESOLVED
S0116,ARM4,coughing,N,safety_v3:RESOLVED
S0116,ARM4,hypokalemia,N,safety_v3:RESOLVED
S0116,ARM4,peripheral_edema,N,safety_v3:RESOLVED
S0116,ARM4,anorexia,N,safety_v3:RESOLVED
S0116,ARM4,hiccough,N,safety_v3:RESOLVED
S0116,ARM4,dysgeusia,N,safety_v3:RESOLVED
S0116,ARM4,paresthesia,N,safety_v3:RESOLVED
S0116,ARM4,increased_frequency_of_micturition,N,safety_v3:RESOLVED
S0116,ARM4,sepsis,Y,safety_v3:RESOLVED
S0116,ARM4,alanine_aminotransferase_increased,Y,safety_v3:RESOLVED
S0116,ARM4,decreased_platelet_count,Y,safety_v3:RESOLVED
S0122,ARM4,nausea,N,safety_v3:RESOLVED
S0122,ARM4,anemia,N,safety_v3:RESOLVED
S0126,ARM4,nausea,N,safety_v3:RESOLVED
S0126,ARM4,anemia,N,safety_v3:RESOLVED
S0126,ARM4,alanine_aminotransferase_increased,N,safety_v3:RESOLVED
S0126,ARM4,decreased_platelet_count,N,safety_v3:RESOLVED
S0126,ARM4,fever,N,safety_v3:RESOLVED
S0126,ARM4,vomiting,N,safety_v3:RESOLVED
S0126,ARM4,decrease_in_appetite,N,safety_v3:RESOLVED
S0126,ARM4,hematuria,N,safety_v3:RESOLVED
S0126,ARM4,dyspnea,N,safety_v3:RESOLVED
S0126,ARM4,sleeplessness,N,safety_v3:RESOLVED
S0126,ARM4,dizziness,N,safety_v3:RESOLVED
S0126,ARM4,hypertension_variable,N,safety_v3:RESOLVED
S0126,ARM4,back_pain,N,safety_v3:RESOLVED
S0126,ARM4,weight_loss,N,safety_v3:RESOLVED
S0126,ARM4,anorexia,N,safety_v3:RESOLVED
S0126,ARM4,hiccough,N,safety_v3:RESOLVED
S0126,ARM4,dysgeusia,N,safety_v3:RESOLVED
S0126,ARM4,proteinuria,N,safety_v3:RESOLVED
S0126,ARM4,acute_kidney_injury,Y,safety_v3:RESOLVED
S0126,ARM4,fever,Y,safety_v3:RESOLVED
S0126,ARM4,sepsis,Y,safety_v3:RESOLVED
S0127,ARM4,anemia,N,safety_v3:RESOLVED
S0127,ARM4,anorexia,N,safety_v3:RESOLVED
S0130,ARM4,nausea,N,safety_v3:RESOLVED
S0130,ARM4,anemia,N,safety_v3:RESOLVED
S0130,ARM4,alanine_aminotransferase_increased,N,safety_v3:RESOLVED
S0130,ARM4,fever,N,safety_v3:RESOLVED
S0130,ARM4,decrease_in_appetite,N,safety_v3:RESOLVED
S0130,ARM4,urinary_tract_infection,N,safety_v3:RESOLVED
S0130,ARM4,hypoalbuminemia,N,safety_v3:RESOLVED
S0130,ARM4,hematuria,N,safety_v3:RESOLVED
S0130,ARM4,dyspnea,N,safety_v3:RESOLVED
S0130,ARM4,pruritus,N,safety_v3:RESOLVED
S0130,ARM4,hypertension_variable,N,safety_v3:RESOLVED
S0130,ARM4,weight_loss,N,safety_v3:RESOLVED
S0130,ARM4,hyperkalemia,N,safety_v3:RESOLVED
S0130,ARM4,coughing,N,safety_v3:RESOLVED
S0130,ARM4,hypokalemia,N,safety_v3:RESOLVED
S0130,ARM4,anorexia,N,safety_v3:RESOLVED
S0130,ARM4,hiccough,N,safety_v3:RESOLVED
S0130,ARM4,dysgeusia,N,safety_v3:RESOLVED
S0130,ARM4,acute_kidney_injury,Y,safety_v3:RESOLVED
S0130,ARM4,pneumonia,Y,safety_v3:RESOLVED
S0130,ARM4,decreased_platelet_count,Y,safety_v3:RESOLVED
S0131,ARM4,nausea,N,safety_v3:RESOLVED
S0131,ARM4,anemia,N,safety_v3:RESOLVED
S0131,ARM4,constipation,N,safety_v3:RESOLVED
S0131,ARM4,fever,N,safety_v3:RESOLVED
S0131,ARM4,decrease_in_appetite,N,safety_v3:RESOLVED
S0131,ARM4,hyponatremia,N,safety_v3:RESOLVED
S0131,ARM4,hypomagnesemia,N,safety_v3:RESOLVED
S0131,ARM4,dysgeusia,N,safety_v3:RESOLVED
S0131,ARM4,sepsis,Y,safety_v3:RESOLVED
S0131,ARM4,alanine_aminotransferase_increased,Y,safety_v3:RESOLVED
S0135,ARM4,anemia,N,safety_v3:RESOLVED
S0135,ARM4,hematuria,N,safety_v3:RESOLVED
S0135,ARM4,increased_frequency_of_micturition,N,safety_v3:RESOLVED
S0138,ARM4,anemia,N,safety_v3:RESOLVED
S0143,ARM4,nausea,N,safety_v3:RESOLVED
S0143,ARM4,anemia,N,safety_v3:RESOLVED
S0143,ARM4,decreased_platelet_count,N,safety_v3:RESOLVED
S0143,ARM4,decrease_in_appetite,N,safety_v3:RESOLVED
S0143,ARM4,urinary_tract_infection,N,safety_v3:RESOLVED
S0143,ARM4,dysgeusia,N,safety_v3:RESOLVED
S0146,ARM4,nausea,N,safety_v3:RESOLVED
S0146,ARM4,anemia,N,safety_v3:RESOLVED
S0146,ARM4,alanine_aminotransferase_increased,N,safety_v3:RESOLVED
S0146,ARM4,decrease_in_appetite,N,safety_v3:RESOLVED
S0146,ARM4,dyspnea,N,safety_v3:RESOLVED
S0146,ARM4,dizziness,N,safety_v3:RESOLVED
S0146,ARM4,hiccough,N,safety_v3:RESOLVED
S0146,ARM4,fever,Y,safety_v3:RESOLVED
S0146,ARM4,pneumonia,Y,safety_v3:RESOLVED
S0146,ARM4,alanine_aminotransferase_increased,Y,safety_v3:RESOLVED
S0147,ARM4,nausea,N,safety_v3:RESOLVED
S0147,ARM4,anemia,N,safety_v3:RESOLVED
S0147,ARM4,decrease_in_appetite,N,safety_v3:RESOLVED
S0147,ARM4,hematuria,N,safety_v3:RESOLVED
S0149,ARM4,anemia,N,safety_v3:RESOLVED
S0149,ARM4,alanine_aminotransferase_increased,N,safety_v3:RESOLVED
S0149,ARM4,fever,N,safety_v3:RESOLVED
S0149,ARM4,aspartate_aminotransferase_increased,N,safety_v3:RESOLVED
S0149,ARM4,hematuria,N,safety_v3:RESOLVED
S0149,ARM4,sleeplessness,N,safety_v3:RESOLVED
S0149,ARM4,fever,Y,safety_v3:RESOLVED
S0150,ARM4,nausea,N,safety_v3:RESOLVED
S0150,ARM4,hematuria,N,safety_v3:RESOLVED
S0150,ARM4,dizziness,N,safety_v3:RESOLVED
S0150,ARM4,hiccough,N,safety_v3:RESOLVED
S0150,ARM4,increased_frequency_of_micturition,N,safety_v3:RESOLVED
S0154,ARM4,nausea,N,safety_v3:RESOLVED
S0154,ARM4,fatigue,N,safety_v3:RESOLVED
S0154,ARM4,anemia,N,safety_v3:RESOLVED
S0154,ARM4,alanine_aminotransferase_increased,N,safety_v3:RESOLVED
S0154,ARM4,decreased_platelet_count,N,safety_v3:RESOLVED
S0154,ARM4,fever,N,safety_v3:RESOLVED
S0154,ARM4,decrease_in_appetite,N,safety_v3:RESOLVED
S0154,ARM4,aspartate_aminotransferase_increased,N,safety_v3:RESOLVED
S0154,ARM4,urinary_tract_infection,N,safety_v3:RESOLVED
S0154,ARM4,hyponatremia,N,safety_v3:RESOLVED
S0154,ARM4,hypomagnesemia,N,safety_v3:RESOLVED
S0154,ARM4,hypoalbuminemia,N,safety_v3:RESOLVED
S0154,ARM4,hypothyroidism,N,safety_v3:RESOLVED
S0154,ARM4,dyspnea,N,safety_v3:RESOLVED
S0154,ARM4,hypertension_variable,N,safety_v3:RESOLVED
S0154,ARM4,asthenia,N,safety_v3:RESOLVED
S0154,ARM4,weight_loss,N,safety_v3:RESOLVED
S0154,ARM4,rash_erythematous_macules_or_papules,N,safety_v3:RESOLVED
S0154,ARM4,hyperkalemia,N,safety_v3:RESOLVED
S0154,ARM4,coughing,N,safety_v3:RESOLVED
S0154,ARM4,hiccough,N,safety_v3:RESOLVED
S0154,ARM4,pneumonia,Y,safety_v3:RESOLVED
S0154,ARM4,hematuria,Y,safety_v3:RESOLVED
S0154,ARM4,decreased_platelet_count,Y,safety_v3:RESOLVED
S0158,ARM4,urinary_tract_infection,N,safety_v3:RESOLVED
S0158,ARM4,hypoalbuminemia,N,safety_v3:RESOLVED
S0161,ARM4,nausea,N,safety_v3:RESOLVED
S0161,ARM4,fatigue,N,safety_v3:RESOLVED
S0161,ARM4,anemia,N,safety_v3:RESOLVED
S0161,ARM4,constipation,N,safety_v3:RESOLVED
S0161,ARM4,diarrhea,N,safety_v3:RESOLVED
S0161,ARM4,alanine_aminotransferase_increased,N,safety_v3:RESOLVED
S0161,ARM4,decreased_platelet_count,N,safety_v3:RESOLVED
S0161,ARM4,fever,N,safety_v3:RESOLVED
S0161,ARM4,vomiting,N,safety_v3:RESOLVED
S0161,ARM4,decrease_in_appetite,N,safety_v3:RESOLVED
S0161,ARM4,urinary_tract_infection,N,safety_v3:RESOLVED
S0161,ARM4,hypoalbuminemia,N,safety_v3:RESOLVED
S0161,ARM4,hematuria,N,safety_v3:RESOLVED
S0161,ARM4,headache,N,safety_v3:RESOLVED
S0161,ARM4,hypertension_variable,N,safety_v3:RESOLVED
S0161,ARM4,hyperkalemia,N,safety_v3:RESOLVED
S0161,ARM4,peripheral_edema,N,safety_v3:RESOLVED
S0161,ARM4,anorexia,N,safety_v3:RESOLVED
S0161,ARM4,lipase_increased,N,safety_v3:RESOLVED
S0161,ARM4,hiccough,N,safety_v3:RESOLVED
S0161,ARM4,alanine_aminotransferase_increased,Y,safety_v3:RESOLVED
S0161,ARM4,decreased_platelet_count,Y,safety_v3:RESOLVED
S0165,ARM4,anemia,N,safety_v3:RESOLVED
S0166,ARM4,anemia,N,safety_v3:RESOLVED
S0166,ARM4,fever,N,safety_v3:RESOLVED
S0166,ARM4,urinary_tract_infection,N,safety_v3:RESOLVED
S0166,ARM4,hypoalbuminemia,N,safety_v3:RESOLVED
S0166,ARM4,hematuria,N,safety_v3:RESOLVED
S0166,ARM4,sleeplessness,N,safety_v3:RESOLVED
S0166,ARM4,asthenia,N,safety_v3:RESOLVED
S0166,ARM4,dysgeusia,N,safety_v3:RESOLVED
S0166,ARM4,paresthesia,N,safety_v3:RESOLVED
S0166,ARM4,increased_frequency_of_micturition,N,safety_v3:RESOLVED
S0166,ARM4,decreased_platelet_count,Y,safety_v3:RESOLVED
S0167,ARM4,nausea,N,safety_v3:RESOLVED
S0167,ARM4,fatigue,N,safety_v3:RESOLVED
S0167,ARM4,anemia,N,safety_v3:RESOLVED
S0167,ARM4,constipation,N,safety_v3:RESOLVED
S0167,ARM4,diarrhea,N,safety_v3:RESOLVED
S0167,ARM4,alanine_aminotransferase_increased,N,safety_v3:RESOLVED
S0167,ARM4,decreased_platelet_count,N,safety_v3:RESOLVED
S0167,ARM4,fever,N,safety_v3:RESOLVED
S0167,ARM4,vomiting,N,safety_v3:RESOLVED
S0167,ARM4,decrease_in_appetite,N,safety_v3:RESOLVED
S0167,ARM4,aspartate_aminotransferase_increased,N,safety_v3:RESOLVED
S0167,ARM4,urinary_tract_infection,N,safety_v3:RESOLVED
S0167,ARM4,hypomagnesemia,N,safety_v3:RESOLVED
S0167,ARM4,hypoalbuminemia,N,safety_v3:RESOLVED
S0167,ARM4,hematuria,N,safety_v3:RESOLVED
S0167,ARM4,hypothyroidism,N,safety_v3:RESOLVED
S0167,ARM4,dyspnea,N,safety_v3:RESOLVED
S0167,ARM4,pruritus,N,safety_v3:RESOLVED
S0167,ARM4,sleeplessness,N,safety_v3:RESOLVED
S0167,ARM4,hypertension_variable,N,safety_v3:RESOLVED
S0167,ARM4,abdominal_pain,N,safety_v3:RESOLVED
S0167,ARM4,back_pain,N,safety_v3:RESOLVED
S0167,ARM4,weight_loss,N,safety_v3:RESOLVED
S0167,ARM4,rash_erythematous_macules_or_papules,N,safety_v3:RESOLVED
S0167,ARM4,hyperkalemia,N,safety_v3:RESOLVED
S0167,ARM4,coughing,N,safety_v3:RESOLVED
S0167,ARM4,blood_creatinine_increased,N,safety_v3:RESOLVED
S0167,ARM4,hypokalemia,N,safety_v3:RESOLVED
S0167,ARM4,leukopenia,N,safety_v3:RESOLVED
S0167,ARM4,anorexia,N,safety_v3:RESOLVED
S0167,ARM4,hiccough,N,safety_v3:RESOLVED
S0167,ARM4,dysgeusia,N,safety_v3:RESOLVED
S0167,ARM4,increased_frequency_of_micturition,N,safety_v3:RESOLVED
S0167,ARM4,acute_kidney_injury,Y,safety_v3:RESOLVED
S0167,ARM4,fever,Y,safety_v3:RESOLVED
S0167,ARM4,pneumonia,Y,safety_v3:RESOLVED
S0167,ARM4,sepsis,Y,safety_v3:RESOLVED
S0167,ARM4,alanine_aminotransferase_increased,Y,safety_v3:RESOLVED
S0167,ARM4,decreased_platelet_count,Y,safety_v3:RESOLVED
S0169,ARM4,nausea,N,safety_v3:RESOLVED
S0169,ARM4,fatigue,N,safety_v3:RESOLVED
S0169,ARM4,anemia,N,safety_v3:RESOLVED
S0169,ARM4,constipation,N,safety_v3:RESOLVED
S0169,ARM4,alanine_aminotransferase_increased,N,safety_v3:RESOLVED
S0169,ARM4,fever,N,safety_v3:RESOLVED
S0169,ARM4,decrease_in_appetite,N,safety_v3:RESOLVED
S0169,ARM4,urinary_tract_infection,N,safety_v3:RESOLVED
S0169,ARM4,hyponatremia,N,safety_v3:RESOLVED
S0169,ARM4,hypoalbuminemia,N,safety_v3:RESOLVED
S0169,ARM4,hematuria,N,safety_v3:RESOLVED
S0169,ARM4,pruritus,N,safety_v3:RESOLVED
S0169,ARM4,hypertension_variable,N,safety_v3:RESOLVED
S0169,ARM4,asthenia,N,safety_v3:RESOLVED
S0169,ARM4,weight_loss,N,safety_v3:RESOLVED
S0169,ARM4,peripheral_edema,N,safety_v3:RESOLVED
S0169,ARM4,hiccough,N,safety_v3:RESOLVED
S0169,ARM4,dysgeusia,N,safety_v3:RESOLVED
S0169,ARM4,paresthesia,N,safety_v3:RESOLVED
S0169,ARM4,increased_frequency_of_micturition,N,safety_v3:RESOLVED
S0169,ARM4,fever,Y,safety_v3:RESOLVED
S0169,ARM4,pneumonia,Y,safety_v3:RESOLVED
S0169,ARM4,sepsis,Y,safety_v3:RESOLVED
S0169,ARM4,decreased_platelet_count,Y,safety_v3:RESOLVED
S0174,ARM4,nausea,N,safety_v3:RESOLVED
S0174,ARM4,anemia,N,safety_v3:RESOLVED
S0174,ARM4,hematuria,N,safety_v3:RESOLVED
S0174,ARM4,hiccough,N,safety_v3:RESOLVED
S0180,ARM4,nausea,N,safety_v3:RESOLVED
S0180,ARM4,anemia,N,safety_v3:RESOLVED
S0180,ARM4,decrease_in_appetite,N,safety_v3:RESOLVED
S0180,ARM4,hypoalbuminemia,N,safety_v3:RESOLVED
S0180,ARM4,hyperkalemia,N,safety_v3:RESOLVED
S0180,ARM4,coughing,N,safety_v3:RESOLVED
S0180,ARM4,hypokalemia,N,safety_v3:RESOLVED
S0187,ARM4,nausea,N,safety_v3:RESOLVED
S0187,ARM4,fatigue,N,safety_v3:RESOLVED
S0187,ARM4,anemia,N,safety_v3:RESOLVED
S0187,ARM4,alanine_aminotransferase_increased,N,safety_v3:RESOLVED
S0187,ARM4,decrease_in_appetite,N,safety_v3:RESOLVED
S0187,ARM4,urinary_tract_infection,N,safety_v3:RESOLVED
S0187,ARM4,hypoalbuminemia,N,safety_v3:RESOLVED
S0187,ARM4,hematuria,N,safety_v3:RESOLVED
S0187,ARM4,hypertension_variable,N,safety_v3:RESOLVED
S0187,ARM4,hyperkalemia,N,safety_v3:RESOLVED
S0187,ARM4,hypokalemia,N,safety_v3:RESOLVED
S0187,ARM4,anorexia,N,safety_v3:RESOLVED
S0187,ARM4,dysgeusia,N,safety_v3:RESOLVED
S0187,ARM4,increased_frequency_of_micturition,N,safety_v3:RESOLVED
S0187,ARM4,acute_kidney_injury,Y,safety_v3:RESOLVED
S0187,ARM4,fever,Y,safety_v3:RESOLVED
S0187,ARM4,sepsis,Y,safety_v3:RESOLVED
S0187,ARM4,alanine_aminotransferase_increased,Y,safety_v3:RESOLVED
S0187,ARM4,decreased_platelet_count,Y,safety_v3:RESOLVED
S0188,ARM4,anemia,N,safety_v3:RESOLVED
S0188,ARM4,hematuria,N,safety_v3:RESOLVED
S0189,ARM4,fatigue,N,safety_v3:RESOLVED
S0189,ARM4,anemia,N,safety_v3:RESOLVED
S0189,ARM4,decreased_platelet_count,N,safety_v3:RESOLVED
S0189,ARM4,fever,N,safety_v3:RESOLVED
S0189,ARM4,decrease_in_appetite,N,safety_v3:RESOLVED
S0189,ARM4,hyponatremia,N,safety_v3:RESOLVED
S0189,ARM4,hematuria,N,safety_v3:RESOLVED
S0189,ARM4,pruritus,N,safety_v3:RESOLVED
S0189,ARM4,dizziness,N,safety_v3:RESOLVED
S0189,ARM4,hypertension_variable,N,safety_v3:RESOLVED
S0203,ARM4,nausea,N,safety_v3:RESOLVED
S0203,ARM4,fatigue,N,safety_v3:RESOLVED
S0203,ARM4,anemia,N,safety_v3:RESOLVED
S0203,ARM4,fever,N,safety_v3:RESOLVED
S0203,ARM4,vomiting,N,safety_v3:RESOLVED
S0203,ARM4,hematuria,N,safety_v3:RESOLVED
S0203,ARM4,pruritus,N,safety_v3:RESOLVED
S0203,ARM4,hypertension_variable,N,safety_v3:RESOLVED
S0203,ARM4,hyperkalemia,N,safety_v3:RESOLVED
S0203,ARM4,anorexia,N,safety_v3:RESOLVED
S0203,ARM4,hiccough,N,safety_v3:RESOLVED
S0203,ARM4,sepsis,Y,safety_v3:RESOLVED
S0203,ARM4,decreased_platelet_count,Y,safety_v3:RESOLVED
S0207,ARM4,nausea,N,safety_v3:RESOLVED
S0207,ARM4,anemia,N,safety_v3:RESOLVED
S0207,ARM4,constipation,N,safety_v3:RESOLVED
S0207,ARM4,hematuria,N,safety_v3:RESOLVED
S0207,ARM4,weight_loss,N,safety_v3:RESOLVED
S0207,ARM4,coughing,N,safety_v3:RESOLVED
S0207,ARM4,anorexia,N,safety_v3:RESOLVED
S0207,ARM4,hiccough,N,safety_v3:RESOLVED
S0207,ARM4,dysgeusia,N,safety_v3:RESOLVED
S0226,ARM4,nausea,N,safety_v3:RESOLVED
S0226,ARM4,anemia,N,safety_v3:RESOLVED
S0226,ARM4,decrease_in_appetite,N,safety_v3:RESOLVED
S0226,ARM4,urinary_tract_infection,N,safety_v3:RESOLVED
S0226,ARM4,hematuria,N,safety_v3:RESOLVED
S0226,ARM4,anorexia,N,safety_v3:RESOLVED
S0226,ARM4,dysgeusia,N,safety_v3:RESOLVED
S0226,ARM4,increased_frequency_of_micturition,N,safety_v3:RESOLVED
S0229,ARM4,nausea,N,safety_v3:RESOLVED
S0229,ARM4,anemia,N,safety_v3:RESOLVED
S0229,ARM4,hypertension_variable,N,safety_v3:RESOLVED
S0229,ARM4,hyperkalemia,N,safety_v3:RESOLVED
S0229,ARM4,increased_frequency_of_micturition,N,safety_v3:RESOLVED
S0232,ARM4,nausea,N,safety_v3:RESOLVED
S0232,ARM4,hematuria,N,safety_v3:RESOLVED
S0238,ARM4,anemia,N,safety_v3:RESOLVED
S0240,ARM4,anemia,N,safety_v3:RESOLVED
S0240,ARM4,hypoalbuminemia,N,safety_v3:RESOLVED
S0240,ARM4,dyspnea,N,safety_v3:RESOLVED
S0240,ARM4,hiccough,N,safety_v3:RESOLVED
S0240,ARM4,increased_frequency_of_micturition,N,safety_v3:RESOLVED
S0252,ARM4,anemia,N,safety_v3:RESOLVED
S0252,ARM4,decrease_in_appetite,N,safety_v3:RESOLVED
S0252,ARM4,urinary_tract_infection,N,safety_v3:RESOLVED
S0252,ARM4,hypoalbuminemia,N,safety_v3:RESOLVED
S0252,ARM4,hiccough,N,safety_v3:RESOLVED
S0252,ARM4,alanine_aminotransferase_increased,Y,safety_v3:RESOLVED
S0253,ARM4,nausea,N,safety_v3:RESOLVED
S0253,ARM4,anemia,N,safety_v3:RESOLVED
S0253,ARM4,decreased_platelet_count,N,safety_v3:RESOLVED
S0253,ARM4,vomiting,N,safety_v3:RESOLVED
S0253,ARM4,decrease_in_appetite,N,safety_v3:RESOLVED
S0253,ARM4,hematuria,N,safety_v3:RESOLVED
S0253,ARM4,anorexia,N,safety_v3:RESOLVED
S0253,ARM4,hiccough,N,safety_v3:RESOLVED
S0253,ARM4,dysgeusia,N,safety_v3:RESOLVED
S0264,ARM4,nausea,N,safety_v3:RESOLVED
S0264,ARM4,anemia,N,safety_v3:RESOLVED
S0264,ARM4,decreased_platelet_count,N,safety_v3:RESOLVED
S0264,ARM4,fever,N,safety_v3:RESOLVED
S0264,ARM4,vomiting,N,safety_v3:RESOLVED
S0264,ARM4,urinary_tract_infection,N,safety_v3:RESOLVED
S0264,ARM4,hypomagnesemia,N,safety_v3:RESOLVED
S0264,ARM4,dizziness,N,safety_v3:RESOLVED
S0264,ARM4,hypertension_variable,N,safety_v3:RESOLVED
S0264,ARM4,back_pain,N,safety_v3:RESOLVED
S0264,ARM4,hyperkalemia,N,safety_v3:RESOLVED
S0264,ARM4,blood_creatinine_increased,N,safety_v3:RESOLVED
S0264,ARM4,hypokalemia,N,safety_v3:RESOLVED
S0264,ARM4,anorexia,N,safety_v3:RESOLVED
S0264,ARM4,hiccough,N,safety_v3:RESOLVED
S0264,ARM4,dysgeusia,N,safety_v3:RESOLVED
S0264,ARM4,increased_frequency_of_micturition,N,safety_v3:RESOLVED
S0264,ARM4,urinary_tract_infection,Y,safety_v3:RESOLVED
S0264,ARM4,fever,Y,safety_v3:RESOLVED
S0267,ARM4,nausea,N,safety_v3:RESOLVED
S0267,ARM4,anemia,N,safety_v3:RESOLVED
S0267,ARM4,alanine_aminotransferase_increased,N,safety_v3:RESOLVED
S0267,ARM4,fever,N,safety_v3:RESOLVED
S0267,ARM4,decrease_in_appetite,N,safety_v3:RESOLVED
S0267,ARM4,hematuria,N,safety_v3:RESOLVED
S0271,ARM4,nausea,N,safety_v3:RESOLVED
S0271,ARM4,anemia,N,safety_v3:RESOLVED
S0278,ARM4,anemia,N,safety_v3:RESOLVED
S0291,ARM4,nausea,N,safety_v3:RESOLVED
S0291,ARM4,anemia,N,safety_v3:RESOLVED
S0291,ARM4,fever,N,safety_v3:RESOLVED
S0291,ARM4,hypoalbuminemia,N,safety_v3:RESOLVED
S0291,ARM4,hematuria,N,safety_v3:RESOLVED
S0291,ARM4,sleeplessness,N,safety_v3:RESOLVED
S0291,ARM4,hyperkalemia,N,safety_v3:RESOLVED
S0291,ARM4,coughing,N,safety_v3:RESOLVED
S0291,ARM4,peripheral_edema,N,safety_v3:RESOLVED
S0291,ARM4,pneumonia,Y,safety_v3:RESOLVED
S0291,ARM4,sepsis,Y,safety_v3:RESOLVED
S0291,ARM4,decreased_platelet_count,Y,safety_v3:RESOLVED
S0316,ARM4,anemia,N,safety_v3:RESOLVED
S0317,ARM4,nausea,N,safety_v3:RESOLVED
S0317,ARM4,anemia,N,safety_v3:RESOLVED
S0317,ARM4,alanine_aminotransferase_increased,N,safety_v3:RESOLVED
S0317,ARM4,decreased_platelet_count,N,safety_v3:RESOLVED
S0317,ARM4,fever,N,safety_v3:RESOLVED
S0317,ARM4,decrease_in_appetite,N,safety_v3:RESOLVED
S0317,ARM4,hematuria,N,safety_v3:RESOLVED
S0317,ARM4,hypertension_variable,N,safety_v3:RESOLVED
S0317,ARM4,hypokalemia,N,safety_v3:RESOLVED
S0317,ARM4,increased_frequency_of_micturition,N,safety_v3:RESOLVED
S0330,ARM4,anemia,N,safety_v3:RESOLVED
S0330,ARM4,urinary_tract_infection,N,safety_v3:RESOLVED
S0332,ARM4,anemia,N,safety_v3:RESOLVED
S0332,ARM4,hypoalbuminemia,N,safety_v3:RESOLVED
S0332,ARM4,hypertension_variable,N,safety_v3:RESOLVED
S0332,ARM4,hyperkalemia,N,safety_v3:RESOLVED
S0339,ARM4,urinary_tract_infection,N,safety_v3:RESOLVED
S0339,ARM4,hiccough,N,safety_v3:RESOLVED
S0347,ARM4,anemia,N,safety_v3:RESOLVED
S0347,ARM4,decrease_in_appetite,N,safety_v3:RESOLVED
S0349,ARM4,nausea,N,safety_v3:RESOLVED
S0349,ARM4,anemia,N,safety_v3:RESOLVED
S0349,ARM4,hypomagnesemia,N,safety_v3:RESOLVED
S0349,ARM4,hematuria,N,safety_v3:RESOLVED
S0349,ARM4,hyperkalemia,N,safety_v3:RESOLVED
S0349,ARM4,hiccough,N,safety_v3:RESOLVED
S0351,ARM4,nausea,N,safety_v3:RESOLVED
S0351,ARM4,fatigue,N,safety_v3:RESOLVED
S0351,ARM4,anemia,N,safety_v3:RESOLVED
S0351,ARM4,fever,N,safety_v3:RESOLVED
S0351,ARM4,vomiting,N,safety_v3:RESOLVED
S0351,ARM4,decrease_in_appetite,N,safety_v3:RESOLVED
S0351,ARM4,urinary_tract_infection,N,safety_v3:RESOLVED
S0351,ARM4,hyponatremia,N,safety_v3:RESOLVED
S0351,ARM4,hypoalbuminemia,N,safety_v3:RESOLVED
S0351,ARM4,hematuria,N,safety_v3:RESOLVED
S0351,ARM4,pruritus,N,safety_v3:RESOLVED
S0351,ARM4,sleeplessness,N,safety_v3:RESOLVED
S0351,ARM4,dizziness,N,safety_v3:RESOLVED
S0351,ARM4,hypertension_variable,N,safety_v3:RESOLVED
S0351,ARM4,asthenia,N,safety_v3:RESOLVED
S0351,ARM4,abdominal_pain,N,safety_v3:RESOLVED
S0351,ARM4,hyperkalemia,N,safety_v3:RESOLVED
S0351,ARM4,coughing,N,safety_v3:RESOLVED
S0351,ARM4,anorexia,N,safety_v3:RESOLVED
S0351,ARM4,hiccough,N,safety_v3:RESOLVED
S0351,ARM4,paresthesia,N,safety_v3:RESOLVED
S0351,ARM4,increased_frequency_of_micturition,N,safety_v3:RESOLVED
S0351,ARM4,urinary_tract_infection,Y,safety_v3:RESOLVED
S0351,ARM4,fever,Y,safety_v3:RESOLVED
S0351,ARM4,sepsis,Y,safety_v3:RESOLVED
S0351,ARM4,alanine_aminotransferase_increased,Y,safety_v3:RESOLVED
S0351,ARM4,decreased_platelet_count,Y,safety_v3:RESOLVED
S0358,ARM4,anemia,N,safety_v3:RESOLVED
S0358,ARM4,fever,N,safety_v3:RESOLVED
S0358,ARM4,urinary_tract_infection,N,safety_v3:RESOLVED
S0358,ARM4,hematuria,N,safety_v3:RESOLVED
S0358,ARM4,hiccough,N,safety_v3:RESOLVED
S0358,ARM4,increased_frequency_of_micturition,N,safety_v3:RESOLVED
S0358,ARM4,sepsis,Y,safety_v3:RESOLVED
S0358,ARM4,decreased_platelet_count,Y,safety_v3:RESOLVED
S0362,ARM4,nausea,N,safety_v3:RESOLVED
S0362,ARM4,anemia,N,safety_v3:RESOLVED
S0362,ARM4,hypoalbuminemia,N,safety_v3:RESOLVED
S0362,ARM4,hypertension_variable,N,safety_v3:RESOLVED
S0362,ARM4,hyperkalemia,N,safety_v3:RESOLVED
S0364,ARM4,nausea,N,safety_v3:RESOLVED
S0364,ARM4,anemia,N,safety_v3:RESOLVED
S0364,ARM4,alanine_aminotransferase_increased,N,safety_v3:RESOLVED
S0364,ARM4,fever,N,safety_v3:RESOLVED
S0364,ARM4,decrease_in_appetite,N,safety_v3:RESOLVED
S0364,ARM4,hematuria,N,safety_v3:RESOLVED
S0364,ARM4,sleeplessness,N,safety_v3:RESOLVED
S0364,ARM4,increased_frequency_of_micturition,N,safety_v3:RESOLVED
S0364,ARM4,fever,Y,safety_v3:RESOLVED
S0366,ARM4,nausea,N,safety_v3:RESOLVED
S0366,ARM4,anemia,N,safety_v3:RESOLVED
S0366,ARM4,decrease_in_appetite,N,safety_v3:RESOLVED
S0366,ARM4,hematuria,N,safety_v3:RESOLVED
S0366,ARM4,dizziness,N,safety_v3:RESOLVED
S0366,ARM4,anorexia,N,safety_v3:RESOLVED
S0366,ARM4,lipase_increased,N,safety_v3:RESOLVED
S0366,ARM4,acute_kidney_injury,Y,safety_v3:RESOLVED
S0366,ARM4,pneumonia,Y,safety_v3:RESOLVED
S0366,ARM4,sepsis,Y,safety_v3:RESOLVED
S0369,ARM4,nausea,N,safety_v3:RESOLVED
S0369,ARM4,fatigue,N,safety_v3:RESOLVED
S0369,ARM4,anemia,N,safety_v3:RESOLVED
